"","Andrena_carlini","Andrena_miserabilis","Osmia_atriventris","Osmia_bucephala","Osmia_lignaria","Osmia_pumila","Andrena_violae","latitude"
"100001",2.92950219719513e-05,5.81360449628713e-05,0.00225965314152204,0.00104501219743974,2.81335307108455e-05,0.00114883859977449,0.000474102416616491,25.316
"100002",2.92950219719513e-05,5.81360449628713e-05,0.00225965314152204,0.00104501219743974,2.81335307108455e-05,0.00114883859977449,0.000474102416616491,25.329
"100003",2.92950219719513e-05,5.81360449628713e-05,0.00225965314152204,0.00104501219743974,2.81335307108455e-05,0.00114883859977449,0.000474102416616491,25.637
"100004",2.92950219719513e-05,5.81360449628713e-05,0.00225965314152204,0.00104501219743974,2.81335307108455e-05,0.00114883859977449,0.000474102416616491,25.637
"100005",2.92950219719513e-05,5.81360449628713e-05,0.00225965314152204,0.00104501219743974,2.81335307108455e-05,0.00114883859977449,0.000474102416616491,25.669
"100006",2.92950219719513e-05,5.81360449628713e-05,0.00225965314152204,0.00104501219743974,2.81335307108455e-05,0.00114883859977449,0.000474102416616491,25.963
"100007",2.92950219719513e-05,5.81360449628713e-05,0.00225965314152204,0.00104501219743974,2.81335307108455e-05,0.00114883859977449,0.000474102416616491,25.961
"100008",2.92950219719513e-05,5.81360449628713e-05,0.00225965314152204,0.00104501219743974,2.81335307108455e-05,0.00114883859977449,0.000474102416616491,25.961
"100009",2.92950219719513e-05,5.81360449628713e-05,0.00225965314152204,0.00104501219743974,2.81335307108455e-05,0.00114883859977449,0.000474102416616491,25.962
"100010",2.92950219719513e-05,5.81360449628713e-05,0.00225965314152204,0.00104501219743974,2.81335307108455e-05,0.00114883859977449,0.000474102416616491,26.291
"100011",2.92950219719513e-05,5.81360449628713e-05,0.00225965314152204,0.00104501219743974,2.81335307108455e-05,0.00114883859977449,0.000474102416616491,26.283
"100012",2.92950219719513e-05,5.81360449628713e-05,0.00225965314152204,0.00104501219743974,2.81335307108455e-05,0.00114883859977449,0.000474102416616491,26.283
"100013",2.92950219719513e-05,5.81360449628713e-05,0.00225965314152204,0.00104501219743974,2.81335307108455e-05,0.00114883859977449,0.000474102416616491,26.283
"100014",2.92950219719513e-05,5.81360449628713e-05,0.00225965314152204,0.00104501219743974,2.81335307108455e-05,0.00114883859977449,0.000474102416616491,26.284
"100015",2.92950219719513e-05,5.81360449628713e-05,0.00225965314152204,0.00104501219743974,2.81335307108455e-05,0.00114883859977449,0.000474102416616491,26.611
"100016",2.92950219719513e-05,5.81360449628713e-05,0.00225965314152204,0.00104501219743974,2.81335307108455e-05,0.00114883859977449,0.000474102416616491,26.605
"100017",2.92950219719513e-05,5.81360449628713e-05,0.00225965314152204,0.00104501219743974,2.81335307108455e-05,0.00114883859977449,0.000474102416616491,26.605
"100018",2.92950219719513e-05,5.81360449628713e-05,0.00225965314152204,0.00104501219743974,2.81335307108455e-05,0.00114883859977449,0.000474102416616491,26.605
"100019",2.92950219719513e-05,5.81360449628713e-05,0.00225965314152204,0.00104501219743974,2.81335307108455e-05,0.00114883859977449,0.000474102416616491,26.605
"100020",2.92950219719513e-05,5.81360449628713e-05,0.00225965314152204,0.00104501219743974,2.81335307108455e-05,0.00114883859977449,0.000474102416616491,26.605
"100021",2.92950219719513e-05,5.81360449628713e-05,0.00225965314152204,0.00104501219743974,2.81335307108455e-05,0.00114883859977449,0.000474102416616491,26.938
"100022",2.92950219719513e-05,5.81360449628713e-05,0.00225965314152204,0.00104501219743974,2.81335307108455e-05,0.00114883859977449,0.000474102416616491,26.926
"100023",2.92950219719513e-05,5.81360449628713e-05,0.00225965314152204,0.00104501219743974,2.81335307108455e-05,0.00114883859977449,0.000474102416616491,26.926
"100024",2.92950219719513e-05,5.81360449628713e-05,0.00225965314152204,0.00104501219743974,2.81335307108455e-05,0.00114883859977449,0.000474102416616491,26.926
"100025",2.92950219719513e-05,5.81360449628713e-05,0.00225965314152204,0.00104501219743974,2.81335307108455e-05,0.00114883859977449,0.000474102416616491,26.926
"100026",2.92950219719513e-05,5.81360449628713e-05,0.00225965314152204,0.00104501219743974,2.81335307108455e-05,0.00114883859977449,0.000474102416616491,26.924
"100027",2.92950219719513e-05,5.81360449628713e-05,0.00225965314152204,0.00104501219743974,2.81335307108455e-05,0.00114883859977449,0.000474102416616491,27.262
"100028",2.92950219719513e-05,5.81360449628713e-05,0.00225965314152204,0.00104501219743974,2.81335307108455e-05,0.00114883859977449,0.000474102416616491,27.246
"100029",2.92950219719513e-05,5.81360449628713e-05,0.00225965314152204,0.00104501219743974,2.81335307108455e-05,0.00114883859977449,0.000474102416616491,27.246
"100030",2.92950219719513e-05,5.81360449628713e-05,0.00225965314152204,0.00104501219743974,2.81335307108455e-05,0.00114883859977449,0.000474102416616491,27.246
"100031",2.92950219719513e-05,5.81360449628713e-05,0.00225965314152204,0.00104501219743974,2.81335307108455e-05,0.00114883859977449,0.000474102416616491,27.246
"100032",2.92950219719513e-05,5.81360449628713e-05,0.00225965314152204,0.00104501219743974,2.81335307108455e-05,0.00114883859977449,0.000474102416616491,27.246
"100033",2.92950219719513e-05,5.81360449628713e-05,0.00225965314152204,0.00104501219743974,2.81335307108455e-05,0.00114883859977449,0.000474102416616491,27.231
"100034",2.92950219719513e-05,5.81360449628713e-05,0.00225965314152204,0.00104501219743974,2.81335307108455e-05,0.00114883859977449,0.000474102416616491,27.556
"100035",2.92950219719513e-05,5.81360449628713e-05,0.00225965314152204,0.00104501219743974,2.81335307108455e-05,0.00114883859977449,0.000474102416616491,27.565
"100036",2.92950219719513e-05,5.81360449628713e-05,0.00225965314152204,0.00104501219743974,2.81335307108455e-05,0.00114883859977449,0.000474102416616491,27.565
"100037",2.92950219719513e-05,5.81360449628713e-05,0.00225965314152204,0.00104501219743974,2.81335307108455e-05,0.00114883859977449,0.000474102416616491,27.565
"100038",2.92950219719513e-05,5.81360449628713e-05,0.00225965314152204,0.00104501219743974,2.81335307108455e-05,0.00114883859977449,0.000474102416616491,27.565
"100039",2.92950219719513e-05,5.81360449628713e-05,0.00225965314152204,0.00104501219743974,2.81335307108455e-05,0.00114883859977449,0.000474102416616491,27.565
"100040",2.92950219719513e-05,5.81360449628713e-05,0.00225965314152204,0.00104501219743974,2.81335307108455e-05,0.00114883859977449,0.000474102416616491,27.903
"100041",2.92950219719513e-05,5.81360449628713e-05,0.00225965314152204,0.00104501219743974,2.81335307108455e-05,0.00114883859977449,0.000474102416616491,27.883
"100042",2.92950219719513e-05,5.81360449628713e-05,0.00225965314152204,0.00104501219743974,2.81335307108455e-05,0.00114883859977449,0.000474102416616491,27.883
"100043",2.92950219719513e-05,5.81360449628713e-05,0.00225965314152204,0.00104501219743974,2.81335307108455e-05,0.00114883859977449,0.000474102416616491,27.883
"100044",2.92950219719513e-05,5.81360449628713e-05,0.00225965314152204,0.00104501219743974,2.81335307108455e-05,0.00114883859977449,0.000474102416616491,27.883
"100045",2.92950219719513e-05,5.81360449628713e-05,0.00225965314152204,0.00104501219743974,2.81335307108455e-05,0.00114883859977449,0.000474102416616491,27.875
"100046",2.92950219719513e-05,5.81360449628713e-05,0.00225965314152204,0.00104501219743974,2.81335307108455e-05,0.00114883859977449,0.000474102416616491,28.2
"100047",2.92950219719513e-05,5.81360449628713e-05,0.00225965314152204,0.00104501219743974,2.81335307108455e-05,0.00114883859977449,0.000474102416616491,28.2
"100048",2.92950219719513e-05,5.81360449628713e-05,0.00225965314152204,0.00104501219743974,2.81335307108455e-05,0.00114883859977449,0.000474102416616491,28.2
"100049",2.92950219719513e-05,5.81360449628713e-05,0.00225965314152204,0.00104501219743974,2.81335307108455e-05,0.00114883859977449,0.000474102416616491,28.2
"100050",2.92950219719513e-05,5.81360449628713e-05,0.00225965314152204,0.00104501219743974,2.81335307108455e-05,0.00114883859977449,0.000474102416616491,28.2
"100051",2.92950219719513e-05,5.81360449628713e-05,0.00225965314152204,0.00104501219743974,2.81335307108455e-05,0.00114883859977449,0.000474102416616491,28.193
"100052",2.92950219719513e-05,5.81360449628713e-05,0.00225965314152204,0.00104501219743974,2.81335307108455e-05,0.00114883859977449,0.000474102416616491,28.516
"100053",2.92950219719513e-05,5.81360449628713e-05,0.00225965314152204,0.00104501219743974,2.81335307108455e-05,0.00114883859977449,0.000474102416616491,28.516
"100054",2.92950219719513e-05,5.81360449628713e-05,0.00225965314152204,0.00104501219743974,2.81335307108455e-05,0.00114883859977449,0.000474102416616491,28.516
"100055",2.92950219719513e-05,5.81360449628713e-05,0.00225965314152204,0.00104501219743974,2.81335307108455e-05,0.00114883859977449,0.000474102416616491,28.516
"100056",2.92950219719513e-05,5.81360449628713e-05,0.00225965314152204,0.00104501219743974,2.81335307108455e-05,0.00114883859977449,0.000474102416616491,28.516
"100057",2.92950219719513e-05,5.81360449628713e-05,0.00225965314152204,0.00104501219743974,2.81335307108455e-05,0.00114883859977449,0.000474102416616491,28.511
"100058",2.92950219719513e-05,5.81360449628713e-05,0.00225965314152204,0.00104501219743974,2.81335307108455e-05,0.00114883859977449,0.000474102416616491,28.831
"100059",2.92950219719513e-05,5.81360449628713e-05,0.00225965314152204,0.00104501219743974,2.81335307108455e-05,0.00114883859977449,0.000474102416616491,28.831
"100060",2.92950219719513e-05,5.81360449628713e-05,0.00225965314152204,0.00104501219743974,2.81335307108455e-05,0.00114883859977449,0.000474102416616491,28.831
"100061",2.92950219719513e-05,5.81360449628713e-05,0.00225965314152204,0.00104501219743974,2.81335307108455e-05,0.00114883859977449,0.000474102416616491,28.831
"100062",2.92950219719513e-05,5.81360449628713e-05,0.00225965314152204,0.00104501219743974,2.81335307108455e-05,0.00114883859977449,0.000474102416616491,28.829
"100063",2.92950219719513e-05,5.81360449628713e-05,0.00225965314152204,0.00104501219743974,2.81335307108455e-05,0.00114883859977449,0.000474102416616491,29.174
"100064",2.92950219719513e-05,5.81360449628713e-05,0.00225965314152204,0.00104501219743974,2.81335307108455e-05,0.00114883859977449,0.000474102416616491,29.146
"100065",2.92950219719513e-05,5.81360449628713e-05,0.00225965314152204,0.00104501219743974,2.81335307108455e-05,0.00114883859977449,0.000474102416616491,29.146
"100066",2.92950219719513e-05,5.81360449628713e-05,0.00225965314152204,0.00104501219743974,2.81335307108455e-05,0.00114883859977449,0.000474102416616491,29.146
"100067",2.92950219719513e-05,5.81360449628713e-05,0.00225965314152204,0.00104501219743974,2.81335307108455e-05,0.00114883859977449,0.000474102416616491,29.146
"100068",2.92950219719513e-05,5.81360449628713e-05,0.00225965314152204,0.00104501219743974,2.81335307108455e-05,0.00114883859977449,0.000474102416616491,29.123
"100069",2.92950219719513e-05,5.81360449628713e-05,0.00225965314152204,0.00104501219743974,2.81335307108455e-05,0.00114883859977449,0.000474102416616491,29.476
"100070",2.92950219719513e-05,5.81360449628713e-05,0.00225965314152204,0.00104501219743974,2.81335307108455e-05,0.00114883859977449,0.000474102416616491,29.459
"100071",2.92950219719513e-05,5.81360449628713e-05,0.00225965314152204,0.00104501219743974,2.81335307108455e-05,0.00114883859977449,0.000474102416616491,29.459
"100072",2.92950219719513e-05,5.81360449628713e-05,0.00225965314152204,0.00104501219743974,2.81335307108455e-05,0.00114883859977449,0.000474102416616491,29.459
"100073",2.92950219719513e-05,5.81360449628713e-05,0.00225965314152204,0.00104501219743974,2.81335307108455e-05,0.00114883859977449,0.000474102416616491,29.459
"100074",2.92950219719513e-05,5.81360449628713e-05,0.00225965314152204,0.00104501219743974,2.81335307108455e-05,0.00114883859977449,0.000474102416616491,29.458
"100075",2.92950219719513e-05,5.81360449628713e-05,0.00225965314152204,0.00104501219743974,2.81335307108455e-05,0.00114883859977449,0.000474102416616491,29.824
"100076",2.92950219719513e-05,5.81360449628713e-05,0.00225965314152204,0.00104501219743974,2.81335307108455e-05,0.00114883859977449,0.000474102416616491,29.805
"100077",2.92950219719513e-05,5.81360449628713e-05,0.00225965314152204,0.00104501219743974,2.81335307108455e-05,0.00114883859977449,0.000474102416616491,29.771
"100078",2.92950219719513e-05,5.81360449628713e-05,0.00225965314152204,0.00104501219743974,2.81335307108455e-05,0.00114883859977449,0.000474102416616491,29.771
"100079",2.92950219719513e-05,5.81360449628713e-05,0.00225965314152204,0.00104501219743974,2.81335307108455e-05,0.00114883859977449,0.000474102416616491,29.771
"100080",2.92950219719513e-05,5.81360449628713e-05,0.00225965314152204,0.00104501219743974,2.81335307108455e-05,0.00114883859977449,0.000474102416616491,29.771
"100081",2.92950219719513e-05,5.81360449628713e-05,0.00225965314152204,0.00104501219743974,2.81335307108455e-05,0.00114883859977449,0.000474102416616491,29.771
"100082",2.92950219719513e-05,5.81360449628713e-05,0.00225965314152204,0.00104501219743974,2.81335307108455e-05,0.00114883859977449,0.000474102416616491,29.763
"100083",2.92950219719513e-05,5.81360449628713e-05,0.00225965314152204,0.00104501219743974,2.81335307108455e-05,0.00114883859977449,0.000474102416616491,30.145
"100084",2.92950219719513e-05,5.81360449628713e-05,0.00225965314152204,0.00104501219743974,2.81335307108455e-05,0.00114883859977449,0.000474102416616491,30.085
"100085",2.92950219719513e-05,5.81360449628713e-05,0.00225965314152204,0.00104501219743974,2.81335307108455e-05,0.00114883859977449,0.000474102416616491,30.083
"100086",2.92950219719513e-05,5.81360449628713e-05,0.00225965314152204,0.00104501219743974,2.81335307108455e-05,0.00114883859977449,0.000474102416616491,30.084
"100087",2.92950219719513e-05,5.81360449628713e-05,0.00225965314152204,0.00104501219743974,2.81335307108455e-05,0.00114883859977449,0.000474102416616491,30.142
"100088",2.92950219719513e-05,5.81360449628713e-05,0.00225965314152204,0.00104501219743974,2.81335307108455e-05,0.00114883859977449,0.000474102416616491,30.118
"100089",2.92950219719513e-05,5.81360449628713e-05,0.00225965314152204,0.00104501219743974,2.81335307108455e-05,0.00114883859977449,0.000474102416616491,30.083
"100090",2.92950219719513e-05,5.81360449628713e-05,0.00225965314152204,0.00104501219743974,2.81335307108455e-05,0.00114883859977449,0.000474102416616491,30.083
"100091",2.92950219719513e-05,5.81360449628713e-05,0.00225965314152204,0.00104501219743974,2.81335307108455e-05,0.00114883859977449,0.000474102416616491,30.083
"100092",2.92950219719513e-05,5.81360449628713e-05,0.00225965314152204,0.00104501219743974,2.81335307108455e-05,0.00114883859977449,0.000474102416616491,30.083
"100093",2.92950219719513e-05,5.81360449628713e-05,0.00225965314152204,0.00104501219743974,2.81335307108455e-05,0.00114883859977449,0.000474102416616491,30.083
"100094",2.92950219719513e-05,5.81360449628713e-05,0.00225965314152204,0.00104501219743974,2.81335307108455e-05,0.00114883859977449,0.000474102416616491,30.083
"100095",2.92950219719513e-05,5.81360449628713e-05,0.00225965314152204,0.00104501219743974,2.81335307108455e-05,0.00114883859977449,0.000474102416616491,30.072
"100096",2.92950219719513e-05,5.81360449628713e-05,0.00225965314152204,0.00104501219743974,2.81335307108455e-05,0.00114883859977449,0.000474102416616491,30.444
"100097",2.92950219719513e-05,5.81360449628713e-05,0.00225965314152204,0.00104501219743974,2.81335307108455e-05,0.00114883859977449,0.000474102416616491,30.469
"100098",2.92950219719513e-05,5.81360449628713e-05,0.00225965314152204,0.00104501219743974,2.81335307108455e-05,0.00114883859977449,0.000474102416616491,30.459
"100099",2.92950219719513e-05,5.81360449628713e-05,0.00225965314152204,0.00104501219743974,2.81335307108455e-05,0.00114883859977449,0.000474102416616491,30.411
"100100",2.92950219719513e-05,5.81360449628713e-05,0.00225965314152204,0.00104501219743974,2.81335307108455e-05,0.00114883859977449,0.000474102416616491,30.393
"100101",2.92950219719513e-05,5.81360449628713e-05,0.00225965314152204,0.00104501219743974,2.81335307108455e-05,0.00114883859977449,0.000474102416616491,30.393
"100102",2.92950219719513e-05,5.81360449628713e-05,0.00225965314152204,0.00104501219743974,2.81335307108455e-05,0.00114883859977449,0.000474102416616491,30.393
"100103",2.92950219719513e-05,5.81360449628713e-05,0.00225965314152204,0.00104501219743974,2.81335307108455e-05,0.00114883859977449,0.000474102416616491,30.393
"100104",2.92950219719513e-05,5.81360449628713e-05,0.00225965314152204,0.00104501219743974,2.81335307108455e-05,0.00114883859977449,0.000474102416616491,30.393
"100105",2.92950219719513e-05,5.81360449628713e-05,0.00225965314152204,0.00104501219743974,2.81335307108455e-05,0.00114883859977449,0.000474102416616491,30.393
"100106",2.92950219719513e-05,5.81360449628713e-05,0.00225965314152204,0.00104501219743974,2.81335307108455e-05,0.00114883859977449,0.000474102416616491,30.393
"100107",2.92950219719513e-05,5.81360449628713e-05,0.00225965314152204,0.00104501219743974,2.81335307108455e-05,0.00114883859977449,0.000474102416616491,30.393
"100108",2.92950219719513e-05,5.81360449628713e-05,0.00225965314152204,0.00104501219743974,2.81335307108455e-05,0.00114883859977449,0.000474102416616491,30.393
"100109",2.92950219719513e-05,5.81360449628713e-05,0.00225965314152204,0.00104501219743974,2.81335307108455e-05,0.00114883859977449,0.000474102416616491,30.393
"100110",2.92950219719513e-05,5.81360449628713e-05,0.00225965314152204,0.00104501219743974,2.81335307108455e-05,0.00114883859977449,0.000474102416616491,30.393
"100111",2.92950219719513e-05,5.81360449628713e-05,0.00225965314152204,0.00104501219743974,2.81335307108455e-05,0.00114883859977449,0.000474102416616491,30.393
"100112",2.92950219719513e-05,5.81360449628713e-05,0.00225965314152204,0.00104501219743974,2.81335307108455e-05,0.00114883859977449,0.000474102416616491,30.735
"100113",2.92950219719513e-05,5.81360449628713e-05,0.00225965314152204,0.00104501219743974,2.81335307108455e-05,0.00114883859977449,0.000474102416616491,30.703
"100114",2.92950219719513e-05,5.81360449628713e-05,0.00225965314152204,0.00104501219743974,2.81335307108455e-05,0.00114883859977449,0.000474102416616491,30.703
"100115",2.92950219719513e-05,5.81360449628713e-05,0.00225965314152204,0.00104501219743974,2.81335307108455e-05,0.00114883859977449,0.000474102416616491,30.703
"100116",2.92950219719513e-05,5.81360449628713e-05,0.00225965314152204,0.00104501219743974,2.81335307108455e-05,0.00114883859977449,0.000474102416616491,30.703
"100117",2.92950219719513e-05,5.81360449628713e-05,0.00225965314152204,0.00104501219743974,2.81335307108455e-05,0.00114883859977449,0.000474102416616491,30.703
"100118",2.92950219719513e-05,5.81360449628713e-05,0.00225965314152204,0.00104501219743974,2.81335307108455e-05,0.00114883859977449,0.000474102416616491,30.703
"100119",2.92950219719513e-05,5.81360449628713e-05,0.00225965314152204,0.00104501219743974,2.81335307108455e-05,0.00114883859977449,0.000474102416616491,30.703
"100120",2.92950219719513e-05,5.81360449628713e-05,0.00225965314152204,0.00104501219743974,2.81335307108455e-05,0.00114883859977449,0.000474102416616491,30.703
"100121",2.92950219719513e-05,5.81360449628713e-05,0.00225965314152204,0.00104501219743974,2.81335307108455e-05,0.00114883859977449,0.000474102416616491,30.703
"100122",2.92950219719513e-05,5.81360449628713e-05,0.00225965314152204,0.00104501219743974,2.81335307108455e-05,0.00114883859977449,0.000474102416616491,30.703
"100123",2.92950219719513e-05,5.81360449628713e-05,0.00225965314152204,0.00104501219743974,2.81335307108455e-05,0.00114883859977449,0.000474102416616491,30.703
"100124",2.92950219719513e-05,5.81360449628713e-05,0.00225965314152204,0.00104501219743974,2.81335307108455e-05,0.00114883859977449,0.000474102416616491,30.703
"100125",2.92950219719513e-05,5.81360449628713e-05,0.00225965314152204,0.00104501219743974,2.81335307108455e-05,0.00114883859977449,0.000474102416616491,30.703
"100126",2.92950219719513e-05,5.81360449628713e-05,0.00225965314152204,0.00104501219743974,2.81335307108455e-05,0.00114883859977449,0.000474102416616491,30.703
"100127",2.92950219719513e-05,5.81360449628713e-05,0.00225965314152204,0.00104501219743974,2.81335307108455e-05,0.00114883859977449,0.000474102416616491,30.703
"100128",2.92950219719513e-05,5.81360449628713e-05,0.00225965314152204,0.00104501219743974,2.81335307108455e-05,0.00114883859977449,0.000474102416616491,30.703
"100129",2.92950219719513e-05,5.81360449628713e-05,0.00225965314152204,0.00104501219743974,2.81335307108455e-05,0.00114883859977449,0.000474102416616491,31.003
"100130",2.92950219719513e-05,5.81360449628713e-05,0.00225965314152204,0.00104501219743974,2.81335307108455e-05,0.00114883859977449,0.000474102416616491,31.011
"100131",2.92950219719513e-05,5.81360449628713e-05,0.00225965314152204,0.00104501219743974,2.81335307108455e-05,0.00114883859977449,0.000474102416616491,31.011
"100132",2.92950219719513e-05,5.81360449628713e-05,0.00225965314152204,0.00104501219743974,2.81335307108455e-05,0.00114883859977449,0.000474102416616491,31.011
"100133",2.92950219719513e-05,5.81360449628713e-05,0.00225965314152204,0.00104501219743974,2.81335307108455e-05,0.00114883859977449,0.000474102416616491,31.011
"100134",2.92950219719513e-05,5.81360449628713e-05,0.00225965314152204,0.00104501219743974,2.81335307108455e-05,0.00114883859977449,0.000474102416616491,31.011
"100135",2.92950219719513e-05,5.81360449628713e-05,0.00225965314152204,0.00104501219743974,2.81335307108455e-05,0.00114883859977449,0.000474102416616491,31.011
"100136",2.92950219719513e-05,5.81360449628713e-05,0.00225965314152204,0.00104501219743974,2.81335307108455e-05,0.00114883859977449,0.000474102416616491,31.011
"100137",2.92950219719513e-05,5.81360449628713e-05,0.00225965314152204,0.00104501219743974,2.81335307108455e-05,0.00114883859977449,0.000474102416616491,31.011
"100138",2.92950219719513e-05,5.81360449628713e-05,0.00225965314152204,0.00104501219743974,2.81335307108455e-05,0.00114883859977449,0.000474102416616491,31.011
"100139",2.92950219719513e-05,5.81360449628713e-05,0.00225965314152204,0.00104501219743974,2.81335307108455e-05,0.00114883859977449,0.000474102416616491,31.315
"100140",2.92950219719513e-05,5.81360449628713e-05,0.00225965314152204,0.00104501219743974,2.81335307108455e-05,0.00114883859977449,0.000474102416616491,31.319
"100141",2.92950219719513e-05,5.81360449628713e-05,0.00225965314152204,0.00104501219743974,2.81335307108455e-05,0.00114883859977449,0.000474102416616491,31.319
"100142",2.92950219719513e-05,5.81360449628713e-05,0.00225965314152204,0.00104501219743974,2.81335307108455e-05,0.00114883859977449,0.000474102416616491,31.319
"100143",2.92950219719513e-05,5.81360449628713e-05,0.00225965314152204,0.00104501219743974,2.81335307108455e-05,0.00114883859977449,0.000474102416616491,31.319
"100144",2.92950219719513e-05,5.81360449628713e-05,0.00225965314152204,0.00104501219743974,2.81335307108455e-05,0.00114883859977449,0.000474102416616491,31.319
"100145",2.92950219719513e-05,5.81360449628713e-05,0.00225965314152204,0.00104501219743974,2.81335307108455e-05,0.00114883859977449,0.000474102416616491,31.319
"100146",2.92950219719513e-05,5.81360449628713e-05,0.00225965314152204,0.00104501219743974,2.81335307108455e-05,0.00114883859977449,0.000474102416616491,31.319
"100147",2.92950219719513e-05,5.81360449628713e-05,0.00225965314152204,0.00104501219743974,2.81335307108455e-05,0.00114883859977449,0.000474102416616491,31.319
"100148",2.92950219719513e-05,5.81360449628713e-05,0.00225965314152204,0.00104501219743974,2.81335307108455e-05,0.00114883859977449,0.000474102416616491,31.319
"100149",2.92950219719513e-05,5.81360449628713e-05,0.00225965314152204,0.00104501219743974,2.81335307108455e-05,0.00114883859977449,0.000474102416616491,31.329
"100150",2.92950219719513e-05,5.81360449628713e-05,0.00225965314152204,0.00104501219743974,2.81335307108455e-05,0.00114883859977449,0.000474102416616491,31.632
"100151",2.92950219719513e-05,5.81360449628713e-05,0.00225965314152204,0.00104501219743974,2.81335307108455e-05,0.00114883859977449,0.000474102416616491,31.625
"100152",2.92950219719513e-05,5.81360449628713e-05,0.00225965314152204,0.00104501219743974,2.81335307108455e-05,0.00114883859977449,0.000474102416616491,31.625
"100153",2.92950219719513e-05,5.81360449628713e-05,0.00225965314152204,0.00104501219743974,2.81335307108455e-05,0.00114883859977449,0.000474102416616491,31.625
"100154",2.92950219719513e-05,5.81360449628713e-05,0.00225965314152204,0.00104501219743974,2.81335307108455e-05,0.00114883859977449,0.000474102416616491,31.625
"100155",2.92950219719513e-05,5.81360449628713e-05,0.00225965314152204,0.00104501219743974,2.81335307108455e-05,0.00114883859977449,0.000474102416616491,31.625
"100156",2.92950219719513e-05,5.81360449628713e-05,0.00225965314152204,0.00104501219743974,2.81335307108455e-05,0.00114883859977449,0.000474102416616491,31.625
"100157",2.92950219719513e-05,5.81360449628713e-05,0.00225965314152204,0.00104501219743974,2.81335307108455e-05,0.00114883859977449,0.000474102416616491,31.625
"100158",2.92950219719513e-05,5.81360449628713e-05,0.00225965314152204,0.00104501219743974,2.81335307108455e-05,0.00114883859977449,0.000474102416616491,31.625
"100159",2.92950219719513e-05,5.81360449628713e-05,0.00225965314152204,0.00104501219743974,2.81335307108455e-05,0.00114883859977449,0.000474102416616491,31.625
"100160",2.92950219719513e-05,5.81360449628713e-05,0.00225965314152204,0.00104501219743974,2.81335307108455e-05,0.00114883859977449,0.000474102416616491,31.628
"100161",2.92950219719513e-05,5.81360449628713e-05,0.00225965314152204,0.00104501219743974,2.81335307108455e-05,0.00114883859977449,0.000474102416616491,31.924
"100162",2.92950219719513e-05,5.81360449628713e-05,0.00225965314152204,0.00104501219743974,2.81335307108455e-05,0.00114883859977449,0.000474102416616491,31.931
"100163",2.92950219719513e-05,5.81360449628713e-05,0.00225965314152204,0.00104501219743974,2.81335307108455e-05,0.00114883859977449,0.000474102416616491,31.931
"100164",2.92950219719513e-05,5.81360449628713e-05,0.00225965314152204,0.00104501219743974,2.81335307108455e-05,0.00114883859977449,0.000474102416616491,31.931
"100165",2.92950219719513e-05,5.81360449628713e-05,0.00225965314152204,0.00104501219743974,2.81335307108455e-05,0.00114883859977449,0.000474102416616491,31.931
"100166",2.92950219719513e-05,5.81360449628713e-05,0.00225965314152204,0.00104501219743974,2.81335307108455e-05,0.00114883859977449,0.000474102416616491,31.931
"100167",2.92950219719513e-05,5.81360449628713e-05,0.00225965314152204,0.00104501219743974,2.81335307108455e-05,0.00114883859977449,0.000474102416616491,31.931
"100168",2.92950219719513e-05,5.81360449628713e-05,0.00225965314152204,0.00104501219743974,2.81335307108455e-05,0.00114883859977449,0.000474102416616491,31.931
"100169",2.92950219719513e-05,5.81360449628713e-05,0.00225965314152204,0.00104501219743974,2.81335307108455e-05,0.00114883859977449,0.000474102416616491,31.931
"100170",2.92950219719513e-05,5.81360449628713e-05,0.00225965314152204,0.00104501219743974,2.81335307108455e-05,0.00114883859977449,0.000474102416616491,31.931
"100171",2.92950219719513e-05,5.81360449628713e-05,0.00225965314152204,0.00104501219743974,2.81335307108455e-05,0.00114883859977449,0.000474102416616491,31.931
"100172",2.92950219719513e-05,5.81360449628713e-05,0.00225965314152204,0.00104501219743974,2.81335307108455e-05,0.00114883859977449,0.000474102416616491,31.959
"100173",2.92950219719513e-05,5.81360449628713e-05,0.00225965314152204,0.00104501219743974,2.81335307108455e-05,0.00114883859977449,0.000474102416616491,32.224
"100174",2.92950219719513e-05,5.81360449628713e-05,0.00225965314152204,0.00104501219743974,2.81335307108455e-05,0.00114883859977449,0.000474102416616491,32.235
"100175",2.92950219719513e-05,5.81360449628713e-05,0.00225965314152204,0.00104501219743974,2.81335307108455e-05,0.00114883859977449,0.000474102416616491,32.235
"100176",2.92950219719513e-05,5.81360449628713e-05,0.00225965314152204,0.00104501219743974,2.81335307108455e-05,0.00114883859977449,0.000474102416616491,32.235
"100177",2.92950219719513e-05,5.81360449628713e-05,0.00225965314152204,0.00104501219743974,2.81335307108455e-05,0.00114883859977449,0.000474102416616491,32.235
"100178",2.92950219719513e-05,5.81360449628713e-05,0.00225965314152204,0.00104501219743974,2.81335307108455e-05,0.00114883859977449,0.000474102416616491,32.235
"100179",2.92950219719513e-05,5.81360449628713e-05,0.00225965314152204,0.00104501219743974,2.81335307108455e-05,0.00114883859977449,0.000474102416616491,32.235
"100180",2.92950219719513e-05,5.81360449628713e-05,0.00225965314152204,0.00104501219743974,2.81335307108455e-05,0.00114883859977449,0.000474102416616491,32.235
"100181",2.92950219719513e-05,5.81360449628713e-05,0.00225965314152204,0.00104501219743974,2.81335307108455e-05,0.00114883859977449,0.000474102416616491,32.235
"100182",2.92950219719513e-05,5.81360449628713e-05,0.00225965314152204,0.00104501219743974,2.81335307108455e-05,0.00114883859977449,0.000474102416616491,32.235
"100183",2.92950219719513e-05,5.81360449628713e-05,0.00225965314152204,0.00104501219743974,2.81335307108455e-05,0.00114883859977449,0.000474102416616491,32.235
"100184",2.92950219719513e-05,5.81360449628713e-05,0.00225965314152204,0.00104501219743974,2.81335307108455e-05,0.00114883859977449,0.000474102416616491,32.237
"100185",2.92950219719513e-05,5.81360449628713e-05,0.00225965314152204,0.00104501219743974,2.81335307108455e-05,0.00114883859977449,0.000474102416616491,32.553
"100186",2.92950219719513e-05,5.81360449628713e-05,0.00225965314152204,0.00104501219743974,2.81335307108455e-05,0.00114883859977449,0.000474102416616491,32.539
"100187",2.92950219719513e-05,5.81360449628713e-05,0.00225965314152204,0.00104501219743974,2.81335307108455e-05,0.00114883859977449,0.000474102416616491,32.539
"100188",2.92950219719513e-05,5.81360449628713e-05,0.00225965314152204,0.00104501219743974,2.81335307108455e-05,0.00114883859977449,0.000474102416616491,32.539
"100189",2.92950219719513e-05,5.81360449628713e-05,0.00225965314152204,0.00104501219743974,2.81335307108455e-05,0.00114883859977449,0.000474102416616491,32.539
"100190",2.92950219719513e-05,5.81360449628713e-05,0.00225965314152204,0.00104501219743974,2.81335307108455e-05,0.00114883859977449,0.000474102416616491,32.539
"100191",2.92950219719513e-05,5.81360449628713e-05,0.00225965314152204,0.00104501219743974,2.81335307108455e-05,0.00114883859977449,0.000474102416616491,32.539
"100192",2.92950219719513e-05,5.81360449628713e-05,0.00225965314152204,0.00104501219743974,2.81335307108455e-05,0.00114883859977449,0.000474102416616491,32.539
"100193",2.92950219719513e-05,5.81360449628713e-05,0.00225965314152204,0.00104501219743974,2.81335307108455e-05,0.00114883859977449,0.000474102416616491,32.539
"100194",2.92950219719513e-05,5.81360449628713e-05,0.00225965314152204,0.00104501219743974,2.81335307108455e-05,0.00114883859977449,0.000474102416616491,32.539
"100195",2.92950219719513e-05,5.81360449628713e-05,0.00225965314152204,0.00104501219743974,2.81335307108455e-05,0.00114883859977449,0.000474102416616491,32.539
"100196",2.92950219719513e-05,5.81360449628713e-05,0.00225965314152204,0.00104501219743974,2.81335307108455e-05,0.00114883859977449,0.000474102416616491,32.539
"100197",2.92950219719513e-05,5.81360449628713e-05,0.00225965314152204,0.00104501219743974,2.81335307108455e-05,0.00114883859977449,0.000474102416616491,32.54
"100198",2.92950219719513e-05,5.81360449628713e-05,0.00225965314152204,0.00104501219743974,2.81335307108455e-05,0.00114883859977449,0.000474102416616491,32.602
"100199",2.92950219719513e-05,5.81360449628713e-05,0.00225965314152204,0.00104501219743974,2.81335307108455e-05,0.00114883859977449,0.000474102416616491,32.841
"100200",2.92950219719513e-05,5.81360449628713e-05,0.00225965314152204,0.00104501219743974,2.81335307108455e-05,0.00114883859977449,0.000474102416616491,32.841
"100201",2.92950219719513e-05,5.81360449628713e-05,0.00225965314152204,0.00104501219743974,2.81335307108455e-05,0.00114883859977449,0.000474102416616491,32.841
"100202",2.92950219719513e-05,5.81360449628713e-05,0.00225965314152204,0.00104501219743974,2.81335307108455e-05,0.00114883859977449,0.000474102416616491,32.841
"100203",2.92950219719513e-05,5.81360449628713e-05,0.00225965314152204,0.00104501219743974,2.81335307108455e-05,0.00114883859977449,0.000474102416616491,32.841
"100204",2.92950219719513e-05,5.81360449628713e-05,0.00225965314152204,0.00104501219743974,2.81335307108455e-05,0.00114883859977449,0.000474102416616491,32.841
"100205",2.92950219719513e-05,5.81360449628713e-05,0.00225965314152204,0.00104501219743974,2.81335307108455e-05,0.00114883859977449,0.000474102416616491,32.841
"100206",2.92950219719513e-05,5.81360449628713e-05,0.00225965314152204,0.00104501219743974,2.81335307108455e-05,0.00114883859977449,0.000474102416616491,32.841
"100207",2.92950219719513e-05,5.81360449628713e-05,0.00225965314152204,0.00104501219743974,2.81335307108455e-05,0.00114883859977449,0.000474102416616491,32.841
"100208",2.92950219719513e-05,5.81360449628713e-05,0.00225965314152204,0.00104501219743974,2.81335307108455e-05,0.00114883859977449,0.000474102416616491,32.841
"100209",2.92950219719513e-05,5.81360449628713e-05,0.00225965314152204,0.00104501219743974,2.81335307108455e-05,0.00114883859977449,0.000474102416616491,32.841
"100210",2.92950219719513e-05,5.81360449628713e-05,0.00225965314152204,0.00104501219743974,2.81335307108455e-05,0.00114883859977449,0.000474102416616491,32.841
"100211",2.92950219719513e-05,5.81360449628713e-05,0.00225965314152204,0.00104501219743974,2.81335307108455e-05,0.00114883859977449,0.000474102416616491,32.841
"100212",2.92950219719513e-05,5.81360449628713e-05,0.00225965314152204,0.00104501219743974,2.81335307108455e-05,0.00114883859977449,0.000474102416616491,32.841
"100213",2.92950219719513e-05,5.81360449628713e-05,0.00225965314152204,0.00104501219743974,2.81335307108455e-05,0.00114883859977449,0.000474102416616491,32.857
"100214",2.92950219719513e-05,5.81360449628713e-05,0.00225965314152204,0.00104501219743974,2.81335307108455e-05,0.00114883859977449,0.000474102416616491,33.142
"100215",2.92950219719513e-05,5.81360449628713e-05,0.00225965314152204,0.00104501219743974,2.81335307108455e-05,0.00114883859977449,0.000474102416616491,33.142
"100216",2.92950219719513e-05,5.81360449628713e-05,0.00225965314152204,0.00104501219743974,2.81335307108455e-05,0.00114883859977449,0.000474102416616491,33.142
"100217",2.92950219719513e-05,5.81360449628713e-05,0.00225965314152204,0.00104501219743974,2.81335307108455e-05,0.00114883859977449,0.000474102416616491,33.142
"100218",2.92950219719513e-05,5.81360449628713e-05,0.00225965314152204,0.00104501219743974,2.81335307108455e-05,0.00114883859977449,0.000474102416616491,33.142
"100219",2.92950219719513e-05,5.81360449628713e-05,0.00225965314152204,0.00104501219743974,2.81335307108455e-05,0.00114883859977449,0.000474102416616491,33.142
"100220",2.92950219719513e-05,5.81360449628713e-05,0.00225965314152204,0.00104501219743974,2.81335307108455e-05,0.00114883859977449,0.000474102416616491,33.142
"100221",2.92950219719513e-05,5.81360449628713e-05,0.00225965314152204,0.00104501219743974,2.81335307108455e-05,0.00114883859977449,0.000474102416616491,33.142
"100222",2.92950219719513e-05,5.81360449628713e-05,0.00225965314152204,0.00104501219743974,2.81335307108455e-05,0.00114883859977449,0.000474102416616491,33.142
"100223",2.92950219719513e-05,5.81360449628713e-05,0.00225965314152204,0.00104501219743974,2.81335307108455e-05,0.00114883859977449,0.000474102416616491,33.142
"100224",2.92950219719513e-05,5.81360449628713e-05,0.00225965314152204,0.00104501219743974,2.81335307108455e-05,0.00114883859977449,0.000474102416616491,33.142
"100225",2.92950219719513e-05,5.81360449628713e-05,0.00225965314152204,0.00104501219743974,2.81335307108455e-05,0.00114883859977449,0.000474102416616491,33.142
"100226",2.92950219719513e-05,5.81360449628713e-05,0.00225965314152204,0.00104501219743974,2.81335307108455e-05,0.00114883859977449,0.000474102416616491,33.142
"100227",2.92950219719513e-05,5.81360449628713e-05,0.00225965314152204,0.00104501219743974,2.81335307108455e-05,0.00114883859977449,0.000474102416616491,33.142
"100228",2.92950219719513e-05,5.81360449628713e-05,0.00225965314152204,0.00104501219743974,2.81335307108455e-05,0.00114883859977449,0.000474102416616491,33.142
"100229",2.92950219719513e-05,5.81360449628713e-05,0.00225965314152204,0.00104501219743974,2.81335307108455e-05,0.00114883859977449,0.000474102416616491,33.149
"100230",2.92950219719513e-05,5.81360449628713e-05,0.00225965314152204,0.00104501219743974,2.81335307108455e-05,0.00114883859977449,0.000474102416616491,33.443
"100231",2.92950219719513e-05,5.81360449628713e-05,0.00225965314152204,0.00104501219743974,2.81335307108455e-05,0.00114883859977449,0.000474102416616491,33.443
"100232",2.92950219719513e-05,5.81360449628713e-05,0.00225965314152204,0.00104501219743974,2.81335307108455e-05,0.00114883859977449,0.000474102416616491,33.443
"100233",2.92950219719513e-05,5.81360449628713e-05,0.00225965314152204,0.00104501219743974,2.81335307108455e-05,0.00114883859977449,0.000474102416616491,33.443
"100234",2.92950219719513e-05,5.81360449628713e-05,0.00225965314152204,0.00104501219743974,2.81335307108455e-05,0.00114883859977449,0.000474102416616491,33.443
"100235",2.92950219719513e-05,5.81360449628713e-05,0.00225965314152204,0.00104501219743974,2.81335307108455e-05,0.00114883859977449,0.000474102416616491,33.443
"100236",2.92950219719513e-05,5.81360449628713e-05,0.00225965314152204,0.00104501219743974,2.81335307108455e-05,0.00114883859977449,0.000474102416616491,33.443
"100237",2.92950219719513e-05,5.81360449628713e-05,0.00225965314152204,0.00104501219743974,2.81335307108455e-05,0.00114883859977449,0.000474102416616491,33.443
"100238",2.92950219719513e-05,5.81360449628713e-05,0.00225965314152204,0.00104501219743974,2.81335307108455e-05,0.00114883859977449,0.000474102416616491,33.443
"100239",2.92950219719513e-05,5.81360449628713e-05,0.00225965314152204,0.00104501219743974,2.81335307108455e-05,0.00114883859977449,0.000474102416616491,33.443
"100240",2.92950219719513e-05,5.81360449628713e-05,0.00225965314152204,0.00104501219743974,2.81335307108455e-05,0.00114883859977449,0.000474102416616491,33.443
"100241",2.92950219719513e-05,5.81360449628713e-05,0.00225965314152204,0.00104501219743974,2.81335307108455e-05,0.00114883859977449,0.000474102416616491,33.443
"100242",2.92950219719513e-05,5.81360449628713e-05,0.00225965314152204,0.00104501219743974,2.81335307108455e-05,0.00114883859977449,0.000474102416616491,33.443
"100243",2.92950219719513e-05,5.81360449628713e-05,0.00225965314152204,0.00104501219743974,2.81335307108455e-05,0.00114883859977449,0.000474102416616491,33.443
"100244",2.92950219719513e-05,5.81360449628713e-05,0.00225965314152204,0.00104501219743974,2.81335307108455e-05,0.00114883859977449,0.000474102416616491,33.443
"100245",2.92950219719513e-05,5.81360449628713e-05,0.00225965314152204,0.00104501219743974,2.81335307108455e-05,0.00114883859977449,0.000474102416616491,33.443
"100246",2.92950219719513e-05,5.81360449628713e-05,0.00225965314152204,0.00104501219743974,2.81335307108455e-05,0.00114883859977449,0.000474102416616491,33.46
"100247",2.92950219719513e-05,5.81360449628713e-05,0.00225965314152204,0.00104501219743974,2.81335307108455e-05,0.00114883859977449,0.000474102416616491,33.748
"100248",2.92950219719513e-05,5.81360449628713e-05,0.00225965314152204,0.00104501219743974,2.81335307108455e-05,0.00114883859977449,0.000474102416616491,33.742
"100249",2.92950219719513e-05,5.81360449628713e-05,0.00225965314152204,0.00104501219743974,2.81335307108455e-05,0.00114883859977449,0.000474102416616491,33.742
"100250",2.92950219719513e-05,5.81360449628713e-05,0.00225965314152204,0.00104501219743974,2.81335307108455e-05,0.00114883859977449,0.000474102416616491,33.742
"100251",2.92950219719513e-05,5.81360449628713e-05,0.00225965314152204,0.00104501219743974,2.81335307108455e-05,0.00114883859977449,0.000474102416616491,33.742
"100252",2.92950219719513e-05,5.81360449628713e-05,0.00225965314152204,0.00104501219743974,2.81335307108455e-05,0.00114883859977449,0.000474102416616491,33.742
"100253",2.92950219719513e-05,5.81360449628713e-05,0.00225965314152204,0.00104501219743974,2.81335307108455e-05,0.00114883859977449,0.000474102416616491,33.742
"100254",2.92950219719513e-05,5.81360449628713e-05,0.00225965314152204,0.00104501219743974,2.81335307108455e-05,0.00114883859977449,0.000474102416616491,33.742
"100255",2.92950219719513e-05,5.81360449628713e-05,0.00225965314152204,0.00104501219743974,2.81335307108455e-05,0.00114883859977449,0.000474102416616491,33.742
"100256",2.92950219719513e-05,5.81360449628713e-05,0.00225965314152204,0.00104501219743974,2.81335307108455e-05,0.00114883859977449,0.000474102416616491,33.742
"100257",2.92950219719513e-05,5.81360449628713e-05,0.00225965314152204,0.00104501219743974,2.81335307108455e-05,0.00114883859977449,0.000474102416616491,33.742
"100258",2.92950219719513e-05,5.81360449628713e-05,0.00225965314152204,0.00104501219743974,2.81335307108455e-05,0.00114883859977449,0.000474102416616491,33.742
"100259",2.92950219719513e-05,5.81360449628713e-05,0.00225965314152204,0.00104501219743974,2.81335307108455e-05,0.00114883859977449,0.000474102416616491,33.742
"100260",2.92950219719513e-05,5.81360449628713e-05,0.00225965314152204,0.00104501219743974,2.81335307108455e-05,0.00114883859977449,0.000474102416616491,33.742
"100261",2.92950219719513e-05,5.81360449628713e-05,0.00225965314152204,0.00104501219743974,2.81335307108455e-05,0.00114883859977449,0.000474102416616491,33.742
"100262",2.92950219719513e-05,5.81360449628713e-05,0.00225965314152204,0.00104501219743974,2.81335307108455e-05,0.00114883859977449,0.000474102416616491,33.742
"100263",2.92950219719513e-05,5.81360449628713e-05,0.00225965314152204,0.00104501219743974,2.81335307108455e-05,0.00114883859977449,0.000474102416616491,33.742
"100264",2.92950219719513e-05,5.81360449628713e-05,0.00225965314152204,0.00104501219743974,2.81335307108455e-05,0.00114883859977449,0.000474102416616491,33.742
"100265",2.92950219719513e-05,5.81360449628713e-05,0.00225965314152204,0.00104501219743974,2.81335307108455e-05,0.00114883859977449,0.000474102416616491,33.789
"100266",2.92950219719513e-05,5.81360449628713e-05,0.00225965314152204,0.00104501219743974,2.81335307108455e-05,0.00114883859977449,0.000474102416616491,34.045
"100267",2.92950219719513e-05,5.81360449628713e-05,0.00225965314152204,0.00104501219743974,2.81335307108455e-05,0.00114883859977449,0.000474102416616491,34.04
"100268",2.92950219719513e-05,5.81360449628713e-05,0.00225965314152204,0.00104501219743974,2.81335307108455e-05,0.00114883859977449,0.000474102416616491,34.04
"100269",2.92950219719513e-05,5.81360449628713e-05,0.00225965314152204,0.00104501219743974,2.81335307108455e-05,0.00114883859977449,0.000474102416616491,34.04
"100270",2.92950219719513e-05,5.81360449628713e-05,0.00225965314152204,0.00104501219743974,2.81335307108455e-05,0.00114883859977449,0.000474102416616491,34.04
"100271",2.92950219719513e-05,5.81360449628713e-05,0.00225965314152204,0.00104501219743974,2.81335307108455e-05,0.00114883859977449,0.000474102416616491,34.04
"100272",2.92950219719513e-05,5.81360449628713e-05,0.00225965314152204,0.00104501219743974,2.81335307108455e-05,0.00114883859977449,0.000474102416616491,34.04
"100273",2.92950219719513e-05,5.81360449628713e-05,0.00225965314152204,0.00104501219743974,2.81335307108455e-05,0.00114883859977449,0.000474102416616491,34.04
"100274",2.92950219719513e-05,5.81360449628713e-05,0.00225965314152204,0.00104501219743974,2.81335307108455e-05,0.00114883859977449,0.000474102416616491,34.04
"100275",2.92950219719513e-05,5.81360449628713e-05,0.00225965314152204,0.00104501219743974,2.81335307108455e-05,0.00114883859977449,0.000474102416616491,34.04
"100276",2.92950219719513e-05,5.81360449628713e-05,0.00225965314152204,0.00104501219743974,2.81335307108455e-05,0.00114883859977449,0.000474102416616491,34.04
"100277",2.92950219719513e-05,5.81360449628713e-05,0.00225965314152204,0.00104501219743974,2.81335307108455e-05,0.00114883859977449,0.000474102416616491,34.04
"100278",2.92950219719513e-05,5.81360449628713e-05,0.00225965314152204,0.00104501219743974,2.81335307108455e-05,0.00114883859977449,0.000474102416616491,34.04
"100279",2.92950219719513e-05,5.81360449628713e-05,0.00225965314152204,0.00104501219743974,2.81335307108455e-05,0.00114883859977449,0.000474102416616491,34.04
"100280",2.92950219719513e-05,5.81360449628713e-05,0.00225965314152204,0.00104501219743974,2.81335307108455e-05,0.00114883859977449,0.000474102416616491,34.04
"100281",2.92950219719513e-05,5.81360449628713e-05,0.00225965314152204,0.00104501219743974,2.81335307108455e-05,0.00114883859977449,0.000474102416616491,34.04
"100282",2.92950219719513e-05,5.81360449628713e-05,0.00225965314152204,0.00104501219743974,2.81335307108455e-05,0.00114883859977449,0.000474102416616491,34.04
"100283",2.92950219719513e-05,5.81360449628713e-05,0.00225965314152204,0.00104501219743974,2.81335307108455e-05,0.00114883859977449,0.000474102416616491,34.04
"100284",2.92950219719513e-05,5.81360449628713e-05,0.00225965314152204,0.00104501219743974,2.81335307108455e-05,0.00114883859977449,0.000474102416616491,34.04
"100285",2.92950219719513e-05,5.81360449628713e-05,0.00225965314152204,0.00104501219743974,2.81335307108455e-05,0.00114883859977449,0.000474102416616491,34.042
"100286",2.92950219719513e-05,5.81360449628713e-05,0.00225965314152204,0.00104501219743974,2.81335307108455e-05,0.00114883859977449,0.000474102416616491,34.047
"100287",2.92950219719513e-05,5.81360449628713e-05,0.00225965314152204,0.00104501219743974,2.81335307108455e-05,0.00114883859977449,0.000474102416616491,34.34
"100288",2.92950219719513e-05,5.81360449628713e-05,0.00225965314152204,0.00104501219743974,2.81335307108455e-05,0.00114883859977449,0.000474102416616491,34.337
"100289",2.92950219719513e-05,5.81360449628713e-05,0.00225965314152204,0.00104501219743974,2.81335307108455e-05,0.00114883859977449,0.000474102416616491,34.337
"100290",2.92950219719513e-05,5.81360449628713e-05,0.00225965314152204,0.00104501219743974,2.81335307108455e-05,0.00114883859977449,0.000474102416616491,34.337
"100291",2.92950219719513e-05,5.81360449628713e-05,0.00225965314152204,0.00104501219743974,2.81335307108455e-05,0.00114883859977449,0.000474102416616491,34.337
"100292",2.92950219719513e-05,5.81360449628713e-05,0.00225965314152204,0.00104501219743974,2.81335307108455e-05,0.00114883859977449,0.000474102416616491,34.337
"100293",2.92950219719513e-05,5.81360449628713e-05,0.00225965314152204,0.00104501219743974,2.81335307108455e-05,0.00114883859977449,0.000474102416616491,34.337
"100294",2.92950219719513e-05,5.81360449628713e-05,0.00225965314152204,0.00104501219743974,2.81335307108455e-05,0.00114883859977449,0.000474102416616491,34.337
"100295",2.92950219719513e-05,5.81360449628713e-05,0.00225965314152204,0.00104501219743974,2.81335307108455e-05,0.00114883859977449,0.000474102416616491,34.337
"100296",2.92950219719513e-05,5.81360449628713e-05,0.00225965314152204,0.00104501219743974,2.81335307108455e-05,0.00114883859977449,0.000474102416616491,34.337
"100297",2.92950219719513e-05,5.81360449628713e-05,0.00225965314152204,0.00104501219743974,2.81335307108455e-05,0.00114883859977449,0.000474102416616491,34.337
"100298",2.92950219719513e-05,5.81360449628713e-05,0.00225965314152204,0.00104501219743974,2.81335307108455e-05,0.00114883859977449,0.000474102416616491,34.337
"100299",2.92950219719513e-05,5.81360449628713e-05,0.00225965314152204,0.00104501219743974,2.81335307108455e-05,0.00114883859977449,0.000474102416616491,34.337
"100300",2.92950219719513e-05,5.81360449628713e-05,0.00225965314152204,0.00104501219743974,2.81335307108455e-05,0.00114883859977449,0.000474102416616491,34.337
"100301",2.92950219719513e-05,5.81360449628713e-05,0.00225965314152204,0.00104501219743974,2.81335307108455e-05,0.00114883859977449,0.000474102416616491,34.337
"100302",2.92950219719513e-05,5.81360449628713e-05,0.00225965314152204,0.00104501219743974,2.81335307108455e-05,0.00114883859977449,0.000474102416616491,34.337
"100303",2.92950219719513e-05,5.81360449628713e-05,0.00225965314152204,0.00104501219743974,2.81335307108455e-05,0.00114883859977449,0.000474102416616491,34.337
"100304",2.92950219719513e-05,5.81360449628713e-05,0.00225965314152204,0.00104501219743974,2.81335307108455e-05,0.00114883859977449,0.000474102416616491,34.337
"100305",2.92950219719513e-05,5.81360449628713e-05,0.00225965314152204,0.00104501219743974,2.81335307108455e-05,0.00114883859977449,0.000474102416616491,34.337
"100306",2.92950219719513e-05,5.81360449628713e-05,0.00225965314152204,0.00104501219743974,2.81335307108455e-05,0.00114883859977449,0.000474102416616491,34.337
"100307",2.92950219719513e-05,5.81360449628713e-05,0.00225965314152204,0.00104501219743974,2.81335307108455e-05,0.00114883859977449,0.000474102416616491,34.337
"100308",2.92950219719513e-05,5.81360449628713e-05,0.00225965314152204,0.00104501219743974,2.81335307108455e-05,0.00114883859977449,0.000474102416616491,34.364
"100309",2.92950219719513e-05,5.81360449628713e-05,0.00225965314152204,0.00104501219743974,2.81335307108455e-05,0.00114883859977449,0.000474102416616491,34.634
"100310",2.92950219719513e-05,5.81360449628713e-05,0.00225965314152204,0.00104501219743974,2.81335307108455e-05,0.00114883859977449,0.000474102416616491,34.634
"100311",2.92950219719513e-05,5.81360449628713e-05,0.00225965314152204,0.00104501219743974,2.81335307108455e-05,0.00114883859977449,0.000474102416616491,34.634
"100312",2.92950219719513e-05,5.81360449628713e-05,0.00225965314152204,0.00104501219743974,2.81335307108455e-05,0.00114883859977449,0.000474102416616491,34.634
"100313",2.92950219719513e-05,5.81360449628713e-05,0.00225965314152204,0.00104501219743974,2.81335307108455e-05,0.00114883859977449,0.000474102416616491,34.634
"100314",2.92950219719513e-05,5.81360449628713e-05,0.00225965314152204,0.00104501219743974,2.81335307108455e-05,0.00114883859977449,0.000474102416616491,34.634
"100315",2.92950219719513e-05,5.81360449628713e-05,0.00225965314152204,0.00104501219743974,2.81335307108455e-05,0.00114883859977449,0.000474102416616491,34.634
"100316",2.92950219719513e-05,5.81360449628713e-05,0.00225965314152204,0.00104501219743974,2.81335307108455e-05,0.00114883859977449,0.000474102416616491,34.634
"100317",2.92950219719513e-05,5.81360449628713e-05,0.00225965314152204,0.00104501219743974,2.81335307108455e-05,0.00114883859977449,0.000474102416616491,34.634
"100318",2.92950219719513e-05,5.81360449628713e-05,0.00225965314152204,0.00104501219743974,2.81335307108455e-05,0.00114883859977449,0.000474102416616491,34.634
"100319",2.92950219719513e-05,5.81360449628713e-05,0.00225965314152204,0.00104501219743974,2.81335307108455e-05,0.00114883859977449,0.000474102416616491,34.634
"100320",2.92950219719513e-05,5.81360449628713e-05,0.00225965314152204,0.00104501219743974,2.81335307108455e-05,0.00114883859977449,0.000474102416616491,34.634
"100321",2.92950219719513e-05,5.81360449628713e-05,0.00225965314152204,0.00104501219743974,2.81335307108455e-05,0.00114883859977449,0.000474102416616491,34.634
"100322",2.92950219719513e-05,5.81360449628713e-05,0.00225965314152204,0.00104501219743974,2.81335307108455e-05,0.00114883859977449,0.000474102416616491,34.634
"100323",2.92950219719513e-05,5.81360449628713e-05,0.00225965314152204,0.00104501219743974,2.81335307108455e-05,0.00114883859977449,0.000681336447334924,34.634
"100324",2.92950219719513e-05,5.81360449628713e-05,0.00225965314152204,0.00104501219743974,2.81335307108455e-05,0.00114883859977449,0.000474102416616491,34.634
"100325",2.92950219719513e-05,5.81360449628713e-05,0.00225965314152204,0.00104501219743974,2.81335307108455e-05,0.00114883859977449,0.000474102416616491,34.634
"100326",2.92950219719513e-05,5.81360449628713e-05,0.00225965314152204,0.00104501219743974,2.81335307108455e-05,0.00114883859977449,0.000474102416616491,34.634
"100327",2.92950219719513e-05,5.81360449628713e-05,0.00225965314152204,0.00104501219743974,2.81335307108455e-05,0.00114883859977449,0.000474102416616491,34.634
"100328",2.92950219719513e-05,5.81360449628713e-05,0.00225965314152204,0.00104501219743974,2.81335307108455e-05,0.00114883859977449,0.000474102416616491,34.634
"100329",2.92950219719513e-05,5.81360449628713e-05,0.00225965314152204,0.00104501219743974,2.81335307108455e-05,0.00114883859977449,0.000474102416616491,34.634
"100330",2.92950219719513e-05,5.81360449628713e-05,0.00225965314152204,0.00104501219743974,2.81335307108455e-05,0.00114883859977449,0.000474102416616491,34.634
"100331",2.92950219719513e-05,5.81360449628713e-05,0.00225965314152204,0.00104501219743974,2.81335307108455e-05,0.00114883859977449,0.000474102416616491,34.648
"100332",2.92950219719513e-05,5.81360449628713e-05,0.00225965314152204,0.00104501219743974,2.81335307108455e-05,0.00114883859977449,0.000474102416616491,34.883
"100333",2.92950219719513e-05,5.81360449628713e-05,0.00225965314152204,0.00104501219743974,2.81335307108455e-05,0.00114883859977449,0.000474102416616491,34.884
"100334",2.92950219719513e-05,5.81360449628713e-05,0.00225965314152204,0.00104501219743974,2.81335307108455e-05,0.00114883859977449,0.000474102416616491,34.885
"100335",2.92950219719513e-05,5.81360449628713e-05,0.00225965314152204,0.00104501219743974,2.81335307108455e-05,0.00114883859977449,0.000474102416616491,34.921
"100336",2.92950219719513e-05,5.81360449628713e-05,0.00225965314152204,0.00104501219743974,2.81335307108455e-05,0.00114883859977449,0.000474102416616491,34.929
"100337",2.92950219719513e-05,5.81360449628713e-05,0.00446660568141597,0.00159466981568763,2.81335307108455e-05,0.00729199134240077,0.000474102416616491,34.929
"100338",2.92950219719513e-05,5.81360449628713e-05,0.00225965314152204,0.00104501219743974,2.81335307108455e-05,0.00114883859977449,0.000474102416616491,34.929
"100339",2.92950219719513e-05,5.81360449628713e-05,0.00225965314152204,0.00104501219743974,2.81335307108455e-05,0.00114883859977449,0.000474102416616491,34.929
"100340",2.92950219719513e-05,5.81360449628713e-05,0.00225965314152204,0.00104501219743974,2.81335307108455e-05,0.00114883859977449,0.000474102416616491,34.929
"100341",2.92950219719513e-05,5.81360449628713e-05,0.00225965314152204,0.00104501219743974,2.81335307108455e-05,0.00114883859977449,0.000474102416616491,34.929
"100342",2.92950219719513e-05,5.81360449628713e-05,0.00225965314152204,0.00104501219743974,2.81335307108455e-05,0.00114883859977449,0.000474102416616491,34.929
"100343",2.92950219719513e-05,5.81360449628713e-05,0.00225965314152204,0.00104501219743974,2.81335307108455e-05,0.00114883859977449,0.000474102416616491,34.929
"100344",2.92950219719513e-05,5.81360449628713e-05,0.00225965314152204,0.00104501219743974,2.81335307108455e-05,0.00114883859977449,0.000474102416616491,34.929
"100345",2.92950219719513e-05,5.81360449628713e-05,0.00225965314152204,0.00104501219743974,2.81335307108455e-05,0.00114883859977449,0.000474102416616491,34.929
"100346",2.92950219719513e-05,5.81360449628713e-05,0.00225965314152204,0.00104501219743974,2.81335307108455e-05,0.00114883859977449,0.000474102416616491,34.929
"100347",2.92950219719513e-05,5.81360449628713e-05,0.00225965314152204,0.00104501219743974,2.81335307108455e-05,0.00114883859977449,0.000474102416616491,34.929
"100348",2.92950219719513e-05,5.81360449628713e-05,0.00225965314152204,0.00104501219743974,2.81335307108455e-05,0.00114883859977449,0.000474102416616491,34.929
"100349",2.92950219719513e-05,5.81360449628713e-05,0.00225965314152204,0.00104501219743974,2.81335307108455e-05,0.00114883859977449,0.000474102416616491,34.929
"100350",2.92950219719513e-05,5.81360449628713e-05,0.00225965314152204,0.00104501219743974,2.81335307108455e-05,0.00114883859977449,0.000474102416616491,34.929
"100351",2.92950219719513e-05,5.81360449628713e-05,0.00225965314152204,0.00104501219743974,2.81335307108455e-05,0.00114883859977449,0.000474102416616491,34.929
"100352",2.92950219719513e-05,5.81360449628713e-05,0.00225965314152204,0.00104501219743974,2.81335307108455e-05,0.00114883859977449,0.000474102416616491,34.929
"100353",2.92950219719513e-05,5.81360449628713e-05,0.00225965314152204,0.00104501219743974,2.81335307108455e-05,0.00114883859977449,0.000474102416616491,34.929
"100354",2.92950219719513e-05,5.81360449628713e-05,0.00225965314152204,0.00104501219743974,2.81335307108455e-05,0.00114883859977449,0.000474102416616491,34.929
"100355",2.92950219719513e-05,5.81360449628713e-05,0.00225965314152204,0.00104501219743974,2.81335307108455e-05,0.00114883859977449,0.000474102416616491,34.922
"100356",2.92950219719513e-05,5.81360449628713e-05,0.00225965314152204,0.00104501219743974,2.81335307108455e-05,0.00114883859977449,0.000474102416616491,34.908
"100357",2.92950219719513e-05,5.81360449628713e-05,0.00955909084897301,0.00459356208129889,2.81335307108455e-05,0.042862986437184,0.000474102416616491,35.222
"100358",2.92950219719513e-05,5.81360449628713e-05,0.0101789822540957,0.00462156067767218,2.81335307108455e-05,0.0161967731815569,0.000474102416616491,35.223
"100359",2.92950219719513e-05,5.81360449628713e-05,0.0166710247177205,0.00800984943507973,2.81335307108455e-05,0.0212216947393351,0.000474102416616491,35.223
"100360",2.92950219719513e-05,5.81360449628713e-05,0.08229332029669,0.0706022030236343,2.81335307108455e-05,0.31286143868198,0.000474102416616491,35.223
"100361",2.92950219719513e-05,5.81360449628713e-05,0.00225965314152204,0.00104501219743974,2.81335307108455e-05,0.00114883859977449,0.000474102416616491,35.223
"100362",2.92950219719513e-05,5.81360449628713e-05,0.00225965314152204,0.00104501219743974,2.81335307108455e-05,0.00114883859977449,0.000474102416616491,35.223
"100363",2.92950219719513e-05,5.81360449628713e-05,0.00225965314152204,0.00104501219743974,2.81335307108455e-05,0.00114883859977449,0.000474102416616491,35.223
"100364",2.92950219719513e-05,5.81360449628713e-05,0.00225965314152204,0.00104501219743974,2.81335307108455e-05,0.00114883859977449,0.000474102416616491,35.223
"100365",2.92950219719513e-05,5.81360449628713e-05,0.00225965314152204,0.00104501219743974,2.81335307108455e-05,0.00114883859977449,0.000474102416616491,35.223
"100366",2.92950219719513e-05,5.81360449628713e-05,0.00225965314152204,0.00104501219743974,2.81335307108455e-05,0.00114883859977449,0.000474102416616491,35.223
"100367",2.92950219719513e-05,5.81360449628713e-05,0.00225965314152204,0.00104501219743974,2.81335307108455e-05,0.00114883859977449,0.000474102416616491,35.223
"100368",2.92950219719513e-05,5.81360449628713e-05,0.00225965314152204,0.00104501219743974,2.81335307108455e-05,0.00114883859977449,0.000474102416616491,35.223
"100369",2.92950219719513e-05,5.81360449628713e-05,0.00225965314152204,0.00104501219743974,2.81335307108455e-05,0.00114883859977449,0.000474102416616491,35.223
"100370",2.92950219719513e-05,5.81360449628713e-05,0.00225965314152204,0.00104501219743974,2.81335307108455e-05,0.00114883859977449,0.000474102416616491,35.223
"100371",2.92950219719513e-05,5.81360449628713e-05,0.00225965314152204,0.00104501219743974,2.81335307108455e-05,0.00114883859977449,0.000474102416616491,35.223
"100372",2.92950219719513e-05,5.81360449628713e-05,0.00225965314152204,0.00104501219743974,2.81335307108455e-05,0.00114883859977449,0.000474102416616491,35.223
"100373",2.92950219719513e-05,5.81360449628713e-05,0.00225965314152204,0.00104501219743974,2.81335307108455e-05,0.00114883859977449,0.000474102416616491,35.223
"100374",2.92950219719513e-05,5.81360449628713e-05,0.00225965314152204,0.00104501219743974,2.81335307108455e-05,0.00114883859977449,0.000474102416616491,35.223
"100375",2.92950219719513e-05,5.81360449628713e-05,0.00225965314152204,0.00104501219743974,2.81335307108455e-05,0.00114883859977449,0.000474102416616491,35.223
"100376",2.92950219719513e-05,5.81360449628713e-05,0.00225965314152204,0.00104501219743974,2.81335307108455e-05,0.00114883859977449,0.000474102416616491,35.224
"100377",2.92950219719513e-05,5.81360449628713e-05,0.00225965314152204,0.00104501219743974,2.81335307108455e-05,0.00114883859977449,0.000474102416616491,35.222
"100378",2.92950219719513e-05,5.81360449628713e-05,0.00225965314152204,0.00104501219743974,2.81335307108455e-05,0.00114883859977449,0.000474102416616491,35.484
"100379",2.92950219719513e-05,5.81360449628713e-05,0.0271139734637212,0.0174849964094536,2.81335307108455e-05,0.0564092160258737,0.000474102416616491,35.516
"100380",2.92950219719513e-05,5.81360449628713e-05,0.00225965314152204,0.00104501219743974,2.81335307108455e-05,0.00114883859977449,0.000474102416616491,35.516
"100381",2.92950219719513e-05,5.81360449628713e-05,0.00225965314152204,0.00104501219743974,2.81335307108455e-05,0.00114883859977449,0.000474102416616491,35.516
"100382",2.92950219719513e-05,5.81360449628713e-05,0.00225965314152204,0.00104501219743974,2.81335307108455e-05,0.00114883859977449,0.000474102416616491,35.516
"100383",2.92950219719513e-05,5.81360449628713e-05,0.00225965314152204,0.00104501219743974,2.81335307108455e-05,0.00114883859977449,0.000474102416616491,35.516
"100384",2.92950219719513e-05,5.81360449628713e-05,0.00225965314152204,0.00104501219743974,2.81335307108455e-05,0.00114883859977449,0.000474102416616491,35.516
"100385",2.92950219719513e-05,5.81360449628713e-05,0.00225965314152204,0.00104501219743974,2.81335307108455e-05,0.00114883859977449,0.000474102416616491,35.516
"100386",2.92950219719513e-05,5.81360449628713e-05,0.00225965314152204,0.00104501219743974,2.81335307108455e-05,0.00114883859977449,0.000474102416616491,35.516
"100387",2.92950219719513e-05,5.81360449628713e-05,0.00225965314152204,0.00104501219743974,2.81335307108455e-05,0.00114883859977449,0.000474102416616491,35.516
"100388",2.92950219719513e-05,5.81360449628713e-05,0.00225965314152204,0.00104501219743974,2.81335307108455e-05,0.00114883859977449,0.000474102416616491,35.516
"100389",2.92950219719513e-05,5.81360449628713e-05,0.00225965314152204,0.00104501219743974,2.81335307108455e-05,0.00114883859977449,0.000474102416616491,35.516
"100390",2.92950219719513e-05,5.81360449628713e-05,0.00225965314152204,0.00104501219743974,2.81335307108455e-05,0.00114883859977449,0.000474102416616491,35.516
"100391",2.92950219719513e-05,5.81360449628713e-05,0.00225965314152204,0.00104501219743974,2.81335307108455e-05,0.00114883859977449,0.000474102416616491,35.516
"100392",2.92950219719513e-05,5.81360449628713e-05,0.00225965314152204,0.00104501219743974,2.81335307108455e-05,0.00114883859977449,0.000474102416616491,35.516
"100393",2.92950219719513e-05,5.81360449628713e-05,0.00225965314152204,0.00104501219743974,2.81335307108455e-05,0.00114883859977449,0.000474102416616491,35.516
"100394",2.92950219719513e-05,5.81360449628713e-05,0.00225965314152204,0.00104501219743974,2.81335307108455e-05,0.00114883859977449,0.000474102416616491,35.516
"100395",2.92950219719513e-05,5.81360449628713e-05,0.00225965314152204,0.00104501219743974,2.81335307108455e-05,0.00114883859977449,0.000474102416616491,35.516
"100396",2.92950219719513e-05,5.81360449628713e-05,0.00225965314152204,0.00104501219743974,2.81335307108455e-05,0.00114883859977449,0.000474102416616491,35.519
"100397",2.92950219719513e-05,5.81360449628713e-05,0.00225965314152204,0.00104501219743974,2.81335307108455e-05,0.00114883859977449,0.000474102416616491,35.538
"100398",2.92950219719513e-05,5.81360449628713e-05,0.00225965314152204,0.00104501219743974,2.81335307108455e-05,0.00114883859977449,0.000474102416616491,35.521
"100399",2.92950219719513e-05,5.81360449628713e-05,0.00225965314152204,0.00104501219743974,2.81335307108455e-05,0.00114883859977449,0.000474102416616491,35.558
"100400",2.92950219719513e-05,5.81360449628713e-05,0.00225965314152204,0.00104501219743974,2.81335307108455e-05,0.00114883859977449,0.000474102416616491,35.8
"100401",2.92950219719513e-05,5.81360449628713e-05,0.00225965314152204,0.00104501219743974,2.81335307108455e-05,0.00114883859977449,0.000474102416616491,35.808
"100402",2.92950219719513e-05,5.81360449628713e-05,0.00225965314152204,0.00104501219743974,2.81335307108455e-05,0.00114883859977449,0.000474102416616491,35.808
"100403",2.92950219719513e-05,5.81360449628713e-05,0.00225965314152204,0.00104501219743974,2.81335307108455e-05,0.00114883859977449,0.000474102416616491,35.808
"100404",2.92950219719513e-05,5.81360449628713e-05,0.00225965314152204,0.00104501219743974,2.81335307108455e-05,0.00114883859977449,0.000474102416616491,35.808
"100405",2.92950219719513e-05,5.81360449628713e-05,0.00225965314152204,0.00104501219743974,2.81335307108455e-05,0.00114883859977449,0.000474102416616491,35.808
"100406",2.92950219719513e-05,5.81360449628713e-05,0.00225965314152204,0.00104501219743974,2.81335307108455e-05,0.00114883859977449,0.000474102416616491,35.808
"100407",2.92950219719513e-05,5.81360449628713e-05,0.00225965314152204,0.00104501219743974,2.81335307108455e-05,0.00114883859977449,0.000474102416616491,35.808
"100408",2.92950219719513e-05,5.81360449628713e-05,0.00225965314152204,0.00104501219743974,2.81335307108455e-05,0.00114883859977449,0.000474102416616491,35.808
"100409",2.92950219719513e-05,5.81360449628713e-05,0.00225965314152204,0.00104501219743974,2.81335307108455e-05,0.00114883859977449,0.000474102416616491,35.808
"100410",2.92950219719513e-05,5.81360449628713e-05,0.00225965314152204,0.00104501219743974,2.81335307108455e-05,0.00114883859977449,0.000474102416616491,35.808
"100411",2.92950219719513e-05,5.81360449628713e-05,0.00225965314152204,0.00104501219743974,2.81335307108455e-05,0.00114883859977449,0.000474102416616491,35.808
"100412",2.92950219719513e-05,5.81360449628713e-05,0.00225965314152204,0.00104501219743974,2.81335307108455e-05,0.00114883859977449,0.000474102416616491,35.808
"100413",2.92950219719513e-05,5.81360449628713e-05,0.00225965314152204,0.00104501219743974,2.81335307108455e-05,0.00114883859977449,0.000474102416616491,35.808
"100414",2.92950219719513e-05,5.81360449628713e-05,0.00225965314152204,0.00104501219743974,2.81335307108455e-05,0.00114883859977449,0.000474102416616491,35.808
"100415",2.92950219719513e-05,5.81360449628713e-05,0.00225965314152204,0.00104501219743974,2.81335307108455e-05,0.00114883859977449,0.000474102416616491,35.808
"100416",2.92950219719513e-05,5.81360449628713e-05,0.00225965314152204,0.00104501219743974,2.81335307108455e-05,0.00114883859977449,0.000474102416616491,35.808
"100417",2.92950219719513e-05,5.81360449628713e-05,0.00225965314152204,0.00104501219743974,2.81335307108455e-05,0.00114883859977449,0.000474102416616491,35.804
"100418",2.92950219719513e-05,5.81360449628713e-05,0.00225965314152204,0.00104501219743974,2.81335307108455e-05,0.00114883859977449,0.000474102416616491,35.807
"100419",2.92950219719513e-05,5.81360449628713e-05,0.00225965314152204,0.00104501219743974,2.81335307108455e-05,0.00114883859977449,0.000474102416616491,35.804
"100420",2.92950219719513e-05,5.81360449628713e-05,0.00806935976290208,0.00269692271113802,2.81335307108455e-05,0.00593907842268688,0.000474102416616491,36.064
"100421",2.92950219719513e-05,5.81360449628713e-05,0.00629647932444445,0.00188509742766126,2.81335307108455e-05,0.00547765262802913,0.000474102416616491,36.099
"100422",2.92950219719513e-05,5.81360449628713e-05,0.00225965314152204,0.00104501219743974,2.81335307108455e-05,0.00114883859977449,0.000474102416616491,36.099
"100423",2.92950219719513e-05,5.81360449628713e-05,0.00225965314152204,0.00104501219743974,2.81335307108455e-05,0.00114883859977449,0.000474102416616491,36.099
"100424",2.92950219719513e-05,5.81360449628713e-05,0.00225965314152204,0.00104501219743974,2.81335307108455e-05,0.00114883859977449,0.000474102416616491,36.099
"100425",2.92950219719513e-05,5.81360449628713e-05,0.00225965314152204,0.00104501219743974,2.81335307108455e-05,0.00114883859977449,0.000474102416616491,36.099
"100426",2.92950219719513e-05,5.81360449628713e-05,0.00225965314152204,0.00104501219743974,2.81335307108455e-05,0.00114883859977449,0.000474102416616491,36.099
"100427",2.92950219719513e-05,5.81360449628713e-05,0.00225965314152204,0.00104501219743974,2.81335307108455e-05,0.00114883859977449,0.000474102416616491,36.099
"100428",2.92950219719513e-05,5.81360449628713e-05,0.00225965314152204,0.00104501219743974,2.81335307108455e-05,0.00114883859977449,0.000474102416616491,36.099
"100429",2.92950219719513e-05,5.81360449628713e-05,0.00225965314152204,0.00104501219743974,2.81335307108455e-05,0.00114883859977449,0.000474102416616491,36.099
"100430",2.92950219719513e-05,5.81360449628713e-05,0.00225965314152204,0.00104501219743974,2.81335307108455e-05,0.00114883859977449,0.000474102416616491,36.099
"100431",2.92950219719513e-05,5.81360449628713e-05,0.00225965314152204,0.00104501219743974,2.81335307108455e-05,0.00114883859977449,0.000474102416616491,36.099
"100432",2.92950219719513e-05,5.81360449628713e-05,0.00225965314152204,0.00104501219743974,2.81335307108455e-05,0.00114883859977449,0.000474102416616491,36.099
"100433",2.92950219719513e-05,5.81360449628713e-05,0.00225965314152204,0.00104501219743974,2.81335307108455e-05,0.00114883859977449,0.000474102416616491,36.099
"100434",2.92950219719513e-05,5.81360449628713e-05,0.00225965314152204,0.00104501219743974,2.81335307108455e-05,0.00114883859977449,0.000474102416616491,36.099
"100435",2.92950219719513e-05,5.81360449628713e-05,0.00225965314152204,0.00104501219743974,2.81335307108455e-05,0.00114883859977449,0.000474102416616491,36.115
"100436",2.92950219719513e-05,5.81360449628713e-05,0.00225965314152204,0.00104501219743974,2.81335307108455e-05,0.00114883859977449,0.000474102416616491,36.141
"100437",2.92950219719513e-05,5.81360449628713e-05,0.00225965314152204,0.00104501219743974,2.81335307108455e-05,0.00114883859977449,0.000474102416616491,36.365
"100438",2.92950219719513e-05,5.81360449628713e-05,0.00225965314152204,0.00104501219743974,2.81335307108455e-05,0.00114883859977449,0.000474102416616491,36.388
"100439",2.92950219719513e-05,5.81360449628713e-05,0.00225965314152204,0.00104501219743974,2.81335307108455e-05,0.00114883859977449,0.000474102416616491,36.388
"100440",2.92950219719513e-05,5.81360449628713e-05,0.00225965314152204,0.00104501219743974,2.81335307108455e-05,0.00114883859977449,0.000474102416616491,36.388
"100441",2.92950219719513e-05,5.81360449628713e-05,0.00225965314152204,0.00104501219743974,2.81335307108455e-05,0.00114883859977449,0.000474102416616491,36.388
"100442",2.92950219719513e-05,5.81360449628713e-05,0.00225965314152204,0.00104501219743974,2.81335307108455e-05,0.00114883859977449,0.000474102416616491,36.388
"100443",2.92950219719513e-05,5.81360449628713e-05,0.00225965314152204,0.00104501219743974,2.81335307108455e-05,0.00114883859977449,0.000474102416616491,36.388
"100444",2.92950219719513e-05,5.81360449628713e-05,0.00225965314152204,0.00104501219743974,2.81335307108455e-05,0.00114883859977449,0.000474102416616491,36.388
"100445",2.92950219719513e-05,5.81360449628713e-05,0.00225965314152204,0.00104501219743974,2.81335307108455e-05,0.00114883859977449,0.000474102416616491,36.388
"100446",2.92950219719513e-05,5.81360449628713e-05,0.00225965314152204,0.00104501219743974,2.81335307108455e-05,0.00114883859977449,0.000474102416616491,36.388
"100447",2.92950219719513e-05,5.81360449628713e-05,0.00225965314152204,0.00104501219743974,2.81335307108455e-05,0.00114883859977449,0.000474102416616491,36.388
"100448",2.92950219719513e-05,5.81360449628713e-05,0.00225965314152204,0.00104501219743974,2.81335307108455e-05,0.00114883859977449,0.000474102416616491,36.388
"100449",2.92950219719513e-05,5.81360449628713e-05,0.00225965314152204,0.00104501219743974,2.81335307108455e-05,0.00114883859977449,0.000474102416616491,36.388
"100450",2.92950219719513e-05,5.81360449628713e-05,0.00225965314152204,0.00104501219743974,2.81335307108455e-05,0.00114883859977449,0.000474102416616491,36.388
"100451",2.92950219719513e-05,5.81360449628713e-05,0.00225965314152204,0.00104501219743974,2.81335307108455e-05,0.00114883859977449,0.000474102416616491,36.39
"100452",2.92950219719513e-05,5.81360449628713e-05,0.00225965314152204,0.00104501219743974,2.81335307108455e-05,0.00114883859977449,0.000474102416616491,36.39
"100453",2.92950219719513e-05,5.81360449628713e-05,0.00225965314152204,0.00104501219743974,2.81335307108455e-05,0.00114883859977449,0.000474102416616491,36.379
"100454",2.92950219719513e-05,5.81360449628713e-05,0.00225965314152204,0.00104501219743974,2.81335307108455e-05,0.00114883859977449,0.000474102416616491,36.688
"100455",2.92950219719513e-05,5.81360449628713e-05,0.00225965314152204,0.00104501219743974,2.81335307108455e-05,0.00114883859977449,0.000474102416616491,36.708
"100456",2.92950219719513e-05,5.81360449628713e-05,0.00225965314152204,0.00104501219743974,2.81335307108455e-05,0.00114883859977449,0.000474102416616491,36.708
"100457",2.92950219719513e-05,5.81360449628713e-05,0.00225965314152204,0.00104501219743974,2.81335307108455e-05,0.00114883859977449,0.000474102416616491,36.713
"100458",2.92950219719513e-05,5.81360449628713e-05,0.00225965314152204,0.00104501219743974,2.81335307108455e-05,0.00114883859977449,0.000474102416616491,36.697
"100459",2.92950219719513e-05,5.81360449628713e-05,0.00225965314152204,0.00104501219743974,2.81335307108455e-05,0.00114883859977449,0.000474102416616491,36.677
"100460",2.92950219719513e-05,5.81360449628713e-05,0.00225965314152204,0.00104501219743974,2.81335307108455e-05,0.00114883859977449,0.000474102416616491,36.677
"100461",2.92950219719513e-05,5.81360449628713e-05,0.00225965314152204,0.00104501219743974,2.81335307108455e-05,0.00114883859977449,0.000474102416616491,36.677
"100462",2.92950219719513e-05,5.81360449628713e-05,0.00225965314152204,0.00104501219743974,2.81335307108455e-05,0.00114883859977449,0.000474102416616491,36.677
"100463",2.92950219719513e-05,5.81360449628713e-05,0.00225965314152204,0.00104501219743974,2.81335307108455e-05,0.00114883859977449,0.000474102416616491,36.677
"100464",2.92950219719513e-05,5.81360449628713e-05,0.00225965314152204,0.00104501219743974,2.81335307108455e-05,0.00114883859977449,0.000474102416616491,36.686
"100465",2.92950219719513e-05,5.81360449628713e-05,0.00225965314152204,0.00104501219743974,2.81335307108455e-05,0.00114883859977449,0.000474102416616491,36.68
"100466",2.92950219719513e-05,5.81360449628713e-05,0.00225965314152204,0.00104501219743974,2.81335307108455e-05,0.00114883859977449,0.000474102416616491,36.677
"100467",2.92950219719513e-05,5.81360449628713e-05,0.00225965314152204,0.00104501219743974,2.81335307108455e-05,0.00114883859977449,0.000474102416616491,36.677
"100468",2.92950219719513e-05,5.81360449628713e-05,0.00225965314152204,0.00104501219743974,2.81335307108455e-05,0.00114883859977449,0.000474102416616491,36.677
"100469",2.92950219719513e-05,5.81360449628713e-05,0.00225965314152204,0.00104501219743974,2.81335307108455e-05,0.00114883859977449,0.000474102416616491,36.677
"100470",2.92950219719513e-05,5.81360449628713e-05,0.00225965314152204,0.00104501219743974,2.81335307108455e-05,0.00114883859977449,0.000474102416616491,36.677
"100471",2.92950219719513e-05,5.81360449628713e-05,0.00225965314152204,0.00104501219743974,2.81335307108455e-05,0.00114883859977449,0.000474102416616491,36.682
"100472",2.92950219719513e-05,5.81360449628713e-05,0.00225965314152204,0.00104501219743974,2.81335307108455e-05,0.00114883859977449,0.000474102416616491,36.936
"100473",2.92950219719513e-05,5.81360449628713e-05,0.00225965314152204,0.00104501219743974,2.81335307108455e-05,0.00114883859977449,0.000474102416616491,36.965
"100474",2.92950219719513e-05,5.81360449628713e-05,0.00225965314152204,0.00104501219743974,2.81335307108455e-05,0.00114883859977449,0.000474102416616491,36.965
"100475",2.92950219719513e-05,5.81360449628713e-05,0.00374778095148502,0.00104501219743974,2.81335307108455e-05,0.00286562378752802,0.000474102416616491,36.965
"100476",2.92950219719513e-05,5.81360449628713e-05,0.00225965314152204,0.00104501219743974,2.81335307108455e-05,0.00114883859977449,0.000474102416616491,36.965
"100477",2.92950219719513e-05,5.81360449628713e-05,0.00225965314152204,0.00104501219743974,2.81335307108455e-05,0.00114883859977449,0.000474102416616491,36.965
"100478",2.92950219719513e-05,5.81360449628713e-05,0.00225965314152204,0.00104501219743974,2.81335307108455e-05,0.00114883859977449,0.000474102416616491,36.964
"100479",2.92950219719513e-05,5.81360449628713e-05,0.00346686997562076,0.00104501219743974,2.81335307108455e-05,0.00234109154067302,0.000474102416616491,36.965
"100480",2.92950219719513e-05,5.81360449628713e-05,0.00225965314152204,0.00104501219743974,2.81335307108455e-05,0.00114883859977449,0.000474102416616491,36.965
"100481",2.92950219719513e-05,5.81360449628713e-05,0.00225965314152204,0.00104501219743974,2.81335307108455e-05,0.00114883859977449,0.000474102416616491,36.965
"100482",2.92950219719513e-05,5.81360449628713e-05,0.00225965314152204,0.00104501219743974,2.81335307108455e-05,0.00114883859977449,0.000474102416616491,36.965
"100483",2.92950219719513e-05,5.81360449628713e-05,0.00225965314152204,0.00104501219743974,2.81335307108455e-05,0.00114883859977449,0.000474102416616491,36.965
"100484",2.92950219719513e-05,5.81360449628713e-05,0.00225965314152204,0.00104501219743974,2.81335307108455e-05,0.00114883859977449,0.000474102416616491,36.965
"100485",2.92950219719513e-05,5.81360449628713e-05,0.00225965314152204,0.00104501219743974,2.81335307108455e-05,0.00114883859977449,0.000474102416616491,36.965
"100486",2.92950219719513e-05,5.81360449628713e-05,0.00225965314152204,0.00104501219743974,2.81335307108455e-05,0.00114883859977449,0.000474102416616491,36.965
"100487",2.92950219719513e-05,5.81360449628713e-05,0.00225965314152204,0.00104501219743974,2.81335307108455e-05,0.00114883859977449,0.000474102416616491,36.965
"100488",2.92950219719513e-05,5.81360449628713e-05,0.00225965314152204,0.00104501219743974,2.81335307108455e-05,0.00114883859977449,0.000474102416616491,36.965
"100489",2.92950219719513e-05,5.81360449628713e-05,0.00225965314152204,0.00104501219743974,2.81335307108455e-05,0.00114883859977449,0.000474102416616491,36.958
"100490",2.92950219719513e-05,5.81360449628713e-05,0.003924598883665,0.00104501219743974,2.81335307108455e-05,0.00137801876351902,0.000474102416616491,37.187
"100491",2.92950219719513e-05,5.81360449628713e-05,0.00374242704271206,0.00104501219743974,2.81335307108455e-05,0.0051269938322197,0.000474102416616491,37.249
"100492",2.92950219719513e-05,5.81360449628713e-05,0.00266370721628143,0.00104501219743974,2.81335307108455e-05,0.00319742970090703,0.000474102416616491,37.251
"100493",2.92950219719513e-05,5.81360449628713e-05,0.00278090181697095,0.00104501219743974,2.81335307108455e-05,0.00334448887784632,0.000474102416616491,37.251
"100494",2.92950219719513e-05,5.81360449628713e-05,0.00225965314152204,0.00104501219743974,2.81335307108455e-05,0.00114883859977449,0.000474102416616491,37.251
"100495",2.92950219719513e-05,5.81360449628713e-05,0.00786150199031706,0.00205684474920748,2.81335307108455e-05,0.00319796204410171,0.000474102416616491,37.254
"100496",2.92950219719513e-05,5.81360449628713e-05,0.016133669818213,0.00671836638280325,2.81335307108455e-05,0.0185484799793947,0.000474102416616491,37.251
"100497",2.92950219719513e-05,5.81360449628713e-05,0.0333719418064849,0.0185784424231048,2.81335307108455e-05,0.0430449017451313,0.000474102416616491,37.247
"100498",2.92950219719513e-05,5.81360449628713e-05,0.00225965314152204,0.00104501219743974,2.81335307108455e-05,0.00114883859977449,0.000474102416616491,37.251
"100499",2.92950219719513e-05,5.81360449628713e-05,0.00225965314152204,0.00104501219743974,2.81335307108455e-05,0.00114883859977449,0.000474102416616491,37.244
"100500",2.92950219719513e-05,5.81360449628713e-05,0.00225965314152204,0.00104501219743974,2.81335307108455e-05,0.00114883859977449,0.000474102416616491,37.251
"100501",2.92950219719513e-05,5.81360449628713e-05,0.00225965314152204,0.00104501219743974,2.81335307108455e-05,0.00114883859977449,0.000474102416616491,37.251
"100502",2.92950219719513e-05,5.81360449628713e-05,0.00225965314152204,0.00104501219743974,2.81335307108455e-05,0.00114883859977449,0.000474102416616491,37.251
"100503",2.92950219719513e-05,5.81360449628713e-05,0.00225965314152204,0.00104501219743974,2.81335307108455e-05,0.00114883859977449,0.000474102416616491,37.251
"100504",2.92950219719513e-05,5.81360449628713e-05,0.00225965314152204,0.00104501219743974,2.81335307108455e-05,0.00114883859977449,0.000474102416616491,37.253
"100505",2.92950219719513e-05,5.81360449628713e-05,0.00225965314152204,0.00104501219743974,2.81335307108455e-05,0.00114883859977449,0.000474102416616491,37.252
"100506",2.92950219719513e-05,5.81360449628713e-05,0.00225965314152204,0.00104501219743974,2.81335307108455e-05,0.00114883859977449,0.000474102416616491,37.274
"100507",2.92950219719513e-05,5.81360449628713e-05,0.00225965314152204,0.00104501219743974,2.81335307108455e-05,0.00114883859977449,0.000474102416616491,37.272
"100508",2.92950219719513e-05,5.81360449628713e-05,0.00467589685767423,0.00139689403545568,2.81335307108455e-05,0.00620153336672277,0.000474102416616491,37.551
"100509",2.92950219719513e-05,5.81360449628713e-05,0.00522752747514657,0.0016165982053675,2.81335307108455e-05,0.00788623358424863,0.000474102416616491,37.537
"100510",2.92950219719513e-05,5.81360449628713e-05,0.010402839082317,0.00465174086907851,2.81335307108455e-05,0.0245737592194535,0.000474102416616491,37.537
"100511",2.92950219719513e-05,5.81360449628713e-05,0.00245374688926874,0.00104501219743974,2.81335307108455e-05,0.00194469956959249,0.000474102416616491,37.537
"100512",2.92950219719513e-05,5.81360449628713e-05,0.00739325031096607,0.00217762774560751,2.81335307108455e-05,0.00510400585047977,0.000474102416616491,37.537
"100513",2.92950219719513e-05,5.81360449628713e-05,0.0209728392924763,0.00935946700387289,2.81335307108455e-05,0.0210807479909578,0.000474102416616491,37.537
"100514",2.92950219719513e-05,5.81360449628713e-05,0.00225965314152204,0.00104501219743974,2.81335307108455e-05,0.00114883859977449,0.000474102416616491,37.537
"100515",2.92950219719513e-05,5.81360449628713e-05,0.00225965314152204,0.00104501219743974,2.81335307108455e-05,0.00114883859977449,0.000474102416616491,37.537
"100516",2.92950219719513e-05,5.81360449628713e-05,0.00225965314152204,0.00104501219743974,2.81335307108455e-05,0.00114883859977449,0.000474102416616491,37.545
"100517",2.92950219719513e-05,5.81360449628713e-05,0.00225965314152204,0.00104501219743974,2.81335307108455e-05,0.00114883859977449,0.000474102416616491,37.537
"100518",2.92950219719513e-05,5.81360449628713e-05,0.00225965314152204,0.00104501219743974,2.81335307108455e-05,0.00114883859977449,0.000474102416616491,37.537
"100519",2.92950219719513e-05,5.81360449628713e-05,0.00225965314152204,0.00104501219743974,2.81335307108455e-05,0.00114883859977449,0.000474102416616491,37.537
"100520",2.92950219719513e-05,5.81360449628713e-05,0.00225965314152204,0.00104501219743974,2.81335307108455e-05,0.00114883859977449,0.000474102416616491,37.537
"100521",2.92950219719513e-05,5.81360449628713e-05,0.00225965314152204,0.00104501219743974,2.81335307108455e-05,0.00114883859977449,0.000474102416616491,37.538
"100522",2.92950219719513e-05,5.81360449628713e-05,0.00225965314152204,0.00104501219743974,2.81335307108455e-05,0.00114883859977449,0.000474102416616491,37.537
"100523",2.92950219719513e-05,5.81360449628713e-05,0.00225965314152204,0.00104501219743974,2.81335307108455e-05,0.00114883859977449,0.000474102416616491,37.533
"100524",2.92950219719513e-05,5.81360449628713e-05,0.00225965314152204,0.00104501219743974,2.81335307108455e-05,0.00114883859977449,0.000474102416616491,37.821
"100525",2.92950219719513e-05,5.81360449628713e-05,0.00567425833908762,0.00181435587919272,2.81335307108455e-05,0.00713378236567639,0.000474102416616491,37.821
"100526",2.92950219719513e-05,5.81360449628713e-05,0.139113914331098,0.125014563333337,2.81335307108455e-05,0.257701471200047,0.000474102416616491,37.821
"100527",2.92950219719513e-05,5.81360449628713e-05,0.0366081470964191,0.0215827641650459,2.81335307108455e-05,0.0605111267467579,0.000474102416616491,37.821
"100528",2.92950219719513e-05,5.81360449628713e-05,0.0400344863276814,0.0213445426229969,2.81335307108455e-05,0.0417975561877993,0.000474102416616491,37.821
"100529",2.92950219719513e-05,5.81360449628713e-05,0.0165199621213095,0.00595565211173842,2.81335307108455e-05,0.00979011750960189,0.000474102416616491,37.821
"100530",2.92950219719513e-05,5.81360449628713e-05,0.00225965314152204,0.00104501219743974,2.81335307108455e-05,0.00114883859977449,0.000474102416616491,37.822
"100531",2.92950219719513e-05,5.81360449628713e-05,0.00225965314152204,0.00104501219743974,2.81335307108455e-05,0.00114883859977449,0.000474102416616491,37.822
"100532",2.92950219719513e-05,5.81360449628713e-05,0.00225965314152204,0.00104501219743974,2.81335307108455e-05,0.00114883859977449,0.000474102416616491,37.823
"100533",2.92950219719513e-05,5.81360449628713e-05,0.00225965314152204,0.00104501219743974,2.81335307108455e-05,0.00114883859977449,0.000474102416616491,37.821
"100534",2.92950219719513e-05,5.81360449628713e-05,0.00225965314152204,0.00104501219743974,2.81335307108455e-05,0.00114883859977449,0.000474102416616491,37.821
"100535",2.92950219719513e-05,5.81360449628713e-05,0.00225965314152204,0.00104501219743974,2.81335307108455e-05,0.00114883859977449,0.000474102416616491,37.821
"100536",2.92950219719513e-05,5.81360449628713e-05,0.00225965314152204,0.00104501219743974,2.81335307108455e-05,0.00114883859977449,0.000474102416616491,37.821
"100537",2.92950219719513e-05,5.81360449628713e-05,0.00225965314152204,0.00104501219743974,2.81335307108455e-05,0.00114883859977449,0.000474102416616491,37.821
"100538",2.92950219719513e-05,5.81360449628713e-05,0.00225965314152204,0.00104501219743974,2.81335307108455e-05,0.00114883859977449,0.000474102416616491,37.82
"100539",2.92950219719513e-05,5.81360449628713e-05,0.00225965314152204,0.00104501219743974,2.81335307108455e-05,0.00114883859977449,0.000474102416616491,37.825
"100540",2.92950219719513e-05,5.81360449628713e-05,0.00225965314152204,0.00104501219743974,2.81335307108455e-05,0.00114883859977449,0.000474102416616491,37.825
"100541",2.92950219719513e-05,5.81360449628713e-05,0.00225965314152204,0.00104501219743974,2.81335307108455e-05,0.0015317082458336,0.000474102416616491,37.829
"100542",2.92950219719513e-05,5.81360449628713e-05,0.00225965314152204,0.00104501219743974,2.81335307108455e-05,0.00114883859977449,0.000474102416616491,38.115
"100543",2.92950219719513e-05,5.81360449628713e-05,0.00225965314152204,0.00104501219743974,2.81335307108455e-05,0.00114883859977449,0.000474102416616491,38.105
"100544",2.92950219719513e-05,5.81360449628713e-05,0.00225965314152204,0.00104501219743974,2.81335307108455e-05,0.00114883859977449,0.000474102416616491,38.105
"100545",2.92950219719513e-05,5.81360449628713e-05,0.00831368307519684,0.00184744983833401,2.81335307108455e-05,0.00528789939548628,0.000474102416616491,38.105
"100546",2.92950219719513e-05,5.81360449628713e-05,0.0354406062296724,0.0139523644239921,2.81335307108455e-05,0.0456482344566968,0.000474102416616491,38.105
"100547",4.56472898725646e-05,6.37742993371252e-05,0.831271082270268,0.925946324730953,9.96948961918329e-05,0.984017913589128,0.000474102416616491,38.105
"100548",2.92950219719513e-05,5.81360449628713e-05,0.383870917105537,0.374691672032912,2.81335307108455e-05,0.612897398233441,0.000474102416616491,38.105
"100549",2.92950219719513e-05,5.81360449628713e-05,0.00225965314152204,0.00104501219743974,2.81335307108455e-05,0.00114883859977449,0.000474102416616491,38.105
"100550",2.92950219719513e-05,5.81360449628713e-05,0.00225965314152204,0.00104501219743974,2.81335307108455e-05,0.00114883859977449,0.000474102416616491,38.105
"100551",2.92950219719513e-05,5.81360449628713e-05,0.00225965314152204,0.00104501219743974,2.81335307108455e-05,0.00114883859977449,0.000474102416616491,38.102
"100552",2.92950219719513e-05,5.81360449628713e-05,0.00225965314152204,0.00104501219743974,2.81335307108455e-05,0.00114883859977449,0.000474102416616491,38.106
"100553",2.92950219719513e-05,5.81360449628713e-05,0.00225965314152204,0.00104501219743974,2.81335307108455e-05,0.00114883859977449,0.000474102416616491,38.106
"100554",2.92950219719513e-05,5.81360449628713e-05,0.00225965314152204,0.00104501219743974,2.81335307108455e-05,0.00114883859977449,0.000474102416616491,38.105
"100555",2.92950219719513e-05,5.81360449628713e-05,0.00225965314152204,0.00104501219743974,2.81335307108455e-05,0.00114883859977449,0.000474102416616491,38.105
"100556",2.92950219719513e-05,5.81360449628713e-05,0.00225965314152204,0.00104501219743974,2.81335307108455e-05,0.00114883859977449,0.000474102416616491,38.105
"100557",2.92950219719513e-05,5.81360449628713e-05,0.00225965314152204,0.00104501219743974,2.81335307108455e-05,0.00114883859977449,0.000474102416616491,38.099
"100558",2.92950219719513e-05,5.81360449628713e-05,0.00225965314152204,0.00104501219743974,2.81335307108455e-05,0.00114883859977449,0.000474102416616491,38.076
"100559",2.92950219719513e-05,5.81360449628713e-05,0.00225965314152204,0.00104501219743974,2.81335307108455e-05,0.00114883859977449,0.000474102416616491,38.106
"100560",2.92950219719513e-05,5.81360449628713e-05,0.00225965314152204,0.00104501219743974,2.81335307108455e-05,0.00158583188122176,0.000474102416616491,38.122
"100561",2.92950219719513e-05,5.81360449628713e-05,0.00225965314152204,0.00104501219743974,2.81335307108455e-05,0.00114883859977449,0.000474102416616491,38.35
"100562",2.92950219719513e-05,5.81360449628713e-05,0.00225965314152204,0.00104501219743974,2.81335307108455e-05,0.00114883859977449,0.000474102416616491,38.387
"100563",2.92950219719513e-05,5.81360449628713e-05,0.00225965314152204,0.00104501219743974,2.81335307108455e-05,0.00114883859977449,0.000474102416616491,38.387
"100564",2.92950219719513e-05,5.81360449628713e-05,0.00408275464963384,0.00104501219743974,2.81335307108455e-05,0.00210584472763382,0.000474102416616491,38.387
"100565",2.92950219719513e-05,5.81360449628713e-05,0.0256531987444202,0.00830965982101308,2.81335307108455e-05,0.0204120500034023,0.000474102416616491,38.387
"100566",2.92950219719513e-05,5.81360449628713e-05,0.250677098699466,0.226767952298302,2.81335307108455e-05,0.505176254727569,0.000474102416616491,38.387
"100567",5.54183924296583e-05,5.81360449628713e-05,0.934560153333355,0.977822830691141,5.9065085480627e-05,0.992310057409216,0.000474102416616491,38.387
"100568",2.92950219719513e-05,5.81360449628713e-05,0.170519726126804,0.100135161033831,2.81335307108455e-05,0.119513495056727,0.000474102416616491,38.387
"100569",2.92950219719513e-05,5.81360449628713e-05,0.0025892291211046,0.00104501219743974,2.81335307108455e-05,0.00114883859977449,0.000474102416616491,38.387
"100570",2.92950219719513e-05,5.81360449628713e-05,0.00225965314152204,0.00104501219743974,2.81335307108455e-05,0.00114883859977449,0.000474102416616491,38.387
"100571",2.92950219719513e-05,5.81360449628713e-05,0.00225965314152204,0.00104501219743974,2.81335307108455e-05,0.00114883859977449,0.000474102416616491,38.384
"100572",2.92950219719513e-05,5.81360449628713e-05,0.00225965314152204,0.00104501219743974,2.81335307108455e-05,0.00114883859977449,0.000474102416616491,38.387
"100573",2.92950219719513e-05,5.81360449628713e-05,0.00225965314152204,0.00104501219743974,2.81335307108455e-05,0.00114883859977449,0.000474102416616491,38.387
"100574",2.92950219719513e-05,5.81360449628713e-05,0.00225965314152204,0.00104501219743974,2.81335307108455e-05,0.00114883859977449,0.000474102416616491,38.387
"100575",2.92950219719513e-05,5.81360449628713e-05,0.00225965314152204,0.00104501219743974,2.81335307108455e-05,0.00114883859977449,0.000474102416616491,38.386
"100576",2.92950219719513e-05,5.81360449628713e-05,0.00225965314152204,0.00104501219743974,2.81335307108455e-05,0.00114883859977449,0.000474102416616491,38.398
"100577",2.92950219719513e-05,5.81360449628713e-05,0.00225965314152204,0.00104501219743974,2.81335307108455e-05,0.00114883859977449,0.000474102416616491,38.389
"100578",2.92950219719513e-05,5.81360449628713e-05,0.00225965314152204,0.00104501219743974,2.81335307108455e-05,0.00114883859977449,0.000474102416616491,38.401
"100579",2.92950219719513e-05,5.81360449628713e-05,0.00225965314152204,0.00104501219743974,2.81335307108455e-05,0.00114883859977449,0.000474102416616491,38.387
"100580",2.92950219719513e-05,5.81360449628713e-05,0.00225965314152204,0.00104501219743974,2.81335307108455e-05,0.00114883859977449,0.000474102416616491,38.392
"100581",2.92950219719513e-05,5.81360449628713e-05,0.00225965314152204,0.00104501219743974,2.81335307108455e-05,0.00114883859977449,0.000474102416616491,38.666
"100582",2.92950219719513e-05,5.81360449628713e-05,0.00225965314152204,0.00104501219743974,2.81335307108455e-05,0.00114883859977449,0.000474102416616491,38.668
"100583",2.92950219719513e-05,5.81360449628713e-05,0.00417711576492169,0.00104501219743974,2.81335307108455e-05,0.00170810913754467,0.000474102416616491,38.668
"100584",2.92950219719513e-05,5.81360449628713e-05,0.0189283621784862,0.00532810268643096,2.81335307108455e-05,0.0119427321489238,0.000474102416616491,38.668
"100585",2.92950219719513e-05,5.81360449628713e-05,0.0205457134573323,0.00624129502328255,2.81335307108455e-05,0.0157594294907538,0.000474102416616491,38.668
"100586",2.92950219719513e-05,5.81360449628713e-05,0.693116769372575,0.792200381704164,2.81335307108455e-05,0.921635872154786,0.000474102416616491,38.668
"100587",2.92950219719513e-05,5.81360449628713e-05,0.543704039713411,0.500697781602899,2.81335307108455e-05,0.538737927727908,0.000474102416616491,38.668
"100588",2.92950219719513e-05,5.81360449628713e-05,0.0334544165824538,0.00888221960574963,2.81335307108455e-05,0.0105143892711159,0.000474102416616491,38.668
"100589",2.92950219719513e-05,5.81360449628713e-05,0.00225965314152204,0.00104501219743974,2.81335307108455e-05,0.00114883859977449,0.000474102416616491,38.668
"100590",2.92950219719513e-05,5.81360449628713e-05,0.00297534649675527,0.00104501219743974,2.81335307108455e-05,0.00114883859977449,0.000474102416616491,38.668
"100591",2.92950219719513e-05,5.81360449628713e-05,0.00225965314152204,0.00104501219743974,2.81335307108455e-05,0.00114883859977449,0.000474102416616491,38.668
"100592",2.92950219719513e-05,5.81360449628713e-05,0.00225965314152204,0.00104501219743974,2.81335307108455e-05,0.00114883859977449,0.000474102416616491,38.668
"100593",2.92950219719513e-05,5.81360449628713e-05,0.00225965314152204,0.00104501219743974,2.81335307108455e-05,0.00114883859977449,0.000474102416616491,38.668
"100594",2.92950219719513e-05,5.81360449628713e-05,0.00225965314152204,0.00104501219743974,2.81335307108455e-05,0.00114883859977449,0.000474102416616491,38.669
"100595",2.92950219719513e-05,5.81360449628713e-05,0.00225965314152204,0.00104501219743974,2.81335307108455e-05,0.00114883859977449,0.000474102416616491,38.668
"100596",2.92950219719513e-05,5.81360449628713e-05,0.00225965314152204,0.00104501219743974,2.81335307108455e-05,0.00114883859977449,0.000474102416616491,38.666
"100597",2.92950219719513e-05,5.81360449628713e-05,0.00225965314152204,0.00104501219743974,2.81335307108455e-05,0.00114883859977449,0.000474102416616491,38.67
"100598",2.92950219719513e-05,5.81360449628713e-05,0.00225965314152204,0.00104501219743974,2.81335307108455e-05,0.00114883859977449,0.000474102416616491,38.668
"100599",2.92950219719513e-05,5.81360449628713e-05,0.00225965314152204,0.00104501219743974,2.81335307108455e-05,0.00114883859977449,0.000474102416616491,38.663
"100600",2.92950219719513e-05,5.81360449628713e-05,0.00225965314152204,0.00104501219743974,2.81335307108455e-05,0.00114883859977449,0.000474102416616491,38.938
"100601",2.92950219719513e-05,5.81360449628713e-05,0.00469433185173359,0.00104501219743974,2.81335307108455e-05,0.00141687889146344,0.000474102416616491,38.948
"100602",2.92950219719513e-05,5.81360449628713e-05,0.00652081730581428,0.0012670324945406,2.81335307108455e-05,0.00291111097313169,0.000474102416616491,38.948
"100603",2.92950219719513e-05,5.81360449628713e-05,0.00396600176510092,0.00104501219743974,2.81335307108455e-05,0.0019248811102362,0.000474102416616491,38.948
"100604",2.92950219719513e-05,5.81360449628713e-05,0.00472259131687093,0.00104501219743974,2.81335307108455e-05,0.00299518517148753,0.000474102416616491,38.948
"100605",2.92950219719513e-05,5.81360449628713e-05,0.168630707686522,0.105346416343207,2.81335307108455e-05,0.192195734477169,0.000474102416616491,38.948
"100606",2.92950219719513e-05,5.81360449628713e-05,0.245854899975362,0.174456956374141,2.81335307108455e-05,0.261376447105536,0.000474102416616491,38.948
"100607",2.92950219719513e-05,5.81360449628713e-05,0.00225965314152204,0.00104501219743974,2.81335307108455e-05,0.00114883859977449,0.000474102416616491,38.948
"100608",2.92950219719513e-05,5.81360449628713e-05,0.655099936225582,0.737371973047504,2.81335307108455e-05,0.895226313868454,0.000474102416616491,38.948
"100609",2.92950219719513e-05,5.81360449628713e-05,0.00225965314152204,0.00104501219743974,2.81335307108455e-05,0.00114883859977449,0.000474102416616491,38.948
"100610",2.92950219719513e-05,5.81360449628713e-05,0.00225965314152204,0.00104501219743974,2.81335307108455e-05,0.00114883859977449,0.000474102416616491,38.948
"100611",2.92950219719513e-05,5.81360449628713e-05,0.00225965314152204,0.00104501219743974,2.81335307108455e-05,0.00114883859977449,0.000474102416616491,38.948
"100612",2.92950219719513e-05,5.81360449628713e-05,0.00225965314152204,0.00104501219743974,2.81335307108455e-05,0.00114883859977449,0.000474102416616491,38.949
"100613",2.92950219719513e-05,5.81360449628713e-05,0.00225965314152204,0.00104501219743974,2.81335307108455e-05,0.00114883859977449,0.000474102416616491,38.963
"100614",2.92950219719513e-05,5.81360449628713e-05,0.00225965314152204,0.00104501219743974,2.81335307108455e-05,0.00114883859977449,0.000474102416616491,38.949
"100615",2.92950219719513e-05,5.81360449628713e-05,0.00225965314152204,0.00104501219743974,2.81335307108455e-05,0.00114883859977449,0.000474102416616491,38.948
"100616",2.92950219719513e-05,5.81360449628713e-05,0.00225965314152204,0.00104501219743974,2.81335307108455e-05,0.00114883859977449,0.000474102416616491,38.948
"100617",2.92950219719513e-05,5.81360449628713e-05,0.00225965314152204,0.00104501219743974,2.81335307108455e-05,0.00114883859977449,0.000474102416616491,39.225
"100618",2.92950219719513e-05,5.81360449628713e-05,0.00225965314152204,0.00104501219743974,2.81335307108455e-05,0.00114883859977449,0.000474102416616491,39.227
"100619",2.92950219719513e-05,5.81360449628713e-05,0.00455466833650188,0.00104501219743974,2.81335307108455e-05,0.00307984122309461,0.000474102416616491,39.227
"100620",2.92950219719513e-05,5.81360449628713e-05,0.00376257222384475,0.00104501219743974,2.81335307108455e-05,0.00226340792700067,0.000474102416616491,39.227
"100621",2.92950219719513e-05,5.81360449628713e-05,0.0379669758310768,0.0141867923089579,2.81335307108455e-05,0.0361011623129342,0.000474102416616491,39.227
"100622",2.92950219719513e-05,5.81360449628713e-05,0.388737275479913,0.365891169167355,2.81335307108455e-05,0.575493081089431,0.000474102416616491,39.227
"100623",2.92950219719513e-05,5.81360449628713e-05,0.00775129667675543,0.00119518619922446,2.81335307108455e-05,0.00146886024023054,0.000474102416616491,39.227
"100624",2.92950219719513e-05,5.81360449628713e-05,0.0613403875478143,0.0257161479266694,2.81335307108455e-05,0.0537809990751775,0.000474102416616491,39.227
"100625",2.92950219719513e-05,5.81360449628713e-05,0.840612992598919,0.927365158589211,2.81335307108455e-05,0.975777011063939,0.0104661558695176,39.227
"100626",2.92950219719513e-05,5.81360449628713e-05,0.00225965314152204,0.00104501219743974,2.81335307108455e-05,0.00114883859977449,0.000474102416616491,39.228
"100627",2.92950219719513e-05,5.81360449628713e-05,0.00225965314152204,0.00104501219743974,2.81335307108455e-05,0.00114883859977449,0.000474102416616491,39.227
"100628",2.92950219719513e-05,5.81360449628713e-05,0.00225965314152204,0.00104501219743974,2.81335307108455e-05,0.00114883859977449,0.000474102416616491,39.227
"100629",2.92950219719513e-05,5.81360449628713e-05,0.00225965314152204,0.00104501219743974,2.81335307108455e-05,0.00114883859977449,0.000474102416616491,39.227
"100630",2.92950219719513e-05,5.81360449628713e-05,0.00225965314152204,0.00104501219743974,2.81335307108455e-05,0.00114883859977449,0.000474102416616491,39.205
"100631",2.92950219719513e-05,5.81360449628713e-05,0.00225965314152204,0.00104501219743974,2.81335307108455e-05,0.00114883859977449,0.000474102416616491,39.226
"100632",2.92950219719513e-05,5.81360449628713e-05,0.00225965314152204,0.00104501219743974,2.81335307108455e-05,0.00114883859977449,0.000474102416616491,39.222
"100633",2.92950219719513e-05,5.81360449628713e-05,0.00225965314152204,0.00104501219743974,2.81335307108455e-05,0.00114883859977449,0.000474102416616491,39.246
"100634",2.92950219719513e-05,5.81360449628713e-05,0.00225965314152204,0.00104501219743974,2.81335307108455e-05,0.00114883859977449,0.000474102416616491,39.476
"100635",2.92950219719513e-05,5.81360449628713e-05,0.17682533039321,0.127041160822933,2.81335307108455e-05,0.272413133457226,0.000474102416616491,39.505
"100636",2.92950219719513e-05,5.81360449628713e-05,0.0355581180865701,0.0144628933728722,2.81335307108455e-05,0.0488757708321915,0.000474102416616491,39.505
"100637",2.92950219719513e-05,5.81360449628713e-05,0.00773456755518727,0.00177839022024096,2.81335307108455e-05,0.00641636190892619,0.000474102416616491,39.505
"100638",2.92950219719513e-05,5.81360449628713e-05,0.522185359898092,0.55823079454114,2.81335307108455e-05,0.78435287006852,0.000474102416616491,39.505
"100639",2.92950219719513e-05,5.81360449628713e-05,0.0211756408156042,0.00447727158781926,2.81335307108455e-05,0.00593854842476527,0.000474102416616491,39.505
"100640",2.92950219719513e-05,5.81360449628713e-05,0.00225965314152204,0.00104501219743974,2.81335307108455e-05,0.00114883859977449,0.000474102416616491,39.505
"100641",2.92950219719513e-05,5.81360449628713e-05,0.11923884624869,0.0715809261338878,2.81335307108455e-05,0.19332177625818,0.000474102416616491,39.505
"100642",2.92950219719513e-05,5.81360449628713e-05,0.0281759325916348,0.00778117723835003,2.81335307108455e-05,0.0135749695839327,0.000474102416616491,39.505
"100643",2.92950219719513e-05,5.81360449628713e-05,0.00225965314152204,0.00104501219743974,2.81335307108455e-05,0.00114883859977449,0.000474102416616491,39.505
"100644",2.92950219719513e-05,5.81360449628713e-05,0.00225965314152204,0.00104501219743974,2.81335307108455e-05,0.00114883859977449,0.000474102416616491,39.505
"100645",2.92950219719513e-05,5.81360449628713e-05,0.00225965314152204,0.00104501219743974,2.81335307108455e-05,0.00114883859977449,0.000474102416616491,39.505
"100646",2.92950219719513e-05,5.81360449628713e-05,0.00225965314152204,0.00104501219743974,2.81335307108455e-05,0.00114883859977449,0.000474102416616491,39.506
"100647",2.92950219719513e-05,5.81360449628713e-05,0.00225965314152204,0.00104501219743974,2.81335307108455e-05,0.00114883859977449,0.000474102416616491,39.51
"100648",2.92950219719513e-05,5.81360449628713e-05,0.00225965314152204,0.00104501219743974,2.81335307108455e-05,0.00114883859977449,0.000474102416616491,39.516
"100649",2.92950219719513e-05,5.81360449628713e-05,0.00225965314152204,0.00104501219743974,2.81335307108455e-05,0.00114883859977449,0.000474102416616491,39.509
"100650",2.92950219719513e-05,5.81360449628713e-05,0.00225965314152204,0.00104501219743974,2.81335307108455e-05,0.00114883859977449,0.000474102416616491,39.505
"100651",2.92950219719513e-05,5.81360449628713e-05,0.00225965314152204,0.00104501219743974,2.81335307108455e-05,0.00114883859977449,0.000474102416616491,39.505
"100652",2.92950219719513e-05,5.81360449628713e-05,0.00225965314152204,0.00104501219743974,2.81335307108455e-05,0.00114883859977449,0.000474102416616491,39.507
"100653",2.92950219719513e-05,5.81360449628713e-05,0.683041797740008,0.750736806122415,2.81335307108455e-05,0.869577206624698,0.000474102416616491,39.78
"100654",2.92950219719513e-05,5.81360449628713e-05,0.212245092691855,0.145601304357537,2.81335307108455e-05,0.262065877648287,0.000474102416616491,39.781
"100655",2.92950219719513e-05,5.81360449628713e-05,0.00225965314152204,0.00104501219743974,2.81335307108455e-05,0.00114883859977449,0.000474102416616491,39.781
"100656",2.92950219719513e-05,5.81360449628713e-05,0.0405999237020798,0.0129452793254536,2.81335307108455e-05,0.0254813178996277,0.000474102416616491,39.781
"100657",2.92950219719513e-05,5.81360449628713e-05,0.0129166462600661,0.00219522853320582,2.81335307108455e-05,0.00267143184269714,0.000474102416616491,39.781
"100658",2.92950219719513e-05,5.81360449628713e-05,0.00225965314152204,0.00104501219743974,2.81335307108455e-05,0.00114883859977449,0.000474102416616491,39.781
"100659",2.92950219719513e-05,5.81360449628713e-05,0.0897763126939237,0.0407317724237216,2.81335307108455e-05,0.0864939251295594,0.000474102416616491,39.781
"100660",2.92950219719513e-05,5.81360449628713e-05,0.0206574101509659,0.00447720721345359,2.81335307108455e-05,0.00612950061032525,0.000474102416616491,39.781
"100661",2.92950219719513e-05,5.81360449628713e-05,0.00225965314152204,0.00104501219743974,2.81335307108455e-05,0.00114883859977449,0.000474102416616491,39.781
"100662",2.92950219719513e-05,5.81360449628713e-05,0.0184837867733547,0.00417408137787205,2.81335307108455e-05,0.00663451529980192,0.000474102416616491,39.781
"100663",2.92950219719513e-05,5.81360449628713e-05,0.0468088339232605,0.0208671050459816,2.81335307108455e-05,0.0480997388748812,0.000474102416616491,39.781
"100664",2.92950219719513e-05,5.81360449628713e-05,0.0158879787175476,0.0044886863112758,2.81335307108455e-05,0.0088632082410211,0.000474102416616491,39.781
"100665",2.92950219719513e-05,5.81360449628713e-05,0.00359586651106011,0.00104501219743974,2.81335307108455e-05,0.00114883859977449,0.000474102416616491,39.781
"100666",2.92950219719513e-05,5.81360449628713e-05,0.00225965314152204,0.00104501219743974,2.81335307108455e-05,0.00114883859977449,0.000474102416616491,39.781
"100667",2.92950219719513e-05,5.81360449628713e-05,0.00225965314152204,0.00104501219743974,2.81335307108455e-05,0.00114883859977449,0.000474102416616491,39.785
"100668",2.92950219719513e-05,5.81360449628713e-05,0.00225965314152204,0.00104501219743974,2.81335307108455e-05,0.00114883859977449,0.000474102416616491,39.781
"100669",2.92950219719513e-05,5.81360449628713e-05,0.00225965314152204,0.00104501219743974,2.81335307108455e-05,0.00114883859977449,0.000474102416616491,39.781
"100670",2.92950219719513e-05,5.81360449628713e-05,0.00225965314152204,0.00104501219743974,2.81335307108455e-05,0.00114883859977449,0.000474102416616491,39.781
"100671",2.92950219719513e-05,5.81360449628713e-05,0.00225965314152204,0.00104501219743974,2.81335307108455e-05,0.00114883859977449,0.000474102416616491,39.791
"100672",2.92950219719513e-05,5.81360449628713e-05,0.0119170277835905,0.00233361726673367,2.81335307108455e-05,0.00337562858749697,0.000474102416616491,40.051
"100673",2.92950219719513e-05,5.81360449628713e-05,0.0510935685124866,0.0154687918024016,2.81335307108455e-05,0.0184113161567572,0.000474102416616491,40.057
"100674",2.92950219719513e-05,5.81360449628713e-05,0.00225965314152204,0.00104501219743974,2.81335307108455e-05,0.00114883859977449,0.000474102416616491,40.057
"100675",2.92950219719513e-05,5.81360449628713e-05,0.00833012009424338,0.00126172291515926,2.81335307108455e-05,0.001727189999399,0.000474102416616491,40.057
"100676",2.92950219719513e-05,5.81360449628713e-05,0.296952935665512,0.182868949226282,2.81335307108455e-05,0.197650268087815,0.000474102416616491,40.057
"100677",2.92950219719513e-05,5.81360449628713e-05,0.00225965314152204,0.00104501219743974,2.81335307108455e-05,0.00114883859977449,0.000474102416616491,40.057
"100678",2.92950219719513e-05,5.81360449628713e-05,0.0631531199684928,0.0233019336070686,2.81335307108455e-05,0.0421664896359403,0.000474102416616491,40.057
"100679",2.92950219719513e-05,5.81360449628713e-05,0.0104872543347246,0.00193773694514239,2.81335307108455e-05,0.00323621739915374,0.000474102416616491,40.057
"100680",2.92950219719513e-05,5.81360449628713e-05,0.00388840694989122,0.00104501219743974,2.81335307108455e-05,0.00114883859977449,0.000474102416616491,40.057
"100681",2.92950219719513e-05,5.81360449628713e-05,0.00997849508675627,0.00195921047330002,2.81335307108455e-05,0.00358326522114986,0.000474102416616491,40.057
"100682",2.92950219719513e-05,5.81360449628713e-05,0.0445668635089561,0.0179266854465363,2.81335307108455e-05,0.0333806956532583,0.000474102416616491,40.057
"100683",2.92950219719513e-05,5.81360449628713e-05,0.0396651364366281,0.0159652919234064,2.81335307108455e-05,0.0351867868656737,0.000474102416616491,40.057
"100684",2.92950219719513e-05,5.81360449628713e-05,0.00742833528957185,0.00151944452310944,2.81335307108455e-05,0.00268464206290907,0.000474102416616491,40.057
"100685",2.92950219719513e-05,5.81360449628713e-05,0.00225965314152204,0.00104501219743974,2.81335307108455e-05,0.00114883859977449,0.000474102416616491,40.057
"100686",2.92950219719513e-05,5.81360449628713e-05,0.00225965314152204,0.00104501219743974,2.81335307108455e-05,0.00114883859977449,0.000474102416616491,40.057
"100687",2.92950219719513e-05,5.81360449628713e-05,0.00225965314152204,0.00104501219743974,2.81335307108455e-05,0.00114883859977449,0.000474102416616491,40.057
"100688",2.92950219719513e-05,5.81360449628713e-05,0.00225965314152204,0.00104501219743974,2.81335307108455e-05,0.00114883859977449,0.000474102416616491,40.057
"100689",2.92950219719513e-05,5.81360449628713e-05,0.00225965314152204,0.00104501219743974,2.81335307108455e-05,0.00114883859977449,0.000474102416616491,40.057
"100690",2.92950219719513e-05,5.81360449628713e-05,0.00225965314152204,0.00104501219743974,2.81335307108455e-05,0.00114883859977449,0.000474102416616491,40.062
"100691",2.92950219719513e-05,5.81360449628713e-05,0.00225965314152204,0.00104501219743974,2.81335307108455e-05,0.00114883859977449,0.000474102416616491,40.331
"100692",2.92950219719513e-05,5.81360449628713e-05,0.00225965314152204,0.00104501219743974,2.81335307108455e-05,0.00114883859977449,0.000474102416616491,40.331
"100693",2.92950219719513e-05,5.81360449628713e-05,0.00225965314152204,0.00104501219743974,2.81335307108455e-05,0.00114883859977449,0.000474102416616491,40.331
"100694",2.92950219719513e-05,5.81360449628713e-05,0.00225965314152204,0.00104501219743974,2.81335307108455e-05,0.00114883859977449,0.000474102416616491,40.331
"100695",2.92950219719513e-05,5.81360449628713e-05,0.00225965314152204,0.00104501219743974,2.81335307108455e-05,0.00114883859977449,0.000474102416616491,40.331
"100696",2.92950219719513e-05,5.81360449628713e-05,0.0027726939492152,0.00104501219743974,2.81335307108455e-05,0.00114883859977449,0.000474102416616491,40.331
"100697",2.92950219719513e-05,5.81360449628713e-05,0.00654375904941459,0.00104501219743974,2.81335307108455e-05,0.00173923850968219,0.000474102416616491,40.331
"100698",2.92950219719513e-05,5.81360449628713e-05,0.00365102940892915,0.00104501219743974,2.81335307108455e-05,0.00114883859977449,0.000474102416616491,40.331
"100699",2.92950219719513e-05,5.81360449628713e-05,0.00312292670530525,0.00104501219743974,2.81335307108455e-05,0.00114883859977449,0.000474102416616491,40.331
"100700",2.92950219719513e-05,5.81360449628713e-05,0.270628049769379,0.217696704072913,2.81335307108455e-05,0.345301230753321,0.000474102416616491,40.331
"100701",2.92950219719513e-05,5.81360449628713e-05,0.450433863392615,0.487513549207959,2.81335307108455e-05,0.693226047247665,0.000474102416616491,40.331
"100702",2.92950219719513e-05,5.81360449628713e-05,0.0156353720612566,0.00389026233164374,2.81335307108455e-05,0.00818638871810645,0.000474102416616491,40.331
"100703",2.92950219719513e-05,5.81360449628713e-05,0.00225965314152204,0.00104501219743974,2.81335307108455e-05,0.00114883859977449,0.000474102416616491,40.331
"100704",2.92950219719513e-05,5.81360449628713e-05,0.00225965314152204,0.00104501219743974,2.81335307108455e-05,0.00114883859977449,0.000474102416616491,40.331
"100705",2.92950219719513e-05,5.81360449628713e-05,0.00225965314152204,0.00104501219743974,2.81335307108455e-05,0.00114883859977449,0.000474102416616491,40.331
"100706",2.92950219719513e-05,5.81360449628713e-05,0.00225965314152204,0.00104501219743974,2.81335307108455e-05,0.00114883859977449,0.000474102416616491,40.331
"100707",2.92950219719513e-05,5.81360449628713e-05,0.00225965314152204,0.00104501219743974,2.81335307108455e-05,0.00114883859977449,0.000474102416616491,40.331
"100708",2.92950219719513e-05,5.81360449628713e-05,0.00225965314152204,0.00104501219743974,2.81335307108455e-05,0.00114883859977449,0.000474102416616491,40.323
"100709",2.92950219719513e-05,5.81360449628713e-05,0.00225965314152204,0.00104501219743974,2.81335307108455e-05,0.00114883859977449,0.000474102416616491,40.605
"100710",2.92950219719513e-05,5.81360449628713e-05,0.00225965314152204,0.00104501219743974,2.81335307108455e-05,0.00114883859977449,0.000474102416616491,40.605
"100711",2.92950219719513e-05,5.81360449628713e-05,0.00225965314152204,0.00104501219743974,2.81335307108455e-05,0.00114883859977449,0.000474102416616491,40.605
"100712",2.92950219719513e-05,5.81360449628713e-05,0.00225965314152204,0.00104501219743974,2.81335307108455e-05,0.00114883859977449,0.000474102416616491,40.605
"100713",2.92950219719513e-05,5.81360449628713e-05,0.0199273418641503,0.00411507879584151,2.81335307108455e-05,0.00598818579135982,0.000474102416616491,40.605
"100714",2.92950219719513e-05,5.81360449628713e-05,0.024741669552985,0.00526771057463139,2.81335307108455e-05,0.00606339027436027,0.000474102416616491,40.605
"100715",2.92950219719513e-05,5.81360449628713e-05,0.0946073061687927,0.0408867444218526,2.81335307108455e-05,0.068860797275239,0.000474102416616491,40.605
"100716",2.92950219719513e-05,5.81360449628713e-05,0.0150334085266805,0.00316258890469774,2.81335307108455e-05,0.00464184401000495,0.000474102416616491,40.605
"100717",2.92950219719513e-05,5.81360449628713e-05,0.00225975366895146,0.00104501219743974,2.81335307108455e-05,0.00114883859977449,0.000474102416616491,40.605
"100718",2.92950219719513e-05,5.81360449628713e-05,0.00693092277692586,0.00104501219743974,2.81335307108455e-05,0.00114883859977449,0.000474102416616491,40.605
"100719",2.92950219719513e-05,5.81360449628713e-05,0.513778034883219,0.541271936296094,2.81335307108455e-05,0.598628917389242,0.000474102416616491,40.605
"100720",2.92950219719513e-05,5.81360449628713e-05,0.161833853898789,0.107403727137314,2.81335307108455e-05,0.148434947551783,0.000474102416616491,40.605
"100721",2.92950219719513e-05,5.81360449628713e-05,0.0056640870246762,0.00104501219743974,2.81335307108455e-05,0.00146672497828134,0.000474102416616491,40.605
"100722",2.92950219719513e-05,5.81360449628713e-05,0.00225965314152204,0.00104501219743974,2.81335307108455e-05,0.00114883859977449,0.000474102416616491,40.605
"100723",2.92950219719513e-05,5.81360449628713e-05,0.00225965314152204,0.00104501219743974,2.81335307108455e-05,0.00114883859977449,0.000474102416616491,40.605
"100724",2.92950219719513e-05,5.81360449628713e-05,0.00225965314152204,0.00104501219743974,2.81335307108455e-05,0.00114883859977449,0.000474102416616491,40.605
"100725",2.92950219719513e-05,5.81360449628713e-05,0.00225965314152204,0.00104501219743974,2.81335307108455e-05,0.00114883859977449,0.000474102416616491,40.605
"100726",2.92950219719513e-05,5.81360449628713e-05,0.00225965314152204,0.00104501219743974,2.81335307108455e-05,0.00114883859977449,0.000474102416616491,40.63
"100727",2.92950219719513e-05,5.81360449628713e-05,0.00225965314152204,0.00104501219743974,2.81335307108455e-05,0.00114883859977449,0.000474102416616491,40.658
"100728",2.92950219719513e-05,5.81360449628713e-05,0.00225965314152204,0.00104501219743974,2.81335307108455e-05,0.00114883859977449,0.000474102416616491,40.877
"100729",2.92950219719513e-05,5.81360449628713e-05,0.00225965314152204,0.00104501219743974,2.81335307108455e-05,0.00114883859977449,0.000474102416616491,40.877
"100730",2.92950219719513e-05,5.81360449628713e-05,0.00225965314152204,0.00104501219743974,2.81335307108455e-05,0.00114883859977449,0.000474102416616491,40.877
"100731",2.92950219719513e-05,5.81360449628713e-05,0.00225965314152204,0.00104501219743974,2.81335307108455e-05,0.00114883859977449,0.000474102416616491,40.877
"100732",2.92950219719513e-05,5.81360449628713e-05,0.0087460949296679,0.00142732888546994,2.81335307108455e-05,0.00202229678147108,0.000474102416616491,40.877
"100733",2.92950219719513e-05,5.81360449628713e-05,0.0227330755067094,0.00442537892981372,2.81335307108455e-05,0.00414884029558495,0.000474102416616491,40.877
"100734",2.92950219719513e-05,5.81360449628713e-05,0.61883285758989,0.622466516531106,2.81335307108455e-05,0.729600231215053,0.000474102416616491,40.877
"100735",2.92950219719513e-05,5.81360449628713e-05,0.0649572890400268,0.0226482867552326,2.81335307108455e-05,0.028136059000106,0.000474102416616491,40.877
"100736",2.92950219719513e-05,5.81360449628713e-05,0.0331961779605004,0.00886559636938691,2.81335307108455e-05,0.0109844809692919,0.000474102416616491,40.877
"100737",2.92950219719513e-05,5.81360449628713e-05,0.0229224821700058,0.00478792709510157,2.81335307108455e-05,0.00480343215612562,0.000474102416616491,40.877
"100738",2.92950219719513e-05,5.81360449628713e-05,0.173953023963369,0.104560435441011,2.81335307108455e-05,0.124960902013804,0.000474102416616491,40.877
"100739",2.92950219719513e-05,5.81360449628713e-05,0.0420438264143726,0.0134314832523503,2.81335307108455e-05,0.0200648954110007,0.000474102416616491,40.877
"100740",2.92950219719513e-05,5.81360449628713e-05,0.0101467289231267,0.00219325669718531,2.81335307108455e-05,0.00542657125006651,0.000474102416616491,40.877
"100741",2.92950219719513e-05,5.81360449628713e-05,0.00225965314152204,0.00104501219743974,2.81335307108455e-05,0.00114883859977449,0.000474102416616491,40.877
"100742",2.92950219719513e-05,5.81360449628713e-05,0.00225965314152204,0.00104501219743974,2.81335307108455e-05,0.00114883859977449,0.000474102416616491,40.877
"100743",2.92950219719513e-05,5.81360449628713e-05,0.00361362076600991,0.00104501219743974,2.81335307108455e-05,0.0012529650598341,0.000474102416616491,40.877
"100744",2.92950219719513e-05,5.81360449628713e-05,0.00459901017714613,0.00104501219743974,2.81335307108455e-05,0.00127376715645703,0.000474102416616491,40.877
"100745",2.92950219719513e-05,5.81360449628713e-05,0.00315251320665274,0.00104501219743974,2.81335307108455e-05,0.00114883859977449,0.000474102416616491,40.877
"100746",2.92950219719513e-05,5.81360449628713e-05,0.0125402159320399,0.00350701625624375,2.81335307108455e-05,0.0157298203548488,0.000474102416616491,40.874
"100747",2.92950219719513e-05,5.81360449628713e-05,0.0320218205024564,0.0139447162776506,2.81335307108455e-05,0.0642145085957799,0.000474102416616491,40.83
"100748",2.92950219719513e-05,5.81360449628713e-05,0.00225965314152204,0.00104501219743974,2.81335307108455e-05,0.00114883859977449,0.000474102416616491,40.847
"100749",2.92950219719513e-05,5.81360449628713e-05,0.00225965314152204,0.00104501219743974,2.81335307108455e-05,0.00114883859977449,0.000474102416616491,40.875
"100750",2.92950219719513e-05,5.81360449628713e-05,0.00299106322410455,0.00104501219743974,2.81335307108455e-05,0.00114883859977449,0.000474102416616491,41.148
"100751",2.92950219719513e-05,5.81360449628713e-05,0.00266202558380665,0.00104501219743974,2.81335307108455e-05,0.00114883859977449,0.000474102416616491,41.148
"100752",2.92950219719513e-05,5.81360449628713e-05,0.0100297085284366,0.00153951854341965,2.81335307108455e-05,0.00166950777378648,0.000474102416616491,41.148
"100753",2.92950219719513e-05,5.81360449628713e-05,0.0162501953444493,0.00294321389996206,2.81335307108455e-05,0.00301735599318846,0.000474102416616491,41.148
"100754",2.92950219719513e-05,5.81360449628713e-05,0.00834244556333501,0.00137112601769178,2.81335307108455e-05,0.00191534879166893,0.000474102416616491,41.148
"100755",2.92950219719513e-05,5.81360449628713e-05,0.0117283798780514,0.00241542214010343,2.81335307108455e-05,0.00481468298984435,0.000474102416616491,41.148
"100756",2.92950219719513e-05,5.81360449628713e-05,0.0701539131036139,0.0255586052644584,2.81335307108455e-05,0.0351706347523705,0.000474102416616491,41.148
"100757",2.92950219719513e-05,5.81360449628713e-05,0.0328210358059631,0.0096964889360658,2.81335307108455e-05,0.0163822617750093,0.000474102416616491,41.148
"100758",2.92950219719513e-05,5.81360449628713e-05,0.0472439720247172,0.0152885262096745,2.81335307108455e-05,0.0207738060523106,0.000474102416616491,41.148
"100759",2.92950219719513e-05,5.81360449628713e-05,0.514645726718287,0.498998152039487,2.81335307108455e-05,0.596857072372393,0.000474102416616491,41.148
"100760",2.92950219719513e-05,5.81360449628713e-05,0.511829668455562,0.517573780220834,2.81335307108455e-05,0.663300333719542,0.000474102416616491,41.148
"100761",2.92950219719513e-05,5.81360449628713e-05,0.0270821803254257,0.00830428785760557,2.81335307108455e-05,0.0168636339964568,0.000474102416616491,41.148
"100762",2.92950219719513e-05,5.81360449628713e-05,0.00225965314152204,0.00104501219743974,2.81335307108455e-05,0.00114883859977449,0.000474102416616491,41.148
"100763",2.92950219719513e-05,5.81360449628713e-05,0.0151497233850244,0.00360084786667238,2.81335307108455e-05,0.00815177729392218,0.000474102416616491,41.148
"100764",2.92950219719513e-05,5.81360449628713e-05,0.0325190249804874,0.00945587346341482,2.81335307108455e-05,0.0160308853403246,0.000474102416616491,41.148
"100765",2.92950219719513e-05,5.81360449628713e-05,0.00406471490024473,0.00104501219743974,2.81335307108455e-05,0.00148698535389269,0.000474102416616491,41.148
"100766",2.92950219719513e-05,5.81360449628713e-05,0.00225965314152204,0.00104501219743974,2.81335307108455e-05,0.00114883859977449,0.000474102416616491,41.148
"100767",2.92950219719513e-05,5.81360449628713e-05,0.0215805693101736,0.00592598039741335,2.81335307108455e-05,0.0106546454307323,0.000474102416616491,41.148
"100768",2.92950219719513e-05,5.81360449628713e-05,0.00225965314152204,0.00104501219743974,2.81335307108455e-05,0.00114883859977449,0.000474102416616491,41.148
"100769",2.92950219719513e-05,5.81360449628713e-05,0.00225965314152204,0.00104501219743974,2.81335307108455e-05,0.00114883859977449,0.000474102416616491,41.17
"100770",2.92950219719513e-05,5.81360449628713e-05,0.00552835852889679,0.00104501219743974,2.81335307108455e-05,0.00125202280295695,0.000474102416616491,41.418
"100771",2.92950219719513e-05,5.81360449628713e-05,0.0254067773552082,0.00558173562568476,2.81335307108455e-05,0.00623051215521332,0.000474102416616491,41.418
"100772",2.92950219719513e-05,5.81360449628713e-05,0.0442747439628055,0.0111571886164051,2.81335307108455e-05,0.0102656202373772,0.000474102416616491,41.418
"100773",2.92950219719513e-05,5.81360449628713e-05,0.194223118911326,0.0897871031344093,2.81335307108455e-05,0.0763462120328298,0.000474102416616491,41.418
"100774",2.92950219719513e-05,5.81360449628713e-05,0.101149362493097,0.0371212551477423,2.81335307108455e-05,0.0349720923042447,0.000474102416616491,41.418
"100775",2.92950219719513e-05,5.81360449628713e-05,0.133955153446357,0.052594565527326,2.81335307108455e-05,0.040774046501487,0.000474102416616491,41.418
"100776",2.92950219719513e-05,5.81360449628713e-05,0.138172578118074,0.0547597752791861,2.81335307108455e-05,0.0460347945372637,0.000474102416616491,41.418
"100777",2.92950219719513e-05,5.81360449628713e-05,0.186088927204515,0.0926784528725404,2.81335307108455e-05,0.0907580147444996,0.000474102416616491,41.418
"100778",2.92950219719513e-05,5.81360449628713e-05,0.551026527567322,0.543398109605431,2.81335307108455e-05,0.629898111029039,0.000474102416616491,41.418
"100779",0.000443913607497362,5.81360449628713e-05,0.978175439200789,0.994797810395785,0.000266432307396267,0.997870384220157,0.000474102416616491,41.418
"100780",2.92950219719513e-05,5.81360449628713e-05,0.933810334136538,0.975195019670372,2.81335307108455e-05,0.988446491056548,0.000474102416616491,41.418
"100781",2.92950219719513e-05,5.81360449628713e-05,0.250200351398469,0.228598583689624,2.81335307108455e-05,0.497148896589616,0.000474102416616491,41.418
"100782",2.92950219719513e-05,5.81360449628713e-05,0.00247184003440577,0.00104501219743974,2.81335307108455e-05,0.00114883859977449,0.000474102416616491,41.418
"100783",2.92950219719513e-05,5.81360449628713e-05,0.00225965314152204,0.00104501219743974,2.81335307108455e-05,0.00114883859977449,0.000474102416616491,41.418
"100784",2.92950219719513e-05,5.81360449628713e-05,0.0170896752096547,0.00421000671141322,2.81335307108455e-05,0.00585466658410406,0.000474102416616491,41.418
"100785",2.92950219719513e-05,5.81360449628713e-05,0.0332663057360707,0.0119670559163455,2.81335307108455e-05,0.0218217066789223,0.000474102416616491,41.418
"100786",2.92950219719513e-05,5.81360449628713e-05,0.00225965314152204,0.00104501219743974,2.81335307108455e-05,0.00114883859977449,0.000474102416616491,41.418
"100787",2.92950219719513e-05,5.81360449628713e-05,0.00225965314152204,0.00104501219743974,2.81335307108455e-05,0.00114883859977449,0.000474102416616491,41.418
"100788",2.92950219719513e-05,5.81360449628713e-05,0.00225965314152204,0.00104501219743974,2.81335307108455e-05,0.00114883859977449,0.000474102416616491,41.418
"100789",2.92950219719513e-05,5.81360449628713e-05,0.0110509013666406,0.00261874936316502,2.81335307108455e-05,0.00491008536902431,0.000474102416616491,41.418
"100790",2.92950219719513e-05,5.81360449628713e-05,0.00225965314152204,0.00104501219743974,2.81335307108455e-05,0.00114883859977449,0.000474102416616491,41.418
"100791",2.92950219719513e-05,5.81360449628713e-05,0.00225965314152204,0.00104501219743974,2.81335307108455e-05,0.00126627516399439,0.000474102416616491,41.418
"100792",2.92950219719513e-05,5.81360449628713e-05,0.00225965314152204,0.00104501219743974,2.81335307108455e-05,0.00114883859977449,0.000474102416616491,41.42
"100793",2.92950219719513e-05,5.81360449628713e-05,0.00225965314152204,0.00104501219743974,2.81335307108455e-05,0.00114883859977449,0.000474102416616491,41.435
"100794",2.92950219719513e-05,5.81360449628713e-05,0.00225965314152204,0.00104501219743974,2.81335307108455e-05,0.00114883859977449,0.000474102416616491,41.451
"100795",2.92950219719513e-05,5.81360449628713e-05,0.0248235151593857,0.00551400713556241,2.81335307108455e-05,0.00643748438756994,0.000474102416616491,41.687
"100796",2.92950219719513e-05,5.81360449628713e-05,0.0386513085788193,0.0108627626859217,2.81335307108455e-05,0.0150483724289355,0.000474102416616491,41.687
"100797",2.92950219719513e-05,5.81360449628713e-05,0.0658949020287031,0.018972097669565,2.81335307108455e-05,0.0158283207581519,0.000474102416616491,41.687
"100798",2.92950219719513e-05,5.81360449628713e-05,0.275783322450364,0.143541037681842,2.81335307108455e-05,0.0972966454557823,0.000474102416616491,41.687
"100799",2.92950219719513e-05,5.81360449628713e-05,0.21518910658888,0.112183765145689,2.81335307108455e-05,0.09869929936039,0.000474102416616491,41.687
"100800",2.92950219719513e-05,5.81360449628713e-05,0.423810689018404,0.3632383173873,2.81335307108455e-05,0.43151942375522,0.000474102416616491,41.687
"100801",2.92950219719513e-05,5.81360449628713e-05,0.111262156744675,0.0470498856842786,2.81335307108455e-05,0.0539794210832393,0.000474102416616491,41.687
"100802",2.92950219719513e-05,5.81360449628713e-05,0.298730945063092,0.2192709318602,2.81335307108455e-05,0.298848500796503,0.000474102416616491,41.687
"100803",2.92950219719513e-05,5.81360449628713e-05,0.171787332634369,0.102693234792326,2.81335307108455e-05,0.153547302415908,0.000474102416616491,41.687
"100804",0.000429819308936099,5.81360449628713e-05,0.967961455289971,0.991759719159235,0.000336572770178745,0.997102168570834,0.000474102416616491,41.687
"100805",2.92950219719513e-05,5.81360449628713e-05,0.334663924380411,0.292577243901241,2.81335307108455e-05,0.4428247285805,0.000474102416616491,41.687
"100806",2.92950219719513e-05,5.81360449628713e-05,0.0101731885613485,0.00185548397044862,2.81335307108455e-05,0.00238258141427911,0.000474102416616491,41.687
"100807",2.92950219719513e-05,5.81360449628713e-05,0.00533050970944768,0.00104501219743974,2.81335307108455e-05,0.00114883859977449,0.000474102416616491,41.687
"100808",2.92950219719513e-05,5.81360449628713e-05,0.00643282542099633,0.00104501219743974,2.81335307108455e-05,0.00149703826572581,0.000474102416616491,41.687
"100809",2.92950219719513e-05,5.81360449628713e-05,0.0202349640446823,0.00444225117027351,2.81335307108455e-05,0.00490902650711002,0.000474102416616491,41.687
"100810",2.92950219719513e-05,5.81360449628713e-05,0.00730574216430528,0.00126676785959747,2.81335307108455e-05,0.00190981277644697,0.000474102416616491,41.687
"100811",2.92950219719513e-05,5.81360449628713e-05,0.0030121944576295,0.00104501219743974,2.81335307108455e-05,0.00114883859977449,0.000474102416616491,41.687
"100812",2.92950219719513e-05,5.81360449628713e-05,0.0023224015014431,0.00104501219743974,2.81335307108455e-05,0.00114883859977449,0.000474102416616491,41.687
"100813",2.92950219719513e-05,5.81360449628713e-05,0.00225965314152204,0.00104501219743974,2.81335307108455e-05,0.00114883859977449,0.000474102416616491,41.687
"100814",2.92950219719513e-05,5.81360449628713e-05,0.00225965314152204,0.00104501219743974,2.81335307108455e-05,0.00114883859977449,0.000474102416616491,41.687
"100815",2.92950219719513e-05,5.81360449628713e-05,0.00232078673178604,0.00104501219743974,2.81335307108455e-05,0.00114883859977449,0.000474102416616491,41.687
"100816",2.92950219719513e-05,5.81360449628713e-05,0.00225965314152204,0.00104501219743974,2.81335307108455e-05,0.00114883859977449,0.000474102416616491,41.687
"100817",2.92950219719513e-05,5.81360449628713e-05,0.00225965314152204,0.00104501219743974,2.81335307108455e-05,0.00114883859977449,0.000474102416616491,41.687
"100818",2.92950219719513e-05,5.81360449628713e-05,0.00225965314152204,0.00104501219743974,2.81335307108455e-05,0.00114883859977449,0.000474102416616491,41.687
"100819",2.92950219719513e-05,5.81360449628713e-05,0.00225965314152204,0.00104501219743974,2.81335307108455e-05,0.00114883859977449,0.000474102416616491,41.687
"100820",2.92950219719513e-05,5.81360449628713e-05,0.00225965314152204,0.00104501219743974,2.81335307108455e-05,0.00114883859977449,0.000474102416616491,41.703
"100821",2.92950219719513e-05,5.81360449628713e-05,0.00225965314152204,0.00104501219743974,2.81335307108455e-05,0.00114883859977449,0.000474102416616491,41.703
"100822",2.92950219719513e-05,5.81360449628713e-05,0.00225965314152204,0.00104501219743974,2.81335307108455e-05,0.00114883859977449,0.000474102416616491,41.693
"100823",2.92950219719513e-05,5.81360449628713e-05,0.0192947440263012,0.00472441451042659,2.81335307108455e-05,0.00806861595913879,0.000474102416616491,41.941
"100824",2.92950219719513e-05,5.81360449628713e-05,0.0365095568169486,0.0105907889537727,2.81335307108455e-05,0.0169430118313904,0.000474102416616491,41.955
"100825",2.92950219719513e-05,5.81360449628713e-05,0.0242164111916434,0.00513842984011573,2.81335307108455e-05,0.00537186666540566,0.000474102416616491,41.955
"100826",2.92950219719513e-05,5.81360449628713e-05,0.0160294923008554,0.00319348761852333,2.81335307108455e-05,0.00357248395056765,0.000474102416616491,41.955
"100827",2.92950219719513e-05,5.81360449628713e-05,0.0357498959727816,0.0122585959436155,2.81335307108455e-05,0.018191257185765,0.000474102416616491,41.955
"100828",2.92950219719513e-05,5.81360449628713e-05,0.0171859156854716,0.00471555324502542,2.81335307108455e-05,0.00792171102145572,0.000474102416616491,41.955
"100829",2.92950219719513e-05,5.81360449628713e-05,0.0294121336993881,0.00992749293979285,2.81335307108455e-05,0.0189828016052575,0.000474102416616491,41.955
"100830",2.92950219719513e-05,5.81360449628713e-05,0.0196713479492378,0.00595502122361349,2.81335307108455e-05,0.0126519993859698,0.000474102416616491,41.955
"100831",2.92950219719513e-05,5.81360449628713e-05,0.0169497399043414,0.00467810717345117,2.81335307108455e-05,0.00717432535970834,0.000474102416616491,41.955
"100832",2.92950219719513e-05,5.81360449628713e-05,0.0499492337133889,0.0228721429893754,2.81335307108455e-05,0.0563406644724513,0.000474102416616491,41.955
"100833",2.92950219719513e-05,5.81360449628713e-05,0.0189989625097654,0.0055182640687487,2.81335307108455e-05,0.00922421414221322,0.000474102416616491,41.955
"100834",2.92950219719513e-05,5.81360449628713e-05,0.00410755891761002,0.00104501219743974,2.81335307108455e-05,0.00114883859977449,0.000474102416616491,41.955
"100835",2.92950219719513e-05,5.81360449628713e-05,0.00547498268857931,0.00104501219743974,2.81335307108455e-05,0.00117548198071286,0.000474102416616491,41.955
"100836",2.92950219719513e-05,5.81360449628713e-05,0.00351632299764552,0.00104501219743974,2.81335307108455e-05,0.00114883859977449,0.000474102416616491,41.955
"100837",2.92950219719513e-05,5.81360449628713e-05,0.0156473160461468,0.00387466778640846,2.81335307108455e-05,0.0056307162698953,0.000474102416616491,41.955
"100838",2.92950219719513e-05,5.81360449628713e-05,0.120591396062907,0.0608274506020184,2.81335307108455e-05,0.0982262745017084,0.000474102416616491,41.955
"100839",2.92950219719513e-05,5.81360449628713e-05,0.279841407986858,0.229298853931154,2.81335307108455e-05,0.36253471130694,0.000474102416616491,41.955
"100840",2.92950219719513e-05,5.81360449628713e-05,0.104990679752101,0.0500983424285522,2.81335307108455e-05,0.0870320548648377,0.000474102416616491,41.955
"100841",2.92950219719513e-05,5.81360449628713e-05,0.0022626363802884,0.00104501219743974,2.81335307108455e-05,0.00114883859977449,0.000474102416616491,41.955
"100842",2.92950219719513e-05,5.81360449628713e-05,0.00631235618853886,0.00105180018632579,2.81335307108455e-05,0.0022766327137847,0.000474102416616491,41.955
"100843",2.92950219719513e-05,5.81360449628713e-05,0.114387866303709,0.0588868461960323,2.81335307108455e-05,0.139254564203458,0.000474102416616491,41.955
"100844",2.92950219719513e-05,5.81360449628713e-05,0.00225965314152204,0.00104501219743974,2.81335307108455e-05,0.00114883859977449,0.000474102416616491,41.955
"100845",2.92950219719513e-05,5.81360449628713e-05,0.00225965314152204,0.00104501219743974,2.81335307108455e-05,0.00114883859977449,0.000474102416616491,41.955
"100846",2.92950219719513e-05,5.81360449628713e-05,0.00225965314152204,0.00104501219743974,2.81335307108455e-05,0.00114883859977449,0.000474102416616491,41.955
"100847",2.92950219719513e-05,5.81360449628713e-05,0.00225965314152204,0.00104501219743974,2.81335307108455e-05,0.00114883859977449,0.000474102416616491,41.955
"100848",2.92950219719513e-05,5.81360449628713e-05,0.00225965314152204,0.00104501219743974,2.81335307108455e-05,0.00114883859977449,0.000474102416616491,41.955
"100849",2.92950219719513e-05,5.81360449628713e-05,0.00225965314152204,0.00104501219743974,2.81335307108455e-05,0.00114883859977449,0.000474102416616491,41.955
"100850",2.92950219719513e-05,5.81360449628713e-05,0.0163114331133147,0.00391150717828919,2.81335307108455e-05,0.00519746045840336,0.000474102416616491,42.214
"100851",2.92950219719513e-05,5.81360449628713e-05,0.0315862312173028,0.0102690063805942,2.81335307108455e-05,0.016408819738321,0.000474102416616491,42.221
"100852",2.92950219719513e-05,5.81360449628713e-05,0.0414579566780071,0.0151112679711933,2.81335307108455e-05,0.0239696697446154,0.000474102416616491,42.221
"100853",2.92950219719513e-05,5.81360449628713e-05,0.0396636856612562,0.0147851808297927,2.81335307108455e-05,0.0257498813042624,0.000474102416616491,42.221
"100854",2.92950219719513e-05,5.81360449628713e-05,0.019543888678607,0.0057307125614299,2.81335307108455e-05,0.0108250332017389,0.000474102416616491,42.221
"100855",2.92950219719513e-05,5.81360449628713e-05,0.00558123784054739,0.00111008748155306,2.81335307108455e-05,0.00242785040081024,0.000474102416616491,42.221
"100856",2.92950219719513e-05,5.81360449628713e-05,0.00436392113552036,0.00104501219743974,2.81335307108455e-05,0.00114883859977449,0.000474102416616491,42.221
"100857",2.92950219719513e-05,5.81360449628713e-05,0.00594001260504865,0.00107934170670865,2.81335307108455e-05,0.00158779480974713,0.000474102416616491,42.221
"100858",2.92950219719513e-05,5.81360449628713e-05,0.0158594253793846,0.00310731251228726,2.81335307108455e-05,0.00314886409938103,0.000474102416616491,42.221
"100859",2.92950219719513e-05,5.81360449628713e-05,0.00362953193650925,0.00104501219743974,2.81335307108455e-05,0.00114883859977449,0.000474102416616491,42.221
"100860",2.92950219719513e-05,5.81360449628713e-05,0.00273854830452229,0.00104501219743974,2.81335307108455e-05,0.00114883859977449,0.000474102416616491,42.221
"100861",2.92950219719513e-05,5.81360449628713e-05,0.00275428954642622,0.00104501219743974,2.81335307108455e-05,0.00114883859977449,0.000474102416616491,42.221
"100862",2.92950219719513e-05,5.81360449628713e-05,0.0207025016061306,0.00590348798371638,2.81335307108455e-05,0.00964196411248368,0.000474102416616491,42.221
"100863",2.92950219719513e-05,5.81360449628713e-05,0.0763544913720621,0.0339346338875605,2.81335307108455e-05,0.0505987520665836,0.000474102416616491,42.221
"100864",2.92950219719513e-05,5.81360449628713e-05,0.0269854547054042,0.00784091468633312,2.81335307108455e-05,0.0122449925243269,0.000474102416616491,42.221
"100865",2.92950219719513e-05,5.81360449628713e-05,0.19287215834575,0.139568160651514,2.81335307108455e-05,0.263297997966289,0.000474102416616491,42.221
"100866",2.92950219719513e-05,5.81360449628713e-05,0.00225965314152204,0.00104501219743974,2.81335307108455e-05,0.00114883859977449,0.000474102416616491,42.221
"100867",2.92950219719513e-05,5.81360449628713e-05,0.00540792396450372,0.00104501219743974,2.81335307108455e-05,0.00114883859977449,0.000474102416616491,42.221
"100868",2.92950219719513e-05,5.81360449628713e-05,0.0120295347612859,0.00256519345785734,2.81335307108455e-05,0.00615690996479608,0.000474102416616491,42.221
"100869",2.92950219719513e-05,5.81360449628713e-05,0.00225965314152204,0.00104501219743974,2.81335307108455e-05,0.00114883859977449,0.000474102416616491,42.221
"100870",2.92950219719513e-05,5.81360449628713e-05,0.00272950621159452,0.00104501219743974,2.81335307108455e-05,0.00143511227237509,0.000474102416616491,42.221
"100871",2.92950219719513e-05,5.81360449628713e-05,0.00225965314152204,0.00104501219743974,2.81335307108455e-05,0.00114883859977449,0.000474102416616491,42.221
"100872",2.92950219719513e-05,5.81360449628713e-05,0.00225965314152204,0.00104501219743974,2.81335307108455e-05,0.00114883859977449,0.000474102416616491,42.221
"100873",2.92950219719513e-05,5.81360449628713e-05,0.00225965314152204,0.00104501219743974,2.81335307108455e-05,0.00114883859977449,0.000474102416616491,42.221
"100874",2.92950219719513e-05,5.81360449628713e-05,0.00225965314152204,0.00104501219743974,2.81335307108455e-05,0.00114883859977449,0.000474102416616491,42.193
"100875",2.92950219719513e-05,5.81360449628713e-05,0.00665254564236959,0.00124202319509985,2.81335307108455e-05,0.00199733361559059,0.000474102416616491,42.461
"100876",2.92950219719513e-05,5.81360449628713e-05,0.0149512270353969,0.00378801960802192,2.81335307108455e-05,0.00631603432615992,0.000474102416616491,42.487
"100877",2.92950219719513e-05,5.81360449628713e-05,0.101207086737574,0.0533955322092846,2.81335307108455e-05,0.0779927992755054,0.000474102416616491,42.487
"100878",2.92950219719513e-05,5.81360449628713e-05,0.0175541310070012,0.00468726995200616,2.81335307108455e-05,0.00652449772948208,0.000474102416616491,42.487
"100879",2.92950219719513e-05,5.81360449628713e-05,0.00602848452485612,0.00108993132185488,2.81335307108455e-05,0.00130991105378313,0.000474102416616491,42.487
"100880",2.92950219719513e-05,5.81360449628713e-05,0.0186866921279832,0.00483095827178839,2.81335307108455e-05,0.00544440249307481,0.000474102416616491,42.487
"100881",2.92950219719513e-05,5.81360449628713e-05,0.00225965314152204,0.00104501219743974,2.81335307108455e-05,0.00114883859977449,0.000474102416616491,42.487
"100882",2.92950219719513e-05,5.81360449628713e-05,0.00225965314152204,0.00104501219743974,2.81335307108455e-05,0.00114883859977449,0.000474102416616491,42.487
"100883",2.92950219719513e-05,5.81360449628713e-05,0.00225965314152204,0.00104501219743974,2.81335307108455e-05,0.00114883859977449,0.000474102416616491,42.487
"100884",2.92950219719513e-05,5.81360449628713e-05,0.00671236562652986,0.00116772194711613,2.81335307108455e-05,0.00148941079394393,0.000474102416616491,42.487
"100885",2.92950219719513e-05,5.81360449628713e-05,0.00878474320584008,0.00184208217142007,2.81335307108455e-05,0.00308352565884846,0.000474102416616491,42.487
"100886",2.92950219719513e-05,5.81360449628713e-05,0.0111214160272297,0.00251978284981274,2.81335307108455e-05,0.00366762757492413,0.000474102416616491,42.487
"100887",2.92950219719513e-05,5.81360449628713e-05,0.009191418406148,0.00212142192278037,2.81335307108455e-05,0.00470784507748542,0.000474102416616491,42.487
"100888",2.92950219719513e-05,5.81360449628713e-05,0.0122453769460183,0.00306299125093714,2.81335307108455e-05,0.00606859461265039,0.000474102416616491,42.487
"100889",2.92950219719513e-05,5.81360449628713e-05,0.0215095410396768,0.0056134518855529,2.81335307108455e-05,0.00803541531459507,0.000474102416616491,42.487
"100890",2.92950219719513e-05,5.81360449628713e-05,0.00225965314152204,0.00104501219743974,2.81335307108455e-05,0.00114883859977449,0.000474102416616491,42.487
"100891",2.92950219719513e-05,5.81360449628713e-05,0.00596278972248838,0.00104501219743974,2.81335307108455e-05,0.00181169683463628,0.000474102416616491,42.487
"100892",2.92950219719513e-05,5.81360449628713e-05,0.0359259742288098,0.0122347998360048,2.81335307108455e-05,0.0226258848226491,0.000474102416616491,42.487
"100893",2.92950219719513e-05,5.81360449628713e-05,0.034075070405879,0.0103863873225508,2.81335307108455e-05,0.0266998097251447,0.000474102416616491,42.487
"100894",2.92950219719513e-05,5.81360449628713e-05,0.0101208735418037,0.002103365519623,2.81335307108455e-05,0.00450584078947288,0.000474102416616491,42.487
"100895",2.92950219719513e-05,5.81360449628713e-05,0.00225965314152204,0.00104501219743974,2.81335307108455e-05,0.00114883859977449,0.000474102416616491,42.487
"100896",2.92950219719513e-05,5.81360449628713e-05,0.00225965314152204,0.00104501219743974,2.81335307108455e-05,0.00114883859977449,0.000474102416616491,42.487
"100897",2.92950219719513e-05,5.81360449628713e-05,0.00526942245433955,0.00104501219743974,2.81335307108455e-05,0.00443390049614787,0.000474102416616491,42.487
"100898",2.92950219719513e-05,5.81360449628713e-05,0.00225965314152204,0.00104501219743974,2.81335307108455e-05,0.00114883859977449,0.000474102416616491,42.515
"100899",2.92950219719513e-05,5.81360449628713e-05,0.0141358484618765,0.00317768634341557,2.81335307108455e-05,0.00348747764729705,0.000474102416616491,42.736
"100900",2.92950219719513e-05,5.81360449628713e-05,0.0448555925651149,0.0161588307727401,2.81335307108455e-05,0.0190433184368138,0.000474102416616491,42.751
"100901",2.92950219719513e-05,5.81360449628713e-05,0.0205985574041976,0.00549865427447353,2.81335307108455e-05,0.00605396358544644,0.000474102416616491,42.751
"100902",2.92950219719513e-05,5.81360449628713e-05,0.00225965314152204,0.00104501219743974,2.81335307108455e-05,0.00114883859977449,0.000474102416616491,42.751
"100903",2.92950219719513e-05,5.81360449628713e-05,0.00658512880111663,0.00117171902475456,2.81335307108455e-05,0.00126889158822997,0.000474102416616491,42.751
"100904",2.92950219719513e-05,5.81360449628713e-05,0.00225965314152204,0.00104501219743974,2.81335307108455e-05,0.00114883859977449,0.000474102416616491,42.751
"100905",2.92950219719513e-05,5.81360449628713e-05,0.00225965314152204,0.00104501219743974,2.81335307108455e-05,0.00114883859977449,0.000474102416616491,42.751
"100906",2.92950219719513e-05,5.81360449628713e-05,0.00744913014711071,0.00113833011063487,2.81335307108455e-05,0.00114883859977449,0.000474102416616491,42.751
"100907",2.92950219719513e-05,5.81360449628713e-05,0.031476479357976,0.00887648482891099,2.81335307108455e-05,0.00794430116613445,0.000474102416616491,42.751
"100908",2.92950219719513e-05,5.81360449628713e-05,0.0240560476626969,0.0069088213337866,2.81335307108455e-05,0.00855004428265381,0.000474102416616491,42.751
"100909",2.92950219719513e-05,5.81360449628713e-05,0.0116101745830548,0.00284346260575433,2.81335307108455e-05,0.00487683284058604,0.000474102416616491,42.751
"100910",2.92950219719513e-05,5.81360449628713e-05,0.0283989635009843,0.00960402849282056,2.81335307108455e-05,0.0179664859648669,0.000474102416616491,42.751
"100911",2.92950219719513e-05,5.81360449628713e-05,0.0041611242806365,0.00104501219743974,2.81335307108455e-05,0.00122123522731099,0.000474102416616491,42.751
"100912",2.92950219719513e-05,5.81360449628713e-05,0.00225965314152204,0.00104501219743974,2.81335307108455e-05,0.00114883859977449,0.000474102416616491,42.751
"100913",2.92950219719513e-05,5.81360449628713e-05,0.0153003927761121,0.00324637204573045,2.81335307108455e-05,0.00427194248882751,0.000474102416616491,42.751
"100914",2.92950219719513e-05,5.81360449628713e-05,0.0102111290069171,0.00221303859423264,2.81335307108455e-05,0.00472113883846702,0.000474102416616491,42.751
"100915",2.92950219719513e-05,5.81360449628713e-05,0.144631284160278,0.0823104017447555,2.81335307108455e-05,0.185881256356359,0.000474102416616491,42.751
"100916",2.92950219719513e-05,5.81360449628713e-05,0.0510009884292771,0.0151184592864353,2.81335307108455e-05,0.0226285256098884,0.000474102416616491,42.751
"100917",2.92950219719513e-05,5.81360449628713e-05,0.711420798413947,0.82064281614416,2.81335307108455e-05,0.963791089848271,0.000474102416616491,42.751
"100918",2.92950219719513e-05,5.81360449628713e-05,0.00225965314152204,0.00104501219743974,2.81335307108455e-05,0.00114883859977449,0.000474102416616491,42.751
"100919",2.92950219719513e-05,5.81360449628713e-05,0.00225965314152204,0.00104501219743974,2.81335307108455e-05,0.00114883859977449,0.000474102416616491,42.751
"100920",2.92950219719513e-05,5.81360449628713e-05,0.00225965314152204,0.00104501219743974,2.81335307108455e-05,0.00114883859977449,0.000474102416616491,42.751
"100921",2.92950219719513e-05,5.81360449628713e-05,0.00644779215989351,0.00120102919045621,2.81335307108455e-05,0.00217775866961639,0.000474102416616491,42.745
"100923",2.92950219719513e-05,5.81360449628713e-05,0.00225965314152204,0.00104501219743974,2.81335307108455e-05,0.00114883859977449,0.000474102416616491,43.015
"100924",2.92950219719513e-05,5.81360449628713e-05,0.00225965314152204,0.00104501219743974,2.81335307108455e-05,0.00114883859977449,0.000474102416616491,43.015
"100925",2.92950219719513e-05,5.81360449628713e-05,0.00248995761815141,0.00104501219743974,2.81335307108455e-05,0.00114883859977449,0.000474102416616491,43.015
"100926",2.92950219719513e-05,5.81360449628713e-05,0.00313576868926536,0.00104501219743974,2.81335307108455e-05,0.00114883859977449,0.000474102416616491,43.015
"100927",2.92950219719513e-05,5.81360449628713e-05,0.00225965314152204,0.00104501219743974,2.81335307108455e-05,0.00114883859977449,0.000474102416616491,43.015
"100928",2.92950219719513e-05,5.81360449628713e-05,0.00225965314152204,0.00104501219743974,2.81335307108455e-05,0.00114883859977449,0.000474102416616491,43.015
"100929",2.92950219719513e-05,5.81360449628713e-05,0.00690326793463904,0.00104501219743974,2.81335307108455e-05,0.00114883859977449,0.000474102416616491,43.015
"100930",2.92950219719513e-05,5.81360449628713e-05,0.00698708473545496,0.00108007212058133,2.81335307108455e-05,0.00114883859977449,0.000474102416616491,43.015
"100931",2.92950219719513e-05,5.81360449628713e-05,0.0335647195827394,0.0097750508002268,2.81335307108455e-05,0.00829633126963266,0.000474102416616491,43.015
"100932",2.92950219719513e-05,5.81360449628713e-05,0.0607582699764488,0.0229610526662348,2.81335307108455e-05,0.0206172867583819,0.000474102416616491,43.015
"100933",2.92950219719513e-05,5.81360449628713e-05,0.0535808321231811,0.0214342188507656,2.81335307108455e-05,0.0291564336594088,0.000474102416616491,43.015
"100934",2.92950219719513e-05,5.81360449628713e-05,0.0649210402563695,0.0275279658404655,2.81335307108455e-05,0.0332777248535171,0.000474102416616491,43.015
"100935",2.92950219719513e-05,5.81360449628713e-05,0.0306225291808646,0.00983236877791384,2.81335307108455e-05,0.0137198372757368,0.000474102416616491,43.015
"100936",2.92950219719513e-05,5.81360449628713e-05,0.00304219845558259,0.00104501219743974,2.81335307108455e-05,0.00114883859977449,0.000474102416616491,43.015
"100937",2.92950219719513e-05,5.81360449628713e-05,0.0173644080523835,0.00425620506231871,2.81335307108455e-05,0.00690992460233554,0.000474102416616491,43.015
"100938",2.92950219719513e-05,5.81360449628713e-05,0.935857257198233,0.966183786107103,2.81335307108455e-05,0.975696234434152,0.000474102416616491,43.015
"100939",2.92950219719513e-05,5.81360449628713e-05,0.233869686165433,0.117216095836219,2.81335307108455e-05,0.102426435153248,0.000474102416616491,43.015
"100940",2.92950219719513e-05,5.81360449628713e-05,0.0464362038765106,0.019379526520091,2.81335307108455e-05,0.0663460593821257,0.000474102416616491,43.015
"100941",2.92950219719513e-05,5.81360449628713e-05,0.00225965314152204,0.00104501219743974,2.81335307108455e-05,0.00114883859977449,0.000474102416616491,43.015
"100942",2.92950219719513e-05,5.81360449628713e-05,0.00225965314152204,0.00104501219743974,2.81335307108455e-05,0.00114883859977449,0.000474102416616491,43.015
"100943",2.92950219719513e-05,5.81360449628713e-05,0.00225965314152204,0.00104501219743974,2.81335307108455e-05,0.00114883859977449,0.000474102416616491,43.015
"100944",2.92950219719513e-05,5.81360449628713e-05,0.00225965314152204,0.00104501219743974,2.81335307108455e-05,0.00114883859977449,0.000474102416616491,43.019
"100945",2.92950219719513e-05,5.81360449628713e-05,0.00225965314152204,0.00104501219743974,2.81335307108455e-05,0.00114883859977449,0.000474102416616491,43.232
"100946",2.92950219719513e-05,5.81360449628713e-05,0.00225965314152204,0.00104501219743974,2.81335307108455e-05,0.00114883859977449,0.000474102416616491,43.258
"100947",2.92950219719513e-05,5.81360449628713e-05,0.00253214456181987,0.00104501219743974,2.81335307108455e-05,0.00114883859977449,0.000474102416616491,43.258
"100948",2.92950219719513e-05,5.81360449628713e-05,0.00451667240651136,0.00104501219743974,2.81335307108455e-05,0.00114883859977449,0.000474102416616491,43.236
"100949",2.92950219719513e-05,5.81360449628713e-05,0.00359325430226027,0.00104501219743974,2.81335307108455e-05,0.00114883859977449,0.000474102416616491,43.214
"100950",2.92950219719513e-05,5.81360449628713e-05,0.00683366038222585,0.00114965847014665,2.81335307108455e-05,0.00114883859977449,0.000474102416616491,43.259
"100951",2.92950219719513e-05,5.81360449628713e-05,0.020591790021114,0.00491647773040086,2.81335307108455e-05,0.00408757168641588,0.000474102416616491,43.277
"100952",2.92950219719513e-05,5.81360449628713e-05,0.0481966284866775,0.0159914147777949,2.81335307108455e-05,0.0138430209270573,0.000474102416616491,43.277
"100953",2.92950219719513e-05,5.81360449628713e-05,0.0597242878093017,0.0224265309624095,2.81335307108455e-05,0.021490116604787,0.000474102416616491,43.277
"100954",2.92950219719513e-05,5.81360449628713e-05,0.26415381841108,0.201236146544332,2.81335307108455e-05,0.227410213415843,0.000474102416616491,43.277
"100955",2.92950219719513e-05,5.81360449628713e-05,0.6318471787282,0.700932070247767,2.81335307108455e-05,0.749524725555836,0.000474102416616491,43.277
"100956",2.92950219719513e-05,5.81360449628713e-05,0.90948269775066,0.962747104367537,2.81335307108455e-05,0.970867103771081,0.000474102416616491,43.277
"100957",2.92950219719513e-05,5.81360449628713e-05,0.555639604522171,0.587966667300683,2.81335307108455e-05,0.666164204064454,0.000474102416616491,43.277
"100958",2.92950219719513e-05,5.81360449628713e-05,0.069568392490102,0.0308280199440707,2.81335307108455e-05,0.0500935500368717,0.000474102416616491,43.277
"100959",2.92950219719513e-05,5.81360449628713e-05,0.0364080009867015,0.0106815561353154,2.81335307108455e-05,0.0128631937830706,0.000474102416616491,43.277
"100960",2.92950219719513e-05,5.81360449628713e-05,0.795377463609769,0.862904715067696,2.81335307108455e-05,0.922059649746729,0.000474102416616491,43.277
"100961",2.92950219719513e-05,5.81360449628713e-05,0.0309338172217004,0.00731312481159184,2.81335307108455e-05,0.00704243393273682,0.000474102416616491,43.277
"100962",2.92950219719513e-05,5.81360449628713e-05,0.0290366633532004,0.00932111216296568,2.81335307108455e-05,0.0220256697739584,0.000474102416616491,43.277
"100963",2.92950219719513e-05,5.81360449628713e-05,0.0120572002976865,0.00274673574849953,2.81335307108455e-05,0.00428500775270334,0.000474102416616491,43.277
"100964",2.92950219719513e-05,5.81360449628713e-05,0.00983626540049643,0.00185681263482774,2.81335307108455e-05,0.00249244010891888,0.000474102416616491,43.277
"100965",2.92950219719513e-05,5.81360449628713e-05,0.00225965314152204,0.00104501219743974,2.81335307108455e-05,0.00114883859977449,0.000474102416616491,43.277
"100966",2.92950219719513e-05,5.81360449628713e-05,0.00225965314152204,0.00104501219743974,2.81335307108455e-05,0.00114883859977449,0.000474102416616491,43.277
"100967",2.92950219719513e-05,5.81360449628713e-05,0.0030667510059675,0.00104501219743974,2.81335307108455e-05,0.00114883859977449,0.000474102416616491,43.3
"100968",2.92950219719513e-05,5.81360449628713e-05,0.0102913770875743,0.0021356673923517,2.81335307108455e-05,0.00214704956413341,0.000474102416616491,43.489
"100969",2.92950219719513e-05,5.81360449628713e-05,0.499766153407569,0.495317134694621,2.81335307108455e-05,0.502820855024283,0.000474102416616491,43.538
"100970",2.92950219719513e-05,5.81360449628713e-05,0.957762188324134,0.984878838752863,2.81335307108455e-05,0.983575045091038,0.000474102416616491,43.538
"100971",2.92950219719513e-05,5.81360449628713e-05,0.359062851651038,0.339590492338451,2.81335307108455e-05,0.460929208441053,0.000474102416616491,43.538
"100972",2.92950219719513e-05,5.81360449628713e-05,0.893071305745128,0.953738348484721,2.81335307108455e-05,0.976021801085565,0.000474102416616491,43.538
"100973",2.92950219719513e-05,5.81360449628713e-05,0.925119179219153,0.973689352945497,2.81335307108455e-05,0.987274287714085,0.000474102416616491,43.538
"100974",2.92950219719513e-05,5.81360449628713e-05,0.780006564928989,0.861857770751899,2.81335307108455e-05,0.923209148945636,0.000474102416616491,43.538
"100975",2.92950219719513e-05,5.81360449628713e-05,0.430741587575556,0.404482536884102,2.81335307108455e-05,0.463670246973375,0.000474102416616491,43.538
"100976",2.92950219719513e-05,5.81360449628713e-05,0.0168236248495433,0.00375048768012327,2.81335307108455e-05,0.0048967750705759,0.000474102416616491,43.538
"100977",2.92950219719513e-05,5.81360449628713e-05,0.756732078663273,0.831668605036389,2.81335307108455e-05,0.901773808859426,0.000932845050845898,43.538
"100978",2.92950219719513e-05,5.81360449628713e-05,0.11482368223214,0.0655134306741697,2.81335307108455e-05,0.113093910655199,0.000474102416616491,43.538
"100979",2.92950219719513e-05,5.81360449628713e-05,0.0218210363115573,0.00612260892360576,2.81335307108455e-05,0.0124358343562417,0.000474102416616491,43.538
"100980",2.92950219719513e-05,5.81360449628713e-05,0.0128373392213652,0.00293956871796585,2.81335307108455e-05,0.00428746038376349,0.000474102416616491,43.538
"100981",2.92950219719513e-05,5.81360449628713e-05,0.190592867990209,0.12239408186962,2.81335307108455e-05,0.181723641235098,0.000474102416616491,43.538
"100982",2.92950219719513e-05,5.81360449628713e-05,0.00225965314152204,0.00104501219743974,2.81335307108455e-05,0.00114883859977449,0.000474102416616491,43.538
"100983",2.92950219719513e-05,5.81360449628713e-05,0.00225965314152204,0.00104501219743974,2.81335307108455e-05,0.00114883859977449,0.000474102416616491,43.538
"100984",2.92950219719513e-05,5.81360449628713e-05,0.00225965314152204,0.00104501219743974,2.81335307108455e-05,0.00114883859977449,0.000474102416616491,43.538
"100985",2.92950219719513e-05,5.81360449628713e-05,0.170938539114002,0.108221404858187,2.81335307108455e-05,0.115632110288708,0.000474102416616491,43.797
"100986",2.92950219719513e-05,5.81360449628713e-05,0.755233760499057,0.834547133608561,2.81335307108455e-05,0.875802326524505,0.000474102416616491,43.798
"100987",2.92950219719513e-05,5.81360449628713e-05,0.161202573289415,0.109739570225219,2.81335307108455e-05,0.1614251587569,0.000474102416616491,43.798
"100988",2.92950219719513e-05,5.81360449628713e-05,0.666112307026103,0.753986346583184,2.81335307108455e-05,0.853804062060793,0.000474102416616491,43.798
"100989",2.92950219719513e-05,5.81360449628713e-05,0.720467113742055,0.811291203889733,2.81335307108455e-05,0.896473056540523,0.000474102416616491,43.798
"100990",2.92950219719513e-05,5.81360449628713e-05,0.579299723407767,0.619375169401503,2.81335307108455e-05,0.724679821790371,0.000474102416616491,43.798
"100991",2.92950219719513e-05,5.81360449628713e-05,0.902527497422007,0.956148558352007,2.81335307108455e-05,0.969597415439429,0.000474102416616491,43.798
"100992",2.92950219719513e-05,5.81360449628713e-05,0.0294188388411334,0.00813038071552401,2.81335307108455e-05,0.010396371708248,0.000474102416616491,43.798
"100993",2.92950219719513e-05,5.81360449628713e-05,0.275885205718314,0.178722804426175,2.81335307108455e-05,0.237513953687043,0.000474102416616491,43.798
"100994",2.92950219719513e-05,5.81360449628713e-05,0.149986168493731,0.0606685078087288,2.81335307108455e-05,0.0446953648473261,0.000474102416616491,43.798
"100995",2.92950219719513e-05,5.81360449628713e-05,0.0275270840374576,0.0052997658720613,2.81335307108455e-05,0.00302963930110521,0.000474102416616491,43.798
"100996",2.92950219719513e-05,5.81360449628713e-05,0.015478268467646,0.00334567727403535,2.81335307108455e-05,0.00391478876080038,0.000474102416616491,43.798
"100997",2.92950219719513e-05,5.81360449628713e-05,0.726189789739263,0.72365126211434,2.81335307108455e-05,0.72767464675882,0.000474102416616491,43.798
"100998",2.92950219719513e-05,5.81360449628713e-05,0.190474968163997,0.0861277013648248,2.81335307108455e-05,0.0737506869606492,0.000474102416616491,43.798
"100999",2.92950219719513e-05,5.81360449628713e-05,0.00225965314152204,0.00104501219743974,2.81335307108455e-05,0.00114883859977449,0.000474102416616491,43.798
"101000",2.92950219719513e-05,5.81360449628713e-05,0.00225965314152204,0.00104501219743974,2.81335307108455e-05,0.00114883859977449,0.000474102416616491,43.798
"101001",2.92950219719513e-05,5.81360449628713e-05,0.00225965314152204,0.00104501219743974,2.81335307108455e-05,0.00114883859977449,0.000474102416616491,43.816
"101002",2.92950219719513e-05,5.81360449628713e-05,0.00225965314152204,0.00104501219743974,2.81335307108455e-05,0.00114883859977449,0.000474102416616491,43.84
"101003",2.92950219719513e-05,5.81360449628713e-05,0.00713993865903412,0.00141036471251316,2.81335307108455e-05,0.00128949543182403,0.000474102416616491,44.058
"101004",2.92950219719513e-05,5.81360449628713e-05,0.0870020571796408,0.0415819729725339,2.81335307108455e-05,0.045385899511867,0.000474102416616491,44.057
"101005",2.92950219719513e-05,5.81360449628713e-05,0.283721774333366,0.237466710346911,2.81335307108455e-05,0.278883504945643,0.000474102416616491,44.057
"101006",2.92950219719513e-05,5.81360449628713e-05,0.556922334772099,0.623309170626441,2.81335307108455e-05,0.713076491635869,0.000474102416616491,44.057
"101007",2.92950219719513e-05,5.81360449628713e-05,0.194903967695276,0.147362940069323,2.81335307108455e-05,0.234495994819698,0.000474102416616491,44.057
"101008",2.92950219719513e-05,5.81360449628713e-05,0.748381417508036,0.817011089593202,2.81335307108455e-05,0.851656047670772,0.000474102416616491,44.057
"101009",0.0147434535549104,5.81360449628713e-05,0.995480802980467,0.999439424772635,0.00772514779710629,0.999720386295541,0.00168458936174491,44.057
"101010",2.92950219719513e-05,5.81360449628713e-05,0.045833553659661,0.0150636137725938,2.81335307108455e-05,0.019683368656831,0.000474102416616491,44.057
"101011",2.92950219719513e-05,5.81360449628713e-05,0.0564530289795289,0.0136649407456924,2.81335307108455e-05,0.0157050901079637,0.000474102416616491,44.057
"101012",2.92950219719513e-05,5.81360449628713e-05,0.00804809095581316,0.00104501219743974,2.81335307108455e-05,0.00114883859977449,0.000474102416616491,44.057
"101013",2.92950219719513e-05,5.81360449628713e-05,0.00225965314152204,0.00104501219743974,2.81335307108455e-05,0.00114883859977449,0.000474102416616491,44.057
"101014",2.92950219719513e-05,5.81360449628713e-05,0.00225965314152204,0.00104501219743974,2.81335307108455e-05,0.00114883859977449,0.000474102416616491,44.057
"101015",0.000437781445677823,5.81360449628713e-05,0.988009520089971,0.996920718495774,0.000136624617099144,0.998245666959263,0.000474102416616491,44.057
"101016",2.92950219719513e-05,5.81360449628713e-05,0.920764712582317,0.950252095761966,2.81335307108455e-05,0.952219597175664,0.000474102416616491,44.057
"101017",2.92950219719513e-05,5.81360449628713e-05,0.00225965314152204,0.00104501219743974,2.81335307108455e-05,0.00114883859977449,0.000474102416616491,44.057
"101018",2.92950219719513e-05,5.81360449628713e-05,0.00225965314152204,0.00104501219743974,2.81335307108455e-05,0.00114883859977449,0.000474102416616491,44.057
"101019",2.92950219719513e-05,5.81360449628713e-05,0.00225965314152204,0.00104501219743974,2.81335307108455e-05,0.00114883859977449,0.000474102416616491,44.057
"101020",2.92950219719513e-05,5.81360449628713e-05,0.00225965314152204,0.00104501219743974,2.81335307108455e-05,0.00114883859977449,0.000474102416616491,44.057
"101021",2.92950219719513e-05,5.81360449628713e-05,0.00225965314152204,0.00104501219743974,2.81335307108455e-05,0.00114883859977449,0.000474102416616491,44.063
"101022",2.92950219719513e-05,5.81360449628713e-05,0.0252867179215518,0.0076229882875874,2.81335307108455e-05,0.0196785134172478,0.000474102416616491,44.074
"101023",2.92950219719513e-05,5.81360449628713e-05,0.0152597125455321,0.00373724240048185,2.81335307108455e-05,0.00360329484135817,0.000474102416616491,44.28
"101024",2.92950219719513e-05,5.81360449628713e-05,0.0487448737060287,0.0176452037253552,2.81335307108455e-05,0.015645863081967,0.000474102416616491,44.314
"101025",2.92950219719513e-05,5.81360449628713e-05,0.252923106558298,0.191598375533979,2.81335307108455e-05,0.205507803028712,0.000474102416616491,44.314
"101026",2.92950219719513e-05,5.81360449628713e-05,0.316469782777916,0.275678244118121,2.81335307108455e-05,0.323103787200879,0.000474102416616491,44.314
"101027",2.92950219719513e-05,5.81360449628713e-05,0.196836733999662,0.134033864675247,2.81335307108455e-05,0.146338299902861,0.000474102416616491,44.314
"101028",2.92950219719513e-05,5.81360449628713e-05,0.121041537159386,0.0673436145147381,2.81335307108455e-05,0.0732111386891404,0.000474102416616491,44.314
"101029",2.92950219719513e-05,5.81360449628713e-05,0.527756077503086,0.558284826865875,2.81335307108455e-05,0.600678597354402,0.000474102416616491,44.314
"101030",2.92950219719513e-05,5.81360449628713e-05,0.0992247904078762,0.0440882972821095,2.81335307108455e-05,0.0561468567759827,0.000474102416616491,44.314
"101031",2.92950219719513e-05,5.81360449628713e-05,0.572717508174094,0.568359912043064,2.81335307108455e-05,0.663042309234689,0.000474102416616491,44.314
"101032",2.92950219719513e-05,5.81360449628713e-05,0.00225965314152204,0.00104501219743974,2.81335307108455e-05,0.00114883859977449,0.000474102416616491,44.314
"101033",2.92950219719513e-05,5.81360449628713e-05,0.00225965314152204,0.00104501219743974,2.81335307108455e-05,0.00114883859977449,0.000474102416616491,44.314
"101034",2.92950219719513e-05,5.81360449628713e-05,0.00301436890029015,0.00104501219743974,2.81335307108455e-05,0.00114883859977449,0.000474102416616491,44.314
"101035",2.92950219719513e-05,5.81360449628713e-05,0.0804057271718282,0.0319615803066252,2.81335307108455e-05,0.0476339641552801,0.000474102416616491,44.314
"101036",5.82676808693399e-05,5.81360449628713e-05,0.987552252001373,0.996345283555647,2.81335307108455e-05,0.997090051753839,0.000474102416616491,44.314
"101037",2.92950219719513e-05,5.81360449628713e-05,0.0194961921621597,0.0047590204919417,2.81335307108455e-05,0.0063741475562816,0.000474102416616491,44.314
"101038",2.92950219719513e-05,5.81360449628713e-05,0.0053760021554021,0.00104501219743974,2.81335307108455e-05,0.00114883859977449,0.000474102416616491,44.314
"101039",2.92950219719513e-05,5.81360449628713e-05,0.00291214999366197,0.00104501219743974,2.81335307108455e-05,0.00114883859977449,0.000474102416616491,44.314
"101040",2.92950219719513e-05,5.81360449628713e-05,0.00225965314152204,0.00104501219743974,2.81335307108455e-05,0.00114883859977449,0.000474102416616491,44.314
"101041",2.92950219719513e-05,5.81360449628713e-05,0.00225965314152204,0.00104501219743974,2.81335307108455e-05,0.00114883859977449,0.000474102416616491,44.314
"101042",2.92950219719513e-05,5.81360449628713e-05,0.0098837870294337,0.00213705937322186,2.81335307108455e-05,0.00546059719370661,0.000474102416616491,44.321
"101043",2.92950219719513e-05,5.81360449628713e-05,0.0584131176482555,0.0290315331963287,2.81335307108455e-05,0.0838758808251689,0.000474102416616491,44.336
"101044",2.92950219719513e-05,5.81360449628713e-05,0.0321882871621073,0.0135967000754228,2.81335307108455e-05,0.0443529989643439,0.000474102416616491,44.338
"101045",2.92950219719513e-05,5.81360449628713e-05,0.0758330484197815,0.0321234261945616,2.81335307108455e-05,0.0279844706988556,0.000474102416616491,44.546
"101046",2.92950219719513e-05,5.81360449628713e-05,0.090749955156071,0.0404226829461222,2.81335307108455e-05,0.0323663556835026,0.000474102416616491,44.571
"101047",2.92950219719513e-05,5.81360449628713e-05,0.349256660308875,0.2996295629452,2.81335307108455e-05,0.300470151429002,0.000474102416616491,44.571
"101048",2.92950219719513e-05,5.81360449628713e-05,0.176084033878278,0.113935460313917,2.81335307108455e-05,0.121997326194838,0.000474102416616491,44.571
"101049",2.92950219719513e-05,5.81360449628713e-05,0.130395654210292,0.0793546019143539,2.81335307108455e-05,0.103368943173354,0.000474102416616491,44.571
"101050",2.92950219719513e-05,5.81360449628713e-05,0.0278695955034168,0.00909062920117449,2.81335307108455e-05,0.0136666500041181,0.000474102416616491,44.571
"101051",2.92950219719513e-05,5.81360449628713e-05,0.153222746794653,0.0830191925710004,2.81335307108455e-05,0.0862039280484059,0.000474102416616491,44.571
"101052",2.92950219719513e-05,5.81360449628713e-05,0.873273604097583,0.929334705226981,2.81335307108455e-05,0.96190659728158,0.000474102416616491,44.571
"101053",2.92950219719513e-05,5.81360449628713e-05,0.409791576476571,0.36313701489511,2.81335307108455e-05,0.464764680966366,0.000474102416616491,44.571
"101054",2.92950219719513e-05,5.81360449628713e-05,0.139155891691347,0.0687646765328889,2.81335307108455e-05,0.0692639010496251,0.000474102416616491,44.571
"101055",2.92950219719513e-05,5.81360449628713e-05,0.0905174573389498,0.0316493333728761,2.81335307108455e-05,0.0260373548424989,0.000474102416616491,44.571
"101056",2.92950219719513e-05,5.81360449628713e-05,0.0339267276466389,0.00953185825216988,2.81335307108455e-05,0.0136313863895184,0.000474102416616491,44.571
"101057",2.92950219719513e-05,5.81360449628713e-05,0.0712384568684369,0.0269395844938213,2.81335307108455e-05,0.0359902394380105,0.000474102416616491,44.571
"101058",2.92950219719513e-05,5.81360449628713e-05,0.602674094911799,0.637435322099805,2.81335307108455e-05,0.758636103994347,0.000474102416616491,44.571
"101059",2.92950219719513e-05,5.81360449628713e-05,0.0457858638230408,0.0158109749257285,2.81335307108455e-05,0.0222649429515317,0.000474102416616491,44.571
"101060",2.92950219719513e-05,5.81360449628713e-05,0.0617902289540221,0.0222381860269411,2.81335307108455e-05,0.036032091721649,0.000474102416616491,44.571
"101061",2.92950219719513e-05,5.81360449628713e-05,0.00425041174452583,0.00104501219743974,2.81335307108455e-05,0.00114883859977449,0.000474102416616491,44.571
"101062",2.92950219719513e-05,5.81360449628713e-05,0.00225965314152204,0.00104501219743974,2.81335307108455e-05,0.00114883859977449,0.000474102416616491,44.571
"101063",2.92950219719513e-05,5.81360449628713e-05,0.00225965314152204,0.00104501219743974,2.81335307108455e-05,0.00114883859977449,0.000474102416616491,44.571
"101064",2.92950219719513e-05,5.81360449628713e-05,0.0545534281085313,0.0246617574243573,2.81335307108455e-05,0.0646637733339515,0.000474102416616491,44.575
"101065",2.92950219719513e-05,5.81360449628713e-05,0.024749114279989,0.00871092154849234,2.81335307108455e-05,0.0222807391537702,0.000474102416616491,44.576
"101066",2.92950219719513e-05,5.81360449628713e-05,0.049362474458825,0.0253202408571407,2.81335307108455e-05,0.0758667755146145,0.000474102416616491,44.579
"101067",2.92950219719513e-05,5.81360449628713e-05,0.275701807362973,0.262116890082491,2.81335307108455e-05,0.467968310340881,0.000474102416616491,44.605
"101068",2.92950219719513e-05,5.81360449628713e-05,0.0780253404153726,0.0322235776893816,2.81335307108455e-05,0.0228862974094374,0.000474102416616491,44.787
"101069",2.92950219719513e-05,5.81360449628713e-05,0.0451887532582398,0.0163422787271433,2.81335307108455e-05,0.0122849621034811,0.000474102416616491,44.826
"101070",2.92950219719513e-05,5.81360449628713e-05,0.0487820871813993,0.0183392530090788,2.81335307108455e-05,0.0211982432084594,0.000474102416616491,44.826
"101071",2.92950219719513e-05,5.81360449628713e-05,0.0656356847191978,0.0303187221868187,2.81335307108455e-05,0.0459567859434163,0.000474102416616491,44.826
"101072",2.92950219719513e-05,5.81360449628713e-05,0.0182224541993128,0.00536446244409833,2.81335307108455e-05,0.00824459425596698,0.000474102416616491,44.826
"101073",2.92950219719513e-05,5.81360449628713e-05,0.42303991833685,0.370091976481184,2.81335307108455e-05,0.359659362120303,0.000474102416616491,44.826
"101074",2.92950219719513e-05,5.81360449628713e-05,0.0698185965797427,0.0269040103984937,2.81335307108455e-05,0.0355609040095397,0.000474102416616491,44.826
"101075",2.92950219719513e-05,5.81360449628713e-05,0.380748082856756,0.340430716823556,2.81335307108455e-05,0.444009530250538,0.000474102416616491,44.826
"101076",2.92950219719513e-05,5.81360449628713e-05,0.687498372235777,0.679702037600485,2.81335307108455e-05,0.651892549164996,0.000474102416616491,44.826
"101077",2.92950219719513e-05,5.81360449628713e-05,0.0619938697651339,0.0166806920141946,2.81335307108455e-05,0.00978506386905738,0.000474102416616491,44.826
"101078",2.92950219719513e-05,5.81360449628713e-05,0.630126425904432,0.586082242599059,2.81335307108455e-05,0.533912480556464,0.000474102416616491,44.826
"101079",2.92950219719513e-05,5.81360449628713e-05,0.567878341407719,0.472991299852315,2.81335307108455e-05,0.392629636647265,0.000474102416616491,44.826
"101080",2.92950219719513e-05,5.81360449628713e-05,0.291919889714196,0.172680424433836,2.81335307108455e-05,0.149336593357719,0.000474102416616491,44.826
"101081",0.00110257316823264,5.81360449628713e-05,0.986600809710581,0.997281728458793,0.000335350066624633,0.998795561570356,0.000474102416616491,44.826
"101082",2.92950219719513e-05,5.81360449628713e-05,0.498215224172399,0.473027303700874,2.81335307108455e-05,0.591911201664743,0.000474102416616491,44.826
"101083",2.92950219719513e-05,5.81360449628713e-05,0.0144122358578084,0.00307960863236815,2.81335307108455e-05,0.00418873774157748,0.000474102416616491,44.826
"101084",2.92950219719513e-05,5.81360449628713e-05,0.0105176674621722,0.00199982451118166,2.81335307108455e-05,0.00297448618260303,0.000474102416616491,44.826
"101085",2.92950219719513e-05,5.81360449628713e-05,0.00499308143887636,0.00104501219743974,2.81335307108455e-05,0.00114883859977449,0.000474102416616491,44.826
"101086",2.92950219719513e-05,5.81360449628713e-05,0.129646171243717,0.0725413106767782,2.81335307108455e-05,0.143699867388894,0.000474102416616491,44.826
"101087",2.92950219719513e-05,5.81360449628713e-05,0.0884780877191258,0.045592957620605,2.81335307108455e-05,0.0921043149107973,0.000474102416616491,44.826
"101088",2.92950219719513e-05,5.81360449628713e-05,0.13797942694909,0.0887340217667545,2.81335307108455e-05,0.163433898932789,0.000474102416616491,44.826
"101089",2.92950219719513e-05,5.81360449628713e-05,0.27675886945673,0.254780770058418,2.81335307108455e-05,0.460317312015169,0.000474102416616491,44.826
"101090",2.92950219719513e-05,5.81360449628713e-05,0.508672391534349,0.571939716483841,2.81335307108455e-05,0.77756803728073,0.000474102416616491,44.827
"101091",2.92950219719513e-05,5.81360449628713e-05,0.553439495833832,0.450358009593662,2.81335307108455e-05,0.356923208191462,0.000474102416616491,45.076
"101092",2.92950219719513e-05,5.81360449628713e-05,0.33667996632638,0.247684535192122,2.81335307108455e-05,0.248830031893684,0.000474102416616491,45.081
"101093",2.92950219719513e-05,5.81360449628713e-05,0.779582663234612,0.818836442555742,2.81335307108455e-05,0.823920167182038,0.000474102416616491,45.081
"101094",0.00535925063069125,5.81360449628713e-05,0.990537928420352,0.998340073767554,0.00169819895523522,0.999281509931167,0.00075645837971531,45.081
"101095",2.92950219719513e-05,5.81360449628713e-05,0.213532454482327,0.138299916163434,2.81335307108455e-05,0.199279734557365,0.000474102416616491,45.081
"101096",2.92950219719513e-05,5.81360449628713e-05,0.0870854379100764,0.0369108826571222,2.81335307108455e-05,0.0522017583857798,0.000474102416616491,45.081
"101097",2.92950219719513e-05,5.81360449628713e-05,0.055089766115901,0.018975094605559,2.81335307108455e-05,0.0256819445879846,0.000474102416616491,45.081
"101098",2.92950219719513e-05,5.81360449628713e-05,0.18770953003765,0.118127142131874,2.81335307108455e-05,0.198461939415988,0.000474102416616491,45.081
"101099",2.92950219719513e-05,5.81360449628713e-05,0.243369577088185,0.188378319486188,2.81335307108455e-05,0.323103818417055,0.000474102416616491,45.081
"101100",2.92950219719513e-05,5.81360449628713e-05,0.195118814002621,0.134645619971232,2.81335307108455e-05,0.207086522509789,0.000474102416616491,45.081
"101101",2.92950219719513e-05,5.81360449628713e-05,0.107120458542465,0.0598525313774421,2.81335307108455e-05,0.106903539462941,0.000474102416616491,45.081
"101102",2.92950219719513e-05,5.81360449628713e-05,0.0796595385693571,0.0398940404146386,2.81335307108455e-05,0.0728625916406675,0.000474102416616491,45.065
"101103",2.92950219719513e-05,5.81360449628713e-05,0.930497423248525,0.96907874608689,2.81335307108455e-05,0.979775047737055,0.000474102416616491,45.326
"101104",2.92950219719513e-05,5.81360449628713e-05,0.360698483116411,0.280880771714091,2.81335307108455e-05,0.312157428371159,0.000474102416616491,45.334
"101105",2.92950219719513e-05,5.81360449628713e-05,0.0734506341724721,0.0296815000019673,2.81335307108455e-05,0.0425832351650226,0.000474102416616491,45.334
"101106",2.92950219719513e-05,5.81360449628713e-05,0.407822246427719,0.403789043536578,2.81335307108455e-05,0.556941182451526,0.000474102416616491,45.334
"101107",2.92950219719513e-05,5.81360449628713e-05,0.254301562965659,0.189068134514404,2.81335307108455e-05,0.301267668606862,0.000474102416616491,45.334
"101108",2.92950219719513e-05,5.81360449628713e-05,0.259418823959073,0.184262265938325,2.81335307108455e-05,0.260760219957722,0.000474102416616491,45.334
"101109",2.92950219719513e-05,5.81360449628713e-05,0.383660735338761,0.340183758233635,2.81335307108455e-05,0.462232968206654,0.000474102416616491,45.334
"101110",2.92950219719513e-05,5.81360449628713e-05,0.285652081314865,0.236413918749932,2.81335307108455e-05,0.365103801245534,0.000474102416616491,45.334
"101111",2.92950219719513e-05,5.81360449628713e-05,0.0828038487440976,0.0400461847700913,2.81335307108455e-05,0.0663278187765337,0.000474102416616491,45.334
"101112",2.92950219719513e-05,5.81360449628713e-05,0.445183012890117,0.454860740329202,2.81335307108455e-05,0.636152743011887,0.000474102416616491,45.563
"101113",2.92950219719513e-05,5.81360449628713e-05,0.19967934012901,0.128656705469944,2.81335307108455e-05,0.182702469317578,0.000474102416616491,45.586
"101114",2.92950219719513e-05,5.81360449628713e-05,0.0421854094558189,0.0127317710854162,2.81335307108455e-05,0.0143670566179825,0.000474102416616491,45.586
"101115",2.92950219719513e-05,5.81360449628713e-05,0.488999737998166,0.483124493714712,2.81335307108455e-05,0.612194622609225,0.000474102416616491,45.586
"101116",2.92950219719513e-05,5.81360449628713e-05,0.82199420501856,0.896554122944264,2.81335307108455e-05,0.944953848512773,0.000474102416616491,45.586
"101117",2.92950219719513e-05,5.81360449628713e-05,0.177269152414386,0.114159737747866,2.81335307108455e-05,0.190771136357131,0.000474102416616491,45.586
"101118",2.92950219719513e-05,5.81360449628713e-05,0.244606480925577,0.176483705872691,2.81335307108455e-05,0.255559607753197,0.000474102416616491,45.586
"101119",2.92950219719513e-05,5.81360449628713e-05,0.251402126724529,0.180281498810164,2.81335307108455e-05,0.235881515180621,0.000474102416616491,45.586
"101120",2.92950219719513e-05,5.81360449628713e-05,0.112833658240807,0.0585226378053371,2.81335307108455e-05,0.0823262446243077,0.000474102416616491,45.559
"101121",2.92950219719513e-05,5.81360449628713e-05,0.581331207602022,0.640523557355641,2.81335307108455e-05,0.763513447410131,0.000474102416616491,45.824
"101122",2.92950219719513e-05,5.81360449628713e-05,0.418280941635774,0.353776948163983,2.81335307108455e-05,0.375867248431904,0.000474102416616491,45.837
"101123",2.92950219719513e-05,5.81360449628713e-05,0.440564387985569,0.399836802970018,2.81335307108455e-05,0.46236397487363,0.000474102416616491,45.837
"101124",2.92950219719513e-05,5.81360449628713e-05,0.881458081385497,0.933061150768924,2.81335307108455e-05,0.9553138282949,0.000474102416616491,45.837
"101125",2.92950219719513e-05,5.81360449628713e-05,0.773730955045488,0.859006580156183,2.81335307108455e-05,0.925241020703822,0.000474102416616491,45.837
"101126",2.92950219719513e-05,5.81360449628713e-05,0.202296799708382,0.145507743887621,2.81335307108455e-05,0.255271397936577,0.000474102416616491,45.837
"101127",2.92950219719513e-05,5.81360449628713e-05,0.207902697522971,0.136584167940501,2.81335307108455e-05,0.182026693873559,0.000474102416616491,45.837
"101128",2.92950219719513e-05,5.81360449628713e-05,0.558027167508045,0.583900817153564,2.81335307108455e-05,0.681249119365758,0.000474102416616491,46.082
"101129",2.92950219719513e-05,5.81360449628713e-05,0.454353433964358,0.445693130178603,2.81335307108455e-05,0.555157916016114,0.000474102416616491,46.086
"101130",2.92950219719513e-05,5.81360449628713e-05,0.361561003948616,0.312487085467707,2.81335307108455e-05,0.392936168337997,0.000474102416616491,46.086
"101131",2.92950219719513e-05,5.81360449628713e-05,0.6127572144562,0.638764075193148,2.81335307108455e-05,0.712749469718737,0.000474102416616491,46.086
"101132",2.92950219719513e-05,5.81360449628713e-05,0.427688603373937,0.440637095322392,2.81335307108455e-05,0.603628928374013,0.000474102416616491,46.086
"101133",2.92950219719513e-05,5.81360449628713e-05,0.248282554589264,0.217169908504717,2.81335307108455e-05,0.363378755262109,0.000474102416616491,46.086
"101134",2.92950219719513e-05,5.81360449628713e-05,0.0255569477346704,0.00942047172683423,2.81335307108455e-05,0.0269923310802804,0.000474102416616491,46.086
"101135",2.92950219719513e-05,5.81360449628713e-05,0.388613081115308,0.360235630032469,2.81335307108455e-05,0.430588192449445,0.000474102416616491,46.335
"101136",2.92950219719513e-05,5.81360449628713e-05,0.362848781745397,0.306781004900983,2.81335307108455e-05,0.336560600588622,0.000474102416616491,46.335
"101137",2.92950219719513e-05,5.81360449628713e-05,0.449559586737039,0.428325278912281,2.81335307108455e-05,0.520358064266121,0.000474102416616491,46.335
"101138",2.92950219719513e-05,5.81360449628713e-05,0.22488286519288,0.176758869449224,2.81335307108455e-05,0.320288836986694,0.000474102416616491,46.335
"101139",2.92950219719513e-05,5.81360449628713e-05,0.08021728563614,0.0434342428285844,2.81335307108455e-05,0.0780017150093541,0.000474102416616491,46.335
"101140",2.92950219719513e-05,5.81360449628713e-05,0.129164366716394,0.0811190343267747,2.81335307108455e-05,0.179513547900534,0.000474102416616491,46.335
"101141",2.92950219719513e-05,5.81360449628713e-05,0.355743827689999,0.308373244397963,2.81335307108455e-05,0.323068065570946,0.000474102416616491,46.58
"101142",2.92950219719513e-05,5.81360449628713e-05,0.0909937498953206,0.0468398877565541,2.81335307108455e-05,0.052839807600561,0.000474102416616491,46.583
"101143",2.92950219719513e-05,5.81360449628713e-05,0.299411881183478,0.265475532847143,2.81335307108455e-05,0.409446308297298,0.000474102416616491,46.583
"101144",2.92950219719513e-05,5.81360449628713e-05,0.251264641333636,0.210134208652897,2.81335307108455e-05,0.373761387525465,0.000474102416616491,46.583
"101145",2.92950219719513e-05,5.81360449628713e-05,0.148845367499629,0.0883276630107115,2.81335307108455e-05,0.14232976739632,0.000474102416616491,46.583
"101146",2.92950219719513e-05,5.81360449628713e-05,0.107630949977267,0.0571135085904422,2.81335307108455e-05,0.113321399965546,0.000474102416616491,46.583
"101147",2.92950219719513e-05,5.81360449628713e-05,0.624014263986604,0.638899396574664,2.81335307108455e-05,0.6271085631037,0.000474102416616491,46.803
"101148",2.92950219719513e-05,5.81360449628713e-05,0.383778926855895,0.330292882743289,2.81335307108455e-05,0.32725682737087,0.000474102416616491,46.829
"101149",2.92950219719513e-05,5.81360449628713e-05,0.272252072959489,0.234599050010391,2.81335307108455e-05,0.370851660242615,0.000474102416616491,46.829
"101150",2.92950219719513e-05,5.81360449628713e-05,0.116559452775443,0.0753796860098697,2.81335307108455e-05,0.135285796455105,0.000474102416616491,46.829
"101151",2.92950219719513e-05,5.81360449628713e-05,0.0687863814099975,0.0333116241808693,2.81335307108455e-05,0.0668930595449606,0.000474102416616491,46.829
"101152",2.92950219719513e-05,5.81360449628713e-05,0.128699402979156,0.0727226259586428,2.81335307108455e-05,0.136175960210511,0.000474102416616491,46.829
"101153",2.92950219719513e-05,5.81360449628713e-05,0.373144273277014,0.34149070657388,2.81335307108455e-05,0.404434375954445,0.000474102416616491,47.061
"101154",2.92950219719513e-05,5.81360449628713e-05,0.148174198496534,0.0905163322763119,2.81335307108455e-05,0.102633168396916,0.000474102416616491,47.074
"101155",2.92950219719513e-05,5.81360449628713e-05,0.0470469927144505,0.0217369019264558,2.81335307108455e-05,0.0624522864198882,0.000474102416616491,47.073
"101156",2.92950219719513e-05,5.81360449628713e-05,0.105777720271256,0.0585857806014015,2.81335307108455e-05,0.105146637276623,0.000474102416616491,47.074
"101157",2.92950219719513e-05,5.81360449628713e-05,0.11606250113,0.0672251758921429,2.81335307108455e-05,0.118534394146724,0.000474102416616491,47.07
"101158",2.92950219719513e-05,5.81360449628713e-05,0.4991013235472,0.511895448385745,2.81335307108455e-05,0.604697324384812,0.000474102416616491,47.309
