"","Andrena_carlini","Andrena_miserabilis","Osmia_atriventris","Osmia_bucephala","Osmia_lignaria","Osmia_pumila","Andrena_violae","latitude"
"100001",0.13795705056899,0.124403261326618,0.0329385480832162,0.0398108757122962,0.128020169155423,0.0221229592956453,0.178286343072682,25.316
"100002",0.135360783647307,0.124664361826191,0.0213441093735891,0.0283449678343716,0.125527826306851,0.0159233668570275,0.181081394007858,25.329
"100003",0.135003051561894,0.11627640261199,0.0359602602079938,0.0424717446513998,0.123755942662634,0.0216707766535912,0.182041512808714,25.637
"100004",0.129339935340155,0.114376583365047,0.0182502930840899,0.024180895749673,0.118358531387069,0.0131079793393563,0.184153035425808,25.637
"100005",0.128174353119942,0.111172334177617,0.0195558305003369,0.0255197168282723,0.116749146801751,0.0134766678189163,0.183376319549308,25.669
"100006",0.123531504367459,0.106585321397799,0.0230793376221865,0.029785312213753,0.112857676500569,0.0148313056501341,0.173742157629856,25.963
"100007",0.133211148858629,0.107667246714225,0.0341613963107392,0.0407253547350529,0.119823866683927,0.0199583784142537,0.191401701337517,25.961
"100008",0.137683144802192,0.100913465315403,0.0335045190600858,0.0381968058612383,0.120292039211737,0.0168794718793271,0.214908581341945,25.961
"100009",0.127108724975547,0.102266403853812,0.0205614980860932,0.0257929050722672,0.113323124533541,0.0122685566829618,0.193989955199463,25.962
"100010",0.11906549216465,0.109272119225934,0.0107493471348218,0.0154658110649513,0.109838581087738,0.00821465767420071,0.166613324622964,26.291
"100011",0.119664378227972,0.105501504735447,0.0143955634296346,0.0196093724442497,0.109332266635785,0.010001430877214,0.173065925797689,26.283
"100012",0.124554811988322,0.108349296584789,0.0139968139746088,0.0188918151478217,0.113119620294497,0.0091877604864609,0.185749992889039,26.283
"100013",0.12870078017189,0.102530903514582,0.0160117493980466,0.0204586627587131,0.114103206767431,0.00899294940193268,0.208704351944357,26.283
"100014",0.125832881207644,0.0978636320240492,0.0179165965277643,0.0224151928018494,0.110869189644931,0.00980125641336432,0.204587684266033,26.284
"100015",0.125051075985368,0.11132321597475,0.0110520453676852,0.0156600902290336,0.11451080388003,0.00783028429640854,0.176178479023432,26.611
"100016",0.119343303088969,0.11097754550677,0.00848124006817958,0.0125420660059818,0.110087789003106,0.00637791101349378,0.168906924635834,26.605
"100017",0.121593158141827,0.111574338115745,0.0116642479303307,0.0164026964359357,0.111875365892075,0.00826266393035947,0.173765363664642,26.605
"100018",0.12364897385009,0.113925766997364,0.0113933297182974,0.0160600532000608,0.113541663678877,0.0077702984474418,0.180765090972288,26.605
"100019",0.119250067021067,0.112052888101979,0.00731862674152344,0.0109019087182483,0.109448395844193,0.00570437733948693,0.186062767893436,26.605
"100020",0.117147522726862,0.103187508786101,0.0090072424618388,0.0127988243643476,0.105854539280605,0.00600194444518107,0.189160273437164,26.605
"100021",0.121690267341492,0.108376346289826,0.00979606793820732,0.0140824006361393,0.110943780625447,0.00675397382426144,0.175727855419074,26.938
"100022",0.120093044370188,0.112508679376974,0.00937759264629993,0.0137270484460071,0.110758056112998,0.00694741912704284,0.168332463470684,26.926
"100023",0.124837419207951,0.113235587850034,0.0140548637640596,0.018966565547,0.114511086916716,0.00908021588270409,0.175931924088593,26.926
"100024",0.136050926557878,0.123806623786865,0.0133629369027925,0.0182659409400741,0.124715725384802,0.00893352043699335,0.201257565047432,26.926
"100025",0.128080026247402,0.113674034886326,0.0114646028615681,0.0158169731185602,0.116354877022991,0.00741746990372409,0.201390105023584,26.926
"100026",0.113511260011897,0.100049453001871,0.011000179137685,0.0148976240584263,0.102894363115116,0.00653794320743844,0.17561825716596,26.924
"100027",0.104252249796617,0.0984386001899013,0.00596221995619982,0.00750859649502857,0.0954059264341105,0.00570437733948693,0.160064725155514,27.262
"100028",0.110943069039996,0.102191955179525,0.00596221995619982,0.00750859649502857,0.101181127303883,0.00570437733948693,0.16778604536722,27.246
"100029",0.134441478242318,0.122667931814997,0.0146936229588405,0.0203667448430383,0.123716455610163,0.0104298202367802,0.175608851298992,27.246
"100030",0.138366524891029,0.124185093253586,0.0200291558348269,0.0262848599453739,0.127017844280526,0.0131234330028971,0.182580485215832,27.246
"100031",0.134440230514239,0.11746596165807,0.0168452351077663,0.022168447242998,0.122234771187949,0.0105071374163031,0.194901072603061,27.246
"100032",0.125515422589983,0.108261695434638,0.0122903391417455,0.0167496248044869,0.113280853521016,0.00764620041003653,0.195575433437077,27.246
"100033",0.119328554263297,0.101297979630211,0.0124326264144043,0.0168700848953587,0.107181572773691,0.00743823713184816,0.189012509922617,27.231
"100034",0.0983411969014831,0.092980174847689,0.00596221995619982,0.00750859649502857,0.0895502415411634,0.00570437733948693,0.159760535105068,27.556
"100035",0.106520750866606,0.0984313843648881,0.00596221995619982,0.00750859649502857,0.0970655518400156,0.00570437733948693,0.163151759568951,27.565
"100036",0.13746175435612,0.121407289269219,0.0187722316673884,0.0250870790413955,0.125758699897402,0.0127583355623096,0.175378854125198,27.565
"100037",0.137997187254122,0.121716886808,0.0247513294442586,0.0312588266731153,0.12645249337143,0.0151377642824199,0.178499492477173,27.565
"100038",0.12147045807747,0.10546630309906,0.0141091885409748,0.0191017148532911,0.110115059933957,0.0086692995156715,0.183392521758581,27.565
"100039",0.118269175644659,0.100811994133393,0.0132573763563916,0.0179851317696564,0.10656242436932,0.00789000903563107,0.185020904000287,27.565
"100040",0.123649778281449,0.112407199550965,0.00706597867075502,0.0107829181119907,0.11255968112656,0.00570437733948693,0.17883558215373,27.903
"100041",0.110283226240818,0.0955896035118386,0.00596221995619982,0.00826695565389221,0.0990677007408727,0.00570437733948693,0.176144419666984,27.883
"100042",0.110937676218279,0.0925032926609065,0.00662543407170301,0.00976262680859634,0.0987937902427926,0.00570437733948693,0.180180386425474,27.883
"100043",0.107215119179079,0.0982784572390798,0.00596221995619982,0.00846497641818479,0.0976167106239164,0.00570437733948693,0.17343728290065,27.883
"100044",0.105468026461666,0.0931756569607883,0.00735224358938765,0.0108568285020158,0.0953743268026843,0.00570437733948693,0.177362322642509,27.883
"100045",0.117219954818686,0.100912620630832,0.0130059843776768,0.0178753601122829,0.105940993720939,0.00785641115375468,0.183781417949015,27.875
"100046",0.101554941597768,0.0909265717670487,0.00596221995619982,0.00750859649502857,0.0911972815793124,0.00570437733948693,0.172601311147487,28.2
"100047",0.0980123282636149,0.0794517856492836,0.00596221995619982,0.00750859649502857,0.0860759584558894,0.00570437733948693,0.184805951035718,28.2
"100048",0.104458783911405,0.0814106920057861,0.00596221995619982,0.00852267977520344,0.0911687522393484,0.00570437733948693,0.19430412909118,28.2
"100049",0.103108524555845,0.0880403391723174,0.00596221995619982,0.00750859649502857,0.0918729004423348,0.00570437733948693,0.189857044176697,28.2
"100050",0.103743353529924,0.0854868265028777,0.00602245343385585,0.00887382878909754,0.091826200670624,0.00570437733948693,0.19394295057913,28.2
"100051",0.119209751588221,0.100629005889836,0.0122244767284032,0.016810728968429,0.107049374010798,0.00762406283234038,0.193049737539071,28.193
"100052",0.0760157489634072,0.0623516893336844,0.00596221995619982,0.00750859649502857,0.0657661964343871,0.00570437733948693,0.177760490232657,28.516
"100053",0.059873626980551,0.0605048230306703,0.00596221995619982,0.00750859649502857,0.0562471414283508,0.00570437733948693,0.188195562979541,28.516
"100054",0.0926452936762889,0.0723515086257705,0.00596221995619982,0.00750859649502857,0.080314173851412,0.00570437733948693,0.195514669586893,28.516
"100055",0.108994355547034,0.0890477578801333,0.00721899306068496,0.0104976682986224,0.0965078408098782,0.00570437733948693,0.193285924709446,28.516
"100056",0.111722878787886,0.0841528592000668,0.0113867185416237,0.0152017861420548,0.097161364381223,0.00597545415430565,0.202575571083114,28.516
"100057",0.114554366540741,0.0951165489404421,0.00861705317718531,0.012343944531768,0.10204256895036,0.00570437733948693,0.195362601149996,28.511
"100058",0.0768367172964879,0.060766498914713,0.00596221995619982,0.00750859649502857,0.0659037086865544,0.00570437733948693,0.187706098268076,28.831
"100059",0.0701784298122162,0.0605048230306703,0.00596221995619982,0.00750859649502857,0.0600791949120233,0.00570437733948693,0.193642567139918,28.831
"100060",0.0898794537067963,0.0668879003915081,0.00596221995619982,0.00750859649502857,0.0766954230974449,0.00570437733948693,0.201221288599815,28.831
"100061",0.10603601314717,0.0812698251334137,0.00684057859539384,0.00983899729588471,0.0922041275910838,0.00570437733948693,0.198652608755329,28.831
"100062",0.112218371106542,0.0816493617108394,0.0110426788460704,0.0147034112992646,0.0966246958189943,0.00570437733948693,0.20689009639745,28.829
"100063",0.0810973669529284,0.0629855378072368,0.00596221995619982,0.00750859649502857,0.0692171733443095,0.00570437733948693,0.198845191410707,29.174
"100064",0.0809798284146927,0.0631149944483947,0.00596221995619982,0.00750859649502857,0.069289828083578,0.00570437733948693,0.19299098003195,29.146
"100065",0.085828759721296,0.0625657467320942,0.00596221995619982,0.00750859649502857,0.0725613773423769,0.00570437733948693,0.200578389005184,29.146
"100066",0.0935098872557314,0.0644248573937833,0.00596221995619982,0.00750859649502857,0.0784781709556643,0.00570437733948693,0.203888909432619,29.146
"100067",0.0976369482696589,0.0693380369732063,0.00596221995619982,0.00785183809908612,0.0828042593507209,0.00570437733948693,0.200387060557813,29.146
"100068",0.106911992553237,0.0806516408626742,0.00610265451013567,0.00886802299208099,0.0923330079389772,0.00570437733948693,0.2046766614187,29.123
"100069",0.0717139468726866,0.0605048230306703,0.00596221995619982,0.00750859649502857,0.0614166051362873,0.00570437733948693,0.187476311704421,29.476
"100070",0.0749715842711919,0.0634171797187438,0.00596221995619982,0.00750859649502857,0.0649997209405671,0.00570437733948693,0.183501332668434,29.459
"100071",0.0784228392793836,0.0605048230306703,0.00596221995619982,0.00750859649502857,0.0664031115921107,0.00570437733948693,0.197750568069471,29.459
"100072",0.101575508545327,0.0720854368073364,0.00604501960639771,0.00860961998723162,0.0860591853874836,0.00570437733948693,0.200465666379812,29.459
"100073",0.100238194446293,0.0690871338452968,0.00659450860785575,0.0091728769393083,0.0843833503597592,0.00570437733948693,0.202688036286928,29.459
"100074",0.0987249495240232,0.0725426757280807,0.00596221995619982,0.00750859649502857,0.0843386596667552,0.00570437733948693,0.200496056934579,29.458
"100075",0.059873626980551,0.0605048230306703,0.00596221995619982,0.00750859649502857,0.0562471414283508,0.00570437733948693,0.159760535105068,29.824
"100076",0.0647608461765249,0.0605048230306703,0.00596221995619982,0.00750859649502857,0.0567486186028013,0.00570437733948693,0.174382533241611,29.805
"100077",0.0676732491798116,0.0605048230306703,0.00596221995619982,0.00750859649502857,0.0581115471910614,0.00570437733948693,0.179817168633509,29.771
"100078",0.0774797419687962,0.0675362124679577,0.00596221995619982,0.00750859649502857,0.0676874023090751,0.00570437733948693,0.189435114622667,29.771
"100079",0.0997937720693213,0.078371788599532,0.00596221995619982,0.00750859649502857,0.0861235222132297,0.00570437733948693,0.203236428680353,29.771
"100080",0.0926240411505315,0.0691381481233159,0.00596221995619982,0.00750859649502857,0.0789071445410914,0.00570437733948693,0.196817044368509,29.771
"100081",0.101632697875512,0.0719710329544119,0.00697932919528868,0.00977511272545138,0.086202879866361,0.00570437733948693,0.198407593621295,29.771
"100082",0.100806557634678,0.0783909341156012,0.00596221995619982,0.00774294322316732,0.0874634570064965,0.00570437733948693,0.193275188418005,29.763
"100083",0.059873626980551,0.0605048230306703,0.00596221995619982,0.00750859649502857,0.0562471414283508,0.00570437733948693,0.166460551198808,30.145
"100084",0.059873626980551,0.0605048230306703,0.00596221995619982,0.00750859649502857,0.0562471414283508,0.00570437733948693,0.159760535105068,30.085
"100085",0.059873626980551,0.0605048230306703,0.00596221995619982,0.00750859649502857,0.0562471414283508,0.00570437733948693,0.159760535105068,30.083
"100086",0.059873626980551,0.0605048230306703,0.00596221995619982,0.00750859649502857,0.0562471414283508,0.00570437733948693,0.159760535105068,30.084
"100087",0.059873626980551,0.0605048230306703,0.00596221995619982,0.00750859649502857,0.0562471414283508,0.00570437733948693,0.17359875765328,30.142
"100088",0.0621075359160265,0.0605048230306703,0.00596221995619982,0.00750859649502857,0.0562471414283508,0.00570437733948693,0.186880364998093,30.118
"100089",0.0667230797483801,0.0605048230306703,0.00596221995619982,0.00750859649502857,0.0574045686944031,0.00570437733948693,0.187116624120159,30.083
"100090",0.0684456118655661,0.0605048230306703,0.00596221995619982,0.00750859649502857,0.0588753702833504,0.00570437733948693,0.188368159657759,30.083
"100091",0.0785294591689712,0.0670695150260221,0.00596221995619982,0.00750859649502857,0.0683356255743301,0.00570437733948693,0.188332407625441,30.083
"100092",0.0868855969156232,0.0673972086610314,0.00596221995619982,0.00750859649502857,0.074348864170145,0.00570437733948693,0.194976618086928,30.083
"100093",0.0891210353083221,0.0703713748911904,0.00596221995619982,0.00750859649502857,0.076740457594832,0.00570437733948693,0.18975282709378,30.083
"100094",0.107984670425845,0.084077421295351,0.00596221995619982,0.00873280631902668,0.0937795955089283,0.00570437733948693,0.192257402325532,30.083
"100095",0.106989397084571,0.080993305345546,0.0064247614827478,0.00931144729414529,0.0922848840514665,0.00570437733948693,0.200119204216629,30.072
"100096",0.059873626980551,0.0605048230306703,0.00596221995619982,0.00750859649502857,0.0562471414283508,0.00570437733948693,0.159760535105068,30.444
"100097",0.059873626980551,0.0605048230306703,0.00596221995619982,0.00750859649502857,0.0562471414283508,0.00570437733948693,0.159760535105068,30.469
"100098",0.059873626980551,0.0605048230306703,0.00596221995619982,0.00750859649502857,0.0562471414283508,0.00570437733948693,0.159760535105068,30.459
"100099",0.059873626980551,0.0605048230306703,0.00596221995619982,0.00750859649502857,0.0562471414283508,0.00570437733948693,0.161089556604358,30.411
"100100",0.059873626980551,0.0605048230306703,0.00596221995619982,0.00750859649502857,0.0562471414283508,0.00570437733948693,0.159760535105068,30.393
"100101",0.059873626980551,0.0605048230306703,0.00596221995619982,0.00750859649502857,0.0562471414283508,0.00570437733948693,0.159760535105068,30.393
"100102",0.059873626980551,0.0605048230306703,0.00596221995619982,0.00750859649502857,0.0562471414283508,0.00570437733948693,0.161391355680068,30.393
"100103",0.059873626980551,0.0605048230306703,0.00596221995619982,0.00750859649502857,0.0562471414283508,0.00570437733948693,0.166985612840898,30.393
"100104",0.059873626980551,0.0605048230306703,0.00596221995619982,0.00750859649502857,0.0562471414283508,0.00570437733948693,0.173868871572359,30.393
"100105",0.059873626980551,0.0605048230306703,0.00596221995619982,0.00750859649502857,0.0562471414283508,0.00570437733948693,0.18509880851181,30.393
"100106",0.0663196440768238,0.0605048230306703,0.00596221995619982,0.00750859649502857,0.0564351934430576,0.00570437733948693,0.192130734663453,30.393
"100107",0.0634935191061009,0.0605048230306703,0.00596221995619982,0.00750859649502857,0.0562471414283508,0.00570437733948693,0.184031993048075,30.393
"100108",0.0701895665341583,0.0605048230306703,0.00596221995619982,0.00750859649502857,0.0599993738979286,0.00570437733948693,0.188547215875923,30.393
"100109",0.0860485955842882,0.0678363520943223,0.00596221995619982,0.00750859649502857,0.0738798424827806,0.00570437733948693,0.191304532735568,30.393
"100110",0.0881255983128374,0.0709549146750939,0.00596221995619982,0.00750859649502857,0.0761338342325156,0.00570437733948693,0.187920157755876,30.393
"100111",0.131615975654695,0.111116310689943,0.00916650368752905,0.0134316610129857,0.117418770792352,0.00610231791154584,0.187064426859944,30.393
"100112",0.059873626980551,0.0605048230306703,0.00596221995619982,0.00750859649502857,0.0562471414283508,0.00570437733948693,0.159760535105068,30.735
"100113",0.059873626980551,0.0605048230306703,0.00596221995619982,0.00750859649502857,0.0562471414283508,0.00570437733948693,0.159760535105068,30.703
"100114",0.059873626980551,0.0605048230306703,0.00596221995619982,0.00750859649502857,0.0562471414283508,0.00570437733948693,0.159760535105068,30.703
"100115",0.059873626980551,0.0605048230306703,0.00596221995619982,0.00750859649502857,0.0562471414283508,0.00570437733948693,0.159760535105068,30.703
"100116",0.059873626980551,0.0605048230306703,0.00596221995619982,0.00750859649502857,0.0562471414283508,0.00570437733948693,0.159760535105068,30.703
"100117",0.059873626980551,0.0605048230306703,0.00596221995619982,0.00750859649502857,0.0562471414283508,0.00570437733948693,0.159760535105068,30.703
"100118",0.059873626980551,0.0605048230306703,0.00596221995619982,0.00750859649502857,0.0562471414283508,0.00570437733948693,0.165872935455722,30.703
"100119",0.059873626980551,0.0605048230306703,0.00596221995619982,0.00750859649502857,0.0562471414283508,0.00570437733948693,0.179249050976851,30.703
"100120",0.059873626980551,0.0605048230306703,0.00596221995619982,0.00750859649502857,0.0562471414283508,0.00570437733948693,0.182167222596304,30.703
"100121",0.0600680519938725,0.0605048230306703,0.00596221995619982,0.00750859649502857,0.0562471414283508,0.00570437733948693,0.189788054647777,30.703
"100122",0.0653487294110238,0.0605048230306703,0.00596221995619982,0.00750859649502857,0.0567567352515938,0.00570437733948693,0.190928410100307,30.703
"100123",0.0661240972389759,0.0605048230306703,0.00596221995619982,0.00750859649502857,0.0572191770437172,0.00570437733948693,0.187243727051936,30.703
"100124",0.0598854620377236,0.0605048230306703,0.00596221995619982,0.00750859649502857,0.0562471414283508,0.00570437733948693,0.180246421384155,30.703
"100125",0.0656459358179738,0.0605048230306703,0.00596221995619982,0.00750859649502857,0.0562471414283508,0.00570437733948693,0.191327102877291,30.703
"100126",0.0742154885845104,0.0605048230306703,0.00596221995619982,0.00750859649502857,0.063700902243364,0.00570437733948693,0.194636228063651,30.703
"100127",0.0768845755126058,0.0605344400338175,0.00596221995619982,0.00750859649502857,0.0655152518162164,0.00570437733948693,0.190582450571498,30.703
"100128",0.0791336045499129,0.0659749827951007,0.00596221995619982,0.00750859649502857,0.0684590624014589,0.00570437733948693,0.184000811431421,30.703
"100129",0.0609138770241826,0.0605048230306703,0.00596221995619982,0.00750859649502857,0.0562471414283508,0.00570437733948693,0.191034881998312,31.003
"100130",0.0656997974458972,0.0605048230306703,0.00596221995619982,0.00750859649502857,0.0571203207134018,0.00570437733948693,0.190986602493024,31.011
"100131",0.0637733436984902,0.0605048230306703,0.00596221995619982,0.00750859649502857,0.0562471414283508,0.00570437733948693,0.19319157515476,31.011
"100132",0.0685125714118177,0.0605048230306703,0.00596221995619982,0.00750859649502857,0.0588532330933515,0.00570437733948693,0.197703203859823,31.011
"100133",0.0731653972010059,0.0628975168135057,0.00596221995619982,0.00750859649502857,0.0634376663402957,0.00570437733948693,0.193765765652201,31.011
"100134",0.0711123467220828,0.0605048230306703,0.00596221995619982,0.00750859649502857,0.0612253091065027,0.00570437733948693,0.190249276015232,31.011
"100135",0.0708670427758244,0.0605048230306703,0.00596221995619982,0.00750859649502857,0.0613091735274596,0.00570437733948693,0.197215645282145,31.011
"100136",0.0648837411816148,0.0605048230306703,0.00596221995619982,0.00750859649502857,0.0562471414283508,0.00570437733948693,0.191442370117662,31.011
"100137",0.0658235433016522,0.0605048230306703,0.00596221995619982,0.00750859649502857,0.0570923159334523,0.00570437733948693,0.184695765940343,31.011
"100138",0.0682408182216452,0.0636628835250979,0.00596221995619982,0.00750859649502857,0.0600378803089624,0.00570437733948693,0.176383244049549,31.011
"100139",0.0639134008796224,0.0605048230306703,0.00596221995619982,0.00750859649502857,0.0562471414283508,0.00570437733948693,0.192789497375086,31.315
"100140",0.0691036517210504,0.0651482474860535,0.00596221995619982,0.00750859649502857,0.0610723672434977,0.00570437733948693,0.192624612073231,31.319
"100141",0.0657372631955493,0.0605048230306703,0.00596221995619982,0.00750859649502857,0.0570893269772822,0.00570437733948693,0.193157919244004,31.319
"100142",0.0669406129557409,0.0605048230306703,0.00596221995619982,0.00750859649502857,0.0571422411721341,0.00570437733948693,0.197451720142539,31.319
"100143",0.0722980005534648,0.0650347307200866,0.00596221995619982,0.00750859649502857,0.0633102276896183,0.00570437733948693,0.194082425408102,31.319
"100144",0.0799806539953907,0.0712646341853452,0.00596221995619982,0.00750859649502857,0.0702996211765624,0.00570437733948693,0.202302445495524,31.319
"100145",0.0779174474031757,0.0669481853952612,0.00596221995619982,0.00750859649502857,0.0679513976100499,0.00570437733948693,0.20648765641685,31.319
"100146",0.0724070828493887,0.0624817597649741,0.00596221995619982,0.00750859649502857,0.0629212325719397,0.00570437733948693,0.199067959377982,31.319
"100147",0.0668408934289449,0.0624329753575516,0.00596221995619982,0.00750859649502857,0.0588155574328415,0.00570437733948693,0.187929570810419,31.319
"100148",0.0751221070009977,0.0684991088343757,0.00596221995619982,0.00750859649502857,0.0661365331565947,0.00570437733948693,0.193225205102056,31.319
"100149",0.0868626889699868,0.075785093055893,0.00596221995619982,0.00750859649502857,0.0763463201541367,0.00570437733948693,0.209266463268045,31.329
"100150",0.0702323921656882,0.0645606087696908,0.00596221995619982,0.00750859649502857,0.0617362723544878,0.00570437733948693,0.198047608970282,31.632
"100151",0.0696829519390402,0.0651648367781906,0.00596221995619982,0.00750859649502857,0.061477223028066,0.00570437733948693,0.194581495592298,31.625
"100152",0.0697782343419664,0.0615970692783556,0.00596221995619982,0.00750859649502857,0.0608007912089677,0.00570437733948693,0.196880751370524,31.625
"100153",0.0689123361574191,0.060623537672685,0.00596221995619982,0.00750859649502857,0.0599164928159421,0.00570437733948693,0.195191634281315,31.625
"100154",0.0754639766985416,0.0693198575782357,0.00596221995619982,0.00750859649502857,0.0665829413071616,0.00570437733948693,0.197295018949679,31.625
"100155",0.0889984806785196,0.0809993696148889,0.00596221995619982,0.00750859649502857,0.0791184578073442,0.00570437733948693,0.212238842505003,31.625
"100156",0.086942779048155,0.0790626219137385,0.00596221995619982,0.00750859649502857,0.0772363071658152,0.00570437733948693,0.212320392498718,31.625
"100157",0.0830978839557462,0.0760248687258259,0.00596221995619982,0.00750859649502857,0.0737430857857046,0.00570437733948693,0.20670039852921,31.625
"100158",0.0813212353075973,0.0749845712881883,0.00596221995619982,0.00750859649502857,0.0721897615382234,0.00570437733948693,0.204996914569006,31.625
"100159",0.0878865702980524,0.0767780295677113,0.00596221995619982,0.00750859649502857,0.0773136784840582,0.00570437733948693,0.21155360665799,31.625
"100160",0.0845840515124842,0.0776497965832205,0.00596221995619982,0.00750859649502857,0.0750635842653579,0.00570437733948693,0.204368601409288,31.628
"100161",0.0667867484367955,0.0605048230306703,0.00596221995619982,0.00750859649502857,0.0578880184273353,0.00570437733948693,0.195347918918948,31.924
"100162",0.0681845365241821,0.0605384899583231,0.00596221995619982,0.00750859649502857,0.0593664465797377,0.00570437733948693,0.195771854845599,31.931
"100163",0.0705903347327641,0.063355230761682,0.00596221995619982,0.00750859649502857,0.0617223369284461,0.00570437733948693,0.195174524838649,31.931
"100164",0.0769405112258633,0.0700485862523328,0.00596221995619982,0.00750859649502857,0.0678510386860594,0.00570437733948693,0.19894666747762,31.931
"100165",0.0832032359384924,0.0782083893394019,0.00596221995619982,0.00750859649502857,0.0742206519407181,0.00570437733948693,0.204606273314901,31.931
"100166",0.0949789494192625,0.0917611716774473,0.00596221995619982,0.00750859649502857,0.085860350382039,0.00570437733948693,0.214155472846364,31.931
"100167",0.0957698292848748,0.0939343614044779,0.00596221995619982,0.00750859649502857,0.0869096815462096,0.00570437733948693,0.211169754285271,31.931
"100168",0.091969928009686,0.0877539663773834,0.00596221995619982,0.00750859649502857,0.0827841573977162,0.00570437733948693,0.206962156214264,31.931
"100169",0.0887914507228046,0.0784667541764903,0.00596221995619982,0.00750859649502857,0.0784407195393193,0.00570437733948693,0.212636815931853,31.931
"100170",0.0848732642223482,0.0737418140219216,0.00596221995619982,0.00750859649502857,0.0744194768006771,0.00570437733948693,0.207609487862348,31.931
"100171",0.0741388605032354,0.0693682821308201,0.00596221995619982,0.00750859649502857,0.0655333131802224,0.00570437733948693,0.189430768237196,31.931
"100172",0.0939839829810133,0.0912838358915455,0.00596221995619982,0.00750859649502857,0.0849812653768377,0.00570437733948693,0.214028793634231,31.959
"100173",0.0698809462553896,0.0608098290471315,0.00596221995619982,0.00750859649502857,0.0607137410752181,0.00570437733948693,0.201551249518999,32.224
"100174",0.0695897738489065,0.0605048230306703,0.00596221995619982,0.00750859649502857,0.0601898149475164,0.00570437733948693,0.200576285472878,32.235
"100175",0.0717415834044886,0.067164308332221,0.00596221995619982,0.00750859649502857,0.0633622501154173,0.00570437733948693,0.195624590720178,32.235
"100176",0.0766882888787296,0.0753191801328194,0.00596221995619982,0.00750859649502857,0.0687058381092768,0.00570437733948693,0.195269787003236,32.235
"100177",0.0822138319050648,0.0821008188344013,0.00596221995619982,0.00750859649502857,0.0742159536900794,0.00570437733948693,0.202054298062564,32.235
"100178",0.0982524440191033,0.0939618577285919,0.00596221995619982,0.00750859649502857,0.0887302932010611,0.00570437733948693,0.219333573699332,32.235
"100179",0.0998942834932913,0.0945789996547512,0.00596221995619982,0.00750859649502857,0.09014319507478,0.00570437733948693,0.216011947263558,32.235
"100180",0.09929982951639,0.0907373589272994,0.00596221995619982,0.00750859649502857,0.0888959820619201,0.00570437733948693,0.217888453171463,32.235
"100181",0.0917022353873234,0.0828586816023766,0.00596221995619982,0.00750859649502857,0.0815543946764141,0.00570437733948693,0.217715215560574,32.235
"100182",0.0809867137073614,0.0733230076997373,0.00596221995619982,0.00750859649502857,0.0715343804980316,0.00570437733948693,0.207717178181933,32.235
"100183",0.0805396365343026,0.0732433122939914,0.00596221995619982,0.00750859649502857,0.07111329291523,0.00570437733948693,0.204285357259156,32.235
"100184",0.0850395856581604,0.0746040666846887,0.00596221995619982,0.00750859649502857,0.0747587611948422,0.00570437733948693,0.210656169242985,32.237
"100185",0.071753001455901,0.0605048230306703,0.00596221995619982,0.00750859649502857,0.0618289804287724,0.00570437733948693,0.213479297551429,32.553
"100186",0.0738767698375478,0.065675995852994,0.00596221995619982,0.00750859649502857,0.0646518176045469,0.00570437733948693,0.210167612396924,32.539
"100187",0.0749671307392682,0.0739587130336575,0.00596221995619982,0.00750859649502857,0.0670877128632175,0.00570437733948693,0.201513454374097,32.539
"100188",0.074026788039562,0.0724005705187147,0.00596221995619982,0.00750859649502857,0.0660840854498896,0.00570437733948693,0.19735443280803,32.539
"100189",0.0776234396473158,0.0736465252468409,0.00596221995619982,0.00750859649502857,0.0689910831934621,0.00570437733948693,0.202191108910013,32.539
"100190",0.0870054164320574,0.0868190148782391,0.00596221995619982,0.00750859649502857,0.0787806504397786,0.00570437733948693,0.20885212500811,32.539
"100191",0.093811056665005,0.091071486147418,0.00596221995619982,0.00750859649502857,0.0848092366850815,0.00570437733948693,0.213209760331917,32.539
"100192",0.100492795269108,0.0912519446914182,0.00596221995619982,0.00750859649502857,0.0898962839631079,0.00570437733948693,0.223767534972413,32.539
"100193",0.0988758829332392,0.0890700062138874,0.00596221995619982,0.00750859649502857,0.0882478331619592,0.00570437733948693,0.227891859919676,32.539
"100194",0.0890693626581962,0.0825528444373283,0.00596221995619982,0.00750859649502857,0.0794916597504548,0.00570437733948693,0.216922239095052,32.539
"100195",0.0871301990853416,0.0795832623084875,0.00596221995619982,0.00750859649502857,0.0774104844609209,0.00570437733948693,0.214990107962921,32.539
"100196",0.0816827100222779,0.0742081567010868,0.00596221995619982,0.00750859649502857,0.072226442803577,0.00570437733948693,0.210854343204977,32.539
"100197",0.0867388737532125,0.0744573026975388,0.00596221995619982,0.00750859649502857,0.0760949234421188,0.00570437733948693,0.219213843294369,32.54
"100198",0.0955654191119169,0.0770206505572717,0.00596221995619982,0.00750859649502857,0.0830832520780827,0.00570437733948693,0.229249026280409,32.602
"100199",0.0706107219187913,0.0640925065306426,0.00596221995619982,0.00750859649502857,0.0620992134891358,0.00570437733948693,0.212504658971721,32.841
"100200",0.074033769224371,0.0683718355715436,0.00596221995619982,0.00750859649502857,0.0654435275358001,0.00570437733948693,0.225098442371589,32.841
"100201",0.0797605646205157,0.0698465374701791,0.00596221995619982,0.00750859649502857,0.0698736230920037,0.00570437733948693,0.223681890165927,32.841
"100202",0.0770283945368844,0.0717139362515598,0.00596221995619982,0.00750859649502857,0.0682753527816527,0.00570437733948693,0.2101922456713,32.841
"100203",0.0810792017696971,0.0766178878750404,0.00596221995619982,0.00750859649502857,0.0723121525598936,0.00570437733948693,0.211631108825718,32.841
"100204",0.0838820683299881,0.0822609556345229,0.00596221995619982,0.00750859649502857,0.0756173339813473,0.00570437733948693,0.212028424165307,32.841
"100205",0.0883754751920164,0.0856756818626259,0.00596221995619982,0.00750859649502857,0.0796919276573799,0.00570437733948693,0.215299747553469,32.841
"100206",0.0972036723540323,0.0905062742789632,0.00596221995619982,0.00750859649502857,0.0873343140622369,0.00570437733948693,0.223840118262389,32.841
"100207",0.103712971234092,0.0932177430660574,0.00596221995619982,0.00750859649502857,0.0928143165973186,0.00570437733948693,0.234497854073085,32.841
"100208",0.100667202924649,0.092766803187625,0.00596221995619982,0.00750859649502857,0.0904327380339091,0.00570437733948693,0.231816232491939,32.841
"100209",0.0920158392536367,0.0821167508540982,0.00596221995619982,0.00750859649502857,0.082377695694698,0.00570437733948693,0.224189937909065,32.841
"100210",0.0887973419016464,0.0787912989316338,0.00596221995619982,0.00750859649502857,0.0786520743549573,0.00570437733948693,0.22186242100759,32.841
"100211",0.0888467570792881,0.0786977425780568,0.00596221995619982,0.00750859649502857,0.0786393460356466,0.00570437733948693,0.222297281737373,32.841
"100212",0.09505165775092,0.0798242372420715,0.00596221995619982,0.00750859649502857,0.0833114590873689,0.00570437733948693,0.227613111013974,32.841
"100213",0.105086343654329,0.0919889864728391,0.00596221995619982,0.00750859649502857,0.0933769507412707,0.00570437733948693,0.233838209608813,32.857
"100214",0.0682456954169146,0.0630079289553086,0.00596221995619982,0.00750859649502857,0.0603393751403178,0.00570437733948693,0.204580755846752,33.142
"100215",0.0728469255297504,0.0682120034938538,0.00596221995619982,0.00750859649502857,0.0646515651057657,0.00570437733948693,0.209313896157564,33.142
"100216",0.0773460260496142,0.0727076175117803,0.00596221995619982,0.00750859649502857,0.0689950691762728,0.00570437733948693,0.21394232654609,33.142
"100217",0.0765587008715876,0.0714313642359034,0.00596221995619982,0.00750859649502857,0.0679075850499636,0.00570437733948693,0.211427778073519,33.142
"100218",0.0775866982041431,0.0731740892878603,0.00596221995619982,0.00750859649502857,0.0689895013273017,0.00570437733948693,0.209063969516636,33.142
"100219",0.0782965919471115,0.0767587835399771,0.00596221995619982,0.00750859649502857,0.0702921948866244,0.00570437733948693,0.207426744051841,33.142
"100220",0.0850800564798384,0.0824985838992547,0.00596221995619982,0.00750859649502857,0.0766174452148647,0.00570437733948693,0.216586073627727,33.142
"100221",0.0919311495047871,0.0874991413564754,0.00596221995619982,0.00750859649502857,0.0828301316236585,0.00570437733948693,0.225931926442463,33.142
"100222",0.103442367569885,0.0965674897977983,0.00596221995619982,0.00750859649502857,0.0932827122840255,0.00570437733948693,0.235086774314997,33.142
"100223",0.0985072860236181,0.0913594784539376,0.00596221995619982,0.00750859649502857,0.0887717267359351,0.00570437733948693,0.228521630356123,33.142
"100224",0.0862069933185181,0.0777729432049724,0.00596221995619982,0.00750859649502857,0.0765383940612851,0.00570437733948693,0.217652888406518,33.142
"100225",0.0895624066563249,0.0795148015247736,0.00596221995619982,0.00750859649502857,0.0790064286484542,0.00570437733948693,0.222206815055787,33.142
"100226",0.0961744955136107,0.0842336264982704,0.00596221995619982,0.00750859649502857,0.085262260471546,0.00570437733948693,0.230158929240522,33.142
"100227",0.100673964488688,0.0894884618533931,0.00596221995619982,0.00750859649502857,0.0896438800487932,0.00570437733948693,0.232031094977358,33.142
"100228",0.0953473190129762,0.0833489885545132,0.00596221995619982,0.00750859649502857,0.0842234061904598,0.00570437733948693,0.226837822751035,33.142
"100229",0.098771513997995,0.0814129928547427,0.00596221995619982,0.00750859649502857,0.0864133662443428,0.00570437733948693,0.228843178049651,33.149
"100230",0.0651487925419059,0.0605048230306703,0.00596221995619982,0.00750859649502857,0.057260362058252,0.00570437733948693,0.195804280578,33.443
"100231",0.0700761736663847,0.067794936401231,0.00596221995619982,0.00750859649502857,0.0626113995533413,0.00570437733948693,0.187892673471285,33.443
"100232",0.0740715253041724,0.0738686451976518,0.00596221995619982,0.00750859649502857,0.066796729426301,0.00570437733948693,0.189302891577038,33.443
"100233",0.0757116244906234,0.0754629822900341,0.00596221995619982,0.00750859649502857,0.0683474466726203,0.00570437733948693,0.200281773342699,33.443
"100234",0.0789189315981408,0.0775515389388471,0.00596221995619982,0.00750859649502857,0.0708746809063981,0.00570437733948693,0.204894183336368,33.443
"100235",0.0822953694127182,0.0793222089110942,0.00596221995619982,0.00750859649502857,0.0738913336510521,0.00570437733948693,0.214953711802662,33.443
"100236",0.0810787639600673,0.0766282445591562,0.00596221995619982,0.00750859649502857,0.0724321649871161,0.00570437733948693,0.218740428133474,33.443
"100237",0.084124830377316,0.0795584831477524,0.00596221995619982,0.00750859649502857,0.0756581641463542,0.00570437733948693,0.223969175084085,33.443
"100238",0.112002460944403,0.104173119457091,0.00596221995619982,0.00750859649502857,0.101405967168947,0.00570437733948693,0.23332260259579,33.443
"100239",0.100631781235711,0.0854586168308593,0.00596221995619982,0.00750859649502857,0.0887521578777453,0.00570437733948693,0.235864255058667,33.443
"100240",0.0892809145991344,0.0791574283330669,0.00596221995619982,0.00750859649502857,0.0798686206490573,0.00570437733948693,0.222618385247224,33.443
"100241",0.0874477720051568,0.0792046926929421,0.00596221995619982,0.00750859649502857,0.0779756007624183,0.00570437733948693,0.215733427227124,33.443
"100242",0.0931826596872793,0.0860933883423326,0.00596221995619982,0.00750859649502857,0.0838334750712656,0.00570437733948693,0.216157766833834,33.443
"100243",0.0979683789289033,0.0914149249109205,0.00596221995619982,0.00750859649502857,0.0880677681479502,0.00570437733948693,0.220133713881935,33.443
"100244",0.0948908405577244,0.0859933347493735,0.00596221995619982,0.00750859649502857,0.0843921661606389,0.00570437733948693,0.223317577991181,33.443
"100245",0.0995145693457284,0.0866431736631812,0.00596221995619982,0.00750859649502857,0.0881642210625942,0.00570437733948693,0.226629603359449,33.443
"100246",0.111869267987211,0.0971152549828934,0.00596221995619982,0.00789702332308268,0.100035382450647,0.00570437733948693,0.231877854260234,33.46
"100247",0.0644917403549299,0.0635535290930653,0.00596221995619982,0.00750859649502857,0.057007381473779,0.00570437733948693,0.199772618620863,33.748
"100248",0.0653504038741487,0.0605048230306703,0.00596221995619982,0.00750859649502857,0.0568485815527129,0.00570437733948693,0.191884998168543,33.742
"100249",0.0662550905864784,0.0657559754942881,0.00596221995619982,0.00750859649502857,0.0592234381226124,0.00570437733948693,0.159760535105068,33.742
"100250",0.0657647780402605,0.0673452287446403,0.00596221995619982,0.00750859649502857,0.0587931131215313,0.00570437733948693,0.159760535105068,33.742
"100251",0.0702469464154372,0.0695892990809131,0.00596221995619982,0.00750859649502857,0.0630403444058019,0.00570437733948693,0.192313173206868,33.742
"100252",0.0823131185373495,0.0789654795484773,0.00596221995619982,0.00750859649502857,0.0736384874396068,0.00570437733948693,0.20554159435961,33.742
"100253",0.0825454806238303,0.0795089472353335,0.00596221995619982,0.00750859649502857,0.0739718609906532,0.00570437733948693,0.215205019696473,33.742
"100254",0.0760311883286293,0.0727505855759447,0.00596221995619982,0.00750859649502857,0.0684834380502729,0.00570437733948693,0.215425715496449,33.742
"100255",0.0842568567374873,0.0774648911694656,0.00596221995619982,0.00750859649502857,0.0754698815649386,0.00570437733948693,0.227190443576233,33.742
"100256",0.102529987124296,0.086749552265203,0.00596221995619982,0.00750859649502857,0.0907360965952562,0.00570437733948693,0.231765352551207,33.742
"100257",0.0915182533340284,0.0821124054792952,0.00596221995619982,0.00750859649502857,0.081346956313159,0.00570437733948693,0.228350310792568,33.742
"100258",0.088359026745074,0.0799744589304399,0.00596221995619982,0.00750859649502857,0.0793540404582482,0.00570437733948693,0.220407351403731,33.742
"100259",0.0881782023255616,0.0781499079776331,0.00596221995619982,0.00750859649502857,0.0785553715157144,0.00570437733948693,0.217328305616008,33.742
"100260",0.103159321921877,0.0922863383093203,0.00596221995619982,0.00750859649502857,0.0920988151655108,0.00570437733948693,0.216245720241639,33.742
"100261",0.0989798369089268,0.0906875756748921,0.00596221995619982,0.00750859649502857,0.0887294698556472,0.00570437733948693,0.217959462294662,33.742
"100262",0.094625355844177,0.0864939898272518,0.00596221995619982,0.00750859649502857,0.0844123922122664,0.00570437733948693,0.219554631553849,33.742
"100263",0.0973324581282581,0.0897988704261981,0.00596221995619982,0.00750859649502857,0.0870435288839959,0.00570437733948693,0.225779802518042,33.742
"100264",0.106896691812393,0.0988929562478615,0.00596221995619982,0.00750859649502857,0.0963090969905465,0.00570437733948693,0.228446666180695,33.742
"100265",0.109849872386029,0.103099988432211,0.00596221995619982,0.00759820956911639,0.0996634617556885,0.00570437733948693,0.239324594016301,33.789
"100266",0.0718654487369838,0.0646888743061935,0.00596221995619982,0.00750859649502857,0.0627531421790883,0.00570437733948693,0.210519520863445,34.045
"100267",0.0702498007633218,0.0630988633994298,0.00596221995619982,0.00750859649502857,0.0611993264231361,0.00570437733948693,0.196065840296975,34.04
"100268",0.0705233585214224,0.0682206082993448,0.00596221995619982,0.00750859649502857,0.062046680412047,0.00570437733948693,0.159760535105068,34.04
"100269",0.059873626980551,0.0605048230306703,0.00596221995619982,0.00750859649502857,0.0562471414283508,0.00570437733948693,0.164287906749287,34.04
"100270",0.0655034301663768,0.0622513562951942,0.00596221995619982,0.00750859649502857,0.0578569073682514,0.00570437733948693,0.195022870762795,34.04
"100271",0.0741851006668302,0.0688305644513991,0.00596221995619982,0.00750859649502857,0.0657622215928471,0.00570437733948693,0.217264426113222,34.04
"100272",0.0696678733697625,0.0676987371723234,0.00596221995619982,0.00750859649502857,0.0622608335061647,0.00570437733948693,0.211300060000117,34.04
"100273",0.0661530615829188,0.0679820516284259,0.00596221995619982,0.00750859649502857,0.0586624314610026,0.00570437733948693,0.203126644870104,34.04
"100274",0.0782163588622659,0.0738316790903431,0.00596221995619982,0.00750859649502857,0.070344156694587,0.00570437733948693,0.222091685467609,34.04
"100275",0.0836454639510222,0.0737803272240916,0.00596221995619982,0.00750859649502857,0.0737081865226675,0.00570437733948693,0.228237722736701,34.04
"100276",0.0881892467946981,0.0781614374199414,0.00596221995619982,0.00750859649502857,0.0779481211201301,0.00570437733948693,0.229461362800263,34.04
"100277",0.0912889794560702,0.0825619520801243,0.00596221995619982,0.00750859649502857,0.0819954319363794,0.00570437733948693,0.225220054794686,34.04
"100278",0.0984265500940984,0.0883051828925442,0.00596221995619982,0.00750859649502857,0.0884656377430289,0.00570437733948693,0.22485419402137,34.04
"100279",0.100108307992767,0.0873140654431571,0.00596221995619982,0.00750859649502857,0.0889965876332982,0.00570437733948693,0.229105247272936,34.04
"100280",0.101250927925083,0.091795698113069,0.00596221995619982,0.00750859649502857,0.0903805026967889,0.00570437733948693,0.231240368723115,34.04
"100281",0.100635270074101,0.0928793560212867,0.00596221995619982,0.00750859649502857,0.0904785757094015,0.00570437733948693,0.224542774641571,34.04
"100282",0.101269661949494,0.0904888293271596,0.00596221995619982,0.00750859649502857,0.0901635615890582,0.00570437733948693,0.228574607159248,34.04
"100283",0.10530402067801,0.0962343683427786,0.00596221995619982,0.00750859649502857,0.0943571318500561,0.00570437733948693,0.231300150168788,34.04
"100284",0.112685011269892,0.105941326065418,0.00596221995619982,0.00750859649502857,0.102241577350291,0.00570437733948693,0.229127438887333,34.04
"100285",0.135850112211241,0.12444071820303,0.0110449967219093,0.0154946418739463,0.123729385217392,0.00703900773422566,0.24417937733802,34.042
"100286",0.150086143140241,0.137517939386538,0.0185927889545151,0.0246329284623363,0.137816797439131,0.0122196680366272,0.240837016281819,34.047
"100287",0.0761563963379012,0.0710210929591319,0.00596221995619982,0.00750859649502857,0.0675428170288148,0.00570437733948693,0.210845077011599,34.34
"100288",0.0722813687732726,0.0653803738079039,0.00596221995619982,0.00750859649502857,0.0630421854376263,0.00570437733948693,0.204549522094805,34.337
"100289",0.0618742602975306,0.0605048230306703,0.00596221995619982,0.00750859649502857,0.0562471414283508,0.00570437733948693,0.18990158549713,34.337
"100290",0.059873626980551,0.0605048230306703,0.00596221995619982,0.00750859649502857,0.0562471414283508,0.00570437733948693,0.192443681035911,34.337
"100291",0.059873626980551,0.0605048230306703,0.00596221995619982,0.00750859649502857,0.0562471414283508,0.00570437733948693,0.198618630951203,34.337
"100292",0.0670249349976092,0.0605858436755373,0.00596221995619982,0.00750859649502857,0.0582384207528407,0.00570437733948693,0.219824375955737,34.337
"100293",0.0631024223590931,0.0605048230306703,0.00596221995619982,0.00750859649502857,0.0562471414283508,0.00570437733948693,0.226218491422601,34.337
"100294",0.0614400485834887,0.0605048230306703,0.00596221995619982,0.00750859649502857,0.0562471414283508,0.00570437733948693,0.222592972631491,34.337
"100295",0.0748311998136873,0.0665769309873264,0.00596221995619982,0.00750859649502857,0.0662631600329703,0.00570437733948693,0.229765633799843,34.337
"100296",0.0828627031862271,0.0770477203617663,0.00596221995619982,0.00750859649502857,0.0741217303010967,0.00570437733948693,0.227520498417298,34.337
"100297",0.0915611171943245,0.0822609894680948,0.00596221995619982,0.00750859649502857,0.0813921774520753,0.00570437733948693,0.232830161353524,34.337
"100298",0.0957489114496681,0.0839377654349307,0.00596221995619982,0.00750859649502857,0.0850283395857538,0.00570437733948693,0.235202091972351,34.337
"100299",0.0947631382700927,0.0832550038991936,0.00596221995619982,0.00750859649502857,0.0846998417517528,0.00570437733948693,0.233369072345653,34.337
"100300",0.0911991362637873,0.0835865193086442,0.00596221995619982,0.00750859649502857,0.0809279133313845,0.00570437733948693,0.240296450577528,34.337
"100301",0.107986584644186,0.100189679061823,0.00596221995619982,0.00750859649502857,0.0973595842375859,0.00570437733948693,0.249163200921052,34.337
"100302",0.106801076941419,0.101607489201807,0.00596221995619982,0.00750859649502857,0.097205910803,0.00570437733948693,0.222202061167209,34.337
"100303",0.103852410962974,0.0949402342681866,0.00596221995619982,0.00750859649502857,0.0933099325513302,0.00570437733948693,0.226343792107525,34.337
"100304",0.104219858365695,0.0949791176771166,0.00596221995619982,0.00750859649502857,0.0932605258529087,0.00570437733948693,0.230217800850151,34.337
"100305",0.113330994071242,0.102795503375827,0.00596221995619982,0.00750859649502857,0.102281717320821,0.00570437733948693,0.2359541738874,34.337
"100306",0.149328548041137,0.13291141717049,0.0189795726027829,0.0245529727993634,0.135952392912511,0.010977065435887,0.252931656132807,34.337
"100307",0.139632784295014,0.129422448858218,0.0113959987342053,0.016056583240186,0.127781829893316,0.00737599608384782,0.234447879624675,34.337
"100308",0.125114764569348,0.111187535994944,0.0078787783810552,0.0114589576616749,0.112717301798121,0.00570437733948693,0.220731918449496,34.364
"100309",0.0850470324128822,0.0794041070540039,0.00596221995619982,0.00750859649502857,0.0758099685374497,0.00570437733948693,0.20569005865895,34.634
"100310",0.0703553887582124,0.0622257119391091,0.00596221995619982,0.00750859649502857,0.0613063521412458,0.00570437733948693,0.211868647180694,34.634
"100311",0.059873626980551,0.0605048230306703,0.00596221995619982,0.00750859649502857,0.0562471414283508,0.00570437733948693,0.202471502858319,34.634
"100312",0.059873626980551,0.0605048230306703,0.00596221995619982,0.00750859649502857,0.0562471414283508,0.00570437733948693,0.169232520621103,34.634
"100313",0.059873626980551,0.0605048230306703,0.00596221995619982,0.00750859649502857,0.0562471414283508,0.00570437733948693,0.176969436659708,34.634
"100314",0.059873626980551,0.0605048230306703,0.00596221995619982,0.00750859649502857,0.0562471414283508,0.00570437733948693,0.206286213230771,34.634
"100315",0.0605802519323988,0.0605048230306703,0.00596221995619982,0.00750859649502857,0.0562471414283508,0.00570437733948693,0.228367839885522,34.634
"100316",0.0705121954961919,0.0607119008289614,0.00596221995619982,0.00750859649502857,0.0613121079337238,0.00570437733948693,0.235937605005708,34.634
"100317",0.0760421716866777,0.065783233882687,0.00596221995619982,0.00750859649502857,0.0667342469482873,0.00570437733948693,0.236570606094975,34.634
"100318",0.0854555246519491,0.0790112957682615,0.00596221995619982,0.00750859649502857,0.0768612434545533,0.00570437733948693,0.232049047607124,34.634
"100319",0.0942151679629509,0.090149216768832,0.00596221995619982,0.00750859649502857,0.0859313299245626,0.00570437733948693,0.229883816237853,34.634
"100320",0.094925507639593,0.0864288487935008,0.00596221995619982,0.00750859649502857,0.0857718458629417,0.00570437733948693,0.234555970694579,34.634
"100321",0.0949615917449227,0.084607836823667,0.00596221995619982,0.00750859649502857,0.0841174717356789,0.00570437733948693,0.238690483725413,34.634
"100322",0.0985332389002569,0.0852276454559461,0.00596221995619982,0.00750859649502857,0.0872219782551335,0.00570437733948693,0.250094385371411,34.634
"100323",0.16709957311198,0.154268988109592,0.0232391818631087,0.0304995377122627,0.155427926424773,0.0160579580146117,0.290886835009513,34.634
"100324",0.159963013625743,0.156829382309802,0.0117911474522913,0.0176556418293618,0.150859973554532,0.010248867658084,0.233877831724227,34.634
"100325",0.105411345078344,0.0975370079154893,0.00596221995619982,0.00750859649502857,0.0948224004683816,0.00570437733948693,0.227402102453501,34.634
"100326",0.100941770628651,0.0932872609309185,0.00596221995619982,0.00750859649502857,0.0901770016564913,0.00570437733948693,0.2270970879642,34.634
"100327",0.10855580890129,0.0979491889112609,0.00596221995619982,0.00750859649502857,0.0981155270070902,0.00570437733948693,0.233287647610795,34.634
"100328",0.137317916483296,0.123731266340825,0.0116327953410961,0.0160948138560373,0.124847080801237,0.00690862795970729,0.242275062951941,34.634
"100329",0.0962835478466356,0.0867550700203745,0.00596221995619982,0.00750859649502857,0.0858394890107066,0.00570437733948693,0.23501227057454,34.634
"100330",0.103582327285652,0.0945326769853456,0.00596221995619982,0.00750859649502857,0.0928678451107294,0.00570437733948693,0.221209697634214,34.634
"100331",0.12891370079597,0.111745849891118,0.0104784479573228,0.0146390778489195,0.115694001521034,0.00581302039785292,0.232736727226001,34.648
"100332",0.0700475581634628,0.0636714822447608,0.00596221995619982,0.00750859649502857,0.0613093256128349,0.00570437733948693,0.213168090279543,34.883
"100333",0.0677114201300627,0.0605048230306703,0.00596221995619982,0.00750859649502857,0.0583528822410242,0.00570437733948693,0.217028339705745,34.884
"100334",0.059873626980551,0.0605048230306703,0.00596221995619982,0.00750859649502857,0.0562471414283508,0.00570437733948693,0.174967973584916,34.885
"100335",0.059873626980551,0.0605048230306703,0.00596221995619982,0.00750859649502857,0.0562471414283508,0.00570437733948693,0.195986915938085,34.921
"100336",0.059873626980551,0.0605048230306703,0.00596221995619982,0.00750859649502857,0.0562471414283508,0.00570437733948693,0.20159467461024,34.929
"100337",0.059873626980551,0.0605048230306703,0.00596221995619982,0.00750859649502857,0.0562471414283508,0.00570437733948693,0.171326040929663,34.929
"100338",0.059873626980551,0.0605048230306703,0.00596221995619982,0.00750859649502857,0.0562471414283508,0.00570437733948693,0.17690875177026,34.929
"100339",0.0685468549747819,0.0605048230306703,0.00596221995619982,0.00750859649502857,0.0595351823245119,0.00570437733948693,0.220399075860114,34.929
"100340",0.0725436763749862,0.061057158400991,0.00596221995619982,0.00750859649502857,0.0627050788120308,0.00570437733948693,0.237268351289282,34.929
"100341",0.0907347444295938,0.0835337958155515,0.00596221995619982,0.00750859649502857,0.0810457353709568,0.00570437733948693,0.235768404017257,34.929
"100342",0.0990883306148721,0.0933370558754268,0.00596221995619982,0.00750859649502857,0.0903302142925338,0.00570437733948693,0.235715379589369,34.929
"100343",0.0969256526374446,0.0878158004833017,0.00596221995619982,0.00750859649502857,0.0861570640795701,0.00570437733948693,0.24068969964343,34.929
"100344",0.0989080355746308,0.0892757899104468,0.00596221995619982,0.00750859649502857,0.0892462020164714,0.00570437733948693,0.241014270915622,34.929
"100345",0.10120934365689,0.0891521170115975,0.00596221995619982,0.00750859649502857,0.0910227464173671,0.00570437733948693,0.248917343032447,34.929
"100346",0.10882172514059,0.097321826953225,0.00596221995619982,0.00750859649502857,0.098231028236201,0.00570437733948693,0.251458017394767,34.929
"100347",0.103426881093931,0.0953213527710144,0.00596221995619982,0.00750859649502857,0.0938325645744232,0.00570437733948693,0.231357582373971,34.929
"100348",0.0874857046539571,0.0793200109331362,0.00596221995619982,0.00750859649502857,0.0785444250335269,0.00570437733948693,0.218554558371498,34.929
"100349",0.0976374730255075,0.0875877824830786,0.00596221995619982,0.00750859649502857,0.0878174853127169,0.00570437733948693,0.228264937321742,34.929
"100350",0.102627128190528,0.0944854715826901,0.00596221995619982,0.00750859649502857,0.0933502764018184,0.00570437733948693,0.227353880428322,34.929
"100351",0.106584551812019,0.0959162784897196,0.00596221995619982,0.00750859649502857,0.0963712720612325,0.00570437733948693,0.238081773651856,34.929
"100352",0.0991509551402725,0.0913261673070623,0.00596221995619982,0.00750859649502857,0.0888707522519685,0.00570437733948693,0.239733811239463,34.929
"100353",0.103804534704318,0.100710355673438,0.00596221995619982,0.00750859649502857,0.0944729363652123,0.00570437733948693,0.227812771963802,34.929
"100354",0.117590973419935,0.105435082525426,0.00596375481663165,0.00887274856724425,0.105775545444416,0.00570437733948693,0.226463339953269,34.929
"100355",0.105995114279985,0.0814883026515797,0.0080215488302919,0.0110142052898261,0.091677234136444,0.00570437733948693,0.235862556728967,34.922
"100356",0.0988853342540198,0.0752521904129934,0.00602991602532198,0.00856239741118355,0.0851111282195789,0.00570437733948693,0.23413079844301,34.908
"100357",0.059873626980551,0.0605048230306703,0.00596221995619982,0.00750859649502857,0.0562471414283508,0.00570437733948693,0.174311601102699,35.222
"100358",0.059873626980551,0.0605048230306703,0.00596221995619982,0.00750859649502857,0.0562471414283508,0.00570437733948693,0.194115519684134,35.223
"100359",0.059873626980551,0.0605048230306703,0.00596221995619982,0.00750859649502857,0.0562471414283508,0.00570437733948693,0.18100695461161,35.223
"100360",0.059873626980551,0.0605048230306703,0.00596221995619982,0.00750859649502857,0.0562471414283508,0.00570437733948693,0.159760535105068,35.223
"100361",0.059873626980551,0.0605048230306703,0.00596221995619982,0.00750859649502857,0.0562471414283508,0.00570437733948693,0.194580103704286,35.223
"100362",0.0796380260707059,0.0722287940419808,0.00596221995619982,0.00750859649502857,0.0701810156015677,0.00570437733948693,0.223850622737148,35.223
"100363",0.0843501208228768,0.0792405650023394,0.00596221995619982,0.00750859649502857,0.0760642327182992,0.00570437733948693,0.228269152478504,35.223
"100364",0.103138268482112,0.091580874822762,0.00596221995619982,0.00750859649502857,0.0922475474344889,0.00570437733948693,0.252386020589815,35.223
"100365",0.106303570669664,0.0997126730553078,0.00596221995619982,0.00750859649502857,0.0971102185889461,0.00570437733948693,0.242998525770762,35.223
"100366",0.102086287722776,0.0945172949425568,0.00596221995619982,0.00750859649502857,0.0923414962384545,0.00570437733948693,0.241604872166051,35.223
"100367",0.0971600041523023,0.0895491034734944,0.00596221995619982,0.00750859649502857,0.0876044645985493,0.00570437733948693,0.238328907138624,35.223
"100368",0.0816959903639107,0.0728612867036425,0.00596221995619982,0.00750859649502857,0.0722496865297927,0.00570437733948693,0.227665351225018,35.223
"100369",0.0741550282154343,0.0674671804098395,0.00596221995619982,0.00750859649502857,0.0658195285781118,0.00570437733948693,0.21142350503073,35.223
"100370",0.0893787804010214,0.0813539759435105,0.00596221995619982,0.00750859649502857,0.0798098882225932,0.00570437733948693,0.216512845480115,35.223
"100371",0.0883948619484713,0.0794883577999663,0.00596221995619982,0.00750859649502857,0.0791882160555087,0.00570437733948693,0.224792691606477,35.223
"100372",0.0972597086296473,0.0870774664686705,0.00596221995619982,0.00750859649502857,0.0871971153832963,0.00570437733948693,0.238295428426785,35.223
"100373",0.130258156436743,0.120646597650363,0.00786300277858981,0.0116037434340639,0.119174235091334,0.00570437733948693,0.252958364996533,35.223
"100374",0.113746544007222,0.104657787529107,0.00596221995619982,0.00750859649502857,0.102764760157159,0.00570437733948693,0.243276524042154,35.223
"100375",0.114228845952113,0.0968026670003593,0.00700671823600128,0.00988051870887964,0.101326576759625,0.00570437733948693,0.2425907085262,35.223
"100376",0.110542983997382,0.0805465033241527,0.0119813972688286,0.0154057855595954,0.0945763895366348,0.00570437733948693,0.247603048881706,35.224
"100377",0.102379284546298,0.0759371430327291,0.00801458221743033,0.0109097575445773,0.0876658519312262,0.00570437733948693,0.240761492295185,35.222
"100378",0.059873626980551,0.0605048230306703,0.00596221995619982,0.00750859649502857,0.0562471414283508,0.00570437733948693,0.187266120380237,35.484
"100379",0.059873626980551,0.0605048230306703,0.00596221995619982,0.00750859649502857,0.0562471414283508,0.00570437733948693,0.211224014803496,35.516
"100380",0.059873626980551,0.0605048230306703,0.00596221995619982,0.00750859649502857,0.0562471414283508,0.00570437733948693,0.23089475521477,35.516
"100381",0.0988344608418225,0.0890370138177709,0.00596221995619982,0.00750859649502857,0.0885013460470656,0.00570437733948693,0.269433095241485,35.516
"100382",0.0690780494541335,0.0610723040616197,0.00596221995619982,0.00750859649502857,0.0600642049302298,0.00570437733948693,0.218603934885877,35.516
"100383",0.0674271908080255,0.0637868662360188,0.00596221995619982,0.00750859649502857,0.0594972389162403,0.00570437733948693,0.217437886978615,35.516
"100384",0.0843786258720381,0.0761023509566321,0.00596221995619982,0.00750859649502857,0.0746203504469168,0.00570437733948693,0.233915948713742,35.516
"100385",0.0966524705235766,0.0905101916059698,0.00596221995619982,0.00750859649502857,0.0869908606161875,0.00570437733948693,0.239090284448179,35.516
"100386",0.0967984806302255,0.0938068267623808,0.00596221995619982,0.00750859649502857,0.0880742316494999,0.00570437733948693,0.232807730068526,35.516
"100387",0.0856061478616606,0.0818440346550043,0.00596221995619982,0.00750859649502857,0.0772166275894479,0.00570437733948693,0.225797837910983,35.516
"100388",0.059873626980551,0.0605048230306703,0.00596221995619982,0.00750859649502857,0.0562471414283508,0.00570437733948693,0.219748748271367,35.516
"100389",0.0641851371817779,0.0605048230306703,0.00596221995619982,0.00750859649502857,0.0568421293195701,0.00570437733948693,0.206501921963793,35.516
"100390",0.064813662751111,0.0610034288369294,0.00596221995619982,0.00750859649502857,0.0578436207085851,0.00570437733948693,0.203434290448128,35.516
"100391",0.0716326442628108,0.0667321314099083,0.00596221995619982,0.00750859649502857,0.0641274041692637,0.00570437733948693,0.219351806255432,35.516
"100392",0.0878460852736339,0.0823646000331164,0.00596221995619982,0.00750859649502857,0.0790064189741054,0.00570437733948693,0.237267176316661,35.516
"100393",0.113983895160087,0.10406959818552,0.00596221995619982,0.00750859649502857,0.102758805236275,0.00570437733948693,0.249007824107515,35.516
"100394",0.11515898618339,0.0979063988868397,0.00696510119546772,0.00986913426327034,0.102227106868137,0.00570437733948693,0.245053572988795,35.516
"100395",0.124280766161771,0.106019958726022,0.00931830337753515,0.0128448825860239,0.110846528223065,0.00570437733948693,0.251312311801002,35.516
"100396",0.124272762093078,0.0956466266055704,0.0169403650510855,0.0203616581886296,0.108393617833852,0.00662190983264565,0.250542443629675,35.519
"100397",0.102338812235693,0.0830210536210274,0.00596221995619982,0.00807212207207916,0.0894488909093257,0.00570437733948693,0.23796757082828,35.538
"100398",0.0954281780917441,0.0750849622446104,0.00596221995619982,0.00750859649502857,0.0825297088521374,0.00570437733948693,0.233510435490832,35.521
"100399",0.0908214677580579,0.069074021940272,0.00596221995619982,0.00750859649502857,0.0777190867011301,0.00570437733948693,0.233713466813626,35.558
"100400",0.059873626980551,0.0605048230306703,0.00596221995619982,0.00750859649502857,0.0562471414283508,0.00570437733948693,0.229764243465391,35.8
"100401",0.059873626980551,0.0605048230306703,0.00596221995619982,0.00750859649502857,0.0562471414283508,0.00570437733948693,0.223707647801557,35.808
"100402",0.059873626980551,0.0605048230306703,0.00596221995619982,0.00750859649502857,0.0562471414283508,0.00570437733948693,0.197294400620534,35.808
"100403",0.0606919505777565,0.0605048230306703,0.00596221995619982,0.00750859649502857,0.0562471414283508,0.00570437733948693,0.219990586494286,35.808
"100404",0.0730942255090772,0.0668504155685134,0.00596221995619982,0.00750859649502857,0.064385183686835,0.00570437733948693,0.227603964093839,35.808
"100405",0.0859640871907847,0.080597504413908,0.00596221995619982,0.00750859649502857,0.076788867922224,0.00570437733948693,0.227648941112012,35.808
"100406",0.0885931846370211,0.084151450972939,0.00596221995619982,0.00750859649502857,0.0798454645087941,0.00570437733948693,0.227731139925625,35.808
"100407",0.0837286456306423,0.0768898055402013,0.00596221995619982,0.00750859649502857,0.0743617425923534,0.00570437733948693,0.225290237451474,35.808
"100408",0.072265900842271,0.0681406642634826,0.00596221995619982,0.00750859649502857,0.0641126546761366,0.00570437733948693,0.212182696858755,35.808
"100409",0.059873626980551,0.0605048230306703,0.00596221995619982,0.00750859649502857,0.0562471414283508,0.00570437733948693,0.199644604591478,35.808
"100410",0.059873626980551,0.0605048230306703,0.00596221995619982,0.00750859649502857,0.0562471414283508,0.00570437733948693,0.192602404629302,35.808
"100411",0.059873626980551,0.0605048230306703,0.00596221995619982,0.00750859649502857,0.0562471414283508,0.00570437733948693,0.209035696980033,35.808
"100412",0.0853614054157767,0.0825817410426216,0.00596221995619982,0.00750859649502857,0.0768732132154354,0.00570437733948693,0.247483545220924,35.808
"100413",0.115602612746791,0.108348686680467,0.00596221995619982,0.00750859649502857,0.104817617252143,0.00570437733948693,0.237734176112267,35.808
"100414",0.109883442479044,0.097017147720109,0.00596221995619982,0.00750859649502857,0.0980782055132578,0.00570437733948693,0.234568074521121,35.808
"100415",0.109882268857877,0.0923008814939097,0.00596221995619982,0.00846506174442598,0.0970262243991873,0.00570437733948693,0.240314649026826,35.808
"100416",0.109159366692191,0.090913114372458,0.00616321693037134,0.00875974273985762,0.0962199569581802,0.00570437733948693,0.238910865824109,35.808
"100417",0.0970955298300634,0.0828727669657259,0.00596221995619982,0.00750859649502857,0.0855865304667642,0.00570437733948693,0.225840079262402,35.804
"100418",0.0919474554940447,0.077870072000633,0.00596221995619982,0.00750859649502857,0.0806694711341879,0.00570437733948693,0.223918972408357,35.807
"100419",0.0856068045848103,0.0669718037166485,0.00596221995619982,0.00750859649502857,0.0734505244498546,0.00570437733948693,0.22818892048354,35.804
"100420",0.059873626980551,0.0605048230306703,0.00596221995619982,0.00750859649502857,0.0562471414283508,0.00570437733948693,0.179094041582973,36.064
"100421",0.059873626980551,0.0605048230306703,0.00596221995619982,0.00750859649502857,0.0562471414283508,0.00570437733948693,0.168938706671776,36.099
"100422",0.0612214227500044,0.0605048230306703,0.00596221995619982,0.00750859649502857,0.0562471414283508,0.00570437733948693,0.211408078742884,36.099
"100423",0.0725839581752046,0.0655982576952057,0.00596221995619982,0.00750859649502857,0.0637084751826936,0.00570437733948693,0.214086802080532,36.099
"100424",0.078510389166271,0.0743770489000519,0.00596221995619982,0.00750859649502857,0.0702117003683214,0.00570437733948693,0.219222743908538,36.099
"100425",0.0938344975149058,0.0920497317233913,0.00596221995619982,0.00750859649502857,0.085453493123581,0.00570437733948693,0.207954992293278,36.099
"100426",0.0693648134779582,0.0657818584180012,0.00596221995619982,0.00750859649502857,0.0618358997958103,0.00570437733948693,0.207557280396535,36.099
"100427",0.059873626980551,0.0605048230306703,0.00596221995619982,0.00750859649502857,0.0562471414283508,0.00570437733948693,0.203400815949787,36.099
"100428",0.059873626980551,0.0605048230306703,0.00596221995619982,0.00750859649502857,0.0562471414283508,0.00570437733948693,0.193164184477921,36.099
"100429",0.059873626980551,0.0605048230306703,0.00596221995619982,0.00750859649502857,0.0562471414283508,0.00570437733948693,0.194350735018427,36.099
"100430",0.0672879440593288,0.064339601744223,0.00596221995619982,0.00750859649502857,0.0597410780657409,0.00570437733948693,0.220336014420403,36.099
"100431",0.0989192366543289,0.0928029732132109,0.00596221995619982,0.00750859649502857,0.0889402411248674,0.00570437733948693,0.22701440471673,36.099
"100432",0.0990216488401709,0.091132895515366,0.00596221995619982,0.00750859649502857,0.088716572629698,0.00570437733948693,0.224486758219415,36.099
"100433",0.0947606885957072,0.0858410561680946,0.00596221995619982,0.00750859649502857,0.084429690753457,0.00570437733948693,0.226390616100491,36.099
"100434",0.0954401168364018,0.0833128690948502,0.00596221995619982,0.00750859649502857,0.0843926976974022,0.00570437733948693,0.230640137059925,36.099
"100435",0.0938684998429045,0.0790335629721851,0.00596221995619982,0.00750859649502857,0.082287759770253,0.00570437733948693,0.232382883080485,36.115
"100436",0.0924559414529546,0.0737639637215406,0.00596221995619982,0.00750859649502857,0.0800178556082052,0.00570437733948693,0.234763739444889,36.141
"100437",0.059873626980551,0.0605048230306703,0.00596221995619982,0.00750859649502857,0.0562471414283508,0.00570437733948693,0.195963467101881,36.365
"100438",0.059873626980551,0.0605048230306703,0.00596221995619982,0.00750859649502857,0.0562471414283508,0.00570437733948693,0.196336437871334,36.388
"100439",0.059873626980551,0.0605048230306703,0.00596221995619982,0.00750859649502857,0.0562471414283508,0.00570437733948693,0.193679071973065,36.388
"100440",0.0667471172016159,0.06376231477229,0.00596221995619982,0.00750859649502857,0.0590363668939382,0.00570437733948693,0.209289043999897,36.388
"100441",0.0652032094265621,0.0618603290564191,0.00596221995619982,0.00750859649502857,0.0581016595121197,0.00570437733948693,0.206839778592193,36.388
"100442",0.0662664740214643,0.0630790419099606,0.00596221995619982,0.00750859649502857,0.0592822569652086,0.00570437733948693,0.209118189710319,36.388
"100443",0.0612494848917299,0.0605048230306703,0.00596221995619982,0.00750859649502857,0.0562471414283508,0.00570437733948693,0.213427206615337,36.388
"100444",0.059873626980551,0.0605048230306703,0.00596221995619982,0.00750859649502857,0.0562471414283508,0.00570437733948693,0.201118396195743,36.388
"100445",0.059873626980551,0.0605048230306703,0.00596221995619982,0.00750859649502857,0.0562471414283508,0.00570437733948693,0.196786731723677,36.388
"100446",0.0651554312709126,0.0646128397967753,0.00596221995619982,0.00750859649502857,0.057971955977869,0.00570437733948693,0.202811210723367,36.388
"100447",0.089036183661228,0.08080076781127,0.00596221995619982,0.00750859649502857,0.0788792405672698,0.00570437733948693,0.226644104418677,36.388
"100448",0.0852358803991778,0.0791161771863278,0.00596221995619982,0.00750859649502857,0.0759003935444627,0.00570437733948693,0.215220676938623,36.388
"100449",0.0802715724426851,0.0756035980345252,0.00596221995619982,0.00750859649502857,0.0714114776737239,0.00570437733948693,0.211404662040936,36.388
"100450",0.082416953049822,0.0803100482748016,0.00596221995619982,0.00750859649502857,0.0739841146616313,0.00570437733948693,0.214934126065455,36.388
"100451",0.0846065969300985,0.0789997224136624,0.00596221995619982,0.00750859649502857,0.0753859531199989,0.00570437733948693,0.225609113924028,36.39
"100452",0.0843015433404145,0.0732962118647262,0.00596221995619982,0.00750859649502857,0.07400730556567,0.00570437733948693,0.229358729044664,36.39
"100453",0.0930535309492703,0.0755185651672138,0.00596221995619982,0.00750859649502857,0.0808576173134685,0.00570437733948693,0.237955346739207,36.379
"100454",0.059873626980551,0.0605048230306703,0.00596221995619982,0.00750859649502857,0.0562471414283508,0.00570437733948693,0.192732055698397,36.688
"100455",0.0647623839504217,0.0605048230306703,0.00596221995619982,0.00750859649502857,0.0563431457137457,0.00570437733948693,0.195788690252124,36.708
"100456",0.0639335791968489,0.0605048230306703,0.00596221995619982,0.00750859649502857,0.0562471414283508,0.00570437733948693,0.207878734189588,36.708
"100457",0.059873626980551,0.0605048230306703,0.00596221995619982,0.00750859649502857,0.0562471414283508,0.00570437733948693,0.208667060680403,36.713
"100458",0.061184815043913,0.0632339843217369,0.00596221995619982,0.00750859649502857,0.0562471414283508,0.00570437733948693,0.209749037275947,36.697
"100459",0.059873626980551,0.0605048230306703,0.00596221995619982,0.00750859649502857,0.0562471414283508,0.00570437733948693,0.211339718821939,36.677
"100460",0.0602018073779078,0.0622909876944181,0.00596221995619982,0.00750859649502857,0.0562471414283508,0.00570437733948693,0.203848954488093,36.677
"100461",0.059873626980551,0.0605048230306703,0.00596221995619982,0.00750859649502857,0.0562471414283508,0.00570437733948693,0.181333131680176,36.677
"100462",0.059873626980551,0.0605048230306703,0.00596221995619982,0.00750859649502857,0.0562471414283508,0.00570437733948693,0.178690059895492,36.677
"100463",0.07331673042033,0.0722532394137073,0.00596221995619982,0.00750859649502857,0.0658988566361771,0.00570437733948693,0.221421909219992,36.677
"100464",0.0627366930492916,0.0605048230306703,0.00596221995619982,0.00750859649502857,0.0562471414283508,0.00570437733948693,0.209146036464814,36.686
"100465",0.059873626980551,0.0605048230306703,0.00596221995619982,0.00750859649502857,0.0562471414283508,0.00570437733948693,0.197608277519798,36.68
"100466",0.059873626980551,0.0608346543403819,0.00596221995619982,0.00750859649502857,0.0562471414283508,0.00570437733948693,0.187958782224713,36.677
"100467",0.0653727421884742,0.0631945935943213,0.00596221995619982,0.00750859649502857,0.0578818193731166,0.00570437733948693,0.19803014498643,36.677
"100468",0.0752271556716244,0.0669199561523921,0.00596221995619982,0.00750859649502857,0.0659153579585128,0.00570437733948693,0.21538299371011,36.677
"100469",0.0751140372407477,0.0705562060572618,0.00596221995619982,0.00750859649502857,0.0665812295784195,0.00570437733948693,0.20811458528873,36.677
"100470",0.0760315022726667,0.0720667038049976,0.00596221995619982,0.00750859649502857,0.0675851099170781,0.00570437733948693,0.210178431985142,36.677
"100471",0.0759263257431189,0.0713068643593782,0.00596221995619982,0.00750859649502857,0.0673643649916483,0.00570437733948693,0.215778290056175,36.682
"100472",0.059873626980551,0.0605048230306703,0.00596221995619982,0.00750859649502857,0.0562471414283508,0.00570437733948693,0.172940364035962,36.936
"100473",0.059873626980551,0.0605048230306703,0.00596221995619982,0.00750859649502857,0.0562471414283508,0.00570437733948693,0.189204891330457,36.965
"100474",0.059873626980551,0.0605048230306703,0.00596221995619982,0.00750859649502857,0.0562471414283508,0.00570437733948693,0.189353539129821,36.965
"100475",0.059873626980551,0.0605048230306703,0.00596221995619982,0.00750859649502857,0.0562471414283508,0.00570437733948693,0.18285385365827,36.965
"100476",0.059873626980551,0.0605048230306703,0.00596221995619982,0.00750859649502857,0.0562471414283508,0.00570437733948693,0.193003168057229,36.965
"100477",0.0670973472854536,0.0702763025245002,0.00596221995619982,0.00750859649502857,0.0606246183591919,0.00570437733948693,0.207597988235669,36.965
"100478",0.059873626980551,0.0605048230306703,0.00596221995619982,0.00750859649502857,0.0562471414283508,0.00570437733948693,0.194828615759018,36.964
"100479",0.059873626980551,0.0605048230306703,0.00596221995619982,0.00750859649502857,0.0562471414283508,0.00570437733948693,0.193653748401687,36.965
"100480",0.059873626980551,0.0605048230306703,0.00596221995619982,0.00750859649502857,0.0562471414283508,0.00570437733948693,0.199513128285252,36.965
"100481",0.059873626980551,0.0627905272573047,0.00596221995619982,0.00750859649502857,0.0562471414283508,0.00570437733948693,0.191453506519816,36.965
"100482",0.059873626980551,0.063718984788255,0.00596221995619982,0.00750859649502857,0.0562471414283508,0.00570437733948693,0.184213301427767,36.965
"100483",0.0611608523158586,0.0651196501484295,0.00596221995619982,0.00750859649502857,0.0562471414283508,0.00570437733948693,0.183085267179344,36.965
"100484",0.0671582054077295,0.0658185074363021,0.00596221995619982,0.00750859649502857,0.0598553560992041,0.00570437733948693,0.202510381629692,36.965
"100485",0.0706759150977596,0.0691217637370667,0.00596221995619982,0.00750859649502857,0.0630218463950283,0.00570437733948693,0.205812427188083,36.965
"100486",0.0715572823076982,0.0710016891342689,0.00596221995619982,0.00750859649502857,0.0640098529630778,0.00570437733948693,0.203686240177978,36.965
"100487",0.0722282929553472,0.0693327994330094,0.00596221995619982,0.00750859649502857,0.0641976119220267,0.00570437733948693,0.209958732043695,36.965
"100488",0.0706969132844637,0.066883678043077,0.00596221995619982,0.00750859649502857,0.0625908855761685,0.00570437733948693,0.215533947151565,36.965
"100489",0.0663370550505138,0.0605048230306703,0.00596221995619982,0.00750859649502857,0.0574519287999256,0.00570437733948693,0.227427206297445,36.958
"100490",0.059873626980551,0.0605048230306703,0.00596221995619982,0.00750859649502857,0.0562471414283508,0.00570437733948693,0.175484154678709,37.187
"100491",0.059873626980551,0.0605048230306703,0.00596221995619982,0.00750859649502857,0.0562471414283508,0.00570437733948693,0.186452345816088,37.249
"100492",0.059873626980551,0.0605048230306703,0.00596221995619982,0.00750859649502857,0.0562471414283508,0.00570437733948693,0.18922338162013,37.251
"100493",0.059873626980551,0.0605048230306703,0.00596221995619982,0.00750859649502857,0.0562471414283508,0.00570437733948693,0.176842070827068,37.251
"100494",0.059873626980551,0.0605048230306703,0.00596221995619982,0.00750859649502857,0.0562471414283508,0.00570437733948693,0.184424307317895,37.251
"100495",0.059873626980551,0.0605048230306703,0.00596221995619982,0.00750859649502857,0.0562471414283508,0.00570437733948693,0.173878998448356,37.254
"100496",0.059873626980551,0.0605048230306703,0.00596221995619982,0.00750859649502857,0.0562471414283508,0.00570437733948693,0.196623848783425,37.251
"100497",0.059873626980551,0.0605048230306703,0.00596221995619982,0.00750859649502857,0.0562471414283508,0.00570437733948693,0.189983832969739,37.247
"100498",0.0602441304692777,0.0631520980127897,0.00596221995619982,0.00750859649502857,0.0562471414283508,0.00570437733948693,0.189322820415654,37.251
"100499",0.065788623805013,0.0673234894096889,0.00596221995619982,0.00750859649502857,0.0584261061031473,0.00570437733948693,0.191609117371152,37.244
"100500",0.0681747708919025,0.0691372066557053,0.00596221995619982,0.00750859649502857,0.0619091835814899,0.00570437733948693,0.189510207703955,37.251
"100501",0.071645122912727,0.0705450049459971,0.00596221995619982,0.00750859649502857,0.0646870549057005,0.00570437733948693,0.201657661280063,37.251
"100502",0.0730237116120687,0.0754706230371421,0.00596221995619982,0.00750859649502857,0.0661984779198864,0.00570437733948693,0.203132271060138,37.251
"100503",0.0713588278577041,0.0748396675476174,0.00596221995619982,0.00750859649502857,0.0645811010921997,0.00570437733948693,0.20167819268702,37.251
"100504",0.0709697863649397,0.0696125838797187,0.00596221995619982,0.00750859649502857,0.0633061242913797,0.00570437733948693,0.207222426415352,37.253
"100505",0.0703718112939234,0.0655852438717664,0.00596221995619982,0.00750859649502857,0.0620571800800085,0.00570437733948693,0.214760522573988,37.252
"100506",0.0656911629446452,0.0605048230306703,0.00596221995619982,0.00750859649502857,0.0575053753581338,0.00570437733948693,0.214374712593057,37.274
"100507",0.059873626980551,0.0605048230306703,0.00596221995619982,0.00750859649502857,0.0562471414283508,0.00570437733948693,0.220733426142531,37.272
"100508",0.059873626980551,0.0605048230306703,0.00596221995619982,0.00750859649502857,0.0562471414283508,0.00570437733948693,0.181840924360522,37.551
"100509",0.059873626980551,0.0605048230306703,0.00596221995619982,0.00750859649502857,0.0562471414283508,0.00570437733948693,0.179496069140654,37.537
"100510",0.059873626980551,0.0605048230306703,0.00596221995619982,0.00750859649502857,0.0562471414283508,0.00570437733948693,0.16483603966363,37.537
"100511",0.059873626980551,0.0605048230306703,0.00596221995619982,0.00750859649502857,0.0562471414283508,0.00570437733948693,0.176808678023833,37.537
"100512",0.059873626980551,0.0605048230306703,0.00596221995619982,0.00750859649502857,0.0562471414283508,0.00570437733948693,0.181798770598181,37.537
"100513",0.059873626980551,0.0605048230306703,0.00596221995619982,0.00750859649502857,0.0562471414283508,0.00570437733948693,0.17386145189723,37.537
"100514",0.059873626980551,0.0605048230306703,0.00596221995619982,0.00750859649502857,0.0562471414283508,0.00570437733948693,0.194782733175552,37.537
"100515",0.059873626980551,0.0609582212139476,0.00596221995619982,0.00750859649502857,0.0562471414283508,0.00570437733948693,0.174432012922327,37.537
"100516",0.0789000986828026,0.0808126417365723,0.00596221995619982,0.00750859649502857,0.0718629547393812,0.00570437733948693,0.192306063134225,37.545
"100517",0.0976138889317628,0.0962420857464745,0.00596221995619982,0.00750859649502857,0.0895802107493019,0.00570437733948693,0.197999359510596,37.537
"100518",0.0775095867254775,0.0759207662356587,0.00596221995619982,0.00750859649502857,0.0694625613707693,0.00570437733948693,0.199311813020665,37.537
"100519",0.0733059678220998,0.076994597704946,0.00596221995619982,0.00750859649502857,0.0667666904952322,0.00570437733948693,0.197278020657311,37.537
"100520",0.0714035380204463,0.0772979138369655,0.00596221995619982,0.00750859649502857,0.0643503981480993,0.00570437733948693,0.195360920502674,37.537
"100521",0.0775910162542793,0.0836918389531749,0.00596221995619982,0.00750859649502857,0.0715136667219704,0.00570437733948693,0.197953733257312,37.538
"100522",0.0693113855477234,0.0673315879978183,0.00596221995619982,0.00750859649502857,0.0615730845452283,0.00570437733948693,0.208033166912981,37.537
"100523",0.0701900252053321,0.0672819562464125,0.00596221995619982,0.00750859649502857,0.0622484623581824,0.00570437733948693,0.209916426771487,37.533
"100524",0.059873626980551,0.0605048230306703,0.00596221995619982,0.00750859649502857,0.0562471414283508,0.00570437733948693,0.187366919070799,37.821
"100525",0.059873626980551,0.0605048230306703,0.00596221995619982,0.00750859649502857,0.0562471414283508,0.00570437733948693,0.17138103734459,37.821
"100526",0.059873626980551,0.0605048230306703,0.00596221995619982,0.00750859649502857,0.0562471414283508,0.00570437733948693,0.159760535105068,37.821
"100527",0.059873626980551,0.0605048230306703,0.00596221995619982,0.00750859649502857,0.0562471414283508,0.00570437733948693,0.163234374335885,37.821
"100528",0.059873626980551,0.0605048230306703,0.00596221995619982,0.00750859649502857,0.0562471414283508,0.00570437733948693,0.174808521646735,37.821
"100529",0.059873626980551,0.0605048230306703,0.00596221995619982,0.00750859649502857,0.0562471414283508,0.00570437733948693,0.18998961741881,37.821
"100530",0.059873626980551,0.0605048230306703,0.00596221995619982,0.00750859649502857,0.0562471414283508,0.00570437733948693,0.213425424304808,37.822
"100531",0.0708190779158521,0.0730494522869166,0.00596221995619982,0.00750859649502857,0.0631642854492938,0.00570437733948693,0.207932237819623,37.822
"100532",0.0709878189605651,0.075933182954728,0.00596221995619982,0.00750859649502857,0.0649377305263908,0.00570437733948693,0.178034278240319,37.823
"100533",0.138252436357099,0.142131439216923,0.00596221995619982,0.0102828112691414,0.129334408381409,0.00570437733948693,0.182135857158498,37.821
"100534",0.088284364926183,0.0898307657536227,0.00596221995619982,0.00750859649502857,0.079736649040185,0.00570437733948693,0.199942555094803,37.821
"100535",0.0747321564616408,0.0796756234490097,0.00596221995619982,0.00750859649502857,0.067365039067139,0.00570437733948693,0.201467436702538,37.821
"100536",0.0725747450508478,0.0767805155366249,0.00596221995619982,0.00750859649502857,0.0651255575512855,0.00570437733948693,0.198395222206478,37.821
"100537",0.0723288174757543,0.0750028395940357,0.00596221995619982,0.00750859649502857,0.0656075180874133,0.00570437733948693,0.200736013234912,37.821
"100538",0.0720647784277974,0.0711229348375237,0.00596221995619982,0.00750859649502857,0.0643746508687367,0.00570437733948693,0.207383257696342,37.82
"100539",0.080020190837134,0.0797791991015362,0.00596221995619982,0.00750859649502857,0.0720199473757225,0.00570437733948693,0.208743461450928,37.825
"100540",0.0805225784554413,0.0837796211951258,0.00596221995619982,0.00750859649502857,0.073203554600046,0.00570437733948693,0.193924077444821,37.825
"100541",0.059873626980551,0.0605048230306703,0.00596221995619982,0.00750859649502857,0.0562471414283508,0.00570437733948693,0.208647264262641,37.829
"100542",0.059873626980551,0.0605048230306703,0.00596221995619982,0.00750859649502857,0.0562471414283508,0.00570437733948693,0.18735024257172,38.115
"100543",0.059873626980551,0.0605048230306703,0.00596221995619982,0.00750859649502857,0.0562471414283508,0.00570437733948693,0.188015254166055,38.105
"100544",0.059873626980551,0.0605048230306703,0.00596221995619982,0.00750859649502857,0.0562471414283508,0.00570437733948693,0.182355309700651,38.105
"100545",0.059873626980551,0.0605048230306703,0.00596221995619982,0.00750859649502857,0.0562471414283508,0.00570437733948693,0.171895479458399,38.105
"100546",0.059873626980551,0.0605048230306703,0.00596221995619982,0.00750859649502857,0.0562471414283508,0.00570437733948693,0.163925241780669,38.105
"100547",0.059873626980551,0.0605048230306703,0.00596221995619982,0.00750859649502857,0.0562471414283508,0.00570437733948693,0.159760535105068,38.105
"100548",0.059873626980551,0.0605048230306703,0.00596221995619982,0.00750859649502857,0.0562471414283508,0.00570437733948693,0.169314934071437,38.105
"100549",0.059873626980551,0.0608367375850577,0.00596221995619982,0.00750859649502857,0.0562471414283508,0.00570437733948693,0.231854737625259,38.105
"100550",0.0659500401264864,0.0686525195009949,0.00596221995619982,0.00750859649502857,0.0587146511347521,0.00570437733948693,0.216009560120868,38.105
"100551",0.0690588264642507,0.0692111861905789,0.00596221995619982,0.00750859649502857,0.0612446169136369,0.00570437733948693,0.199570894094065,38.102
"100552",0.0823888703126356,0.0783421725248973,0.00596221995619982,0.00750859649502857,0.0738198834442221,0.00570437733948693,0.187036941252945,38.106
"100553",0.109633013554887,0.107084226133367,0.00596221995619982,0.00750859649502857,0.0998914410286101,0.00570437733948693,0.203725069358922,38.106
"100554",0.0792008740929771,0.0837885483785374,0.00596221995619982,0.00750859649502857,0.0715891602972931,0.00570437733948693,0.206644531279617,38.105
"100555",0.0762862061009157,0.0820232147578348,0.00596221995619982,0.00750859649502857,0.0688343873176719,0.00570437733948693,0.202283832001755,38.105
"100556",0.0710647927565027,0.0727307394628034,0.00596221995619982,0.00750859649502857,0.0640705803931644,0.00570437733948693,0.20213202139228,38.105
"100557",0.0704542711589032,0.0744963091524812,0.00596221995619982,0.00750859649502857,0.0640742323769256,0.00570437733948693,0.197227061063114,38.099
"100558",0.0943605948934186,0.097963992342543,0.00596221995619982,0.00750859649502857,0.0867529727132523,0.00570437733948693,0.214547305168448,38.076
"100559",0.0928957439280868,0.0885154760254449,0.00596221995619982,0.00750859649502857,0.0836032772688745,0.00570437733948693,0.210740177165566,38.106
"100560",0.059873626980551,0.0605048230306703,0.00596221995619982,0.00750859649502857,0.0562471414283508,0.00570437733948693,0.209032232042004,38.122
"100561",0.059873626980551,0.0605048230306703,0.00596221995619982,0.00750859649502857,0.0562471414283508,0.00570437733948693,0.192393541892176,38.35
"100562",0.059873626980551,0.0605048230306703,0.00596221995619982,0.00750859649502857,0.0562471414283508,0.00570437733948693,0.190781886830042,38.387
"100563",0.0610370291358926,0.0605048230306703,0.00596221995619982,0.00750859649502857,0.0562471414283508,0.00570437733948693,0.203754178266516,38.387
"100564",0.059873626980551,0.0605048230306703,0.00596221995619982,0.00750859649502857,0.0562471414283508,0.00570437733948693,0.177041005880717,38.387
"100565",0.059873626980551,0.0605048230306703,0.00596221995619982,0.00750859649502857,0.0562471414283508,0.00570437733948693,0.167635034209271,38.387
"100566",0.059873626980551,0.0605048230306703,0.00596221995619982,0.00750859649502857,0.0562471414283508,0.00570437733948693,0.159760535105068,38.387
"100567",0.059873626980551,0.0605048230306703,0.00596221995619982,0.00750859649502857,0.0562471414283508,0.00570437733948693,0.159760535105068,38.387
"100568",0.059873626980551,0.0605048230306703,0.00596221995619982,0.00750859649502857,0.0562471414283508,0.00570437733948693,0.175769277414407,38.387
"100569",0.059873626980551,0.0605048230306703,0.00596221995619982,0.00750859649502857,0.0562471414283508,0.00570437733948693,0.202450082487385,38.387
"100570",0.059873626980551,0.0605048230306703,0.00596221995619982,0.00750859649502857,0.0562471414283508,0.00570437733948693,0.186126534212185,38.387
"100571",0.0644919619403452,0.0615345063630657,0.00596221995619982,0.00750859649502857,0.0565268361493287,0.00570437733948693,0.19051564588072,38.384
"100572",0.0703712393418218,0.0680222902641119,0.00596221995619982,0.00750859649502857,0.0624743192002378,0.00570437733948693,0.177721001907373,38.387
"100573",0.0822071916300678,0.0843832637416599,0.00596221995619982,0.00750859649502857,0.0739132466574872,0.00570437733948693,0.205948391828369,38.387
"100574",0.0788602511849803,0.0828202717782035,0.00596221995619982,0.00750859649502857,0.0710615848218219,0.00570437733948693,0.208861903555135,38.387
"100575",0.0730809729747513,0.0793974712238421,0.00596221995619982,0.00750859649502857,0.0658586807857583,0.00570437733948693,0.19641887500992,38.386
"100576",0.067555057724136,0.0720661707881559,0.00596221995619982,0.00750859649502857,0.0616336536949952,0.00570437733948693,0.194194071395622,38.398
"100577",0.117803566264594,0.127202855544845,0.00596221995619982,0.00750859649502857,0.109997476250831,0.00570437733948693,0.219398052015642,38.389
"100578",0.0872012045402258,0.0849748178786028,0.00596221995619982,0.00750859649502857,0.0785051783834731,0.00570437733948693,0.195072738359132,38.401
"100579",0.0838219204708079,0.0821384728053374,0.00596221995619982,0.00750859649502857,0.0753685024130251,0.00570437733948693,0.199128192394663,38.387
"100580",0.0934744703142255,0.0883677178606833,0.00596221995619982,0.00750859649502857,0.0840762615221641,0.00570437733948693,0.205624936946123,38.392
"100581",0.059873626980551,0.0605048230306703,0.00596221995619982,0.00750859649502857,0.0562471414283508,0.00570437733948693,0.184320013482944,38.666
"100582",0.059873626980551,0.0605048230306703,0.00596221995619982,0.00750859649502857,0.0562471414283508,0.00570437733948693,0.192178690238888,38.668
"100583",0.059873626980551,0.0605048230306703,0.00596221995619982,0.00750859649502857,0.0562471414283508,0.00570437733948693,0.177382588208432,38.668
"100584",0.059873626980551,0.0605048230306703,0.00596221995619982,0.00750859649502857,0.0562471414283508,0.00570437733948693,0.167837960961672,38.668
"100585",0.059873626980551,0.0605048230306703,0.00596221995619982,0.00750859649502857,0.0562471414283508,0.00570437733948693,0.168983388257206,38.668
"100586",0.059873626980551,0.0605048230306703,0.00596221995619982,0.00750859649502857,0.0562471414283508,0.00570437733948693,0.159760535105068,38.668
"100587",0.059873626980551,0.0605048230306703,0.00596221995619982,0.00750859649502857,0.0562471414283508,0.00570437733948693,0.159760535105068,38.668
"100588",0.059873626980551,0.0605048230306703,0.00596221995619982,0.00750859649502857,0.0562471414283508,0.00570437733948693,0.17563099242219,38.668
"100589",0.059873626980551,0.0606229226495624,0.00596221995619982,0.00750859649502857,0.0562471414283508,0.00570437733948693,0.192103557975883,38.668
"100590",0.059873626980551,0.0605048230306703,0.00596221995619982,0.00750859649502857,0.0562471414283508,0.00570437733948693,0.176806403028488,38.668
"100591",0.0905832556890514,0.0947443470375151,0.00596221995619982,0.00750859649502857,0.0820644192827396,0.00570437733948693,0.182563164678796,38.668
"100592",0.0694732673123418,0.0762054074381644,0.00596221995619982,0.00750859649502857,0.0634045787675941,0.00570437733948693,0.183233504640673,38.668
"100593",0.0807045687634076,0.0872717892167251,0.00596221995619982,0.00750859649502857,0.073064282785121,0.00570437733948693,0.198744116545851,38.668
"100594",0.0891982383147051,0.10534216391359,0.00596221995619982,0.00750859649502857,0.0825069675835412,0.00570437733948693,0.186266567762149,38.669
"100595",0.127025368762406,0.139046478744467,0.00596221995619982,0.00750859649502857,0.119961045989174,0.00570437733948693,0.218298137164843,38.668
"100596",0.150997239207258,0.163006974767127,0.00596221995619982,0.00835166017140521,0.142966114638208,0.00570437733948693,0.223303072392224,38.666
"100597",0.0953327977319975,0.0953503779444368,0.00596221995619982,0.00750859649502857,0.0869591935500498,0.00570437733948693,0.192148895552037,38.67
"100598",0.122599300499252,0.127058637223126,0.00596221995619982,0.00750859649502857,0.114063736779545,0.00570437733948693,0.203357295567893,38.668
"100599",0.0852575271885252,0.0823683840503405,0.00596221995619982,0.00750859649502857,0.0766561856542186,0.00570437733948693,0.200751932529246,38.663
"100600",0.059873626980551,0.0605048230306703,0.00596221995619982,0.00750859649502857,0.0562471414283508,0.00570437733948693,0.180891609331513,38.938
"100601",0.059873626980551,0.0605048230306703,0.00596221995619982,0.00750859649502857,0.0562471414283508,0.00570437733948693,0.171916792466202,38.948
"100602",0.059873626980551,0.0605048230306703,0.00596221995619982,0.00750859649502857,0.0562471414283508,0.00570437733948693,0.171901452378146,38.948
"100603",0.059873626980551,0.0605048230306703,0.00596221995619982,0.00750859649502857,0.0562471414283508,0.00570437733948693,0.176931009605459,38.948
"100604",0.059873626980551,0.0605048230306703,0.00596221995619982,0.00750859649502857,0.0562471414283508,0.00570437733948693,0.174526359109115,38.948
"100605",0.059873626980551,0.0605048230306703,0.00596221995619982,0.00750859649502857,0.0562471414283508,0.00570437733948693,0.16661335082273,38.948
"100606",0.059873626980551,0.0605048230306703,0.00596221995619982,0.00750859649502857,0.0562471414283508,0.00570437733948693,0.159764988637914,38.948
"100607",0.0708323521879944,0.0735684977331773,0.00596221995619982,0.00750859649502857,0.0637790414747881,0.00570437733948693,0.218243577285109,38.948
"100608",0.059873626980551,0.0605048230306703,0.00596221995619982,0.00750859649502857,0.0562471414283508,0.00570437733948693,0.189591847709152,38.948
"100609",0.059873626980551,0.0605048230306703,0.00596221995619982,0.00750859649502857,0.0562471414283508,0.00570437733948693,0.170546735479047,38.948
"100610",0.0640540047928757,0.0664067532998154,0.00596221995619982,0.00750859649502857,0.0569524348933803,0.00570437733948693,0.196745336574763,38.948
"100611",0.0937631796077472,0.100214926591889,0.00596221995619982,0.00750859649502857,0.0854213176771303,0.00570437733948693,0.214137311620103,38.948
"100612",0.1213833695093,0.1467940139944,0.00596221995619982,0.00750859649502857,0.114545479856359,0.00570437733948693,0.184129202070734,38.949
"100613",0.103573271217952,0.126348545980751,0.00596221995619982,0.00750859649502857,0.0966322822896525,0.00570437733948693,0.192943400082746,38.963
"100614",0.116184376361853,0.133698366256436,0.00596221995619982,0.00750859649502857,0.10818196920299,0.00570437733948693,0.226242427356085,38.949
"100615",0.08365205068028,0.0834412503643222,0.00596221995619982,0.00750859649502857,0.0749239488739924,0.00570437733948693,0.183872579523959,38.948
"100616",0.153173810495784,0.158392771377923,0.0096366197914037,0.0158344497317966,0.144579872435506,0.00876332116854014,0.216919208352943,38.948
"100617",0.059873626980551,0.0605048230306703,0.00596221995619982,0.00750859649502857,0.0562471414283508,0.00570437733948693,0.177944853223731,39.225
"100618",0.062877927388819,0.063647449770347,0.00596221995619982,0.00750859649502857,0.0562471414283508,0.00570437733948693,0.178810641624146,39.227
"100619",0.059873626980551,0.0605048230306703,0.00596221995619982,0.00750859649502857,0.0562471414283508,0.00570437733948693,0.17510844528205,39.227
"100620",0.059873626980551,0.0605048230306703,0.00596221995619982,0.00750859649502857,0.0562471414283508,0.00570437733948693,0.182211064518979,39.227
"100621",0.059873626980551,0.0605048230306703,0.00596221995619982,0.00750859649502857,0.0562471414283508,0.00570437733948693,0.181061521948381,39.227
"100622",0.059873626980551,0.0605048230306703,0.00596221995619982,0.00750859649502857,0.0562471414283508,0.00570437733948693,0.178834858694687,39.227
"100623",0.059873626980551,0.0605048230306703,0.00596221995619982,0.00750859649502857,0.0562471414283508,0.00570437733948693,0.197577325638105,39.227
"100624",0.059873626980551,0.0605048230306703,0.00596221995619982,0.00750859649502857,0.0562471414283508,0.00570437733948693,0.194004826644756,39.227
"100625",0.059873626980551,0.0605048230306703,0.00596221995619982,0.00750859649502857,0.0562471414283508,0.00570437733948693,0.159760535105068,39.227
"100626",0.059873626980551,0.0607790521174309,0.00596221995619982,0.00750859649502857,0.0562471414283508,0.00570437733948693,0.171838235235302,39.228
"100627",0.172015225021195,0.188898890392592,0.00832157045586846,0.0152088783052481,0.163308784112142,0.0105987079403648,0.242242670628813,39.227
"100628",0.0947111508890932,0.10424940558062,0.00596221995619982,0.00750859649502857,0.0872260746258342,0.00570437733948693,0.181441003951426,39.227
"100629",0.0730323444801131,0.0799196600624954,0.00596221995619982,0.00750859649502857,0.0656229831625584,0.00570437733948693,0.205725733778094,39.227
"100630",0.059873626980551,0.0611077532770714,0.00596221995619982,0.00750859649502857,0.0562471414283508,0.00570437733948693,0.214195363136105,39.205
"100631",0.12370758150787,0.130159517373513,0.00596221995619982,0.00750859649502857,0.114383571488137,0.00570437733948693,0.211005318333234,39.226
"100632",0.16538805422406,0.172822780329656,0.01093624695496,0.0182360433069693,0.157042705367083,0.0113579202128138,0.230393527730201,39.222
"100633",0.0862597033114676,0.0925555232885598,0.00596221995619982,0.00750859649502857,0.0793283078744057,0.00570437733948693,0.208192210977939,39.246
"100634",0.059873626980551,0.0605048230306703,0.00596221995619982,0.00750859649502857,0.0562471414283508,0.00570437733948693,0.17769707836358,39.476
"100635",0.059873626980551,0.0605048230306703,0.00596221995619982,0.00750859649502857,0.0562471414283508,0.00570437733948693,0.159760535105068,39.505
"100636",0.059873626980551,0.0605048230306703,0.00596221995619982,0.00750859649502857,0.0562471414283508,0.00570437733948693,0.173163465423893,39.505
"100637",0.059873626980551,0.0605048230306703,0.00596221995619982,0.00750859649502857,0.0562471414283508,0.00570437733948693,0.18665293120592,39.505
"100638",0.059873626980551,0.0605048230306703,0.00596221995619982,0.00750859649502857,0.0562471414283508,0.00570437733948693,0.179715696487708,39.505
"100639",0.059873626980551,0.0605048230306703,0.00596221995619982,0.00750859649502857,0.0562471414283508,0.00570437733948693,0.183853192091383,39.505
"100640",0.059873626980551,0.0605048230306703,0.00596221995619982,0.00750859649502857,0.0562471414283508,0.00570437733948693,0.188060308977904,39.505
"100641",0.059873626980551,0.0605048230306703,0.00596221995619982,0.00750859649502857,0.0562471414283508,0.00570437733948693,0.159760535105068,39.505
"100642",0.059873626980551,0.0605048230306703,0.00596221995619982,0.00750859649502857,0.0562471414283508,0.00570437733948693,0.159760535105068,39.505
"100643",0.120132751576351,0.134028615955555,0.00596221995619982,0.00750859649502857,0.111716482752077,0.00570437733948693,0.204610968995638,39.505
"100644",0.0724682667570724,0.0768220502079427,0.00596221995619982,0.00750859649502857,0.0658591665078779,0.00570437733948693,0.186384071038143,39.505
"100645",0.0678451558235747,0.0696631375942286,0.00596221995619982,0.00750859649502857,0.0601610121140555,0.00570437733948693,0.217428082424586,39.505
"100646",0.07503614637053,0.0771457037723129,0.00596221995619982,0.00750859649502857,0.0668557900178472,0.00570437733948693,0.224914923040671,39.506
"100647",0.115360637502262,0.120674116352748,0.00596221995619982,0.00750859649502857,0.106605786581531,0.00570437733948693,0.190474322142827,39.51
"100648",0.137819317742429,0.148561507006999,0.00596221995619982,0.00750859649502857,0.128880896058488,0.00570437733948693,0.220948326247761,39.516
"100649",0.135813332226104,0.139094979386409,0.00596221995619982,0.00949925679766465,0.125967211382745,0.00570437733948693,0.247338941622722,39.509
"100650",0.112110438167383,0.113095138472449,0.00596221995619982,0.00750859649502857,0.103446269549773,0.00570437733948693,0.24034279105171,39.505
"100651",0.0854992394477458,0.0910450915164119,0.00596221995619982,0.00750859649502857,0.0783846658416065,0.00570437733948693,0.214838797230999,39.505
"100652",0.0783258871793004,0.082061178287927,0.00596221995619982,0.00750859649502857,0.0712282661583487,0.00570437733948693,0.212776203201852,39.507
"100653",0.059873626980551,0.0605048230306703,0.00596221995619982,0.00750859649502857,0.0562471414283508,0.00570437733948693,0.159760535105068,39.78
"100654",0.059873626980551,0.0605048230306703,0.00596221995619982,0.00750859649502857,0.0562471414283508,0.00570437733948693,0.169781957332972,39.781
"100655",0.059873626980551,0.0605048230306703,0.00596221995619982,0.00750859649502857,0.0562471414283508,0.00570437733948693,0.194819081288134,39.781
"100656",0.059873626980551,0.0605048230306703,0.00596221995619982,0.00750859649502857,0.0562471414283508,0.00570437733948693,0.167518361953813,39.781
"100657",0.059873626980551,0.0605048230306703,0.00596221995619982,0.00750859649502857,0.0562471414283508,0.00570437733948693,0.172018824283537,39.781
"100658",0.059873626980551,0.0605048230306703,0.00596221995619982,0.00750859649502857,0.0562471414283508,0.00570437733948693,0.178415598746106,39.781
"100659",0.059873626980551,0.0605048230306703,0.00596221995619982,0.00750859649502857,0.0562471414283508,0.00570437733948693,0.159760535105068,39.781
"100660",0.059873626980551,0.0605048230306703,0.00596221995619982,0.00750859649502857,0.0562471414283508,0.00570437733948693,0.16023831449095,39.781
"100661",0.059873626980551,0.0605048230306703,0.00596221995619982,0.00750859649502857,0.0562471414283508,0.00570437733948693,0.188626661654137,39.781
"100662",0.059873626980551,0.0605048230306703,0.00596221995619982,0.00750859649502857,0.0562471414283508,0.00570437733948693,0.175067245983909,39.781
"100663",0.059873626980551,0.0605048230306703,0.00596221995619982,0.00750859649502857,0.0562471414283508,0.00570437733948693,0.214572237585295,39.781
"100664",0.059873626980551,0.0605048230306703,0.00596221995619982,0.00750859649502857,0.0562471414283508,0.00570437733948693,0.210652069425613,39.781
"100665",0.059873626980551,0.0605048230306703,0.00596221995619982,0.00750859649502857,0.0562471414283508,0.00570437733948693,0.200333563116232,39.781
"100666",0.0785223778986979,0.0915886637283885,0.00596221995619982,0.00750859649502857,0.0719805752067769,0.00570437733948693,0.212467136466614,39.781
"100667",0.116301335131711,0.125318399129514,0.00596221995619982,0.00750859649502857,0.107634654020304,0.00570437733948693,0.25245175115207,39.785
"100668",0.128057482338,0.124457727291346,0.00596221995619982,0.00930771488611177,0.117654393925833,0.00570437733948693,0.261980144080635,39.781
"100669",0.0810053248993069,0.0808311104971638,0.00596221995619982,0.00750859649502857,0.0729046969214696,0.00570437733948693,0.235640912780661,39.781
"100670",0.0778502002674332,0.0731351435221267,0.00596221995619982,0.00750859649502857,0.0690707002636543,0.00570437733948693,0.228801332588028,39.781
"100671",0.0774707652026019,0.0795907223130451,0.00596221995619982,0.00750859649502857,0.0701297581001051,0.00570437733948693,0.21438213298243,39.791
"100672",0.059873626980551,0.0605048230306703,0.00596221995619982,0.00750859649502857,0.0562471414283508,0.00570437733948693,0.169991256339712,40.051
"100673",0.059873626980551,0.0605048230306703,0.00596221995619982,0.00750859649502857,0.0562471414283508,0.00570437733948693,0.170068642610238,40.057
"100674",0.059873626980551,0.0605048230306703,0.00596221995619982,0.00750859649502857,0.0562471414283508,0.00570437733948693,0.196475613110933,40.057
"100675",0.059873626980551,0.0605048230306703,0.00596221995619982,0.00750859649502857,0.0562471414283508,0.00570437733948693,0.172387057837798,40.057
"100676",0.059873626980551,0.0605048230306703,0.00596221995619982,0.00750859649502857,0.0562471414283508,0.00570437733948693,0.159760535105068,40.057
"100677",0.059873626980551,0.0605048230306703,0.00596221995619982,0.00750859649502857,0.0562471414283508,0.00570437733948693,0.184550257640497,40.057
"100678",0.059873626980551,0.0605048230306703,0.00596221995619982,0.00750859649502857,0.0562471414283508,0.00570437733948693,0.176687169728132,40.057
"100679",0.059873626980551,0.0605048230306703,0.00596221995619982,0.00750859649502857,0.0562471414283508,0.00570437733948693,0.174286479426249,40.057
"100680",0.059873626980551,0.0605048230306703,0.00596221995619982,0.00750859649502857,0.0562471414283508,0.00570437733948693,0.187514025490243,40.057
"100681",0.059873626980551,0.0605048230306703,0.00596221995619982,0.00750859649502857,0.0562471414283508,0.00570437733948693,0.187397129144132,40.057
"100682",0.059873626980551,0.0605048230306703,0.00596221995619982,0.00750859649502857,0.0562471414283508,0.00570437733948693,0.209167787808043,40.057
"100683",0.059873626980551,0.0605048230306703,0.00596221995619982,0.00750859649502857,0.0562471414283508,0.00570437733948693,0.21430606812358,40.057
"100684",0.059873626980551,0.0605048230306703,0.00596221995619982,0.00750859649502857,0.0562471414283508,0.00570437733948693,0.202535173744903,40.057
"100685",0.0648613705634454,0.0693352184208341,0.00596221995619982,0.00750859649502857,0.0579470445410278,0.00570437733948693,0.218066393500396,40.057
"100686",0.0860133233593158,0.0936196500202468,0.00596221995619982,0.00750859649502857,0.0781460043987939,0.00570437733948693,0.229702845985608,40.057
"100687",0.189761419729008,0.207045907701753,0.0149170075665518,0.0248793222204371,0.183080407971568,0.0164160456954965,0.253407832974075,40.057
"100688",0.0852581623399623,0.0892870100138585,0.00596221995619982,0.00750859649502857,0.0781347654596124,0.00570437733948693,0.228347226009654,40.057
"100689",0.078626828905351,0.0766073398676719,0.00596221995619982,0.00750859649502857,0.0704080228598526,0.00570437733948693,0.233047242056044,40.057
"100690",0.0780090181273846,0.085926529759314,0.00596221995619982,0.00750859649502857,0.0716056344708473,0.00570437733948693,0.211225773764621,40.062
"100691",0.059873626980551,0.0605048230306703,0.00596221995619982,0.00750859649502857,0.0562471414283508,0.00570437733948693,0.179818456708208,40.331
"100692",0.0609482082251471,0.0675219074582634,0.00596221995619982,0.00750859649502857,0.0562471414283508,0.00570437733948693,0.203730244410306,40.331
"100693",0.059873626980551,0.0630984802877594,0.00596221995619982,0.00750859649502857,0.0562471414283508,0.00570437733948693,0.188043332813157,40.331
"100694",0.059873626980551,0.0605048230306703,0.00596221995619982,0.00750859649502857,0.0562471414283508,0.00570437733948693,0.170587917354431,40.331
"100695",0.0715090157264703,0.0800127251598479,0.00596221995619982,0.00750859649502857,0.0645583620682659,0.00570437733948693,0.177481915962849,40.331
"100696",0.059873626980551,0.0605048230306703,0.00596221995619982,0.00750859649502857,0.0562471414283508,0.00570437733948693,0.179773483311829,40.331
"100697",0.059873626980551,0.0605048230306703,0.00596221995619982,0.00750859649502857,0.0562471414283508,0.00570437733948693,0.184280548950084,40.331
"100698",0.059873626980551,0.0605048230306703,0.00596221995619982,0.00750859649502857,0.0562471414283508,0.00570437733948693,0.191829448518408,40.331
"100699",0.059873626980551,0.0605048230306703,0.00596221995619982,0.00750859649502857,0.0562471414283508,0.00570437733948693,0.193507290899012,40.331
"100700",0.059873626980551,0.0605048230306703,0.00596221995619982,0.00750859649502857,0.0562471414283508,0.00570437733948693,0.210739479837745,40.331
"100701",0.059873626980551,0.0605048230306703,0.00596221995619982,0.00750859649502857,0.0562471414283508,0.00570437733948693,0.194828811572332,40.331
"100702",0.059873626980551,0.0605048230306703,0.00596221995619982,0.00750859649502857,0.0562471414283508,0.00570437733948693,0.198080519519761,40.331
"100703",0.059873626980551,0.0639176727078504,0.00596221995619982,0.00750859649502857,0.0562471414283508,0.00570437733948693,0.211882922161793,40.331
"100704",0.0664492089124042,0.0689784378414884,0.00596221995619982,0.00750859649502857,0.059006325285736,0.00570437733948693,0.207030826274477,40.331
"100705",0.0813543654142083,0.0879795389234629,0.00596221995619982,0.00750859649502857,0.074455827188477,0.00570437733948693,0.202623887195751,40.331
"100706",0.0745089977270699,0.0750101092558488,0.00596221995619982,0.00750859649502857,0.0670501371307506,0.00570437733948693,0.220330330062705,40.331
"100707",0.0759087762753854,0.0765270430709867,0.00596221995619982,0.00750859649502857,0.0675703973746384,0.00570437733948693,0.227351044598617,40.331
"100708",0.0758567264420592,0.0772361115375822,0.00596221995619982,0.00750859649502857,0.068737214862748,0.00570437733948693,0.225961002466577,40.323
"100709",0.059873626980551,0.0605048230306703,0.00596221995619982,0.00750859649502857,0.0562471414283508,0.00570437733948693,0.188694451785644,40.605
"100710",0.0601141168375971,0.0646178843317526,0.00596221995619982,0.00750859649502857,0.0562471414283508,0.00570437733948693,0.19982553450844,40.605
"100711",0.0639016190934492,0.0702201290071831,0.00596221995619982,0.00750859649502857,0.0572299251631351,0.00570437733948693,0.195593307515879,40.605
"100712",0.059873626980551,0.0605048230306703,0.00596221995619982,0.00750859649502857,0.0562471414283508,0.00570437733948693,0.192362226538486,40.605
"100713",0.059873626980551,0.0605048230306703,0.00596221995619982,0.00750859649502857,0.0562471414283508,0.00570437733948693,0.160580292932906,40.605
"100714",0.059873626980551,0.0605048230306703,0.00596221995619982,0.00750859649502857,0.0562471414283508,0.00570437733948693,0.168817447494058,40.605
"100715",0.059873626980551,0.0605048230306703,0.00596221995619982,0.00750859649502857,0.0562471414283508,0.00570437733948693,0.178782345075715,40.605
"100716",0.059873626980551,0.0605048230306703,0.00596221995619982,0.00750859649502857,0.0562471414283508,0.00570437733948693,0.189602362419937,40.605
"100717",0.063392623691806,0.0794298257354489,0.00596221995619982,0.00750859649502857,0.0582035321111413,0.00570437733948693,0.183639638425968,40.605
"100718",0.059873626980551,0.074422093681638,0.00596221995619982,0.00750859649502857,0.0562471414283508,0.00570437733948693,0.185435078363632,40.605
"100719",0.059873626980551,0.0605048230306703,0.00596221995619982,0.00750859649502857,0.0562471414283508,0.00570437733948693,0.169014158934434,40.605
"100720",0.059873626980551,0.0605048230306703,0.00596221995619982,0.00750859649502857,0.0562471414283508,0.00570437733948693,0.166397918614424,40.605
"100721",0.059873626980551,0.0605048230306703,0.00596221995619982,0.00750859649502857,0.0562471414283508,0.00570437733948693,0.177100881829377,40.605
"100722",0.06891312949626,0.0747719053002788,0.00596221995619982,0.00750859649502857,0.0613406752015533,0.00570437733948693,0.203763366296424,40.605
"100723",0.0675968390205453,0.0696755305942909,0.00596221995619982,0.00750859649502857,0.0601608405374502,0.00570437733948693,0.193475931345874,40.605
"100724",0.059873626980551,0.0605048230306703,0.00596221995619982,0.00750859649502857,0.0562471414283508,0.00570437733948693,0.204706868159839,40.605
"100725",0.0770252234633469,0.0837764129680538,0.00596221995619982,0.00750859649502857,0.0694581732289356,0.00570437733948693,0.234772804139363,40.605
"100726",0.088205471102942,0.0879087597118457,0.00596221995619982,0.00750859649502857,0.0799109957975852,0.00570437733948693,0.23865508894129,40.63
"100727",0.0638010811127036,0.0710229264410857,0.00596221995619982,0.00750859649502857,0.0579366586602548,0.00570437733948693,0.211487258336869,40.658
"100728",0.059873626980551,0.0605048230306703,0.00596221995619982,0.00750859649502857,0.0562471414283508,0.00570437733948693,0.181092567548538,40.877
"100729",0.059873626980551,0.0605048230306703,0.00596221995619982,0.00750859649502857,0.0562471414283508,0.00570437733948693,0.182598901796802,40.877
"100730",0.059873626980551,0.0670035044658736,0.00596221995619982,0.00750859649502857,0.0562471414283508,0.00570437733948693,0.188843493426394,40.877
"100731",0.059873626980551,0.0605048230306703,0.00596221995619982,0.00750859649502857,0.0562471414283508,0.00570437733948693,0.189667999362926,40.877
"100732",0.059873626980551,0.0605048230306703,0.00596221995619982,0.00750859649502857,0.0562471414283508,0.00570437733948693,0.178802090694107,40.877
"100733",0.059873626980551,0.0605048230306703,0.00596221995619982,0.00750859649502857,0.0562471414283508,0.00570437733948693,0.174801565194755,40.877
"100734",0.059873626980551,0.0605048230306703,0.00596221995619982,0.00750859649502857,0.0562471414283508,0.00570437733948693,0.172545661718092,40.877
"100735",0.059873626980551,0.0605048230306703,0.00596221995619982,0.00750859649502857,0.0562471414283508,0.00570437733948693,0.182808118436279,40.877
"100736",0.059873626980551,0.0605048230306703,0.00596221995619982,0.00750859649502857,0.0562471414283508,0.00570437733948693,0.170055149176686,40.877
"100737",0.059873626980551,0.0608983249396813,0.00596221995619982,0.00750859649502857,0.0562471414283508,0.00570437733948693,0.17337645864237,40.877
"100738",0.059873626980551,0.0605048230306703,0.00596221995619982,0.00750859649502857,0.0562471414283508,0.00570437733948693,0.180088704296108,40.877
"100739",0.059873626980551,0.0605048230306703,0.00596221995619982,0.00750859649502857,0.0562471414283508,0.00570437733948693,0.178935892153705,40.877
"100740",0.059873626980551,0.0605048230306703,0.00596221995619982,0.00750859649502857,0.0562471414283508,0.00570437733948693,0.170739540398233,40.877
"100741",0.059873626980551,0.0664088459605434,0.00596221995619982,0.00750859649502857,0.0562471414283508,0.00570437733948693,0.175065234179068,40.877
"100742",0.059873626980551,0.0605048230306703,0.00596221995619982,0.00750859649502857,0.0562471414283508,0.00570437733948693,0.159760535105068,40.877
"100743",0.059873626980551,0.0605048230306703,0.00596221995619982,0.00750859649502857,0.0562471414283508,0.00570437733948693,0.176925650803291,40.877
"100744",0.059873626980551,0.0605048230306703,0.00596221995619982,0.00750859649502857,0.0562471414283508,0.00570437733948693,0.201683280208192,40.877
"100745",0.059873626980551,0.0605048230306703,0.00596221995619982,0.00750859649502857,0.0562471414283508,0.00570437733948693,0.210048654732917,40.877
"100746",0.059873626980551,0.0605048230306703,0.00596221995619982,0.00750859649502857,0.0562471414283508,0.00570437733948693,0.217006031326595,40.874
"100747",0.059873626980551,0.0605048230306703,0.00596221995619982,0.00750859649502857,0.0562471414283508,0.00570437733948693,0.191878211777385,40.83
"100748",0.0904755703431938,0.0983812481859316,0.00596221995619982,0.00750859649502857,0.0835793200666343,0.00570437733948693,0.187671483083707,40.847
"100749",0.0789988432231068,0.0839886877993466,0.00596221995619982,0.00750859649502857,0.0720493379374221,0.00570437733948693,0.204579905112776,40.875
"100750",0.059873626980551,0.0605048230306703,0.00596221995619982,0.00750859649502857,0.0562471414283508,0.00570437733948693,0.173160900902202,41.148
"100751",0.059873626980551,0.0605048230306703,0.00596221995619982,0.00750859649502857,0.0562471414283508,0.00570437733948693,0.179795731836915,41.148
"100752",0.059873626980551,0.0605048230306703,0.00596221995619982,0.00750859649502857,0.0562471414283508,0.00570437733948693,0.172349595616503,41.148
"100753",0.059873626980551,0.0605048230306703,0.00596221995619982,0.00750859649502857,0.0562471414283508,0.00570437733948693,0.173328460078239,41.148
"100754",0.059873626980551,0.0605048230306703,0.00596221995619982,0.00750859649502857,0.0562471414283508,0.00570437733948693,0.179876922160369,41.148
"100755",0.059873626980551,0.0605048230306703,0.00596221995619982,0.00750859649502857,0.0562471414283508,0.00570437733948693,0.17569914373468,41.148
"100756",0.059873626980551,0.0605048230306703,0.00596221995619982,0.00750859649502857,0.0562471414283508,0.00570437733948693,0.169284653062022,41.148
"100757",0.059873626980551,0.0605048230306703,0.00596221995619982,0.00750859649502857,0.0562471414283508,0.00570437733948693,0.17671650761181,41.148
"100758",0.059873626980551,0.0605048230306703,0.00596221995619982,0.00750859649502857,0.0562471414283508,0.00570437733948693,0.174331297917599,41.148
"100759",0.059873626980551,0.0605048230306703,0.00596221995619982,0.00750859649502857,0.0562471414283508,0.00570437733948693,0.169103629052905,41.148
"100760",0.059873626980551,0.0605048230306703,0.00596221995619982,0.00750859649502857,0.0562471414283508,0.00570437733948693,0.174540798204424,41.148
"100761",0.059873626980551,0.0605048230306703,0.00596221995619982,0.00750859649502857,0.0562471414283508,0.00570437733948693,0.174560138341527,41.148
"100762",0.059873626980551,0.0605048230306703,0.00596221995619982,0.00750859649502857,0.0562471414283508,0.00570437733948693,0.182501541600704,41.148
"100763",0.059873626980551,0.0605048230306703,0.00596221995619982,0.00750859649502857,0.0562471414283508,0.00570437733948693,0.159760535105068,41.148
"100764",0.059873626980551,0.0605048230306703,0.00596221995619982,0.00750859649502857,0.0562471414283508,0.00570437733948693,0.159760535105068,41.148
"100765",0.059873626980551,0.0605048230306703,0.00596221995619982,0.00750859649502857,0.0562471414283508,0.00570437733948693,0.173347741088962,41.148
"100766",0.0606582862470705,0.0680020120713139,0.00596221995619982,0.00750859649502857,0.0562471414283508,0.00570437733948693,0.193261262939905,41.148
"100767",0.059873626980551,0.0605048230306703,0.00596221995619982,0.00750859649502857,0.0562471414283508,0.00570437733948693,0.196166201416519,41.148
"100768",0.074835161243096,0.0776266862461735,0.00596221995619982,0.00750859649502857,0.0676765463128535,0.00570437733948693,0.204602541062115,41.148
"100769",0.0679669080312034,0.0717675715317219,0.00596221995619982,0.00750859649502857,0.0617281308467668,0.00570437733948693,0.189841971974102,41.17
"100770",0.059873626980551,0.0605048230306703,0.00596221995619982,0.00750859649502857,0.0562471414283508,0.00570437733948693,0.172607612105852,41.418
"100771",0.059873626980551,0.0605048230306703,0.00596221995619982,0.00750859649502857,0.0562471414283508,0.00570437733948693,0.166927255436097,41.418
"100772",0.059873626980551,0.0605048230306703,0.00596221995619982,0.00750859649502857,0.0562471414283508,0.00570437733948693,0.165176789780117,41.418
"100773",0.059873626980551,0.0605048230306703,0.00596221995619982,0.00750859649502857,0.0562471414283508,0.00570437733948693,0.159760535105068,41.418
"100774",0.059873626980551,0.0605048230306703,0.00596221995619982,0.00750859649502857,0.0562471414283508,0.00570437733948693,0.161297862608229,41.418
"100775",0.059873626980551,0.0605048230306703,0.00596221995619982,0.00750859649502857,0.0562471414283508,0.00570437733948693,0.161345765445993,41.418
"100776",0.059873626980551,0.0605048230306703,0.00596221995619982,0.00750859649502857,0.0562471414283508,0.00570437733948693,0.159760535105068,41.418
"100777",0.059873626980551,0.0605048230306703,0.00596221995619982,0.00750859649502857,0.0562471414283508,0.00570437733948693,0.159760535105068,41.418
"100778",0.059873626980551,0.0605048230306703,0.00596221995619982,0.00750859649502857,0.0562471414283508,0.00570437733948693,0.159760535105068,41.418
"100779",0.059873626980551,0.0605048230306703,0.00596221995619982,0.00750859649502857,0.0562471414283508,0.00570437733948693,0.161237417510066,41.418
"100780",0.059873626980551,0.0605048230306703,0.00596221995619982,0.00750859649502857,0.0562471414283508,0.00570437733948693,0.159760535105068,41.418
"100781",0.059873626980551,0.0605048230306703,0.00596221995619982,0.00750859649502857,0.0562471414283508,0.00570437733948693,0.159760535105068,41.418
"100782",0.059873626980551,0.0605048230306703,0.00596221995619982,0.00750859649502857,0.0562471414283508,0.00570437733948693,0.177987434552985,41.418
"100783",0.059873626980551,0.0605048230306703,0.00596221995619982,0.00750859649502857,0.0562471414283508,0.00570437733948693,0.172178505388212,41.418
"100784",0.059873626980551,0.0605048230306703,0.00596221995619982,0.00750859649502857,0.0562471414283508,0.00570437733948693,0.159760535105068,41.418
"100785",0.059873626980551,0.0605048230306703,0.00596221995619982,0.00750859649502857,0.0562471414283508,0.00570437733948693,0.173186576627089,41.418
"100786",0.059873626980551,0.0638848292752406,0.00596221995619982,0.00750859649502857,0.0562471414283508,0.00570437733948693,0.200831466637283,41.418
"100787",0.059873626980551,0.06085113795776,0.00596221995619982,0.00750859649502857,0.0562471414283508,0.00570437733948693,0.202811480886483,41.418
"100788",0.061617077872409,0.066428846890697,0.00596221995619982,0.00750859649502857,0.0562471414283508,0.00570437733948693,0.195622492819313,41.418
"100789",0.059873626980551,0.0605048230306703,0.00596221995619982,0.00750859649502857,0.0562471414283508,0.00570437733948693,0.179212273776214,41.418
"100790",0.061917526557084,0.0689497931278002,0.00596221995619982,0.00750859649502857,0.0562471414283508,0.00570437733948693,0.19346302783189,41.418
"100791",0.059873626980551,0.0605048230306703,0.00596221995619982,0.00750859649502857,0.0562471414283508,0.00570437733948693,0.203035294108506,41.418
"100792",0.059873626980551,0.0605048230306703,0.00596221995619982,0.00750859649502857,0.0562471414283508,0.00570437733948693,0.222468625150851,41.42
"100793",0.0924251421075017,0.0873083357704147,0.00596221995619982,0.00750859649502857,0.0814402039158334,0.00570437733948693,0.26667111230853,41.435
"100794",0.059873626980551,0.0605048230306703,0.00596221995619982,0.00750859649502857,0.0562471414283508,0.00570437733948693,0.236769632704058,41.451
"100795",0.059873626980551,0.0605048230306703,0.00596221995619982,0.00750859649502857,0.0562471414283508,0.00570437733948693,0.165929161036725,41.687
"100796",0.059873626980551,0.0605048230306703,0.00596221995619982,0.00750859649502857,0.0562471414283508,0.00570437733948693,0.164854601846349,41.687
"100797",0.059873626980551,0.0605048230306703,0.00596221995619982,0.00750859649502857,0.0562471414283508,0.00570437733948693,0.165041302149019,41.687
"100798",0.059873626980551,0.0605048230306703,0.00596221995619982,0.00750859649502857,0.0562471414283508,0.00570437733948693,0.160614481903112,41.687
"100799",0.059873626980551,0.0605048230306703,0.00596221995619982,0.00750859649502857,0.0562471414283508,0.00570437733948693,0.159760535105068,41.687
"100800",0.059873626980551,0.0605048230306703,0.00596221995619982,0.00750859649502857,0.0562471414283508,0.00570437733948693,0.159760535105068,41.687
"100801",0.059873626980551,0.0605048230306703,0.00596221995619982,0.00750859649502857,0.0562471414283508,0.00570437733948693,0.159760535105068,41.687
"100802",0.059873626980551,0.0605048230306703,0.00596221995619982,0.00750859649502857,0.0562471414283508,0.00570437733948693,0.159760535105068,41.687
"100803",0.059873626980551,0.0605048230306703,0.00596221995619982,0.00750859649502857,0.0562471414283508,0.00570437733948693,0.164664129237603,41.687
"100804",0.059873626980551,0.0605048230306703,0.00596221995619982,0.00750859649502857,0.0562471414283508,0.00570437733948693,0.163252900645689,41.687
"100805",0.059873626980551,0.0605048230306703,0.00596221995619982,0.00750859649502857,0.0562471414283508,0.00570437733948693,0.169461841279308,41.687
"100806",0.059873626980551,0.0605048230306703,0.00596221995619982,0.00750859649502857,0.0562471414283508,0.00570437733948693,0.179544860240813,41.687
"100807",0.059873626980551,0.0605048230306703,0.00596221995619982,0.00750859649502857,0.0562471414283508,0.00570437733948693,0.175424846509561,41.687
"100808",0.059873626980551,0.0605048230306703,0.00596221995619982,0.00750859649502857,0.0562471414283508,0.00570437733948693,0.170634669575755,41.687
"100809",0.059873626980551,0.0605048230306703,0.00596221995619982,0.00750859649502857,0.0562471414283508,0.00570437733948693,0.164985813252153,41.687
"100810",0.059873626980551,0.0605048230306703,0.00596221995619982,0.00750859649502857,0.0562471414283508,0.00570437733948693,0.177811222409683,41.687
"100811",0.059873626980551,0.0605048230306703,0.00596221995619982,0.00750859649502857,0.0562471414283508,0.00570437733948693,0.185633622517989,41.687
"100812",0.059873626980551,0.0605048230306703,0.00596221995619982,0.00750859649502857,0.0562471414283508,0.00570437733948693,0.187683514905134,41.687
"100813",0.059873626980551,0.0688574484270277,0.00596221995619982,0.00750859649502857,0.0562471414283508,0.00570437733948693,0.187015678083409,41.687
"100814",0.059873626980551,0.0605048230306703,0.00596221995619982,0.00750859649502857,0.0562471414283508,0.00570437733948693,0.18079805097672,41.687
"100815",0.059873626980551,0.0605048230306703,0.00596221995619982,0.00750859649502857,0.0562471414283508,0.00570437733948693,0.164819670782808,41.687
"100816",0.061536700667796,0.0682351207112665,0.00596221995619982,0.00750859649502857,0.0562471414283508,0.00570437733948693,0.177767817965226,41.687
"100817",0.0665855351215006,0.0670115696657593,0.00596221995619982,0.00750859649502857,0.059329253032095,0.00570437733948693,0.204847111978472,41.687
"100818",0.0737717894619975,0.0693920151811419,0.00596221995619982,0.00750859649502857,0.065456110945353,0.00570437733948693,0.260079012063377,41.687
"100819",0.0709899348548992,0.070350205864882,0.00596221995619982,0.00750859649502857,0.0618354540763993,0.00570437733948693,0.247961291219118,41.687
"100820",0.0646780263138998,0.0637932940582126,0.00596221995619982,0.00750859649502857,0.0562471414283508,0.00570437733948693,0.24266194545833,41.703
"100821",0.059873626980551,0.0605048230306703,0.00596221995619982,0.00750859649502857,0.0562471414283508,0.00570437733948693,0.247745724577612,41.703
"100822",0.0763569559028552,0.0689501908241353,0.00596221995619982,0.00750859649502857,0.0669849758108021,0.00570437733948693,0.235422303201616,41.693
"100823",0.059873626980551,0.0605048230306703,0.00596221995619982,0.00750859649502857,0.0562471414283508,0.00570437733948693,0.174747599599483,41.941
"100824",0.059873626980551,0.0605048230306703,0.00596221995619982,0.00750859649502857,0.0562471414283508,0.00570437733948693,0.170604711421095,41.955
"100825",0.059873626980551,0.0605048230306703,0.00596221995619982,0.00750859649502857,0.0562471414283508,0.00570437733948693,0.171800866558146,41.955
"100826",0.059873626980551,0.0605048230306703,0.00596221995619982,0.00750859649502857,0.0562471414283508,0.00570437733948693,0.173288572477027,41.955
"100827",0.059873626980551,0.0605048230306703,0.00596221995619982,0.00750859649502857,0.0562471414283508,0.00570437733948693,0.166910778218296,41.955
"100828",0.059873626980551,0.0605048230306703,0.00596221995619982,0.00750859649502857,0.0562471414283508,0.00570437733948693,0.172827761385848,41.955
"100829",0.059873626980551,0.0605048230306703,0.00596221995619982,0.00750859649502857,0.0562471414283508,0.00570437733948693,0.16628992688832,41.955
"100830",0.059873626980551,0.0605048230306703,0.00596221995619982,0.00750859649502857,0.0562471414283508,0.00570437733948693,0.170962089760458,41.955
"100831",0.059873626980551,0.0605048230306703,0.00596221995619982,0.00750859649502857,0.0562471414283508,0.00570437733948693,0.177689495028212,41.955
"100832",0.059873626980551,0.0605048230306703,0.00596221995619982,0.00750859649502857,0.0562471414283508,0.00570437733948693,0.179819748830422,41.955
"100833",0.059873626980551,0.0605048230306703,0.00596221995619982,0.00750859649502857,0.0562471414283508,0.00570437733948693,0.180651615549966,41.955
"100834",0.059873626980551,0.0645113382520585,0.00596221995619982,0.00750859649502857,0.0562471414283508,0.00570437733948693,0.180199803384943,41.955
"100835",0.059873626980551,0.0605048230306703,0.00596221995619982,0.00750859649502857,0.0562471414283508,0.00570437733948693,0.174626589661358,41.955
"100836",0.059873626980551,0.0605048230306703,0.00596221995619982,0.00750859649502857,0.0562471414283508,0.00570437733948693,0.178564448649169,41.955
"100837",0.059873626980551,0.0605048230306703,0.00596221995619982,0.00750859649502857,0.0562471414283508,0.00570437733948693,0.170354193588604,41.955
"100838",0.059873626980551,0.0605048230306703,0.00596221995619982,0.00750859649502857,0.0562471414283508,0.00570437733948693,0.159760535105068,41.955
"100839",0.059873626980551,0.0605048230306703,0.00596221995619982,0.00750859649502857,0.0562471414283508,0.00570437733948693,0.159760535105068,41.955
"100840",0.059873626980551,0.0605048230306703,0.00596221995619982,0.00750859649502857,0.0562471414283508,0.00570437733948693,0.159760535105068,41.955
"100841",0.059873626980551,0.0688872704926788,0.00596221995619982,0.00750859649502857,0.0562471414283508,0.00570437733948693,0.177644295402266,41.955
"100842",0.059873626980551,0.0605048230306703,0.00596221995619982,0.00750859649502857,0.0562471414283508,0.00570437733948693,0.182713705816559,41.955
"100843",0.059873626980551,0.0605048230306703,0.00596221995619982,0.00750859649502857,0.0562471414283508,0.00570437733948693,0.159760535105068,41.955
"100844",0.0706644710918552,0.0670295654120126,0.00596221995619982,0.00750859649502857,0.0622828400382007,0.00570437733948693,0.178234870589379,41.955
"100845",0.0831723564831076,0.0817372412832026,0.00596221995619982,0.00750859649502857,0.0741393748098067,0.00570437733948693,0.193570986943973,41.955
"100846",0.059873626980551,0.0605048230306703,0.00596221995619982,0.00750859649502857,0.0562471414283508,0.00570437733948693,0.21681487146232,41.955
"100847",0.0695751958541641,0.065717822629298,0.00596221995619982,0.00750859649502857,0.0600522055854677,0.00570437733948693,0.224533167565801,41.955
"100848",0.107659832762182,0.098935120496551,0.00596221995619982,0.00750859649502857,0.0965652813414908,0.00570437733948693,0.227019062418391,41.955
"100849",0.0629733400289599,0.062613286145123,0.00596221995619982,0.00750859649502857,0.0562471414283508,0.00570437733948693,0.217326634123596,41.955
"100850",0.059873626980551,0.0605048230306703,0.00596221995619982,0.00750859649502857,0.0562471414283508,0.00570437733948693,0.17525831596611,42.214
"100851",0.059873626980551,0.0605048230306703,0.00596221995619982,0.00750859649502857,0.0562471414283508,0.00570437733948693,0.164431641350668,42.221
"100852",0.059873626980551,0.0605048230306703,0.00596221995619982,0.00750859649502857,0.0562471414283508,0.00570437733948693,0.162677416413519,42.221
"100853",0.059873626980551,0.0605048230306703,0.00596221995619982,0.00750859649502857,0.0562471414283508,0.00570437733948693,0.163411953757413,42.221
"100854",0.059873626980551,0.0605048230306703,0.00596221995619982,0.00750859649502857,0.0562471414283508,0.00570437733948693,0.168411017127363,42.221
"100855",0.059873626980551,0.0605048230306703,0.00596221995619982,0.00750859649502857,0.0562471414283508,0.00570437733948693,0.179379598089151,42.221
"100856",0.059873626980551,0.0605048230306703,0.00596221995619982,0.00750859649502857,0.0562471414283508,0.00570437733948693,0.182024836770468,42.221
"100857",0.059873626980551,0.0605048230306703,0.00596221995619982,0.00750859649502857,0.0562471414283508,0.00570437733948693,0.17780816471349,42.221
"100858",0.059873626980551,0.0646410450120709,0.00596221995619982,0.00750859649502857,0.0562471414283508,0.00570437733948693,0.162208032476895,42.221
"100859",0.059873626980551,0.0698991067869041,0.00596221995619982,0.00750859649502857,0.0562471414283508,0.00570437733948693,0.167629694092137,42.221
"100860",0.059873626980551,0.065410032172211,0.00596221995619982,0.00750859649502857,0.0562471414283508,0.00570437733948693,0.180641517363725,42.221
"100861",0.059873626980551,0.0605048230306703,0.00596221995619982,0.00750859649502857,0.0562471414283508,0.00570437733948693,0.18225427463105,42.221
"100862",0.059873626980551,0.0605048230306703,0.00596221995619982,0.00750859649502857,0.0562471414283508,0.00570437733948693,0.168194544519618,42.221
"100863",0.059873626980551,0.0605048230306703,0.00596221995619982,0.00750859649502857,0.0562471414283508,0.00570437733948693,0.159760535105068,42.221
"100864",0.059873626980551,0.0605048230306703,0.00596221995619982,0.00750859649502857,0.0562471414283508,0.00570437733948693,0.169021006419284,42.221
"100865",0.059873626980551,0.0605048230306703,0.00596221995619982,0.00750859649502857,0.0562471414283508,0.00570437733948693,0.159760535105068,42.221
"100866",0.0630244585685632,0.0676927616307128,0.00596221995619982,0.00750859649502857,0.0567975361004801,0.00570437733948693,0.191551527601494,42.221
"100867",0.059873626980551,0.0605048230306703,0.00596221995619982,0.00750859649502857,0.0562471414283508,0.00570437733948693,0.1628732516858,42.221
"100868",0.059873626980551,0.0605048230306703,0.00596221995619982,0.00750859649502857,0.0562471414283508,0.00570437733948693,0.159760535105068,42.221
"100869",0.059873626980551,0.0605048230306703,0.00596221995619982,0.00750859649502857,0.0562471414283508,0.00570437733948693,0.166042774288535,42.221
"100870",0.059873626980551,0.0605048230306703,0.00596221995619982,0.00750859649502857,0.0562471414283508,0.00570437733948693,0.181515040972511,42.221
"100871",0.059873626980551,0.0605048230306703,0.00596221995619982,0.00750859649502857,0.0562471414283508,0.00570437733948693,0.201565894432943,42.221
"100872",0.0789396460442524,0.076788942360266,0.00596221995619982,0.00750859649502857,0.0690372131627424,0.00570437733948693,0.215651225105971,42.221
"100873",0.0895579567099729,0.0847859884302713,0.00596221995619982,0.00750859649502857,0.0799350475814247,0.00570437733948693,0.219636392482415,42.221
"100874",0.0927744063815291,0.0895714678749858,0.00596221995619982,0.00750859649502857,0.0835352831813601,0.00570437733948693,0.21914634420083,42.193
"100875",0.059873626980551,0.0605048230306703,0.00596221995619982,0.00750859649502857,0.0562471414283508,0.00570437733948693,0.17480091737811,42.461
"100876",0.059873626980551,0.0605048230306703,0.00596221995619982,0.00750859649502857,0.0562471414283508,0.00570437733948693,0.16691806635123,42.487
"100877",0.059873626980551,0.0605048230306703,0.00596221995619982,0.00750859649502857,0.0562471414283508,0.00570437733948693,0.159760535105068,42.487
"100878",0.059873626980551,0.0605048230306703,0.00596221995619982,0.00750859649502857,0.0562471414283508,0.00570437733948693,0.168855345273285,42.487
"100879",0.059873626980551,0.0605048230306703,0.00596221995619982,0.00750859649502857,0.0562471414283508,0.00570437733948693,0.177403327809259,42.487
"100880",0.059873626980551,0.0605048230306703,0.00596221995619982,0.00750859649502857,0.0562471414283508,0.00570437733948693,0.16682410599063,42.487
"100881",0.0603679800128846,0.0726434135295607,0.00596221995619982,0.00750859649502857,0.0562471414283508,0.00570437733948693,0.178966707175128,42.487
"100882",0.0701821057704572,0.0867064690143482,0.00596221995619982,0.00750859649502857,0.0657506981372206,0.00570437733948693,0.176433684836178,42.487
"100883",0.0701422770937302,0.0869132035575081,0.00596221995619982,0.00750859649502857,0.0655004043665025,0.00570437733948693,0.163598838560535,42.487
"100884",0.059873626980551,0.0605048230306703,0.00596221995619982,0.00750859649502857,0.0562471414283508,0.00570437733948693,0.168264755276674,42.487
"100885",0.059873626980551,0.0605048230306703,0.00596221995619982,0.00750859649502857,0.0562471414283508,0.00570437733948693,0.17318337694785,42.487
"100886",0.059873626980551,0.0605048230306703,0.00596221995619982,0.00750859649502857,0.0562471414283508,0.00570437733948693,0.174672013418968,42.487
"100887",0.059873626980551,0.0605048230306703,0.00596221995619982,0.00750859649502857,0.0562471414283508,0.00570437733948693,0.175214584602528,42.487
"100888",0.059873626980551,0.0605048230306703,0.00596221995619982,0.00750859649502857,0.0562471414283508,0.00570437733948693,0.173957420673093,42.487
"100889",0.059873626980551,0.0605048230306703,0.00596221995619982,0.00750859649502857,0.0562471414283508,0.00570437733948693,0.17585963627708,42.487
"100890",0.0683463528237943,0.0764244852632794,0.00596221995619982,0.00750859649502857,0.0623806525424054,0.00570437733948693,0.182536093075449,42.487
"100891",0.059873626980551,0.0605048230306703,0.00596221995619982,0.00750859649502857,0.0562471414283508,0.00570437733948693,0.159760535105068,42.487
"100892",0.059873626980551,0.0605048230306703,0.00596221995619982,0.00750859649502857,0.0562471414283508,0.00570437733948693,0.159760535105068,42.487
"100893",0.059873626980551,0.0605048230306703,0.00596221995619982,0.00750859649502857,0.0562471414283508,0.00570437733948693,0.159760535105068,42.487
"100894",0.059873626980551,0.0605048230306703,0.00596221995619982,0.00750859649502857,0.0562471414283508,0.00570437733948693,0.159760535105068,42.487
"100895",0.0644361527240998,0.0605048230306703,0.00596221995619982,0.00750859649502857,0.0562471414283508,0.00570437733948693,0.182938967402505,42.487
"100896",0.0841393065498676,0.0792016843098641,0.00596221995619982,0.00750859649502857,0.0727939091780501,0.00570437733948693,0.217290714250314,42.487
"100897",0.059873626980551,0.0605048230306703,0.00596221995619982,0.00750859649502857,0.0562471414283508,0.00570437733948693,0.199379249028469,42.487
"100898",0.0742396254062276,0.0691143377643182,0.00596221995619982,0.00750859649502857,0.0654151898609381,0.00570437733948693,0.223379973014623,42.515
"100899",0.059873626980551,0.0621054350427206,0.00596221995619982,0.00750859649502857,0.0562471414283508,0.00570437733948693,0.163518028964438,42.736
"100900",0.059873626980551,0.0605048230306703,0.00596221995619982,0.00750859649502857,0.0562471414283508,0.00570437733948693,0.159760535105068,42.751
"100901",0.059873626980551,0.0605048230306703,0.00596221995619982,0.00750859649502857,0.0562471414283508,0.00570437733948693,0.165933269514115,42.751
"100902",0.0634327468526322,0.0748219073595153,0.00596221995619982,0.00750859649502857,0.059006567817712,0.00570437733948693,0.185036650217846,42.751
"100903",0.059873626980551,0.061265418310882,0.00596221995619982,0.00750859649502857,0.0562471414283508,0.00570437733948693,0.175692823723949,42.751
"100904",0.0620540208186471,0.0726081851204306,0.00596221995619982,0.00750859649502857,0.0574360990945273,0.00570437733948693,0.189635417645533,42.751
"100905",0.070692892967828,0.0840570610659964,0.00596221995619982,0.00750859649502857,0.0659435580369337,0.00570437733948693,0.186206000583477,42.751
"100906",0.059873626980551,0.0703714277503825,0.00596221995619982,0.00750859649502857,0.0562471414283508,0.00570437733948693,0.159760535105068,42.751
"100907",0.059873626980551,0.0605048230306703,0.00596221995619982,0.00750859649502857,0.0562471414283508,0.00570437733948693,0.159760535105068,42.751
"100908",0.059873626980551,0.0605048230306703,0.00596221995619982,0.00750859649502857,0.0562471414283508,0.00570437733948693,0.16731309093,42.751
"100909",0.059873626980551,0.0605048230306703,0.00596221995619982,0.00750859649502857,0.0562471414283508,0.00570437733948693,0.175954174030428,42.751
"100910",0.059873626980551,0.0605048230306703,0.00596221995619982,0.00750859649502857,0.0562471414283508,0.00570437733948693,0.167392483743505,42.751
"100911",0.059873626980551,0.0605048230306703,0.00596221995619982,0.00750859649502857,0.0562471414283508,0.00570437733948693,0.184269681168751,42.751
"100912",0.059873626980551,0.0605048230306703,0.00596221995619982,0.00750859649502857,0.0562471414283508,0.00570437733948693,0.187751513372109,42.751
"100913",0.059873626980551,0.0657287582538504,0.00596221995619982,0.00750859649502857,0.0562471414283508,0.00570437733948693,0.178164784677266,42.751
"100914",0.059873626980551,0.0605048230306703,0.00596221995619982,0.00750859649502857,0.0562471414283508,0.00570437733948693,0.159760535105068,42.751
"100915",0.059873626980551,0.0605048230306703,0.00596221995619982,0.00750859649502857,0.0562471414283508,0.00570437733948693,0.159760535105068,42.751
"100916",0.059873626980551,0.0605048230306703,0.00596221995619982,0.00750859649502857,0.0562471414283508,0.00570437733948693,0.159760535105068,42.751
"100917",0.059873626980551,0.0605048230306703,0.00596221995619982,0.00750859649502857,0.0562471414283508,0.00570437733948693,0.159760535105068,42.751
"100918",0.0687836728502205,0.0681944988339289,0.00596221995619982,0.00750859649502857,0.0611800842153586,0.00570437733948693,0.167383942423462,42.751
"100919",0.0920504098230188,0.087697277865401,0.00596221995619982,0.00750859649502857,0.0825333665736201,0.00570437733948693,0.193900980249825,42.751
"100920",0.059873626980551,0.0605048230306703,0.00596221995619982,0.00750859649502857,0.0562471414283508,0.00570437733948693,0.19348060500608,42.751
"100921",0.059873626980551,0.0605048230306703,0.00596221995619982,0.00750859649502857,0.0562471414283508,0.00570437733948693,0.211994273406463,42.745
"100923",0.059873626980551,0.0656417172108397,0.00596221995619982,0.00750859649502857,0.0562471414283508,0.00570437733948693,0.183450549352871,43.015
"100924",0.059873626980551,0.0670312991414934,0.00596221995619982,0.00750859649502857,0.0562471414283508,0.00570437733948693,0.182889205854288,43.015
"100925",0.0600133312020727,0.0717740388662946,0.00596221995619982,0.00750859649502857,0.0562471414283508,0.00570437733948693,0.182374727903133,43.015
"100926",0.059873626980551,0.0683434060015091,0.00596221995619982,0.00750859649502857,0.0562471414283508,0.00570437733948693,0.188710274466512,43.015
"100927",0.0602519234541403,0.0705840819500461,0.00596221995619982,0.00750859649502857,0.0562471414283508,0.00570437733948693,0.189530420883582,43.015
"100928",0.059873626980551,0.0709913002656272,0.00596221995619982,0.00750859649502857,0.0562471414283508,0.00570437733948693,0.181045237405734,43.015
"100929",0.059873626980551,0.0638873348239949,0.00596221995619982,0.00750859649502857,0.0562471414283508,0.00570437733948693,0.166285387640461,43.015
"100930",0.059873626980551,0.061878852581594,0.00596221995619982,0.00750859649502857,0.0562471414283508,0.00570437733948693,0.173154776995076,43.015
"100931",0.059873626980551,0.0605048230306703,0.00596221995619982,0.00750859649502857,0.0562471414283508,0.00570437733948693,0.164733697548787,43.015
"100932",0.059873626980551,0.0605048230306703,0.00596221995619982,0.00750859649502857,0.0562471414283508,0.00570437733948693,0.162431164511129,43.015
"100933",0.059873626980551,0.0605048230306703,0.00596221995619982,0.00750859649502857,0.0562471414283508,0.00570437733948693,0.162709467168126,43.015
"100934",0.059873626980551,0.0605048230306703,0.00596221995619982,0.00750859649502857,0.0562471414283508,0.00570437733948693,0.162313633538374,43.015
"100935",0.059873626980551,0.0605048230306703,0.00596221995619982,0.00750859649502857,0.0562471414283508,0.00570437733948693,0.164944490733292,43.015
"100936",0.059873626980551,0.0605048230306703,0.00596221995619982,0.00750859649502857,0.0562471414283508,0.00570437733948693,0.171710705702079,43.015
"100937",0.059873626980551,0.0605048230306703,0.00596221995619982,0.00750859649502857,0.0562471414283508,0.00570437733948693,0.159760535105068,43.015
"100938",0.059873626980551,0.0605048230306703,0.00596221995619982,0.00750859649502857,0.0562471414283508,0.00570437733948693,0.159760535105068,43.015
"100939",0.059873626980551,0.0605048230306703,0.00596221995619982,0.00750859649502857,0.0562471414283508,0.00570437733948693,0.159760535105068,43.015
"100940",0.059873626980551,0.0605048230306703,0.00596221995619982,0.00750859649502857,0.0562471414283508,0.00570437733948693,0.159760535105068,43.015
"100941",0.059873626980551,0.0605048230306703,0.00596221995619982,0.00750859649502857,0.0562471414283508,0.00570437733948693,0.160667427415491,43.015
"100942",0.0629858702800302,0.0672856557950876,0.00596221995619982,0.00750859649502857,0.0568327494772025,0.00570437733948693,0.166792185388456,43.015
"100943",0.059873626980551,0.0605048230306703,0.00596221995619982,0.00750859649502857,0.0562471414283508,0.00570437733948693,0.184317679882309,43.015
"100944",0.0824469195678385,0.0910829941749336,0.00596221995619982,0.00750859649502857,0.0759381268201816,0.00570437733948693,0.177788351944601,43.019
"100945",0.0676048873091864,0.0769812078864993,0.00596221995619982,0.00750859649502857,0.0628504301923174,0.00570437733948693,0.199677994532797,43.232
"100946",0.061587043806498,0.0712720673152492,0.00596221995619982,0.00750859649502857,0.0567776419095738,0.00570437733948693,0.187553608822354,43.258
"100947",0.060007708896968,0.0705882386854427,0.00596221995619982,0.00750859649502857,0.0562471414283508,0.00570437733948693,0.178283969098451,43.258
"100948",0.059873626980551,0.072961380994594,0.00596221995619982,0.00750859649502857,0.0562471414283508,0.00570437733948693,0.17694206032435,43.236
"100949",0.0604500179629215,0.0721730096730779,0.00596221995619982,0.00750859649502857,0.0562471414283508,0.00570437733948693,0.178080724111687,43.214
"100950",0.059873626980551,0.0626407794494786,0.00596221995619982,0.00750859649502857,0.0562471414283508,0.00570437733948693,0.174385876696239,43.259
"100951",0.059873626980551,0.0605048230306703,0.00596221995619982,0.00750859649502857,0.0562471414283508,0.00570437733948693,0.164335538487353,43.277
"100952",0.059873626980551,0.0605048230306703,0.00596221995619982,0.00750859649502857,0.0562471414283508,0.00570437733948693,0.159760535105068,43.277
"100953",0.059873626980551,0.0605048230306703,0.00596221995619982,0.00750859649502857,0.0562471414283508,0.00570437733948693,0.16057688808385,43.277
"100954",0.059873626980551,0.0605048230306703,0.00596221995619982,0.00750859649502857,0.0562471414283508,0.00570437733948693,0.159760535105068,43.277
"100955",0.059873626980551,0.0605048230306703,0.00596221995619982,0.00750859649502857,0.0562471414283508,0.00570437733948693,0.159760535105068,43.277
"100956",0.059873626980551,0.0605048230306703,0.00596221995619982,0.00750859649502857,0.0562471414283508,0.00570437733948693,0.159760535105068,43.277
"100957",0.059873626980551,0.0605048230306703,0.00596221995619982,0.00750859649502857,0.0562471414283508,0.00570437733948693,0.159760535105068,43.277
"100958",0.059873626980551,0.0605048230306703,0.00596221995619982,0.00750859649502857,0.0562471414283508,0.00570437733948693,0.159760535105068,43.277
"100959",0.059873626980551,0.0605048230306703,0.00596221995619982,0.00750859649502857,0.0562471414283508,0.00570437733948693,0.159760535105068,43.277
"100960",0.059873626980551,0.0605048230306703,0.00596221995619982,0.00750859649502857,0.0562471414283508,0.00570437733948693,0.159760535105068,43.277
"100961",0.059873626980551,0.0605048230306703,0.00596221995619982,0.00750859649502857,0.0562471414283508,0.00570437733948693,0.159760535105068,43.277
"100962",0.059873626980551,0.0605048230306703,0.00596221995619982,0.00750859649502857,0.0562471414283508,0.00570437733948693,0.161482238506178,43.277
"100963",0.059873626980551,0.0605048230306703,0.00596221995619982,0.00750859649502857,0.0562471414283508,0.00570437733948693,0.159760535105068,43.277
"100964",0.059873626980551,0.0654824143229661,0.00596221995619982,0.00750859649502857,0.0562471414283508,0.00570437733948693,0.159760535105068,43.277
"100965",0.059873626980551,0.0605048230306703,0.00596221995619982,0.00750859649502857,0.0562471414283508,0.00570437733948693,0.177171301277385,43.277
"100966",0.0862063876578274,0.0871310663823,0.00596221995619982,0.00750859649502857,0.0780706715365644,0.00570437733948693,0.180460940113927,43.277
"100967",0.059873626980551,0.0605048230306703,0.00596221995619982,0.00750859649502857,0.0562471414283508,0.00570437733948693,0.177262226565574,43.3
"100968",0.059873626980551,0.0605048230306703,0.00596221995619982,0.00750859649502857,0.0562471414283508,0.00570437733948693,0.174995613374204,43.489
"100969",0.059873626980551,0.0605048230306703,0.00596221995619982,0.00750859649502857,0.0562471414283508,0.00570437733948693,0.159760535105068,43.538
"100970",0.059873626980551,0.0605048230306703,0.00596221995619982,0.00750859649502857,0.0562471414283508,0.00570437733948693,0.159760535105068,43.538
"100971",0.059873626980551,0.0605048230306703,0.00596221995619982,0.00750859649502857,0.0562471414283508,0.00570437733948693,0.159760535105068,43.538
"100972",0.059873626980551,0.0605048230306703,0.00596221995619982,0.00750859649502857,0.0562471414283508,0.00570437733948693,0.159760535105068,43.538
"100973",0.059873626980551,0.0605048230306703,0.00596221995619982,0.00750859649502857,0.0562471414283508,0.00570437733948693,0.159760535105068,43.538
"100974",0.059873626980551,0.0605048230306703,0.00596221995619982,0.00750859649502857,0.0562471414283508,0.00570437733948693,0.159760535105068,43.538
"100975",0.059873626980551,0.0605048230306703,0.00596221995619982,0.00750859649502857,0.0562471414283508,0.00570437733948693,0.159760535105068,43.538
"100976",0.059873626980551,0.0682901937063891,0.00596221995619982,0.00750859649502857,0.0562471414283508,0.00570437733948693,0.159760535105068,43.538
"100977",0.059873626980551,0.0605048230306703,0.00596221995619982,0.00750859649502857,0.0562471414283508,0.00570437733948693,0.159760535105068,43.538
"100978",0.059873626980551,0.0605048230306703,0.00596221995619982,0.00750859649502857,0.0562471414283508,0.00570437733948693,0.159760535105068,43.538
"100979",0.059873626980551,0.0605048230306703,0.00596221995619982,0.00750859649502857,0.0562471414283508,0.00570437733948693,0.162473471718733,43.538
"100980",0.059873626980551,0.0605048230306703,0.00596221995619982,0.00750859649502857,0.0562471414283508,0.00570437733948693,0.159760535105068,43.538
"100981",0.059873626980551,0.0605048230306703,0.00596221995619982,0.00750859649502857,0.0562471414283508,0.00570437733948693,0.159760535105068,43.538
"100982",0.059873626980551,0.0605048230306703,0.00596221995619982,0.00750859649502857,0.0562471414283508,0.00570437733948693,0.167212375096079,43.538
"100983",0.0633432516688525,0.0632364344850455,0.00596221995619982,0.00750859649502857,0.0564957410638847,0.00570437733948693,0.173871613345908,43.538
"100984",0.059873626980551,0.0605048230306703,0.00596221995619982,0.00750859649502857,0.0562471414283508,0.00570437733948693,0.172455457924332,43.538
"100985",0.059873626980551,0.0605048230306703,0.00596221995619982,0.00750859649502857,0.0562471414283508,0.00570437733948693,0.159760535105068,43.797
"100986",0.059873626980551,0.0605048230306703,0.00596221995619982,0.00750859649502857,0.0562471414283508,0.00570437733948693,0.159760535105068,43.798
"100987",0.059873626980551,0.0605048230306703,0.00596221995619982,0.00750859649502857,0.0562471414283508,0.00570437733948693,0.159760535105068,43.798
"100988",0.059873626980551,0.0605048230306703,0.00596221995619982,0.00750859649502857,0.0562471414283508,0.00570437733948693,0.159760535105068,43.798
"100989",0.059873626980551,0.0605048230306703,0.00596221995619982,0.00750859649502857,0.0562471414283508,0.00570437733948693,0.159760535105068,43.798
"100990",0.059873626980551,0.0605048230306703,0.00596221995619982,0.00750859649502857,0.0562471414283508,0.00570437733948693,0.159760535105068,43.798
"100991",0.059873626980551,0.0605048230306703,0.00596221995619982,0.00750859649502857,0.0562471414283508,0.00570437733948693,0.159760535105068,43.798
"100992",0.059873626980551,0.0605048230306703,0.00596221995619982,0.00750859649502857,0.0562471414283508,0.00570437733948693,0.159760535105068,43.798
"100993",0.059873626980551,0.0605048230306703,0.00596221995619982,0.00750859649502857,0.0562471414283508,0.00570437733948693,0.159760535105068,43.798
"100994",0.059873626980551,0.0605048230306703,0.00596221995619982,0.00750859649502857,0.0562471414283508,0.00570437733948693,0.159760535105068,43.798
"100995",0.059873626980551,0.0696006873122242,0.00596221995619982,0.00750859649502857,0.0562471414283508,0.00570437733948693,0.159760535105068,43.798
"100996",0.059873626980551,0.0605048230306703,0.00596221995619982,0.00750859649502857,0.0562471414283508,0.00570437733948693,0.159760535105068,43.798
"100997",0.059873626980551,0.0605048230306703,0.00596221995619982,0.00750859649502857,0.0562471414283508,0.00570437733948693,0.159760535105068,43.798
"100998",0.059873626980551,0.0605048230306703,0.00596221995619982,0.00750859649502857,0.0562471414283508,0.00570437733948693,0.159760535105068,43.798
"100999",0.059873626980551,0.0615551163667572,0.00596221995619982,0.00750859649502857,0.0562471414283508,0.00570437733948693,0.159760535105068,43.798
"101000",0.059873626980551,0.0605048230306703,0.00596221995619982,0.00750859649502857,0.0562471414283508,0.00570437733948693,0.159760535105068,43.798
"101001",0.0756268256397464,0.0792255040984223,0.00596221995619982,0.00750859649502857,0.0687531156930504,0.00570437733948693,0.177216979965852,43.816
"101002",0.0645178786217739,0.0744743162114998,0.00596221995619982,0.00750859649502857,0.0592519274110918,0.00570437733948693,0.17407507159225,43.84
"101003",0.059873626980551,0.06369413815401,0.00596221995619982,0.00750859649502857,0.0562471414283508,0.00570437733948693,0.177184245422877,44.058
"101004",0.059873626980551,0.0605048230306703,0.00596221995619982,0.00750859649502857,0.0562471414283508,0.00570437733948693,0.159760535105068,44.057
"101005",0.059873626980551,0.0605048230306703,0.00596221995619982,0.00750859649502857,0.0562471414283508,0.00570437733948693,0.159760535105068,44.057
"101006",0.059873626980551,0.0605048230306703,0.00596221995619982,0.00750859649502857,0.0562471414283508,0.00570437733948693,0.159760535105068,44.057
"101007",0.059873626980551,0.0605048230306703,0.00596221995619982,0.00750859649502857,0.0562471414283508,0.00570437733948693,0.159760535105068,44.057
"101008",0.059873626980551,0.0605048230306703,0.00596221995619982,0.00750859649502857,0.0562471414283508,0.00570437733948693,0.159760535105068,44.057
"101009",0.059873626980551,0.0605048230306703,0.00596221995619982,0.00750859649502857,0.0562471414283508,0.00570437733948693,0.159760535105068,44.057
"101010",0.059873626980551,0.0605048230306703,0.00596221995619982,0.00750859649502857,0.0562471414283508,0.00570437733948693,0.159760535105068,44.057
"101011",0.059873626980551,0.0659796435025187,0.00596221995619982,0.00750859649502857,0.0562471414283508,0.00570437733948693,0.159760535105068,44.057
"101012",0.059873626980551,0.0694003579147467,0.00596221995619982,0.00750859649502857,0.0562471414283508,0.00570437733948693,0.159760535105068,44.057
"101013",0.0956318770119178,0.127104974057512,0.00596221995619982,0.00750859649502857,0.0921674732314708,0.00570437733948693,0.159760535105068,44.057
"101014",0.069323232064513,0.0922941608314587,0.00596221995619982,0.00750859649502857,0.0653140255427089,0.00570437733948693,0.159760535105068,44.057
"101015",0.059873626980551,0.0605048230306703,0.00596221995619982,0.00750859649502857,0.0562471414283508,0.00570437733948693,0.159760535105068,44.057
"101016",0.059873626980551,0.0605048230306703,0.00596221995619982,0.00750859649502857,0.0562471414283508,0.00570437733948693,0.159760535105068,44.057
"101017",0.059873626980551,0.0705061398083899,0.00596221995619982,0.00750859649502857,0.0562471414283508,0.00570437733948693,0.159760535105068,44.057
"101018",0.059873626980551,0.0605048230306703,0.00596221995619982,0.00750859649502857,0.0562471414283508,0.00570437733948693,0.159760535105068,44.057
"101019",0.0665236622776922,0.0704746901430889,0.00596221995619982,0.00750859649502857,0.0601935820739177,0.00570437733948693,0.167794604252958,44.057
"101020",0.0689944627080012,0.077060969264393,0.00596221995619982,0.00750859649502857,0.0633992181927261,0.00570437733948693,0.167606485869421,44.057
"101021",0.059873626980551,0.0605048230306703,0.00596221995619982,0.00750859649502857,0.0562471414283508,0.00570437733948693,0.176879695293237,44.063
"101022",0.059873626980551,0.0605048230306703,0.00596221995619982,0.00750859649502857,0.0562471414283508,0.00570437733948693,0.169720529949482,44.074
"101023",0.059873626980551,0.0605048230306703,0.00596221995619982,0.00750859649502857,0.0562471414283508,0.00570437733948693,0.171022355220496,44.28
"101024",0.059873626980551,0.0605048230306703,0.00596221995619982,0.00750859649502857,0.0562471414283508,0.00570437733948693,0.16161911245612,44.314
"101025",0.059873626980551,0.0605048230306703,0.00596221995619982,0.00750859649502857,0.0562471414283508,0.00570437733948693,0.159760535105068,44.314
"101026",0.059873626980551,0.0605048230306703,0.00596221995619982,0.00750859649502857,0.0562471414283508,0.00570437733948693,0.159760535105068,44.314
"101027",0.059873626980551,0.0605048230306703,0.00596221995619982,0.00750859649502857,0.0562471414283508,0.00570437733948693,0.159760535105068,44.314
"101028",0.059873626980551,0.0605048230306703,0.00596221995619982,0.00750859649502857,0.0562471414283508,0.00570437733948693,0.159760535105068,44.314
"101029",0.059873626980551,0.0605048230306703,0.00596221995619982,0.00750859649502857,0.0562471414283508,0.00570437733948693,0.159760535105068,44.314
"101030",0.059873626980551,0.0605048230306703,0.00596221995619982,0.00750859649502857,0.0562471414283508,0.00570437733948693,0.159760535105068,44.314
"101031",0.059873626980551,0.0605048230306703,0.00596221995619982,0.00750859649502857,0.0562471414283508,0.00570437733948693,0.159760535105068,44.314
"101032",0.0852413657297572,0.111700796549668,0.00596221995619982,0.00750859649502857,0.0815881355876163,0.00570437733948693,0.159760535105068,44.314
"101033",0.151915417639869,0.194358503111806,0.00596221995619982,0.00750859649502857,0.149597774707452,0.00570437733948693,0.159760535105068,44.314
"101034",0.059873626980551,0.0745426320021673,0.00596221995619982,0.00750859649502857,0.0562471414283508,0.00570437733948693,0.159760535105068,44.314
"101035",0.059873626980551,0.0605048230306703,0.00596221995619982,0.00750859649502857,0.0562471414283508,0.00570437733948693,0.159760535105068,44.314
"101036",0.059873626980551,0.0605048230306703,0.00596221995619982,0.00750859649502857,0.0562471414283508,0.00570437733948693,0.159760535105068,44.314
"101037",0.059873626980551,0.0605048230306703,0.00596221995619982,0.00750859649502857,0.0562471414283508,0.00570437733948693,0.159760535105068,44.314
"101038",0.059873626980551,0.0605048230306703,0.00596221995619982,0.00750859649502857,0.0562471414283508,0.00570437733948693,0.159760535105068,44.314
"101039",0.059873626980551,0.0605048230306703,0.00596221995619982,0.00750859649502857,0.0562471414283508,0.00570437733948693,0.159760535105068,44.314
"101040",0.0664908799172404,0.0739729755808855,0.00596221995619982,0.00750859649502857,0.061010560635205,0.00570437733948693,0.165867982569323,44.314
"101041",0.059873626980551,0.0605048230306703,0.00596221995619982,0.00750859649502857,0.0562471414283508,0.00570437733948693,0.170688602917529,44.314
"101042",0.059873626980551,0.0605048230306703,0.00596221995619982,0.00750859649502857,0.0562471414283508,0.00570437733948693,0.172936173168461,44.321
"101043",0.059873626980551,0.0605048230306703,0.00596221995619982,0.00750859649502857,0.0562471414283508,0.00570437733948693,0.190612372154583,44.336
"101044",0.059873626980551,0.0605048230306703,0.00596221995619982,0.00750859649502857,0.0562471414283508,0.00570437733948693,0.20065278197934,44.338
"101045",0.059873626980551,0.0605048230306703,0.00596221995619982,0.00750859649502857,0.0562471414283508,0.00570437733948693,0.159760535105068,44.546
"101046",0.059873626980551,0.0605048230306703,0.00596221995619982,0.00750859649502857,0.0562471414283508,0.00570437733948693,0.159760535105068,44.571
"101047",0.059873626980551,0.0605048230306703,0.00596221995619982,0.00750859649502857,0.0562471414283508,0.00570437733948693,0.159760535105068,44.571
"101048",0.059873626980551,0.0605048230306703,0.00596221995619982,0.00750859649502857,0.0562471414283508,0.00570437733948693,0.159760535105068,44.571
"101049",0.059873626980551,0.0605048230306703,0.00596221995619982,0.00750859649502857,0.0562471414283508,0.00570437733948693,0.159760535105068,44.571
"101050",0.059873626980551,0.0605048230306703,0.00596221995619982,0.00750859649502857,0.0562471414283508,0.00570437733948693,0.160455237643479,44.571
"101051",0.059873626980551,0.0605048230306703,0.00596221995619982,0.00750859649502857,0.0562471414283508,0.00570437733948693,0.159760535105068,44.571
"101052",0.059873626980551,0.0605048230306703,0.00596221995619982,0.00750859649502857,0.0562471414283508,0.00570437733948693,0.159760535105068,44.571
"101053",0.059873626980551,0.0605048230306703,0.00596221995619982,0.00750859649502857,0.0562471414283508,0.00570437733948693,0.159760535105068,44.571
"101054",0.059873626980551,0.0605048230306703,0.00596221995619982,0.00750859649502857,0.0562471414283508,0.00570437733948693,0.159760535105068,44.571
"101055",0.059873626980551,0.0605048230306703,0.00596221995619982,0.00750859649502857,0.0562471414283508,0.00570437733948693,0.159760535105068,44.571
"101056",0.059873626980551,0.0605048230306703,0.00596221995619982,0.00750859649502857,0.0562471414283508,0.00570437733948693,0.159760535105068,44.571
"101057",0.059873626980551,0.0605048230306703,0.00596221995619982,0.00750859649502857,0.0562471414283508,0.00570437733948693,0.159760535105068,44.571
"101058",0.059873626980551,0.0605048230306703,0.00596221995619982,0.00750859649502857,0.0562471414283508,0.00570437733948693,0.159760535105068,44.571
"101059",0.059873626980551,0.0605048230306703,0.00596221995619982,0.00750859649502857,0.0562471414283508,0.00570437733948693,0.159760535105068,44.571
"101060",0.059873626980551,0.0605048230306703,0.00596221995619982,0.00750859649502857,0.0562471414283508,0.00570437733948693,0.159760535105068,44.571
"101061",0.059873626980551,0.0605048230306703,0.00596221995619982,0.00750859649502857,0.0562471414283508,0.00570437733948693,0.159760535105068,44.571
"101062",0.059873626980551,0.0605048230306703,0.00596221995619982,0.00750859649502857,0.0562471414283508,0.00570437733948693,0.161398056658136,44.571
"101063",0.059873626980551,0.0605048230306703,0.00596221995619982,0.00750859649502857,0.0562471414283508,0.00570437733948693,0.178686749577447,44.571
"101064",0.059873626980551,0.0605048230306703,0.00596221995619982,0.00750859649502857,0.0562471414283508,0.00570437733948693,0.178395896342344,44.575
"101065",0.059873626980551,0.0605048230306703,0.00596221995619982,0.00750859649502857,0.0562471414283508,0.00570437733948693,0.192254364256068,44.576
"101066",0.059873626980551,0.0605048230306703,0.00596221995619982,0.00750859649502857,0.0562471414283508,0.00570437733948693,0.192462765849776,44.579
"101067",0.059873626980551,0.0605048230306703,0.00596221995619982,0.00750859649502857,0.0562471414283508,0.00570437733948693,0.181027190144691,44.605
"101068",0.059873626980551,0.0605048230306703,0.00596221995619982,0.00750859649502857,0.0562471414283508,0.00570437733948693,0.159760535105068,44.787
"101069",0.059873626980551,0.0610118453835607,0.00596221995619982,0.00750859649502857,0.0562471414283508,0.00570437733948693,0.159760535105068,44.826
"101070",0.059873626980551,0.0605048230306703,0.00596221995619982,0.00750859649502857,0.0562471414283508,0.00570437733948693,0.159760535105068,44.826
"101071",0.059873626980551,0.0605048230306703,0.00596221995619982,0.00750859649502857,0.0562471414283508,0.00570437733948693,0.159760535105068,44.826
"101072",0.059873626980551,0.0605048230306703,0.00596221995619982,0.00750859649502857,0.0562471414283508,0.00570437733948693,0.166069893273436,44.826
"101073",0.059873626980551,0.0605048230306703,0.00596221995619982,0.00750859649502857,0.0562471414283508,0.00570437733948693,0.159760535105068,44.826
"101074",0.059873626980551,0.0643487004916234,0.00596221995619982,0.00750859649502857,0.0562471414283508,0.00570437733948693,0.159760535105068,44.826
"101075",0.059873626980551,0.0605048230306703,0.00596221995619982,0.00750859649502857,0.0562471414283508,0.00570437733948693,0.159760535105068,44.826
"101076",0.059873626980551,0.0605048230306703,0.00596221995619982,0.00750859649502857,0.0562471414283508,0.00570437733948693,0.159760535105068,44.826
"101077",0.059873626980551,0.0605048230306703,0.00596221995619982,0.00750859649502857,0.0562471414283508,0.00570437733948693,0.159760535105068,44.826
"101078",0.059873626980551,0.0605048230306703,0.00596221995619982,0.00750859649502857,0.0562471414283508,0.00570437733948693,0.159760535105068,44.826
"101079",0.059873626980551,0.0605048230306703,0.00596221995619982,0.00750859649502857,0.0562471414283508,0.00570437733948693,0.159760535105068,44.826
"101080",0.059873626980551,0.0605048230306703,0.00596221995619982,0.00750859649502857,0.0562471414283508,0.00570437733948693,0.159760535105068,44.826
"101081",0.059873626980551,0.0605048230306703,0.00596221995619982,0.00750859649502857,0.0562471414283508,0.00570437733948693,0.159760535105068,44.826
"101082",0.059873626980551,0.0605048230306703,0.00596221995619982,0.00750859649502857,0.0562471414283508,0.00570437733948693,0.159760535105068,44.826
"101083",0.059873626980551,0.0605048230306703,0.00596221995619982,0.00750859649502857,0.0562471414283508,0.00570437733948693,0.159760535105068,44.826
"101084",0.059873626980551,0.0605048230306703,0.00596221995619982,0.00750859649502857,0.0562471414283508,0.00570437733948693,0.159760535105068,44.826
"101085",0.059873626980551,0.0605048230306703,0.00596221995619982,0.00750859649502857,0.0562471414283508,0.00570437733948693,0.163732126062769,44.826
"101086",0.059873626980551,0.0605048230306703,0.00596221995619982,0.00750859649502857,0.0562471414283508,0.00570437733948693,0.159760535105068,44.826
"101087",0.059873626980551,0.0605048230306703,0.00596221995619982,0.00750859649502857,0.0562471414283508,0.00570437733948693,0.179850004942413,44.826
"101088",0.059873626980551,0.0605048230306703,0.00596221995619982,0.00750859649502857,0.0562471414283508,0.00570437733948693,0.180236589337125,44.826
"101089",0.059873626980551,0.0605048230306703,0.00596221995619982,0.00750859649502857,0.0562471414283508,0.00570437733948693,0.165859659495822,44.826
"101090",0.059873626980551,0.0605048230306703,0.00596221995619982,0.00750859649502857,0.0562471414283508,0.00570437733948693,0.159760535105068,44.827
"101091",0.059873626980551,0.0605048230306703,0.00596221995619982,0.00750859649502857,0.0562471414283508,0.00570437733948693,0.159760535105068,45.076
"101092",0.059873626980551,0.0605048230306703,0.00596221995619982,0.00750859649502857,0.0562471414283508,0.00570437733948693,0.159760535105068,45.081
"101093",0.059873626980551,0.0605048230306703,0.00596221995619982,0.00750859649502857,0.0562471414283508,0.00570437733948693,0.159760535105068,45.081
"101094",0.059873626980551,0.0605048230306703,0.00596221995619982,0.00750859649502857,0.0562471414283508,0.00570437733948693,0.159760535105068,45.081
"101095",0.059873626980551,0.0605048230306703,0.00596221995619982,0.00750859649502857,0.0562471414283508,0.00570437733948693,0.159760535105068,45.081
"101096",0.059873626980551,0.0605048230306703,0.00596221995619982,0.00750859649502857,0.0562471414283508,0.00570437733948693,0.159760535105068,45.081
"101097",0.059873626980551,0.0605048230306703,0.00596221995619982,0.00750859649502857,0.0562471414283508,0.00570437733948693,0.159760535105068,45.081
"101098",0.059873626980551,0.0605048230306703,0.00596221995619982,0.00750859649502857,0.0562471414283508,0.00570437733948693,0.159760535105068,45.081
"101099",0.059873626980551,0.0605048230306703,0.00596221995619982,0.00750859649502857,0.0562471414283508,0.00570437733948693,0.161577140693086,45.081
"101100",0.059873626980551,0.0605048230306703,0.00596221995619982,0.00750859649502857,0.0562471414283508,0.00570437733948693,0.166824674983675,45.081
"101101",0.059873626980551,0.0605048230306703,0.00596221995619982,0.00750859649502857,0.0562471414283508,0.00570437733948693,0.159760535105068,45.081
"101102",0.059873626980551,0.0605048230306703,0.00596221995619982,0.00750859649502857,0.0562471414283508,0.00570437733948693,0.159760535105068,45.065
"101103",0.059873626980551,0.0605048230306703,0.00596221995619982,0.00750859649502857,0.0562471414283508,0.00570437733948693,0.159760535105068,45.326
"101104",0.059873626980551,0.0605048230306703,0.00596221995619982,0.00750859649502857,0.0562471414283508,0.00570437733948693,0.159760535105068,45.334
"101105",0.059873626980551,0.0605048230306703,0.00596221995619982,0.00750859649502857,0.0562471414283508,0.00570437733948693,0.159760535105068,45.334
"101106",0.059873626980551,0.0605048230306703,0.00596221995619982,0.00750859649502857,0.0562471414283508,0.00570437733948693,0.159760535105068,45.334
"101107",0.059873626980551,0.0605048230306703,0.00596221995619982,0.00750859649502857,0.0562471414283508,0.00570437733948693,0.159760535105068,45.334
"101108",0.059873626980551,0.0605048230306703,0.00596221995619982,0.00750859649502857,0.0562471414283508,0.00570437733948693,0.159760535105068,45.334
"101109",0.059873626980551,0.0605048230306703,0.00596221995619982,0.00750859649502857,0.0562471414283508,0.00570437733948693,0.159760535105068,45.334
"101110",0.059873626980551,0.0605048230306703,0.00596221995619982,0.00750859649502857,0.0562471414283508,0.00570437733948693,0.159760535105068,45.334
"101111",0.059873626980551,0.0605048230306703,0.00596221995619982,0.00750859649502857,0.0562471414283508,0.00570437733948693,0.159760535105068,45.334
"101112",0.059873626980551,0.0605048230306703,0.00596221995619982,0.00750859649502857,0.0562471414283508,0.00570437733948693,0.159760535105068,45.563
"101113",0.059873626980551,0.0605048230306703,0.00596221995619982,0.00750859649502857,0.0562471414283508,0.00570437733948693,0.159760535105068,45.586
"101114",0.059873626980551,0.0605048230306703,0.00596221995619982,0.00750859649502857,0.0562471414283508,0.00570437733948693,0.159760535105068,45.586
"101115",0.059873626980551,0.0605048230306703,0.00596221995619982,0.00750859649502857,0.0562471414283508,0.00570437733948693,0.159760535105068,45.586
"101116",0.059873626980551,0.0605048230306703,0.00596221995619982,0.00750859649502857,0.0562471414283508,0.00570437733948693,0.159760535105068,45.586
"101117",0.059873626980551,0.0605048230306703,0.00596221995619982,0.00750859649502857,0.0562471414283508,0.00570437733948693,0.159760535105068,45.586
"101118",0.059873626980551,0.0605048230306703,0.00596221995619982,0.00750859649502857,0.0562471414283508,0.00570437733948693,0.159760535105068,45.586
"101119",0.059873626980551,0.0605048230306703,0.00596221995619982,0.00750859649502857,0.0562471414283508,0.00570437733948693,0.159760535105068,45.586
"101120",0.059873626980551,0.0605048230306703,0.00596221995619982,0.00750859649502857,0.0562471414283508,0.00570437733948693,0.159760535105068,45.559
"101121",0.059873626980551,0.0605048230306703,0.00596221995619982,0.00750859649502857,0.0562471414283508,0.00570437733948693,0.159760535105068,45.824
"101122",0.059873626980551,0.0605048230306703,0.00596221995619982,0.00750859649502857,0.0562471414283508,0.00570437733948693,0.159760535105068,45.837
"101123",0.059873626980551,0.0605048230306703,0.00596221995619982,0.00750859649502857,0.0562471414283508,0.00570437733948693,0.159760535105068,45.837
"101124",0.059873626980551,0.0605048230306703,0.00596221995619982,0.00750859649502857,0.0562471414283508,0.00570437733948693,0.159760535105068,45.837
"101125",0.059873626980551,0.0605048230306703,0.00596221995619982,0.00750859649502857,0.0562471414283508,0.00570437733948693,0.159760535105068,45.837
"101126",0.059873626980551,0.0605048230306703,0.00596221995619982,0.00750859649502857,0.0562471414283508,0.00570437733948693,0.159760535105068,45.837
"101127",0.059873626980551,0.0605048230306703,0.00596221995619982,0.00750859649502857,0.0562471414283508,0.00570437733948693,0.159760535105068,45.837
"101128",0.059873626980551,0.0605048230306703,0.00596221995619982,0.00750859649502857,0.0562471414283508,0.00570437733948693,0.159760535105068,46.082
"101129",0.059873626980551,0.0605048230306703,0.00596221995619982,0.00750859649502857,0.0562471414283508,0.00570437733948693,0.159760535105068,46.086
"101130",0.059873626980551,0.0605048230306703,0.00596221995619982,0.00750859649502857,0.0562471414283508,0.00570437733948693,0.159760535105068,46.086
"101131",0.059873626980551,0.0605048230306703,0.00596221995619982,0.00750859649502857,0.0562471414283508,0.00570437733948693,0.159760535105068,46.086
"101132",0.059873626980551,0.0605048230306703,0.00596221995619982,0.00750859649502857,0.0562471414283508,0.00570437733948693,0.159760535105068,46.086
"101133",0.059873626980551,0.0605048230306703,0.00596221995619982,0.00750859649502857,0.0562471414283508,0.00570437733948693,0.159760535105068,46.086
"101134",0.059873626980551,0.0605048230306703,0.00596221995619982,0.00750859649502857,0.0562471414283508,0.00570437733948693,0.159760535105068,46.086
"101135",0.059873626980551,0.0605048230306703,0.00596221995619982,0.00750859649502857,0.0562471414283508,0.00570437733948693,0.159760535105068,46.335
"101136",0.059873626980551,0.0605048230306703,0.00596221995619982,0.00750859649502857,0.0562471414283508,0.00570437733948693,0.159760535105068,46.335
"101137",0.059873626980551,0.0605048230306703,0.00596221995619982,0.00750859649502857,0.0562471414283508,0.00570437733948693,0.159760535105068,46.335
"101138",0.059873626980551,0.0605048230306703,0.00596221995619982,0.00750859649502857,0.0562471414283508,0.00570437733948693,0.159760535105068,46.335
"101139",0.059873626980551,0.0605048230306703,0.00596221995619982,0.00750859649502857,0.0562471414283508,0.00570437733948693,0.159760535105068,46.335
"101140",0.059873626980551,0.0605048230306703,0.00596221995619982,0.00750859649502857,0.0562471414283508,0.00570437733948693,0.159760535105068,46.335
"101141",0.059873626980551,0.0605048230306703,0.00596221995619982,0.00750859649502857,0.0562471414283508,0.00570437733948693,0.159760535105068,46.58
"101142",0.059873626980551,0.0605048230306703,0.00596221995619982,0.00750859649502857,0.0562471414283508,0.00570437733948693,0.168267215291863,46.583
"101143",0.059873626980551,0.0605048230306703,0.00596221995619982,0.00750859649502857,0.0562471414283508,0.00570437733948693,0.159760535105068,46.583
"101144",0.059873626980551,0.0605048230306703,0.00596221995619982,0.00750859649502857,0.0562471414283508,0.00570437733948693,0.159760535105068,46.583
"101145",0.059873626980551,0.0605048230306703,0.00596221995619982,0.00750859649502857,0.0562471414283508,0.00570437733948693,0.159760535105068,46.583
"101146",0.059873626980551,0.0605048230306703,0.00596221995619982,0.00750859649502857,0.0562471414283508,0.00570437733948693,0.159760535105068,46.583
"101147",0.059873626980551,0.0605048230306703,0.00596221995619982,0.00750859649502857,0.0562471414283508,0.00570437733948693,0.159760535105068,46.803
"101148",0.059873626980551,0.0605048230306703,0.00596221995619982,0.00750859649502857,0.0562471414283508,0.00570437733948693,0.159760535105068,46.829
"101149",0.059873626980551,0.0605048230306703,0.00596221995619982,0.00750859649502857,0.0562471414283508,0.00570437733948693,0.159760535105068,46.829
"101150",0.059873626980551,0.0605048230306703,0.00596221995619982,0.00750859649502857,0.0562471414283508,0.00570437733948693,0.159760535105068,46.829
"101151",0.059873626980551,0.0605048230306703,0.00596221995619982,0.00750859649502857,0.0562471414283508,0.00570437733948693,0.159760535105068,46.829
"101152",0.059873626980551,0.0605048230306703,0.00596221995619982,0.00750859649502857,0.0562471414283508,0.00570437733948693,0.159760535105068,46.829
"101153",0.059873626980551,0.0605048230306703,0.00596221995619982,0.00750859649502857,0.0562471414283508,0.00570437733948693,0.159760535105068,47.061
"101154",0.059873626980551,0.0605048230306703,0.00596221995619982,0.00750859649502857,0.0562471414283508,0.00570437733948693,0.161844065475717,47.074
"101155",0.059873626980551,0.0605048230306703,0.00596221995619982,0.00750859649502857,0.0562471414283508,0.00570437733948693,0.159760535105068,47.073
"101156",0.059873626980551,0.0605048230306703,0.00596221995619982,0.00750859649502857,0.0562471414283508,0.00570437733948693,0.159760535105068,47.074
"101157",0.059873626980551,0.0605048230306703,0.00596221995619982,0.00750859649502857,0.0562471414283508,0.00570437733948693,0.159760535105068,47.07
"101158",0.059873626980551,0.0605048230306703,0.00596221995619982,0.00750859649502857,0.0562471414283508,0.00570437733948693,0.159760535105068,47.309
