"","Andrena_carlini","Andrena_miserabilis","Osmia_atriventris","Osmia_bucephala","Osmia_lignaria","Osmia_pumila","Andrena_violae","latitude"
"100001",4.15036542541385e-05,8.85071835895905e-05,0.0010798978060049,0.000492589441387963,2.83703035306149e-05,0.000404993282154502,0.001362091142059,25.316
"100002",4.15036542541385e-05,8.85071835895905e-05,0.0010798978060049,0.000492589441387963,2.83703035306149e-05,0.000404993282154502,0.001362091142059,25.329
"100003",4.15036542541385e-05,8.85071835895905e-05,0.0010798978060049,0.000492589441387963,2.83703035306149e-05,0.000404993282154502,0.001362091142059,25.637
"100004",4.15036542541385e-05,8.85071835895905e-05,0.0010798978060049,0.000492589441387963,2.83703035306149e-05,0.000404993282154502,0.001362091142059,25.637
"100005",4.15036542541385e-05,8.85071835895905e-05,0.0010798978060049,0.000492589441387963,2.83703035306149e-05,0.000404993282154502,0.001362091142059,25.669
"100006",4.15036542541385e-05,8.85071835895905e-05,0.0010798978060049,0.000492589441387963,2.83703035306149e-05,0.000404993282154502,0.001362091142059,25.963
"100007",4.15036542541385e-05,8.85071835895905e-05,0.0010798978060049,0.000492589441387963,2.83703035306149e-05,0.000404993282154502,0.001362091142059,25.961
"100008",4.15036542541385e-05,8.85071835895905e-05,0.0010798978060049,0.000492589441387963,2.83703035306149e-05,0.000404993282154502,0.001362091142059,25.961
"100009",4.15036542541385e-05,8.85071835895905e-05,0.0010798978060049,0.000492589441387963,2.83703035306149e-05,0.000404993282154502,0.001362091142059,25.962
"100010",4.15036542541385e-05,8.85071835895905e-05,0.0010798978060049,0.000492589441387963,2.83703035306149e-05,0.000404993282154502,0.001362091142059,26.291
"100011",4.15036542541385e-05,8.85071835895905e-05,0.0010798978060049,0.000492589441387963,2.83703035306149e-05,0.000404993282154502,0.001362091142059,26.283
"100012",4.15036542541385e-05,8.85071835895905e-05,0.0010798978060049,0.000492589441387963,2.83703035306149e-05,0.000404993282154502,0.001362091142059,26.283
"100013",4.15036542541385e-05,8.85071835895905e-05,0.0010798978060049,0.000492589441387963,2.83703035306149e-05,0.000404993282154502,0.001362091142059,26.283
"100014",4.15036542541385e-05,8.85071835895905e-05,0.0010798978060049,0.000492589441387963,2.83703035306149e-05,0.000404993282154502,0.001362091142059,26.284
"100015",4.15036542541385e-05,8.85071835895905e-05,0.0010798978060049,0.000492589441387963,2.83703035306149e-05,0.000404993282154502,0.001362091142059,26.611
"100016",4.15036542541385e-05,8.85071835895905e-05,0.0010798978060049,0.000492589441387963,2.83703035306149e-05,0.000404993282154502,0.001362091142059,26.605
"100017",4.15036542541385e-05,8.85071835895905e-05,0.0010798978060049,0.000492589441387963,2.83703035306149e-05,0.000404993282154502,0.001362091142059,26.605
"100018",4.15036542541385e-05,8.85071835895905e-05,0.0010798978060049,0.000492589441387963,2.83703035306149e-05,0.000404993282154502,0.001362091142059,26.605
"100019",4.15036542541385e-05,8.85071835895905e-05,0.0010798978060049,0.000492589441387963,2.83703035306149e-05,0.000404993282154502,0.001362091142059,26.605
"100020",4.15036542541385e-05,8.85071835895905e-05,0.0010798978060049,0.000492589441387963,2.83703035306149e-05,0.000404993282154502,0.001362091142059,26.605
"100021",4.15036542541385e-05,8.85071835895905e-05,0.0010798978060049,0.000492589441387963,2.83703035306149e-05,0.000404993282154502,0.001362091142059,26.938
"100022",4.15036542541385e-05,8.85071835895905e-05,0.0010798978060049,0.000492589441387963,2.83703035306149e-05,0.000404993282154502,0.001362091142059,26.926
"100023",4.15036542541385e-05,8.85071835895905e-05,0.0010798978060049,0.000492589441387963,2.83703035306149e-05,0.000404993282154502,0.001362091142059,26.926
"100024",4.15036542541385e-05,8.85071835895905e-05,0.0010798978060049,0.000492589441387963,2.83703035306149e-05,0.000404993282154502,0.001362091142059,26.926
"100025",4.15036542541385e-05,8.85071835895905e-05,0.0010798978060049,0.000492589441387963,2.83703035306149e-05,0.000404993282154502,0.001362091142059,26.926
"100026",4.15036542541385e-05,8.85071835895905e-05,0.0010798978060049,0.000492589441387963,2.83703035306149e-05,0.000404993282154502,0.001362091142059,26.924
"100027",4.15036542541385e-05,8.85071835895905e-05,0.0010798978060049,0.000492589441387963,2.83703035306149e-05,0.000404993282154502,0.001362091142059,27.262
"100028",4.15036542541385e-05,8.85071835895905e-05,0.0010798978060049,0.000492589441387963,2.83703035306149e-05,0.000404993282154502,0.001362091142059,27.246
"100029",4.15036542541385e-05,8.85071835895905e-05,0.0010798978060049,0.000492589441387963,2.83703035306149e-05,0.000404993282154502,0.001362091142059,27.246
"100030",4.15036542541385e-05,8.85071835895905e-05,0.0010798978060049,0.000492589441387963,2.83703035306149e-05,0.000404993282154502,0.001362091142059,27.246
"100031",4.15036542541385e-05,8.85071835895905e-05,0.0010798978060049,0.000492589441387963,2.83703035306149e-05,0.000404993282154502,0.001362091142059,27.246
"100032",4.15036542541385e-05,8.85071835895905e-05,0.0010798978060049,0.000492589441387963,2.83703035306149e-05,0.000404993282154502,0.001362091142059,27.246
"100033",4.15036542541385e-05,8.85071835895905e-05,0.0010798978060049,0.000492589441387963,2.83703035306149e-05,0.000404993282154502,0.001362091142059,27.231
"100034",4.15036542541385e-05,8.85071835895905e-05,0.0010798978060049,0.000492589441387963,2.83703035306149e-05,0.000404993282154502,0.001362091142059,27.556
"100035",4.15036542541385e-05,8.85071835895905e-05,0.0010798978060049,0.000492589441387963,2.83703035306149e-05,0.000404993282154502,0.001362091142059,27.565
"100036",4.15036542541385e-05,8.85071835895905e-05,0.0010798978060049,0.000492589441387963,2.83703035306149e-05,0.000404993282154502,0.001362091142059,27.565
"100037",4.15036542541385e-05,8.85071835895905e-05,0.0010798978060049,0.000492589441387963,2.83703035306149e-05,0.000404993282154502,0.001362091142059,27.565
"100038",4.15036542541385e-05,8.85071835895905e-05,0.0010798978060049,0.000492589441387963,2.83703035306149e-05,0.000404993282154502,0.001362091142059,27.565
"100039",4.15036542541385e-05,8.85071835895905e-05,0.0010798978060049,0.000492589441387963,2.83703035306149e-05,0.000404993282154502,0.001362091142059,27.565
"100040",4.15036542541385e-05,8.85071835895905e-05,0.0010798978060049,0.000492589441387963,2.83703035306149e-05,0.000404993282154502,0.001362091142059,27.903
"100041",4.15036542541385e-05,8.85071835895905e-05,0.0010798978060049,0.000492589441387963,2.83703035306149e-05,0.000404993282154502,0.001362091142059,27.883
"100042",4.15036542541385e-05,8.85071835895905e-05,0.0010798978060049,0.000492589441387963,2.83703035306149e-05,0.000404993282154502,0.001362091142059,27.883
"100043",4.15036542541385e-05,8.85071835895905e-05,0.0010798978060049,0.000492589441387963,2.83703035306149e-05,0.000404993282154502,0.001362091142059,27.883
"100044",4.15036542541385e-05,8.85071835895905e-05,0.0010798978060049,0.000492589441387963,2.83703035306149e-05,0.000404993282154502,0.001362091142059,27.883
"100045",4.15036542541385e-05,8.85071835895905e-05,0.0010798978060049,0.000492589441387963,2.83703035306149e-05,0.000404993282154502,0.001362091142059,27.875
"100046",4.15036542541385e-05,8.85071835895905e-05,0.0010798978060049,0.000492589441387963,2.83703035306149e-05,0.000404993282154502,0.001362091142059,28.2
"100047",4.15036542541385e-05,8.85071835895905e-05,0.0010798978060049,0.000492589441387963,2.83703035306149e-05,0.000404993282154502,0.001362091142059,28.2
"100048",4.15036542541385e-05,8.85071835895905e-05,0.0010798978060049,0.000492589441387963,2.83703035306149e-05,0.000404993282154502,0.001362091142059,28.2
"100049",4.15036542541385e-05,8.85071835895905e-05,0.0010798978060049,0.000492589441387963,2.83703035306149e-05,0.000404993282154502,0.001362091142059,28.2
"100050",4.15036542541385e-05,8.85071835895905e-05,0.0010798978060049,0.000492589441387963,2.83703035306149e-05,0.000404993282154502,0.001362091142059,28.2
"100051",4.15036542541385e-05,8.85071835895905e-05,0.0010798978060049,0.000492589441387963,2.83703035306149e-05,0.000404993282154502,0.001362091142059,28.193
"100052",4.15036542541385e-05,8.85071835895905e-05,0.0010798978060049,0.000492589441387963,2.83703035306149e-05,0.000404993282154502,0.001362091142059,28.516
"100053",4.15036542541385e-05,8.85071835895905e-05,0.0010798978060049,0.000492589441387963,2.83703035306149e-05,0.000404993282154502,0.001362091142059,28.516
"100054",4.15036542541385e-05,8.85071835895905e-05,0.0010798978060049,0.000492589441387963,2.83703035306149e-05,0.000404993282154502,0.001362091142059,28.516
"100055",4.15036542541385e-05,8.85071835895905e-05,0.0010798978060049,0.000492589441387963,2.83703035306149e-05,0.000404993282154502,0.001362091142059,28.516
"100056",4.15036542541385e-05,8.85071835895905e-05,0.0010798978060049,0.000492589441387963,2.83703035306149e-05,0.000404993282154502,0.001362091142059,28.516
"100057",4.15036542541385e-05,8.85071835895905e-05,0.0010798978060049,0.000492589441387963,2.83703035306149e-05,0.000404993282154502,0.001362091142059,28.511
"100058",4.15036542541385e-05,8.85071835895905e-05,0.0010798978060049,0.000492589441387963,2.83703035306149e-05,0.000404993282154502,0.001362091142059,28.831
"100059",4.15036542541385e-05,8.85071835895905e-05,0.0010798978060049,0.000492589441387963,2.83703035306149e-05,0.000404993282154502,0.001362091142059,28.831
"100060",4.15036542541385e-05,8.85071835895905e-05,0.0010798978060049,0.000492589441387963,2.83703035306149e-05,0.000404993282154502,0.001362091142059,28.831
"100061",4.15036542541385e-05,8.85071835895905e-05,0.0010798978060049,0.000492589441387963,2.83703035306149e-05,0.000404993282154502,0.001362091142059,28.831
"100062",4.15036542541385e-05,8.85071835895905e-05,0.0010798978060049,0.000492589441387963,2.83703035306149e-05,0.000404993282154502,0.001362091142059,28.829
"100063",4.15036542541385e-05,8.85071835895905e-05,0.0010798978060049,0.000492589441387963,2.83703035306149e-05,0.000404993282154502,0.001362091142059,29.174
"100064",4.15036542541385e-05,8.85071835895905e-05,0.0010798978060049,0.000492589441387963,2.83703035306149e-05,0.000404993282154502,0.001362091142059,29.146
"100065",4.15036542541385e-05,8.85071835895905e-05,0.0010798978060049,0.000492589441387963,2.83703035306149e-05,0.000404993282154502,0.001362091142059,29.146
"100066",4.15036542541385e-05,8.85071835895905e-05,0.0010798978060049,0.000492589441387963,2.83703035306149e-05,0.000404993282154502,0.001362091142059,29.146
"100067",4.15036542541385e-05,8.85071835895905e-05,0.0010798978060049,0.000492589441387963,2.83703035306149e-05,0.000404993282154502,0.001362091142059,29.146
"100068",4.15036542541385e-05,8.85071835895905e-05,0.0010798978060049,0.000492589441387963,2.83703035306149e-05,0.000404993282154502,0.001362091142059,29.123
"100069",4.15036542541385e-05,8.85071835895905e-05,0.0010798978060049,0.000492589441387963,2.83703035306149e-05,0.000404993282154502,0.001362091142059,29.476
"100070",4.15036542541385e-05,8.85071835895905e-05,0.0010798978060049,0.000492589441387963,2.83703035306149e-05,0.000404993282154502,0.001362091142059,29.459
"100071",4.15036542541385e-05,8.85071835895905e-05,0.0010798978060049,0.000492589441387963,2.83703035306149e-05,0.000404993282154502,0.001362091142059,29.459
"100072",4.15036542541385e-05,8.85071835895905e-05,0.0010798978060049,0.000492589441387963,2.83703035306149e-05,0.000404993282154502,0.001362091142059,29.459
"100073",4.15036542541385e-05,8.85071835895905e-05,0.0010798978060049,0.000492589441387963,2.83703035306149e-05,0.000404993282154502,0.001362091142059,29.459
"100074",4.15036542541385e-05,8.85071835895905e-05,0.0010798978060049,0.000492589441387963,2.83703035306149e-05,0.000404993282154502,0.001362091142059,29.458
"100075",4.15036542541385e-05,8.85071835895905e-05,0.0010798978060049,0.000492589441387963,2.83703035306149e-05,0.000404993282154502,0.001362091142059,29.824
"100076",4.15036542541385e-05,8.85071835895905e-05,0.0010798978060049,0.000492589441387963,2.83703035306149e-05,0.000404993282154502,0.001362091142059,29.805
"100077",4.15036542541385e-05,8.85071835895905e-05,0.0010798978060049,0.000492589441387963,2.83703035306149e-05,0.000404993282154502,0.001362091142059,29.771
"100078",4.15036542541385e-05,8.85071835895905e-05,0.0010798978060049,0.000492589441387963,2.83703035306149e-05,0.000404993282154502,0.001362091142059,29.771
"100079",4.15036542541385e-05,8.85071835895905e-05,0.0010798978060049,0.000492589441387963,2.83703035306149e-05,0.000404993282154502,0.001362091142059,29.771
"100080",4.15036542541385e-05,8.85071835895905e-05,0.0010798978060049,0.000492589441387963,2.83703035306149e-05,0.000404993282154502,0.001362091142059,29.771
"100081",4.15036542541385e-05,8.85071835895905e-05,0.0010798978060049,0.000492589441387963,2.83703035306149e-05,0.000404993282154502,0.001362091142059,29.771
"100082",4.15036542541385e-05,8.85071835895905e-05,0.0010798978060049,0.000492589441387963,2.83703035306149e-05,0.000404993282154502,0.001362091142059,29.763
"100083",4.15036542541385e-05,8.85071835895905e-05,0.0010798978060049,0.000492589441387963,2.83703035306149e-05,0.000404993282154502,0.001362091142059,30.145
"100084",4.15036542541385e-05,8.85071835895905e-05,0.0010798978060049,0.000492589441387963,2.83703035306149e-05,0.000404993282154502,0.001362091142059,30.085
"100085",4.15036542541385e-05,8.85071835895905e-05,0.0010798978060049,0.000492589441387963,2.83703035306149e-05,0.000404993282154502,0.001362091142059,30.083
"100086",4.15036542541385e-05,8.85071835895905e-05,0.0010798978060049,0.000492589441387963,2.83703035306149e-05,0.000404993282154502,0.001362091142059,30.084
"100087",4.15036542541385e-05,8.85071835895905e-05,0.0010798978060049,0.000492589441387963,2.83703035306149e-05,0.000404993282154502,0.001362091142059,30.142
"100088",4.15036542541385e-05,8.85071835895905e-05,0.0010798978060049,0.000492589441387963,2.83703035306149e-05,0.000404993282154502,0.001362091142059,30.118
"100089",4.15036542541385e-05,8.85071835895905e-05,0.0010798978060049,0.000492589441387963,2.83703035306149e-05,0.000404993282154502,0.001362091142059,30.083
"100090",4.15036542541385e-05,8.85071835895905e-05,0.0010798978060049,0.000492589441387963,2.83703035306149e-05,0.000404993282154502,0.001362091142059,30.083
"100091",4.15036542541385e-05,8.85071835895905e-05,0.0010798978060049,0.000492589441387963,2.83703035306149e-05,0.000404993282154502,0.001362091142059,30.083
"100092",4.15036542541385e-05,8.85071835895905e-05,0.0010798978060049,0.000492589441387963,2.83703035306149e-05,0.000404993282154502,0.001362091142059,30.083
"100093",4.15036542541385e-05,8.85071835895905e-05,0.0010798978060049,0.000492589441387963,2.83703035306149e-05,0.000404993282154502,0.001362091142059,30.083
"100094",4.15036542541385e-05,8.85071835895905e-05,0.0010798978060049,0.000492589441387963,2.83703035306149e-05,0.000404993282154502,0.001362091142059,30.083
"100095",4.15036542541385e-05,8.85071835895905e-05,0.0010798978060049,0.000492589441387963,2.83703035306149e-05,0.000404993282154502,0.001362091142059,30.072
"100096",4.15036542541385e-05,8.85071835895905e-05,0.0010798978060049,0.000492589441387963,2.83703035306149e-05,0.000404993282154502,0.001362091142059,30.444
"100097",4.15036542541385e-05,8.85071835895905e-05,0.0010798978060049,0.000492589441387963,2.83703035306149e-05,0.000404993282154502,0.001362091142059,30.469
"100098",4.15036542541385e-05,8.85071835895905e-05,0.0010798978060049,0.000492589441387963,2.83703035306149e-05,0.000404993282154502,0.001362091142059,30.459
"100099",4.15036542541385e-05,8.85071835895905e-05,0.0010798978060049,0.000492589441387963,2.83703035306149e-05,0.000404993282154502,0.001362091142059,30.411
"100100",4.15036542541385e-05,8.85071835895905e-05,0.0010798978060049,0.000492589441387963,2.83703035306149e-05,0.000404993282154502,0.001362091142059,30.393
"100101",4.15036542541385e-05,8.85071835895905e-05,0.0010798978060049,0.000492589441387963,2.83703035306149e-05,0.000412520373167534,0.001362091142059,30.393
"100102",4.15036542541385e-05,8.85071835895905e-05,0.0010798978060049,0.000492589441387963,2.83703035306149e-05,0.000404993282154502,0.001362091142059,30.393
"100103",4.15036542541385e-05,8.85071835895905e-05,0.0010798978060049,0.000492589441387963,2.83703035306149e-05,0.000404993282154502,0.001362091142059,30.393
"100104",4.15036542541385e-05,8.85071835895905e-05,0.0010798978060049,0.000492589441387963,2.83703035306149e-05,0.000404993282154502,0.001362091142059,30.393
"100105",4.15036542541385e-05,8.85071835895905e-05,0.0010798978060049,0.000492589441387963,2.83703035306149e-05,0.000404993282154502,0.001362091142059,30.393
"100106",4.15036542541385e-05,8.85071835895905e-05,0.0010798978060049,0.000492589441387963,2.83703035306149e-05,0.000404993282154502,0.001362091142059,30.393
"100107",4.15036542541385e-05,8.85071835895905e-05,0.0010798978060049,0.000492589441387963,2.83703035306149e-05,0.000404993282154502,0.001362091142059,30.393
"100108",4.15036542541385e-05,8.85071835895905e-05,0.0010798978060049,0.000492589441387963,2.83703035306149e-05,0.000404993282154502,0.001362091142059,30.393
"100109",4.15036542541385e-05,8.85071835895905e-05,0.0010798978060049,0.000492589441387963,2.83703035306149e-05,0.000404993282154502,0.001362091142059,30.393
"100110",4.15036542541385e-05,8.85071835895905e-05,0.0010798978060049,0.000492589441387963,2.83703035306149e-05,0.000404993282154502,0.001362091142059,30.393
"100111",4.15036542541385e-05,8.85071835895905e-05,0.0010798978060049,0.000492589441387963,2.83703035306149e-05,0.000404993282154502,0.001362091142059,30.393
"100112",4.15036542541385e-05,8.85071835895905e-05,0.0010798978060049,0.000492589441387963,2.83703035306149e-05,0.000404993282154502,0.001362091142059,30.735
"100113",4.15036542541385e-05,8.85071835895905e-05,0.0010798978060049,0.000492589441387963,2.83703035306149e-05,0.000404993282154502,0.001362091142059,30.703
"100114",4.15036542541385e-05,8.85071835895905e-05,0.0010798978060049,0.000492589441387963,2.83703035306149e-05,0.000404993282154502,0.001362091142059,30.703
"100115",4.15036542541385e-05,8.85071835895905e-05,0.0010798978060049,0.000492589441387963,2.83703035306149e-05,0.000404993282154502,0.001362091142059,30.703
"100116",4.15036542541385e-05,8.85071835895905e-05,0.0010798978060049,0.000492589441387963,2.83703035306149e-05,0.000404993282154502,0.001362091142059,30.703
"100117",4.15036542541385e-05,8.85071835895905e-05,0.0010798978060049,0.000492589441387963,2.83703035306149e-05,0.000404993282154502,0.001362091142059,30.703
"100118",4.15036542541385e-05,8.85071835895905e-05,0.0010798978060049,0.000492589441387963,2.83703035306149e-05,0.000404993282154502,0.001362091142059,30.703
"100119",4.15036542541385e-05,8.85071835895905e-05,0.0010798978060049,0.000492589441387963,2.83703035306149e-05,0.000404993282154502,0.001362091142059,30.703
"100120",4.15036542541385e-05,8.85071835895905e-05,0.0010798978060049,0.000492589441387963,2.83703035306149e-05,0.000404993282154502,0.001362091142059,30.703
"100121",4.15036542541385e-05,8.85071835895905e-05,0.0010798978060049,0.000492589441387963,2.83703035306149e-05,0.000404993282154502,0.001362091142059,30.703
"100122",4.15036542541385e-05,8.85071835895905e-05,0.0010798978060049,0.000492589441387963,2.83703035306149e-05,0.000404993282154502,0.001362091142059,30.703
"100123",4.15036542541385e-05,8.85071835895905e-05,0.0010798978060049,0.000492589441387963,2.83703035306149e-05,0.000404993282154502,0.001362091142059,30.703
"100124",4.15036542541385e-05,8.85071835895905e-05,0.0010798978060049,0.000492589441387963,2.83703035306149e-05,0.000404993282154502,0.001362091142059,30.703
"100125",4.15036542541385e-05,8.85071835895905e-05,0.0010798978060049,0.000492589441387963,2.83703035306149e-05,0.000404993282154502,0.001362091142059,30.703
"100126",4.15036542541385e-05,8.85071835895905e-05,0.0010798978060049,0.000492589441387963,2.83703035306149e-05,0.000404993282154502,0.001362091142059,30.703
"100127",4.15036542541385e-05,8.85071835895905e-05,0.0010798978060049,0.000492589441387963,2.83703035306149e-05,0.000404993282154502,0.001362091142059,30.703
"100128",4.15036542541385e-05,8.85071835895905e-05,0.0010798978060049,0.000492589441387963,2.83703035306149e-05,0.000404993282154502,0.001362091142059,30.703
"100129",4.15036542541385e-05,8.85071835895905e-05,0.0010798978060049,0.000492589441387963,2.83703035306149e-05,0.000404993282154502,0.001362091142059,31.003
"100130",4.15036542541385e-05,8.85071835895905e-05,0.0010798978060049,0.000492589441387963,2.83703035306149e-05,0.000404993282154502,0.001362091142059,31.011
"100131",4.15036542541385e-05,8.85071835895905e-05,0.0010798978060049,0.000492589441387963,2.83703035306149e-05,0.000404993282154502,0.001362091142059,31.011
"100132",4.15036542541385e-05,8.85071835895905e-05,0.0010798978060049,0.000492589441387963,2.83703035306149e-05,0.000404993282154502,0.001362091142059,31.011
"100133",4.15036542541385e-05,8.85071835895905e-05,0.0010798978060049,0.000492589441387963,2.83703035306149e-05,0.000404993282154502,0.001362091142059,31.011
"100134",4.15036542541385e-05,8.85071835895905e-05,0.0010798978060049,0.000492589441387963,2.83703035306149e-05,0.000404993282154502,0.001362091142059,31.011
"100135",4.15036542541385e-05,8.85071835895905e-05,0.0010798978060049,0.000492589441387963,2.83703035306149e-05,0.000404993282154502,0.001362091142059,31.011
"100136",4.15036542541385e-05,8.85071835895905e-05,0.0010798978060049,0.000492589441387963,2.83703035306149e-05,0.000404993282154502,0.001362091142059,31.011
"100137",4.15036542541385e-05,8.85071835895905e-05,0.0010798978060049,0.000492589441387963,2.83703035306149e-05,0.000404993282154502,0.001362091142059,31.011
"100138",4.15036542541385e-05,8.85071835895905e-05,0.0010798978060049,0.000492589441387963,2.83703035306149e-05,0.000404993282154502,0.001362091142059,31.011
"100139",4.15036542541385e-05,8.85071835895905e-05,0.0010798978060049,0.000492589441387963,2.83703035306149e-05,0.000404993282154502,0.001362091142059,31.315
"100140",4.15036542541385e-05,8.85071835895905e-05,0.0010798978060049,0.000492589441387963,2.83703035306149e-05,0.000404993282154502,0.001362091142059,31.319
"100141",4.15036542541385e-05,8.85071835895905e-05,0.0010798978060049,0.000492589441387963,2.83703035306149e-05,0.000404993282154502,0.001362091142059,31.319
"100142",4.15036542541385e-05,8.85071835895905e-05,0.0010798978060049,0.000492589441387963,2.83703035306149e-05,0.000404993282154502,0.001362091142059,31.319
"100143",4.15036542541385e-05,8.85071835895905e-05,0.0010798978060049,0.000492589441387963,2.83703035306149e-05,0.000404993282154502,0.001362091142059,31.319
"100144",4.15036542541385e-05,8.85071835895905e-05,0.0010798978060049,0.000492589441387963,2.83703035306149e-05,0.000404993282154502,0.001362091142059,31.319
"100145",4.15036542541385e-05,8.85071835895905e-05,0.0010798978060049,0.000492589441387963,2.83703035306149e-05,0.000404993282154502,0.001362091142059,31.319
"100146",4.15036542541385e-05,8.85071835895905e-05,0.0010798978060049,0.000492589441387963,2.83703035306149e-05,0.000404993282154502,0.001362091142059,31.319
"100147",4.15036542541385e-05,8.85071835895905e-05,0.0010798978060049,0.000492589441387963,2.83703035306149e-05,0.000404993282154502,0.001362091142059,31.319
"100148",4.15036542541385e-05,8.85071835895905e-05,0.0010798978060049,0.000492589441387963,2.83703035306149e-05,0.000404993282154502,0.001362091142059,31.319
"100149",4.15036542541385e-05,8.85071835895905e-05,0.0010798978060049,0.000492589441387963,2.83703035306149e-05,0.000404993282154502,0.001362091142059,31.329
"100150",4.15036542541385e-05,8.85071835895905e-05,0.0010798978060049,0.000492589441387963,2.83703035306149e-05,0.000404993282154502,0.001362091142059,31.632
"100151",4.15036542541385e-05,8.85071835895905e-05,0.0010798978060049,0.000492589441387963,2.83703035306149e-05,0.000404993282154502,0.001362091142059,31.625
"100152",4.15036542541385e-05,8.85071835895905e-05,0.0010798978060049,0.000492589441387963,2.83703035306149e-05,0.000404993282154502,0.001362091142059,31.625
"100153",4.15036542541385e-05,8.85071835895905e-05,0.0010798978060049,0.000492589441387963,2.83703035306149e-05,0.000404993282154502,0.001362091142059,31.625
"100154",4.15036542541385e-05,8.85071835895905e-05,0.0010798978060049,0.000492589441387963,2.83703035306149e-05,0.000404993282154502,0.001362091142059,31.625
"100155",4.15036542541385e-05,8.85071835895905e-05,0.0010798978060049,0.000492589441387963,2.83703035306149e-05,0.000404993282154502,0.001362091142059,31.625
"100156",4.15036542541385e-05,8.85071835895905e-05,0.0010798978060049,0.000492589441387963,2.83703035306149e-05,0.000404993282154502,0.001362091142059,31.625
"100157",4.15036542541385e-05,8.85071835895905e-05,0.0010798978060049,0.000492589441387963,2.83703035306149e-05,0.000404993282154502,0.001362091142059,31.625
"100158",4.15036542541385e-05,8.85071835895905e-05,0.0010798978060049,0.000492589441387963,2.83703035306149e-05,0.000404993282154502,0.001362091142059,31.625
"100159",4.15036542541385e-05,8.85071835895905e-05,0.0010798978060049,0.000492589441387963,2.83703035306149e-05,0.000404993282154502,0.001362091142059,31.625
"100160",4.15036542541385e-05,8.85071835895905e-05,0.0010798978060049,0.000492589441387963,2.83703035306149e-05,0.000404993282154502,0.001362091142059,31.628
"100161",4.15036542541385e-05,8.85071835895905e-05,0.0010798978060049,0.000492589441387963,2.83703035306149e-05,0.000404993282154502,0.001362091142059,31.924
"100162",4.15036542541385e-05,8.85071835895905e-05,0.0010798978060049,0.000492589441387963,2.83703035306149e-05,0.000404993282154502,0.001362091142059,31.931
"100163",4.15036542541385e-05,8.85071835895905e-05,0.0010798978060049,0.000492589441387963,2.83703035306149e-05,0.000404993282154502,0.001362091142059,31.931
"100164",4.15036542541385e-05,8.85071835895905e-05,0.0010798978060049,0.000492589441387963,2.83703035306149e-05,0.000404993282154502,0.001362091142059,31.931
"100165",4.15036542541385e-05,8.85071835895905e-05,0.0010798978060049,0.000492589441387963,2.83703035306149e-05,0.000404993282154502,0.001362091142059,31.931
"100166",4.15036542541385e-05,8.85071835895905e-05,0.0010798978060049,0.000492589441387963,2.83703035306149e-05,0.000404993282154502,0.001362091142059,31.931
"100167",4.15036542541385e-05,8.85071835895905e-05,0.0010798978060049,0.000492589441387963,2.83703035306149e-05,0.000404993282154502,0.001362091142059,31.931
"100168",4.15036542541385e-05,8.85071835895905e-05,0.0010798978060049,0.000492589441387963,2.83703035306149e-05,0.000404993282154502,0.001362091142059,31.931
"100169",4.15036542541385e-05,8.85071835895905e-05,0.0010798978060049,0.000492589441387963,2.83703035306149e-05,0.000404993282154502,0.001362091142059,31.931
"100170",4.15036542541385e-05,8.85071835895905e-05,0.0010798978060049,0.000492589441387963,2.83703035306149e-05,0.000404993282154502,0.001362091142059,31.931
"100171",4.15036542541385e-05,8.85071835895905e-05,0.0010798978060049,0.000492589441387963,2.83703035306149e-05,0.000404993282154502,0.001362091142059,31.931
"100172",4.15036542541385e-05,8.85071835895905e-05,0.0010798978060049,0.000492589441387963,2.83703035306149e-05,0.000404993282154502,0.001362091142059,31.959
"100173",4.15036542541385e-05,8.85071835895905e-05,0.0010798978060049,0.000492589441387963,2.83703035306149e-05,0.000404993282154502,0.001362091142059,32.224
"100174",4.15036542541385e-05,8.85071835895905e-05,0.0010798978060049,0.000492589441387963,2.83703035306149e-05,0.000404993282154502,0.001362091142059,32.235
"100175",4.15036542541385e-05,8.85071835895905e-05,0.0010798978060049,0.000492589441387963,2.83703035306149e-05,0.000404993282154502,0.001362091142059,32.235
"100176",4.15036542541385e-05,8.85071835895905e-05,0.0010798978060049,0.000492589441387963,2.83703035306149e-05,0.000404993282154502,0.001362091142059,32.235
"100177",4.15036542541385e-05,8.85071835895905e-05,0.0010798978060049,0.000492589441387963,2.83703035306149e-05,0.000404993282154502,0.001362091142059,32.235
"100178",4.15036542541385e-05,8.85071835895905e-05,0.0010798978060049,0.000492589441387963,2.83703035306149e-05,0.000404993282154502,0.001362091142059,32.235
"100179",4.15036542541385e-05,8.85071835895905e-05,0.0010798978060049,0.000492589441387963,2.83703035306149e-05,0.000404993282154502,0.001362091142059,32.235
"100180",4.15036542541385e-05,8.85071835895905e-05,0.0010798978060049,0.000492589441387963,2.83703035306149e-05,0.000404993282154502,0.001362091142059,32.235
"100181",4.15036542541385e-05,8.85071835895905e-05,0.0010798978060049,0.000492589441387963,2.83703035306149e-05,0.000404993282154502,0.001362091142059,32.235
"100182",4.15036542541385e-05,8.85071835895905e-05,0.0010798978060049,0.000492589441387963,2.83703035306149e-05,0.000404993282154502,0.001362091142059,32.235
"100183",4.15036542541385e-05,8.85071835895905e-05,0.0010798978060049,0.000492589441387963,2.83703035306149e-05,0.000404993282154502,0.001362091142059,32.235
"100184",4.15036542541385e-05,8.85071835895905e-05,0.0010798978060049,0.000492589441387963,2.83703035306149e-05,0.000404993282154502,0.001362091142059,32.237
"100185",4.15036542541385e-05,8.85071835895905e-05,0.0010798978060049,0.000492589441387963,2.83703035306149e-05,0.000404993282154502,0.001362091142059,32.553
"100186",4.15036542541385e-05,8.85071835895905e-05,0.0010798978060049,0.000492589441387963,2.83703035306149e-05,0.000404993282154502,0.001362091142059,32.539
"100187",4.15036542541385e-05,8.85071835895905e-05,0.0010798978060049,0.000492589441387963,2.83703035306149e-05,0.000404993282154502,0.001362091142059,32.539
"100188",4.15036542541385e-05,8.85071835895905e-05,0.0010798978060049,0.000492589441387963,2.83703035306149e-05,0.000404993282154502,0.001362091142059,32.539
"100189",4.15036542541385e-05,8.85071835895905e-05,0.0010798978060049,0.000492589441387963,2.83703035306149e-05,0.000404993282154502,0.001362091142059,32.539
"100190",4.15036542541385e-05,8.85071835895905e-05,0.0010798978060049,0.000492589441387963,2.83703035306149e-05,0.000404993282154502,0.001362091142059,32.539
"100191",4.15036542541385e-05,8.85071835895905e-05,0.0010798978060049,0.000492589441387963,2.83703035306149e-05,0.000404993282154502,0.001362091142059,32.539
"100192",4.15036542541385e-05,8.85071835895905e-05,0.0010798978060049,0.000492589441387963,2.83703035306149e-05,0.000404993282154502,0.001362091142059,32.539
"100193",4.15036542541385e-05,8.85071835895905e-05,0.0010798978060049,0.000492589441387963,2.83703035306149e-05,0.000404993282154502,0.001362091142059,32.539
"100194",4.15036542541385e-05,8.85071835895905e-05,0.0010798978060049,0.000492589441387963,2.83703035306149e-05,0.000404993282154502,0.001362091142059,32.539
"100195",4.15036542541385e-05,8.85071835895905e-05,0.0010798978060049,0.000492589441387963,2.83703035306149e-05,0.000404993282154502,0.001362091142059,32.539
"100196",4.15036542541385e-05,8.85071835895905e-05,0.0010798978060049,0.000492589441387963,2.83703035306149e-05,0.000404993282154502,0.001362091142059,32.539
"100197",4.15036542541385e-05,8.85071835895905e-05,0.0010798978060049,0.000492589441387963,2.83703035306149e-05,0.000404993282154502,0.001362091142059,32.54
"100198",4.15036542541385e-05,8.85071835895905e-05,0.0010798978060049,0.000492589441387963,2.83703035306149e-05,0.000404993282154502,0.001362091142059,32.602
"100199",4.15036542541385e-05,8.85071835895905e-05,0.0010798978060049,0.000492589441387963,2.83703035306149e-05,0.000404993282154502,0.001362091142059,32.841
"100200",4.15036542541385e-05,8.85071835895905e-05,0.0010798978060049,0.000492589441387963,2.83703035306149e-05,0.000404993282154502,0.001362091142059,32.841
"100201",4.15036542541385e-05,8.85071835895905e-05,0.0010798978060049,0.000492589441387963,2.83703035306149e-05,0.000404993282154502,0.001362091142059,32.841
"100202",4.15036542541385e-05,8.85071835895905e-05,0.0010798978060049,0.000492589441387963,2.83703035306149e-05,0.000404993282154502,0.001362091142059,32.841
"100203",4.15036542541385e-05,8.85071835895905e-05,0.0010798978060049,0.000492589441387963,2.83703035306149e-05,0.000404993282154502,0.001362091142059,32.841
"100204",4.15036542541385e-05,8.85071835895905e-05,0.0010798978060049,0.000492589441387963,2.83703035306149e-05,0.000404993282154502,0.001362091142059,32.841
"100205",4.15036542541385e-05,8.85071835895905e-05,0.0010798978060049,0.000492589441387963,2.83703035306149e-05,0.000404993282154502,0.001362091142059,32.841
"100206",4.15036542541385e-05,8.85071835895905e-05,0.0010798978060049,0.000492589441387963,2.83703035306149e-05,0.000404993282154502,0.001362091142059,32.841
"100207",4.15036542541385e-05,8.85071835895905e-05,0.0010798978060049,0.000492589441387963,2.83703035306149e-05,0.000404993282154502,0.001362091142059,32.841
"100208",4.15036542541385e-05,8.85071835895905e-05,0.0010798978060049,0.000492589441387963,2.83703035306149e-05,0.000404993282154502,0.001362091142059,32.841
"100209",4.15036542541385e-05,8.85071835895905e-05,0.0010798978060049,0.000492589441387963,2.83703035306149e-05,0.000404993282154502,0.001362091142059,32.841
"100210",4.15036542541385e-05,8.85071835895905e-05,0.0010798978060049,0.000492589441387963,2.83703035306149e-05,0.000404993282154502,0.001362091142059,32.841
"100211",4.15036542541385e-05,8.85071835895905e-05,0.0010798978060049,0.000492589441387963,2.83703035306149e-05,0.000404993282154502,0.001362091142059,32.841
"100212",4.15036542541385e-05,8.85071835895905e-05,0.0010798978060049,0.000492589441387963,2.83703035306149e-05,0.000404993282154502,0.001362091142059,32.841
"100213",4.15036542541385e-05,8.85071835895905e-05,0.0010798978060049,0.000492589441387963,2.83703035306149e-05,0.000404993282154502,0.001362091142059,32.857
"100214",4.15036542541385e-05,8.85071835895905e-05,0.0010798978060049,0.000492589441387963,2.83703035306149e-05,0.000404993282154502,0.001362091142059,33.142
"100215",4.15036542541385e-05,8.85071835895905e-05,0.0010798978060049,0.000492589441387963,2.83703035306149e-05,0.000404993282154502,0.001362091142059,33.142
"100216",4.15036542541385e-05,8.85071835895905e-05,0.0010798978060049,0.000492589441387963,2.83703035306149e-05,0.000404993282154502,0.001362091142059,33.142
"100217",4.15036542541385e-05,8.85071835895905e-05,0.0010798978060049,0.000492589441387963,2.83703035306149e-05,0.000404993282154502,0.001362091142059,33.142
"100218",4.15036542541385e-05,8.85071835895905e-05,0.0010798978060049,0.000492589441387963,2.83703035306149e-05,0.000404993282154502,0.001362091142059,33.142
"100219",4.15036542541385e-05,8.85071835895905e-05,0.0010798978060049,0.000492589441387963,2.83703035306149e-05,0.000404993282154502,0.001362091142059,33.142
"100220",4.15036542541385e-05,8.85071835895905e-05,0.0010798978060049,0.000492589441387963,2.83703035306149e-05,0.000404993282154502,0.001362091142059,33.142
"100221",4.15036542541385e-05,8.85071835895905e-05,0.0010798978060049,0.000492589441387963,2.83703035306149e-05,0.000404993282154502,0.001362091142059,33.142
"100222",4.15036542541385e-05,8.85071835895905e-05,0.0010798978060049,0.000492589441387963,2.83703035306149e-05,0.000404993282154502,0.001362091142059,33.142
"100223",4.15036542541385e-05,8.85071835895905e-05,0.0010798978060049,0.000492589441387963,2.83703035306149e-05,0.000404993282154502,0.001362091142059,33.142
"100224",4.15036542541385e-05,8.85071835895905e-05,0.0010798978060049,0.000492589441387963,2.83703035306149e-05,0.000404993282154502,0.001362091142059,33.142
"100225",4.15036542541385e-05,8.85071835895905e-05,0.0010798978060049,0.000492589441387963,2.83703035306149e-05,0.000404993282154502,0.001362091142059,33.142
"100226",4.15036542541385e-05,8.85071835895905e-05,0.0010798978060049,0.000492589441387963,2.83703035306149e-05,0.000404993282154502,0.001362091142059,33.142
"100227",4.15036542541385e-05,8.85071835895905e-05,0.0010798978060049,0.000492589441387963,2.83703035306149e-05,0.000404993282154502,0.001362091142059,33.142
"100228",4.15036542541385e-05,8.85071835895905e-05,0.0010798978060049,0.000492589441387963,2.83703035306149e-05,0.000404993282154502,0.001362091142059,33.142
"100229",4.15036542541385e-05,8.85071835895905e-05,0.0010798978060049,0.000492589441387963,2.83703035306149e-05,0.000404993282154502,0.001362091142059,33.149
"100230",4.15036542541385e-05,8.85071835895905e-05,0.0010798978060049,0.000492589441387963,2.83703035306149e-05,0.000404993282154502,0.001362091142059,33.443
"100231",4.15036542541385e-05,8.85071835895905e-05,0.0010798978060049,0.000492589441387963,2.83703035306149e-05,0.000404993282154502,0.001362091142059,33.443
"100232",4.15036542541385e-05,8.85071835895905e-05,0.0010798978060049,0.000492589441387963,2.83703035306149e-05,0.000404993282154502,0.001362091142059,33.443
"100233",4.15036542541385e-05,8.85071835895905e-05,0.0010798978060049,0.000492589441387963,2.83703035306149e-05,0.000404993282154502,0.001362091142059,33.443
"100234",4.15036542541385e-05,8.85071835895905e-05,0.0010798978060049,0.000492589441387963,2.83703035306149e-05,0.000404993282154502,0.001362091142059,33.443
"100235",4.15036542541385e-05,8.85071835895905e-05,0.0010798978060049,0.000492589441387963,2.83703035306149e-05,0.000404993282154502,0.001362091142059,33.443
"100236",4.15036542541385e-05,8.85071835895905e-05,0.0010798978060049,0.000492589441387963,2.83703035306149e-05,0.000404993282154502,0.001362091142059,33.443
"100237",4.15036542541385e-05,8.85071835895905e-05,0.0010798978060049,0.000492589441387963,2.83703035306149e-05,0.000404993282154502,0.001362091142059,33.443
"100238",4.15036542541385e-05,8.85071835895905e-05,0.0010798978060049,0.000492589441387963,2.83703035306149e-05,0.000404993282154502,0.001362091142059,33.443
"100239",4.15036542541385e-05,8.85071835895905e-05,0.0010798978060049,0.000492589441387963,2.83703035306149e-05,0.000404993282154502,0.001362091142059,33.443
"100240",4.15036542541385e-05,8.85071835895905e-05,0.0010798978060049,0.000492589441387963,2.83703035306149e-05,0.000404993282154502,0.001362091142059,33.443
"100241",4.15036542541385e-05,8.85071835895905e-05,0.0010798978060049,0.000492589441387963,2.83703035306149e-05,0.000404993282154502,0.001362091142059,33.443
"100242",4.15036542541385e-05,8.85071835895905e-05,0.0010798978060049,0.000492589441387963,2.83703035306149e-05,0.000404993282154502,0.001362091142059,33.443
"100243",4.15036542541385e-05,8.85071835895905e-05,0.0010798978060049,0.000492589441387963,2.83703035306149e-05,0.000404993282154502,0.001362091142059,33.443
"100244",4.15036542541385e-05,8.85071835895905e-05,0.0010798978060049,0.000492589441387963,2.83703035306149e-05,0.000404993282154502,0.001362091142059,33.443
"100245",4.15036542541385e-05,8.85071835895905e-05,0.0010798978060049,0.000492589441387963,2.83703035306149e-05,0.000404993282154502,0.001362091142059,33.443
"100246",4.15036542541385e-05,8.85071835895905e-05,0.0010798978060049,0.000492589441387963,2.83703035306149e-05,0.000404993282154502,0.001362091142059,33.46
"100247",4.15036542541385e-05,8.85071835895905e-05,0.0010798978060049,0.000492589441387963,2.83703035306149e-05,0.000404993282154502,0.001362091142059,33.748
"100248",4.15036542541385e-05,8.85071835895905e-05,0.0010798978060049,0.000492589441387963,2.83703035306149e-05,0.000404993282154502,0.001362091142059,33.742
"100249",4.15036542541385e-05,8.85071835895905e-05,0.0010798978060049,0.000492589441387963,2.83703035306149e-05,0.000404993282154502,0.001362091142059,33.742
"100250",4.15036542541385e-05,8.85071835895905e-05,0.0010798978060049,0.000492589441387963,2.83703035306149e-05,0.000404993282154502,0.001362091142059,33.742
"100251",4.15036542541385e-05,8.85071835895905e-05,0.0010798978060049,0.000492589441387963,2.83703035306149e-05,0.000404993282154502,0.001362091142059,33.742
"100252",4.15036542541385e-05,8.85071835895905e-05,0.0010798978060049,0.000492589441387963,2.83703035306149e-05,0.000404993282154502,0.001362091142059,33.742
"100253",4.15036542541385e-05,8.85071835895905e-05,0.0010798978060049,0.000492589441387963,2.83703035306149e-05,0.000404993282154502,0.001362091142059,33.742
"100254",4.15036542541385e-05,8.85071835895905e-05,0.0010798978060049,0.000492589441387963,2.83703035306149e-05,0.000404993282154502,0.001362091142059,33.742
"100255",4.15036542541385e-05,8.85071835895905e-05,0.0010798978060049,0.000492589441387963,2.83703035306149e-05,0.000404993282154502,0.001362091142059,33.742
"100256",4.15036542541385e-05,8.85071835895905e-05,0.0010798978060049,0.000492589441387963,2.83703035306149e-05,0.000404993282154502,0.001362091142059,33.742
"100257",4.15036542541385e-05,8.85071835895905e-05,0.0010798978060049,0.000492589441387963,2.83703035306149e-05,0.000404993282154502,0.001362091142059,33.742
"100258",4.15036542541385e-05,8.85071835895905e-05,0.0010798978060049,0.000492589441387963,2.83703035306149e-05,0.000404993282154502,0.001362091142059,33.742
"100259",4.15036542541385e-05,8.85071835895905e-05,0.0010798978060049,0.000492589441387963,2.83703035306149e-05,0.000404993282154502,0.001362091142059,33.742
"100260",4.15036542541385e-05,8.85071835895905e-05,0.0010798978060049,0.000492589441387963,2.83703035306149e-05,0.000404993282154502,0.001362091142059,33.742
"100261",4.15036542541385e-05,8.85071835895905e-05,0.0010798978060049,0.000492589441387963,2.83703035306149e-05,0.000404993282154502,0.001362091142059,33.742
"100262",4.15036542541385e-05,8.85071835895905e-05,0.0010798978060049,0.000492589441387963,2.83703035306149e-05,0.000404993282154502,0.001362091142059,33.742
"100263",4.15036542541385e-05,8.85071835895905e-05,0.0010798978060049,0.000492589441387963,2.83703035306149e-05,0.000404993282154502,0.001362091142059,33.742
"100264",4.15036542541385e-05,8.85071835895905e-05,0.0010798978060049,0.000492589441387963,2.83703035306149e-05,0.000404993282154502,0.001362091142059,33.742
"100265",4.15036542541385e-05,8.85071835895905e-05,0.0010798978060049,0.000492589441387963,2.83703035306149e-05,0.000404993282154502,0.001362091142059,33.789
"100266",4.15036542541385e-05,8.85071835895905e-05,0.0010798978060049,0.000492589441387963,2.83703035306149e-05,0.000404993282154502,0.001362091142059,34.045
"100267",4.15036542541385e-05,8.85071835895905e-05,0.0010798978060049,0.000492589441387963,2.83703035306149e-05,0.000404993282154502,0.001362091142059,34.04
"100268",4.15036542541385e-05,8.85071835895905e-05,0.0010798978060049,0.000492589441387963,2.83703035306149e-05,0.000404993282154502,0.001362091142059,34.04
"100269",4.15036542541385e-05,8.85071835895905e-05,0.0010798978060049,0.000492589441387963,2.83703035306149e-05,0.000404993282154502,0.001362091142059,34.04
"100270",4.15036542541385e-05,8.85071835895905e-05,0.0010798978060049,0.000492589441387963,2.83703035306149e-05,0.000404993282154502,0.001362091142059,34.04
"100271",4.15036542541385e-05,8.85071835895905e-05,0.0010798978060049,0.000492589441387963,2.83703035306149e-05,0.000404993282154502,0.001362091142059,34.04
"100272",4.15036542541385e-05,8.85071835895905e-05,0.0010798978060049,0.000492589441387963,2.83703035306149e-05,0.000404993282154502,0.001362091142059,34.04
"100273",4.15036542541385e-05,8.85071835895905e-05,0.0010798978060049,0.000492589441387963,2.83703035306149e-05,0.000404993282154502,0.001362091142059,34.04
"100274",4.15036542541385e-05,8.85071835895905e-05,0.0010798978060049,0.000492589441387963,2.83703035306149e-05,0.000404993282154502,0.001362091142059,34.04
"100275",4.15036542541385e-05,8.85071835895905e-05,0.0010798978060049,0.000492589441387963,2.83703035306149e-05,0.000404993282154502,0.001362091142059,34.04
"100276",4.15036542541385e-05,8.85071835895905e-05,0.0010798978060049,0.000492589441387963,2.83703035306149e-05,0.000404993282154502,0.001362091142059,34.04
"100277",4.15036542541385e-05,8.85071835895905e-05,0.0010798978060049,0.000492589441387963,2.83703035306149e-05,0.000404993282154502,0.001362091142059,34.04
"100278",4.15036542541385e-05,8.85071835895905e-05,0.0010798978060049,0.000492589441387963,2.83703035306149e-05,0.000404993282154502,0.001362091142059,34.04
"100279",4.15036542541385e-05,8.85071835895905e-05,0.0010798978060049,0.000492589441387963,2.83703035306149e-05,0.000404993282154502,0.001362091142059,34.04
"100280",4.15036542541385e-05,8.85071835895905e-05,0.0010798978060049,0.000492589441387963,2.83703035306149e-05,0.000404993282154502,0.001362091142059,34.04
"100281",4.15036542541385e-05,8.85071835895905e-05,0.0010798978060049,0.000492589441387963,2.83703035306149e-05,0.000404993282154502,0.001362091142059,34.04
"100282",4.15036542541385e-05,8.85071835895905e-05,0.0010798978060049,0.000492589441387963,2.83703035306149e-05,0.000404993282154502,0.001362091142059,34.04
"100283",4.15036542541385e-05,8.85071835895905e-05,0.0010798978060049,0.000492589441387963,2.83703035306149e-05,0.000404993282154502,0.001362091142059,34.04
"100284",4.15036542541385e-05,8.85071835895905e-05,0.0010798978060049,0.000492589441387963,2.83703035306149e-05,0.000404993282154502,0.001362091142059,34.04
"100285",4.15036542541385e-05,8.85071835895905e-05,0.0010798978060049,0.000492589441387963,2.83703035306149e-05,0.000404993282154502,0.001362091142059,34.042
"100286",4.15036542541385e-05,8.85071835895905e-05,0.0010798978060049,0.000492589441387963,2.83703035306149e-05,0.000404993282154502,0.001362091142059,34.047
"100287",4.15036542541385e-05,8.85071835895905e-05,0.0010798978060049,0.000492589441387963,2.83703035306149e-05,0.000404993282154502,0.001362091142059,34.34
"100288",4.15036542541385e-05,8.85071835895905e-05,0.0010798978060049,0.000492589441387963,2.83703035306149e-05,0.000404993282154502,0.001362091142059,34.337
"100289",4.15036542541385e-05,8.85071835895905e-05,0.0010798978060049,0.000492589441387963,2.83703035306149e-05,0.000404993282154502,0.001362091142059,34.337
"100290",4.15036542541385e-05,8.85071835895905e-05,0.0010798978060049,0.000492589441387963,2.83703035306149e-05,0.000404993282154502,0.001362091142059,34.337
"100291",4.15036542541385e-05,8.85071835895905e-05,0.0010798978060049,0.000492589441387963,2.83703035306149e-05,0.000404993282154502,0.001362091142059,34.337
"100292",4.15036542541385e-05,8.85071835895905e-05,0.0010798978060049,0.000492589441387963,2.83703035306149e-05,0.000404993282154502,0.001362091142059,34.337
"100293",4.15036542541385e-05,8.85071835895905e-05,0.0010798978060049,0.000492589441387963,2.83703035306149e-05,0.000404993282154502,0.001362091142059,34.337
"100294",4.15036542541385e-05,8.85071835895905e-05,0.0010798978060049,0.000492589441387963,2.83703035306149e-05,0.000404993282154502,0.001362091142059,34.337
"100295",4.15036542541385e-05,8.85071835895905e-05,0.0010798978060049,0.000492589441387963,2.83703035306149e-05,0.000404993282154502,0.001362091142059,34.337
"100296",4.15036542541385e-05,8.85071835895905e-05,0.0010798978060049,0.000492589441387963,2.83703035306149e-05,0.000404993282154502,0.001362091142059,34.337
"100297",4.15036542541385e-05,8.85071835895905e-05,0.0010798978060049,0.000492589441387963,2.83703035306149e-05,0.000404993282154502,0.001362091142059,34.337
"100298",4.15036542541385e-05,8.85071835895905e-05,0.0010798978060049,0.000492589441387963,2.83703035306149e-05,0.000404993282154502,0.001362091142059,34.337
"100299",4.15036542541385e-05,8.85071835895905e-05,0.0010798978060049,0.000492589441387963,2.83703035306149e-05,0.000404993282154502,0.001362091142059,34.337
"100300",4.15036542541385e-05,8.85071835895905e-05,0.0010798978060049,0.000492589441387963,2.83703035306149e-05,0.000404993282154502,0.001362091142059,34.337
"100301",4.15036542541385e-05,8.85071835895905e-05,0.0010798978060049,0.000492589441387963,2.83703035306149e-05,0.000404993282154502,0.001362091142059,34.337
"100302",4.15036542541385e-05,8.85071835895905e-05,0.0010798978060049,0.000492589441387963,2.83703035306149e-05,0.000404993282154502,0.001362091142059,34.337
"100303",4.15036542541385e-05,8.85071835895905e-05,0.0010798978060049,0.000492589441387963,2.83703035306149e-05,0.000404993282154502,0.001362091142059,34.337
"100304",4.15036542541385e-05,8.85071835895905e-05,0.0010798978060049,0.000492589441387963,2.83703035306149e-05,0.000404993282154502,0.001362091142059,34.337
"100305",4.15036542541385e-05,8.85071835895905e-05,0.0010798978060049,0.000492589441387963,2.83703035306149e-05,0.000404993282154502,0.001362091142059,34.337
"100306",4.15036542541385e-05,8.85071835895905e-05,0.0010798978060049,0.000492589441387963,2.83703035306149e-05,0.000404993282154502,0.001362091142059,34.337
"100307",4.15036542541385e-05,8.85071835895905e-05,0.0010798978060049,0.000492589441387963,2.83703035306149e-05,0.000404993282154502,0.001362091142059,34.337
"100308",4.15036542541385e-05,8.85071835895905e-05,0.0010798978060049,0.000492589441387963,2.83703035306149e-05,0.000404993282154502,0.001362091142059,34.364
"100309",4.15036542541385e-05,8.85071835895905e-05,0.0010798978060049,0.000492589441387963,2.83703035306149e-05,0.000404993282154502,0.001362091142059,34.634
"100310",4.15036542541385e-05,8.85071835895905e-05,0.0010798978060049,0.000492589441387963,2.83703035306149e-05,0.000404993282154502,0.001362091142059,34.634
"100311",4.15036542541385e-05,8.85071835895905e-05,0.0010798978060049,0.000492589441387963,2.83703035306149e-05,0.000404993282154502,0.001362091142059,34.634
"100312",4.15036542541385e-05,8.85071835895905e-05,0.0010798978060049,0.000492589441387963,2.83703035306149e-05,0.000549732698767733,0.001362091142059,34.634
"100313",4.15036542541385e-05,8.85071835895905e-05,0.0010798978060049,0.000492589441387963,2.83703035306149e-05,0.000404993282154502,0.001362091142059,34.634
"100314",4.15036542541385e-05,8.85071835895905e-05,0.0010798978060049,0.000492589441387963,2.83703035306149e-05,0.000404993282154502,0.001362091142059,34.634
"100315",4.15036542541385e-05,8.85071835895905e-05,0.0010798978060049,0.000492589441387963,2.83703035306149e-05,0.000404993282154502,0.001362091142059,34.634
"100316",4.15036542541385e-05,8.85071835895905e-05,0.0010798978060049,0.000492589441387963,2.83703035306149e-05,0.000404993282154502,0.001362091142059,34.634
"100317",4.15036542541385e-05,8.85071835895905e-05,0.0010798978060049,0.000492589441387963,2.83703035306149e-05,0.000404993282154502,0.001362091142059,34.634
"100318",4.15036542541385e-05,8.85071835895905e-05,0.0010798978060049,0.000492589441387963,2.83703035306149e-05,0.000404993282154502,0.001362091142059,34.634
"100319",4.15036542541385e-05,8.85071835895905e-05,0.0010798978060049,0.000492589441387963,2.83703035306149e-05,0.000404993282154502,0.001362091142059,34.634
"100320",4.15036542541385e-05,8.85071835895905e-05,0.0010798978060049,0.000492589441387963,2.83703035306149e-05,0.000404993282154502,0.001362091142059,34.634
"100321",4.15036542541385e-05,8.85071835895905e-05,0.0010798978060049,0.000492589441387963,2.83703035306149e-05,0.000404993282154502,0.001362091142059,34.634
"100322",4.15036542541385e-05,8.85071835895905e-05,0.0010798978060049,0.000492589441387963,2.83703035306149e-05,0.000404993282154502,0.001362091142059,34.634
"100323",4.15036542541385e-05,8.85071835895905e-05,0.0010798978060049,0.000492589441387963,2.83703035306149e-05,0.000404993282154502,0.001362091142059,34.634
"100324",4.15036542541385e-05,8.85071835895905e-05,0.0010798978060049,0.000492589441387963,2.83703035306149e-05,0.000404993282154502,0.001362091142059,34.634
"100325",4.15036542541385e-05,8.85071835895905e-05,0.0010798978060049,0.000492589441387963,2.83703035306149e-05,0.000404993282154502,0.001362091142059,34.634
"100326",4.15036542541385e-05,8.85071835895905e-05,0.0010798978060049,0.000492589441387963,2.83703035306149e-05,0.000404993282154502,0.001362091142059,34.634
"100327",4.15036542541385e-05,8.85071835895905e-05,0.0010798978060049,0.000492589441387963,2.83703035306149e-05,0.000404993282154502,0.001362091142059,34.634
"100328",4.15036542541385e-05,8.85071835895905e-05,0.0010798978060049,0.000492589441387963,2.83703035306149e-05,0.000404993282154502,0.001362091142059,34.634
"100329",4.15036542541385e-05,8.85071835895905e-05,0.0010798978060049,0.000492589441387963,2.83703035306149e-05,0.000404993282154502,0.001362091142059,34.634
"100330",4.15036542541385e-05,8.85071835895905e-05,0.0010798978060049,0.000492589441387963,2.83703035306149e-05,0.000404993282154502,0.001362091142059,34.634
"100331",4.15036542541385e-05,8.85071835895905e-05,0.0010798978060049,0.000492589441387963,2.83703035306149e-05,0.000404993282154502,0.001362091142059,34.648
"100332",4.15036542541385e-05,8.85071835895905e-05,0.0010798978060049,0.000492589441387963,2.83703035306149e-05,0.000404993282154502,0.001362091142059,34.883
"100333",4.15036542541385e-05,8.85071835895905e-05,0.0010798978060049,0.000492589441387963,2.83703035306149e-05,0.000404993282154502,0.001362091142059,34.884
"100334",4.15036542541385e-05,8.85071835895905e-05,0.0010798978060049,0.000492589441387963,2.83703035306149e-05,0.000404993282154502,0.001362091142059,34.885
"100335",4.15036542541385e-05,8.85071835895905e-05,0.0010798978060049,0.000492589441387963,2.83703035306149e-05,0.000404993282154502,0.001362091142059,34.921
"100336",4.15036542541385e-05,8.85071835895905e-05,0.0010798978060049,0.000492589441387963,2.83703035306149e-05,0.000404993282154502,0.001362091142059,34.929
"100337",4.15036542541385e-05,8.85071835895905e-05,0.00250667038098565,0.00104164446801381,2.83703035306149e-05,0.00323175810852609,0.001362091142059,34.929
"100338",4.15036542541385e-05,8.85071835895905e-05,0.0010798978060049,0.000492589441387963,2.83703035306149e-05,0.000620994255909985,0.001362091142059,34.929
"100339",4.15036542541385e-05,8.85071835895905e-05,0.0010798978060049,0.000492589441387963,2.83703035306149e-05,0.000404993282154502,0.001362091142059,34.929
"100340",4.15036542541385e-05,8.85071835895905e-05,0.0010798978060049,0.000492589441387963,2.83703035306149e-05,0.000404993282154502,0.001362091142059,34.929
"100341",4.15036542541385e-05,8.85071835895905e-05,0.0010798978060049,0.000492589441387963,2.83703035306149e-05,0.000404993282154502,0.001362091142059,34.929
"100342",4.15036542541385e-05,8.85071835895905e-05,0.0010798978060049,0.000492589441387963,2.83703035306149e-05,0.000404993282154502,0.001362091142059,34.929
"100343",4.15036542541385e-05,8.85071835895905e-05,0.0010798978060049,0.000492589441387963,2.83703035306149e-05,0.000404993282154502,0.001362091142059,34.929
"100344",4.15036542541385e-05,8.85071835895905e-05,0.0010798978060049,0.000492589441387963,2.83703035306149e-05,0.000404993282154502,0.001362091142059,34.929
"100345",4.15036542541385e-05,8.85071835895905e-05,0.0010798978060049,0.000492589441387963,2.83703035306149e-05,0.000404993282154502,0.001362091142059,34.929
"100346",4.15036542541385e-05,8.85071835895905e-05,0.0010798978060049,0.000492589441387963,2.83703035306149e-05,0.000404993282154502,0.001362091142059,34.929
"100347",4.15036542541385e-05,8.85071835895905e-05,0.0010798978060049,0.000492589441387963,2.83703035306149e-05,0.000404993282154502,0.001362091142059,34.929
"100348",4.15036542541385e-05,8.85071835895905e-05,0.0010798978060049,0.000492589441387963,2.83703035306149e-05,0.000404993282154502,0.001362091142059,34.929
"100349",4.15036542541385e-05,8.85071835895905e-05,0.0010798978060049,0.000492589441387963,2.83703035306149e-05,0.000404993282154502,0.001362091142059,34.929
"100350",4.15036542541385e-05,8.85071835895905e-05,0.0010798978060049,0.000492589441387963,2.83703035306149e-05,0.000404993282154502,0.001362091142059,34.929
"100351",4.15036542541385e-05,8.85071835895905e-05,0.0010798978060049,0.000492589441387963,2.83703035306149e-05,0.000404993282154502,0.001362091142059,34.929
"100352",4.15036542541385e-05,8.85071835895905e-05,0.0010798978060049,0.000492589441387963,2.83703035306149e-05,0.000404993282154502,0.001362091142059,34.929
"100353",4.15036542541385e-05,8.85071835895905e-05,0.0010798978060049,0.000492589441387963,2.83703035306149e-05,0.000404993282154502,0.001362091142059,34.929
"100354",4.15036542541385e-05,8.85071835895905e-05,0.0010798978060049,0.000492589441387963,2.83703035306149e-05,0.000404993282154502,0.001362091142059,34.929
"100355",4.15036542541385e-05,8.85071835895905e-05,0.0010798978060049,0.000492589441387963,2.83703035306149e-05,0.000404993282154502,0.001362091142059,34.922
"100356",4.15036542541385e-05,8.85071835895905e-05,0.0010798978060049,0.000492589441387963,2.83703035306149e-05,0.000404993282154502,0.001362091142059,34.908
"100357",4.15036542541385e-05,8.85071835895905e-05,0.00469866675413615,0.00249877843242826,2.83703035306149e-05,0.016891502168078,0.001362091142059,35.222
"100358",4.15036542541385e-05,8.85071835895905e-05,0.00421724554732062,0.00200237485322511,2.83703035306149e-05,0.00547181221082334,0.001362091142059,35.223
"100359",4.15036542541385e-05,8.85071835895905e-05,0.00639933539617267,0.00320139422002246,2.83703035306149e-05,0.00715359735083612,0.001362091142059,35.223
"100360",4.15036542541385e-05,8.85071835895905e-05,0.0274919649460167,0.0233400106332832,2.83703035306149e-05,0.117686464576519,0.001362091142059,35.223
"100361",4.15036542541385e-05,8.85071835895905e-05,0.0010798978060049,0.000492589441387963,2.83703035306149e-05,0.000404993282154502,0.001362091142059,35.223
"100362",4.15036542541385e-05,8.85071835895905e-05,0.0010798978060049,0.000492589441387963,2.83703035306149e-05,0.000404993282154502,0.001362091142059,35.223
"100363",4.15036542541385e-05,8.85071835895905e-05,0.0010798978060049,0.000492589441387963,2.83703035306149e-05,0.000404993282154502,0.001362091142059,35.223
"100364",4.15036542541385e-05,8.85071835895905e-05,0.0010798978060049,0.000492589441387963,2.83703035306149e-05,0.000404993282154502,0.001362091142059,35.223
"100365",4.15036542541385e-05,8.85071835895905e-05,0.0010798978060049,0.000492589441387963,2.83703035306149e-05,0.000404993282154502,0.001362091142059,35.223
"100366",4.15036542541385e-05,8.85071835895905e-05,0.0010798978060049,0.000492589441387963,2.83703035306149e-05,0.000404993282154502,0.001362091142059,35.223
"100367",4.15036542541385e-05,8.85071835895905e-05,0.0010798978060049,0.000492589441387963,2.83703035306149e-05,0.000404993282154502,0.001362091142059,35.223
"100368",4.15036542541385e-05,8.85071835895905e-05,0.0010798978060049,0.000492589441387963,2.83703035306149e-05,0.000404993282154502,0.001362091142059,35.223
"100369",4.15036542541385e-05,8.85071835895905e-05,0.0010798978060049,0.000492589441387963,2.83703035306149e-05,0.000404993282154502,0.001362091142059,35.223
"100370",4.15036542541385e-05,8.85071835895905e-05,0.0010798978060049,0.000492589441387963,2.83703035306149e-05,0.000404993282154502,0.001362091142059,35.223
"100371",4.15036542541385e-05,8.85071835895905e-05,0.0010798978060049,0.000492589441387963,2.83703035306149e-05,0.000404993282154502,0.001362091142059,35.223
"100372",4.15036542541385e-05,8.85071835895905e-05,0.0010798978060049,0.000492589441387963,2.83703035306149e-05,0.000404993282154502,0.001362091142059,35.223
"100373",4.15036542541385e-05,8.85071835895905e-05,0.0010798978060049,0.000492589441387963,2.83703035306149e-05,0.000404993282154502,0.001362091142059,35.223
"100374",4.15036542541385e-05,8.85071835895905e-05,0.0010798978060049,0.000492589441387963,2.83703035306149e-05,0.000404993282154502,0.001362091142059,35.223
"100375",4.15036542541385e-05,8.85071835895905e-05,0.0010798978060049,0.000492589441387963,2.83703035306149e-05,0.000404993282154502,0.001362091142059,35.223
"100376",4.15036542541385e-05,8.85071835895905e-05,0.0010798978060049,0.000492589441387963,2.83703035306149e-05,0.000404993282154502,0.001362091142059,35.224
"100377",4.15036542541385e-05,8.85071835895905e-05,0.0010798978060049,0.000492589441387963,2.83703035306149e-05,0.000404993282154502,0.001362091142059,35.222
"100378",4.15036542541385e-05,8.85071835895905e-05,0.0010798978060049,0.000492589441387963,2.83703035306149e-05,0.000404993282154502,0.001362091142059,35.484
"100379",4.15036542541385e-05,8.85071835895905e-05,0.00944447092595924,0.00597527710606058,2.83703035306149e-05,0.0172462404772921,0.001362091142059,35.516
"100380",4.15036542541385e-05,8.85071835895905e-05,0.0010798978060049,0.000492589441387963,2.83703035306149e-05,0.000404993282154502,0.001362091142059,35.516
"100381",4.15036542541385e-05,8.85071835895905e-05,0.0010798978060049,0.000492589441387963,2.83703035306149e-05,0.000404993282154502,0.001362091142059,35.516
"100382",4.15036542541385e-05,8.85071835895905e-05,0.0010798978060049,0.000492589441387963,2.83703035306149e-05,0.000404993282154502,0.001362091142059,35.516
"100383",4.15036542541385e-05,8.85071835895905e-05,0.0010798978060049,0.000492589441387963,2.83703035306149e-05,0.000404993282154502,0.001362091142059,35.516
"100384",4.15036542541385e-05,8.85071835895905e-05,0.0010798978060049,0.000492589441387963,2.83703035306149e-05,0.000404993282154502,0.001362091142059,35.516
"100385",4.15036542541385e-05,8.85071835895905e-05,0.0010798978060049,0.000492589441387963,2.83703035306149e-05,0.000404993282154502,0.001362091142059,35.516
"100386",4.15036542541385e-05,8.85071835895905e-05,0.0010798978060049,0.000492589441387963,2.83703035306149e-05,0.000404993282154502,0.001362091142059,35.516
"100387",4.15036542541385e-05,8.85071835895905e-05,0.0010798978060049,0.000492589441387963,2.83703035306149e-05,0.000404993282154502,0.001362091142059,35.516
"100388",4.15036542541385e-05,8.85071835895905e-05,0.0010798978060049,0.000492589441387963,2.83703035306149e-05,0.000404993282154502,0.001362091142059,35.516
"100389",4.15036542541385e-05,8.85071835895905e-05,0.0010798978060049,0.000492589441387963,2.83703035306149e-05,0.000404993282154502,0.001362091142059,35.516
"100390",4.15036542541385e-05,8.85071835895905e-05,0.0010798978060049,0.000492589441387963,2.83703035306149e-05,0.000404993282154502,0.001362091142059,35.516
"100391",4.15036542541385e-05,8.85071835895905e-05,0.0010798978060049,0.000492589441387963,2.83703035306149e-05,0.000404993282154502,0.001362091142059,35.516
"100392",4.15036542541385e-05,8.85071835895905e-05,0.0010798978060049,0.000492589441387963,2.83703035306149e-05,0.000404993282154502,0.001362091142059,35.516
"100393",4.15036542541385e-05,8.85071835895905e-05,0.0010798978060049,0.000492589441387963,2.83703035306149e-05,0.000404993282154502,0.001362091142059,35.516
"100394",4.15036542541385e-05,8.85071835895905e-05,0.0010798978060049,0.000492589441387963,2.83703035306149e-05,0.000404993282154502,0.001362091142059,35.516
"100395",4.15036542541385e-05,8.85071835895905e-05,0.0010798978060049,0.000492589441387963,2.83703035306149e-05,0.000404993282154502,0.001362091142059,35.516
"100396",4.15036542541385e-05,8.85071835895905e-05,0.0010798978060049,0.000492589441387963,2.83703035306149e-05,0.000404993282154502,0.001362091142059,35.519
"100397",4.15036542541385e-05,8.85071835895905e-05,0.0010798978060049,0.000492589441387963,2.83703035306149e-05,0.000404993282154502,0.001362091142059,35.538
"100398",4.15036542541385e-05,8.85071835895905e-05,0.0010798978060049,0.000492589441387963,2.83703035306149e-05,0.000404993282154502,0.001362091142059,35.521
"100399",4.15036542541385e-05,8.85071835895905e-05,0.0010798978060049,0.000492589441387963,2.83703035306149e-05,0.000404993282154502,0.001362091142059,35.558
"100400",4.15036542541385e-05,8.85071835895905e-05,0.0010798978060049,0.000492589441387963,2.83703035306149e-05,0.000404993282154502,0.001362091142059,35.8
"100401",4.15036542541385e-05,8.85071835895905e-05,0.0010798978060049,0.000492589441387963,2.83703035306149e-05,0.000404993282154502,0.001362091142059,35.808
"100402",4.15036542541385e-05,8.85071835895905e-05,0.0010798978060049,0.000492589441387963,2.83703035306149e-05,0.000502547152538713,0.001362091142059,35.808
"100403",4.15036542541385e-05,8.85071835895905e-05,0.0010798978060049,0.000492589441387963,2.83703035306149e-05,0.000404993282154502,0.001362091142059,35.808
"100404",4.15036542541385e-05,8.85071835895905e-05,0.0010798978060049,0.000492589441387963,2.83703035306149e-05,0.000404993282154502,0.001362091142059,35.808
"100405",4.15036542541385e-05,8.85071835895905e-05,0.0010798978060049,0.000492589441387963,2.83703035306149e-05,0.000404993282154502,0.001362091142059,35.808
"100406",4.15036542541385e-05,8.85071835895905e-05,0.0010798978060049,0.000492589441387963,2.83703035306149e-05,0.000404993282154502,0.001362091142059,35.808
"100407",4.15036542541385e-05,8.85071835895905e-05,0.0010798978060049,0.000492589441387963,2.83703035306149e-05,0.000404993282154502,0.001362091142059,35.808
"100408",4.15036542541385e-05,8.85071835895905e-05,0.0010798978060049,0.000492589441387963,2.83703035306149e-05,0.000404993282154502,0.001362091142059,35.808
"100409",4.15036542541385e-05,8.85071835895905e-05,0.0010798978060049,0.000492589441387963,2.83703035306149e-05,0.000404993282154502,0.001362091142059,35.808
"100410",4.15036542541385e-05,8.85071835895905e-05,0.0010798978060049,0.000492589441387963,2.83703035306149e-05,0.000404993282154502,0.001362091142059,35.808
"100411",4.15036542541385e-05,8.85071835895905e-05,0.0010798978060049,0.000492589441387963,2.83703035306149e-05,0.000404993282154502,0.001362091142059,35.808
"100412",4.15036542541385e-05,8.85071835895905e-05,0.0010798978060049,0.000492589441387963,2.83703035306149e-05,0.000404993282154502,0.001362091142059,35.808
"100413",4.15036542541385e-05,8.85071835895905e-05,0.0010798978060049,0.000492589441387963,2.83703035306149e-05,0.000404993282154502,0.001362091142059,35.808
"100414",4.15036542541385e-05,8.85071835895905e-05,0.0010798978060049,0.000492589441387963,2.83703035306149e-05,0.000404993282154502,0.001362091142059,35.808
"100415",4.15036542541385e-05,8.85071835895905e-05,0.0010798978060049,0.000492589441387963,2.83703035306149e-05,0.000404993282154502,0.001362091142059,35.808
"100416",4.15036542541385e-05,8.85071835895905e-05,0.0010798978060049,0.000492589441387963,2.83703035306149e-05,0.000404993282154502,0.001362091142059,35.808
"100417",4.15036542541385e-05,8.85071835895905e-05,0.0010798978060049,0.000492589441387963,2.83703035306149e-05,0.000404993282154502,0.001362091142059,35.804
"100418",4.15036542541385e-05,8.85071835895905e-05,0.0010798978060049,0.000492589441387963,2.83703035306149e-05,0.000404993282154502,0.001362091142059,35.807
"100419",4.15036542541385e-05,8.85071835895905e-05,0.0010798978060049,0.000492589441387963,2.83703035306149e-05,0.000404993282154502,0.001362091142059,35.804
"100420",4.15036542541385e-05,8.85071835895905e-05,0.00401759638929968,0.00158205858715707,2.83703035306149e-05,0.00265588849785897,0.001362091142059,36.064
"100421",4.15036542541385e-05,8.85071835895905e-05,0.00346647375913465,0.00127909310999288,2.83703035306149e-05,0.0029146972877518,0.001362091142059,36.099
"100422",4.15036542541385e-05,8.85071835895905e-05,0.0010798978060049,0.000492589441387963,2.83703035306149e-05,0.000404993282154502,0.001362091142059,36.099
"100423",4.15036542541385e-05,8.85071835895905e-05,0.0010798978060049,0.000492589441387963,2.83703035306149e-05,0.000404993282154502,0.001362091142059,36.099
"100424",4.15036542541385e-05,8.85071835895905e-05,0.0010798978060049,0.000492589441387963,2.83703035306149e-05,0.000404993282154502,0.001362091142059,36.099
"100425",4.15036542541385e-05,8.85071835895905e-05,0.0010798978060049,0.000492589441387963,2.83703035306149e-05,0.000404993282154502,0.001362091142059,36.099
"100426",4.15036542541385e-05,8.85071835895905e-05,0.0010798978060049,0.000492589441387963,2.83703035306149e-05,0.000404993282154502,0.001362091142059,36.099
"100427",4.15036542541385e-05,8.85071835895905e-05,0.0010798978060049,0.000492589441387963,2.83703035306149e-05,0.000404993282154502,0.001362091142059,36.099
"100428",4.15036542541385e-05,8.85071835895905e-05,0.0010798978060049,0.000492589441387963,2.83703035306149e-05,0.000404993282154502,0.001362091142059,36.099
"100429",4.15036542541385e-05,8.85071835895905e-05,0.0010798978060049,0.000492589441387963,2.83703035306149e-05,0.000404993282154502,0.001362091142059,36.099
"100430",4.15036542541385e-05,8.85071835895905e-05,0.0010798978060049,0.000492589441387963,2.83703035306149e-05,0.000404993282154502,0.001362091142059,36.099
"100431",4.15036542541385e-05,8.85071835895905e-05,0.0010798978060049,0.000492589441387963,2.83703035306149e-05,0.000404993282154502,0.001362091142059,36.099
"100432",4.15036542541385e-05,8.85071835895905e-05,0.0010798978060049,0.000492589441387963,2.83703035306149e-05,0.000404993282154502,0.001362091142059,36.099
"100433",4.15036542541385e-05,8.85071835895905e-05,0.0010798978060049,0.000492589441387963,2.83703035306149e-05,0.000404993282154502,0.001362091142059,36.099
"100434",4.15036542541385e-05,8.85071835895905e-05,0.0010798978060049,0.000492589441387963,2.83703035306149e-05,0.000404993282154502,0.001362091142059,36.099
"100435",4.15036542541385e-05,8.85071835895905e-05,0.0010798978060049,0.000492589441387963,2.83703035306149e-05,0.000404993282154502,0.001362091142059,36.115
"100436",4.15036542541385e-05,8.85071835895905e-05,0.0010798978060049,0.000492589441387963,2.83703035306149e-05,0.000404993282154502,0.001362091142059,36.141
"100437",4.15036542541385e-05,8.85071835895905e-05,0.0010798978060049,0.000492589441387963,2.83703035306149e-05,0.000404993282154502,0.001362091142059,36.365
"100438",4.15036542541385e-05,8.85071835895905e-05,0.0010798978060049,0.000492589441387963,2.83703035306149e-05,0.000404993282154502,0.001362091142059,36.388
"100439",4.15036542541385e-05,8.85071835895905e-05,0.0010798978060049,0.000492589441387963,2.83703035306149e-05,0.000404993282154502,0.001362091142059,36.388
"100440",4.15036542541385e-05,8.85071835895905e-05,0.0010798978060049,0.000492589441387963,2.83703035306149e-05,0.000404993282154502,0.001362091142059,36.388
"100441",4.15036542541385e-05,8.85071835895905e-05,0.0010798978060049,0.000492589441387963,2.83703035306149e-05,0.000404993282154502,0.001362091142059,36.388
"100442",4.15036542541385e-05,8.85071835895905e-05,0.0010798978060049,0.000492589441387963,2.83703035306149e-05,0.000404993282154502,0.001362091142059,36.388
"100443",4.15036542541385e-05,8.85071835895905e-05,0.0010798978060049,0.000492589441387963,2.83703035306149e-05,0.000404993282154502,0.001362091142059,36.388
"100444",4.15036542541385e-05,8.85071835895905e-05,0.0010798978060049,0.000492589441387963,2.83703035306149e-05,0.000404993282154502,0.001362091142059,36.388
"100445",4.15036542541385e-05,8.85071835895905e-05,0.0010798978060049,0.000492589441387963,2.83703035306149e-05,0.000404993282154502,0.001362091142059,36.388
"100446",4.15036542541385e-05,8.85071835895905e-05,0.0010798978060049,0.000492589441387963,2.83703035306149e-05,0.000404993282154502,0.001362091142059,36.388
"100447",4.15036542541385e-05,8.85071835895905e-05,0.0010798978060049,0.000492589441387963,2.83703035306149e-05,0.000404993282154502,0.001362091142059,36.388
"100448",4.15036542541385e-05,8.85071835895905e-05,0.0010798978060049,0.000492589441387963,2.83703035306149e-05,0.000404993282154502,0.001362091142059,36.388
"100449",4.15036542541385e-05,8.85071835895905e-05,0.0010798978060049,0.000492589441387963,2.83703035306149e-05,0.000404993282154502,0.001362091142059,36.388
"100450",4.15036542541385e-05,8.85071835895905e-05,0.0010798978060049,0.000492589441387963,2.83703035306149e-05,0.000404993282154502,0.001362091142059,36.388
"100451",4.15036542541385e-05,8.85071835895905e-05,0.0010798978060049,0.000492589441387963,2.83703035306149e-05,0.000404993282154502,0.001362091142059,36.39
"100452",4.15036542541385e-05,8.85071835895905e-05,0.0010798978060049,0.000492589441387963,2.83703035306149e-05,0.000404993282154502,0.001362091142059,36.39
"100453",4.15036542541385e-05,8.85071835895905e-05,0.0010798978060049,0.000492589441387963,2.83703035306149e-05,0.000404993282154502,0.001362091142059,36.379
"100454",4.15036542541385e-05,8.85071835895905e-05,0.0010798978060049,0.000492589441387963,2.83703035306149e-05,0.000404993282154502,0.001362091142059,36.688
"100455",4.15036542541385e-05,8.85071835895905e-05,0.0010798978060049,0.000492589441387963,2.83703035306149e-05,0.000404993282154502,0.001362091142059,36.708
"100456",4.15036542541385e-05,8.85071835895905e-05,0.0010798978060049,0.000492589441387963,2.83703035306149e-05,0.000404993282154502,0.001362091142059,36.708
"100457",4.15036542541385e-05,8.85071835895905e-05,0.0010798978060049,0.000492589441387963,2.83703035306149e-05,0.000404993282154502,0.001362091142059,36.713
"100458",4.15036542541385e-05,8.85071835895905e-05,0.0010798978060049,0.000492589441387963,2.83703035306149e-05,0.000404993282154502,0.001362091142059,36.697
"100459",4.15036542541385e-05,8.85071835895905e-05,0.0010798978060049,0.000492589441387963,2.83703035306149e-05,0.000404993282154502,0.001362091142059,36.677
"100460",4.15036542541385e-05,8.85071835895905e-05,0.0010798978060049,0.000492589441387963,2.83703035306149e-05,0.000404993282154502,0.001362091142059,36.677
"100461",4.15036542541385e-05,8.85071835895905e-05,0.0010798978060049,0.000492589441387963,2.83703035306149e-05,0.000404993282154502,0.001362091142059,36.677
"100462",4.15036542541385e-05,8.85071835895905e-05,0.0010798978060049,0.000492589441387963,2.83703035306149e-05,0.000404993282154502,0.001362091142059,36.677
"100463",4.15036542541385e-05,8.85071835895905e-05,0.0010798978060049,0.000492589441387963,2.83703035306149e-05,0.000404993282154502,0.001362091142059,36.677
"100464",4.15036542541385e-05,8.85071835895905e-05,0.0010798978060049,0.000492589441387963,2.83703035306149e-05,0.000404993282154502,0.001362091142059,36.686
"100465",4.15036542541385e-05,8.85071835895905e-05,0.0010798978060049,0.000492589441387963,2.83703035306149e-05,0.000404993282154502,0.001362091142059,36.68
"100466",4.15036542541385e-05,8.85071835895905e-05,0.0010798978060049,0.000492589441387963,2.83703035306149e-05,0.000404993282154502,0.001362091142059,36.677
"100467",4.15036542541385e-05,8.85071835895905e-05,0.0010798978060049,0.000492589441387963,2.83703035306149e-05,0.000404993282154502,0.001362091142059,36.677
"100468",4.15036542541385e-05,8.85071835895905e-05,0.0010798978060049,0.000492589441387963,2.83703035306149e-05,0.000404993282154502,0.001362091142059,36.677
"100469",4.15036542541385e-05,8.85071835895905e-05,0.0010798978060049,0.000492589441387963,2.83703035306149e-05,0.000404993282154502,0.001362091142059,36.677
"100470",4.15036542541385e-05,8.85071835895905e-05,0.0010798978060049,0.000492589441387963,2.83703035306149e-05,0.000404993282154502,0.001362091142059,36.677
"100471",4.15036542541385e-05,8.85071835895905e-05,0.0010798978060049,0.000492589441387963,2.83703035306149e-05,0.000404993282154502,0.001362091142059,36.682
"100472",4.15036542541385e-05,8.85071835895905e-05,0.0010798978060049,0.000492589441387963,2.83703035306149e-05,0.000404993282154502,0.001362091142059,36.936
"100473",4.15036542541385e-05,8.85071835895905e-05,0.0010798978060049,0.000492589441387963,2.83703035306149e-05,0.000404993282154502,0.001362091142059,36.965
"100474",4.15036542541385e-05,8.85071835895905e-05,0.0010798978060049,0.000492589441387963,2.83703035306149e-05,0.000443972867490522,0.001362091142059,36.965
"100475",4.15036542541385e-05,8.85071835895905e-05,0.00222067673454864,0.000673839987821123,2.83703035306149e-05,0.00157005187168964,0.001362091142059,36.965
"100476",4.15036542541385e-05,8.85071835895905e-05,0.0010798978060049,0.000492589441387963,2.83703035306149e-05,0.000404993282154502,0.001362091142059,36.965
"100477",4.15036542541385e-05,8.85071835895905e-05,0.0010798978060049,0.000492589441387963,2.83703035306149e-05,0.000404993282154502,0.001362091142059,36.965
"100478",4.15036542541385e-05,8.85071835895905e-05,0.0010798978060049,0.000492589441387963,2.83703035306149e-05,0.000404993282154502,0.001362091142059,36.964
"100479",4.15036542541385e-05,8.85071835895905e-05,0.00196693115890113,0.000611759046948395,2.83703035306149e-05,0.00118858070006588,0.001362091142059,36.965
"100480",4.15036542541385e-05,8.85071835895905e-05,0.0010798978060049,0.000492589441387963,2.83703035306149e-05,0.000404993282154502,0.001362091142059,36.965
"100481",4.15036542541385e-05,8.85071835895905e-05,0.0010798978060049,0.000492589441387963,2.83703035306149e-05,0.000404993282154502,0.001362091142059,36.965
"100482",4.15036542541385e-05,8.85071835895905e-05,0.0010798978060049,0.000492589441387963,2.83703035306149e-05,0.000404993282154502,0.001362091142059,36.965
"100483",4.15036542541385e-05,8.85071835895905e-05,0.0010798978060049,0.000492589441387963,2.83703035306149e-05,0.000404993282154502,0.001362091142059,36.965
"100484",4.15036542541385e-05,8.85071835895905e-05,0.0010798978060049,0.000492589441387963,2.83703035306149e-05,0.000404993282154502,0.001362091142059,36.965
"100485",4.15036542541385e-05,8.85071835895905e-05,0.0010798978060049,0.000492589441387963,2.83703035306149e-05,0.000404993282154502,0.001362091142059,36.965
"100486",4.15036542541385e-05,8.85071835895905e-05,0.0010798978060049,0.000492589441387963,2.83703035306149e-05,0.000404993282154502,0.001362091142059,36.965
"100487",4.15036542541385e-05,8.85071835895905e-05,0.0010798978060049,0.000492589441387963,2.83703035306149e-05,0.000404993282154502,0.001362091142059,36.965
"100488",4.15036542541385e-05,8.85071835895905e-05,0.0010798978060049,0.000492589441387963,2.83703035306149e-05,0.000404993282154502,0.001362091142059,36.965
"100489",4.15036542541385e-05,8.85071835895905e-05,0.0010798978060049,0.000492589441387963,2.83703035306149e-05,0.000404993282154502,0.001362091142059,36.958
"100490",4.15036542541385e-05,8.85071835895905e-05,0.00221337176361779,0.000599875829186954,2.83703035306149e-05,0.00074914036383073,0.001362091142059,37.187
"100491",4.15036542541385e-05,8.85071835895905e-05,0.00209763439080368,0.000710758410618544,2.83703035306149e-05,0.00236226969349894,0.001362091142059,37.249
"100492",4.15036542541385e-05,8.85071835895905e-05,0.00161309280794917,0.000502152070332797,2.83703035306149e-05,0.00155610495306531,0.001362091142059,37.251
"100493",4.15036542541385e-05,8.85071835895905e-05,0.001765681683005,0.000563481818686905,2.83703035306149e-05,0.00180845863704787,0.001362091142059,37.251
"100494",4.15036542541385e-05,8.85071835895905e-05,0.0010798978060049,0.000492589441387963,2.83703035306149e-05,0.000404993282154502,0.001362091142059,37.251
"100495",4.15036542541385e-05,8.85071835895905e-05,0.00400547379180745,0.0013060632983797,2.83703035306149e-05,0.00167458119254406,0.001362091142059,37.254
"100496",4.15036542541385e-05,8.85071835895905e-05,0.00697471475855619,0.00326402463022446,2.83703035306149e-05,0.00747063468495195,0.001362091142059,37.251
"100497",4.15036542541385e-05,8.85071835895905e-05,0.0124903981442858,0.00761226495650951,2.83703035306149e-05,0.017069297225744,0.001362091142059,37.247
"100498",4.15036542541385e-05,8.85071835895905e-05,0.0010798978060049,0.000492589441387963,2.83703035306149e-05,0.000404993282154502,0.001362091142059,37.251
"100499",4.15036542541385e-05,8.85071835895905e-05,0.0010798978060049,0.000492589441387963,2.83703035306149e-05,0.000404993282154502,0.001362091142059,37.244
"100500",4.15036542541385e-05,8.85071835895905e-05,0.0010798978060049,0.000492589441387963,2.83703035306149e-05,0.000404993282154502,0.001362091142059,37.251
"100501",4.15036542541385e-05,8.85071835895905e-05,0.0010798978060049,0.000492589441387963,2.83703035306149e-05,0.000404993282154502,0.001362091142059,37.251
"100502",4.15036542541385e-05,8.85071835895905e-05,0.0010798978060049,0.000492589441387963,2.83703035306149e-05,0.000404993282154502,0.001362091142059,37.251
"100503",4.15036542541385e-05,8.85071835895905e-05,0.0010798978060049,0.000492589441387963,2.83703035306149e-05,0.000404993282154502,0.001362091142059,37.251
"100504",4.15036542541385e-05,8.85071835895905e-05,0.0010798978060049,0.000492589441387963,2.83703035306149e-05,0.000404993282154502,0.001362091142059,37.253
"100505",4.15036542541385e-05,8.85071835895905e-05,0.0010798978060049,0.000492589441387963,2.83703035306149e-05,0.000404993282154502,0.001362091142059,37.252
"100506",4.15036542541385e-05,8.85071835895905e-05,0.0010798978060049,0.000492589441387963,2.83703035306149e-05,0.000404993282154502,0.001362091142059,37.274
"100507",4.15036542541385e-05,8.85071835895905e-05,0.0010798978060049,0.000492589441387963,2.83703035306149e-05,0.000404993282154502,0.001362091142059,37.272
"100508",4.15036542541385e-05,8.85071835895905e-05,0.00251935198109581,0.000896148312515922,2.83703035306149e-05,0.00275929617730907,0.001362091142059,37.551
"100509",4.15036542541385e-05,8.85071835895905e-05,0.00276960525010352,0.00101527819937665,2.83703035306149e-05,0.00347439265902683,0.001362091142059,37.537
"100510",4.15036542541385e-05,8.85071835895905e-05,0.00514884771250473,0.00261128232708363,2.83703035306149e-05,0.0107060356178935,0.001362091142059,37.537
"100511",4.15036542541385e-05,8.85071835895905e-05,0.00153848730383451,0.000492589441387963,2.83703035306149e-05,0.00104573291540548,0.001362091142059,37.537
"100512",4.15036542541385e-05,8.85071835895905e-05,0.00367969975519978,0.0012997272536402,2.83703035306149e-05,0.00240618567561727,0.001362091142059,37.537
"100513",4.15036542541385e-05,8.85071835895905e-05,0.00894870956122689,0.00449584233779325,2.83703035306149e-05,0.00907082875481166,0.001362091142059,37.537
"100514",4.15036542541385e-05,8.85071835895905e-05,0.0010798978060049,0.000492589441387963,2.83703035306149e-05,0.000404993282154502,0.001362091142059,37.537
"100515",4.15036542541385e-05,8.85071835895905e-05,0.00115893625977158,0.000492589441387963,2.83703035306149e-05,0.000404993282154502,0.001362091142059,37.537
"100516",4.15036542541385e-05,8.85071835895905e-05,0.0010798978060049,0.000492589441387963,2.83703035306149e-05,0.000404993282154502,0.001362091142059,37.545
"100517",4.15036542541385e-05,8.85071835895905e-05,0.0010798978060049,0.000492589441387963,2.83703035306149e-05,0.000404993282154502,0.001362091142059,37.537
"100518",4.15036542541385e-05,8.85071835895905e-05,0.0010798978060049,0.000492589441387963,2.83703035306149e-05,0.000404993282154502,0.001362091142059,37.537
"100519",4.15036542541385e-05,8.85071835895905e-05,0.0010798978060049,0.000492589441387963,2.83703035306149e-05,0.000404993282154502,0.001362091142059,37.537
"100520",4.15036542541385e-05,8.85071835895905e-05,0.0010798978060049,0.000492589441387963,2.83703035306149e-05,0.000404993282154502,0.001362091142059,37.537
"100521",4.15036542541385e-05,8.85071835895905e-05,0.0010798978060049,0.000492589441387963,2.83703035306149e-05,0.000404993282154502,0.001362091142059,37.538
"100522",4.15036542541385e-05,8.85071835895905e-05,0.0010798978060049,0.000492589441387963,2.83703035306149e-05,0.000404993282154502,0.001362091142059,37.537
"100523",4.15036542541385e-05,8.85071835895905e-05,0.0010798978060049,0.000492589441387963,2.83703035306149e-05,0.000404993282154502,0.001362091142059,37.533
"100524",4.15036542541385e-05,8.85071835895905e-05,0.0010798978060049,0.000492589441387963,2.83703035306149e-05,0.000404993282154502,0.001362091142059,37.821
"100525",4.15036542541385e-05,8.85071835895905e-05,0.00299003165761441,0.00113100574095582,2.83703035306149e-05,0.00316228817253299,0.001362091142059,37.821
"100526",4.15036542541385e-05,8.85071835895905e-05,0.0431044057778517,0.0378968489082518,2.83703035306149e-05,0.0952322203159932,0.001362091142059,37.821
"100527",4.15036542541385e-05,8.85071835895905e-05,0.0138127771233247,0.00860059316926881,2.83703035306149e-05,0.0228176087639016,0.001362091142059,37.821
"100528",4.15036542541385e-05,8.85071835895905e-05,0.0144638680735361,0.00819235630233719,2.83703035306149e-05,0.0155728840280402,0.001362091142059,37.821
"100529",4.15036542541385e-05,8.85071835895905e-05,0.00694594149387315,0.00286383097935988,2.83703035306149e-05,0.00413940397727706,0.001362091142059,37.821
"100530",4.15036542541385e-05,8.85071835895905e-05,0.0010798978060049,0.000492589441387963,2.83703035306149e-05,0.000404993282154502,0.001362091142059,37.822
"100531",4.15036542541385e-05,8.85071835895905e-05,0.0010798978060049,0.000492589441387963,2.83703035306149e-05,0.000404993282154502,0.001362091142059,37.822
"100532",4.15036542541385e-05,8.85071835895905e-05,0.0010798978060049,0.000492589441387963,2.83703035306149e-05,0.000404993282154502,0.001362091142059,37.823
"100533",4.15036542541385e-05,8.85071835895905e-05,0.0010798978060049,0.000492589441387963,2.83703035306149e-05,0.000404993282154502,0.001362091142059,37.821
"100534",4.15036542541385e-05,8.85071835895905e-05,0.0010798978060049,0.000492589441387963,2.83703035306149e-05,0.000404993282154502,0.001362091142059,37.821
"100535",4.15036542541385e-05,8.85071835895905e-05,0.0010798978060049,0.000492589441387963,2.83703035306149e-05,0.000404993282154502,0.001362091142059,37.821
"100536",4.15036542541385e-05,8.85071835895905e-05,0.0010798978060049,0.000492589441387963,2.83703035306149e-05,0.000404993282154502,0.001362091142059,37.821
"100537",4.15036542541385e-05,8.85071835895905e-05,0.0010798978060049,0.000492589441387963,2.83703035306149e-05,0.000404993282154502,0.001362091142059,37.821
"100538",4.15036542541385e-05,8.85071835895905e-05,0.0010798978060049,0.000492589441387963,2.83703035306149e-05,0.000404993282154502,0.001362091142059,37.82
"100539",4.15036542541385e-05,8.85071835895905e-05,0.0010798978060049,0.000492589441387963,2.83703035306149e-05,0.000404993282154502,0.001362091142059,37.825
"100540",4.15036542541385e-05,8.85071835895905e-05,0.0010798978060049,0.000492589441387963,2.83703035306149e-05,0.000404993282154502,0.001362091142059,37.825
"100541",4.15036542541385e-05,8.85071835895905e-05,0.00127038057599869,0.000492589441387963,2.83703035306149e-05,0.00089676468433038,0.001362091142059,37.829
"100542",4.15036542541385e-05,8.85071835895905e-05,0.0010798978060049,0.000492589441387963,2.83703035306149e-05,0.000404993282154502,0.001362091142059,38.115
"100543",4.15036542541385e-05,8.85071835895905e-05,0.0010798978060049,0.000492589441387963,2.83703035306149e-05,0.000404993282154502,0.001362091142059,38.105
"100544",4.15036542541385e-05,8.85071835895905e-05,0.0010798978060049,0.000492589441387963,2.83703035306149e-05,0.000404993282154502,0.001362091142059,38.105
"100545",4.15036542541385e-05,8.85071835895905e-05,0.00403222047725995,0.00113423888584917,2.83703035306149e-05,0.00243722965221648,0.001362091142059,38.105
"100546",4.15036542541385e-05,8.85071835895905e-05,0.0132684030620873,0.00591861427334117,2.83703035306149e-05,0.0172416908519335,0.001362091142059,38.105
"100547",0.000453117320226436,0.000275954850809669,0.409416250319713,0.587176145046729,0.00107997264869407,0.910890930713263,0.001362091142059,38.105
"100548",4.15036542541385e-05,8.85071835895905e-05,0.114304664003247,0.106720913870482,2.83703035306149e-05,0.277639640993695,0.001362091142059,38.105
"100549",4.15036542541385e-05,8.85071835895905e-05,0.0010798978060049,0.000492589441387963,2.83703035306149e-05,0.000404993282154502,0.001362091142059,38.105
"100550",4.15036542541385e-05,8.85071835895905e-05,0.0010798978060049,0.000492589441387963,2.83703035306149e-05,0.000404993282154502,0.001362091142059,38.105
"100551",4.15036542541385e-05,8.85071835895905e-05,0.0010798978060049,0.000492589441387963,2.83703035306149e-05,0.000404993282154502,0.001362091142059,38.102
"100552",4.15036542541385e-05,8.85071835895905e-05,0.0010798978060049,0.000492589441387963,2.83703035306149e-05,0.000404993282154502,0.001362091142059,38.106
"100553",4.15036542541385e-05,8.85071835895905e-05,0.0010798978060049,0.000492589441387963,2.83703035306149e-05,0.000404993282154502,0.001362091142059,38.106
"100554",4.15036542541385e-05,8.85071835895905e-05,0.0010798978060049,0.000492589441387963,2.83703035306149e-05,0.000404993282154502,0.001362091142059,38.105
"100555",4.15036542541385e-05,8.85071835895905e-05,0.0010798978060049,0.000492589441387963,2.83703035306149e-05,0.000404993282154502,0.001362091142059,38.105
"100556",4.15036542541385e-05,8.85071835895905e-05,0.0010798978060049,0.000492589441387963,2.83703035306149e-05,0.000404993282154502,0.001362091142059,38.105
"100557",4.15036542541385e-05,8.85071835895905e-05,0.0010798978060049,0.000492589441387963,2.83703035306149e-05,0.000404993282154502,0.001362091142059,38.099
"100558",4.15036542541385e-05,8.85071835895905e-05,0.0010798978060049,0.000492589441387963,2.83703035306149e-05,0.000404993282154502,0.001362091142059,38.076
"100559",4.15036542541385e-05,8.85071835895905e-05,0.0010798978060049,0.000492589441387963,2.83703035306149e-05,0.000404993282154502,0.001362091142059,38.106
"100560",4.15036542541385e-05,8.85071835895905e-05,0.00120931592454075,0.000492589441387963,2.83703035306149e-05,0.00093021287405057,0.001362091142059,38.122
"100561",4.15036542541385e-05,8.85071835895905e-05,0.0010798978060049,0.000492589441387963,2.83703035306149e-05,0.000404993282154502,0.001362091142059,38.35
"100562",4.15036542541385e-05,8.85071835895905e-05,0.0010798978060049,0.000492589441387963,2.83703035306149e-05,0.000404993282154502,0.001362091142059,38.387
"100563",4.15036542541385e-05,8.85071835895905e-05,0.0010798978060049,0.000492589441387963,2.83703035306149e-05,0.000404993282154502,0.001362091142059,38.387
"100564",4.15036542541385e-05,8.85071835895905e-05,0.00229266292005271,0.000533716549042865,2.83703035306149e-05,0.00108952227199264,0.001362091142059,38.387
"100565",4.15036542541385e-05,8.85071835895905e-05,0.0099769754085817,0.00377703938550987,2.83703035306149e-05,0.00805228677449915,0.001362091142059,38.387
"100566",4.15036542541385e-05,8.85071835895905e-05,0.0726500526084466,0.063034684972858,2.83703035306149e-05,0.206569053640564,0.001362091142059,38.387
"100567",0.000650568154302589,8.85071835895905e-05,0.620186975615269,0.797767960585871,0.000571382906490472,0.952136480979681,0.001362091142059,38.387
"100568",4.15036542541385e-05,8.85071835895905e-05,0.0501900676852403,0.0294046366387387,2.83703035306149e-05,0.0409410945861465,0.001362091142059,38.387
"100569",4.15036542541385e-05,8.85071835895905e-05,0.00153663936225867,0.000492589441387963,2.83703035306149e-05,0.000404993282154502,0.001362091142059,38.387
"100570",4.15036542541385e-05,8.85071835895905e-05,0.0010798978060049,0.000492589441387963,2.83703035306149e-05,0.000404993282154502,0.001362091142059,38.387
"100571",4.15036542541385e-05,8.85071835895905e-05,0.0010798978060049,0.000492589441387963,2.83703035306149e-05,0.000404993282154502,0.001362091142059,38.384
"100572",4.15036542541385e-05,8.85071835895905e-05,0.0010798978060049,0.000492589441387963,2.83703035306149e-05,0.000404993282154502,0.001362091142059,38.387
"100573",4.15036542541385e-05,8.85071835895905e-05,0.0010798978060049,0.000492589441387963,2.83703035306149e-05,0.000404993282154502,0.001362091142059,38.387
"100574",4.15036542541385e-05,8.85071835895905e-05,0.0010798978060049,0.000492589441387963,2.83703035306149e-05,0.000404993282154502,0.001362091142059,38.387
"100575",4.15036542541385e-05,8.85071835895905e-05,0.0010798978060049,0.000492589441387963,2.83703035306149e-05,0.000404993282154502,0.001362091142059,38.386
"100576",4.15036542541385e-05,8.85071835895905e-05,0.0010798978060049,0.000492589441387963,2.83703035306149e-05,0.000404993282154502,0.001362091142059,38.398
"100577",4.15036542541385e-05,8.85071835895905e-05,0.0010798978060049,0.000492589441387963,2.83703035306149e-05,0.000404993282154502,0.001362091142059,38.389
"100578",4.15036542541385e-05,8.85071835895905e-05,0.0010798978060049,0.000492589441387963,2.83703035306149e-05,0.000404993282154502,0.001362091142059,38.401
"100579",4.15036542541385e-05,8.85071835895905e-05,0.0010798978060049,0.000492589441387963,2.83703035306149e-05,0.000404993282154502,0.001362091142059,38.387
"100580",4.15036542541385e-05,8.85071835895905e-05,0.0010798978060049,0.000492589441387963,2.83703035306149e-05,0.000404993282154502,0.001362091142059,38.392
"100581",4.15036542541385e-05,8.85071835895905e-05,0.0010798978060049,0.000492589441387963,2.83703035306149e-05,0.000404993282154502,0.001362091142059,38.666
"100582",4.15036542541385e-05,8.85071835895905e-05,0.0010798978060049,0.000492589441387963,2.83703035306149e-05,0.000404993282154502,0.001362091142059,38.668
"100583",4.15036542541385e-05,8.85071835895905e-05,0.00230331334751336,0.000517584337786055,2.83703035306149e-05,0.000884912946337769,0.001362091142059,38.668
"100584",4.15036542541385e-05,8.85071835895905e-05,0.00786367061611514,0.00267488475351087,2.83703035306149e-05,0.00506300591724865,0.001362091142059,38.668
"100585",4.15036542541385e-05,8.85071835895905e-05,0.00841232825952654,0.00304282192829722,2.83703035306149e-05,0.00649491366697668,0.001362091142059,38.668
"100586",4.15036542541385e-05,8.85071835895905e-05,0.274200068227914,0.360258830692824,2.83703035306149e-05,0.709256350498967,0.001362091142059,38.668
"100587",4.15036542541385e-05,8.85071835895905e-05,0.180596345866992,0.156505134800416,2.83703035306149e-05,0.232738478976292,0.001362091142059,38.668
"100588",4.15036542541385e-05,8.85071835895905e-05,0.0124450127979329,0.00401603267781253,2.83703035306149e-05,0.00449145675315213,0.001362091142059,38.668
"100589",4.15036542541385e-05,8.85071835895905e-05,0.0010798978060049,0.000492589441387963,2.83703035306149e-05,0.000404993282154502,0.001362091142059,38.668
"100590",4.15036542541385e-05,8.85071835895905e-05,0.001800940742827,0.000492589441387963,2.83703035306149e-05,0.000404993282154502,0.001362091142059,38.668
"100591",4.15036542541385e-05,8.85071835895905e-05,0.0010798978060049,0.000492589441387963,2.83703035306149e-05,0.000404993282154502,0.001362091142059,38.668
"100592",4.15036542541385e-05,8.85071835895905e-05,0.0010798978060049,0.000492589441387963,2.83703035306149e-05,0.000404993282154502,0.001362091142059,38.668
"100593",4.15036542541385e-05,8.85071835895905e-05,0.0010798978060049,0.000492589441387963,2.83703035306149e-05,0.000404993282154502,0.001362091142059,38.668
"100594",4.15036542541385e-05,8.85071835895905e-05,0.0010798978060049,0.000492589441387963,2.83703035306149e-05,0.000404993282154502,0.001362091142059,38.669
"100595",4.15036542541385e-05,8.85071835895905e-05,0.0010798978060049,0.000492589441387963,2.83703035306149e-05,0.000404993282154502,0.001362091142059,38.668
"100596",4.15036542541385e-05,8.85071835895905e-05,0.0010798978060049,0.000492589441387963,2.83703035306149e-05,0.000404993282154502,0.001362091142059,38.666
"100597",4.15036542541385e-05,8.85071835895905e-05,0.0010798978060049,0.000492589441387963,2.83703035306149e-05,0.000404993282154502,0.001362091142059,38.67
"100598",4.15036542541385e-05,8.85071835895905e-05,0.0010798978060049,0.000492589441387963,2.83703035306149e-05,0.000404993282154502,0.001362091142059,38.668
"100599",4.15036542541385e-05,8.85071835895905e-05,0.0010798978060049,0.000492589441387963,2.83703035306149e-05,0.000404993282154502,0.001362091142059,38.663
"100600",4.15036542541385e-05,8.85071835895905e-05,0.00109351927476746,0.000492589441387963,2.83703035306149e-05,0.000404993282154502,0.001362091142059,38.938
"100601",4.15036542541385e-05,8.85071835895905e-05,0.00254002476168279,0.000548575461707733,2.83703035306149e-05,0.000755001734117824,0.001362091142059,38.948
"100602",4.15036542541385e-05,8.85071835895905e-05,0.00332917964469111,0.000842378089298864,2.83703035306149e-05,0.0014444046793215,0.001362091142059,38.948
"100603",4.15036542541385e-05,8.85071835895905e-05,0.00223078093623872,0.000517644148348174,2.83703035306149e-05,0.000999469289443479,0.001362091142059,38.948
"100604",4.15036542541385e-05,8.85071835895905e-05,0.00263315423546568,0.000657570383775054,2.83703035306149e-05,0.00154214970284653,0.001362091142059,38.948
"100605",4.15036542541385e-05,8.85071835895905e-05,0.050667312878138,0.0320948357928125,2.83703035306149e-05,0.0688144359049117,0.001362091142059,38.948
"100606",4.15036542541385e-05,8.85071835895905e-05,0.0750344227082487,0.0531874146207071,2.83703035306149e-05,0.101012830999462,0.001362091142059,38.948
"100607",4.15036542541385e-05,8.85071835895905e-05,0.0010798978060049,0.000492589441387963,2.83703035306149e-05,0.000404993282154502,0.001362091142059,38.948
"100608",4.15036542541385e-05,8.85071835895905e-05,0.240306020778051,0.293204609907912,2.83703035306149e-05,0.632082064005989,0.001362091142059,38.948
"100609",4.15036542541385e-05,8.85071835895905e-05,0.0010798978060049,0.000492589441387963,2.83703035306149e-05,0.000404993282154502,0.001362091142059,38.948
"100610",4.15036542541385e-05,8.85071835895905e-05,0.0010798978060049,0.000492589441387963,2.83703035306149e-05,0.000404993282154502,0.001362091142059,38.948
"100611",4.15036542541385e-05,8.85071835895905e-05,0.0010798978060049,0.000492589441387963,2.83703035306149e-05,0.000404993282154502,0.001362091142059,38.948
"100612",4.15036542541385e-05,8.85071835895905e-05,0.0010798978060049,0.000492589441387963,2.83703035306149e-05,0.000404993282154502,0.001362091142059,38.949
"100613",4.15036542541385e-05,8.85071835895905e-05,0.0010798978060049,0.000492589441387963,2.83703035306149e-05,0.000404993282154502,0.001362091142059,38.963
"100614",4.15036542541385e-05,8.85071835895905e-05,0.0010798978060049,0.000492589441387963,2.83703035306149e-05,0.000404993282154502,0.001362091142059,38.949
"100615",4.15036542541385e-05,8.85071835895905e-05,0.0010798978060049,0.000492589441387963,2.83703035306149e-05,0.000404993282154502,0.001362091142059,38.948
"100616",4.15036542541385e-05,8.85071835895905e-05,0.0010798978060049,0.000492589441387963,2.83703035306149e-05,0.000404993282154502,0.001362091142059,38.948
"100617",4.15036542541385e-05,8.85071835895905e-05,0.0010798978060049,0.000492589441387963,2.83703035306149e-05,0.000404993282154502,0.001362091142059,39.225
"100618",4.15036542541385e-05,8.85071835895905e-05,0.0010798978060049,0.000492589441387963,2.83703035306149e-05,0.000404993282154502,0.001362091142059,39.227
"100619",4.15036542541385e-05,8.85071835895905e-05,0.00254527095942459,0.000658398527745982,2.83703035306149e-05,0.0015681343670611,0.001362091142059,39.227
"100620",4.15036542541385e-05,8.85071835895905e-05,0.0021714340278397,0.000518775362629037,2.83703035306149e-05,0.0011828811720341,0.001362091142059,39.227
"100621",4.15036542541385e-05,8.85071835895905e-05,0.0140936817635592,0.00603562715149051,2.83703035306149e-05,0.0140270005822932,0.001362091142059,39.227
"100622",4.15036542541385e-05,8.85071835895905e-05,0.120968786438425,0.110713425035738,2.83703035306149e-05,0.266775044781709,0.001362091142059,39.227
"100623",4.15036542541385e-05,8.85071835895905e-05,0.00380006307436082,0.000795768367960445,2.83703035306149e-05,0.000778743911439414,0.001362091142059,39.227
"100624",4.15036542541385e-05,8.85071835895905e-05,0.0203989064459984,0.00938629263630416,2.83703035306149e-05,0.0192376273113512,0.001362091142059,39.227
"100625",4.15036542541385e-05,8.85071835895905e-05,0.413825539207424,0.578525274725068,2.83703035306149e-05,0.868739590095937,0.0856850991134884,39.227
"100626",4.15036542541385e-05,8.85071835895905e-05,0.0010798978060049,0.000492589441387963,2.83703035306149e-05,0.000404993282154502,0.001362091142059,39.228
"100627",4.15036542541385e-05,8.85071835895905e-05,0.0010798978060049,0.000492589441387963,2.83703035306149e-05,0.000404993282154502,0.001362091142059,39.227
"100628",4.15036542541385e-05,8.85071835895905e-05,0.0010798978060049,0.000492589441387963,2.83703035306149e-05,0.000404993282154502,0.001362091142059,39.227
"100629",4.15036542541385e-05,8.85071835895905e-05,0.0010798978060049,0.000492589441387963,2.83703035306149e-05,0.000404993282154502,0.001362091142059,39.227
"100630",4.15036542541385e-05,8.85071835895905e-05,0.0010798978060049,0.000492589441387963,2.83703035306149e-05,0.000404993282154502,0.001362091142059,39.205
"100631",4.15036542541385e-05,8.85071835895905e-05,0.0010798978060049,0.000492589441387963,2.83703035306149e-05,0.000404993282154502,0.001362091142059,39.226
"100632",4.15036542541385e-05,8.85071835895905e-05,0.0010798978060049,0.000492589441387963,2.83703035306149e-05,0.000404993282154502,0.001362091142059,39.222
"100633",4.15036542541385e-05,8.85071835895905e-05,0.0010798978060049,0.000492589441387963,2.83703035306149e-05,0.000404993282154502,0.001362091142059,39.246
"100634",4.15036542541385e-05,8.85071835895905e-05,0.00118327603656493,0.000492589441387963,2.83703035306149e-05,0.000404993282154502,0.001362091142059,39.476
"100635",4.15036542541385e-05,8.85071835895905e-05,0.0536363886694648,0.0385378644384085,2.83703035306149e-05,0.101436424023544,0.001362091142059,39.505
"100636",4.15036542541385e-05,8.85071835895905e-05,0.0135459416139475,0.00625173233741375,2.83703035306149e-05,0.0188949438397926,0.001362091142059,39.505
"100637",4.15036542541385e-05,8.85071835895905e-05,0.00391364473306235,0.0011448946302261,2.83703035306149e-05,0.00303051212909704,0.001362091142059,39.505
"100638",4.15036542541385e-05,8.85071835895905e-05,0.171761796872395,0.183875311956572,2.83703035306149e-05,0.455242634523449,0.001362091142059,39.505
"100639",4.15036542541385e-05,8.85071835895905e-05,0.00895496014322184,0.00246018485697522,2.83703035306149e-05,0.00290575164557,0.001362091142059,39.505
"100640",4.15036542541385e-05,8.85071835895905e-05,0.0011316339134362,0.000492589441387963,2.83703035306149e-05,0.000404993282154502,0.001362091142059,39.505
"100641",4.15036542541385e-05,8.85071835895905e-05,0.0369657560473769,0.022787581631415,2.83703035306149e-05,0.0684223009219545,0.001362091142059,39.505
"100642",4.15036542541385e-05,8.85071835895905e-05,0.0109491336276787,0.00366257331814976,2.83703035306149e-05,0.0057392199287129,0.001362091142059,39.505
"100643",4.15036542541385e-05,8.85071835895905e-05,0.0010798978060049,0.000492589441387963,2.83703035306149e-05,0.000404993282154502,0.001362091142059,39.505
"100644",4.15036542541385e-05,8.85071835895905e-05,0.0010798978060049,0.000492589441387963,2.83703035306149e-05,0.000404993282154502,0.001362091142059,39.505
"100645",4.15036542541385e-05,8.85071835895905e-05,0.0010798978060049,0.000492589441387963,2.83703035306149e-05,0.000404993282154502,0.001362091142059,39.505
"100646",4.15036542541385e-05,8.85071835895905e-05,0.0010798978060049,0.000492589441387963,2.83703035306149e-05,0.000404993282154502,0.001362091142059,39.506
"100647",4.15036542541385e-05,8.85071835895905e-05,0.0010798978060049,0.000492589441387963,2.83703035306149e-05,0.000404993282154502,0.001362091142059,39.51
"100648",4.15036542541385e-05,8.85071835895905e-05,0.0010798978060049,0.000492589441387963,2.83703035306149e-05,0.000404993282154502,0.001362091142059,39.516
"100649",4.15036542541385e-05,8.85071835895905e-05,0.0010798978060049,0.000492589441387963,2.83703035306149e-05,0.000404993282154502,0.001362091142059,39.509
"100650",4.15036542541385e-05,8.85071835895905e-05,0.0010798978060049,0.000492589441387963,2.83703035306149e-05,0.000404993282154502,0.001362091142059,39.505
"100651",4.15036542541385e-05,8.85071835895905e-05,0.0010798978060049,0.000492589441387963,2.83703035306149e-05,0.000404993282154502,0.001362091142059,39.505
"100652",4.15036542541385e-05,8.85071835895905e-05,0.0010798978060049,0.000492589441387963,2.83703035306149e-05,0.000404993282154502,0.001362091142059,39.507
"100653",4.15036542541385e-05,8.85071835895905e-05,0.262366496460881,0.310078409226351,2.83703035306149e-05,0.58644063853747,0.001362091142059,39.78
"100654",4.15036542541385e-05,8.85071835895905e-05,0.062272941267512,0.042014077317455,2.83703035306149e-05,0.0936661816095511,0.001362091142059,39.781
"100655",4.15036542541385e-05,8.85071835895905e-05,0.0010798978060049,0.000492589441387963,2.83703035306149e-05,0.000404993282154502,0.001362091142059,39.781
"100656",4.15036542541385e-05,8.85071835895905e-05,0.0156808999122171,0.00603206485506121,2.83703035306149e-05,0.0111615757456583,0.001362091142059,39.781
"100657",4.15036542541385e-05,8.85071835895905e-05,0.00610329110091278,0.001421675254766,2.83703035306149e-05,0.00147290331463182,0.001362091142059,39.781
"100658",4.15036542541385e-05,8.85071835895905e-05,0.00117902409895904,0.000492589441387963,2.83703035306149e-05,0.000404993282154502,0.001362091142059,39.781
"100659",4.15036542541385e-05,8.85071835895905e-05,0.0292407572063892,0.0144688392095866,2.83703035306149e-05,0.0318436666193373,0.001362091142059,39.781
"100660",4.15036542541385e-05,8.85071835895905e-05,0.00880661086602603,0.0024703992235624,2.83703035306149e-05,0.00300314390641889,0.001362091142059,39.781
"100661",4.15036542541385e-05,8.85071835895905e-05,0.00128286189361029,0.000492589441387963,2.83703035306149e-05,0.000404993282154502,0.001362091142059,39.781
"100662",4.15036542541385e-05,8.85071835895905e-05,0.00804667879218691,0.00233498163710132,2.83703035306149e-05,0.00322121737728088,0.001362091142059,39.781
"100663",4.15036542541385e-05,8.85071835895905e-05,0.0161658842082673,0.00786391657695477,2.83703035306149e-05,0.0167666074631498,0.001362091142059,39.781
"100664",4.15036542541385e-05,8.85071835895905e-05,0.00672690525629547,0.00228707445977776,2.83703035306149e-05,0.00379629423281817,0.001362091142059,39.781
"100665",4.15036542541385e-05,8.85071835895905e-05,0.00200709580827318,0.000492589441387963,2.83703035306149e-05,0.000542436367135144,0.001362091142059,39.781
"100666",4.15036542541385e-05,8.85071835895905e-05,0.0010798978060049,0.000492589441387963,2.83703035306149e-05,0.000404993282154502,0.001362091142059,39.781
"100667",4.15036542541385e-05,8.85071835895905e-05,0.0010798978060049,0.000492589441387963,2.83703035306149e-05,0.000404993282154502,0.001362091142059,39.785
"100668",4.15036542541385e-05,8.85071835895905e-05,0.0010798978060049,0.000492589441387963,2.83703035306149e-05,0.000404993282154502,0.001362091142059,39.781
"100669",4.15036542541385e-05,8.85071835895905e-05,0.0010798978060049,0.000492589441387963,2.83703035306149e-05,0.000404993282154502,0.001362091142059,39.781
"100670",4.15036542541385e-05,8.85071835895905e-05,0.0010798978060049,0.000492589441387963,2.83703035306149e-05,0.000404993282154502,0.001362091142059,39.781
"100671",4.15036542541385e-05,8.85071835895905e-05,0.0010798978060049,0.000492589441387963,2.83703035306149e-05,0.000404993282154502,0.001362091142059,39.791
"100672",4.15036542541385e-05,8.85071835895905e-05,0.00542050859361615,0.00137782698010356,2.83703035306149e-05,0.00164980315049264,0.001362091142059,40.051
"100673",4.15036542541385e-05,8.85071835895905e-05,0.0177817964209113,0.00634104781663848,2.83703035306149e-05,0.0074749726593027,0.001362091142059,40.057
"100674",4.15036542541385e-05,8.85071835895905e-05,0.0010798978060049,0.000492589441387963,2.83703035306149e-05,0.000404993282154502,0.001362091142059,40.057
"100675",4.15036542541385e-05,8.85071835895905e-05,0.00430455633313385,0.000914769992847305,2.83703035306149e-05,0.00100547742075541,0.001362091142059,40.057
"100676",4.15036542541385e-05,8.85071835895905e-05,0.0926308367791663,0.0572319356311157,2.83703035306149e-05,0.078148805057311,0.001362091142059,40.057
"100677",4.15036542541385e-05,8.85071835895905e-05,0.0010798978060049,0.000492589441387963,2.83703035306149e-05,0.000404993282154502,0.001362091142059,40.057
"100678",4.15036542541385e-05,8.85071835895905e-05,0.0215685122971459,0.0090642048283315,2.83703035306149e-05,0.0162322188899001,0.001362091142059,40.057
"100679",4.15036542541385e-05,8.85071835895905e-05,0.0050735700055512,0.00125302601812864,2.83703035306149e-05,0.00169291941404326,0.001362091142059,40.057
"100680",4.15036542541385e-05,8.85071835895905e-05,0.00221795452105292,0.000492589441387963,2.83703035306149e-05,0.000462518245382679,0.001362091142059,40.057
"100681",4.15036542541385e-05,8.85071835895905e-05,0.0048038556498918,0.00123858758233506,2.83703035306149e-05,0.00180892075895481,0.001362091142059,40.057
"100682",4.15036542541385e-05,8.85071835895905e-05,0.0156674834347122,0.00704858350509902,2.83703035306149e-05,0.0125479731385168,0.001362091142059,40.057
"100683",4.15036542541385e-05,8.85071835895905e-05,0.0139998745262985,0.00626116486545025,2.83703035306149e-05,0.0124794358695454,0.001362091142059,40.057
"100684",4.15036542541385e-05,8.85071835895905e-05,0.0036379405444381,0.000953886472311571,2.83703035306149e-05,0.00131030286107199,0.001362091142059,40.057
"100685",4.15036542541385e-05,8.85071835895905e-05,0.0010798978060049,0.000492589441387963,2.83703035306149e-05,0.000404993282154502,0.001362091142059,40.057
"100686",4.15036542541385e-05,8.85071835895905e-05,0.0010798978060049,0.000492589441387963,2.83703035306149e-05,0.000404993282154502,0.001362091142059,40.057
"100687",4.15036542541385e-05,8.85071835895905e-05,0.0010798978060049,0.000492589441387963,2.83703035306149e-05,0.000404993282154502,0.001362091142059,40.057
"100688",4.15036542541385e-05,8.85071835895905e-05,0.0010798978060049,0.000492589441387963,2.83703035306149e-05,0.000404993282154502,0.001362091142059,40.057
"100689",4.15036542541385e-05,8.85071835895905e-05,0.0010798978060049,0.000492589441387963,2.83703035306149e-05,0.000404993282154502,0.001362091142059,40.057
"100690",4.15036542541385e-05,8.85071835895905e-05,0.0010798978060049,0.000492589441387963,2.83703035306149e-05,0.000404993282154502,0.001362091142059,40.062
"100691",4.15036542541385e-05,8.85071835895905e-05,0.00120098133636751,0.000492589441387963,2.83703035306149e-05,0.000404993282154502,0.001362091142059,40.331
"100692",4.15036542541385e-05,8.85071835895905e-05,0.0010798978060049,0.000492589441387963,2.83703035306149e-05,0.000404993282154502,0.001362091142059,40.331
"100693",4.15036542541385e-05,8.85071835895905e-05,0.0010819766941031,0.000492589441387963,2.83703035306149e-05,0.000404993282154502,0.001362091142059,40.331
"100694",4.15036542541385e-05,8.85071835895905e-05,0.0014925393864604,0.000492589441387963,2.83703035306149e-05,0.000404993282154502,0.001362091142059,40.331
"100695",4.15036542541385e-05,8.85071835895905e-05,0.0010798978060049,0.000492589441387963,2.83703035306149e-05,0.000404993282154502,0.001362091142059,40.331
"100696",4.15036542541385e-05,8.85071835895905e-05,0.00172907792029973,0.000492589441387963,2.83703035306149e-05,0.000430806184338811,0.001362091142059,40.331
"100697",4.15036542541385e-05,8.85071835895905e-05,0.00342442354867156,0.000746454265797927,2.83703035306149e-05,0.000954500118068296,0.001362091142059,40.331
"100698",4.15036542541385e-05,8.85071835895905e-05,0.00209648186021083,0.000492589441387963,2.83703035306149e-05,0.000430165505477207,0.001362091142059,40.331
"100699",4.15036542541385e-05,8.85071835895905e-05,0.00186807059447047,0.000492589441387963,2.83703035306149e-05,0.000404993282154502,0.001362091142059,40.331
"100700",4.15036542541385e-05,8.85071835895905e-05,0.0777432680320939,0.0609179516769199,2.83703035306149e-05,0.127518245280926,0.001362091142059,40.331
"100701",4.15036542541385e-05,8.85071835895905e-05,0.137221927275231,0.146039375351027,2.83703035306149e-05,0.341490742935876,0.001362091142059,40.331
"100702",4.15036542541385e-05,8.85071835895905e-05,0.00667058246884261,0.00211091862298932,2.83703035306149e-05,0.00369136128572577,0.001362091142059,40.331
"100703",4.15036542541385e-05,8.85071835895905e-05,0.0010798978060049,0.000492589441387963,2.83703035306149e-05,0.000404993282154502,0.001362091142059,40.331
"100704",4.15036542541385e-05,8.85071835895905e-05,0.0010798978060049,0.000492589441387963,2.83703035306149e-05,0.000404993282154502,0.001362091142059,40.331
"100705",4.15036542541385e-05,8.85071835895905e-05,0.0010798978060049,0.000492589441387963,2.83703035306149e-05,0.000404993282154502,0.001362091142059,40.331
"100706",4.15036542541385e-05,8.85071835895905e-05,0.0010798978060049,0.000492589441387963,2.83703035306149e-05,0.000404993282154502,0.001362091142059,40.331
"100707",4.15036542541385e-05,8.85071835895905e-05,0.0010798978060049,0.000492589441387963,2.83703035306149e-05,0.000404993282154502,0.001362091142059,40.331
"100708",4.15036542541385e-05,8.85071835895905e-05,0.0010798978060049,0.000492589441387963,2.83703035306149e-05,0.000404993282154502,0.001362091142059,40.323
"100709",4.15036542541385e-05,8.85071835895905e-05,0.0010798978060049,0.000492589441387963,2.83703035306149e-05,0.000404993282154502,0.001362091142059,40.605
"100710",4.15036542541385e-05,8.85071835895905e-05,0.0010798978060049,0.000492589441387963,2.83703035306149e-05,0.000404993282154502,0.001362091142059,40.605
"100711",4.15036542541385e-05,8.85071835895905e-05,0.0010798978060049,0.000492589441387963,2.83703035306149e-05,0.000404993282154502,0.001362091142059,40.605
"100712",4.15036542541385e-05,8.85071835895905e-05,0.0010798978060049,0.000492589441387963,2.83703035306149e-05,0.000404993282154502,0.001362091142059,40.605
"100713",4.15036542541385e-05,8.85071835895905e-05,0.00870039060259085,0.00236948857030378,2.83703035306149e-05,0.00303204252956642,0.001362091142059,40.605
"100714",4.15036542541385e-05,8.85071835895905e-05,0.0101044234091864,0.00278270945213524,2.83703035306149e-05,0.00293409818881038,0.001362091142059,40.605
"100715",4.15036542541385e-05,8.85071835895905e-05,0.0308978031469636,0.0147707642162987,2.83703035306149e-05,0.0262614904557162,0.001362091142059,40.605
"100716",4.15036542541385e-05,8.85071835895905e-05,0.00655037658687672,0.00176686074297855,2.83703035306149e-05,0.00219880537812723,0.001362091142059,40.605
"100717",4.15036542541385e-05,8.85071835895905e-05,0.00144253834961081,0.000492589441387963,2.83703035306149e-05,0.000404993282154502,0.001362091142059,40.605
"100718",4.15036542541385e-05,8.85071835895905e-05,0.0035670545291613,0.000676033929031976,2.83703035306149e-05,0.000511414042087656,0.001362091142059,40.605
"100719",4.15036542541385e-05,8.85071835895905e-05,0.164592410858551,0.175576779299051,2.83703035306149e-05,0.275193666619775,0.001362091142059,40.605
"100720",4.15036542541385e-05,8.85071835895905e-05,0.0481187543972235,0.0320098852380075,2.83703035306149e-05,0.0542536209360185,0.001362091142059,40.605
"100721",4.15036542541385e-05,8.85071835895905e-05,0.00297596577425508,0.000673583392360795,2.83703035306149e-05,0.000789758217218776,0.001362091142059,40.605
"100722",4.15036542541385e-05,8.85071835895905e-05,0.0010798978060049,0.000492589441387963,2.83703035306149e-05,0.000404993282154502,0.001362091142059,40.605
"100723",4.15036542541385e-05,8.85071835895905e-05,0.0010798978060049,0.000492589441387963,2.83703035306149e-05,0.000404993282154502,0.001362091142059,40.605
"100724",4.15036542541385e-05,8.85071835895905e-05,0.0010798978060049,0.000492589441387963,2.83703035306149e-05,0.000404993282154502,0.001362091142059,40.605
"100725",4.15036542541385e-05,8.85071835895905e-05,0.0010798978060049,0.000492589441387963,2.83703035306149e-05,0.000404993282154502,0.001362091142059,40.605
"100726",4.15036542541385e-05,8.85071835895905e-05,0.0010798978060049,0.000492589441387963,2.83703035306149e-05,0.000404993282154502,0.001362091142059,40.63
"100727",4.15036542541385e-05,8.85071835895905e-05,0.0014998008737984,0.000492589441387963,2.83703035306149e-05,0.000533111124188698,0.001362091142059,40.658
"100728",4.15036542541385e-05,8.85071835895905e-05,0.0010798978060049,0.000492589441387963,2.83703035306149e-05,0.000404993282154502,0.001362091142059,40.877
"100729",4.15036542541385e-05,8.85071835895905e-05,0.0010798978060049,0.000492589441387963,2.83703035306149e-05,0.000404993282154502,0.001362091142059,40.877
"100730",4.15036542541385e-05,8.85071835895905e-05,0.0010798978060049,0.000492589441387963,2.83703035306149e-05,0.000404993282154502,0.001362091142059,40.877
"100731",4.15036542541385e-05,8.85071835895905e-05,0.0010798978060049,0.000492589441387963,2.83703035306149e-05,0.000404993282154502,0.001362091142059,40.877
"100732",4.15036542541385e-05,8.85071835895905e-05,0.00434904200462893,0.00097078089304213,2.83703035306149e-05,0.00110354352177748,0.001362091142059,40.877
"100733",4.15036542541385e-05,8.85071835895905e-05,0.00922520818287221,0.00234255054747249,2.83703035306149e-05,0.00201853897723249,0.001362091142059,40.877
"100734",4.15036542541385e-05,8.85071835895905e-05,0.219159620131131,0.214693187124604,2.83703035306149e-05,0.38540455907071,0.001362091142059,40.877
"100735",4.15036542541385e-05,8.85071835895905e-05,0.0214070376598266,0.00847437583058453,2.83703035306149e-05,0.0106887505261028,0.001362091142059,40.877
"100736",4.15036542541385e-05,8.85071835895905e-05,0.0127302915539351,0.00418794957404721,2.83703035306149e-05,0.00491375665966037,0.001362091142059,40.877
"100737",4.15036542541385e-05,8.85071835895905e-05,0.00943409688015493,0.00255692730560505,2.83703035306149e-05,0.00236542570175877,0.001362091142059,40.877
"100738",4.15036542541385e-05,8.85071835895905e-05,0.0508490026832885,0.0312252618476178,2.83703035306149e-05,0.043887000977012,0.001362091142059,40.877
"100739",4.15036542541385e-05,8.85071835895905e-05,0.0152285769758122,0.00574555966039737,2.83703035306149e-05,0.00822270751182498,0.001362091142059,40.877
"100740",4.15036542541385e-05,8.85071835895905e-05,0.00495494371156868,0.00139112037643732,2.83703035306149e-05,0.00269035149549213,0.001362091142059,40.877
"100741",4.15036542541385e-05,8.85071835895905e-05,0.0010798978060049,0.000492589441387963,2.83703035306149e-05,0.000404993282154502,0.001362091142059,40.877
"100742",4.15036542541385e-05,8.85071835895905e-05,0.0010798978060049,0.000492589441387963,2.83703035306149e-05,0.000404993282154502,0.001362091142059,40.877
"100743",4.15036542541385e-05,8.85071835895905e-05,0.00207592988496768,0.000492589441387963,2.83703035306149e-05,0.0006950349215608,0.001362091142059,40.877
"100744",4.15036542541385e-05,8.85071835895905e-05,0.00252256656739759,0.000554164542634098,2.83703035306149e-05,0.000693205230606846,0.001362091142059,40.877
"100745",4.15036542541385e-05,8.85071835895905e-05,0.00189473034453762,0.000492589441387963,2.83703035306149e-05,0.000463145758131743,0.001362091142059,40.877
"100746",4.15036542541385e-05,8.85071835895905e-05,0.00595395782224724,0.00206726361687727,2.83703035306149e-05,0.0070713914864514,0.001362091142059,40.874
"100747",4.15036542541385e-05,8.85071835895905e-05,0.0131466837698456,0.00659260247756244,2.83703035306149e-05,0.0265217727048187,0.001362091142059,40.83
"100748",4.15036542541385e-05,8.85071835895905e-05,0.0010798978060049,0.000492589441387963,2.83703035306149e-05,0.000404993282154502,0.001362091142059,40.847
"100749",4.15036542541385e-05,8.85071835895905e-05,0.0010798978060049,0.000492589441387963,2.83703035306149e-05,0.000404993282154502,0.001362091142059,40.875
"100750",4.15036542541385e-05,8.85071835895905e-05,0.00176764048255417,0.000492589441387963,2.83703035306149e-05,0.000404993282154502,0.001362091142059,41.148
"100751",4.15036542541385e-05,8.85071835895905e-05,0.0015935052516165,0.000492589441387963,2.83703035306149e-05,0.000404993282154502,0.001362091142059,41.148
"100752",4.15036542541385e-05,8.85071835895905e-05,0.00473368923940679,0.000991093053253475,2.83703035306149e-05,0.000888804325954465,0.001362091142059,41.148
"100753",4.15036542541385e-05,8.85071835895905e-05,0.00700183131624968,0.00167758399414794,2.83703035306149e-05,0.00151139572374993,0.001362091142059,41.148
"100754",4.15036542541385e-05,8.85071835895905e-05,0.00407910382129134,0.000904854705725899,2.83703035306149e-05,0.00100101898863482,0.001362091142059,41.148
"100755",4.15036542541385e-05,8.85071835895905e-05,0.00548468052063318,0.0014723325233884,2.83703035306149e-05,0.00226926777202816,0.001362091142059,41.148
"100756",4.15036542541385e-05,8.85071835895905e-05,0.023490685116437,0.00976790146519069,2.83703035306149e-05,0.0137567042968885,0.001362091142059,41.148
"100757",4.15036542541385e-05,8.85071835895905e-05,0.0123089682850339,0.00433657176705672,2.83703035306149e-05,0.00644148617767191,0.001362091142059,41.148
"100758",4.15036542541385e-05,8.85071835895905e-05,0.016799477127019,0.00638524365317793,2.83703035306149e-05,0.00849070852533766,0.001362091142059,41.148
"100759",4.15036542541385e-05,8.85071835895905e-05,0.166453930745977,0.154856390101201,2.83703035306149e-05,0.270504498676488,0.001362091142059,41.148
"100760",4.15036542541385e-05,8.85071835895905e-05,0.165281991939309,0.162872413298978,2.83703035306149e-05,0.323092104959751,0.001362091142059,41.148
"100761",4.15036542541385e-05,8.85071835895905e-05,0.0109581745694215,0.00406660775972869,2.83703035306149e-05,0.00738860486511108,0.001362091142059,41.148
"100762",4.15036542541385e-05,8.85071835895905e-05,0.00129371819179441,0.000492589441387963,2.83703035306149e-05,0.000404993282154502,0.001362091142059,41.148
"100763",4.15036542541385e-05,8.85071835895905e-05,0.00703773357059987,0.0021602246926721,2.83703035306149e-05,0.00404881953107045,0.001362091142059,41.148
"100764",4.15036542541385e-05,8.85071835895905e-05,0.0130558565968786,0.00469317653912649,2.83703035306149e-05,0.0073893611980712,0.001362091142059,41.148
"100765",4.15036542541385e-05,8.85071835895905e-05,0.00227187082754708,0.000507211697991985,2.83703035306149e-05,0.000839017741844508,0.001362091142059,41.148
"100766",4.15036542541385e-05,8.85071835895905e-05,0.0010798978060049,0.000492589441387963,2.83703035306149e-05,0.000404993282154502,0.001362091142059,41.148
"100767",4.15036542541385e-05,8.85071835895905e-05,0.00869040012415071,0.00286709391200047,2.83703035306149e-05,0.00448620549857369,0.001362091142059,41.148
"100768",4.15036542541385e-05,8.85071835895905e-05,0.0010798978060049,0.000492589441387963,2.83703035306149e-05,0.000404993282154502,0.001362091142059,41.148
"100769",4.15036542541385e-05,8.85071835895905e-05,0.0010798978060049,0.000492589441387963,2.83703035306149e-05,0.000404993282154502,0.001362091142059,41.17
"100770",4.15036542541385e-05,8.85071835895905e-05,0.00289216933473852,0.000575065160602124,2.83703035306149e-05,0.000672140955413214,0.001362091142059,41.418
"100771",4.15036542541385e-05,8.85071835895905e-05,0.00993646259972673,0.0027461029093277,2.83703035306149e-05,0.00280107025382832,0.001362091142059,41.418
"100772",4.15036542541385e-05,8.85071835895905e-05,0.0157447644270621,0.00484856091881606,2.83703035306149e-05,0.00441695513400716,0.001362091142059,41.418
"100773",4.15036542541385e-05,8.85071835895905e-05,0.0567306697571791,0.0272081692893854,2.83703035306149e-05,0.0273085899023748,0.001362091142059,41.418
"100774",4.15036542541385e-05,8.85071835895905e-05,0.031474308866347,0.0129050393242621,2.83703035306149e-05,0.0132626289528106,0.001362091142059,41.418
"100775",4.15036542541385e-05,8.85071835895905e-05,0.0399987123932267,0.017083851647909,2.83703035306149e-05,0.0151095106334477,0.001362091142059,41.418
"100776",4.15036542541385e-05,8.85071835895905e-05,0.0418494215077662,0.0181191556165819,2.83703035306149e-05,0.0173794971790503,0.001362091142059,41.418
"100777",4.15036542541385e-05,8.85071835895905e-05,0.0545599491007583,0.0280231060000793,2.83703035306149e-05,0.0322028905832311,0.001362091142059,41.418
"100778",4.15036542541385e-05,8.85071835895905e-05,0.185704469950975,0.177906674540402,2.83703035306149e-05,0.301363157934381,0.001362091142059,41.418
"100779",0.00980196442288095,8.85071835895905e-05,0.799533257478087,0.925469915945203,0.00443706784536148,0.983631965209674,0.001362091142059,41.418
"100780",8.38047509902046e-05,8.85071835895905e-05,0.617494259795629,0.782537248051553,2.83703035306149e-05,0.932652065110827,0.001362091142059,41.418
"100781",4.15036542541385e-05,8.85071835895905e-05,0.076445309877365,0.0688079464168936,2.83703035306149e-05,0.217886031253893,0.001362091142059,41.418
"100782",4.15036542541385e-05,8.85071835895905e-05,0.0016276053464339,0.000492589441387963,2.83703035306149e-05,0.000540008950529863,0.001362091142059,41.418
"100783",4.15036542541385e-05,8.85071835895905e-05,0.00130835459101454,0.000492589441387963,2.83703035306149e-05,0.000404993282154502,0.001362091142059,41.418
"100784",4.15036542541385e-05,8.85071835895905e-05,0.00725002499300068,0.00223119641875391,2.83703035306149e-05,0.00271013292898551,0.001362091142059,41.418
"100785",4.15036542541385e-05,8.85071835895905e-05,0.0124943593809696,0.00517468655019773,2.83703035306149e-05,0.00891004913950931,0.001362091142059,41.418
"100786",4.15036542541385e-05,8.85071835895905e-05,0.0010798978060049,0.000492589441387963,2.83703035306149e-05,0.000404993282154502,0.001362091142059,41.418
"100787",4.15036542541385e-05,8.85071835895905e-05,0.0010798978060049,0.000492589441387963,2.83703035306149e-05,0.000404993282154502,0.001362091142059,41.418
"100788",4.15036542541385e-05,8.85071835895905e-05,0.0010798978060049,0.000492589441387963,2.83703035306149e-05,0.000404993282154502,0.001362091142059,41.418
"100789",4.15036542541385e-05,8.85071835895905e-05,0.00542759595771106,0.00165224403317735,2.83703035306149e-05,0.00241512235930518,0.001362091142059,41.418
"100790",4.15036542541385e-05,8.85071835895905e-05,0.0010798978060049,0.000492589441387963,2.83703035306149e-05,0.000404993282154502,0.001362091142059,41.418
"100791",4.15036542541385e-05,8.85071835895905e-05,0.00153429195700286,0.000492589441387963,2.83703035306149e-05,0.000762219079249084,0.001362091142059,41.418
"100792",4.15036542541385e-05,8.85071835895905e-05,0.0010798978060049,0.000492589441387963,2.83703035306149e-05,0.000404993282154502,0.001362091142059,41.42
"100793",4.15036542541385e-05,8.85071835895905e-05,0.0010798978060049,0.000492589441387963,2.83703035306149e-05,0.000404993282154502,0.001362091142059,41.435
"100794",4.15036542541385e-05,8.85071835895905e-05,0.0010798978060049,0.000492589441387963,2.83703035306149e-05,0.000404993282154502,0.001362091142059,41.451
"100795",4.15036542541385e-05,8.85071835895905e-05,0.00999164616655378,0.00282540376288312,2.83703035306149e-05,0.00301677315766164,0.001362091142059,41.687
"100796",4.15036542541385e-05,8.85071835895905e-05,0.0141549377172109,0.0047838610353878,2.83703035306149e-05,0.0062739711298399,0.001362091142059,41.687
"100797",4.15036542541385e-05,8.85071835895905e-05,0.0216721535258774,0.00733391672958929,2.83703035306149e-05,0.00637381375224285,0.001362091142059,41.687
"100798",4.15036542541385e-05,8.85071835895905e-05,0.0780189488931299,0.0395905520157153,2.83703035306149e-05,0.0328096199681918,0.001362091142059,41.687
"100799",4.15036542541385e-05,8.85071835895905e-05,0.0618536622355419,0.032553442716164,2.83703035306149e-05,0.0342338258175181,0.001362091142059,41.687
"100800",4.15036542541385e-05,8.85071835895905e-05,0.13177679673783,0.107509450647869,2.83703035306149e-05,0.1751208062551,0.001362091142059,41.687
"100801",4.15036542541385e-05,8.85071835895905e-05,0.0347239842349064,0.0160837424684793,2.83703035306149e-05,0.0202614482593882,0.001362091142059,41.687
"100802",4.15036542541385e-05,8.85071835895905e-05,0.0894016621120011,0.0639090132112283,2.83703035306149e-05,0.113044031134546,0.001362091142059,41.687
"100803",4.15036542541385e-05,8.85071835895905e-05,0.0510278206745764,0.0310203874300306,2.83703035306149e-05,0.0542093156677961,0.001362091142059,41.687
"100804",0.00910872499558274,8.85071835895905e-05,0.743011357389386,0.894667006194229,0.0059438903666773,0.978382019564985,0.001362091142059,41.687
"100805",4.15036542541385e-05,8.85071835895905e-05,0.0989359553569663,0.0829833490740876,2.83703035306149e-05,0.176015974475531,0.001362091142059,41.687
"100806",4.15036542541385e-05,8.85071835895905e-05,0.00479276587576507,0.00115980414821217,2.83703035306149e-05,0.00122792166312922,0.001362091142059,41.687
"100807",4.15036542541385e-05,8.85071835895905e-05,0.00295420138389193,0.000602684118297694,2.83703035306149e-05,0.000645373949227206,0.001362091142059,41.687
"100808",4.15036542541385e-05,8.85071835895905e-05,0.0034153195997133,0.000744604074232533,2.83703035306149e-05,0.00085064452591323,0.001362091142059,41.687
"100809",4.15036542541385e-05,8.85071835895905e-05,0.00831555947811897,0.00238643162358818,2.83703035306149e-05,0.00238674513120905,0.001362091142059,41.687
"100810",4.15036542541385e-05,8.85071835895905e-05,0.00364621259464689,0.000844682437085849,2.83703035306149e-05,0.00099676333848916,0.001362091142059,41.687
"100811",4.15036542541385e-05,8.85071835895905e-05,0.00179931612373001,0.000492589441387963,2.83703035306149e-05,0.000495075207282284,0.001362091142059,41.687
"100812",4.15036542541385e-05,8.85071835895905e-05,0.00148723417657442,0.000492589441387963,2.83703035306149e-05,0.000404993282154502,0.001362091142059,41.687
"100813",4.15036542541385e-05,8.85071835895905e-05,0.0010798978060049,0.000492589441387963,2.83703035306149e-05,0.000404993282154502,0.001362091142059,41.687
"100814",4.15036542541385e-05,8.85071835895905e-05,0.0010798978060049,0.000492589441387963,2.83703035306149e-05,0.000404993282154502,0.001362091142059,41.687
"100815",4.15036542541385e-05,8.85071835895905e-05,0.00161913210136238,0.000492589441387963,2.83703035306149e-05,0.000454041641354345,0.001362091142059,41.687
"100816",4.15036542541385e-05,8.85071835895905e-05,0.0010798978060049,0.000492589441387963,2.83703035306149e-05,0.000404993282154502,0.001362091142059,41.687
"100817",4.15036542541385e-05,8.85071835895905e-05,0.0010798978060049,0.000492589441387963,2.83703035306149e-05,0.000404993282154502,0.001362091142059,41.687
"100818",4.15036542541385e-05,8.85071835895905e-05,0.0010798978060049,0.000492589441387963,2.83703035306149e-05,0.000404993282154502,0.001362091142059,41.687
"100819",4.15036542541385e-05,8.85071835895905e-05,0.0010798978060049,0.000492589441387963,2.83703035306149e-05,0.000404993282154502,0.001362091142059,41.687
"100820",4.15036542541385e-05,8.85071835895905e-05,0.0010798978060049,0.000492589441387963,2.83703035306149e-05,0.000404993282154502,0.001362091142059,41.703
"100821",4.15036542541385e-05,8.85071835895905e-05,0.0010798978060049,0.000492589441387963,2.83703035306149e-05,0.000404993282154502,0.001362091142059,41.703
"100822",4.15036542541385e-05,8.85071835895905e-05,0.0010798978060049,0.000492589441387963,2.83703035306149e-05,0.000404993282154502,0.001362091142059,41.693
"100823",4.15036542541385e-05,8.85071835895905e-05,0.00807525400536763,0.00246727459241972,2.83703035306149e-05,0.0036385457685218,0.001362091142059,41.941
"100824",4.15036542541385e-05,8.85071835895905e-05,0.0136155774343236,0.00474753580197975,2.83703035306149e-05,0.00689579282026861,0.001362091142059,41.955
"100825",4.15036542541385e-05,8.85071835895905e-05,0.0094117216772804,0.00251940718755087,2.83703035306149e-05,0.00226549022244999,0.001362091142059,41.955
"100826",4.15036542541385e-05,8.85071835895905e-05,0.00663750303626536,0.00159957942204477,2.83703035306149e-05,0.00153646302743769,0.001362091142059,41.955
"100827",4.15036542541385e-05,8.85071835895905e-05,0.0129176009213971,0.00495709426372512,2.83703035306149e-05,0.00691398079624282,0.001362091142059,41.955
"100828",4.15036542541385e-05,8.85071835895905e-05,0.00696487365354539,0.00227551272331616,2.83703035306149e-05,0.00326502862678434,0.001362091142059,41.955
"100829",4.15036542541385e-05,8.85071835895905e-05,0.0111916173758076,0.00438704103597439,2.83703035306149e-05,0.00759512915796776,0.001362091142059,41.955
"100830",4.15036542541385e-05,8.85071835895905e-05,0.00792859043480673,0.00283059242636397,2.83703035306149e-05,0.00513066990979036,0.001362091142059,41.955
"100831",4.15036542541385e-05,8.85071835895905e-05,0.00681680266633107,0.00222923569779118,2.83703035306149e-05,0.00293980953928232,0.001362091142059,41.955
"100832",4.15036542541385e-05,8.85071835895905e-05,0.017206346518966,0.00857284927965727,2.83703035306149e-05,0.0201586785765405,0.001362091142059,41.955
"100833",4.15036542541385e-05,8.85071835895905e-05,0.00770678941172089,0.00266509764213135,2.83703035306149e-05,0.00387501172930927,0.001362091142059,41.955
"100834",4.15036542541385e-05,8.85071835895905e-05,0.00229222271206986,0.000492589441387963,2.83703035306149e-05,0.000404993282154502,0.001362091142059,41.955
"100835",4.15036542541385e-05,8.85071835895905e-05,0.00287589457459994,0.000629970180888361,2.83703035306149e-05,0.000641722098118211,0.001362091142059,41.955
"100836",4.15036542541385e-05,8.85071835895905e-05,0.00202007595247944,0.000492589441387963,2.83703035306149e-05,0.000443973935184078,0.001362091142059,41.955
"100837",4.15036542541385e-05,8.85071835895905e-05,0.00680486774076044,0.00203850764568975,2.83703035306149e-05,0.00254781258092847,0.001362091142059,41.955
"100838",4.15036542541385e-05,8.85071835895905e-05,0.0376067685200849,0.0200565748675766,2.83703035306149e-05,0.0354384013386443,0.001362091142059,41.955
"100839",4.15036542541385e-05,8.85071835895905e-05,0.0823948245990374,0.0637866674593757,2.83703035306149e-05,0.132541989144366,0.001362091142059,41.955
"100840",4.15036542541385e-05,8.85071835895905e-05,0.0346399945543413,0.0182287831138208,2.83703035306149e-05,0.0341008314112403,0.001362091142059,41.955
"100841",4.15036542541385e-05,8.85071835895905e-05,0.00147502006652467,0.000492589441387963,2.83703035306149e-05,0.000404993282154502,0.001362091142059,41.955
"100842",4.15036542541385e-05,8.85071835895905e-05,0.00327231410090803,0.000735416396920411,2.83703035306149e-05,0.00117966907941776,0.001362091142059,41.955
"100843",4.15036542541385e-05,8.85071835895905e-05,0.0373748138210909,0.0208958185634917,2.83703035306149e-05,0.0535938300894031,0.001362091142059,41.955
"100844",4.15036542541385e-05,8.85071835895905e-05,0.0010798978060049,0.000492589441387963,2.83703035306149e-05,0.000404993282154502,0.001362091142059,41.955
"100845",4.15036542541385e-05,8.85071835895905e-05,0.0010798978060049,0.000492589441387963,2.83703035306149e-05,0.000404993282154502,0.001362091142059,41.955
"100846",4.15036542541385e-05,8.85071835895905e-05,0.0010798978060049,0.000492589441387963,2.83703035306149e-05,0.000404993282154502,0.001362091142059,41.955
"100847",4.15036542541385e-05,8.85071835895905e-05,0.0010798978060049,0.000492589441387963,2.83703035306149e-05,0.000404993282154502,0.001362091142059,41.955
"100848",4.15036542541385e-05,8.85071835895905e-05,0.0010798978060049,0.000492589441387963,2.83703035306149e-05,0.000404993282154502,0.001362091142059,41.955
"100849",4.15036542541385e-05,8.85071835895905e-05,0.0010798978060049,0.000492589441387963,2.83703035306149e-05,0.000404993282154502,0.001362091142059,41.955
"100850",4.15036542541385e-05,8.85071835895905e-05,0.00678424293219367,0.00192557878818915,2.83703035306149e-05,0.00220139851294914,0.001362091142059,42.214
"100851",4.15036542541385e-05,8.85071835895905e-05,0.0118844520940506,0.00451637901290523,2.83703035306149e-05,0.00668234533265234,0.001362091142059,42.221
"100852",4.15036542541385e-05,8.85071835895905e-05,0.0147459803857355,0.00610896243654936,2.83703035306149e-05,0.00927004008651612,0.001362091142059,42.221
"100853",4.15036542541385e-05,8.85071835895905e-05,0.0142516548611015,0.00602766654931094,2.83703035306149e-05,0.00993383566271355,0.001362091142059,42.221
"100854",4.15036542541385e-05,8.85071835895905e-05,0.00800923397353715,0.0028097971884915,2.83703035306149e-05,0.00458580231481732,0.001362091142059,42.221
"100855",4.15036542541385e-05,8.85071835895905e-05,0.00281224049753952,0.000711760664047453,2.83703035306149e-05,0.0011442874054799,0.001362091142059,42.221
"100856",4.15036542541385e-05,8.85071835895905e-05,0.00225017834341396,0.000498746818800396,2.83703035306149e-05,0.000548206032978269,0.001362091142059,42.221
"100857",4.15036542541385e-05,8.85071835895905e-05,0.00301170032586894,0.000715634792012046,2.83703035306149e-05,0.000810757062079055,0.001362091142059,42.221
"100858",4.15036542541385e-05,8.85071835895905e-05,0.00712698857174777,0.00186347873631436,2.83703035306149e-05,0.00168866325392801,0.001362091142059,42.221
"100859",4.15036542541385e-05,8.85071835895905e-05,0.00215404255711146,0.000492589441387963,2.83703035306149e-05,0.000404993282154502,0.001362091142059,42.221
"100860",4.15036542541385e-05,8.85071835895905e-05,0.00156025480901204,0.000492589441387963,2.83703035306149e-05,0.000404993282154502,0.001362091142059,42.221
"100861",4.15036542541385e-05,8.85071835895905e-05,0.00162986827395143,0.000492589441387963,2.83703035306149e-05,0.000404993282154502,0.001362091142059,42.221
"100862",4.15036542541385e-05,8.85071835895905e-05,0.00849327143146629,0.0029331646572497,2.83703035306149e-05,0.00422859940214468,0.001362091142059,42.221
"100863",4.15036542541385e-05,8.85071835895905e-05,0.0253725001870217,0.0122357891839472,2.83703035306149e-05,0.0189924340612978,0.001362091142059,42.221
"100864",4.15036542541385e-05,8.85071835895905e-05,0.0103842727533542,0.00361556848576777,2.83703035306149e-05,0.00511375731251919,0.001362091142059,42.221
"100865",4.15036542541385e-05,8.85071835895905e-05,0.0593864198754157,0.0434124861828937,2.83703035306149e-05,0.101531415298153,0.001362091142059,42.221
"100866",4.15036542541385e-05,8.85071835895905e-05,0.0010798978060049,0.000492589441387963,2.83703035306149e-05,0.000404993282154502,0.001362091142059,42.221
"100867",4.15036542541385e-05,8.85071835895905e-05,0.00309578134801248,0.000601579401579587,2.83703035306149e-05,0.000572545871620574,0.001362091142059,42.221
"100868",4.15036542541385e-05,8.85071835895905e-05,0.00580818418733996,0.00163415615112404,2.83703035306149e-05,0.00312771879837276,0.001362091142059,42.221
"100869",4.15036542541385e-05,8.85071835895905e-05,0.0010798978060049,0.000492589441387963,2.83703035306149e-05,0.000404993282154502,0.001362091142059,42.221
"100870",4.15036542541385e-05,8.85071835895905e-05,0.00160581497657506,0.000492589441387963,2.83703035306149e-05,0.000830962842457696,0.001362091142059,42.221
"100871",4.15036542541385e-05,8.85071835895905e-05,0.0010798978060049,0.000492589441387963,2.83703035306149e-05,0.000404993282154502,0.001362091142059,42.221
"100872",4.15036542541385e-05,8.85071835895905e-05,0.0010798978060049,0.000492589441387963,2.83703035306149e-05,0.000404993282154502,0.001362091142059,42.221
"100873",4.15036542541385e-05,8.85071835895905e-05,0.0010798978060049,0.000492589441387963,2.83703035306149e-05,0.000404993282154502,0.001362091142059,42.221
"100874",4.15036542541385e-05,8.85071835895905e-05,0.0010798978060049,0.000492589441387963,2.83703035306149e-05,0.000404993282154502,0.001362091142059,42.193
"100875",4.15036542541385e-05,8.85071835895905e-05,0.0033460371207613,0.000816539579957131,2.83703035306149e-05,0.00101618419015827,0.001362091142059,42.461
"100876",4.15036542541385e-05,8.85071835895905e-05,0.00651470231194579,0.00204347912188214,2.83703035306149e-05,0.00288971569658985,0.001362091142059,42.487
"100877",4.15036542541385e-05,8.85071835895905e-05,0.0317866105881795,0.0177030492855372,2.83703035306149e-05,0.0281455363296763,0.001362091142059,42.487
"100878",4.15036542541385e-05,8.85071835895905e-05,0.00720974941421263,0.00232844416534942,2.83703035306149e-05,0.00283642332917034,0.001362091142059,42.487
"100879",4.15036542541385e-05,8.85071835895905e-05,0.00294201568421552,0.000684724784729575,2.83703035306149e-05,0.000643504261695843,0.001362091142059,42.487
"100880",4.15036542541385e-05,8.85071835895905e-05,0.00760526438259387,0.0023977969994854,2.83703035306149e-05,0.00243007029677384,0.001362091142059,42.487
"100881",4.15036542541385e-05,8.85071835895905e-05,0.0012894823166324,0.000492589441387963,2.83703035306149e-05,0.000404993282154502,0.001362091142059,42.487
"100882",4.15036542541385e-05,8.85071835895905e-05,0.0010798978060049,0.000492589441387963,2.83703035306149e-05,0.000404993282154502,0.001362091142059,42.487
"100883",4.15036542541385e-05,8.85071835895905e-05,0.00133900805952625,0.000492589441387963,2.83703035306149e-05,0.000404993282154502,0.001362091142059,42.487
"100884",4.15036542541385e-05,8.85071835895905e-05,0.00342701589600433,0.000798352202186942,2.83703035306149e-05,0.00080851971183841,0.001362091142059,42.487
"100885",4.15036542541385e-05,8.85071835895905e-05,0.00420530883035485,0.00113120357540002,2.83703035306149e-05,0.0015082814214836,0.001362091142059,42.487
"100886",4.15036542541385e-05,8.85071835895905e-05,0.00498076640993322,0.00141153903777585,2.83703035306149e-05,0.00169850697061703,0.001362091142059,42.487
"100887",4.15036542541385e-05,8.85071835895905e-05,0.00439253930885046,0.00128046277747411,2.83703035306149e-05,0.00222002918678874,0.001362091142059,42.487
"100888",4.15036542541385e-05,8.85071835895905e-05,0.00549740709853064,0.00170317401064338,2.83703035306149e-05,0.0027505591372268,0.001362091142059,42.487
"100889",4.15036542541385e-05,8.85071835895905e-05,0.00862346211461928,0.00275538399139159,2.83703035306149e-05,0.00350587097511217,0.001362091142059,42.487
"100890",4.15036542541385e-05,8.85071835895905e-05,0.0010798978060049,0.000492589441387963,2.83703035306149e-05,0.000404993282154502,0.001362091142059,42.487
"100891",4.15036542541385e-05,8.85071835895905e-05,0.003348757896773,0.000771080376952377,2.83703035306149e-05,0.00101375381691004,0.001362091142059,42.487
"100892",4.15036542541385e-05,8.85071835895905e-05,0.0135724806443472,0.00545677817840588,2.83703035306149e-05,0.00939413837235676,0.001362091142059,42.487
"100893",4.15036542541385e-05,8.85071835895905e-05,0.0134213577848644,0.00497534351329452,2.83703035306149e-05,0.0114250443333056,0.001362091142059,42.487
"100894",4.15036542541385e-05,8.85071835895905e-05,0.00481995286771894,0.00130359153755102,2.83703035306149e-05,0.00245847585178309,0.001362091142059,42.487
"100895",4.15036542541385e-05,8.85071835895905e-05,0.0010798978060049,0.000492589441387963,2.83703035306149e-05,0.000404993282154502,0.001362091142059,42.487
"100896",4.15036542541385e-05,8.85071835895905e-05,0.0010798978060049,0.000492589441387963,2.83703035306149e-05,0.000404993282154502,0.001362091142059,42.487
"100897",4.15036542541385e-05,8.85071835895905e-05,0.00282289124923035,0.000709158358426763,2.83703035306149e-05,0.0023649616571122,0.001362091142059,42.487
"100898",4.15036542541385e-05,8.85071835895905e-05,0.0010798978060049,0.000492589441387963,2.83703035306149e-05,0.000404993282154502,0.001362091142059,42.515
"100899",4.15036542541385e-05,8.85071835895905e-05,0.00622237763725067,0.00177459601131442,2.83703035306149e-05,0.00170766729263737,0.001362091142059,42.736
"100900",4.15036542541385e-05,8.85071835895905e-05,0.0158486043166807,0.00653751550342746,2.83703035306149e-05,0.00766344905828023,0.001362091142059,42.751
"100901",4.15036542541385e-05,8.85071835895905e-05,0.0082274645805463,0.00265950949488155,2.83703035306149e-05,0.00266824517818004,0.001362091142059,42.751
"100902",4.15036542541385e-05,8.85071835895905e-05,0.0010798978060049,0.000492589441387963,2.83703035306149e-05,0.000404993282154502,0.001362091142059,42.751
"100903",4.15036542541385e-05,8.85071835895905e-05,0.00322339079914197,0.000748336374222033,2.83703035306149e-05,0.000648473503174686,0.001362091142059,42.751
"100904",4.15036542541385e-05,8.85071835895905e-05,0.0010798978060049,0.000492589441387963,2.83703035306149e-05,0.000404993282154502,0.001362091142059,42.751
"100905",4.15036542541385e-05,8.85071835895905e-05,0.0010798978060049,0.000492589441387963,2.83703035306149e-05,0.000404993282154502,0.001362091142059,42.751
"100906",4.15036542541385e-05,8.85071835895905e-05,0.00371086683268836,0.000778158992469772,2.83703035306149e-05,0.000472258006871293,0.001362091142059,42.751
"100907",4.15036542541385e-05,8.85071835895905e-05,0.0117096504455709,0.00395876328469714,2.83703035306149e-05,0.00344582444020295,0.001362091142059,42.751
"100908",4.15036542541385e-05,8.85071835895905e-05,0.00925578029652244,0.00315631151517452,2.83703035306149e-05,0.00357239363140498,0.001362091142059,42.751
"100909",4.15036542541385e-05,8.85071835895905e-05,0.00508420589799322,0.00152333186085918,2.83703035306149e-05,0.00213456103747857,0.001362091142059,42.751
"100910",4.15036542541385e-05,8.85071835895905e-05,0.0109509872571745,0.00432639348502352,2.83703035306149e-05,0.00733158712844103,0.001362091142059,42.751
"100911",4.15036542541385e-05,8.85071835895905e-05,0.00219756169634234,0.000494590448927398,2.83703035306149e-05,0.000631248393003099,0.001362091142059,42.751
"100912",4.15036542541385e-05,8.85071835895905e-05,0.0010798978060049,0.000492589441387963,2.83703035306149e-05,0.000404993282154502,0.001362091142059,42.751
"100913",4.15036542541385e-05,8.85071835895905e-05,0.0066062119701776,0.00179828399032568,2.83703035306149e-05,0.00200443021317504,0.001362091142059,42.751
"100914",4.15036542541385e-05,8.85071835895905e-05,0.00503029351399863,0.00142663938278588,2.83703035306149e-05,0.00230347875422542,0.001362091142059,42.751
"100915",4.15036542541385e-05,8.85071835895905e-05,0.0448297515241809,0.0267285631394399,2.83703035306149e-05,0.0685521656986521,0.001362091142059,42.751
"100916",4.15036542541385e-05,8.85071835895905e-05,0.0185125365278539,0.00667229225050364,2.83703035306149e-05,0.0097470960102942,0.001362091142059,42.751
"100917",4.15036542541385e-05,8.85071835895905e-05,0.285083475676333,0.389859147960695,2.83703035306149e-05,0.829990122948938,0.001362091142059,42.751
"100918",4.15036542541385e-05,8.85071835895905e-05,0.0010798978060049,0.000492589441387963,2.83703035306149e-05,0.000404993282154502,0.001362091142059,42.751
"100919",4.15036542541385e-05,8.85071835895905e-05,0.0010798978060049,0.000492589441387963,2.83703035306149e-05,0.000404993282154502,0.001362091142059,42.751
"100920",4.15036542541385e-05,8.85071835895905e-05,0.0010798978060049,0.000492589441387963,2.83703035306149e-05,0.000404993282154502,0.001362091142059,42.751
"100921",4.15036542541385e-05,8.85071835895905e-05,0.00339634674946256,0.00084613334128871,2.83703035306149e-05,0.00117725927402601,0.001362091142059,42.745
"100923",4.15036542541385e-05,8.85071835895905e-05,0.00113622506982791,0.000492589441387963,2.83703035306149e-05,0.000404993282154502,0.001362091142059,43.015
"100924",4.15036542541385e-05,8.85071835895905e-05,0.00120738083085686,0.000492589441387963,2.83703035306149e-05,0.000404993282154502,0.001362091142059,43.015
"100925",4.15036542541385e-05,8.85071835895905e-05,0.00144590097752387,0.000492589441387963,2.83703035306149e-05,0.000404993282154502,0.001362091142059,43.015
"100926",4.15036542541385e-05,8.85071835895905e-05,0.00167342521603191,0.000492589441387963,2.83703035306149e-05,0.000404993282154502,0.001362091142059,43.015
"100927",4.15036542541385e-05,8.85071835895905e-05,0.0010798978060049,0.000492589441387963,2.83703035306149e-05,0.000404993282154502,0.001362091142059,43.015
"100928",4.15036542541385e-05,8.85071835895905e-05,0.00116433536275889,0.000492589441387963,2.83703035306149e-05,0.000404993282154502,0.001362091142059,43.015
"100929",4.15036542541385e-05,8.85071835895905e-05,0.00343440111367164,0.000702557027645677,2.83703035306149e-05,0.000434327211578984,0.001362091142059,43.015
"100930",4.15036542541385e-05,8.85071835895905e-05,0.00335058959809464,0.000690819928650449,2.83703035306149e-05,0.000405745937033641,0.001362091142059,43.015
"100931",4.15036542541385e-05,8.85071835895905e-05,0.0121104193884897,0.00415793343932449,2.83703035306149e-05,0.00346043021049914,0.001362091142059,43.015
"100932",4.15036542541385e-05,8.85071835895905e-05,0.0198985789510753,0.00839410826659055,2.83703035306149e-05,0.00789451059678816,0.001362091142059,43.015
"100933",4.15036542541385e-05,8.85071835895905e-05,0.0183234849287833,0.00820745769364824,2.83703035306149e-05,0.0112046284073113,0.001362091142059,43.015
"100934",4.15036542541385e-05,8.85071835895905e-05,0.0212383340932443,0.00987814440234041,2.83703035306149e-05,0.0123545448814312,0.001362091142059,43.015
"100935",4.15036542541385e-05,8.85071835895905e-05,0.0115505352284755,0.004356423611237,2.83703035306149e-05,0.00568734007107441,0.001362091142059,43.015
"100936",4.15036542541385e-05,8.85071835895905e-05,0.00187059644170551,0.000492589441387963,2.83703035306149e-05,0.000560550595481353,0.001362091142059,43.015
"100937",4.15036542541385e-05,8.85071835895905e-05,0.00770892440048434,0.00241107264010928,2.83703035306149e-05,0.00339981049086713,0.001362091142059,43.015
"100938",4.15036542541385e-05,8.85071835895905e-05,0.624122900929138,0.73781839428436,2.83703035306149e-05,0.87813574779433,0.001362091142059,43.015
"100939",4.15036542541385e-05,8.85071835895905e-05,0.0686796539220036,0.0353558263681951,2.83703035306149e-05,0.0374487278132356,0.001362091142059,43.015
"100940",4.15036542541385e-05,8.85071835895905e-05,0.0168171526533509,0.00793867563727446,2.83703035306149e-05,0.0249361021875019,0.001362091142059,43.015
"100941",4.15036542541385e-05,8.85071835895905e-05,0.0010798978060049,0.000492589441387963,2.83703035306149e-05,0.000404993282154502,0.001362091142059,43.015
"100942",4.15036542541385e-05,8.85071835895905e-05,0.0010798978060049,0.000492589441387963,2.83703035306149e-05,0.000404993282154502,0.001362091142059,43.015
"100943",4.15036542541385e-05,8.85071835895905e-05,0.0010798978060049,0.000492589441387963,2.83703035306149e-05,0.000404993282154502,0.001362091142059,43.015
"100944",4.15036542541385e-05,8.85071835895905e-05,0.0010798978060049,0.000492589441387963,2.83703035306149e-05,0.000404993282154502,0.001362091142059,43.019
"100945",4.15036542541385e-05,8.85071835895905e-05,0.0010798978060049,0.000492589441387963,2.83703035306149e-05,0.000404993282154502,0.001362091142059,43.232
"100946",4.15036542541385e-05,8.85071835895905e-05,0.0010798978060049,0.000492589441387963,2.83703035306149e-05,0.000404993282154502,0.001362091142059,43.258
"100947",4.15036542541385e-05,8.85071835895905e-05,0.00151972909838392,0.000492589441387963,2.83703035306149e-05,0.000404993282154502,0.001362091142059,43.258
"100948",4.15036542541385e-05,8.85071835895905e-05,0.0023787322914093,0.000492589441387963,2.83703035306149e-05,0.000404993282154502,0.001362091142059,43.236
"100949",4.15036542541385e-05,8.85071835895905e-05,0.00200356609157658,0.000492589441387963,2.83703035306149e-05,0.000404993282154502,0.001362091142059,43.214
"100950",4.15036542541385e-05,8.85071835895905e-05,0.0033010185053267,0.000730522194076944,2.83703035306149e-05,0.000517432219629269,0.001362091142059,43.259
"100951",4.15036542541385e-05,8.85071835895905e-05,0.00826068028071434,0.00244706097127151,2.83703035306149e-05,0.00189921520145192,0.001362091142059,43.277
"100952",4.15036542541385e-05,8.85071835895905e-05,0.0166734729601121,0.00640563839374235,2.83703035306149e-05,0.00568695131473205,0.001362091142059,43.277
"100953",4.15036542541385e-05,8.85071835895905e-05,0.0197161744040494,0.00829487339887143,2.83703035306149e-05,0.00826349242538145,0.001362091142059,43.277
"100954",4.15036542541385e-05,8.85071835895905e-05,0.07576194451608,0.0556267707048388,2.83703035306149e-05,0.0788974972239401,0.001362091142059,43.277
"100955",4.15036542541385e-05,8.85071835895905e-05,0.219981164186091,0.257175197151448,2.83703035306149e-05,0.392752922777247,0.001362091142059,43.277
"100956",4.15036542541385e-05,8.85071835895905e-05,0.537051125004707,0.705043715143611,2.83703035306149e-05,0.848760783288092,0.001362091142059,43.277
"100957",4.15036542541385e-05,8.85071835895905e-05,0.184535630518638,0.195506943161775,2.83703035306149e-05,0.324224456052544,0.001362091142059,43.277
"100958",4.15036542541385e-05,8.85071835895905e-05,0.0236961498969015,0.0117002447595222,2.83703035306149e-05,0.0195642998646829,0.001362091142059,43.277
"100959",4.15036542541385e-05,8.85071835895905e-05,0.0142182370000669,0.0051357388163522,2.83703035306149e-05,0.00602440662149137,0.001362091142059,43.277
"100960",4.15036542541385e-05,8.85071835895905e-05,0.362633906241893,0.449657801824394,2.83703035306149e-05,0.714369563292717,0.001362091142059,43.277
"100961",4.15036542541385e-05,8.85071835895905e-05,0.0115924681753176,0.00341350988041677,2.83703035306149e-05,0.00312585793840949,0.001362091142059,43.277
"100962",4.15036542541385e-05,8.85071835895905e-05,0.0112487089048076,0.00428391605796066,2.83703035306149e-05,0.00893107537348556,0.001362091142059,43.277
"100963",4.15036542541385e-05,8.85071835895905e-05,0.00558358888122634,0.00163667429888929,2.83703035306149e-05,0.00213292991244069,0.001362091142059,43.277
"100964",4.15036542541385e-05,8.85071835895905e-05,0.00485403845354239,0.00123491262538314,2.83703035306149e-05,0.0013732968941632,0.001362091142059,43.277
"100965",4.15036542541385e-05,8.85071835895905e-05,0.0010798978060049,0.000492589441387963,2.83703035306149e-05,0.000404993282154502,0.001362091142059,43.277
"100966",4.15036542541385e-05,8.85071835895905e-05,0.0010798978060049,0.000492589441387963,2.83703035306149e-05,0.000404993282154502,0.001362091142059,43.277
"100967",4.15036542541385e-05,8.85071835895905e-05,0.00184737819291591,0.000492589441387963,2.83703035306149e-05,0.000425095523507021,0.001362091142059,43.3
"100968",4.15036542541385e-05,8.85071835895905e-05,0.00454561976300403,0.00118479506399532,2.83703035306149e-05,0.0010057753916858,0.001362091142059,43.489
"100969",4.15036542541385e-05,8.85071835895905e-05,0.157730672818999,0.150754701693983,2.83703035306149e-05,0.205832672260113,0.001362091142059,43.538
"100970",4.15036542541385e-05,8.85071835895905e-05,0.691508234154611,0.834221521185839,2.83703035306149e-05,0.903457426167193,0.001362091142059,43.538
"100971",4.15036542541385e-05,8.85071835895905e-05,0.102586775032731,0.0921250708987993,2.83703035306149e-05,0.172106204163185,0.001362091142059,43.538
"100972",4.15036542541385e-05,8.85071835895905e-05,0.496434568300652,0.660066382329045,2.83703035306149e-05,0.864784212788087,0.001362091142059,43.538
"100973",7.18666221361529e-05,8.85071835895905e-05,0.582676238647303,0.764850458188459,2.83703035306149e-05,0.922745862624388,0.001362091142059,43.538
"100974",4.15036542541385e-05,8.85071835895905e-05,0.335666827709549,0.432564957059691,2.83703035306149e-05,0.691034918937116,0.001362091142059,43.538
"100975",4.15036542541385e-05,8.85071835895905e-05,0.130576380776789,0.120221843531514,2.83703035306149e-05,0.189943069566603,0.001362091142059,43.538
"100976",4.15036542541385e-05,8.85071835895905e-05,0.00766727621841162,0.00224352215769853,2.83703035306149e-05,0.00259618405334834,0.001362091142059,43.538
"100977",4.15036542541385e-05,8.85071835895905e-05,0.335660458658249,0.421716672485301,2.83703035306149e-05,0.675724634018399,0.00505511213862059,43.538
"100978",4.15036542541385e-05,8.85071835895905e-05,0.0351758593692395,0.0208847150399478,2.83703035306149e-05,0.0396462162882378,0.001362091142059,43.538
"100979",4.15036542541385e-05,8.85071835895905e-05,0.0087996160848592,0.00299073079785838,2.83703035306149e-05,0.00523928613903393,0.001362091142059,43.538
"100980",4.15036542541385e-05,8.85071835895905e-05,0.00578919541283885,0.00169088700851458,2.83703035306149e-05,0.00208186618684648,0.001362091142059,43.538
"100981",4.15036542541385e-05,8.85071835895905e-05,0.0591518011607709,0.0365745612948367,2.83703035306149e-05,0.0660222447353555,0.001362091142059,43.538
"100982",4.15036542541385e-05,8.85071835895905e-05,0.0010798978060049,0.000492589441387963,2.83703035306149e-05,0.000404993282154502,0.001362091142059,43.538
"100983",4.15036542541385e-05,8.85071835895905e-05,0.0010798978060049,0.000492589441387963,2.83703035306149e-05,0.000404993282154502,0.001362091142059,43.538
"100984",4.15036542541385e-05,8.85071835895905e-05,0.0010798978060049,0.000492589441387963,2.83703035306149e-05,0.000404993282154502,0.001362091142059,43.538
"100985",4.15036542541385e-05,8.85071835895905e-05,0.0492762376628865,0.0311072260358812,2.83703035306149e-05,0.0391891933847813,0.001362091142059,43.797
"100986",4.15036542541385e-05,8.85071835895905e-05,0.316844212851823,0.399420981621579,2.83703035306149e-05,0.592707323873945,0.001362091142059,43.798
"100987",4.15036542541385e-05,8.85071835895905e-05,0.0459306103135928,0.0308710198424062,2.83703035306149e-05,0.0530259559687801,0.001362091142059,43.798
"100988",4.15036542541385e-05,8.85071835895905e-05,0.237745210566354,0.294512418706684,2.83703035306149e-05,0.532179393068392,0.001362091142059,43.798
"100989",4.15036542541385e-05,8.85071835895905e-05,0.279659468147147,0.358480617540468,2.83703035306149e-05,0.622566176866634,0.001362091142059,43.798
"100990",4.15036542541385e-05,8.85071835895905e-05,0.190571925194091,0.204442618488393,2.83703035306149e-05,0.366274676278811,0.001362091142059,43.798
"100991",4.15036542541385e-05,8.85071835895905e-05,0.524692121329555,0.679439891209054,2.83703035306149e-05,0.849100520892516,0.001362091142059,43.798
"100992",4.15036542541385e-05,8.85071835895905e-05,0.0113152656933341,0.00382722637820837,2.83703035306149e-05,0.00456822876668511,0.001362091142059,43.798
"100993",4.15036542541385e-05,8.85071835895905e-05,0.0818950469756683,0.0525364719009203,2.83703035306149e-05,0.0877982679634212,0.001362091142059,43.798
"100994",4.15036542541385e-05,8.85071835895905e-05,0.0444632039914166,0.019517595448929,2.83703035306149e-05,0.0167442748519227,0.001362091142059,43.798
"100995",4.15036542541385e-05,8.85071835895905e-05,0.010514545972093,0.00262860541032775,2.83703035306149e-05,0.00147860441209431,0.001362091142059,43.798
"100996",4.15036542541385e-05,8.85071835895905e-05,0.00695734712198961,0.00188921630905118,2.83703035306149e-05,0.00193938200224675,0.001362091142059,43.798
"100997",4.15036542541385e-05,8.85071835895905e-05,0.29781403608155,0.291975220296309,2.83703035306149e-05,0.395476828180346,0.001362091142059,43.798
"100998",4.15036542541385e-05,8.85071835895905e-05,0.0561979560134476,0.0267793921625532,2.83703035306149e-05,0.0271249749918647,0.001362091142059,43.798
"100999",4.15036542541385e-05,8.85071835895905e-05,0.0010798978060049,0.000492589441387963,2.83703035306149e-05,0.000404993282154502,0.001362091142059,43.798
"101000",4.15036542541385e-05,8.85071835895905e-05,0.0010798978060049,0.000492589441387963,2.83703035306149e-05,0.000404993282154502,0.001362091142059,43.798
"101001",4.15036542541385e-05,8.85071835895905e-05,0.0010798978060049,0.000492589441387963,2.83703035306149e-05,0.000404993282154502,0.001362091142059,43.816
"101002",4.15036542541385e-05,8.85071835895905e-05,0.0010798978060049,0.000492589441387963,2.83703035306149e-05,0.000404993282154502,0.001362091142059,43.84
"101003",4.15036542541385e-05,8.85071835895905e-05,0.00346756444308487,0.000842372040992753,2.83703035306149e-05,0.000594178993861311,0.001362091142059,44.058
"101004",4.15036542541385e-05,8.85071835895905e-05,0.0270963241643949,0.0138015156394526,2.83703035306149e-05,0.0162986189312161,0.001362091142059,44.057
"101005",4.15036542541385e-05,8.85071835895905e-05,0.079833055272363,0.0633686601063042,2.83703035306149e-05,0.0950636729595354,0.001362091142059,44.057
"101006",4.15036542541385e-05,8.85071835895905e-05,0.17903997763859,0.205641333929747,2.83703035306149e-05,0.345244476179574,0.001362091142059,44.057
"101007",4.15036542541385e-05,8.85071835895905e-05,0.0554858866663111,0.0408988721747905,2.83703035306149e-05,0.0793271549846059,0.001362091142059,44.057
"101008",4.15036542541385e-05,8.85071835895905e-05,0.310858263374786,0.376798837845749,2.83703035306149e-05,0.549055540365023,0.001362091142059,44.057
"101009",0.589421198150588,0.000276513293628883,0.934173543219492,0.986736305175359,0.386813359953438,0.997253319938003,0.0106832534115442,44.057
"101010",4.15036542541385e-05,8.85071835895905e-05,0.0163314676992822,0.00633615533749441,2.83703035306149e-05,0.00813151561219245,0.001362091142059,44.057
"101011",4.15036542541385e-05,8.85071835895905e-05,0.0196680475916111,0.00590717704396487,2.83703035306149e-05,0.00672165345062951,0.001362091142059,44.057
"101012",4.15036542541385e-05,8.85071835895905e-05,0.00379775350943407,0.000674046568175927,2.83703035306149e-05,0.000404993282154502,0.001362091142059,44.057
"101013",4.15036542541385e-05,8.85071835895905e-05,0.0010798978060049,0.000492589441387963,2.83703035306149e-05,0.000404993282154502,0.001362091142059,44.057
"101014",4.15036542541385e-05,8.85071835895905e-05,0.0010798978060049,0.000492589441387963,2.83703035306149e-05,0.000404993282154502,0.001362091142059,44.057
"101015",0.0101668903109728,8.85071835895905e-05,0.867815528569155,0.951044359380113,0.00187300600037282,0.985736362629159,0.001362091142059,44.057
"101016",4.15036542541385e-05,8.85071835895905e-05,0.57833511820074,0.668002183833814,2.83703035306149e-05,0.793020974950091,0.001362091142059,44.057
"101017",4.15036542541385e-05,8.85071835895905e-05,0.0010798978060049,0.000492589441387963,2.83703035306149e-05,0.000404993282154502,0.001362091142059,44.057
"101018",4.15036542541385e-05,8.85071835895905e-05,0.0010798978060049,0.000492589441387963,2.83703035306149e-05,0.000404993282154502,0.001362091142059,44.057
"101019",4.15036542541385e-05,8.85071835895905e-05,0.0010798978060049,0.000492589441387963,2.83703035306149e-05,0.000404993282154502,0.001362091142059,44.057
"101020",4.15036542541385e-05,8.85071835895905e-05,0.0010798978060049,0.000492589441387963,2.83703035306149e-05,0.000404993282154502,0.001362091142059,44.057
"101021",4.15036542541385e-05,8.85071835895905e-05,0.0010798978060049,0.000492589441387963,2.83703035306149e-05,0.000404993282154502,0.001362091142059,44.063
"101022",4.15036542541385e-05,8.85071835895905e-05,0.0103272590420859,0.00377895783132737,2.83703035306149e-05,0.00842945829637435,0.001362091142059,44.074
"101023",4.15036542541385e-05,8.85071835895905e-05,0.00624728794768147,0.00186115569140294,2.83703035306149e-05,0.00159495616555017,0.001362091142059,44.28
"101024",4.15036542541385e-05,8.85071835895905e-05,0.0164700121558705,0.00673006658743268,2.83703035306149e-05,0.00612103100269527,0.001362091142059,44.314
"101025",4.15036542541385e-05,8.85071835895905e-05,0.0729855489621853,0.0536970219655806,2.83703035306149e-05,0.0719485501017641,0.001362091142059,44.314
"101026",4.15036542541385e-05,8.85071835895905e-05,0.0903301272869254,0.0746884855747321,2.83703035306149e-05,0.114185924843717,0.001362091142059,44.314
"101027",4.15036542541385e-05,8.85071835895905e-05,0.0558336717952199,0.0372185880931627,2.83703035306149e-05,0.0487451258881099,0.001362091142059,44.314
"101028",4.15036542541385e-05,8.85071835895905e-05,0.0367502109278847,0.0213321554000262,2.83703035306149e-05,0.0255409287831763,0.001362091142059,44.314
"101029",4.15036542541385e-05,8.85071835895905e-05,0.169518567594447,0.1785101088917,2.83703035306149e-05,0.27020276422116,0.001362091142059,44.314
"101030",4.15036542541385e-05,8.85071835895905e-05,0.0311477265689098,0.0151703938455237,2.83703035306149e-05,0.0208983546397947,0.001362091142059,44.314
"101031",4.15036542541385e-05,8.85071835895905e-05,0.191456601961067,0.184434146242388,2.83703035306149e-05,0.31965238571264,0.001362091142059,44.314
"101032",4.15036542541385e-05,8.85071835895905e-05,0.0010798978060049,0.000492589441387963,2.83703035306149e-05,0.000404993282154502,0.001362091142059,44.314
"101033",4.15036542541385e-05,8.85071835895905e-05,0.0010798978060049,0.000492589441387963,2.83703035306149e-05,0.000404993282154502,0.001362091142059,44.314
"101034",4.15036542541385e-05,8.85071835895905e-05,0.00180060188149605,0.000492589441387963,2.83703035306149e-05,0.000404993282154502,0.001362091142059,44.314
"101035",4.15036542541385e-05,8.85071835895905e-05,0.0258807913735882,0.01145640015053,2.83703035306149e-05,0.0176284949932464,0.001362091142059,44.314
"101036",0.000736571717818122,8.85071835895905e-05,0.863072864953997,0.943772822724235,9.60256120917227e-05,0.97910316407008,0.001362091142059,44.314
"101037",4.15036542541385e-05,8.85071835895905e-05,0.0082108630554172,0.00253657713823703,2.83703035306149e-05,0.00302559523576375,0.001362091142059,44.314
"101038",4.15036542541385e-05,8.85071835895905e-05,0.00290123864609908,0.000502705443956612,2.83703035306149e-05,0.000404993282154502,0.001362091142059,44.314
"101039",4.15036542541385e-05,8.85071835895905e-05,0.00179438808040427,0.000492589441387963,2.83703035306149e-05,0.000404993282154502,0.001362091142059,44.314
"101040",4.15036542541385e-05,8.85071835895905e-05,0.0010798978060049,0.000492589441387963,2.83703035306149e-05,0.000404993282154502,0.001362091142059,44.314
"101041",4.15036542541385e-05,8.85071835895905e-05,0.0010798978060049,0.000492589441387963,2.83703035306149e-05,0.000404993282154502,0.001362091142059,44.314
"101042",4.15036542541385e-05,8.85071835895905e-05,0.00476298832324048,0.00132910717233216,2.83703035306149e-05,0.0026264219820184,0.001362091142059,44.321
"101043",4.15036542541385e-05,8.85071835895905e-05,0.0192097170276498,0.0101230884781063,2.83703035306149e-05,0.0282226982534,0.001362091142059,44.336
"101044",4.15036542541385e-05,8.85071835895905e-05,0.0115648971287068,0.00534079936406364,2.83703035306149e-05,0.0152739108513808,0.001362091142059,44.338
"101045",4.15036542541385e-05,8.85071835895905e-05,0.0243733897668698,0.0113538538487128,2.83703035306149e-05,0.0107460357031582,0.001362091142059,44.546
"101046",4.15036542541385e-05,8.85071835895905e-05,0.0281978785805045,0.0135762026719855,2.83703035306149e-05,0.0121084319221093,0.001362091142059,44.571
"101047",4.15036542541385e-05,8.85071835895905e-05,0.103278420011436,0.0849041423534482,2.83703035306149e-05,0.110409383834746,0.001362091142059,44.571
"101048",4.15036542541385e-05,8.85071835895905e-05,0.0501378039593856,0.0320487511509977,2.83703035306149e-05,0.0405343137537043,0.001362091142059,44.571
"101049",4.15036542541385e-05,8.85071835895905e-05,0.0390141613441554,0.0242924862535399,2.83703035306149e-05,0.0346673281586524,0.001362091142059,44.571
"101050",4.15036542541385e-05,8.85071835895905e-05,0.0105951703452086,0.00405855035809447,2.83703035306149e-05,0.00561205181012262,0.001362091142059,44.571
"101051",4.15036542541385e-05,8.85071835895905e-05,0.0461297889432001,0.0261759008577831,2.83703035306149e-05,0.0320059488152953,0.001362091142059,44.571
"101052",4.15036542541385e-05,8.85071835895905e-05,0.468056817450539,0.589657713371158,2.83703035306149e-05,0.818090991121468,0.001362091142059,44.571
"101053",4.15036542541385e-05,8.85071835895905e-05,0.123391764663831,0.104402519469796,2.83703035306149e-05,0.187094114719744,0.001362091142059,44.571
"101054",4.15036542541385e-05,8.85071835895905e-05,0.0397922157031425,0.020206761833842,2.83703035306149e-05,0.0229698531376174,0.001362091142059,44.571
"101055",4.15036542541385e-05,8.85071835895905e-05,0.0280084383457345,0.0110017840978554,2.83703035306149e-05,0.00983441539769672,0.001362091142059,44.571
"101056",4.15036542541385e-05,8.85071835895905e-05,0.0126987591795313,0.00432527262197321,2.83703035306149e-05,0.00577284734837665,0.001362091142059,44.571
"101057",4.15036542541385e-05,8.85071835895905e-05,0.0245050831995598,0.0108159110421783,2.83703035306149e-05,0.0150500364538423,0.001362091142059,44.571
"101058",4.15036542541385e-05,8.85071835895905e-05,0.21158083859399,0.228462515682639,2.83703035306149e-05,0.425899122667318,0.001362091142059,44.571
"101059",4.15036542541385e-05,8.85071835895905e-05,0.0163843036285369,0.00662105371815118,2.83703035306149e-05,0.00912631249054468,0.001362091142059,44.571
"101060",4.15036542541385e-05,8.85071835895905e-05,0.0214047246961199,0.00894347136658787,2.83703035306149e-05,0.0144644517275576,0.001362091142059,44.571
"101061",4.15036542541385e-05,8.85071835895905e-05,0.00243134413878431,0.000492589441387963,2.83703035306149e-05,0.000579929385838676,0.001362091142059,44.571
"101062",4.15036542541385e-05,8.85071835895905e-05,0.00139496198841495,0.000492589441387963,2.83703035306149e-05,0.000404993282154502,0.001362091142059,44.571
"101063",4.15036542541385e-05,8.85071835895905e-05,0.0010798978060049,0.000492589441387963,2.83703035306149e-05,0.000404993282154502,0.001362091142059,44.571
"101064",4.15036542541385e-05,8.85071835895905e-05,0.0183285752992757,0.00897438446334471,2.83703035306149e-05,0.0224984218801969,0.001362091142059,44.575
"101065",4.15036542541385e-05,8.85071835895905e-05,0.00931275532262961,0.0037058961964664,2.83703035306149e-05,0.00815836386349134,0.001362091142059,44.576
"101066",4.15036542541385e-05,8.85071835895905e-05,0.016309954799552,0.00873456822556403,2.83703035306149e-05,0.0247072236704565,0.001362091142059,44.579
"101067",4.15036542541385e-05,8.85071835895905e-05,0.075819814142621,0.0675561535829333,2.83703035306149e-05,0.172100395607901,0.001362091142059,44.605
"101068",4.15036542541385e-05,8.85071835895905e-05,0.0242979024788768,0.0109444433720645,2.83703035306149e-05,0.00856704616986744,0.001362091142059,44.787
"101069",4.15036542541385e-05,8.85071835895905e-05,0.0158217294079438,0.00656950201316021,2.83703035306149e-05,0.00485655035703199,0.001362091142059,44.826
"101070",4.15036542541385e-05,8.85071835895905e-05,0.0167672569960187,0.00715968966859876,2.83703035306149e-05,0.00782921687874074,0.001362091142059,44.826
"101071",4.15036542541385e-05,8.85071835895905e-05,0.021383107900593,0.0107190716406126,2.83703035306149e-05,0.0165953146689623,0.001362091142059,44.826
"101072",4.15036542541385e-05,8.85071835895905e-05,0.00742419396585325,0.00261047975576554,2.83703035306149e-05,0.00351035308079067,0.001362091142059,44.826
"101073",4.15036542541385e-05,8.85071835895905e-05,0.130752664472321,0.109413486325725,2.83703035306149e-05,0.13972403632362,0.001362091142059,44.826
"101074",4.15036542541385e-05,8.85071835895905e-05,0.0236177577148555,0.0104415131349498,2.83703035306149e-05,0.014317336342676,0.001362091142059,44.826
"101075",4.15036542541385e-05,8.85071835895905e-05,0.111506814466221,0.0948409351236905,2.83703035306149e-05,0.171543313149531,0.001362091142059,44.826
"101076",4.15036542541385e-05,8.85071835895905e-05,0.258253696249597,0.244745522346015,2.83703035306149e-05,0.30469802960485,0.001362091142059,44.826
"101077",4.15036542541385e-05,8.85071835895905e-05,0.020039350245853,0.00636204031411625,2.83703035306149e-05,0.00397058877449618,0.001362091142059,44.826
"101078",4.15036542541385e-05,8.85071835895905e-05,0.220444423695348,0.18928545444763,2.83703035306149e-05,0.220524413018831,0.001362091142059,44.826
"101079",4.15036542541385e-05,8.85071835895905e-05,0.190666729790862,0.145165851681824,2.83703035306149e-05,0.153569443183422,0.001362091142059,44.826
"101080",4.15036542541385e-05,8.85071835895905e-05,0.0856967120342452,0.0503314457145389,2.83703035306149e-05,0.0543734403954732,0.001362091142059,44.826
"101081",0.0366923058517885,8.85071835895905e-05,0.85351153025523,0.953612648164299,0.00690751454970812,0.989846972064804,0.00155558899168465,44.826
"101082",4.15036542541385e-05,8.85071835895905e-05,0.159208411940106,0.144852962191083,2.83703035306149e-05,0.268051988158931,0.001362091142059,44.826
"101083",4.15036542541385e-05,8.85071835895905e-05,0.00620578821471975,0.00168616819356046,2.83703035306149e-05,0.00194799482064887,0.001362091142059,44.826
"101084",4.15036542541385e-05,8.85071835895905e-05,0.00493811739505829,0.00123871677362082,2.83703035306149e-05,0.00150357203336336,0.001362091142059,44.826
"101085",4.15036542541385e-05,8.85071835895905e-05,0.00269198021525939,0.000525622222849449,2.83703035306149e-05,0.000527227433701849,0.001362091142059,44.826
"101086",4.15036542541385e-05,8.85071835895905e-05,0.0389496681361206,0.0224345518813147,2.83703035306149e-05,0.0492531220019699,0.001362091142059,44.826
"101087",4.15036542541385e-05,8.85071835895905e-05,0.0274990200610385,0.0148946914484092,2.83703035306149e-05,0.0313255410340688,0.001362091142059,44.826
"101088",4.15036542541385e-05,8.85071835895905e-05,0.0396848683489445,0.0252723752094927,2.83703035306149e-05,0.0527158783543607,0.001362091142059,44.826
"101089",4.15036542541385e-05,8.85071835895905e-05,0.0776944321742397,0.0678419117105189,2.83703035306149e-05,0.173883670461198,0.001362091142059,44.826
"101090",4.15036542541385e-05,8.85071835895905e-05,0.157665004367665,0.179120628434355,2.83703035306149e-05,0.423994240136145,0.001362091142059,44.827
"101091",4.15036542541385e-05,8.85071835895905e-05,0.183373948820186,0.135910040043734,2.83703035306149e-05,0.136300037684001,0.001362091142059,45.076
"101092",4.15036542541385e-05,8.85071835895905e-05,0.0960728279778484,0.0667273640176773,2.83703035306149e-05,0.0850090157499139,0.001362091142059,45.081
"101093",4.15036542541385e-05,8.85071835895905e-05,0.332656959238168,0.36577891276083,2.83703035306149e-05,0.487199149405049,0.001362091142059,45.081
"101094",0.235535368833157,8.85071835895905e-05,0.884983145642486,0.968121979715876,0.0594709917789552,0.993500679920524,0.00372551877392535,45.081
"101095",4.15036542541385e-05,8.85071835895905e-05,0.0624005135514765,0.0403731563489245,2.83703035306149e-05,0.0706163862595923,0.001362091142059,45.081
"101096",4.15036542541385e-05,8.85071835895905e-05,0.0279404932191653,0.0130992955267413,2.83703035306149e-05,0.0195250221626377,0.001362091142059,45.081
"101097",4.15036542541385e-05,8.85071835895905e-05,0.0188702570599859,0.0075156856761057,2.83703035306149e-05,0.0101246211011963,0.001362091142059,45.081
"101098",4.15036542541385e-05,8.85071835895905e-05,0.0552071301652003,0.0349810531000882,2.83703035306149e-05,0.0699681586673827,0.001362091142059,45.081
"101099",4.15036542541385e-05,8.85071835895905e-05,0.0693626371503123,0.0518116489988007,2.83703035306149e-05,0.114773727186887,0.001362091142059,45.081
"101100",4.15036542541385e-05,8.85071835895905e-05,0.0550920943327465,0.0371035274790079,2.83703035306149e-05,0.0685852215318074,0.001362091142059,45.081
"101101",4.15036542541385e-05,8.85071835895905e-05,0.0324751344919844,0.018776814905174,2.83703035306149e-05,0.0362846200656715,0.001362091142059,45.081
"101102",4.15036542541385e-05,8.85071835895905e-05,0.0252548009088484,0.0134613664091716,2.83703035306149e-05,0.0254076197187685,0.001362091142059,45.065
"101103",4.15036542541385e-05,8.85071835895905e-05,0.59262350368134,0.734238989109787,2.83703035306149e-05,0.884007831497534,0.001362091142059,45.326
"101104",4.15036542541385e-05,8.85071835895905e-05,0.105249686923208,0.0775541302764884,2.83703035306149e-05,0.112161541151671,0.001362091142059,45.334
"101105",4.15036542541385e-05,8.85071835895905e-05,0.0241058415890131,0.0109084338988479,2.83703035306149e-05,0.0161332834743159,0.001362091142059,45.334
"101106",4.15036542541385e-05,8.85071835895905e-05,0.121583871167842,0.116100945721739,2.83703035306149e-05,0.237686027624577,0.001362091142059,45.334
"101107",4.15036542541385e-05,8.85071835895905e-05,0.0739567706637752,0.0536649360654047,2.83703035306149e-05,0.109738116211233,0.001362091142059,45.334
"101108",4.15036542541385e-05,8.85071835895905e-05,0.0749532353019502,0.0518925425978575,2.83703035306149e-05,0.0926427902716866,0.001362091142059,45.334
"101109",4.15036542541385e-05,8.85071835895905e-05,0.1127722463055,0.0947653135441066,2.83703035306149e-05,0.180900033353266,0.001362091142059,45.334
"101110",4.15036542541385e-05,8.85071835895905e-05,0.0811839573576921,0.064158024087881,2.83703035306149e-05,0.132050667153758,0.001362091142059,45.334
"101111",4.15036542541385e-05,8.85071835895905e-05,0.026110509024476,0.0135097071026607,2.83703035306149e-05,0.0233131166486945,0.001362091142059,45.334
"101112",4.15036542541385e-05,8.85071835895905e-05,0.133601656777607,0.131861275645555,2.83703035306149e-05,0.289043470382176,0.001362091142059,45.563
"101113",4.15036542541385e-05,8.85071835895905e-05,0.0580462188592513,0.0374152795726909,2.83703035306149e-05,0.0637788582764978,0.001362091142059,45.586
"101114",4.15036542541385e-05,8.85071835895905e-05,0.0149814164931319,0.00536776173664219,2.83703035306149e-05,0.00593095594058688,0.001362091142059,45.586
"101115",4.15036542541385e-05,8.85071835895905e-05,0.152426506853287,0.1450092655259,2.83703035306149e-05,0.275572904428586,0.001362091142059,45.586
"101116",4.15036542541385e-05,8.85071835895905e-05,0.389370607620237,0.498524787591783,2.83703035306149e-05,0.759039995934742,0.001362091142059,45.586
"101117",4.15036542541385e-05,8.85071835895905e-05,0.0519069487137921,0.0335638699263489,2.83703035306149e-05,0.0663260475448452,0.001362091142059,45.586
"101118",4.15036542541385e-05,8.85071835895905e-05,0.0701481410328311,0.0493054919390133,2.83703035306149e-05,0.0895112527785328,0.001362091142059,45.586
"101119",4.15036542541385e-05,8.85071835895905e-05,0.0713185667376146,0.0495207149969818,2.83703035306149e-05,0.080775211680969,0.001362091142059,45.586
"101120",4.15036542541385e-05,8.85071835895905e-05,0.0339319067702317,0.0184040627091112,2.83703035306149e-05,0.028338913242626,0.001362091142059,45.559
"101121",4.15036542541385e-05,8.85071835895905e-05,0.192314725907966,0.217744764826685,2.83703035306149e-05,0.410932075041504,0.001362091142059,45.824
"101122",4.15036542541385e-05,8.85071835895905e-05,0.123961995720853,0.0981287746090841,2.83703035306149e-05,0.137823181615995,0.001362091142059,45.837
"101123",4.15036542541385e-05,8.85071835895905e-05,0.131359684636439,0.111873541197094,2.83703035306149e-05,0.17760711629529,0.001362091142059,45.837
"101124",4.15036542541385e-05,8.85071835895905e-05,0.47871301702312,0.593836192679683,2.83703035306149e-05,0.789696897574192,0.001362091142059,45.837
"101125",4.15036542541385e-05,8.85071835895905e-05,0.330527823182779,0.429861581523932,2.83703035306149e-05,0.698385648941836,0.001362091142059,45.837
"101126",4.15036542541385e-05,8.85071835895905e-05,0.0587677128926885,0.0416990085685191,2.83703035306149e-05,0.0901417066491267,0.001362091142059,45.837
"101127",4.15036542541385e-05,8.85071835895905e-05,0.0594553233202446,0.0385979164653034,2.83703035306149e-05,0.0619796596410962,0.001362091142059,45.837
"101128",4.15036542541385e-05,8.85071835895905e-05,0.179521949752362,0.184621454581725,2.83703035306149e-05,0.322696773938,0.001362091142059,46.082
"101129",4.15036542541385e-05,8.85071835895905e-05,0.135844173819344,0.126835404487109,2.83703035306149e-05,0.228990224808091,0.001362091142059,46.086
"101130",4.15036542541385e-05,8.85071835895905e-05,0.103910657970567,0.0846317682362912,2.83703035306149e-05,0.143389380375183,0.001362091142059,46.086
"101131",4.15036542541385e-05,8.85071835895905e-05,0.208598651781519,0.215500650962709,2.83703035306149e-05,0.354384504556561,0.001362091142059,46.086
"101132",4.15036542541385e-05,8.85071835895905e-05,0.126584118421226,0.126074740287154,2.83703035306149e-05,0.270471049827427,0.001362091142059,46.086
"101133",4.15036542541385e-05,8.85071835895905e-05,0.0708228598182899,0.0595794483051919,2.83703035306149e-05,0.13240230967961,0.001362091142059,46.086
"101134",4.15036542541385e-05,8.85071835895905e-05,0.00989971700097357,0.00419303171420823,2.83703035306149e-05,0.0103472670921544,0.001362091142059,46.086
"101135",4.15036542541385e-05,8.85071835895905e-05,0.110008848412915,0.095047022103218,2.83703035306149e-05,0.154176594641215,0.001362091142059,46.335
"101136",4.15036542541385e-05,8.85071835895905e-05,0.102288700387577,0.0804434996602209,2.83703035306149e-05,0.114816848477943,0.001362091142059,46.335
"101137",4.15036542541385e-05,8.85071835895905e-05,0.134506358340662,0.121344779611172,2.83703035306149e-05,0.209105604644106,0.001362091142059,46.335
"101138",4.15036542541385e-05,8.85071835895905e-05,0.0647665153242013,0.049520233342492,2.83703035306149e-05,0.115286093989207,0.001362091142059,46.335
"101139",4.15036542541385e-05,8.85071835895905e-05,0.0251877505484432,0.0142761873886075,2.83703035306149e-05,0.0280342715831583,0.001362091142059,46.335
"101140",4.15036542541385e-05,8.85071835895905e-05,0.0379454994053696,0.0242073838831994,2.83703035306149e-05,0.0626517611681039,0.001362091142059,46.335
"101141",4.15036542541385e-05,8.85071835895905e-05,0.0978563037325771,0.0780441597344277,2.83703035306149e-05,0.104958732861697,0.001362091142059,46.58
"101142",4.15036542541385e-05,8.85071835895905e-05,0.0259299379938974,0.0134033701456467,2.83703035306149e-05,0.0160945060853083,0.001362091142059,46.583
"101143",4.15036542541385e-05,8.85071835895905e-05,0.0843415599965066,0.0708915417654509,2.83703035306149e-05,0.149608888867263,0.001362091142059,46.583
"101144",4.15036542541385e-05,8.85071835895905e-05,0.0719126346936212,0.0579420707019212,2.83703035306149e-05,0.137533170347499,0.001362091142059,46.583
"101145",4.15036542541385e-05,8.85071835895905e-05,0.0439609680060939,0.0265872756816845,2.83703035306149e-05,0.0488979629194548,0.001362091142059,46.583
"101146",4.15036542541385e-05,8.85071835895905e-05,0.03343685303571,0.018702066608208,2.83703035306149e-05,0.0399317420441391,0.001362091142059,46.583
"101147",4.15036542541385e-05,8.85071835895905e-05,0.210126949590587,0.2083855716567,2.83703035306149e-05,0.270215501830205,0.001362091142059,46.803
"101148",4.15036542541385e-05,8.85071835895905e-05,0.107568104980677,0.0852649822842256,2.83703035306149e-05,0.108375497204589,0.001362091142059,46.829
"101149",4.15036542541385e-05,8.85071835895905e-05,0.0762655358412934,0.0624079336430409,2.83703035306149e-05,0.131670710271271,0.001362091142059,46.829
"101150",4.15036542541385e-05,8.85071835895905e-05,0.034545456463502,0.0224652038233059,2.83703035306149e-05,0.0466253182463826,0.001362091142059,46.829
"101151",4.15036542541385e-05,8.85071835895905e-05,0.0220384922812154,0.0114111471514418,2.83703035306149e-05,0.024176957757122,0.001362091142059,46.829
"101152",4.15036542541385e-05,8.85071835895905e-05,0.038920912514589,0.0227544650423871,2.83703035306149e-05,0.0473326518592103,0.001362091142059,46.829
"101153",4.15036542541385e-05,8.85071835895905e-05,0.104797936496097,0.0893681895049188,2.83703035306149e-05,0.141935453451152,0.001362091142059,47.061
"101154",4.15036542541385e-05,8.85071835895905e-05,0.040777121658738,0.0243196458299171,2.83703035306149e-05,0.0313793429149884,0.001362091142059,47.074
"101155",4.15036542541385e-05,8.85071835895905e-05,0.0156987568540031,0.00778801326597802,2.83703035306149e-05,0.0217491905964003,0.001362091142059,47.073
"101156",4.15036542541385e-05,8.85071835895905e-05,0.0320556905215542,0.0183633495438271,2.83703035306149e-05,0.0355472229559615,0.001362091142059,47.074
"101157",4.15036542541385e-05,8.85071835895905e-05,0.0344302563532006,0.0203053557175848,2.83703035306149e-05,0.039209729479259,0.001362091142059,47.07
"101158",4.15036542541385e-05,8.85071835895905e-05,0.151930500083671,0.149968414100378,2.83703035306149e-05,0.25812371601403,0.001362091142059,47.309
