"","Andrena_carlini","Andrena_miserabilis","Osmia_atriventris","Osmia_bucephala","Osmia_lignaria","Osmia_pumila","Andrena_violae"
"100001",10.4784657534247,6.90706849315069,32.2707945205479,25.5511232876712,10.6293698630137,25.1270136986301,5.20964383561645
"100002",10.1381917808219,7.80854794520548,31.2253150684931,24.9889315068493,12.4145753424658,24.4316712328767,2.6985205479452
"100003",10.4409863013699,5.91780821917808,32.0922739726027,25.4791232876712,9.28997260273972,25.2670684931507,4.18093150684931
"100004",10.2516164383562,6.8932602739726,31.0310136986301,25.0155616438356,11.4016438356164,24.6180821917808,1.27627397260274
"100005",10.8246575342466,5.89610958904109,31.6208219178082,25.5964931506849,10.1914520547945,25.2325479452055,0.415232876712331
"100006",11.7438904109589,4.77271232876713,33.6407671232877,26.8569863013699,8.00087671232878,26.6173150684932,5.21161643835616
"100007",9.21106849315068,5.94246575342466,30.2607123287671,24.0746301369863,9.288,24.1002739726027,2.19846575342466
"100008",5.82509589041096,7.76810958904109,25.2493150684931,20.2014246575342,11.829698630137,20.1452054794521,2.30104109589041
"100009",9.41523287671233,5.91386301369863,29.5071780821918,23.9819178082192,10.1884931506849,23.5607671232877,1.55441095890411
"100010",12.3672328767123,5.68504109589042,34.0658630136986,27.4053698630137,9.79890410958905,26.8402191780822,4.84273972602739
"100011",11.5772054794521,5.58838356164384,33.0539178082192,26.5551780821918,9.48920547945205,26.1695342465753,4.31506849315068
"100012",9.54147945205479,7.41402739726026,30.1305205479452,24.2482191780822,12.002301369863,23.609095890411,1.54257534246576
"100013",6.62301369863013,8.70904109589041,25.3982465753425,20.9155068493151,13.7746849315069,19.9676712328767,1.85917808219177
"100014",7.88054794520549,6.96821917808219,26.9122191780822,22.2253150684932,11.6728767123288,21.4481095890411,2.5042191780822
"100015",10.7201095890411,6.69008219178082,31.9038904109589,25.6053698630137,10.9627397260274,25.1625205479452,3.09402739726027
"100016",11.8829589041096,6.4987397260274,33.1732602739726,26.7928767123288,11.1274520547945,26.0837260273973,3.66509589041096
"100017",11.1294246575342,6.95046575342466,32.2668493150685,25.9949589041096,11.5752328767123,25.1664657534247,3.40668493150685
"100018",9.39156164383562,8.79583561643835,29.8790136986301,24.076602739726,13.9867397260274,22.8496438356164,2.14520547945206
"100019",9.47145205479453,9.07791780821918,28.8838356164384,23.9710684931507,14.9592328767123,22.2223561643836,0.986301369863014
"100020",9.85808219178081,7.44460273972604,29.1106849315069,24.3044383561644,12.9323835616438,22.8447123287671,1.00898630136985
"100021",10.346301369863,7.24241095890411,31.2687123287671,25.149698630137,11.8287123287671,24.5115616438356,2.96284931506848
"100022",11.6117260273973,6.98597260273972,32.7491506849315,26.4733150684932,11.8504109589041,25.494904109589,3.74301369863014
"100023",10.3956164383562,7.49884931506848,31.3653698630137,25.2108493150685,12.1857534246575,24.2492054794521,3.1413698630137
"100024",6.14367123287671,11.7034520547945,24.9672328767123,20.4884383561644,17.5739178082192,18.7328219178082,1.43802739726028
"100025",7.18224657534246,10.2348493150685,25.9318356164383,21.5230684931507,15.9721643835616,19.8394520547945,2.07813698630137
"100026",12.1334794520548,5.20175342465753,32.904,26.8924931506849,9.80482191780821,25.9890410958904,1.96865753424657
"100027",12.5822465753425,6.33600000000001,33.6486575342466,27.4191780821918,11.4115068493151,26.6577534246575,4.24701369863013
"100028",11.5278904109589,6.85084931506849,32.3181369863014,26.2839452054795,11.9224109589041,25.4110684931507,3.27945205479453
"100029",10.6185205479452,7.38838356164383,31.4225753424657,25.3824657534247,12.2745205479452,24.4464657534246,3.15024657534246
"100030",9.29786301369863,8.32635616438356,29.8977534246575,24.0016438356164,13.2154520547945,22.9887123287671,2.65906849315068
"100031",7.2295890410959,9.90147945205479,27.122301369863,21.7686575342466,15.048,20.6077808219178,1.55539726027397
"100032",7.87660273972602,9.07693150684933,27.5375342465753,22.3683287671233,14.2806575342466,21.1660273972603,1.17172602739726
"100033",9.75747945205479,6.89128767123288,29.9076164383562,24.3419178082192,11.6985205479452,23.3911232876712,0.918246575342472
"100034",11.9934246575342,6.99978082191781,32.825095890411,26.7573698630137,12.318904109589,25.9564931506849,3.90180821917809
"100035",12.1758904109589,6.30936986301369,33.1229589041096,26.9792876712329,11.2901917808219,26.2908493150685,4.18684931506849
"100036",10.6619178082192,6.6881095890411,31.5202191780822,25.4475616438356,11.2221369863014,24.8794520547945,3.34849315068492
"100037",10.3640547945205,6.88931506849315,31.3742465753425,25.1970410958904,11.2428493150685,24.739397260274,4.01030136986302
"100038",10.0444931506849,7.0106301369863,30.8791232876712,24.825205479452,11.4272876712329,24.4001095890411,3.76569863013697
"100039",10.2920547945206,6.42575342465752,31.0112876712329,25.0402191780822,10.7891506849315,24.6595068493151,3.04372602739726
"100040",10.1155068493151,8.00186301369863,30.3228493150685,24.6940273972603,13.4679452054795,23.8556712328767,2.34838356164383
"100041",10.9144109589041,6.37249315068492,31.5231780821918,25.6241095890411,11.0968767123288,25.1733698630137,2.8878904109589
"100042",9.77030136986301,6.79364383561644,30.2715616438356,24.4533698630137,11.2793424657534,23.997698630137,2.15802739726027
"100043",11.1442191780822,7.14180821917807,32.0459178082192,25.9357808219178,12.0713424657534,25.1743561643836,4.0241095890411
"100044",11.3414794520548,6.18509589041096,32.4493150684931,26.2030684931507,10.5790684931507,25.7335890410959,5.16526027397261
"100045",10.6293698630137,6.26597260273973,31.5715068493151,25.4455890410959,10.5139726027397,25.1033424657534,4.30619178082192
"100046",11.5318356164384,6.46323287671233,31.8190684931507,26.136,11.8020821917808,25.5146301369863,3.43627397260274
"100047",10.5731506849315,5.66038356164384,31.0201643835616,25.2424109589041,10.0395616438356,25.027397260274,2.8533698630137
"100048",8.79189041095891,6.66443835616438,28.9972602739726,23.393095890411,10.8986301369863,23.2638904109589,1.96767123287672
"100049",9.18345205479453,7.86180821917808,29.4539178082192,23.7915616438356,12.7745753424658,23.1721643835617,2.53775342465753
"100050",9.27123287671232,7.07276712328768,29.6097534246575,23.9059726027397,11.5998904109589,23.6653150684931,3.02202739726027
"100051",9.14991780821918,7.44361643835617,29.6442739726027,23.8300273972603,11.9480547945205,23.5420273972603,3.34257534246576
"100052",11.2783561643836,5.51243835616438,31.2647671232877,25.8006575342466,10.5593424657534,25.4584109589041,3.31002739726027
"100053",10.4478904109589,6.16142465753424,30.4786849315069,24.9859726027397,11.0830684931507,24.6821917808219,2.92734246575343
"100054",9.31167123287671,6.34191780821918,29.4558904109589,23.8921643835616,10.721095890411,23.7915616438356,2.57030136986301
"100055",9.69632876712328,6.49578082191781,30.1798356164384,24.3764383561644,10.8246575342466,24.1712876712329,2.96975342465754
"100056",9.34224657534246,5.32109589041096,29.6018630136986,23.9671232876712,9.13906849315069,24.076602739726,2.67682191780822
"100057",9.66180821917808,6.73347945205479,29.8612602739726,24.2531506849315,11.4085479452055,23.9986849315069,3.22520547945206
"100058",10.9410410958904,5.19682191780822,30.6059178082192,25.3696438356164,10.224,25.156602739726,3.168
"100059",10.1184657534247,6.336,29.7567123287671,24.5362191780822,11.5338082191781,24.2561095890411,2.67682191780823
"100060",9.0345205479452,5.97106849315069,28.7230684931507,23.4798904109589,10.4518356164384,23.5045479452055,2.20438356164384
"100061",10.051397260274,5.13271232876712,30.2666301369863,24.6575342465753,9.23276712328767,24.6575342465753,3.19364383561643
"100062",9.14991780821918,5.05676712328767,29.1244931506849,23.6909589041096,8.91419178082192,23.8892054794521,2.55057534246576
"100063",10.6786849315069,5.13468493150684,29.3612054794521,24.8084383561644,10.8828493150685,24.6397808219178,2.23890410958905
"100064",10.8305753424657,5.05380821917808,30.1167123287671,25.1447671232877,10.2979726027397,24.9761095890411,3.04668493150685
"100065",9.60460273972603,5.17413698630138,28.9982465753425,23.9621917808219,9.8107397260274,24.026301369863,2.52887671232877
"100066",9.44482191780821,4.23715068493151,29.0258630136986,23.8684931506849,8.20109589041096,24.1673424657534,2.59199999999999
"100067",10.0287123287671,4.07243835616439,29.786301369863,24.5036712328767,8.07386301369863,24.7186849315068,2.84843835616438
"100068",9.15287671232878,5.92964383561643,28.7112328767123,23.5578082191781,10.562301369863,23.5627397260274,2.67583561643836
"100069",12.096,4.37128767123288,30.7015890410959,26.1951780821918,10.4893150684932,25.8884383561644,2.82871232876712
"100070",13.0162191780822,4.22531506849315,32.1159452054795,27.2613698630137,10.2654246575342,26.8047123287671,3.64931506849315
"100071",10.3295342465753,5.21161643835617,29.210301369863,24.5214246575343,10.6579726027397,24.414904109589,2.83364383561644
"100072",9.82454794520547,4.31605479452055,29.1807123287671,24.1752328767123,8.69128767123288,24.3724931506849,3.08515068493151
"100073",9.3787397260274,4.25687671232877,28.8335342465753,23.7639452054794,8.30958904109589,24.069698630137,2.83956164383562
"100074",9.56416438356165,5.13567123287672,28.9844383561644,23.9296438356164,9.71408219178082,24.0124931506849,3.02005479452055
"100075",13.3121095890411,5.04986301369863,32.2648767123288,27.3008219178082,12.3218630136986,27.4458082191781,1.94005479452054
"100076",13.6375890410959,4.90586301369864,32.3664657534246,27.7574794520548,11.8770410958904,27.266301369863,3.27254794520548
"100077",12.9629589041096,3.99254794520548,31.8348493150685,27.1410410958904,10.101698630137,26.7386301369863,3.59112328767124
"100078",11.6413150684932,5.97205479452055,30.268602739726,25.7375342465754,12.6029589041096,25.1921095890411,3.09205479452054
"100079",10.2565479452055,5.61599999999999,28.9933150684932,24.4020821917808,11.3414794520548,24.2225753424658,3.25282191780822
"100080",10.0316712328767,5.06761643835616,29.066301369863,24.2748493150685,10.1717260273972,24.2649863013699,3.35934246575343
"100081",9.86498630136986,4.16810958904109,29.3809315068493,24.2659726027397,8.352,24.4898630136986,3.71046575342466
"100082",10.3571506849315,5.19879452054794,29.9973698630137,24.7837808219178,9.97841095890411,24.6920547945206,4.2933698630137
"100083",12.2607123287671,4.59123287671233,30.6532602739726,26.1478356164383,11.9007123287671,26.0314520547945,1.23583561643837
"100084",13.9433424657534,3.74301369863013,32.5637260273973,27.8117260273973,11.0623561643836,27.8580821917808,0.859068493150694
"100085",14.8783561643836,3.81895890410958,33.8597260273973,28.9084931506849,11.1195616438356,28.8572054794521,2.58410958904111
"100086",14.5469589041096,3.7785205479452,33.3902465753425,28.5751232876712,10.9213150684931,28.5524383561644,2.61764383561645
"100087",12.0220273972603,5.64263013698631,30.1778630136986,25.7651506849315,13.313095890411,25.4140273972603,1.19539726027397
"100088",11.8267397260274,5.57950684931506,30.0092054794521,25.6773698630137,12.8268493150685,25.5915616438356,1.20624657534247
"100089",12.0703561643836,5.07254794520548,30.3425753424658,26.0620273972603,11.801095890411,25.9239452054794,2.26060273972602
"100090",11.2359452054795,5.76000000000001,29.5170410958904,25.2315616438356,12.4116164383562,24.9415890410959,2.40460273972602
"100091",11.2024109589041,6.06673972602739,29.7044383561644,25.2641095890411,12.6483287671233,24.7867397260274,3.02893150684933
"100092",10.605698630137,5.14257534246575,29.2231232876712,24.7157260273973,10.9183561643836,24.558904109589,3.46882191780821
"100093",10.8295890410959,5.18695890410959,29.7399452054794,25.027397260274,10.8266301369863,24.8222465753425,3.72230136986302
"100094",10.238794520548,5.34673972602739,29.4243287671233,24.5253698630137,10.5425753424657,24.4158904109589,3.64438356164383
"100095",9.37676712328769,5.72646575342465,28.4015342465753,23.6179726027397,10.8414246575342,23.6061369863014,3.44416438356164
"100096",16.4317808219178,2.00712328767123,35.5867397260274,30.6266301369863,8.71594520547944,30.3830136986301,3.30509589041096
"100097",17.5009315068493,1.69249315068493,36.936,31.7411506849315,8.59857534246575,31.4275068493151,4.22827397260274
"100098",16.2848219178082,1.80986301369863,35.4161095890411,30.4096438356165,8.27210958904109,30.4106301369863,3.17391780821919
"100099",14.4098630136986,2.42728767123288,33.1515616438356,28.3492602739726,9.16964383561644,28.5287671232877,1.74476712328766
"100100",14.2836164383562,2.66893150684932,32.9740273972603,28.2358356164384,9.42608219178084,28.3956164383562,1.98838356164381
"100101",14.6840547945206,2.96580821917808,33.4918356164384,28.6934794520548,9.86498630136985,28.7053150684932,2.74290410958906
"100102",13.9147397260274,4.11287671232875,32.6702465753424,27.8945753424658,11.2635616438356,27.6509589041096,2.74290410958906
"100103",13.4087671232877,4.52416438356164,31.8368219178082,27.2692602739726,11.973698630137,26.8047123287671,1.72405479452054
"100104",12.9846575342466,4.77764383561643,31.276602739726,26.8195068493151,12.2261917808219,26.3648219178082,1.29205479452055
"100105",12.6493150684932,4.72832876712329,31.0527123287671,26.5926575342466,11.6985205479452,26.3983561643836,2.54465753424657
"100106",11.1126575342466,5.36942465753425,29.2507397260274,25.0579726027397,11.9391780821918,24.9011506849315,2.35726027397261
"100107",10.6915068493151,6.09731506849315,28.9124383561644,24.6703561643836,12.7055342465753,24.4089863013699,2.5762191780822
"100108",10.5978082191781,5.9227397260274,28.8207123287671,24.5796164383562,12.4066849315068,24.2738630136986,2.76558904109589
"100109",10.6747397260274,5.30334246575342,29.0840547945206,24.7186849315069,11.3700821917808,24.5095890410959,3.33172602739725
"100110",11.0130410958904,5.31024657534247,29.7152876712329,25.1437808219178,11.2773698630137,24.8695890410959,3.79824657534247
"100111",10.5741369863014,6.18016438356165,29.4134794520548,24.7433424657534,12.2242191780822,24.3823561643836,3.55660273972603
"100112",17.0432876712329,2.34739726027398,35.9802739726027,31.1671232876712,7.43079452054794,31.0527123287671,3.50038356164384
"100113",17.7110136986301,2.8721095890411,36.929095890411,31.9650410958904,6.50169863013699,31.7194520547945,4.36734246575342
"100114",17.0906301369863,2.67386301369862,36.2672876712329,31.3042191780822,6.72164383561645,31.1996712328767,4.27660273972603
"100115",16.7424657534247,2.34739726027399,35.820493150685,30.8702465753424,7.50871232876712,30.8702465753425,3.87320547945204
"100116",15.940602739726,2.49238356164385,34.9811506849315,29.9687671232877,9.68153424657535,29.7419178082192,3.45008219178081
"100117",14.6386849315068,3.0693698630137,33.5727123287671,28.6934794520548,9.86202739726028,28.6431780821918,3.68876712328766
"100118",13.3061917808219,3.64043835616439,32.0133698630137,27.3008219178082,10.2762739726027,27.2889863013699,3.09501369863013
"100119",12.1186849315069,5.2185205479452,30.5546301369863,25.9939726027397,12.3652602739726,25.5481643835616,2.15704109589041
"100120",12.0180821917808,5.73139726027399,30.2538082191781,25.8026301369863,13.3209863013699,25.2039452054794,1.70235616438356
"100121",11.0791232876712,5.94739726027397,29.016,24.7867397260274,13.4413150684932,24.3330410958904,1.74476712328767
"100122",11.8306849315068,6.09435616438356,30.1502465753425,25.7187945205479,13.4630136986301,25.0915068493151,2.66893150684932
"100123",11.6294794520548,6.14367123287672,30.0713424657534,25.6329863013699,13.1118904109589,25.1437808219178,3.69271232876712
"100124",10.7457534246575,6.17227397260273,29.0899726027397,24.761095890411,12.7321643835616,24.4957808219178,3.75090410958904
"100125",10.0237808219178,6.14465753424659,27.9123287671233,23.9049863013698,12.7597808219178,23.6436164383561,2.67978082191779
"100126",9.97446575342465,6.53720547945206,27.8886575342466,23.8615890410959,13.2904109589041,23.529205479452,2.56043835616438
"100127",10.4360547945205,5.71857534246575,28.8295890410959,24.473095890411,11.88,24.2265205479452,3.41260273972603
"100128",11.1175890410959,5.89413698630137,29.8385753424658,25.2483287671233,12.1630684931507,24.8301369863014,4.23616438356165
"100129",11.2744109589041,5.14060273972603,29.52,25.1477260273973,11.8878904109589,24.9228493150685,2.20635616438356
"100130",11.498301369863,6.40799999999999,29.8139178082192,25.3459726027397,13.8851506849315,24.7196712328767,2.26553424657534
"100131",10.821698630137,6.48,28.8236712328767,24.5786301369863,13.9522191780822,24.0716712328767,1.80493150684931
"100132",10.7921095890411,6.20580821917807,28.8956712328767,24.6595068493151,13.2243287671233,24.3054246575343,2.74487671232878
"100133",11.0781369863014,6.45435616438358,29.4884383561644,25.1082739726027,13.2391232876712,24.8932602739726,4.33578082191779
"100134",10.7832328767123,6.43364383561644,29.3237260273973,24.8567671232877,12.9570410958904,24.4849315068493,4.92756164383562
"100135",10.5060821917808,6.74136986301369,28.3739178082192,24.3724931506849,13.8752876712329,23.8852602739726,3.22027397260274
"100136",10.0849315068493,6.89523287671234,27.8906301369863,23.9345753424657,13.961095890411,23.5015890410959,2.75967123287671
"100137",11.1866301369863,6.71375342465754,29.4943561643836,25.1822465753425,13.7598904109589,24.5687671232877,3.90871232876712
"100138",12.5092602739726,6.3468493150685,31.3584657534247,26.6636712328767,13.3574794520548,25.862794520548,5.34279452054794
"100139",11.8553424657535,5.90005479452053,30.1768767123288,25.6694794520548,13.4058082191781,25.0717808219178,2.59397260273974
"100140",11.8701369863014,6.92975342465754,30.2597260273972,25.710904109589,14.8181917808219,24.8981917808219,2.90071232876713
"100141",11.1974794520548,6.5973698630137,29.3552876712329,25.027397260274,14.0755068493151,24.422794520548,2.75572602739726
"100142",10.5070684931507,6.14564383561643,28.526794520548,24.3685479452055,13.032,24.1624109589041,3.12657534246576
"100143",10.8897534246575,7.28383561643836,29.1738082191781,24.8626849315068,14.5163835616438,24.3912328767123,4.42750684931507
"100144",10.821698630137,7.13194520547944,29.0643287671233,24.7975890410959,14.2609315068493,24.379397260274,4.67802739726028
"100145",10.0770410958904,7.17632876712328,27.8156712328767,23.9030136986301,14.428602739726,23.4118356164384,3.11868493150685
"100146",10.1598904109589,7.25326027397259,28.0543561643836,24.0332054794521,14.4404383561644,23.5163835616438,3.25578082191782
"100147",11.2842739726027,7.46136986301369,29.469698630137,25.2355068493151,15.0095342465753,24.4425205479452,4.02509589041098
"100148",11.5683287671233,6.79364383561645,29.9658082191781,25.588602739726,13.9758904109589,24.8804383561644,4.43835616438356
"100149",10.1934246575342,7.33906849315071,28.252602739726,24.1160547945205,14.4364931506849,23.5735890410959,3.17687671232875
"100150",12.2597260273973,6.16339726027398,30.6207123287671,26.1024657534247,13.8831780821918,25.3676712328767,3.69271232876712
"100151",12.0782465753425,6.62991780821918,30.4747397260274,25.9663561643835,14.342794520548,25.1763287671233,3.95112328767122
"100152",11.3621917808219,6.45928767123289,29.5939726027397,25.2581917808219,13.7608767123288,24.7778630136986,3.74399999999999
"100153",11.1067397260274,6.71967123287671,29.3187945205479,25.0313424657534,13.9403835616438,24.6703561643835,4.34169863013699
"100154",11.037698630137,7.4110684931507,29.3365479452055,25.0116164383562,14.7629589041096,24.5480547945205,5.00153424657533
"100155",10.468602739726,7.68821917808219,28.5544109589041,24.3941917808219,15.0499726027397,23.8911780821918,4.50739726027398
"100156",10.5238356164383,7.58169863013699,28.4626849315068,24.4050410958904,15.0509589041096,23.8724383561644,4.02016438356165
"100157",10.3877260273973,7.85293150684931,28.4123835616438,24.2935890410959,15.3083835616438,23.7619726027397,4.12865753424659
"100158",10.4814246575343,7.89830136986301,28.4824109589041,24.3784109589041,15.4385753424657,23.7284383561644,3.88405479452055
"100159",10.4893150684931,7.06882191780823,28.5889315068493,24.4247671232877,14.1415890410959,23.8773698630137,3.85150684931506
"100160",11.1195616438356,7.25128767123287,29.3681095890411,25.0934794520548,14.5686575342466,24.3803835616438,4.12076712328766
"100161",12.528,5.19682191780821,30.8386849315068,26.4821917808219,12.2893150684931,25.9860821917808,5.32898630136987
"100162",12.3603287671233,5.63375342465753,30.6907397260274,26.323397260274,12.816,25.8953424657534,5.49665753424657
"100163",11.8681643835616,6.28372602739726,30.2173150684931,25.854904109589,13.4669589041096,25.5225205479452,5.36843835616438
"100164",11.166904109589,7.12997260273972,29.4657534246575,25.156602739726,14.3694246575342,24.8666301369863,5.28263013698631
"100165",11.2024109589041,7.52547945205478,29.4529315068493,25.1743561643836,15.0075616438356,24.6920547945206,5.39309589041098
"100166",11.0801095890411,7.99397260273972,29.3020273972603,25.0402191780822,15.6614794520548,24.4435068493151,5.34279452054794
"100167",11.2201643835616,8.11824657534248,29.6176438356164,25.2315616438356,15.7532054794521,24.624,5.80832876712329
"100168",11.1836712328767,7.75627397260273,29.6768219178082,25.2276164383562,15.1209863013699,24.5342465753425,5.77380821917809
"100169",10.0099726027397,7.67145205479451,28.0701369863014,23.9316164383562,14.8369315068493,23.4098630136986,4.26772602739727
"100170",10.4094246575343,7.12208219178081,28.6264109589041,24.3813698630137,14.0784657534247,23.8418630136986,4.46202739726029
"100171",12.117698630137,6.7147397260274,30.7430136986301,26.2040547945205,13.9137534246575,25.4021917808219,5.54498630136986
"100172",10.8759452054795,8.25731506849315,28.9045479452055,24.7758904109589,16.1240547945205,23.897095890411,3.75090410958906
"100173",12.0792328767123,5.5282191780822,30.2419726027397,25.9959452054795,12.6729863013699,25.5550684931507,5.44734246575342
"100174",12.6088767123288,4.83583561643835,30.866301369863,26.5926575342466,11.7162739726027,26.4387945205479,6.25808219178083
"100175",12.5635068493151,6.24526027397259,30.9915616438356,26.5887123287671,13.6070136986301,26.2158904109589,6.54312328767124
"100176",12.1640547945206,7.34498630136987,30.6493150684932,26.201095890411,14.9819178082192,25.7247123287671,6.45632876712328
"100177",11.7034520547945,7.98805479452056,30.0299178082192,25.675397260274,15.8922739726028,24.9938630136986,5.78564383561644
"100178",11.2990684931507,7.60536986301369,29.5042191780822,25.2552328767123,15.2087671232877,24.7038904109589,5.57063013698631
"100179",11.0633424657534,7.70893150684932,29.5229589041096,25.0984109589041,15.026301369863,24.5648219178082,6.33304109589041
"100180",10.6352876712329,7.5570410958904,28.9834520547945,24.6417534246575,14.7047671232877,24.098301369863,5.67715068493152
"100181",10.0533698630137,7.93084931506849,27.9478356164384,23.9217534246575,15.3833424657534,23.3970410958904,4.13852054794521
"100182",10.0504109589041,8.06202739726027,27.9320547945205,23.9138630136986,15.5855342465753,23.2451506849315,4.06750684931507
"100183",11.0327671232877,7.22564383561644,29.1856438356164,24.9780821917808,14.5755616438356,24.2866849315069,4.67704109589042
"100184",10.9193424657534,6.71967123287671,29.0090958904109,24.8508493150685,13.8397808219178,24.2866849315068,4.35057534246576
"100185",11.4992876712329,5.328,29.2083287671233,25.272,12.5457534246575,24.8646575342466,4.36832876712327
"100186",12.7834520547945,5.14158904109588,30.8712328767123,26.712,12.3948493150685,26.3194520547945,6.1278904109589
"100187",13.1513424657534,6.42575342465754,31.521205479452,27.1518904109589,14.1958356164384,26.5502465753425,6.93468493150685
"100188",12.4372602739726,7.00964383561644,30.7804931506849,26.4309041095891,14.7432328767123,25.9308493150685,6.62794520547945
"100189",11.836602739726,7.11912328767123,30.0950136986301,25.8085479452055,14.6998356164384,25.3913424657534,6.27879452054795
"100190",12.0792328767123,7.56394520547947,30.3228493150685,26.0413150684931,15.4770410958904,25.3686575342466,6.24920547945204
"100191",11.6778082191781,7.51265753424659,30.0447123287671,25.6803287671233,15.1052054794521,25.0717808219178,6.44942465753425
"100192",10.6481095890411,7.41106849315068,28.821698630137,24.6013150684932,14.6515068493151,24.0894246575343,5.74717808219178
"100193",10.2437260273973,7.62509589041096,28.0247671232877,24.0775890410959,15.1239452054795,23.5992328767123,4.46991780821917
"100194",10.4676164383562,7.93972602739726,28.2969863013699,24.3123287671233,15.645698630137,23.637698630137,4.3495890410959
"100195",10.872,7.33413698630137,28.7763287671233,24.7413698630137,14.8813150684932,24.0539178082192,4.5014794520548
"100196",11.2586301369863,6.90016438356164,29.131397260274,25.1191232876712,14.4522739726027,24.4405479452055,4.38016438356165
"100197",10.2683835616438,6.87156164383563,27.9093698630137,24.0657534246575,14.1573698630137,23.5952876712329,3.57928767123286
"100198",9.99616438356165,6.07561643835616,27.6815342465753,23.8162191780822,12.8258630136986,23.5706301369863,3.75090410958903
"100199",12.8534794520548,5.2106301369863,30.4421917808219,26.5324931506849,13.2381369863014,25.8608219178082,4.87923287671234
"100200",13.0961095890411,5.28953424657534,30.8416438356164,26.8638904109589,13.204602739726,26.1320547945205,5.688
"100201",12.2074520547945,5.37041095890412,29.8957808219178,26.0156712328767,12.8169863013699,25.6408767123288,5.60317808219177
"100202",11.9066301369863,6.65556164383563,29.7606575342466,25.7503561643835,14.4325479452055,25.2197260273973,5.72252054794519
"100203",11.5121095890411,7.25128767123287,29.3799452054795,25.3627397260274,15.0963287671233,24.7729315068493,5.66432876712329
"100204",11.5456438356164,7.77106849315066,29.4332054794521,25.4002191780822,15.846904109589,24.6664109589041,5.75013698630137
"100205",11.7251506849315,7.40712328767123,29.7754520547945,25.6310136986301,15.2531506849315,25.0372602739726,6.24920547945206
"100206",11.0455890410959,7.39430136986302,29.1136438356164,24.9632876712329,14.9030136986301,24.4326575342466,5.98586301369863
"100207",10.2358356164384,7.54027397260274,27.9705205479452,24.0568767123288,15.0381369863014,23.6179726027398,4.97589041095891
"100208",10.2900821917808,7.88449315068492,27.8935890410959,24.0667397260274,15.6831780821918,23.3911232876712,4.44427397260274
"100209",10.289095890411,8.01764383561643,27.8018630136987,24.0371506849315,15.9583561643836,23.3201095890411,3.87715068493152
"100210",10.7674520547945,7.41304109589041,28.274301369863,24.5145205479452,15.3004931506849,23.8231232876712,3.81797260273972
"100211",11.2329863013699,6.40010958904109,28.8660821917808,25.0234520547945,13.9206575342466,24.4504109589041,4.16317808219179
"100212",11.4341917808219,5.37435616438356,29.3099178082192,25.3065205479452,12.2981917808219,24.9110136986301,4.79835616438356
"100213",10.9913424657534,6.45041095890412,28.8453698630137,24.8518356164384,13.6859178082192,24.3231780821918,4.32295890410958
"100214",13.7825753424657,4.82005479452056,31.3860821917808,27.4941369863014,12.9945205479452,26.712,5.52723287671232
"100215",13.4275068493151,5.56175342465755,31.0566575342466,27.1449863013699,13.8881095890411,26.2829589041096,5.82213698630136
"100216",13.0448219178082,5.74323287671233,30.6059178082192,26.7761095890411,13.9413698630137,25.9574794520548,5.78465753424658
"100217",12.3761095890411,6.17720547945207,30.0289315068493,26.1547397260274,14.1356712328767,25.5974794520548,5.83594520547945
"100218",12.290301369863,6.47605479452055,30.1620821917808,26.1448767123288,14.3102465753425,25.6379178082192,6.43561643835615
"100219",12.146301369863,7.21676712328768,30.0940273972603,26.0196164383562,15.2610410958904,25.3745753424657,6.48295890410958
"100220",11.9628493150685,7.15857534246575,29.8573150684932,25.8213698630137,15.1377534246575,25.1664657534247,6.42476712328767
"100221",11.2773698630137,7.47813698630137,29.0633424657534,25.1053150684932,15.3853150684932,24.4119452054794,5.86947945205479
"100222",11.0633424657534,7.3568219178082,28.8986301369863,24.9090410958904,15.0637808219178,24.3281095890411,5.91978082191781
"100223",10.7674520547945,7.74049315068493,28.4646575342466,24.5707397260274,15.6101917808219,23.8152328767123,5.23035616438355
"100224",10.8552328767123,8.23265753424658,28.4074520547945,24.609205479452,16.4998356164384,23.7294246575342,4.53698630136985
"100225",10.7418082191781,7.76909589041095,28.2289315068493,24.48,15.8261917808219,23.7195616438356,4.27956164383561
"100226",10.9607671232877,6.43068493150686,28.5425753424658,24.7384109589041,13.8841643835616,24.213698630137,4.53698630136986
"100227",12.0161095890411,5.64065753424656,29.8435068493151,25.8667397260274,13.0004383561644,25.2927123287671,5.25797260273974
"100228",12.1058630136987,5.4078904109589,30.0614794520548,25.9969315068493,12.5881643835616,25.4554520547945,5.51145205479452
"100229",12.3918904109589,4.09808219178083,30.4737534246575,26.330301369863,10.6905205479452,26.006794520548,5.66136986301372
"100230",14.5489315068493,3.96690410958905,32.0922739726027,28.3038904109589,11.9756712328767,27.7979178082192,6.54509589041095
"100231",14.5716164383562,4.88613698630138,32.3536438356164,28.3926575342466,13.1207671232877,27.842301369863,7.16843835616439
"100232",14.4611506849315,6.03024657534247,32.3319452054795,28.3009315068493,14.666301369863,27.5454246575342,7.1654794520548
"100233",13.8170958904109,6.1121095890411,31.7056438356164,27.6667397260274,14.472,27.1676712328767,7.18717808219176
"100234",13.2006575342466,6.20284931506849,31.1404931506849,27.0700273972603,14.2727671232877,26.6587397260274,7.21873972602739
"100235",12.3761095890411,6.70487671232877,30.1167123287671,26.1872876712329,14.8024109589041,25.6408767123288,6.4987397260274
"100236",12.2873424657534,6.4237808219178,30.0210410958904,26.0995068493151,14.3556164383562,25.5402739726027,6.65950684931508
"100237",11.9914520547945,6.98498630136986,29.6482191780822,25.7779726027397,15.1081643835616,25.0135890410959,6.18213698630137
"100238",10.8414246575342,7.43868493150684,28.4952328767123,24.6328767123288,15.2403287671233,23.9730410958904,5.43550684931506
"100239",10.5080547945206,6.39517808219178,28.0592876712329,24.2797808219178,13.6504109589041,23.8803287671233,5.21260273972604
"100240",10.9410410958904,7.43276712328765,28.5238356164384,24.7098082191781,15.3409315068493,23.9335890410959,5.1179178082192
"100241",11.5318356164384,7.36175342465752,29.3523287671233,25.3696438356164,15.3004931506849,24.5362191780822,5.61698630136988
"100242",11.9618630136986,6.83901369863015,30.0269589041096,25.8756164383562,14.5193424657534,25.0678356164384,6.26794520547944
"100243",12.5161643835616,6.21468493150685,30.7144109589041,26.4713424657534,13.7441095890411,25.6813150684931,6.64668493150685
"100244",12.4934794520548,5.53413698630138,30.5556164383562,26.4131506849315,12.8574246575343,25.7671232876712,6.11704109589043
"100245",12.7765479452055,4.59517808219177,30.9008219178082,26.7208767123288,11.5604383561644,26.2129315068493,6.0746301369863
"100246",12.9590136986301,4.14542465753425,30.9244931506849,26.8569863013699,11.1274520547945,26.4013150684932,5.26191780821917
"100247",15.789698630137,4.61786301369862,33.1259178082192,29.3986849315068,13.8802191780822,28.3295342465753,6.33698630136988
"100248",14.7659178082192,3.22816438356165,32.0350684931507,28.4419726027397,11.2398904109589,28.2476712328767,6.54509589041095
"100249",15.414904109589,4.51331506849316,33.4612602739726,29.3128767123288,12.7331506849315,28.7250410958904,8.0107397260274
"100250",15.602301369863,5.65841095890411,33.7088219178082,29.5081643835616,14.4424109589041,28.7605479452055,7.85589041095891
"100251",14.8438356164384,5.03605479452054,32.8172054794521,28.7201095890411,13.2973150684931,28.224,7.75824657534247
"100252",13.9847671232877,5.03901369863014,31.9630684931507,27.8699178082192,12.8988493150685,27.4517260273973,7.63495890410958
"100253",13.2894246575342,5.74323287671234,31.0892054794521,27.1193424657534,13.7658082191781,26.7011506849315,7.23057534246574
"100254",12.9067397260274,6.7492602739726,30.6009863013699,26.6991780821918,15.1535342465753,26.0127123287671,6.9731506849315
"100255",11.7882739726028,6.84197260273972,29.2438356164384,25.5156164383562,14.9819178082192,24.8153424657534,6.02827397260275
"100256",10.9972602739726,5.79846575342465,28.4449315068493,24.7384109589041,13.0951232876712,24.429698630137,5.94443835616438
"100257",11.7981369863014,6.05589041095891,29.4361643835616,25.588602739726,13.6750684931507,24.9682191780822,6.28372602739725
"100258",12.0190684931507,6.80054794520548,29.8237808219178,25.8519452054794,14.7185753424658,24.9849863013699,6.35967123287671
"100259",11.5219726027397,6.75912328767122,29.3750136986301,25.3745753424658,14.3852054794521,24.6703561643836,6.24427397260274
"100260",11.657095890411,6.18706849315069,29.7586849315069,25.5895890410959,13.3910136986301,24.9830136986301,6.84197260273972
"100261",12.6986301369863,5.68997260273973,31.0734246575342,26.7110136986301,12.9037808219178,25.9969315068493,7.33019178082192
"100262",12.9126575342466,5.32109589041097,31.2243287671233,26.9072876712329,12.5201095890411,26.2237808219178,6.95835616438357
"100263",12.6542465753425,5.4956712328767,30.6670684931507,26.5571506849315,12.9185753424658,25.8844931506849,6.08745205479454
"100264",13.3821369863014,4.63758904109591,31.4689315068493,27.309698630137,11.9362191780822,26.6656438356164,5.81227397260275
"100265",12.5694246575343,5.36054794520548,30.1630684931507,26.345095890411,13.0527123287671,25.7089315068493,4.78257534246575
"100266",14.5864109589041,3.63057534246575,31.6415342465754,28.1944109589041,11.9342465753425,28.1046575342466,5.93358904109589
"100267",14.0508493150685,4.1838904109589,31.104,27.6381369863014,12.5556164383562,27.4941369863014,5.90202739726028
"100268",15.4750684931507,4.54290410958903,33.1377534246575,29.2438356164384,13.176,28.8443835616438,7.35978082191781
"100269",16.3637260273973,5.35463013698627,34.2808767123288,30.124602739726,14.7560547945205,29.5190136986301,7.04317808219179
"100270",15.4316712328767,4.15035616438357,33.1604383561644,29.2014246575342,12.5881643835616,28.9351232876712,7.1891506849315
"100271",14.0084383561644,4.60997260273973,31.4945753424657,27.7456438356164,12.7173698630137,27.5917808219178,6.63682191780822
"100272",14.3329315068493,5.80339726027397,32.083397260274,28.1381917808219,14.3812602739726,27.6726575342466,7.49687671232877
"100273",14.6061369863014,7.31736986301368,32.5272328767123,28.4478904109589,16.5738082191781,27.4704657534247,8.03835616438359
"100274",12.8140273972603,6.58750684931506,30.4540273972603,26.5916712328767,14.9227397260274,25.9239452054795,7.19309589041097
"100275",12.1078356164384,5.50454794520547,29.6955616438356,25.8854794520548,13.0566575342466,25.4988493150685,7.09150684931507
"100276",12.045698630137,5.63868493150684,29.6689315068493,25.833205479452,13.1927671232877,25.2483287671233,6.90016438356164
"100277",11.9539726027397,6.70980821917809,29.692602739726,25.7681095890411,14.616,24.8804383561644,6.60723287671232
"100278",11.4184109589041,7.04416438356166,29.2576438356164,25.265095890411,14.766904109589,24.4908493150685,6.41391780821918
"100279",11.347397260274,6.19397260273972,29.1284383561644,25.1852054794521,13.5409315068493,24.6338630136986,6.60723287671235
"100280",12.189698630137,6.34783561643836,30.2133698630137,26.092602739726,13.9423561643836,25.3390684931507,7.16942465753424
"100281",12.6384657534247,5.94443835616438,30.9373150684932,26.6252054794521,13.3160547945205,25.8687123287671,7.56197260273973
"100282",12.2577534246575,5.53906849315068,30.3327123287671,26.1833424657534,12.7449863013698,25.5856438356164,6.8163287671233
"100283",12.9826849315069,5.13468493150685,31.0201643835617,26.8944657534247,12.5230684931507,26.2287123287671,6.66147945205479
"100284",14.2569863013699,4.29534246575342,32.6189589041096,28.2644383561644,11.5969315068493,27.5148493150685,7.48701369863015
"100285",14.256,3.56153424657533,32.3388493150685,28.1835616438356,10.7684383561644,27.5819178082192,6.69895890410959
"100286",14.3033424657534,3.01808219178083,32.090301369863,28.1441095890411,10.2595068493151,27.6391232876712,5.45523287671233
"100287",15.8804383561644,2.80208219178084,33.3655890410959,29.6166575342466,10.9410410958904,29.3671232876712,7.29369863013697
"100288",14.6692602739726,3.61676712328766,31.9019178082192,28.310794520548,11.8523835616438,28.2644383561644,6.57764383561644
"100289",15.3803835616438,2.25567123287669,32.4828493150685,28.9578082191781,10.1608767123288,29.138301369863,6.47309589041097
"100290",16.7907945205479,3.36526027397259,34.1023561643836,30.434301369863,9.09172602739726,30.5299726027397,6.97413698630137
"100291",16.9229589041096,2.3572602739726,34.5688767123288,30.6128219178082,10.5958356164384,30.5684383561644,7.15758904109589
"100292",14.9079452054795,3.66115068493151,32.2293698630137,28.483397260274,12.2123835616438,28.3867397260274,5.69983561643835
"100293",13.8397808219178,4.38410958904109,31.0675068493151,27.4576438356164,12.6611506849315,27.3146301369863,5.81227397260274
"100294",13.658301369863,5.95726027397259,31.075397260274,27.3521095890411,14.6258630136986,26.7810410958904,6.55101369863013
"100295",12.6315616438356,5.69095890410961,29.901698630137,26.3046575342466,13.852602739726,25.769095890411,6.64668493150684
"100296",12.9284383561644,5.81621917808219,30.556602739726,26.7080547945205,13.8575342465753,26.1034520547945,7.69019178082191
"100297",12.390904109589,5.43846575342467,29.9549589041096,26.1586849315068,13.110904109589,25.5422465753425,7.29567123287671
"100298",11.6452602739726,5.88723287671232,29.1797260273973,25.4061369863014,13.4482191780822,24.8044931506849,6.9149589041096
"100299",11.6689315068493,6.35572602739727,29.2339726027397,25.4357260273973,14.1189041095891,24.6299178082192,7.0185205479452
"100300",11.1087123287671,7.65961643835617,28.3098082191781,24.7561643835617,16.0885479452055,23.8694794520548,5.90005479452056
"100301",12.5181369863014,6.65260273972603,30.4895342465753,26.4003287671233,14.587397260274,25.488,7.63693150684931
"100302",13.2953424657534,6.01446575342466,31.7618630136986,27.3284383561644,13.5744657534246,26.4230136986301,8.6192876712329
"100303",12.6473424657534,5.6209315068493,30.9225205479452,26.6301369863014,12.8682739726027,25.9387397260274,8.16657534246575
"100304",12.7844383561644,5.76986301369863,30.8298082191781,26.6942465753425,13.3515616438356,25.9377534246575,7.56591780821918
"100305",13.2549041095891,4.84964383561643,31.348602739726,27.1834520547945,12.1808219178082,26.5216438356164,7.72668493150687
"100306",13.3426849315068,4.03890410958904,31.2943561643836,27.2337534246575,11.1609863013699,26.7198904109589,7.21183561643835
"100307",14.9740273972603,3.17391780821917,33.2048219178082,28.944,10.4035068493151,28.2772602739726,7.26608219178084
"100308",15.5776438356164,2.01994520547946,34.0530410958904,29.6275068493151,8.77808219178081,29.0810958904109,7.50082191780822
"100309",17.4812054794521,2.98454794520546,35.1083835616438,31.2627945205479,8.95660273972604,30.9432328767123,8.62126027397261
"100310",15.3586849315069,2.33852054794519,32.5321643835616,29.0071232876712,10.296,28.9804931506849,6.91890410958905
"100311",17.2859178082192,4.71846575342464,34.3775342465753,30.9175890410959,6.9918904109589,31.0980821917808,7.50969863013698
"100312",23.04,4.75791780821918,41.2293698630137,36.9961643835616,4.32394520547946,36.6391232876712,12.4875616438356
"100313",23.2076712328767,4.31704109589043,41.5311780821918,37.2003287671233,3.81698630136987,36.7841095890411,12.2764931506849
"100314",18.9468493150685,5.54794520547946,36.2603835616438,32.5755616438356,7.05797260273972,32.6998356164384,7.04909589041095
"100315",14.9621917808219,2.90367123287672,31.8940273972603,28.5031232876712,9.50695890410958,28.8049315068493,5.13863013698631
"100316",13.6553424657534,3.57632876712329,30.6384657534247,27.244602739726,11.4992876712329,27.2830684931507,5.49369863013699
"100317",13.3081643835616,4.18783561643835,30.3613150684932,26.9220821917808,12.1601095890411,26.6981917808219,6.19791780821919
"100318",13.6908493150685,5.24810958904109,31.2065753424658,27.4339726027397,13.4778082191781,26.8855890410959,7.76416438356165
"100319",13.9285479452055,5.70378082191782,31.7214246575342,27.7515616438356,14.0094246575343,26.9092602739726,8.50093150684931
"100320",12.8702465753425,6.15057534246574,30.4392328767123,26.6291506849315,14.3704109589041,25.7641643835617,7.69512328767125
"100321",12.189698630137,6.62005479452053,29.5535342465754,25.8874520547945,14.9247123287671,25.0609315068493,7.04909589041097
"100322",12.0703561643836,5.92471232876711,29.4381369863014,25.776,13.8476712328767,25.0204931506849,6.97808219178084
"100323",12.4638904109589,5.86652054794521,30.2321095890411,26.2898630136986,13.5912328767123,25.5678904109589,7.50969863013698
"100324",13.6356164383562,6.23243835616438,31.9324931506849,27.6115068493151,14.2017534246575,26.5857534246575,8.76328767123287
"100325",12.7045479452055,6.67232876712329,30.7292054794521,26.6005479452055,14.6554520547945,25.6714520547945,7.94958904109589
"100326",13.1809315068493,6.36065753424657,31.1917808219178,27.0710136986301,14.4315616438356,26.107397260274,7.88942465753425
"100327",13.182904109589,5.2293698630137,31.2677260273973,27.1055342465753,12.7114520547945,26.3796164383562,8.06695890410958
"100328",13.2825205479452,4.42257534246575,31.3742465753425,27.2140273972603,11.570301369863,26.6360547945205,8.03736986301369
"100329",14.5301917808219,3.43232876712329,32.6899726027397,28.4794520547945,10.6382465753425,27.8501917808219,7.83320547945205
"100330",15.6782465753425,2.50027397260274,34.0786849315068,29.7004931506849,9.59473972602741,29.0307945205479,8.45260273972605
"100331",15.2728767123288,1.88284931506851,33.681205479452,29.3069589041096,8.49600000000001,28.8512876712329,8.05019178082192
"100332",15.5963835616438,2.45983561643835,32.4532602739726,29.1235068493151,10.922301369863,29.1422465753425,6.25117808219179
"100333",15.091397260274,2.48843835616438,32.0271780821918,28.6757260273972,9.33435616438356,28.8532602739726,6.52043835616438
"100334",22.1089315068493,6.3251506849315,40.5586849315068,36.1666849315069,6.65654794520547,35.9990136986301,13.4718904109589
"100335",19.872,5.41972602739726,37.3798356164383,33.5431232876712,7.16646575342466,33.4987397260274,10.0809863013699
"100336",20.2714520547945,4.8664109589041,37.7388493150685,33.9731506849315,9.29786301369865,33.7857534246575,8.42893150684931
"100337",24.8676164383562,7.66060273972604,42.3537534246575,38.6166575342466,7.42783561643836,38.6630136986301,10.8108493150685
"100338",23.9592328767123,6.63978082191781,41.7619726027397,37.8049315068493,6.70487671232877,37.6658630136986,9.96065753424658
"100339",18.2357260273973,5.25402739726027,35.5857534246575,31.939397260274,7.04021917808217,31.8812054794521,7.18421917808222
"100340",15.4099726027397,3.01610958904111,32.6870136986301,29.0958904109589,9.14498630136985,29.0475616438356,6.92087671232878
"100341",14.7373150684931,3.53293150684931,32.4029589041096,28.5327123287671,11.3197808219178,28.0770410958904,8.10147945205479
"100342",14.5745753424658,4.74706849315069,32.2648767123288,28.3689863013699,13.0004383561644,27.6795616438356,8.51967123287672
"100343",13.2055890410959,6.07660273972603,30.5526575342466,26.8944657534247,14.616,25.9693150684932,7.68821917808219
"100344",12.8801095890411,6.01545205479452,30.4481095890411,26.64,14.1780821917808,25.8006575342466,7.87956164383561
"100345",12.7084931506849,5.46016438356163,30.211397260274,26.4545753424658,13.3446575342466,25.7059726027397,7.70893150684931
"100346",12.9116712328767,5.31024657534248,30.6729863013699,26.7366575342466,12.9905753424657,26.042301369863,8.08865753424658
"100347",13.6010958904109,5.38323287671233,31.6878904109589,27.5197808219178,13.1286575342466,26.6745205479452,8.80865753424656
"100348",13.5212054794521,5.58739726027396,31.5409315068493,27.4181917808219,13.4501917808219,26.5453150684932,8.52164383561644
"100349",13.0181917808219,5.88723287671233,30.9008219178082,26.8747397260274,13.7766575342466,26.0403287671233,7.97030136986301
"100350",13.3979178082192,5.78860273972603,31.5152876712329,27.3244931506849,13.6001095890411,26.4368219178082,8.35495890410958
"100351",13.3604383561644,5.10312328767122,31.3347945205479,27.2495342465754,12.7065205479452,26.5098082191781,8.10049315068494
"100352",14.3250410958904,4.45019178082192,32.3477260273973,28.2259726027397,12.1561643835616,27.4231232876712,8.15178082191781
"100353",15.6940273972603,3.49841095890409,34.077698630137,29.7024657534247,11.0781369863014,28.8207123287671,9.07495890410961
"100354",16.1950684931507,1.64219178082193,34.8736438356164,30.3060821917808,8.33128767123289,29.714301369863,9.48328767123287
"100355",14.9138630136986,2.3306301369863,33.3251506849315,28.9637260273973,6.19693150684932,28.8877808219178,8.25435616438355
"100356",14.7264657534246,2.18169863013699,32.997698630137,28.734904109589,6.18312328767125,28.7023561643836,7.62608219178081
"100357",24.3212054794521,7.0905205479452,42.1604383561644,38.1787397260274,6.84098630136984,38.0584109589041,14.1248219178082
"100358",21.9452054794521,5.79156164383564,38.9549589041096,35.3963835616438,5.70082191780821,35.5956164383562,9.58980821917808
"100359",24.4987397260274,4.71353424657535,41.6219178082192,37.9982465753425,4.59123287671231,37.893698630137,10.5129863013699
"100360",28.9647123287671,9.22389041095892,47.6363835616438,43.0569863013698,8.89249315068493,42.148602739726,15.3912328767123
"100361",22.4117260273973,5.94838356164382,41.2550136986302,36.5848767123288,7.06882191780822,36.2840547945206,14.0202739726028
"100362",17.2612602739726,3.46586301369865,35.5778630136986,31.2568767123288,8.2375890410959,30.5635068493151,10.5494794520548
"100363",15.6664109589041,3.6966575342466,33.515506849315,29.5091506849315,11.8277260273973,28.7378630136986,9.49906849315069
"100364",13.6060273972603,4.1651506849315,31.182904109589,27.3787397260274,11.8001095890411,26.8165479452055,8.74652054794522
"100365",13.1523287671233,6.02926027397261,30.9895890410959,26.9930958904109,14.0883287671233,26.1310684931507,8.9171506849315
"100366",13.4817534246575,5.23331506849316,31.4048219178082,27.3530958904109,13.0004383561644,26.5591232876712,9.19923287671233
"100367",13.8595068493151,4.9650410958904,31.8851506849315,27.7604383561644,12.6897534246575,26.9467397260274,9.3392876712329
"100368",13.5803835616438,4.66816438356165,31.5803835616438,27.4783561643836,12.1482739726027,26.7849863013699,9.28898630136987
"100369",14.2954520547945,4.73621917808218,32.4798904109589,28.2447123287671,12.4165479452055,27.3905753424658,9.70816438356165
"100370",13.730301369863,4.85161643835617,31.8940273972602,27.676602739726,12.3415890410959,26.9171506849315,9.22487671232876
"100371",13.3890410958904,5.40098630136987,31.4600547945205,27.3047671232877,13.0704657534247,26.4999452054794,8.71298630136987
"100372",13.3890410958904,4.90093150684932,31.3278904109589,27.2682739726028,12.456,26.5640547945206,8.43287671232878
"100373",13.7884931506849,4.58630136986302,31.7381917808219,27.6706849315068,12.1719452054795,26.9487123287671,8.37764383561644
"100374",14.4364931506849,3.74104109589042,32.6051506849315,28.3877260273973,11.0406575342466,27.7121095890411,8.81063013698629
"100375",14.5203287671233,2.37501369863014,32.8310136986301,28.5258082191781,8.9526575342466,28.1224109589041,8.93194520547944
"100376",13.7539726027397,2.10969863013699,32.0044931506849,27.7614246575342,6.22849315068494,27.8630136986301,8.3066301369863
"100377",14.0695890410959,1.99726027397261,32.3536438356164,28.0849315068493,6.27484931506851,28.1312876712329,8.19616438356164
"100378",21.7410410958904,4.42356164383561,38.5979178082192,35.2809863013699,3.97775342465754,35.4003287671233,12.0151232876712
"100379",21.8899726027397,6.26301369863013,38.7320547945205,35.3559452054795,6.30345205479452,35.358904109589,12.0683835616439
"100380",17.9615342465753,2.70443835616437,34.610301369863,31.3525479452055,12.737095890411,30.4195068493151,9.71506849315071
"100381",17.4279452054794,3.78049315068493,34.5471780821918,31.053698630137,9.29687671232878,30.8515068493151,11.526904109589
"100382",18.4142465753425,4.63364383561644,36.9350136986301,32.4749589041096,6.54016438356165,31.8378082191781,12.758794520548
"100383",17.496,3.04372602739728,35.6676164383562,31.4403287671233,9.15484931506849,30.628602739726,11.6087671232877
"100384",15.206794520548,2.87506849315068,33.2363835616438,29.1156164383562,10.2516164383562,28.4577534246575,10.6569863013699
"100385",14.1593424657534,4.46005479452054,32.1070684931507,28.0385753424657,12.1591232876712,27.2672876712329,10.3354520547945
"100386",14.6524931506849,4.85654794520549,32.8477808219178,28.6007671232877,12.7499178082192,27.648,10.9864109589041
"100387",14.7974794520548,4.64942465753424,33.0016438356164,28.7487123287671,12.5043287671233,27.8087671232877,10.8483287671233
"100388",14.3309589041096,4.21446575342465,32.4315616438356,28.2585205479452,11.7448767123288,27.504,10.4291506849315
"100389",14.731397260274,4.69676712328767,32.9375342465753,28.6836164383562,12.5427945205479,27.7476164383562,10.6116164383562
"100390",14.8724383561644,5.20076712328768,33.1574794520548,28.843397260274,13.276602739726,27.7742465753424,10.5790684931507
"100391",14.2915068493151,5.61797260273973,32.428602739726,28.2180821917808,13.7480547945205,27.1804931506849,9.88175342465753
"100392",14.3003835616438,4.8535890410959,32.5035616438356,28.2535890410959,12.5743561643836,27.3757808219178,9.88865753424658
"100393",14.0439452054794,4.03594520547945,32.262904109589,28.0109589041096,11.2448219178082,27.3580273972603,9.65194520547945
"100394",14.1445479452055,2.83956164383562,32.5509041095891,28.1786301369863,9.37380821917809,27.7594520547945,9.9064109589041
"100395",14.2579726027397,2.74586301369865,32.673205479452,28.2950136986301,9.28109589041097,27.870904109589,9.66969863013698
"100396",13.5212054794521,1.72602739726027,31.7401643835616,27.5128767123288,7.62115068493151,27.4517260273973,9.00986301369863
"100397",14.256,1.96273972602741,32.616,28.2831780821918,8.18432876712328,28.0218082191781,9.30871232876713
"100398",14.4374794520548,1.33052054794521,32.8448219178082,28.4824109589041,7.29468493150685,28.317698630137,9.17950684931508
"100399",14.1494794520548,1.60964383561644,32.3694246575342,28.1411506849315,6.94947945205479,28.2032876712329,8.68832876712329
"100400",16.0895342465753,3.32186301369862,32.9740273972603,29.6344109589041,12.3307397260274,29.3848767123288,12.2133698630137
"100401",19.0060273972603,3.68679452054796,36.0631232876712,32.5972602739726,10.3364383561644,32.2066849315068,13.701698630137
"100402",20.7744657534247,5.33589041095891,39.2153424657534,34.7957260273973,6.84295890410959,33.8794520547945,15.9277808219178
"100403",17.2622465753424,3.17687671232878,35.517698630137,31.2381369863014,8.53545205479453,30.5082739726027,12.3997808219178
"100404",15.868602739726,2.49435616438356,33.8153424657534,29.7498082191781,10.0760547945205,29.1175890410959,11.1392876712329
"100405",15.3626301369863,3.31002739726026,33.4405479452055,29.2813150684932,10.9193424657534,28.5011506849315,11.4874520547945
"100406",14.6238904109589,4.53698630136985,32.6692602739726,28.5287671232877,12.4007671232877,27.6568767123288,11.3168219178082
"100407",13.8289315068493,4.51824657534249,31.7865205479452,27.7130958904109,12.0831780821918,26.9980273972603,10.778301369863
"100408",14.6623561643836,4.34860273972605,32.9296438356164,28.6362739726027,11.9470684931507,27.7890410958904,11.4716712328767
"100409",15.148602739726,4.69676712328767,33.3281095890411,29.0889863013699,12.7607671232877,28.0652054794521,11.3621917808219
"100410",15.1219726027397,4.90093150684932,33.3527671232877,29.0761643835616,12.9994520547945,28.0168767123288,11.1609863013698
"100411",15.48,5.64164383561643,34.0589589041096,29.5318356164384,13.9423561643836,28.2506301369863,11.6541369863014
"100412",14.5913424657534,4.82794520547944,32.9414794520548,28.5879452054795,12.5418082191781,27.6568767123288,10.9361095890411
"100413",14.550904109589,4.00241095890411,33.0134794520548,28.5889315068493,11.2152328767123,27.842301369863,11.2191780821918
"100414",14.169205479452,3.49052054794521,32.6889863013699,28.2318904109589,10.2378082191781,27.6736438356164,11.0307945205479
"100415",14.2402191780822,2.63736986301372,32.8132602739726,28.3265753424657,8.97435616438358,27.9330410958904,10.9144109589041
"100416",14.7205479452055,2.01600000000001,33.4070136986301,28.843397260274,8.18926027397259,28.4814246575342,10.9923287671233
"100417",15.4987397260274,1.68854794520549,34.3686575342466,29.6738630136986,7.90816438356165,29.2221369863014,11.2615890410959
"100418",15.5253698630137,1.55046575342466,34.3055342465753,29.6738630136986,7.79671232876713,29.2556712328767,10.9163835616438
"100419",14.465095890411,1.43704109589042,32.7945205479452,28.4853698630137,7.40219178082192,28.526794520548,9.56909589041096
"100420",22.3910136986301,5.44241095890412,40.3407123287671,36.2455890410959,8.21194520547947,35.3441095890411,17.8323287671233
"100421",23.1494794520548,4.89501369863017,42.1564931506849,37.3413698630137,4.45906849315068,36.2751780821918,19.5810410958904
"100422",17.6340821917808,4.17797260273973,35.7721643835616,31.579397260274,7.17336986301369,31.003397260274,13.1296438356164
"100423",16.9732602739726,3.04569863013701,35.2119452054795,30.9452054794521,8.54728767123287,30.2567671232877,12.7578082191781
"100424",15.4908493150685,3.65720547945205,33.5322739726027,29.3947397260274,11.5190136986301,28.5997808219178,11.9372054794521
"100425",15.1643835616438,4.54290410958905,33.3981369863014,29.1225205479452,12.4934794520548,28.1293150684932,12.1275616438356
"100426",14.7925479452055,4.7283287671233,33.0144657534247,28.7487123287671,12.6029589041096,27.7939726027397,11.9026849315068
"100427",14.371397260274,4.31605479452054,32.4631232876712,28.2940273972603,11.9194520547945,27.510904109589,11.4332054794521
"100428",14.3546301369863,3.72032876712328,32.4858082191781,28.2950136986301,11.0061369863014,27.6401095890411,11.4440547945206
"100429",15.5155068493151,5.17413698630138,33.9790684931507,29.5357808219178,13.3772054794521,28.3423561643835,12.2064657534247
"100430",14.7412602739726,4.64449315068492,33.0105205479452,28.7132054794521,12.4155616438356,27.7870684931507,11.7172602739726
"100431",14.7501369863014,3.92942465753424,33.2501917808219,28.7990136986301,11.166904109589,28.0267397260274,12.1906849315069
"100432",14.6870136986301,3.70750684931508,33.3606575342466,28.7921095890411,10.6609315068493,28.0829589041096,12.2409863013699
"100433",14.7106849315069,3.43430136986301,33.2807671232877,28.7852054794521,10.361095890411,28.1263561643836,11.7596712328767
"100434",14.8714520547945,2.68175342465751,33.4642191780822,28.9578082191781,9.31561643835614,28.4242191780822,11.5722739726028
"100435",14.7215342465753,2.25172602739725,33.2985205479452,28.8078904109589,8.63013698630137,28.433095890411,11.0988493150685
"100436",14.262904109589,1.83747945205479,32.7540821917808,28.3305205479452,7.88745205479452,28.2772602739726,10.5761095890411
"100437",21.2922739726027,6.3468493150685,39.1019178082192,35.1251506849315,5.71265753424657,34.625095890411,17.6745205479452
"100438",21.1778630136986,5.92964383561645,39.2981917808219,35.1014794520548,6.39320547945208,34.4071232876712,16.8341917808219
"100439",19.6619178082191,4.50838356164383,38.4351780821918,33.789698630137,6.84394520547947,32.9049863013698,16.7207671232877
"100440",16.6596164383562,2.46279452054794,34.8539178082192,30.6098630136986,10.1776438356164,29.8237808219178,13.1937534246575
"100441",16.3341369863014,3.48854794520547,34.3834520547945,30.2340821917808,11.6561095890411,29.3641643835616,12.4855890410959
"100442",15.5293150684932,4.43441095890411,33.6042739726028,29.4361643835616,12.6443835616438,28.4735342465753,12.1433424657534
"100443",14.2047123287671,4.12273972602739,32.0873424657534,28.0661917808219,11.7448767123288,27.3984657534246,11.2941369863014
"100444",14.8842739726027,4.51923287671234,33.0854794520548,28.8345205479452,12.3583561643836,27.9044383561644,12.1019178082192
"100445",15.3202191780822,4.27857534246576,33.8074520547945,29.3572602739726,11.9549589041096,28.3926575342466,12.9649315068493
"100446",15.1693150684931,4.59912328767123,33.7048767123288,29.2191780821918,12.3110136986301,28.2200547945205,12.9984657534247
"100447",14.7994520547945,3.50827397260274,33.3547397260274,28.8680547945205,10.5258082191781,28.1756712328767,12.8406575342466
"100448",15.170301369863,3.45501369863015,33.897205479452,29.2892054794521,10.4676164383562,28.533698630137,12.9836712328767
"100449",15.4425205479452,3.46586301369864,34.1901369863013,29.5653698630137,10.5918904109589,28.8049315068493,12.7597808219178
"100450",16.0737534246575,3.33764383561643,34.8332054794521,30.1956164383562,10.684602739726,29.4736438356164,12.6374794520548
"100451",15.8360547945205,2.86027397260273,34.4298082191781,29.9135342465754,10.0227945205479,29.4499726027397,11.8997260273973
"100452",14.9079452054795,2.60679452054795,33.4030684931507,28.9390684931507,9.381698630137,28.8384657534247,11.0988493150685
"100453",13.7845479452055,2.56142465753426,32.2451506849315,27.7831232876712,8.91912328767124,27.9517808219178,10.5701917808219
"100454",18.6933698630137,2.87013698630138,36.9389589041096,32.6564383561644,8.80865753424658,31.6839452054794,16.5619726027397
"100455",18.2781369863014,3.80810958904108,36.8482191780822,32.3536438356164,6.66345205479453,31.7135342465753,17.589698630137
"100456",16.1881643835617,2.69556164383562,34.365698630137,30.1502465753425,7.92394520547946,29.685698630137,16.8440547945206
"100457",16.5402739726027,3.0772602739726,34.5422465753425,30.4461369863014,8.01961643835617,30.0762739726027,17.0561095890411
"100458",20.4647671232877,3.98761643835617,38.8395616438356,34.4574246575343,8.51769863013699,33.6131506849315,19.5613150684932
"100459",19.4074520547945,4.24701369863013,37.1362191780822,33.2117260273973,8.48317808219178,32.7698630136986,17.6025205479452
"100460",19.5041095890411,3.18476712328767,38.0219178082192,33.5431232876712,9.11046575342468,32.6238904109589,19.0809863013699
"100461",20.6265205479452,5.84876712328767,39.9797260273973,34.9387397260274,4.38904109589041,34.2078904109589,20.4322191780822
"100462",19.9558356164383,4.88120547945205,38.9056438356164,34.1388493150685,6.27583561643836,33.2758356164384,16.5461917808219
"100463",16.6961095890411,4.11090410958904,34.7621917808219,30.593095890411,12.7203287671233,29.5801643835616,12.9126575342466
"100464",15.5026849315069,4.44723287671232,33.4691506849315,29.376,12.7469589041096,28.3255890410959,12.4303561643836
"100465",15.4247671232877,4.8348493150685,33.6890958904109,29.3878356164384,13.0152328767123,28.2792328767123,12.8870136986301
"100466",15.8459178082192,4.87430136986301,34.5077260273973,29.9273424657534,12.9156164383562,28.7319452054794,13.8969863013699
"100467",15.0243287671233,4.36438356164385,33.6279452054794,29.0988493150685,11.8385753424658,28.180602739726,13.5133150684931
"100468",14.2688219178082,3.71736986301372,32.594301369863,28.2693698630137,10.7891506849315,27.6381369863014,12.6335342465753
"100469",15.4178630136986,3.4668493150685,34.1003835616438,29.5209863013699,10.6392328767123,28.7240547945206,13.5182465753425
"100470",15.3882739726027,3.61775342465754,34.0471232876712,29.4825205479452,10.8660821917808,28.7368767123288,13.0063561643835
"100471",15.6496438356164,3.19364383561644,34.2325479452055,29.7221917808219,10.4340821917808,29.0189589041096,12.4402191780822
"100472",21.2123835616438,3.86531506849317,40.4541369863014,35.4930410958904,3.40273972602741,34.8302465753425,19.8690410958904
"100473",18.3412602739726,3.68778082191783,36.6726575342466,32.3418082191781,7.18323287671232,31.6425205479452,18.2130410958904
"100474",18.4162191780822,3.25578082191781,36.6420821917808,32.3773150684932,8.23660273972602,31.6523835616438,18.7032328767123
"100475",20.4953424657534,3.87813698630137,39.2212602739726,34.5984657534247,7.8341917808219,33.5796164383562,21.0713424657534
"100476",19.5583561643836,3.405698630137,38.0485479452055,33.5914520547945,8.52460273972602,32.7215342465754,21.3415890410959
"100477",17.9092602739726,2.83265753424658,36.4280547945205,31.946301369863,11.0100821917808,30.9609863013699,20.153095890411
"100478",17.7139726027397,2.49041095890409,36.1637260273973,31.7342465753425,10.4814246575342,30.7676712328767,18.5148493150685
"100479",18.3826849315068,2.55747945205479,36.6568767123288,32.349698630137,9.78115068493152,31.4275068493151,17.4437260273973
"100480",17.4969863013699,3.22619178082191,35.9141917808219,31.5024657534247,11.4854794520548,30.3830136986301,14.9168219178082
"100481",17.2957808219178,5.6958904109589,35.7218630136986,31.2844931506849,14.9996712328767,29.7586849315069,14.4769315068493
"100482",17.1054246575342,5.50356164383561,35.7149589041096,31.154301369863,14.4670684931507,29.6866849315068,14.7136438356164
"100483",16.8213698630137,5.04690410958905,35.5443287671233,30.9116712328767,13.5655890410959,29.4973150684932,14.8073424657534
"100484",15.0509589041096,4.53205479452055,33.2531506849315,29.0002191780822,12.4530410958904,28.0316712328767,13.2075616438356
"100485",15.4770410958904,4.00142465753424,33.8626849315068,29.4835068493151,11.7123287671233,28.5415890410959,13.586301369863
"100486",15.9475068493151,3.79923287671234,34.5905753424657,30.030904109589,11.4055890410959,29.0396712328767,13.9670136986301
"100487",15.2935890410959,3.90673972602741,33.7808219178082,29.3335890410959,11.397698630137,28.4528219178082,12.8810958904109
"100488",15.3162739726027,3.63452054794521,33.6407671232877,29.3079452054795,11.1540821917808,28.4755068493151,12.0950136986301
"100489",14.5735890410959,3.09698630136985,32.7106849315068,28.5050958904109,10.2269589041096,27.9350136986301,11.0860273972603
"100490",18.7929863013699,2.64624657534247,37.0928219178082,32.7560547945205,11.3414794520548,31.4294794520548,17.9289863013699
"100491",17.3727123287671,1.94597260273972,35.2533698630137,31.2253150684931,10.0158904109589,30.4244383561644,17.1281095890411
"100492",17.5117808219178,2.15013698630138,35.3204383561644,31.341698630137,9.95572602739726,30.650301369863,18.0808767123288
"100493",19.2476712328767,3.78542465753428,38.016,33.3754520547945,7.00865753424658,32.5272328767123,21.4471232876712
"100494",17.7159452054794,2.1836712328767,36.3323835616438,31.7944109589041,9.08679452054793,30.8840547945205,21.2459178082192
"100495",18.4684931506849,3.33468493150686,37.3236164383562,32.5992328767123,11.7064109589041,31.182904109589,21.1512328767123
"100496",17.4595068493151,2.95594520547947,35.8875616438356,31.470904109589,11.0623561643836,30.3524383561644,17.7879452054795
"100497",17.5788493150685,3.13742465753424,36.4201643835617,31.7155068493151,11.0199452054794,30.5250410958904,16.6290410958904
"100498",17.0551232876712,4.63265753424656,35.705095890411,31.1247123287671,13.132602739726,29.7271232876712,15.5460821917808
"100499",16.3065205479452,5.55287671232877,34.6241095890411,30.2715616438356,14.4276164383562,28.9676712328767,14.3191232876712
"100500",16.3449863013699,4.64252054794522,34.7779726027397,30.3534246575342,13.010301369863,29.0968767123288,14.472
"100501",15.336,4.87331506849316,33.4484383561644,29.2517260273973,13.1631780821918,28.1510136986301,13.2430684931507
"100502",15.9879452054794,4.57939726027396,34.3962739726027,29.9924383561644,12.772602739726,28.8236712328767,13.9956164383562
"100503",16.0155616438356,4.57446575342465,34.5550684931507,30.0604931506849,12.6641095890411,28.8897534246575,14.0666301369863
"100504",15.1801643835616,4.35945205479453,33.6387945205479,29.2083287671233,12.0338630136986,28.2555616438356,12.8357260273973
"100505",14.8625753424657,3.86531506849316,33.1397260273973,28.8424109589041,11.3227397260274,28.0543561643836,12.0634520547945
"100506",15.1624109589041,3.38104109589041,33.4790136986301,29.1560547945206,10.7191232876712,28.4074520547945,11.958904109589
"100507",14.0518356164384,4.44131506849315,32.7284383561644,28.130301369863,11.513095890411,27.698301369863,13.5941917808219
"100508",17.3066301369863,1.90158904109587,35.2494246575342,31.1789589041096,9.86893150684934,30.2843835616438,16.1674520547945
"100509",17.6725479452055,2.11463013698629,35.6597260273973,31.5586849315068,9.56317808219178,30.6562191780822,17.0255342465753
"100510",19.5780821917808,4.39594520547946,38.4933698630137,33.7551780821918,5.85665753424658,33.0095342465753,20.6945753424658
"100511",17.474301369863,2.18465753424657,35.7978082191781,31.4600547945205,10.0326575342466,30.4786849315068,20.2359452054795
"100512",17.7110136986301,3.09501369863014,36.0335342465753,31.686904109589,11.4775890410959,30.4836164383562,20.448
"100513",19.9992328767123,2.76460273972603,39.1975890410959,34.243397260274,8.60547945205479,33.0154520547945,22.2381369863014
"100514",16.9229589041096,2.20241095890412,35.777095890411,31.0763835616438,9.3333698630137,30.2192876712329,18.5592328767123
"100515",19.073095890411,2.3306301369863,38.3710684931507,33.3517808219178,8.77315068493151,32.2224657534247,19.3167123287671
"100516",16.8430684931507,3.74104109589042,35.4496438356164,30.9087123287671,11.7695342465754,29.7399452054795,15.5342465753425
"100517",15.5697534246575,4.64054794520548,33.6249863013699,29.4687123287671,12.9826849315069,28.3660273972603,13.4166575342466
"100518",15.3843287671233,4.92460273972604,33.4247671232877,29.2773698630137,13.3249315068493,28.1963835616438,13.2124931506849
"100519",16.3213150684931,5.10509589041095,34.7779726027397,30.3327123287671,13.6553424657534,28.9854246575342,14.465095890411
"100520",16.4021917808219,5.96219178082191,34.9081643835617,30.4214794520548,14.9030136986301,28.878904109589,14.2915068493151
"100521",15.8508493150685,5.76394520547944,34.3992328767123,29.8898630136986,14.3220821917808,28.5041095890411,13.4728767123288
"100522",15.0943561643836,4.30520547945204,33.4721095890411,29.0988493150685,11.9875068493151,28.173698630137,12.8978630136986
"100523",15.4060273972603,3.79726027397261,33.9100273972603,29.4509589041096,11.275397260274,28.5692054794521,13.097095890411
"100524",16.5185753424657,2.71824657534246,34.329205479452,30.3662465753424,8.0028493150685,29.865205479452,14.8083287671233
"100525",18.8630136986301,3.23605479452053,37.0020821917808,32.796493150685,8.14783561643836,31.9048767123288,16.9367671232877
"100526",21.1068493150685,3.3277808219178,39.9323835616438,35.2336438356164,8.31945205479452,33.9267945205479,20.4105205479452
"100527",20.016,3.33172602739727,38.6275068493151,34.0855890410959,8.11430136986301,32.9858630136986,20.7882739726027
"100528",19.5721643835616,1.89567123287671,37.9489315068493,33.558904109589,10.5060821917808,32.205698630137,20.7231780821918
"100529",19.0464657534247,2.67682191780821,37.3019178082192,32.9937534246576,11.5426849315068,31.579397260274,20.5742465753425
"100530",17.5127671232877,3.38005479452055,35.790904109589,31.4748493150685,11.8425205479452,30.2340821917808,18.8048219178082
"100531",17.6735342465753,3.98465753424657,36.0631232876712,31.6622465753425,12.7015890410959,30.2646575342466,17.7613150684931
"100532",20.5495890410959,2.83364383561644,39.4550136986301,34.6990684931507,9.18542465753424,33.3399452054794,19.2072328767123
"100533",18.021698630137,1.96175342465752,36.6598356164384,32.1021369863014,9.68252054794519,31.060602739726,15.8192876712329
"100534",15.7709589041096,5.34871232876714,33.6575342465753,29.6097534246575,14.2609315068493,28.3443287671233,12.9333698630137
"100535",16.0303561643836,6.07660273972601,34.1082739726027,29.9194520547945,15.2778082191781,28.4212602739726,13.6592876712329
"100536",16.4939178082192,5.42860273972603,34.963397260274,30.5053150684932,14.1978082191781,29.0278356164384,14.659397260274
"100537",15.7916712328767,4.91868493150685,34.3666849315069,29.8454794520548,13.032,28.6185205479452,14.3309589041096
"100538",15.2452602739726,4.39397260273974,33.7255890410959,29.2793424657534,12.0950136986302,28.2802191780822,13.7352328767123
"100539",15.7255890410959,4.06060273972602,34.4505205479452,29.8336438356165,11.6117260273973,28.8355068493151,14.3112328767123
"100540",17.0610410958904,3.50334246575343,36.4300273972603,31.3614246575342,10.8463561643836,30.2153424657534,16.2236712328767
"100541",15.1979178082192,3.48065753424656,34.2493150684931,29.4164383561644,10.230904109589,28.7092602739726,16.0550136986301
"100542",16.8450410958904,2.21128767123287,35.0334246575343,30.794301369863,9.89950684931507,29.9362191780822,15.1545205479452
"100543",17.0590684931507,2.03473972602741,35.1310684931507,30.9728219178082,9.8452602739726,30.1038904109589,15.0874520547945
"100544",17.7248219178082,2.21917808219179,35.7593424657534,31.6198356164384,10.4567671232877,30.5713972602739,15.5460821917808
"100545",18.7387397260274,2.05446575342465,36.9606575342466,32.6840547945206,10.5208767123287,31.4630136986302,17.0580821917808
"100546",20.3483835616438,3.06049315068492,38.7724931506849,34.3558356164383,8.69917808219179,33.1446575342465,19.1263561643836
"100547",24.977095890411,3.95605479452054,44.0482191780822,39.1818082191781,3.86235616438354,37.9331506849315,22.9946301369863
"100548",23.3289863013699,4.74410958904109,41.8467945205479,37.3522191780822,7.87364383561645,35.8234520547945,22.3841095890411
"100549",19.5396164383561,3.59013698630137,37.1283287671233,33.2699178082192,13.6997260273973,31.8407671232877,18.7111232876712
"100550",18.8561095890411,2.97271232876712,37.2328767123288,32.8398904109589,11.779397260274,31.4058082191781,20.225095890411
"100551",17.330301369863,3.62268493150684,35.3796164383562,31.2213698630137,12.3139726027397,29.9628493150685,17.3145205479452
"100552",16.7138630136986,2.40953424657535,34.9160547945205,30.6670684931507,10.1184657534247,29.7951780821918,15.9968219178082
"100553",15.5224109589041,4.23715068493149,33.458301369863,29.3878356164384,12.4757260273972,28.3768767123288,13.4363835616439
"100554",16.2256438356164,5.60317808219177,34.2197260273972,30.0920547945205,14.7501369863014,28.612602739726,13.7687671232877
"100555",16.8637808219178,5.378301369863,35.3579178082192,30.8801095890411,14.2747397260274,29.2951232876712,14.9799452054795
"100556",15.8498630136986,4.97095890410958,34.3785205479452,29.8888767123288,13.1769863013699,28.6698082191781,14.666301369863
"100557",16.3361095890411,4.84569863013699,35.2425205479452,30.4885479452055,12.8840547945206,29.2024109589041,15.4119452054794
"100558",15.7689863013699,4.8348493150685,34.4140273972603,29.8454794520548,12.837698630137,28.5662465753425,14.421698630137
"100559",16.3449863013699,2.68865753424659,35.4486575342466,30.5763287671233,9.55627397260274,29.7448767123287,16.5087123287671
"100560",15.9790684931507,2.38980821917808,34.8923835616438,30.1571506849315,9.11638356164384,29.4884383561644,16.0786849315069
"100561",16.2986301369863,2.88887671232877,34.4909589041096,30.2488767123288,10.6352876712329,29.3631780821918,15.1377534246575
"100562",17.0511780821918,3.20843835616441,35.3125479452055,31.0132602739726,11.390794520548,29.9046575342466,15.6723287671233
"100563",17.2287123287671,3.02597260273971,35.4969863013699,31.1927671232877,11.2004383561644,30.0861369863014,15.6131506849315
"100564",18.3659178082192,2.1491506849315,36.6588493150685,32.3358904109589,10.4222465753425,31.1740273972603,16.4515068493151
"100565",20.0584109589041,1.89468493150686,38.3237260273973,34.0106301369863,10.2545753424658,32.6347397260274,17.4881095890411
"100566",23.2481095890411,5.38323287671233,41.7047671232877,37.2614794520548,6.44153424657533,35.9556164383562,19.6303561643836
"100567",29.2704657534247,6.23539726027396,48.8741917808219,43.6211506849315,3.47868493150686,41.9641643835616,25.2059178082192
"100568",25.056,4.37326027397259,43.4791232876712,39.0318904109589,9.43594520547946,37.0425205479452,23.478904109589
"100569",20.8809863013698,2.02487671232876,38.8780273972603,34.7404931506849,11.4095342465753,33.1091506849315,21.8021917808219
"100570",18.8196164383562,2.73106849315069,37.3058630136986,32.8389041095891,11.3128767123288,31.4659726027397,20.9973698630137
"100571",15.3438904109589,4.42750684931508,33.3438904109589,29.2290410958904,12.6147945205479,28.217095890411,16.494904109589
"100572",18.6292602739726,2.58016438356165,37.4745205479452,32.7777534246575,8.0501917808219,31.8614794520548,18.4980821917808
"100573",16.5343561643836,4.60997260273973,34.8844931506849,30.5161643835616,13.1247123287671,29.225095890411,15.1249315068493
"100574",16.2581917808219,5.37139726027397,34.5895890410959,30.2291506849315,14.1267945205479,28.8364931506849,14.9819178082192
"100575",16.5619726027397,5.96613698630138,35.251397260274,30.6364931506849,14.8211506849315,29.0633424657534,15.6013150684932
"100576",16.6063561643836,5.1149589041096,35.6015342465753,30.7814794520548,13.3259178082192,29.3848767123288,16.1467397260274
"100577",16.9150684931507,5.04197260273972,35.6370410958904,31.0043835616438,13.6040547945206,29.5515616438356,15.1653698630137
"100578",15.9435616438356,3.41852054794521,34.6290410958904,30.0437260273973,10.8088767123288,29.1333698630137,14.9227397260274
"100579",16.4732054794521,2.99835616438355,35.1123287671233,30.5585753424658,10.4814246575342,29.6235616438356,15.2284931506849
"100580",16.632,2.23693150684932,35.4555616438356,30.7785205479452,9.2771506849315,29.9973698630137,16.0915068493151
"100581",16.8943561643836,4.3762191780822,35.057095890411,30.8169863013699,13.1158356164383,29.4953424657534,15.912
"100582",16.7227397260274,3.07035616438355,34.6477808219178,30.5842191780822,11.3345753424657,29.5663561643836,15.1841095890411
"100583",18.4566575342466,2.61271232876713,36.6588493150685,32.393095890411,11.2241095890411,31.1138630136986,16.3578082191781
"100584",19.9972602739726,1.778301369863,38.4430684931507,34.0027397260274,10.5001643835616,32.5814794520548,17.2987397260274
"100585",21.0062465753425,2.81884931506849,39.4441643835616,35.0127123287671,8.9733698630137,33.6664109589041,17.6745205479452
"100586",28.4952328767123,6.14071232876712,48.2449315068493,42.897205479452,3.42443835616439,41.3861917808219,23.3990136986301
"100587",27.813698630137,5.43452054794521,46.9193424657534,41.9927671232877,7.18915068493152,39.8603835616438,24.9435616438356
"100588",23.8773698630137,3.4579726027397,42.2886575342466,37.8532602739726,9.96065753424659,35.9585753424657,23.9227397260274
"100589",18.3264657534247,3.95901369863013,36.4379178082192,32.2254246575342,13.2134794520548,30.6897534246576,20.7586849315068
"100590",17.3855342465753,4.75791780821919,36.1173698630137,31.4758356164383,13.3969315068493,29.9855342465753,20.2132602739726
"100591",17.7613150684931,3.67200000000001,36.1933150684931,31.7658082191781,12.2478904109589,30.4155616438356,18.2781369863014
"100592",19.0385753424657,3.32383561643834,38.1225205479452,33.235397260274,11.7527671232877,31.7076164383562,18.6637808219178
"100593",17.3658082191781,5.01534246575342,36.1933150684932,31.4837260273973,13.6809863013699,29.945095890411,17.0393424657534
"100594",18.1213150684932,6.26991780821918,37.3305205479452,32.3398356164384,15.5293150684931,30.3899178082192,17.7849863013699
"100595",16.8115068493151,5.34673972602738,35.6912876712329,30.9471780821918,13.8624657534246,29.4568767123288,16.0441643835617
"100596",17.1261369863014,4.84767123287671,35.8451506849315,31.2144657534247,13.420602739726,29.7586849315068,15.6802191780822
"100597",16.0934794520548,3.95210958904109,34.4534794520548,30.0871232876712,11.9480547945205,28.8660821917808,14.3289863013699
"100598",16.7533150684931,3.39090410958906,35.1912328767123,30.7696438356164,11.3621917808219,29.6906301369863,15.0844931506849
"100599",17.4723287671233,1.81972602739727,36.4615890410959,31.6661917808219,8.90926027397261,30.7775342465753,16.7700821917808
"100600",17.6074520547945,4.16317808219178,35.64,31.485698630137,13.2489863013699,30.0565479452055,15.8192876712329
"100601",18.8886575342466,3.04273972602739,37.2723287671233,32.8734246575342,11.8918356164384,31.4186301369863,17.179397260274
"100602",19.3482739726027,2.04164383561643,37.7674520547945,33.3488219178083,10.6086575342466,32.0074520547945,17.373698630137
"100603",19.5761095890411,2.00810958904108,37.9173698630137,33.5589041095891,9.36591780821918,32.371397260274,17.3095890410959
"100604",21.3317260273973,4.25095890410958,39.8238904109589,35.3648219178082,6.88142465753425,34.265095890411,18.7712876712329
"100605",24.2245479452055,4.56460273972604,43.0175342465753,38.3276712328767,7.60043835616437,36.6815342465753,21.8485479452055
"100606",27.7328219178082,3.93830136986303,47.5160547945206,42.1328219178082,4.53600000000002,40.3209863013699,26.6360547945205
"100607",16.3489315068493,4.84767123287672,33.8123835616438,30.0565479452055,14.1711780821918,28.7339178082192,18.237698630137
"100608",18.4625753424658,3.73315068493152,37.0227945205479,32.4996164383562,12.5477260273973,30.9935342465753,20.9608767123288
"100609",16.8854794520548,5.65347945205478,35.1172602739726,30.8189589041096,14.9197808219178,29.2329863013699,18.2179726027397
"100610",16.3065205479452,5.02126027397262,34.4248767123288,30.2153424657534,13.8269589041096,28.8798904109589,16.4455890410959
"100611",17.4220273972603,4.50739726027398,36.0917260273973,31.4955616438356,13.1030136986301,30.0476712328767,17.2770410958904
"100612",18.5020273972603,6.29654794520548,37.6303561643836,32.6919452054794,15.8163287671233,30.6552328767123,17.8412054794521
"100613",18.2357260273973,6.81336986301369,37.0444931506849,32.3250410958904,16.732602739726,30.2281643835617,16.0796712328767
"100614",17.8145753424657,6.09731506849315,36.3590136986301,31.8328767123288,15.7236164383562,29.9667945205479,15.3734794520548
"100615",16.660602739726,4.00635616438356,35.064,30.6631232876712,12.2508493150685,29.4410958904109,14.8892054794521
"100616",16.8627945205479,3.28241095890411,35.2454794520548,30.8633424657534,11.304,29.7813698630137,15.1998904109589
"100617",17.8362739726027,1.39561643835617,36.561205479452,31.9492602739726,8.69128767123289,31.0665205479452,18.2209315068493
"100618",19.3167123287671,1.74378082191781,38.116602739726,33.4444931506849,8.58476712328766,32.3575890410959,18.8955616438356
"100619",19.7921095890411,2.4874520547945,38.4233424657534,33.868602739726,8.08175342465753,32.8043835616438,18.6430684931507
"100620",19.468602739726,2.29512328767122,37.9538630136986,33.4997260273973,8.58279452054796,32.4246575342466,18.4497534246575
"100621",22.2598356164383,3.76865753424656,40.8535890410959,36.3116712328767,7.84997260273973,34.9308493150685,19.7447671232877
"100622",26.7879452054794,3.93139726027397,46.2614794520548,41.1011506849315,4.38213698630138,39.477698630137,24.4888767123288
"100623",21.1324931506849,2.32372602739729,39.4303561643836,35.0787945205479,11.9559452054795,33.3024657534247,21.5585753424658
"100624",17.0511780821918,5.21950684931505,35.2750684931507,30.9836712328767,14.3674520547945,29.4539178082192,19.374904109589
"100625",17.6981917808219,5.20964383561643,36.1173698630137,31.6859178082192,14.4798904109589,30.0279452054794,19.5731506849315
"100626",16.2,5.62684931506848,34.4081095890411,30.132493150685,14.5834520547945,28.6944657534247,17.0896438356164
"100627",16.6704657534247,5.36646575342465,34.9831232876712,30.6325479452055,14.3270136986301,29.1540821917808,16.6596164383562
"100628",17.8757260273973,4.4373698630137,36.8807671232877,32.0488767123288,12.9126575342466,30.5289863013699,18.3047671232877
"100629",18.353095890411,4.3762191780822,36.8728767123288,32.3733698630137,13.4748493150685,30.7548493150685,16.7187945205479
"100630",17.5798356164384,5.66926027397261,35.9141917808219,31.5379726027397,15.1722739726027,29.8070136986301,14.7491506849315
"100631",17.3677808219178,4.2746301369863,35.805698630137,31.3722739726028,12.9422465753425,29.9786301369863,15.5727123287671
"100632",17.2208219178082,3.65227397260274,35.5857534246575,31.2095342465753,12.0279452054794,29.9756712328767,15.4504109589041
"100633",18.9705205479452,2.0584109589041,38.2477808219178,33.2383561643836,9.698301369863,32.0054794520548,19.2733150684932
"100634",19.5899178082192,1.40449315068493,38.6344109589041,33.789698630137,8.62224657534247,32.6337534246575,20.0002191780822
"100635",21.9718356164384,2.27638356164384,41.2323287671233,36.2248767123288,8.41512328767122,34.7355616438356,21.1857534246575
"100636",20.318794520548,2.29019178082191,39.1354520547945,34.4475616438356,8.29479452054792,33.2580821917808,19.7753424657534
"100637",20.7764383561644,3.42838356164384,39.3129863013699,34.8233424657534,7.30454794520546,33.7384109589041,19.3768767123288
"100638",24.3764383561644,4.95419178082192,43.1990136986302,38.4933698630137,6.52438356164382,36.9764383561644,22.2539178082192
"100639",23.2421917808219,2.55846575342466,42.0973150684932,37.3581369863014,9.5631780821918,35.5650410958904,23.4226849315068
"100640",17.2494246575342,4.07145205479451,35.7504657534246,31.2756164383562,12.534904109589,29.9510136986301,19.7368767123288
"100641",17.0294794520548,4.38805479452054,35.502904109589,31.0458082191781,12.9195616438356,29.7004931506849,19.3265753424658
"100642",17.6222465753425,5.14553424657535,36.1864109589041,31.6553424657534,14.2224657534247,30.0299178082192,18.8472328767123
"100643",17.4427397260274,4.95024657534248,36.0384657534246,31.4886575342466,13.8249863013699,29.9431232876712,18.2574246575342
"100644",18.5612054794521,2.64032876712329,37.7358904109589,32.7955068493151,10.4498630136986,31.5123287671233,19.5425753424658
"100645",18.1755616438356,3.0930410958904,36.7160547945206,32.2145753424658,11.4973150684931,30.9018082191781,17.6291506849315
"100646",18.7190136986301,2.62750684931508,37.324602739726,32.7777534246575,11.009095890411,31.4501917808219,17.136
"100647",18.7673424657534,2.74487671232875,37.5317260273973,32.8734246575343,11.0633424657534,31.5152876712329,16.9298630136986
"100648",18.1134246575342,3.91561643835617,36.5799452054795,32.1228493150685,12.737095890411,30.6493150684931,16.2128219178082
"100649",16.5570410958904,4.24405479452054,34.459397260274,30.4037260273973,12.9955068493151,29.0238904109589,14.522301369863
"100650",17.1912328767123,2.69852054794519,35.4821917808219,31.1651506849315,10.6836164383562,30.1354520547945,16.1309589041096
"100651",19.389698630137,2.47857534246576,38.5515616438356,33.6230136986301,9.15879452054794,32.4069041095891,19.1529863013699
"100652",18.9517808219178,2.51605479452053,38.0584109589041,33.170301369863,9.30871232876713,32.0952328767123,19.1283287671233
"100653",21.5220821917808,1.80394520547947,40.6987397260274,35.7396164383562,10.5978082191781,34.0116164383561,21.8751780821918
"100654",20.3118904109589,2.53972602739725,38.9500273972603,34.3676712328767,11.5910136986301,32.7264657534247,20.2379178082192
"100655",18.9004931506849,1.62936986301369,37.5830136986301,32.9947397260274,8.66367123287672,31.968,19.7112328767123
"100656",24.5441095890411,4.47879452054792,43.9061917808219,38.8247671232877,6.38926027397261,37.2466849315068,23.7077260273973
"100657",24.2590684931507,3.19758904109591,43.3410410958904,38.4440547945206,8.58969863013697,36.6213698630137,24.5421369863014
"100658",20.7754520547945,1.64515068493149,39.5921095890411,34.8894246575342,10.3374246575343,33.342904109589,22.6938082191781
"100659",18.5079452054795,3.87024657534245,37.0573150684932,32.5400547945206,12.7795068493151,30.9955068493151,20.657095890411
"100660",19.4567671232877,4.06158904109589,38.5190136986301,33.6378082191781,13.0467945205479,31.8664109589041,21.0624657534247
"100661",17.8264109589041,4.34465753424658,36.4181917808219,31.8733150684932,13.1207671232877,30.3731506849315,18.7772054794521
"100662",20.6432876712329,2.37402739726029,39.6976438356164,34.8253150684932,11.1343561643836,33.1594520547945,20.4835068493151
"100663",18.316602739726,3.84756164383562,36.6430684931507,32.2826301369863,12.8554520547945,30.7775342465753,17.5739178082192
"100664",19.5149589041096,2.90761643835616,38.0810958904109,33.552,11.8227945205479,31.9985753424657,18.4448219178082
"100665",19.1746849315068,3.84065753424659,37.7970410958904,33.2245479452055,12.9826849315069,31.5478356164383,18.1558356164384
"100666",20.6600547945205,3.35835616438355,39.3613150684932,34.7247123287671,12.8939178082192,32.8408767123288,18.4112876712329
"100667",18.4832876712329,3.66805479452054,36.6065753424658,32.3861917808219,12.8485479452055,30.8791232876713,15.7255890410959
"100668",16.8667397260274,2.17972602739727,35.1616438356165,30.8485479452055,9.76931506849314,29.995397260274,15.7482739726027
"100669",18.4241095890411,2.81687671232876,36.9517808219178,32.472,9.05227397260273,31.4738630136986,17.1152876712329
"100670",18.4300273972603,3.95901369863013,36.9557260273973,32.4848219178082,7.70597260273972,31.7046575342466,17.8727671232877
"100671",19.5149589041096,3.87221917808216,38.4401095890411,33.6802191780822,8.40427397260274,32.7402739726027,18.936
"100672",19.6007671232877,3.53490410958904,38.3582465753424,33.6910684931507,12.6118356164384,31.9926575342466,20.8494246575342
"100673",20.1432328767123,4.02509589041097,38.8464657534247,34.206904109589,13.6277260273973,32.2924931506849,21.0387945205479
"100674",18.3639452054794,2.29808219178082,37.0622465753425,32.457205479452,10.2792328767123,31.2746301369863,20.2349589041096
"100675",22.3495890410959,1.54750684931506,41.5173698630137,36.5641643835616,9.72394520547945,34.8440547945205,22.5498082191781
"100676",27.0838356164383,4.31901369863014,47.0090958904109,41.515397260274,7.06586301369865,39.4204931506849,27.1242739726027
"100677",21.3248219178082,1.5011506849315,39.5911232876712,35.2661917808219,10.8690410958904,33.6210410958904,22.4610410958904
"100678",19.2999452054794,3.5467397260274,37.8473424657534,33.3281095890411,12.6769315068493,31.6849315068493,21.4757260273973
"100679",20.0041643835617,2.69457534246575,38.9145205479452,34.1447671232877,11.4351780821918,32.5420273972603,22.1434520547945
"100680",19.2585205479452,3.3228493150685,37.8453698630137,33.3004931506849,12.2932602739726,31.7145205479452,20.3375342465753
"100681",19.8798904109589,2.45687671232878,38.5949589041096,33.9632876712329,11.2004383561644,32.4315616438356,20.1550684931507
"100682",19.5346849315068,4.01227397260276,38.0998356164383,33.5618630136986,13.4501917808219,31.773698630137,18.9409315068493
"100683",18.5730410958904,4.44328767123287,36.9685479452055,32.5528767123288,13.7845479452055,30.8712328767123,17.8047123287671
"100684",18.9784109589041,3.63550684931508,37.6796712328767,33.0558904109589,12.5201095890411,31.4649863013698,18.6953424657534
"100685",19.7585753424658,1.97950684931507,38.16,33.7512328767123,10.7230684931507,32.3368767123288,18.2051506849315
"100686",19.994301369863,2.14520547945206,38.4470136986301,33.9987945205479,11.0298082191781,32.5025753424657,17.9516712328767
"100687",19.0642191780822,2.11068493150684,37.706301369863,33.134794520548,10.3808219178082,31.8447123287671,17.4299178082192
"100688",18.8748493150685,2.57128767123288,37.2762739726027,32.8694794520548,11.1797260273973,31.586301369863,16.5649315068493
"100689",18.1578082191781,3.18575342465752,36.2436164383562,32.0735342465753,9.04241095890411,31.2687123287671,16.7276712328767
"100690",20.232,3.32383561643836,39.074301369863,34.3627397260274,9.35901369863014,33.3231780821918,18.9567123287671
"100691",19.2378082191781,3.34257534246575,38.0140273972603,33.3379726027397,12.1443287671233,31.7569315068493,21.168
"100692",17.7987945205479,3.85643835616438,36.3353424657534,31.8328767123288,12.4421917808219,30.4392328767123,19.490301369863
"100693",20.6067945205479,1.28909589041096,39.6463561643836,34.7937534246575,9.54147945205482,33.3616438356164,21.7538630136986
"100694",23.1662465753425,3.85446575342465,42.4829589041096,37.4419726027398,6.32317808219177,36.0749589041096,23.3437808219178
"100695",22.5192328767124,3.18279452054793,41.3122191780822,36.6312328767123,7.77304109589041,35.2030684931507,23.2145753424657
"100696",20.4608219178082,1.29205479452055,39.1147397260274,34.531397260274,9.69928767123287,33.1367671232877,22.7036712328767
"100697",19.6027397260274,2.93326027397261,38.3375342465753,33.6910684931507,11.7527671232877,32.1179178082192,22.0527123287671
"100698",19.3719452054794,3.1650410958904,37.8532602739726,33.3823561643835,12.2094246575343,31.8032876712329,20.9194520547945
"100699",19.8108493150685,2.68273972602739,38.4115068493151,33.8577534246576,11.6018630136986,32.2905205479452,20.5643835616438
"100700",19.828602739726,3.44416438356164,38.5555068493151,33.9080547945206,12.6128219178082,32.1800547945205,19.9489315068493
"100701",20.9293150684932,2.80010958904109,39.9353424657535,35.0906301369863,11.9312876712329,33.2738630136986,20.541698630137
"100702",20.2162191780822,1.82465753424657,38.973698630137,34.315397260274,10.3936438356164,32.8458082191781,19.7398356164384
"100703",19.4843835616439,2.14421917808218,37.8463561643836,33.465205479452,10.8729863013699,32.0735342465753,18.2130410958904
"100704",20.1984657534247,2.39671232876714,38.8099726027397,34.2631232876712,8.75046575342465,33.0470136986301,19.1884931506849
"100705",20.6787945205479,2.42827397260275,39.3968219178082,34.769095890411,9.33731506849315,33.3892602739726,19.3482739726027
"100706",19.512,2.90367123287672,37.7201095890411,33.4563287671233,9.09369863013698,32.3940821917808,17.3381917808219
"100707",19.0691506849315,2.38684931506849,37.0336438356164,32.9345753424658,10.540602739726,31.6898630136986,16.4248767123288
"100708",19.123397260274,3.10783561643835,37.2950136986301,33.0558904109589,9.61841095890411,31.9147397260274,16.8864657534247
"100709",17.8096438356164,3.13150684931506,36.2495342465753,31.8200547945205,11.4716712328767,30.5743561643836,20.1215342465754
"100710",18.641095890411,2.17282191780822,37.296,32.7195616438356,10.2634520547945,31.5044383561644,20.5910136986301
"100711",19.878904109589,1.30783561643835,38.5890410958904,33.9711780821918,9.52372602739726,32.6791232876712,21.312
"100712",21.1689863013699,2.4085479452055,39.7301917808219,35.2158904109589,8.24745205479451,33.9376438356165,21.1857534246576
"100713",23.9266849315069,2.9441095890411,42.9080547945206,38.0840547945205,8.36580821917809,36.3511232876712,24.0835068493151
"100714",22.7973698630137,1.28810958904108,41.6702465753425,36.914301369863,10.7033424657534,35.020602739726,24.2827397260274
"100715",20.9648219178082,2.27835616438355,39.9511232876713,35.1241643835617,11.2024109589041,33.4089863013699,23.3319452054794
"100716",20.0820821917808,3.02794520547944,38.6028493150685,34.099397260274,12.3031232876712,32.4009863013699,21.8130410958904
"100717",21.1098082191781,3.2429589041096,39.8830684931507,35.1941917808219,12.8702465753425,33.242301369863,21.7716164383562
"100718",21.5704109589041,2.87112328767124,40.5014794520548,35.7031232876712,12.398794520548,33.7354520547945,21.7410410958904
"100719",23.8231232876712,1.23583561643835,43.228602739726,38.0958904109589,10.6116164383562,36.0138082191781,23.4897534246575
"100720",24.3833424657534,2.24778082191781,43.754301369863,38.649205479452,9.49019178082193,36.6509589041096,23.4059178082192
"100721",22.9551780821918,2.29906849315066,41.8961095890411,37.1007123287671,9.15287671232875,35.3993424657534,21.412602739726
"100722",21.2242191780822,2.69358904109588,39.9215342465753,35.3105753424657,8.33424657534246,33.998794520548,20.2260821917808
"100723",20.476602739726,3.12065753424659,38.9066301369863,34.4889863013699,8.06202739726027,33.3498082191781,19.1490410958904
"100724",20.8780273972603,3.34257534246574,38.9510136986301,34.7750136986301,8.90926027397261,33.4987397260274,18.1716164383562
"100725",20.1708493150685,2.17282191780824,38.0455890410959,33.9997808219178,10.9923287671233,32.5420273972603,16.6112876712329
"100726",18.2238904109589,2.2882191780822,36.0749589041096,32.061698630137,10.1145205479452,31.010301369863,15.2038356164384
"100727",19.4419726027397,2.24284931506848,38.2339726027398,33.5539726027397,10.6155616438356,32.2944657534247,18.1972602739726
"100728",19.195397260274,3.02498630136988,37.6707945205479,33.206794520548,11.9283287671233,31.6928219178082,21.1788493150685
"100729",20.5870684931507,1.98049315068494,39.233095890411,34.6477808219178,10.893698630137,33.0657534246575,22.0596164383562
"100730",20.7488219178082,1.33150684931508,39.2695890410959,34.7750136986301,10.1293150684932,33.2916164383562,21.7193424657534
"100731",22.0901917808219,1.55046575342465,40.5330410958904,36.086794520548,9.88964383561644,34.4534794520548,22.0369315068493
"100732",23.2037260273973,2.33457534246574,41.925698630137,37.2831780821917,9.02169863013701,35.5867397260274,23.544
"100733",22.6740821917808,2.00219178082193,41.299397260274,36.7101369863013,11.9115616438356,34.6872328767123,23.7915616438356
"100734",22.4787945205479,1.67671232876714,41.2155616438356,36.554301369863,11.2448219178082,34.6418630136986,24.3685479452055
"100735",20.664,3.34553424657534,39.0249863013699,34.6241095890411,13.1789589041096,32.7343561643835,22.2154520547945
"100736",23.2471232876712,1.49326027397261,42.2334246575342,37.4005479452055,9.99221917808219,35.5324931506849,24.1121095890411
"100737",22.2568767123287,2.29610958904109,41.2481095890411,36.4063561643836,11.8237808219178,34.4179726027397,22.6405479452055
"100738",21.8347397260274,2.7310684931507,40.6977534246575,35.9447671232877,12.3780821917808,33.9504657534247,22.2341917808219
"100739",22.8881095890411,1.84832876712328,41.5982465753425,36.9606575342466,9.71112328767124,35.2129315068493,22.6691506849315
"100740",24.1880547945205,4.95517808219178,42.977095890411,38.3010410958904,5.54893150684931,36.9537534246575,23.0084383561644
"100741",24.0933698630137,4.72734246575344,43.2049315068493,38.304,5.79353424657533,36.9014794520548,23.3112328767124
"100742",22.6681643835616,4.17895890410959,41.3832328767123,36.7604383561644,6.85282191780824,35.4516164383562,21.2942465753425
"100743",22.8861369863014,3.57534246575342,41.2688219178082,36.8659726027397,8.6962191780822,35.3973698630137,20.5071780821918
"100744",23.0557808219178,3.37808219178081,41.2569863013698,36.9734794520548,9.75254794520549,35.2484383561644,19.1815890410959
"100745",20.5318356164383,1.89567123287672,38.7093698630137,34.4495342465753,11.1590136986301,32.8852602739726,16.8618082191781
"100746",19.2821917808219,3.29917808219177,37.8867945205479,33.3537534246575,8.16460273972604,32.5538630136986,17.9911232876712
"100747",20.8474520547945,5.0695890410959,40.2637808219178,35.1685479452055,5.96810958904106,34.1733698630137,21.2143561643836
"100748",21.9323835616438,5.10805479452056,41.7067397260274,36.3511232876712,6.72657534246574,35.0768219178082,22.780602739726
"100749",21.168,5.41578082191781,40.2894246575343,35.3894794520548,7.42290410958904,34.5244931506849,21.4885479452055
"100750",20.7113424657534,2.03572602739726,39.3938630136986,34.7819178082192,10.9982465753424,33.163397260274,22.4600547945205
"100751",21.2449315068493,1.67868493150685,39.6532602739726,35.2287123287671,10.965698630137,33.566794520548,22.0961095890411
"100752",22.5734794520548,1.38871232876713,41.1307397260274,36.5947397260274,11.0268493150685,34.7187945205479,22.6681643835616
"100753",23.3388493150685,1.18158904109588,41.8625753424657,37.3472876712329,10.7516712328767,35.4042739726027,23.328
"100754",22.5231780821918,1.61950684931506,40.9305205479452,36.5059726027397,9.95769863013697,34.8055890410959,23.4956712328767
"100755",22.874301369863,2.61665753424658,41.5518904109589,36.9458630136986,8.27309589041096,35.4082191780822,24.4740821917808
"100756",22.8614794520548,1.21019178082192,41.6534794520548,36.9567123287671,10.2792328767123,35.1221917808219,24.7827945205479
"100757",21.5043287671233,1.55934246575343,39.9994520547945,35.5137534246575,10.8355068493151,33.825205479452,23.5597808219178
"100758",22.0004383561644,1.7358904109589,40.788493150685,36.0946849315069,11.0643287671233,34.272,23.6771506849315
"100759",22.8604931506849,1.56624657534245,41.9740273972603,37.0494246575342,10.9272328767123,35.0896438356164,24.1239452054794
"100760",22.0596164383562,1.66093150684929,41.1465205479452,36.2455890410959,10.7171506849315,34.4327671232877,23.6130410958904
"100761",22.3318356164384,1.96964383561645,41.4907397260274,36.5523287671233,8.35298630136985,35.0314520547945,23.9434520547945
"100762",21.9185753424658,2.65019178082191,40.5744657534247,35.9940821917808,7.56098630136987,34.6970958904109,22.8969863013698
"100763",26.236602739726,5.96810958904109,45.3826849315069,40.4561095890411,3.85545205479453,39.0220273972603,26.3342465753425
"100764",26.2760547945205,5.58345205479452,45.6835068493151,40.5665753424657,5.20471232876713,38.9066301369863,26.0630136986302
"100765",22.9601095890411,3.73216438356165,41.6090958904109,37.0267397260274,7.56000000000002,35.5818082191781,22.4294794520548
"100766",22.4472328767123,3.49446575342466,40.398904109589,36.2988493150685,8.87769863013699,34.9298630136986,19.7388493150685
"100767",22.1375342465754,3.02202739726026,40.147397260274,36.0029589041096,9.72690410958904,34.4317808219178,18.5227397260274
"100768",20.4736438356164,3.56843835616436,38.5762191780822,34.3834520547945,8.65873972602738,33.1929863013699,17.8934794520548
"100769",21.5427945205479,4.37128767123289,39.8021917808219,35.4920547945205,8.79090410958904,34.1141917808219,18.8156712328767
"100770",21.1857534246575,1.47057534246575,39.6621369863014,35.1932054794521,10.5731506849315,33.5884931506849,22.4235616438356
"100771",22.5527671232877,1.57216438356166,41.0557808219178,36.5552876712328,11.332602739726,34.6448219178082,22.6099726027397
"100772",23.6169863013699,1.31868493150685,42.2265205479452,37.6461369863014,11.3612054794521,35.568,23.522301369863
"100773",24.5904657534247,1.11649315068492,43.2197260273973,38.6186301369863,11.4992876712329,36.3797260273973,24.4829589041096
"100774",24.2837260273973,1.22498630136985,42.8202739726027,38.2882191780822,11.0357260273972,36.2140273972603,24.8666301369863
"100775",24.4425205479452,1.49720547945208,43.0451506849315,38.4608219178082,12.0121643835616,36.2613698630137,25.3390684931507
"100776",23.997698630137,1.65205479452055,42.8044931506849,38.0810958904109,11.8523835616438,35.9437808219178,25.6744109589041
"100777",23.3053150684931,1.9361095890411,42.0558904109589,37.374904109589,11.995397260274,35.2681643835616,25.5412602739726
"100778",24.4425205479452,1.5997808219178,43.9574794520548,38.7527671232877,9.31561643835616,36.7564931506849,27.547397260274
"100779",23.4414246575343,1.3068493150685,42.7847671232877,37.7053150684932,9.39353424657534,35.8579726027397,26.6143561643836
"100780",25.4623561643835,3.10093150684932,45.3698630136986,39.8988493150685,7.06882191780821,38.0367123287671,28.4015342465753
"100781",25.7385205479452,4.66323287671231,45.4398904109589,40.132602739726,3.33961643835617,38.7853150684932,28.173698630137
"100782",22.0704657534247,2.65216438356164,41.1711780821918,36.2840547945205,6.78575342465754,35.0294794520548,24.9110136986301
"100783",23.2678356164383,3.47572602739727,42.2492054794521,37.4390136986301,6.63780821917805,36.0473424657534,25.3962739726027
"100784",25.0323287671233,2.72613698630138,43.9456438356164,39.1581369863013,9.1144109589041,37.1677808219178,25.6477808219178
"100785",23.6554520547945,3.24690410958905,42.2590684931507,37.7003835616438,8.34706849315069,36.1193424657534,23.4848219178082
"100786",20.7399452054794,2.33358904109591,38.4075616438356,34.5116712328767,9.53161643835617,33.5056438356164,19.0375890410959
"100787",20.6314520547945,1.90652054794521,38.3030136986302,34.3982465753424,10.5356712328767,32.9621917808219,18.1647123287671
"100788",21.5605479452055,3.64339726027399,39.4865753424658,35.4092054794521,8.82246575342467,34.0589589041096,18.9517808219178
"100789",23.0252054794521,4.67408219178083,41.3861917808219,36.9991232876712,8.60449315068493,35.6311232876712,20.5081643835616
"100790",23.068602739726,5.84482191780823,41.7412602739726,37.1441095890411,7.22761643835616,36.2081095890411,21.0289315068493
"100791",22.2026301369863,6.35079452054794,40.8032876712329,36.2643287671233,6.77983561643835,35.4131506849315,20.4923835616438
"100792",21.7716164383562,7.6852602739726,40.0221369863014,35.7356712328767,5.69293150684932,34.7730410958904,19.9745753424658
"100793",20.3148493150685,8.12219178082192,38.2704657534247,34.2019726027397,5.1948493150685,33.5648219178082,19.2900821917808
"100794",20.6225753424657,7.51068493150683,38.7813698630137,34.5116712328767,5.96810958904111,33.6969863013698,19.7270136986301
"100795",23.3250410958904,1.32460273972602,42.1190136986301,37.418301369863,10.1628493150685,35.5344657534247,23.8527123287671
"100796",23.2569863013698,1.72602739726027,41.7284383561644,37.2555616438356,9.82060273972604,35.4634520547945,23.2875616438356
"100797",24.0953424657534,1.27035616438357,42.5500273972603,38.0732054794521,11.6501917808219,35.9013698630137,23.8675068493151
"100798",24.7502465753424,1.99627397260275,43.1092602739726,38.6866849315068,13.1010410958904,36.3304109589041,24.2482191780822
"100799",25.5876164383562,1.95189041095891,44.1665753424657,39.6009863013699,10.5238356164384,37.4498630136986,25.9377534246575
"100800",27.0867945205479,4.15627397260273,46.5287671232877,41.3733698630137,6.83013698630135,39.3613150684932,28.7102465753425
"100801",24.3833424657534,1.65698630136986,43.2315616438356,38.4894246575343,9.82060273972603,36.5326027397261,26.9842191780822
"100802",24.811397260274,2.43715068493151,44.0403287671233,39.0387945205479,8.36482191780823,37.1539726027397,28.3808219178082
"100803",22.204602739726,1.46663013698631,41.0232328767123,36.3087123287671,10.7368767123288,34.4998356164383,26.5778630136986
"100804",22.601095890411,0.918246575342451,41.7185753424658,36.8008767123288,9.45961643835616,35.0876712328767,27.4270684931507
"100805",22.075397260274,1.23090410958906,41.0133698630137,36.2189589041096,10.2269589041096,34.4899726027397,26.1872876712329
"100806",20.8898630136986,2.52493150684931,39.4175342465753,34.9071780821918,11.9352328767123,33.1446575342466,24.0706849315068
"100807",22.4008767123288,0.816657534246573,41.334904109589,36.5464109589041,9.51978082191781,34.8716712328767,25.257205479452
"100808",24.2245479452055,3.04964383561645,43.0471232876712,38.3355616438356,7.61720547945205,36.684493150685,26.1843287671233
"100809",24.8054794520548,2.70246575342465,43.6231232876712,38.9046575342466,8.87769863013698,37.0454794520548,25.9170410958904
"100810",23.6485479452055,3.20843835616439,41.9631780821918,37.6047123287671,8.40230136986301,36.1587945205479,23.4572054794521
"100811",23.2214794520548,4.19473972602741,41.421698630137,37.1529863013699,7.16646575342463,36.006904109589,21.9777534246576
"100812",22.4294794520548,2.67879452054792,40.9344657534246,36.4467945205479,9.00789041095892,35.1369863013699,21.362301369863
"100813",21.9747945205479,1.96076712328767,40.2618082191781,35.9181369863014,10.9292054794521,34.5856438356164,20.7369863013699
"100814",22.9610958904109,5.18794520547945,41.2145753424657,36.9103561643835,7.30652054794521,35.9575890410959,21.643397260274
"100815",24.2935890410959,6.69205479452056,43.0500821917808,38.3957260273973,5.75112328767122,37.4567671232877,22.8190684931507
"100816",22.4186301369863,5.3812602739726,41.2737534246575,36.5533150684931,7.2690410958904,35.6824109589041,21.5546301369863
"100817",21.412602739726,6.69797260273972,39.5092602739726,35.236602739726,6.85183561643835,34.2009863013699,19.7753424657534
"100818",20.3395068493151,8.00087671232878,38.0643287671233,34.1289863013699,4.80723287671235,33.5569315068493,19.2871232876712
"100819",20.8070136986301,7.78980821917807,38.9697534246575,34.6586301369863,4.94728767123289,33.977095890411,19.7921095890411
"100820",18.9705205479452,6.94356164383562,37.1480547945205,32.8369315068493,4.78356164383561,32.4404383561644,18.7318356164384
"100821",19.8443835616438,7.22860273972603,38.3858630136987,33.7236164383562,4.65830136986303,33.2304657534247,19.0977534246575
"100822",20.5821369863014,6.99583561643836,39.7666849315068,34.5826849315068,4.83682191780822,34.4209315068493,20.6975342465753
"100823",22.2460273972603,1.6244383561644,40.8496438356164,36.2919452054795,9.49512328767122,34.6773698630137,23.0508493150685
"100824",23.7402739726027,2.57227397260273,42.3024657534247,37.7694246575342,8.73172602739727,36.0552328767123,23.7797260273972
"100825",23.9799452054795,1.5761095890411,42.1683287671233,37.8828493150685,10.7092602739726,35.9802739726028,23.4670684931507
"100826",23.6012054794521,1.16679452054795,41.6534794520548,37.4626849315069,11.1461917808219,35.6764931506849,23.4828493150685
"100827",24.408,2.76657534246574,42.6654246575342,38.3395068493151,8.92306849315069,36.7002739726027,25.1230684931507
"100828",22.9324931506849,2.12054794520547,41.0962191780822,36.8432876712329,9.08087671232875,35.3707397260274,25.0520547945206
"100829",23.1159452054794,2.50224657534245,41.7481643835617,37.1746849315069,7.85884931506848,35.6912876712329,26.8836164383562
"100830",21.7972602739726,1.79802739726027,40.1513424657534,35.7761095890411,8.56504109589044,34.3834520547945,26.3766575342466
"100831",20.0248767123288,2.69260273972601,38.1836712328767,33.933698630137,12.1048767123288,32.3092602739726,24.8824109589041
"100832",19.7654794520548,1.41041095890414,38.3513424657534,33.8192876712329,9.73084931506851,32.5272328767123,25.430794520548
"100833",19.9903561643836,2.41939726027398,38.4588493150685,33.9978082191781,11.4164383561644,32.4443835616438,24.5944109589041
"100834",20.8504109589041,2.80405479452057,39.1946301369863,34.8085479452055,12.4885479452055,32.9927671232877,24.026301369863
"100835",22.7539726027397,1.16679452054794,41.4562191780822,36.8284931506849,9.13610958904108,35.1823561643835,25.3666849315068
"100836",23.4877808219178,2.73698630136987,42.0598356164384,37.5287671232877,7.62805479452052,36.0059178082192,25.5550684931507
"100837",24.6407671232877,3.11769863013699,43.1960547945206,38.6659726027397,8.10641095890409,37.0070136986301,26.0472328767123
"100838",27.1045479452055,5.29446575342463,46.0750684931507,41.2540273972603,5.92668493150686,39.534904109589,27.9083835616438
"100839",29.0100821917808,5.77972602739726,47.9362191780822,43.1506849315068,3.31693150684931,41.6672876712329,27.1824657534246
"100840",26.1803835616438,4.84569863013699,45.8077808219178,40.5330410958904,6.0272876712329,38.8612602739726,26.0117260273973
"100841",22.6208219178082,1.59386301369864,41.2323287671233,36.6539178082192,11.3069589041096,35.2030684931507,22.4620273972603
"100842",22.3091506849315,4.24800000000002,40.3387397260274,36.1292054794521,8.47627397260274,34.883506849315,21.5783013698631
"100843",25.6250958904109,7.21873972602739,44.3934246575342,39.7124383561644,5.07846575342467,38.7764383561644,24.4908493150685
"100844",21.4086575342466,5.94246575342464,39.9807123287671,35.474301369863,5.33490410958905,35.013698630137,21.6473424657534
"100845",21.1324931506849,6.47210958904111,39.2883287671233,34.9624109589041,6.00756164383561,34.0875616438356,20.4687123287671
"100846",21.3869589041096,7.44854794520546,39.5260273972602,35.1971506849315,5.12284931506849,34.4199452054795,20.6058082191781
"100847",21.4254246575342,8.02849315068494,39.8258630136986,35.3727123287671,4.28153424657533,34.9338082191781,21.1048767123288
"100848",20.8010958904109,6.71868493150686,39.5092602739726,34.7740273972603,4.9847671232877,34.2453698630137,20.5032328767123
"100849",21.1295342465754,6.03813698630138,40.3170410958904,35.2247671232877,6.38728767123287,34.1023561643836,20.059397260274
"100850",23.2698082191781,1.47945205479452,41.4660821917809,37.1815890410959,10.4301369863014,35.5186849315069,23.2047123287671
"100851",24.6585205479452,3.2133698630137,43.4071232876713,38.7438904109589,7.75134246575344,37.1046575342466,25.5274520547945
"100852",24.6890958904109,3.2380273972603,43.3124383561644,38.7369863013699,7.71090410958905,37.1717260273973,26.2109589041096
"100853",24.1012602739726,3.07726027397261,42.7226301369863,38.153095890411,7.56887671232876,36.6736438356164,26.956602739726
"100854",22.6040547945206,2.14421917808221,41.2116164383561,36.6578630136986,8.07287671232878,35.2454794520548,26.8757260273973
"100855",20.5239452054794,1.31276712328768,38.5929863013698,34.4229041095891,8.69030136986301,33.2679452054794,25.4002191780822
"100856",19.2279452054795,2.8938082191781,37.1914520547945,33.0825205479452,12.2025205479452,31.5971506849315,24.4908493150685
"100857",19.7516712328767,2.55846575342466,38.2221369863014,33.7601095890411,11.506191780822,32.2283835616438,25.2414246575343
"100858",22.5951780821918,1.78520547945203,41.7106849315068,36.7841095890411,11.1215342465753,34.8341917808219,26.9043287671233
"100859",22.6178630136986,1.37194520547945,41.4522739726027,36.7239452054795,10.7763287671233,34.8489863013699,25.848
"100860",21.4431780821918,2.63441095890413,39.6601643835616,35.3589041095891,12.6276164383562,33.4878904109589,23.6347397260274
"100861",22.1128767123288,1.98542465753425,40.435397260274,36.0828493150685,8.01665753424656,34.7789589041096,24.7364383561644
"100862",24.5056438356165,3.43824657534246,43.2187397260274,38.5860821917808,6.94257534246576,37.1036712328767,26.8116164383562
"100863",25.7898082191781,3.77556164383559,44.7307397260274,39.9304109589041,7.22465753424657,38.2033972602739,28.5376438356164
"100864",24.7236164383561,3.97972602739726,42.9327123287671,38.6432876712329,7.74641095890412,37.3344657534246,25.5244931506849
"100865",27.9103561643836,6.51649315068494,47.3227397260274,42.2008767123288,4.00241095890409,40.6809863013699,29.0820821917808
"100866",20.2665205479452,1.57413698630135,38.5811506849315,34.2315616438356,10.4429589041096,33.1900273972603,21.7814794520548
"100867",24.4602739726027,4.0398904109589,43.2532602739726,38.5377534246575,8.29479452054794,37.2703561643836,25.1723835616438
"100868",25.8272876712329,7.46926027397261,44.561095890411,39.8801095890411,4.33479452054797,39.0427397260274,25.394301369863
"100869",22.291397260274,5.13961643835619,40.8772602739726,36.2505205479452,6.72361643835616,35.6054794520548,21.9955068493151
"100870",21.5753424657534,5.84580821917808,40.0941369863014,35.5334794520548,5.55583561643837,34.9318356164384,22.1483835616438
"100871",21.7311780821918,7.56591780821918,40.1030136986301,35.6646575342466,3.40175342465754,35.3174794520548,22.4590684931507
"100872",20.6156712328767,6.47704109589039,39.0723287671233,34.4801095890411,4.78553424657535,33.8459178082192,20.6649863013699
"100873",21.030904109589,5.70673972602739,40.082301369863,35.0304657534247,5.63967123287671,34.5027945205479,21.1541917808219
"100874",21.211397260274,5.59627397260276,40.7204383561644,35.4072328767124,5.65347945205478,35.0551232876712,21.1226301369863
"100875",22.0970958904109,1.31671232876714,40.8052602739726,36.1765479452055,9.31857534246575,34.7187945205479,24.4592876712329
"100876",23.0932602739726,2.20438356164384,41.9631780821918,37.2230136986302,8.10049315068491,35.8116164383562,26.1438904109589
"100877",25.1309589041096,3.03287671232877,44.1971506849315,39.312,7.54520547945206,37.6974246575343,28.3433424657534
"100878",22.132602739726,0.904438356164405,40.5823561643836,36.1292054794521,10.2092054794521,34.6379178082192,26.4782465753425
"100879",20.2201643835616,2.86224657534247,38.297095890411,34.1003835616439,12.5171506849315,32.5538630136986,24.9652602739726
"100880",21.5250410958904,2.31879452054795,40.1483835616438,35.568,11.8415342465753,33.7581369863014,26.7672328767123
"100881",19.2486575342466,4.47287671232877,37.533698630137,33.1880547945205,14.2402191780822,31.3969315068493,24.2590684931507
"100882",20.3513424657534,3.80021917808219,38.7103561643835,34.3104657534247,13.7007123287671,32.4187397260274,24.2393424657534
"100883",23.1149589041096,0.832438356164388,41.9503561643836,37.2220273972602,10.217095890411,35.395397260274,26.2494246575343
"100884",23.0981917808219,1.63726027397261,41.7935342465754,37.1766575342466,7.89830136986301,35.7682191780822,26.0442739726027
"100885",23.0370410958904,2.60284931506851,41.4917260273973,37.0474520547945,7.11517808219178,35.8175342465754,25.7769863013699
"100886",22.9502465753425,1.84043835616438,41.2510684931507,36.9044383561644,8.73468493150686,35.5137534246575,25.5826849315068
"100887",22.9699726027397,3.54180821917808,41.4463561643836,36.9922191780822,6.35868493150684,35.8550136986301,26.6804383561644
"100888",22.881205479452,2.95791780821918,41.2076712328767,36.8501917808219,7.76810958904109,35.6863561643836,26.2346301369863
"100889",22.3959452054795,1.57709589041096,40.6040547945206,36.2850410958904,10.3936438356164,35.013698630137,24.393205479452
"100890",20.5900273972603,2.00021917808219,38.9529863013699,34.5580273972603,11.188602739726,33.3675616438356,22.8585205479452
"100891",24.4070136986301,3.9895890410959,43.3745753424657,38.5604383561644,7.49687671232877,37.274301369863,26.3539726027397
"100892",26.0955616438356,7.36273972602741,45.0118356164383,40.1986849315068,3.15616438356165,39.4066849315069,26.5413698630137
"100893",24.4464657534246,5.72350684931506,43.3627397260274,38.4904109589041,5.93654794520549,37.7635068493151,24.1594520547945
"100894",23.9572602739726,6.27682191780822,43.0757260273973,38.0949041095891,4.42356164383561,37.4833972602739,25.3104657534247
"100895",23.0380273972603,7.24931506849317,41.904,37.1056438356164,2.94312328767123,36.8679452054795,24.9573698630137
"100896",20.0347397260274,6.09435616438357,38.4016438356164,33.8972054794521,4.15726027397261,33.552,20.7202191780822
"100897",20.8385753424657,4.70860273972603,40.0359452054795,35.0886575342466,6.34783561643835,34.2798904109589,21.2291506849315
"100898",20.534794520548,4.59517808219178,40.2105205479452,34.9535342465753,5.71265753424656,34.7868493150685,21.6907397260274
"100899",22.7076164383561,1.44197260273972,41.7797260273973,36.8718904109589,10.749698630137,35.2415342465753,26.0166575342466
"100900",23.738301369863,1.11254794520548,42.8123835616439,37.872,9.71112328767124,36.3018082191781,27.0739726027397
"100901",22.0783561643835,1.88679452054794,40.7875068493151,36.115397260274,11.4805479452055,34.5284383561644,26.4466849315069
"100902",18.1795068493151,5.07156164383564,36.0848219178082,32.0025205479452,14.9681095890411,30.4934794520548,23.1228493150685
"100903",19.8976438356164,3.40471232876713,38.2655342465753,33.8656438356164,12.9047671232877,32.2678356164383,24.8843835616438
"100904",17.5541917808219,5.03901369863013,35.3431232876712,31.348602739726,14.7284383561644,29.9105753424658,22.0487671232877
"100905",18.7624109589041,4.03594520547946,36.7555068493151,32.6199452054794,13.6346301369863,31.104,22.3190136986301
"100906",23.7974794520548,0.860054794520551,42.6535890410959,37.8907397260274,10.5948493150685,36.0256438356164,26.3894794520548
"100907",24.4257534246576,0.964602739726033,43.1723835616438,38.5101369863014,9.43002739726026,36.7436712328767,26.4545753424658
"100908",23.4848219178082,1.59484931506849,41.9049863013699,37.4814246575342,8.78893150684931,36.0364931506849,25.5392876712329
"100909",22.7914520547945,2.56931506849315,40.9009315068493,36.6568767123288,7.70498630136987,35.568,25.121095890411
"100910",23.9424657534247,3.55758904109588,42.5372054794521,37.9745753424658,6.51846575342466,36.8048219178082,26.9299726027397
"100911",21.081205479452,1.38575342465754,38.973698630137,34.8647671232876,9.68252054794522,33.8863561643835,23.1909041095891
"100912",20.1235068493151,1.93808219178084,37.8483287671233,33.8962191780822,11.7093698630137,32.8694794520548,21.4944657534246
"100913",20.3316164383561,3.24295890410959,38.7961643835616,34.2660821917808,12.9609863013699,32.9671232876712,22.147397260274
"100914",23.3201095890411,3.77852054794521,42.0815342465753,37.3719452054794,7.19704109589044,36.3797260273972,25.1733698630137
"100915",26.5019178082191,6.85578082191783,45.3797260273973,40.6287123287671,4.61687671232876,39.6729863013699,25.6093150684931
"100916",26.6281643835616,5.76098630136985,45.7052054794521,40.8358356164383,6.33205479452053,39.6197260273972,25.1072876712329
"100917",22.867397260274,4.95024657534246,41.7402739726027,36.9734794520548,5.70279452054794,36.3915616438356,24.292602739726
"100918",23.9898082191781,6.49676712328768,43.1250410958904,38.1984657534246,3.82093150684929,37.7053150684931,25.3923287671233
"100919",21.7795068493151,5.17709589041095,40.9157260273973,36.0364931506849,4.94630136986301,35.6774794520548,23.1948493150685
"100920",21.4875616438356,3.74399999999999,40.7875068493151,35.7899178082192,7.20295890410959,34.776,22.5083835616438
"100921",22.0892054794521,4.61884931506852,42.0115068493151,36.5858630136986,5.43452054794523,36.0996164383562,23.4927123287671
"100923",19.1115616438356,3.13742465753425,37.4538082191781,33.0923835616439,12.3889315068493,31.8397808219178,23.349698630137
"100924",18.4714520547945,4.03989041095892,36.820602739726,32.4512876712329,13.3880547945205,31.1266849315069,23.7126575342466
"100925",18.0226849315069,5.32602739726029,36.3856438356164,31.9985753424658,15.0223561643836,30.477698630137,23.4019726027397
"100926",17.4269589041096,5.71364383561644,35.3470684931507,31.2667397260274,15.6733150684931,29.7498082191781,21.8090958904109
"100927",17.740602739726,4.78158904109588,35.6370410958904,31.5784109589041,14.4779178082192,30.1778630136986,21.5358904109589
"100928",19.5425753424658,3.90673972602738,37.7881643835617,33.4780273972603,13.6947945205479,31.852602739726,22.334794520548
"100929",22.132602739726,2.13041095890412,40.8802191780822,36.2150136986301,11.836602739726,34.4061369863013,24.2018630136986
"100930",22.1197808219178,2.38882191780822,40.5251506849315,36.0946849315068,12.5072876712329,34.2335342465753,23.4769315068493
"100931",23.4789041095891,1.10564383561645,42.0213698630137,37.4981917808219,11.1767671232877,35.6725479452055,24.6466849315069
"100932",24.3182465753425,0.624328767123274,42.9918904109589,38.3769863013699,10.7891506849315,36.5444383561644,25.4564383561644
"100933",24.2551232876712,2.39572602739727,43.0964383561644,38.3819178082192,8.30169863013698,36.9527671232877,26.3677808219178
"100934",24.3419178082192,1.90750684931507,43.0382465753425,38.419397260274,9.69435616438356,36.8659726027397,26.1705205479452
"100935",23.4138082191781,1.90849315068493,42.1091506849315,37.4991780821918,9.70619178082192,36.1400547945205,25.2394520547945
"100936",21.4727671232877,2.36909589041095,40.2756164383562,35.546301369863,8.17545205479452,34.7148493150685,24.674301369863
"100937",22.6158904109589,1.73983561643836,41.7787397260274,36.8097534246575,9.4852602739726,35.6074520547945,25.7227397260274
"100938",31.3446575342466,5.93556164383561,51.3024657534247,45.8038356164383,3.59013698630139,44.142904109589,29.9539726027397
"100939",27.9369863013699,4.53797260273973,46.9962739726028,42.1180273972603,8.56010958904109,40.2223561643836,25.6181917808219
"100940",22.4245479452055,3.84756164383563,40.9837808219178,36.4921643835617,7.1812602739726,35.2573150684931,23.3684383561644
"100941",24.0460273972603,6.0292602739726,43.1516712328767,38.2872328767123,4.20263013698627,37.6678356164384,25.005698630137
"100942",23.5449863013699,4.47189041095888,43.1191232876712,37.9203287671233,6.0371506849315,37.0918356164383,25.5461917808219
"100943",21.7144109589041,4.21249315068492,41.1307397260274,36.0552328767123,5.89216438356165,35.5512328767123,24.3586849315069
"100944",23.6771506849315,4.03594520547944,43.6911780821918,38.1836712328767,6.56087671232876,37.2466849315068,25.0471232876713
"100945",16.0234520547945,6.28471232876713,33.3251506849315,29.6847123287671,16.4682739726027,28.4301369863013,19.7921095890411
"100946",17.6922739726028,4.7174794520548,35.9082739726028,31.6316712328767,14.1415890410959,30.3218630136986,22.6967671232877
"100947",18.3461917808219,4.46202739726027,37.1401643835617,32.4591780821918,13.5626301369863,31.0645479452055,24.5391780821918
"100948",18.3284383561644,5.86750684931506,37.0277260273973,32.4,15.6506301369863,30.6907397260274,24.0124931506849
"100949",19.5169315068493,3.30904109589041,38.1037808219178,33.5638356164384,12.5447671232877,32.0893150684932,23.4128219178082
"100950",20.88,2.84054794520546,39.3376438356164,34.8785753424657,12.5753424657534,33.198904109589,23.0853698630137
"100951",22.9453150684931,1.30290410958902,41.7718356164384,37.0523835616439,10.9341369863014,35.2425205479452,24.2807671232877
"100952",24.4494246575343,0.59671232876714,43.3528767123288,38.5781917808219,9.56219178082195,36.7338082191781,24.7305205479452
"100953",24.7265753424657,1.27627397260275,43.4455890410959,38.801095890411,9.27024657534245,37.036602739726,24.6920547945205
"100954",26.9812602739726,3.67791780821919,46.0030684931507,41.1504657534247,7.02147945205479,39.4244383561644,26.7425753424657
"100955",28.9558356164383,4.81808219178083,47.8839452054794,43.0895342465753,6.76997260273973,41.1859726027397,28.3926575342466
"100956",31.0576438356164,5.37534246575341,50.472,45.3392876712329,4.88909589041096,43.4140273972603,30.6927123287671
"100957",27.7969315068493,4.73326027397262,47.1639452054795,42.0746301369863,6.67528767123288,40.4067945205479,29.5377534246575
"100958",24.3369863013699,3.08909589041097,43.6053698630137,38.5998904109589,7.84602739726026,37.3088219178082,27.6381369863014
"100959",23.378301369863,1.00997260273975,42.948493150685,37.7250410958904,10.2871232876712,36.2071232876712,27.6371506849315
"100960",29.4332054794521,6.2935890410959,49.5527671232877,43.9476164383561,3.7489315068493,42.4158904109589,30.9678904109589
"100961",26.8885479452055,4.06257534246576,45.547397260274,40.9512328767123,8.68142465753424,38.9875068493151,24.8597260273973
"100962",22.8920547945206,2.83857534246576,41.486794520548,36.957698630137,8.42893150684932,35.4772602739726,23.8024109589041
"100963",24.7630684931507,5.64065753424657,44.1596712328767,39.0841643835616,4.32493150684931,38.2398904109589,26.2661917808219
"100964",25.1043287671233,4.29928767123289,45.2327671232877,39.6355068493151,5.92964383561643,38.4578630136986,27.979397260274
"100965",22.7539726027397,4.896,42.0341917808219,37.0494246575343,5.0587397260274,36.4684931506849,24.9997808219178
"100966",23.212602739726,4.80032876712329,42.6969863013699,37.5662465753425,5.37731506849315,36.870904109589,24.0588493150685
"100967",24.0992876712329,4.80328767123288,43.7927671232877,38.5101369863014,5.72646575342465,37.411397260274,24.1180273972603
"100968",21.9856438356164,1.02575342465754,40.3190136986301,35.9506849315068,10.5356712328767,34.3775342465753,22.8082191780822
"100969",28.4666301369863,4.08131506849314,47.9322739726027,42.7630684931507,5.74717808219179,40.8210410958904,27.6075616438356
"100970",32.4670684931507,5.49172602739725,52.092493150685,46.7980273972603,4.69578082191782,44.4752876712329,30.348493150685
"100971",28.0316712328767,3.64339726027396,46.5110136986301,42.0253150684932,7.85983561643835,40.0586301369863,26.4427397260274
"100972",31.3821369863014,5.49665753424657,50.3230684931507,45.5138630136986,5.15243835616441,43.459397260274,29.8977534246575
"100973",31.4847123287671,7.98016438356163,50.8773698630137,45.7781917808219,1.20526027397258,44.2908493150685,31.4738630136986
"100974",29.0051506849315,5.2855890410959,48.1906849315068,43.221698630137,6.31331506849315,41.4118356164384,30.7568219178083
"100975",26.0797808219178,2.78038356164383,45.5631780821918,40.392,8.63901369863015,38.6768219178082,29.5998904109589
"100976",23.6603835616438,1.87397260273973,43.3045479452055,38.0347397260274,8.5995616438356,36.6401095890411,28.6441643835616
"100977",26.4082191780822,3.99649315068493,46.9252602739726,41.0459178082192,5.71660273972603,39.5408219178082,32.4493150684932
"100978",26.7978082191781,6.61709589041094,45.7683287671233,40.9788493150685,3.75978082191779,39.9037808219178,26.502904109589
"100979",22.9305205479452,2.13830136986303,41.4700273972603,36.9734794520548,9.13117808219178,35.5009315068493,24.148602739726
"100980",24.8084383561644,4.60109589041097,44.0452602739726,39.0703561643836,5.55682191780822,37.9962739726028,26.7711780821918
"100981",26.6942465753425,4.33479452054797,46.8,41.205698630137,6.40208219178082,39.7015890410959,28.7477260273972
"100982",22.8417534246575,3.66115068493151,41.5469589041096,36.9488219178082,7.29665753424659,35.2178630136986,23.378301369863
"100983",24.0006575342466,5.43747945205477,42.9721643835616,38.1955068493151,5.0853698630137,36.7949589041096,23.3270136986301
"100984",24.6161095890411,5.09227397260275,44.1547397260274,38.9776438356164,5.38126027397259,37.6234520547945,24.1712876712329
"100985",26.3825753424658,2.88295890410959,45.338301369863,40.5300821917808,6.7630684931507,38.7606575342466,26.7514520547945
"100986",29.5318356164383,5.53413698630136,49.1621917808219,43.8874520547945,3.27353424657537,42.1318356164384,30.3514520547945
"100987",26.0916164383562,2.00515068493152,44.2218082191781,39.9797260273972,9.31265753424658,38.0682739726027,26.0787945205479
"100988",28.8118356164383,4.89106849315067,47.2438356164383,42.7946301369863,6.42871232876712,40.924602739726,28.5632876712329
"100989",29.2112876712329,5.84186301369866,48.0092054794521,43.3114520547945,5.17512328767124,41.565698630137,30.3810410958904
"100990",27.870904109589,2.82279452054793,46.8374794520548,42.0085479452055,9.30772602739727,39.9156164383562,30.3110136986301
"100991",27.4625753424658,2.95101369863015,47.1964931506849,41.8408767123288,8.33523287671235,39.8781369863014,31.4265205479452
"100992",22.910794520548,2.0505205479452,41.8901917808219,37.0671780821918,12.045698630137,35.3184657534247,26.0373698630137
"100993",26.0945753424658,1.64712328767122,45.641095890411,40.4156712328767,9.82158904109589,38.4618082191781,28.6372602739726
"100994",28.0208219178082,2.77742465753424,47.0090958904109,42.1643835616438,9.82553424657533,40.0310136986301,26.646904109589
"100995",25.3341369863014,1.88087671232877,44.1941917808219,39.4352876712329,12.9747945205479,36.9715068493151,25.8558904109589
"100996",26.8816438356164,3.60887671232875,46.4133698630137,41.2086575342466,7.31934246575342,39.5003835616438,28.505095890411
"100997",29.2458082191781,4.24010958904111,49.3101369863014,43.7227397260274,7.4485479452055,41.6633424657534,29.3750136986301
"100998",28.5544109589041,4.03693150684931,47.9963835616438,42.8429589041096,8.62520547945206,40.1464109589041,25.8706849315068
"100999",26.4249863013699,4.34071232876713,45.5483835616438,40.636602739726,7.5254794520548,38.1304109589041,24.220602739726
"101000",26.042301369863,4.83879452054796,45.6509589041096,40.4107397260274,6.30443835616437,38.6551232876712,25.2167671232877
"101001",24.7966027397261,5.05972602739728,44.3598904109589,39.1630684931507,5.40887671232878,37.7141917808219,24.3655890410959
"101002",25.2246575342466,3.98958904109588,44.841205479452,39.5950684931507,7.42093150684933,37.3344657534247,24.0618082191781
"101003",21.4412054794521,1.89468493150684,39.4096438356164,35.2878904109589,11.851397260274,33.5687671232877,23.3723835616438
"101004",24.2087671232877,1.10169863013698,43.0688219178082,38.3306301369863,8.46838356164383,36.6410958904109,27.1390684931507
"101005",26.0600547945205,2.96580821917811,44.8510684931507,40.1602191780822,6.79364383561644,38.4716712328767,28.2772602739726
"101006",27.1824657534246,3.92350684931505,45.6726575342466,41.1889315068493,6.62991780821918,39.4589589041096,28.8305753424658
"101007",26.3963835616438,3.75682191780821,44.7859726027398,40.3772054794521,6.8370410958904,38.7744657534247,28.8956712328767
"101008",29.3700821917808,5.54400000000001,48.8031780821918,43.6615890410959,4.92953424657536,41.8359452054794,32.7373150684932
"101009",31.608,6.79758904109588,51.9692054794521,46.1865205479452,1.86016438356164,44.4032876712329,35.0373698630137
"101010",22.7204383561644,2.56931506849314,41.7175890410959,36.8768219178082,12.6453698630137,34.9969315068493,26.7070684931507
"101011",25.876602739726,0.725917808219151,44.913205479452,40.0339726027397,11.3444383561644,37.8897534246575,26.6991780821918
"101012",26.7563835616438,1.32657534246574,45.2041643835616,40.7312876712329,11.4036164383562,38.5308493150685,25.027397260274
"101013",25.6280547945206,0.677589041095899,44.0866849315069,39.6098630136986,11.649205479452,37.2338630136986,25.4998356164384
"101014",26.2425205479452,1.60076712328767,45.6499726027397,40.5192328767123,9.46454794520547,38.5219726027397,28.3265753424658
"101015",34.0303561643836,7.45742465753426,54.5089315068493,48.6325479452055,1.92821917808219,46.5563835616438,33.1052054794521
"101016",33.192,6.45238356164383,53.4713424657534,47.729095890411,4.10005479452055,45.5582465753424,30.2459178082192
"101017",26.8530410958904,4.6504109589041,46.2358356164384,41.1435616438356,6.65358904109587,39.3070684931507,25.5205479452055
"101018",26.0531506849315,5.20175342465754,45.619397260274,40.4107397260274,5.32405479452056,39.0762739726028,25.6862465753425
"101019",25.2710136986302,5.12087671232875,44.8500821917808,39.6394520547945,5.25402739726027,38.2793424657534,24.9830136986301
"101020",25.5728219178082,4.61884931506849,45.3116712328767,39.9826849315069,6.22750684931506,38.2487671232877,25.1743561643836
"101021",25.3301917808219,4.82400000000001,45.0276164383562,39.7311780821918,6.23441095890412,37.7329315068493,24.4908493150685
"101022",26.2218082191781,5.8961095890411,46.0780273972603,40.6740821917808,5.20076712328766,38.7636164383561,24.7620821917808
"101023",21.5398356164384,1.44493150684931,39.9895890410959,35.5364383561644,10.7940821917808,33.8764931506849,25.0885479452055
"101024",22.7539726027397,1.30783561643835,41.537095890411,36.8452602739726,10.8581917808219,34.9959452054795,26.8234520547945
"101025",25.4751780821918,1.73884931506852,44.877698630137,39.758794520548,7.48405479452053,37.9499178082192,29.664
"101026",26.3549589041096,3.21238356164385,45.309698630137,40.5054246575342,6.32120547945203,38.8109589041096,29.7320547945206
"101027",26.3569315068493,2.95397260273975,45.0433972602739,40.4225753424657,7.28778082191781,38.6669589041096,29.6452602739726
"101028",26.6636712328767,2.90860273972605,45.4221369863014,40.7480547945205,7.68526027397259,38.9214246575342,30.3248219178082
"101029",26.9605479452055,3.20153424657532,46.1332602739726,41.1731506849315,7.31145205479453,39.3544109589041,31.0201643835616
"101030",22.4985205479452,3.83473972602739,41.5311780821918,36.6539178082192,14.2954520547945,34.5008219178082,27.3057534246575
"101031",25.7345753424657,1.38673972602739,45.1025753424657,39.9866301369863,11.8908493150685,37.6757260273973,28.7516712328767
"101032",26.6301369863014,2.2694794520548,45.3481643835616,40.6977534246575,9.04438356164384,38.7419178082192,25.8973150684931
"101033",24.8981917808219,0.923178082191782,43.0372602739726,38.7902465753425,10.6885479452055,36.7841095890411,24.5145205479452
"101034",25.3232876712328,0.833424657534238,44.3855342465753,39.4954520547945,10.0908493150685,37.5208767123288,27.3659178082192
"101035",26.3460821917808,2.90169863013699,45.2603835616438,40.4817534246575,8.04230136986301,38.7231780821918,27.2889863013699
"101036",35.3766575342466,8.05512328767122,55.8029589041096,49.9571506849315,1.70038356164385,47.7290958904109,33.3014794520548
"101037",28.2338630136986,5.43649315068492,47.9342465753424,42.617095890411,5.27473972602742,41.011397260274,28.2792328767123
"101038",27.0877808219178,3.6157808219178,46.4123835616438,41.349698630137,8.27013698630138,38.8474520547945,26.2543561643836
"101039",26.3598904109589,5.82509589041096,46.1214246575342,40.780602739726,4.1306301369863,39.650301369863,26.4930410958904
"101040",24.2797808219178,3.74695890410959,43.5442191780822,38.548602739726,7.13293150684932,36.5848767123288,24.4435068493151
"101041",24.84,4.84668493150684,44.3372054794521,39.1837808219178,5.96810958904112,37.2989589041096,24.7818082191781
"101042",25.8134794520548,5.96712328767124,45.388602739726,40.182904109589,5.28065753424657,38.0534794520548,24.4158904109589
"101043",24.8360547945205,5.40000000000001,43.9308493150685,39.0614794520548,6.63484931506849,35.9713972602739,22.2706849315068
"101044",25.1980273972603,6.58356164383562,44.0916164383562,39.3682191780822,5.7363287671233,36.2722191780822,21.2794520547945
"101045",22.989698630137,1.29205479452055,42.1712876712329,37.2013150684931,10.5534246575342,35.2859178082192,28.2437260273973
"101046",23.6337534246575,1.22991780821918,42.7068493150685,37.8078904109589,10.8680547945205,35.7909041095891,28.3818082191781
"101047",26.7790684931507,2.41545205479451,46.4843835616438,41.1504657534247,6.78378082191782,39.2173150684931,31.2401095890411
"101048",26.0156712328767,2.57128767123288,44.64,40.0615890410959,7.43769863013698,38.2961095890411,29.1106849315069
"101049",26.1310684931507,3.35835616438357,44.6607123287671,40.1533150684931,6.62695890410957,38.5259178082192,29.2763835616438
"101050",22.7312876712329,0.536547945205456,40.8703561643836,36.6391232876712,9.82553424657534,35.1231780821918,26.4111780821918
"101051",21.7380821917808,4.40679452054795,41.0301369863014,35.9733698630137,14.515397260274,33.8153424657534,28.7792876712329
"101052",24.6210410958904,1.20624657534248,44.1261369863014,38.9243835616438,10.9785205479452,36.8284931506849,29.6965479452055
"101053",29.1027945205479,3.89490410958904,48.5477260273973,43.3864109589041,6.76306849315068,41.2717808219178,29.7941917808219
"101054",26.9339178082192,1.61260273972601,45.3738082191781,40.9068493150685,10.1095890410959,38.7448767123288,25.4554520547945
"101055",27.4596164383562,1.50608219178083,46.2624657534247,41.5390684931507,10.1559452054794,39.2528219178082,27.0562191780822
"101056",26.4565479452055,2.79221917808219,45.4053698630137,40.601095890411,7.84701369863014,38.7971506849315,27.8245479452055
"101057",29.3631780821918,5.00350684931507,49.2805479452055,43.7996712328767,5.48087671232877,41.8734246575343,31.7135342465753
"101058",31.7648219178082,6.28668493150687,52.3341369863014,46.4035068493151,2.52098630136986,44.5285479452055,34.5550684931507
"101059",28.1865205479452,5.02520547945205,48.0230136986302,42.6082191780822,5.66531506849316,40.9305205479452,29.0495342465753
"101060",28.0484383561644,5.38915068493151,47.7458630136986,42.4316712328767,5.50652054794519,40.8496438356165,27.6973150684931
"101061",25.5678904109589,4.01424657534245,45.0433972602739,39.8919452054794,6.91495890410958,38.1175890410959,26.1665753424658
"101062",24.4780273972603,3.92942465753426,43.8904109589041,38.7912328767123,7.09939726027399,36.8748493150685,25.2996164383561
"101063",24.1229589041096,5.29446575342465,43.1467397260274,38.3316164383561,5.8132602739726,36.1578082191781,23.6998356164384
"101064",24.3971506849315,4.6740821917808,43.4248767123287,38.598904109589,7.4140273972603,35.6429589041096,23.0498630136986
"101065",24.5470684931507,5.13961643835617,43.3203287671233,38.6738630136986,7.46827397260276,35.4664109589041,21.822904109589
"101066",25.1447671232877,6.47309589041095,43.9269041095891,39.2794520547945,6.16241095890412,36.1637260273973,21.7735890410959
"101067",26.417095890411,6.08942465753424,45.5395068493151,40.6435068493151,6.98202739726027,36.9981369863014,22.9374246575343
"101068",23.385205479452,1.88778082191779,42.213698630137,37.4794520547945,11.9214246575342,35.352,27.604602739726
"101069",23.2037260273973,2.28920547945206,41.9010410958904,37.2565479452055,12.5585753424658,35.1034520547945,27.1025753424658
"101070",23.6830684931507,1.51989041095889,42.2048219178082,37.6855890410959,11.8405479452055,35.6153424657534,27.0384657534247
"101071",24.7541917808219,1.85621917808218,43.0254246575342,38.6965479452055,8.2691506849315,37.036602739726,26.8757260273972
"101072",22.4501917808219,0.964602739726004,40.3535342465753,36.2909589041096,8.85008219178083,34.9180273972603,24.9899178082192
"101073",23.1159452054795,1.84536986301369,43.0224657534247,37.5475068493151,10.8128219178082,35.5749041095891,31.1967123287671
"101074",23.9414794520548,1.11254794520548,43.2532602739726,38.1895890410959,10.6806575342466,36.2051506849315,28.6264109589041
"101075",28.7003835616438,3.58323287671233,47.8780273972603,42.9031232876712,7.05106849315068,40.8003287671233,27.9468493150685
"101076",29.7754520547945,2.81786301369864,48.9915616438356,43.9742465753425,8.7179178082192,41.4877808219178,27.633205479452
"101077",28.8236712328767,1.55934246575346,47.5071780821918,42.8557808219178,10.7270136986301,39.9333698630137,26.4812054794521
"101078",30.0841643835616,3.00032876712328,49.3111232876712,44.2849315068493,8.87671232876713,41.7718356164384,29.2211506849315
"101079",31.7155068493151,4.6809863013699,51.4790136986302,46.0819726027397,7.12997260273974,43.5925479452055,31.8950136986301
"101080",29.5525479452055,3.58915068493151,49.2904109589041,43.92,8.00679452054797,41.6534794520548,31.7224109589041
"101081",34.7178082191781,7.70597260273969,55.7447671232877,49.4847123287671,1.36109589041095,47.3020273972603,37.1638356164383
"101082",29.7241643835616,6.00953424657537,49.7539726027397,44.2001095890411,4.81709589041095,42.4109589041096,30.1058630136986
"101083",25.3578082191781,2.77841095890412,44.3253698630137,39.5171506849315,8.97632876712328,36.8551232876712,25.4633424657534
"101084",25.488,3.57731506849314,44.8619178082192,39.7775342465754,7.97424657534248,37.6086575342466,26.2622465753424
"101085",25.1358904109589,3.5358904109589,44.4111780821918,39.398794520548,8.63013698630137,36.8235616438356,25.409095890411
"101086",23.9562739726028,3.18772602739726,43.0757260273973,38.1777534246575,9.12821917808219,35.3815890410959,24.314301369863
"101087",24.5786301369863,4.23123287671231,43.4465753424658,38.7271232876712,8.67550684931506,35.5038904109589,23.3901369863014
"101088",26.005808219178,5.40394520547943,44.9635068493151,40.1779726027397,7.85786301369862,36.7071780821918,23.5311780821918
"101089",26.9605479452055,6.5569315068493,46.3946301369863,41.2816438356164,5.86750684931506,38.6176438356164,24.940602739726
"101090",27.6253150684932,6.84295890410959,47.4075616438356,42.0509589041096,5.15243835616438,39.9136438356164,26.1961643835617
"101091",33.1831232876712,5.51145205479452,53.1438904109589,47.6048219178082,6.05293150684932,44.9861917808219,33.0085479452055
"101092",30.2725479452055,4.57446575342465,49.2430684931507,44.4062465753424,7.37260273972602,41.7333698630137,29.5288767123288
"101093",29.9638356164383,3.91857534246574,49.0083287671233,44.1172602739726,8.40230136986301,41.0557808219178,29.5288767123288
"101094",34.142794520548,6.95046575342471,55.1707397260274,48.9087123287671,2.20241095890408,46.6964383561644,37.0671780821918
"101095",28.828602739726,5.43649315068495,48.5605479452055,43.2167671232877,5.55287671232875,41.4877808219178,29.7744657534247
"101096",27.5809315068493,4.68000000000001,47.166904109589,41.9276712328767,6.78673972602739,40.032,28.3660273972603
"101097",26.3125479452055,3.79331506849316,45.669698630137,40.5922191780822,8.23857534246577,38.1797260273973,26.8500821917808
"101098",25.4593972602739,3.94126027397259,44.9694246575342,39.7952876712329,7.9338082191781,37.7635068493151,26.7800547945206
"101099",25.4436164383562,4.38706849315069,44.6784657534247,39.6986301369863,7.93775342465754,37.0947945205479,25.6467945205479
"101100",26.28,4.74213698630138,45.4389041095891,40.5064109589041,8.26520547945204,37.354191780822,25.2276164383562
"101101",26.6084383561644,5.50257534246575,46.0454794520548,40.924602739726,6.84690410958905,38.4706849315069,25.9397260273973
"101102",27.0128219178082,5.7945205479452,46.6037260273973,41.3753424657534,6.20186301369863,39.2587397260274,26.3283287671233
"101103",31.4284931506849,5.67517808219179,50.9217534246575,45.7229589041096,5.28164383561644,43.494904109589,31.4403287671233
"101104",29.1708493150685,3.64142465753426,48.6808767123288,43.4722191780822,7.46827397260274,41.2915068493151,31.0300273972603
"101105",28.4725479452055,4.52416438356161,47.8918356164383,42.7591232876712,6.13578082191783,40.8486575342466,30.1689863013699
"101106",29.5732602739726,6.58158904109592,49.6869041095891,44.0817534246575,3.38991780821918,42.4454794520548,31.4383561643836
"101107",27.7209863013699,5.03605479452055,47.4598356164384,42.1170410958904,5.78564383561644,40.536,29.1037808219178
"101108",26.9398356164383,4.03890410958903,46.5603287671233,41.2974246575343,7.47715068493152,39.2271780821918,28.0060273972603
"101109",26.9635068493151,4.39890410958905,46.5307397260274,41.3072876712329,7.42093150684933,39.0812054794521,27.5740273972603
"101110",26.8224657534247,4.89304109589044,46.2407671232877,41.1258082191781,7.00668493150684,38.786301369863,27.137095890411
"101111",26.64,4.80328767123289,46.0060273972603,40.9285479452055,7.05106849315068,38.5910136986301,26.7968219178082
"101112",29.2684931506849,4.9413698630137,48.3909041095891,43.4603835616439,4.93052054794521,41.5213150684932,30.2587397260274
"101113",29.1836712328767,4.11879452054797,48.6946849315069,43.4889863013699,5.83890410958905,41.4049315068493,31.6819726027397
"101114",28.173698630137,3.02991780821918,47.3010410958904,42.3606575342466,7.70794520547946,39.9629589041096,29.958904109589
"101115",29.8139178082192,5.42268493150684,49.4778082191781,44.1715068493151,4.87430136986301,42.2324383561644,31.4945753424658
"101116",30.7262465753425,6.79857534246575,50.9059726027397,45.2475616438356,3.05950684931507,43.4386849315069,32.5232876712329
"101117",26.9260273972603,4.09117808219179,46.3758904109589,41.2313424657534,6.55002739726027,39.4500821917808,28.4912876712329
"101118",27.1203287671233,3.87912328767123,46.6451506849315,41.4453698630137,7.17534246575343,39.4007671232877,28.3768767123288
"101119",27.3175890410959,3.90575342465755,46.706301369863,41.5992328767123,7.77698630136986,39.1551780821918,28.0681643835617
"101120",27.0157808219178,3.93139726027397,46.2683835616438,41.2579726027397,7.69808219178083,38.6472328767124,27.3609863013699
"101121",30.8732054794521,5.92865753424658,50.6031780821918,45.2475616438356,3.12657534246576,43.1940821917808,33.0036164383561
"101122",29.7774246575342,3.14926027397257,49.2420821917808,44.0551232876712,7.35780821917807,41.6436164383562,31.5399452054795
"101123",28.7230684931507,3.07726027397263,47.9283287671233,42.9297534246575,7.59945205479451,40.4265205479452,30.4806575342466
"101124",29.9598904109589,4.51035616438357,49.7796164383562,44.3569315068493,5.86750684931505,42.1998904109589,32.0853698630137
"101125",30.0200547945205,6.64865753424655,50.2905205479452,44.5739178082192,2.61961643835618,42.861698630137,32.5331506849315
"101126",27.4093150684931,4.44723287671232,47.0021917808219,41.7580273972603,5.5627397260274,40.1158356164384,29.5663561643836
"101127",27.3560547945205,3.50531506849315,46.7319452054794,41.6298082191781,7.5925479452055,39.3218630136986,28.8207123287671
"101128",30.5408219178082,4.68197260273971,49.673095890411,44.7228493150685,5.49863013698632,42.4099726027397,31.1602191780822
"101129",29.8957808219178,4.392,48.9708493150685,44.0630136986301,5.8083287671233,41.6584109589041,30.8574246575343
"101130",28.331506849315,2.94608219178082,47.448,42.5125479452055,7.43473972602739,40.0684931506849,30.4402191780822
"101131",29.0495342465754,3.60887671232877,48.3041095890411,43.2729863013699,7.03232876712329,40.773698630137,31.2075616438356
"101132",28.850301369863,5.69095890410959,48.6108493150685,43.2493150684931,3.53687671232879,41.5696438356164,31.8121643835616
"101133",27.453698630137,6.57863013698632,47.1866301369863,41.8625753424658,1.80295890410959,40.6602739726028,31.0398904109589
"101134",25.5688767123288,4.44328767123287,44.4989589041096,39.729205479452,5.09523287671232,37.8986301369863,28.2782465753425
"101135",29.3395068493151,3.46980821917808,47.9421369863014,43.3578082191781,7.36175342465752,40.0684931506849,29.1876164383562
"101136",28.3729315068493,2.08306849315065,47.195506849315,42.4563287671233,8.91024657534246,39.124602739726,29.5811506849315
"101137",28.7240547945206,3.28043835616441,48.0230136986301,42.9613150684932,7.04120547945206,40.4797808219178,31.169095890411
"101138",27.9310684931507,4.37819178082192,47.4391232876712,42.2482191780822,5.03704109589042,40.4807671232877,31.3673424657534
"101139",26.4516164383562,5.04197260273978,45.7249315068493,40.7155068493151,3.66312328767121,39.3899178082192,30.4323287671233
"101140",27.3609863013699,4.71846575342464,46.8335342465753,41.6751780821918,4.50739726027398,40.067506849315,30.8268493150685
"101141",28.9272328767123,2.19254794520546,47.3217534246575,42.8745205479452,9.24065753424657,38.8257534246575,28.1796164383562
"101142",26.3273424657534,0.472438356164417,44.2060273972603,40.1237260273973,10.9795068493151,36.1094794520548,26.6222465753425
"101143",28.6698082191781,4.16021917808217,47.7438904109589,42.8449315068493,5.67419178082196,40.3742465753425,30.9333698630137
"101144",28.4656438356165,4.58235616438358,47.9263561643836,42.7660273972603,4.70268493150685,40.9275616438356,31.7825753424657
"101145",27.3560547945206,2.75967123287671,46.7082739726027,41.616,7.0500821917808,39.182794520548,30.8653150684932
"101146",26.6123835616438,2.85336986301368,45.9399452054795,40.8723287671233,6.6161095890411,38.6107397260274,30.4500821917808
"101147",29.9638356164384,2.20142465753426,48.8988493150685,44.0689315068493,9.08580821917808,40.3732602739726,30.0940273972603
"101148",28.6333150684931,1.41534246575344,47.3237260273972,42.667397260274,9.93304109589042,38.722191780822,29.3296438356165
"101149",28.7358904109589,4.09512328767127,47.7784109589041,42.9001643835616,5.68405479452053,40.3130958904109,30.8248767123287
"101150",27.5986849315069,5.21457534246579,46.8631232876713,41.8517260273973,3.19265753424656,40.3160547945205,31.0606027397261
"101151",27.050301369863,3.81501369863014,46.3492602739726,41.3053150684931,4.93446575342469,39.3415890410959,30.7045479452055
"101152",26.9625205479452,2.53676712328766,46.2299178082192,41.1987945205479,6.85972602739727,38.5338082191781,30.2547945205479
"101153",29.0436164383562,2.72810958904108,47.8129315068493,43.1102465753425,7.95550684931507,39.5546301369863,29.9056438356164
"101154",27.460602739726,1.00602739726028,45.7515616438356,41.378301369863,10.0809863013699,37.0642191780822,28.0109589041096
"101155",27.2317808219178,4.87923287671231,46.1007123287671,41.3605479452055,4.10202739726026,39.0950136986301,29.8770410958904
"101156",27.9448767123287,3.12756164383561,47.0692602739726,42.1328219178082,6.57665753424658,39.0762739726027,30.0427397260274
"101157",27.7781917808219,2.89676712328767,46.7319452054795,41.9118904109589,7.11912328767121,38.4154520547945,29.4144657534247
"101158",30.1157260273972,3.73610958904109,49.2716712328767,44.2997260273972,6.5815890410959,41.0192876712329,31.0024109589041
