"","Andrena_carlini","Andrena_miserabilis","Osmia_atriventris","Osmia_bucephala","Osmia_lignaria","Osmia_pumila","Andrena_violae"
"100001",7.72964383561644,9.6558904109589,29.5219726027397,22.802301369863,13.3781917808219,22.3781917808219,2.45293150684932
"100002",7.41501369863013,10.5317260273973,28.5021369863014,22.2657534246575,15.1377534246575,21.7084931506849,0.473424657534245
"100003",7.70202739726027,8.65676712328768,29.3533150684931,22.7401643835616,12.0289315068493,22.5281095890411,1.43802739726027
"100004",7.54323287671234,9.60164383561644,28.3226301369863,22.3071780821918,14.1100273972603,21.909698630137,1.43112328767124
"100005",8.11923287671232,8.60153424657534,28.915397260274,22.8910684931507,12.8968767123288,22.5300821917808,2.2507397260274
"100006",8.99309589041096,7.52350684931507,30.8899726027397,24.1061917808219,10.7516712328767,23.8665205479452,2.45983561643835
"100007",6.50169863013698,8.65183561643835,27.5513424657534,21.3652602739726,11.9973698630137,21.390904109589,0.838356164383555
"100008",3.18969863013699,10.4035068493151,22.6139178082192,17.5660273972603,14.465095890411,17.517698630137,4.89205479452055
"100009",6.74728767123288,8.58180821917808,26.8392328767123,21.3139726027397,12.8564383561644,20.8997260273973,4.18487671232876
"100010",9.61841095890411,8.43386301369863,31.3170410958904,24.6565479452055,12.5477260273973,24.091397260274,2.09293150684931
"100011",8.84021917808219,8.32536986301371,30.3169315068493,23.8181917808219,12.2261917808219,23.4325479452055,1.57906849315069
"100012",6.83999999999998,10.1155068493151,27.4290410958904,21.5467397260274,14.7037808219178,20.9145205479452,1.17863013698629
"100013",3.98860273972603,11.3434520547945,22.7766575342466,18.281095890411,16.409095890411,17.3460821917808,4.44624657534245
"100014",5.24416438356165,9.60460273972603,24.2896438356164,19.5889315068493,14.3092602739726,18.8255342465754,5.10016438356164
"100015",7.99298630136987,9.41720547945205,29.1767671232877,22.8782465753425,13.6898630136986,22.435397260274,1.00109589041097
"100016",9.14794520547946,9.23375342465754,30.4382465753425,24.0578630136986,13.8624657534247,23.3516712328767,0.93304109589041
"100017",8.40131506849315,9.67857534246576,29.5387397260274,23.2668493150685,14.3033424657534,22.4452602739726,0.685479452054793
"100018",6.68712328767123,11.5002739726027,27.1854246575343,21.3721643835617,16.6911780821918,20.1560547945205,1.16778082191781
"100019",6.78871232876713,11.7606575342466,26.214904109589,21.2883287671233,17.6419726027397,19.5534246575343,1.79013698630138
"100020",7.19013698630136,10.1125479452055,26.4565479452055,21.6364931506849,15.6003287671233,20.1905753424658,3.12164383561643
"100021",7.62904109589041,9.95967123287672,28.5514520547945,22.4324383561644,14.5459726027397,21.7982465753425,0.509917808219186
"100022",8.88164383561644,9.71605479452055,30.0190684931507,23.7432328767123,14.5804931506849,22.7697534246575,1.01786301369862
"100023",7.67539726027398,10.2190684931507,28.6451506849315,22.4906301369863,14.9059726027397,21.5388493150685,0.431013698630139
"100024",3.48065753424657,14.3664657534247,22.3209863013699,17.8421917808219,20.2369315068493,16.0865753424658,2.20536986301369
"100025",4.52219178082192,12.894904109589,23.2895342465753,18.8807671232877,18.6322191780822,17.1971506849315,2.56438356164384
"100026",9.42509589041095,7.91013698630137,30.1956164383562,24.1841095890411,12.5132054794521,23.2905205479452,1.15890410958903
"100027",9.85216438356165,9.06608219178082,30.9185753424658,24.689095890411,14.1415890410959,23.9276712328767,1.51397260273973
"100028",8.81161643835617,9.56712328767124,29.6018630136986,23.5676712328767,14.6386849315069,22.6957808219178,0.564164383561653
"100029",7.90421917808218,10.1026849315069,28.7082739726027,22.6681643835616,14.9888219178082,21.737095890411,0.440876712328773
"100030",6.59539726027397,11.0288219178082,27.1952876712329,21.2991780821918,15.9179178082192,20.2931506849315,0.295890410958911
"100031",4.55178082191782,12.5792876712329,24.4543561643836,19.0908493150685,17.7258082191781,17.9398356164384,1.42027397260274
"100032",5.20569863013699,11.7478356164384,24.8774794520548,19.6974246575342,16.9515616438356,18.5059726027397,1.44591780821918
"100033",7.07572602739726,9.57304109589041,27.2357260273973,21.6601643835616,14.3802739726027,20.7192328767123,1.71715068493151
"100034",9.2722191780822,9.72098630136986,30.1038904109589,24.0361643835616,15.0401095890411,23.2303561643836,1.17567123287672
"100035",9.45271232876713,9.03254794520548,30.3997808219178,24.2561095890411,14.0133698630137,23.5637260273973,1.45972602739726
"100036",7.95057534246575,9.39945205479452,28.8088767123288,22.7362191780822,13.9334794520548,22.1681095890411,0.637150684931498
"100037",7.64580821917808,9.60756164383561,28.656,22.478794520548,13.961095890411,22.0221369863014,1.29304109589042
"100038",7.3331506849315,9.72197260273972,28.1677808219178,22.1138630136986,14.1386301369863,21.6897534246575,1.05534246575342
"100039",7.58860273972603,9.12920547945205,28.3078356164384,22.3367671232877,13.492602739726,21.9570410958904,0.390575342465745
"100040",7.42290410958904,10.6944657534247,27.6302465753425,22.0014246575342,16.1605479452055,21.1561643835616,0.934027397260273
"100041",8.20997260273973,9.07693150684931,28.8187397260274,22.9196712328767,13.8013150684932,22.464,0.178520547945205
"100042",7.07572602739726,9.48821917808219,27.5769863013698,21.7587945205479,13.9739178082192,21.3011506849315,0.725917808219172
"100043",8.42400000000001,9.86202739726027,29.325698630137,23.2155616438356,14.7915616438356,22.4521643835616,1.30191780821918
"100044",8.61731506849315,8.90926027397261,29.7251506849315,23.478904109589,13.3032328767123,23.0094246575342,2.43517808219179
"100045",7.91605479452054,8.97928767123288,28.8581917808219,22.7322739726027,13.2272876712329,22.3900273972603,1.58597260273972
"100046",8.83824657534246,9.15682191780823,29.1254794520548,23.4424109589041,14.4956712328767,22.8101917808219,0.784109589041101
"100047",7.88153424657534,8.352,28.3285479452055,22.5507945205479,12.7311780821918,22.3357808219178,0.151890410958906
"100048",6.11408219178083,9.34224657534246,26.3194520547945,20.7152876712329,13.5764383561644,20.5811506849315,1.17369863013699
"100049",6.49479452054796,10.5504657534247,26.7652602739726,21.102904109589,15.4632328767123,20.4795616438356,0.710136986301379
"100050",6.58454794520548,9.75945205479452,26.9230684931507,21.2192876712329,14.2865753424658,20.9786301369863,0.385643835616442
"100051",6.45731506849315,10.1362191780822,26.9516712328767,21.1374246575342,14.6406575342466,20.8494246575342,0.695342465753434
"100052",8.60350684931507,8.18728767123287,28.5899178082192,23.1258082191781,13.2341917808219,22.7835616438356,0.670684931506841
"100053",7.77205479452054,8.8372602739726,27.8028493150685,22.3101369863014,13.758904109589,22.0063561643836,0.296876712328768
"100054",6.63583561643835,9.01775342465753,26.7800547945205,21.2163287671233,13.3969315068493,21.1157260273973,0.448767123287674
"100055",7.00471232876712,9.18739726027398,27.4882191780822,21.6848219178082,13.5162739726027,21.4796712328767,0.293917808219177
"100056",6.66739726027397,7.99594520547946,26.9270136986301,21.2922739726027,11.8139178082192,21.4017534246575,0.0779178082191763
"100057",6.98202739726027,9.41326027397261,27.1814794520548,21.5733698630137,14.0883287671233,21.318904109589,0.586849315068498
"100058",8.28295890410958,7.85490410958904,27.9478356164384,22.7115616438356,12.8820821917808,22.4985205479452,0.542465753424665
"100059",7.45841095890411,8.99605479452054,27.0966575342466,21.8761643835617,14.1938630136986,21.5960547945206,0.514849315068503
"100060",6.38038356164383,8.62520547945206,26.0689315068493,20.8257534246575,13.1059726027397,20.8504109589041,1.08690410958904
"100061",7.37556164383561,7.80854794520548,27.5907945205479,21.981698630137,11.908602739726,21.981698630137,0.563178082191776
"100062",6.48986301369864,7.71682191780821,26.4644383561644,21.030904109589,11.5742465753425,21.2291506849315,0.28306849315068
"100063",8.06104109589041,7.75232876712329,26.7435616438356,22.1907945205479,13.5004931506849,22.0221369863014,0.378739726027398
"100064",8.18827397260273,7.6961095890411,27.4744109589041,22.5024657534246,12.9402739726027,22.3338082191781,0.432000000000002
"100065",6.96328767123288,7.81545205479453,26.3569315068493,21.3208767123288,12.4520547945205,21.3849863013699,0.388602739726025
"100066",6.80252054794521,6.87945205479452,26.3835616438356,21.2261917808219,10.843397260274,21.5250410958904,0.369863013698634
"100067",7.37753424657535,6.72361643835616,27.1351232876712,21.8524931506849,10.7250410958904,22.0675068493151,0.235726027397263
"100068",6.50367123287672,8.57884931506849,26.0620273972603,20.908602739726,13.2115068493151,20.9135342465753,0.85216438356165
"100069",9.47736986301371,6.98991780821918,28.0829589041096,23.5765479452055,13.1079452054795,23.2698082191781,0.154849315068489
"100070",10.3729315068493,6.86860273972603,29.4726575342466,24.6180821917808,12.9087123287671,24.1614246575342,0.999123287671232
"100071",7.70498630136986,7.83616438356165,26.5857534246575,21.8968767123288,13.2825205479452,21.7903561643835,0.422136986301382
"100072",7.18717808219176,6.95342465753425,26.5433424657534,21.5378630136986,11.3286575342466,21.7351232876712,0.443835616438371
"100073",6.74136986301371,6.89424657534246,26.1961643835616,21.1265753424657,10.9469589041096,21.4323287671233,0.23769863013699
"100074",6.9228493150685,7.77698630136987,26.3431232876712,21.2883287671233,12.355397260274,21.3711780821918,0.427068493150678
"100075",10.6984109589041,7.66356164383561,29.6284931506849,24.6871232876712,14.9355616438356,24.7857534246575,0.720986301369862
"100076",11.0041643835616,7.53928767123288,29.7330410958904,25.1240547945205,14.5104657534247,24.6299178082192,0.625315068493151
"100077",10.3324931506849,6.62301369863014,29.2043835616438,24.5105753424657,12.7321643835617,24.1081643835616,0.943890410958893
"100078",9.01578082191782,8.59758904109589,27.6430684931507,23.112,15.2284931506849,22.5665753424658,0.471452054794511
"100079",7.63693150684933,8.23561643835615,26.373698630137,21.7824657534247,13.961095890411,21.6029589041096,0.653917808219184
"100080",7.40219178082192,7.69709589041097,26.4368219178082,21.6453698630137,12.8012054794521,21.6355068493151,0.759452054794522
"100081",7.22169863013699,6.81139726027396,26.7376438356164,21.6226849315069,10.9952876712329,21.8465753424658,1.09775342465753
"100082",7.70104109589041,7.85490410958904,27.3412602739726,22.1276712328767,12.6345205479452,22.0359452054795,1.66487671232876
"100083",9.68843835616438,7.16350684931507,28.0553424657534,23.5499178082192,14.4729863013699,23.4128219178082,3.05063013698629
"100084",11.3493698630137,6.33698630136986,29.9470684931507,25.2177534246575,13.6563287671233,25.2167671232877,1.73490410958904
"100085",12.2567671232877,6.44054794520548,31.2184109589041,26.286904109589,13.7411506849315,26.1882739726027,0.531616438356174
"100086",11.9263561643836,6.39912328767124,30.750904109589,25.9545205479452,13.5419178082192,25.913095890411,0.622356164383554
"100087",9.43989041095891,8.22476712328768,27.576,23.1830136986301,15.8952328767123,22.7845479452055,2.32273972602739
"100088",9.23375342465752,8.17249315068493,27.4024109589041,23.0843835616438,15.4198356164384,22.9482739726027,1.46465753424658
"100089",9.46257534246575,7.68032876712329,27.734794520548,23.4542465753425,14.4088767123288,23.3092602739726,1.39857534246576
"100090",8.62816438356165,8.36778082191781,26.9092602739726,22.6237808219178,15.019397260274,22.3338082191781,1.35024657534247
"100091",8.58476712328766,8.68438356164383,27.0867945205479,22.6464657534246,15.2659726027397,22.169095890411,1.30191780821917
"100092",7.99101369863014,7.7572602739726,26.6084383561644,22.1010410958904,13.5330410958904,21.9442191780822,0.904438356164384
"100093",8.20109589041097,7.81545205479451,27.1114520547945,22.3989041095891,13.4551232876712,22.1937534246576,1.11846575342466
"100094",7.59945205479453,7.98608219178082,26.7849863013699,21.8860273972603,13.1819178082192,21.7765479452055,1.03068493150685
"100095",6.74728767123289,8.35594520547944,25.7720547945205,20.9884931506849,13.470904109589,20.9766575342466,0.973479452054796
"100096",13.7894794520548,4.64942465753424,32.9296438356164,27.9843287671233,11.3582465753425,27.7259178082192,0.662794520547948
"100097",14.8487671232877,4.33972602739726,34.2670684931507,29.0889863013699,11.2507397260274,28.7585753424658,1.5761095890411
"100098",13.6533698630137,4.23419178082192,32.7649315068493,27.7781917808219,10.9035616438356,27.7594520547945,0.542465753424651
"100099",11.8109589041096,5.02619178082192,30.5289863013698,25.7503561643835,11.7685479452055,25.8864657534247,1.60569863013698
"100100",11.6827397260274,5.26980821917807,30.3514520547945,25.6349589041096,12.0269589041096,25.7483835616439,1.45479452054793
"100101",12.0703561643836,5.57950684931507,30.859397260274,26.0797808219178,12.4786849315068,26.0462465753425,0.816657534246588
"100102",11.3030136986301,6.72460273972603,30.0397808219178,25.2828493150685,13.8752876712329,24.9938630136986,1.22301369863013
"100103",10.8108493150685,7.12208219178082,29.2211506849315,24.6713424657534,14.5716164383562,24.1624109589041,2.23890410958904
"100104",10.3887123287671,7.37358904109588,28.6638904109589,24.2235616438356,14.8221369863014,23.7244931506849,1.7674520547945
"100105",10.0444931506849,7.3331506849315,28.4330958904109,23.9878356164384,14.3033424657534,23.7461917808219,1.76646575342464
"100106",8.5147397260274,7.96734246575342,26.6429589041096,22.4600547945205,14.537095890411,22.2588493150685,2.01008219178082
"100107",8.08668493150685,8.70213698630136,26.3076164383562,22.0655342465754,15.3103561643835,21.7607671232877,1.70926027397259
"100108",7.99397260273973,8.52657534246575,26.2168767123288,21.9757808219178,15.0105205479452,21.6749589041096,1.32756164383562
"100109",8.06794520547946,7.91013698630136,26.4772602739726,22.1118904109589,13.9768767123288,21.902794520548,1.21019178082193
"100110",8.39046575342466,7.93282191780822,27.0927123287671,22.521205479452,13.8999452054795,22.2470136986301,1.19539726027399
"100111",7.94367123287674,8.81063013698629,26.7830136986302,22.1128767123288,14.8546849315068,21.7518904109589,1.05435616438358
"100112",14.4157808219178,3.41161643835616,33.3379726027397,28.5396164383562,10.058301369863,28.4104109589041,0.872876712328775
"100113",15.0657534246575,2.83956164383562,34.2700273972603,29.3197808219178,9.1469589041096,29.0603835616438,1.72208219178081
"100114",14.4532602739726,3.09106849315069,33.6141369863014,28.6668493150685,9.35901369863015,28.5465205479452,1.63923287671233
"100115",14.1139726027397,3.56547945205479,33.1732602739726,28.2417534246575,10.137205479452,28.2230136986301,1.24471232876712
"100116",13.3180273972603,5.11495890410959,32.3388493150685,27.3461917808219,12.3041095890411,27.0769315068493,0.827506849315071
"100117",12.0180821917808,5.68997260273973,30.9343561643836,26.0728767123288,12.4826301369863,25.9791780821918,1.06816438356164
"100118",10.6984109589041,6.24821917808219,29.3868493150685,24.6930410958904,12.8840547945205,24.6358356164384,0.998136986301375
"100119",9.52471232876714,7.81249315068493,27.9419178082192,23.4,14.9592328767123,22.9098082191781,2.53873972602739
"100120",9.43101369863014,8.31846575342467,27.648,23.2155616438356,15.9080547945206,22.6168767123288,2.27736986301369
"100121",8.50586301369862,8.52065753424658,26.4259726027397,22.2134794520548,16.0145753424658,21.7597808219178,1.58005479452056
"100122",9.22980821917808,8.69523287671232,27.5345753424658,23.1179178082192,16.0638904109589,22.4906301369863,2.31978082191782
"100123",9.01479452054795,8.75835616438356,27.446794520548,23.018301369863,15.7265753424658,22.4847123287671,1.29600000000001
"100124",8.13501369863015,8.78301369863013,26.4792328767123,22.1503561643836,15.342904109589,21.8406575342466,1.22597260273971
"100125",7.4347397260274,8.73369863013698,25.3232876712329,21.3159452054795,15.3488219178082,21.0545753424658,1.52284931506848
"100126",7.38246575342465,9.12920547945205,25.2966575342466,21.2695890410959,15.8824109589041,20.937205479452,0.935013698630158
"100127",7.82630136986299,8.3283287671233,26.2198356164383,21.8633424657534,14.4897534246575,21.6167671232877,1.08197260273973
"100128",8.49106849315069,8.52065753424657,27.2120547945206,22.6218082191781,14.7895890410959,22.2036164383562,1.60964383561645
"100129",8.6853698630137,7.72964383561644,26.9132054794521,22.5586849315068,14.4769315068493,22.2904109589041,2.50520547945207
"100130",8.90235616438356,9.00394520547945,27.201205479452,22.7500273972603,16.481095890411,22.1237260273973,2.76263013698631
"100131",8.24153424657534,9.06016438356165,26.2277260273973,21.9984657534247,16.5323835616438,21.4915068493151,2.33260273972603
"100132",8.20109589041095,8.79682191780822,26.2908493150685,22.0684931506849,15.8153424657534,21.6670684931507,2.0801095890411
"100133",8.46049315068494,9.072,26.8707945205479,22.4906301369863,15.8567671232877,22.2282739726027,1.71813698630137
"100134",8.16164383561645,9.05523287671232,26.7021369863014,22.2351780821918,15.5786301369863,21.8633424657534,2.30597260273973
"100135",7.91112328767123,9.33632876712328,25.7789589041096,21.7775342465754,16.4702465753425,21.290301369863,2.08306849315068
"100136",7.49391780821918,9.48624657534248,25.2996164383562,21.3435616438356,16.5521095890411,20.9105753424657,1.48142465753425
"100137",8.5729315068493,9.32745205479453,26.8806575342466,22.5685479452055,16.3735890410959,21.9550684931507,1.29501369863013
"100138",9.86794520547946,8.98816438356164,28.7171506849315,24.0223561643836,15.9987945205479,23.2214794520548,2.7014794520548
"100139",9.26630136986303,8.48909589041095,27.5681095890411,23.0804383561644,15.9948493150685,22.4827397260274,2.6028493150685
"100140",9.27024657534247,9.52964383561643,27.6430684931507,23.1110136986301,17.4180821917808,22.298301369863,2.3118904109589
"100141",8.60449315068495,9.19035616438355,26.7465205479452,22.4344109589041,16.6684931506849,21.8298082191781,2.27342465753425
"100142",7.91802739726026,8.73468493150684,25.9239452054795,21.7795068493151,15.6210410958904,21.5240547945206,1.61358904109589
"100143",8.27605479452053,9.89753424657535,26.5512328767123,22.2489863013699,17.1300821917808,21.7282191780822,1.81380821917807
"100144",8.20898630136986,9.74465753424657,26.4516164383562,22.1848767123288,16.8736438356164,21.7163835616438,2.06531506849315
"100145",7.48701369863012,9.76635616438357,25.2256438356164,21.3129863013699,17.0186301369863,20.8218082191781,2.09194520547946
"100146",7.56295890410959,9.85019178082191,25.4574246575343,21.4362739726027,17.0373698630137,20.9145205479452,1.88482191780822
"100147",8.66958904109589,10.0760547945205,26.8550136986301,22.6208219178082,17.6242191780822,21.8278356164383,1.41041095890412
"100148",8.9467397260274,9.41523287671234,27.3442191780822,22.9670136986301,16.5974794520548,22.2588493150685,1.81676712328768
"100149",7.58958904109589,9.94290410958904,25.6487671232877,21.5122191780822,17.0403287671233,20.9697534246575,1.54158904109589
"100150",9.6618082191781,8.76131506849315,28.0060273972603,23.5045479452055,16.4810958904109,22.7697534246575,1.63627397260275
"100151",9.47342465753424,9.23473972602741,27.8551232876712,23.3615342465753,16.9476164383562,22.5715068493151,1.346301369863
"100152",8.76131506849315,9.06016438356166,26.9802739726027,22.6573150684931,16.3617534246575,22.1266849315068,1.14312328767122
"100153",8.50093150684931,9.32547945205481,26.7021369863014,22.4255342465753,16.5461917808219,22.0132602739726,1.73589041095889
"100154",8.42202739726028,10.0267397260274,26.7110136986301,22.3959452054795,17.3786301369863,21.8801095890411,2.38586301369864
"100155",7.86082191780821,10.296,25.9466301369863,21.7864109589041,17.6577534246575,21.2321095890411,1.89961643835616
"100156",7.92197260273971,10.1835616438356,25.8608219178082,21.8031780821918,17.6528219178082,21.2173150684931,1.41830136986302
"100157",7.78093150684931,10.4597260273973,25.8055890410959,21.6867945205479,17.9151780821918,21.102904109589,1.52186301369863
"100158",7.87561643835616,10.5041095890411,25.876602739726,21.772602739726,18.0443835616438,21.1305205479452,1.27824657534245
"100159",7.88350684931505,9.6746301369863,25.9831232876712,21.8189589041096,16.747397260274,21.2715616438356,1.24569863013699
"100160",8.5038904109589,9.86695890410959,26.7524383561644,22.4778082191781,17.1843287671233,21.7647123287671,1.50509589041094
"100161",9.9221917808219,7.80263013698631,28.2210410958904,23.8763835616438,14.8951232876712,23.3329315068493,2.72317808219177
"100162",9.7495890410959,8.24449315068492,28.0681643835616,23.7126575342466,15.4267397260274,23.234301369863,2.88591780821918
"100163",9.25446575342467,8.89742465753424,27.5927671232877,23.2412054794521,16.0806575342466,22.8565479452055,2.7547397260274
"100164",8.55123287671232,9.74564383561644,26.8500821917808,22.5409315068493,16.985095890411,22.197698630137,2.66695890410959
"100165",8.58476712328768,10.1431232876712,26.8352876712329,22.5567123287671,17.625205479452,22.0211506849315,2.77545205479453
"100166",8.4614794520548,10.612602739726,26.683397260274,22.4215890410959,18.2801095890411,21.7716164383562,2.72416438356164
"100167",8.59364383561643,10.7447671232877,26.9911232876712,22.6050410958904,18.3797260273973,21.9964931506849,3.18180821917808
"100168",8.55517808219179,10.3847671232877,27.0483287671233,22.5991232876712,17.7494794520548,21.9087123287671,3.14531506849316
"100169",7.40515068493151,10.2762739726027,25.4653150684932,21.3267945205479,17.4417534246575,20.8129315068493,1.66290410958905
"100170",7.79769863013699,9.73380821917808,26.0146849315068,21.7696438356164,16.6901917808219,21.2301369863014,1.85030136986302
"100171",9.48328767123287,9.34915068493152,28.108602739726,23.5696438356164,16.5481643835616,22.7677808219178,2.91057534246575
"100172",8.26421917808219,10.8690410958904,26.2928219178082,22.1641643835616,18.7357808219178,21.2853698630137,1.13917808219179
"100173",9.47934246575342,8.1281095890411,27.6302465753425,23.3960547945206,15.2728767123288,22.9038904109589,2.84745205479452
"100174",9.99912328767122,7.44558904109589,28.2565479452055,23.982904109589,14.3260273972603,23.7757808219178,3.64832876712329
"100175",9.94191780821919,8.86684931506848,28.3699726027398,23.9671232876712,16.228602739726,23.5390684931507,3.92153424657535
"100176",9.53654794520548,9.97249315068494,28.0218082191781,23.5735890410959,17.6094246575342,23.0676164383562,3.82882191780821
"100177",9.08186301369862,10.6096438356164,27.4004383561644,23.0538082191781,18.5138630136986,22.3150684931507,3.16405479452055
"100178",8.68438356164383,10.2200547945205,26.8895342465753,22.6405479452055,17.8234520547945,22.0339726027397,2.95594520547945
"100179",8.43879452054794,10.3334794520548,26.8984109589041,22.4738630136986,17.6508493150685,21.938301369863,3.70849315068494
"100180",8.01665753424658,10.1756712328767,26.3648219178082,22.0231232876712,17.323397260274,21.4826301369863,3.05852054794521
"100181",7.45347945205481,10.5307397260274,25.3479452054795,21.3218630136986,17.9832328767123,20.8040547945206,1.53863013698631
"100182",7.45052054794522,10.6619178082192,25.3321643835616,21.3139726027397,18.1854246575342,20.6482191780822,1.46761643835617
"100183",8.41906849315069,9.83934246575343,26.5719452054795,22.3643835616438,17.1892602739726,21.6729863013699,2.06334246575342
"100184",8.31353424657534,9.3254794520548,26.4032876712329,22.2450410958904,16.4455890410959,21.6808767123288,1.74476712328767
"100185",8.92405479452054,7.90323287671232,26.6232328767123,22.6967671232877,15.1209863013699,22.2894246575343,1.79309589041095
"100186",10.1796164383562,7.74542465753424,28.267397260274,24.1081643835617,14.9986849315069,23.6603835616438,3.52405479452054
"100187",10.5287671232877,9.04832876712329,28.8986301369863,24.5293150684931,16.8184109589041,23.8694794520548,4.3121095890411
"100188",9.81567123287672,9.63123287671232,28.158904109589,23.8093150684932,17.3648219178082,23.2500821917808,4.00635616438356
"100189",9.21994520547945,9.73578082191781,27.4783561643836,23.1918904109589,17.3164931506849,22.7164931506849,3.66213698630136
"100190",9.45961643835618,10.1835616438356,27.7032328767123,23.421698630137,18.0966575342466,22.6908493150685,3.6295890410959
"100191",9.05523287671234,10.1352328767123,27.4221369863014,23.0577534246575,17.7277808219178,22.4482191780822,3.82684931506851
"100192",8.03736986301371,10.0218082191781,26.2109589041096,21.9905753424658,17.2622465753425,21.4816438356164,3.13643835616439
"100193",7.64876712328767,10.2200547945205,25.4298082191781,21.4826301369863,17.718904109589,20.9746849315069,1.87495890410958
"100194",7.86871232876712,10.5386301369863,25.6980821917808,21.7134246575342,18.244602739726,21.0348493150685,1.75068493150685
"100195",8.27013698630135,9.93600000000001,26.1744657534247,22.139506849315,17.4831780821918,21.4520547945205,1.89961643835615
"100196",8.65873972602739,9.50005479452056,26.5315068493151,22.5192328767123,17.0521643835617,21.8406575342466,1.78027397260273
"100197",7.68328767123289,9.45665753424657,25.3242739726028,21.4806575342466,16.7424657534247,21.0101917808219,0.994191780821922
"100198",7.41600000000001,8.6557808219178,25.1013698630137,21.2360547945206,15.4060273972603,20.9904657534247,1.17073972602739
"100199",10.2821917808219,7.78191780821918,27.8620273972603,23.9612054794521,15.8094246575342,23.2895342465753,2.30794520547946
"100200",10.5110136986301,7.8746301369863,28.2476712328767,24.2787945205479,15.789698630137,23.5469589041096,3.10290410958905
"100201",9.62136986301373,7.95649315068492,27.309698630137,23.4295890410959,15.4030684931507,22.9936438356164,3.01709589041097
"100202",9.30969863013699,9.25249315068493,27.1568219178082,23.1534246575342,17.0294794520548,22.5606575342466,3.12558904109589
"100203",8.91320547945206,9.85019178082192,26.7751232876712,22.7638356164384,17.6952328767123,22.1128767123288,3.06542465753425
"100204",8.93983561643836,10.3768767123288,26.827397260274,22.7944109589041,18.4527123287671,22.0014246575342,3.14432876712328
"100205",9.11441095890412,10.0178630136986,27.1647123287671,23.0202739726028,17.8638904109589,22.3673424657534,3.63846575342467
"100206",8.43780821917808,10.0020821917808,26.5058630136986,22.3555068493151,17.5107945205479,21.8288219178082,3.37808219178083
"100207",7.64284931506849,10.1332602739726,25.3775342465753,21.4638904109589,17.6311232876712,20.9687671232877,2.38290410958903
"100208",7.70005479452054,10.4745205479452,25.3035616438356,21.4767123287671,18.2732054794521,20.7892602739726,1.85424657534246
"100209",7.70202739726027,10.6047123287671,25.214794520548,21.4500821917808,18.5454246575342,20.7330410958904,1.29008219178083
"100210",8.18235616438358,9.99813698630135,25.6892054794521,21.9294246575343,17.8855890410959,21.2380273972603,1.23287671232877
"100211",8.64789041095891,8.98520547945206,26.2809863013699,22.4383561643836,16.5057534246575,21.8653150684932,1.57808219178082
"100212",8.84317808219178,7.96536986301369,26.718904109589,22.7155068493151,14.8892054794521,22.32,2.20734246575343
"100213",8.39835616438356,9.04339726027397,26.2523835616438,22.2588493150685,16.278904109589,21.7301917808219,1.72997260273974
"100214",11.2043835616438,7.39824657534245,28.8009863013699,24.9159452054795,15.5727123287671,24.1338082191781,2.94904109589042
"100215",10.8453698630137,8.1438904109589,28.468602739726,24.5628493150685,16.4702465753425,23.7008219178082,3.24000000000001
"100216",10.4607123287671,8.32734246575342,28.0168767123288,24.192,16.5254794520548,23.3733698630137,3.20054794520549
"100217",9.78608219178084,8.76723287671234,27.4329863013699,23.5647123287671,16.725698630137,22.9433424657534,3.24591780821918
"100218",9.69041095890412,9.07594520547944,27.5621917808219,23.5449863013699,16.9101369863014,22.974904109589,3.83572602739726
"100219",9.53950684931506,9.82356164383562,27.4872328767123,23.4128219178082,17.8678356164384,22.7046575342466,3.87616438356164
"100220",9.35901369863014,9.76241095890411,27.2534794520548,23.2175342465753,17.7415890410959,22.5024657534247,3.82093150684931
"100221",8.67945205479451,10.0760547945205,26.4654246575342,22.507397260274,17.9832328767123,21.7548493150685,3.27156164383561
"100222",8.46345205479453,9.95671232876711,26.2987397260274,22.3091506849315,17.6636712328767,21.6710136986301,3.31989041095891
"100223",8.17249315068493,10.3354520547945,25.869698630137,21.9757808219178,18.2051506849315,21.2202739726027,2.63539726027396
"100224",8.26224657534246,10.8256438356164,25.8144657534246,22.0162191780822,19.0928219178082,21.1364383561644,1.94399999999999
"100225",8.15572602739726,10.3551780821918,25.6428493150685,21.8939178082192,18.4122739726027,21.1196712328767,1.69347945205479
"100226",8.37764383561645,9.01380821917809,25.9594520547945,22.1552876712329,16.4672876712329,21.6305753424657,1.95386301369864
"100227",9.42016438356164,8.23660273972602,27.2475616438356,23.2707945205479,15.5963835616438,22.6967671232877,2.66202739726027
"100228",9.50695890410961,8.00679452054794,27.4625753424658,23.3980273972603,15.1870684931507,22.8565479452055,2.94312328767124
"100229",9.79495890410959,6.69501369863015,27.8768219178082,23.7333698630137,13.2874520547945,23.4098630136987,3.09600000000002
"100230",11.9658082191781,6.55002739726029,29.5091506849315,25.7207671232877,14.5587945205479,25.1437808219178,3.96197260273971
"100231",11.9717260273973,7.48602739726027,29.7537534246575,25.7927671232877,15.7206575342466,25.171397260274,4.56854794520549
"100232",11.8523835616438,8.63901369863015,29.7231780821918,25.6921643835616,17.2750684931507,24.8646575342466,4.55671232876712
"100233",11.2093150684931,8.7198904109589,29.0978630136986,25.0589589041096,17.0797808219178,24.4878904109589,4.57939726027396
"100234",10.5948493150685,8.80865753424656,28.5346849315069,24.4642191780822,16.8785753424657,24.0085479452055,4.61293150684932
"100235",9.77917808219178,9.30180821917808,27.5197808219178,23.5903561643836,17.3993424657534,22.9768767123288,3.90180821917808
"100236",9.69238356164385,9.01873972602739,27.4260821917808,23.5045479452055,16.9505753424657,22.8802191780822,4.06454794520549
"100237",9.39747945205478,9.57895890410958,27.0542465753425,23.184,17.7021369863014,22.3574794520548,3.58816438356165
"100238",8.2504109589041,10.029698630137,25.9042191780822,22.0418630136986,17.8313424657534,21.3327123287671,2.84449315068493
"100239",7.92789041095891,8.97534246575343,25.4791232876712,21.6996164383562,16.2305753424658,21.2764931506849,2.63243835616439
"100240",8.35397260273973,10.0198356164383,25.9367671232877,22.1227397260274,17.928,21.3672328767123,2.53084931506851
"100241",8.93194520547945,9.96164383561644,26.7524383561644,22.7697534246575,17.9003835616438,21.9363287671233,3.01709589041096
"100242",9.35210958904109,9.44876712328769,27.417205479452,23.2658630136986,17.129095890411,22.4580821917808,3.65819178082189
"100243",9.90049315068492,8.83035616438357,28.0987397260274,23.8556712328767,16.3597808219178,23.0656438356164,4.05172602739725
"100244",9.88668493150685,8.14093150684933,27.9488219178082,23.8063561643836,15.4642191780822,23.1603287671233,3.55068493150685
"100245",10.1727123287671,7.19901369863013,28.2969863013699,24.1170410958904,14.1642739726027,23.609095890411,3.50926027397261
"100246",10.3640547945205,6.74038356164384,28.3295342465753,24.2620273972603,13.7224109589041,23.8063561643836,2.70246575342465
"100247",13.2124931506849,7.19506849315067,30.5477260273973,26.8214794520548,16.4574246575342,25.6763835616438,3.75978082191783
"100248",12.1946301369863,5.79945205479451,29.4637808219178,25.8706849315069,13.8111780821918,25.5984657534246,3.97380821917808
"100249",12.8002191780822,7.12800000000001,30.8465753424658,26.6981917808219,15.3478356164384,26.1113424657534,5.39605479452054
"100250",12.9797260273973,8.28098630136986,31.0862465753425,26.8855890410959,17.0649863013699,26.1379726027397,5.23331506849316
"100251",12.2340821917808,7.64580821917808,30.2074520547945,26.1103561643836,15.9070684931507,25.6122739726027,5.14849315068493
"100252",11.3789589041096,7.64482191780823,29.3572602739726,25.2641095890411,15.5046575342466,24.8439452054795,5.02915068493149
"100253",10.6895342465753,8.34312328767123,28.4893150684932,24.5194520547945,16.365698630137,24.1012602739726,4.63068493150685
"100254",10.3088219178082,9.34717808219177,28.0030684931507,24.1012602739726,17.7514520547945,23.3437808219178,4.37523287671232
"100255",9.20416438356165,9.42608219178082,26.6597260273973,22.9315068493151,17.5660273972603,22.1651506849315,3.44416438356164
"100256",8.42301369863011,8.37271232876712,25.8706849315068,22.1641643835616,15.6693698630137,21.7933150684932,3.37019178082191
"100257",9.21008219178084,8.64394520547944,26.8481095890411,23.0005479452055,16.2631232876712,22.3801643835617,3.69567123287672
"100258",9.42115068493152,9.39846575342465,27.2258630136986,23.2540273972603,17.3164931506849,22.3308493150685,3.76175342465754
"100259",8.92504109589041,9.35605479452053,26.7780821917808,22.7776438356164,16.9821369863014,22.0734246575342,3.64734246575343
"100260",9.05326027397261,8.79090410958904,27.1548493150685,22.9857534246575,15.9948493150685,22.3791780821918,4.23813698630137
"100261",10.08,8.30860273972604,28.4547945205479,24.0923835616438,15.5224109589041,23.378301369863,4.75397260273972
"100262",10.2969863013699,7.93676712328768,28.6086575342466,24.2916164383562,15.1357808219178,23.6081095890411,4.38608219178083
"100263",10.0494246575342,8.10049315068493,28.0622465753425,23.9523287671233,15.523397260274,23.2796712328767,3.52701369863014
"100264",10.7763287671233,7.24339726027398,28.8631232876712,24.7038904109589,14.5420273972603,24.0598356164383,3.24986301369864
"100265",9.98334246575344,7.9466301369863,27.5769863013699,23.7590136986301,15.6387945205479,23.1228493150685,2.24087671232877
"100266",12.0230136986301,6.19397260273972,29.0781369863014,25.6310136986301,14.4976438356164,25.4554520547945,3.37019178082191
"100267",11.4894246575342,6.74531506849316,28.5415890410959,25.0767123287671,15.1170410958904,24.8459178082192,3.34060273972602
"100268",12.8781369863014,7.13983561643836,30.5388493150685,26.646904109589,15.7729315068493,26.2454794520548,4.76284931506848
"100269",13.7579178082192,7.96043835616437,31.6711232876713,27.5187945205479,17.3618630136986,26.8264109589041,4.43736986301369
"100270",12.8367123287671,6.74531506849316,30.5605479452055,26.6064657534247,15.1831232876712,26.3352328767123,4.59419178082192
"100271",11.4243287671233,7.19408219178082,28.9104657534246,25.1615342465753,15.3014794520548,25.0037260273973,4.05271232876713
"100272",11.7300821917808,8.40624657534246,29.4805479452055,25.5353424657534,16.9841095890411,25.0599452054795,4.89402739726027
"100273",11.9865205479452,9.93698630136986,29.9066301369863,25.8282739726027,19.1934246575342,24.774904109589,5.41873972602741
"100274",10.2180821917808,9.18345205479453,27.8580821917808,23.9957260273972,17.5186849315069,23.2569863013699,4.59715068493151
"100275",9.52372602739725,8.08865753424658,27.1114520547945,23.3013698630137,15.6407671232877,22.8486575342466,4.50739726027396
"100276",9.45961643835615,8.22476712328768,27.0828493150685,23.2471232876712,15.7788493150685,22.6622465753425,4.31408219178081
"100277",9.35802739726027,9.30575342465754,27.0966575342466,23.1721643835616,17.2119452054795,22.3052054794521,4.01128767123286
"100278",8.81950684931508,9.64306849315069,26.6587397260274,22.6661917808219,17.3658082191781,21.8347397260274,3.81501369863015
"100279",8.75638356164383,8.78498630136987,26.5374246575342,22.5941917808219,16.1319452054795,22.0428493150685,4.0162191780822
"100280",9.58487671232878,8.95265753424657,27.6085479452055,23.4877808219178,16.5471780821918,22.7342465753425,4.56460273972603
"100281",10.0218082191781,8.56109589041097,28.3206575342466,24.0085479452055,15.9327123287671,23.2520547945205,4.98575342465755
"100282",9.65391780821918,8.14290410958904,27.7288767123288,23.5795068493151,15.3488219178082,22.9818082191781,4.25391780821917
"100283",10.3768767123288,7.74049315068496,28.4143561643836,24.2886575342466,15.1288767123288,23.622904109589,4.09808219178083
"100284",11.6363835616438,6.91594520547946,29.9983561643836,25.6438356164384,14.2175342465753,24.8942465753425,4.90684931506851
"100285",11.649205479452,6.16832876712328,29.7320547945205,25.5767671232877,13.3752328767123,24.9751232876712,4.13358904109589
"100286",11.7113424657534,5.61008219178082,29.498301369863,25.5521095890411,12.8515068493151,25.0471232876712,2.90268493150685
"100287",13.2973150684931,5.38520547945207,30.7824657534246,27.0335342465753,13.5241643835616,26.784,4.71057534246575
"100288",12.1009315068493,6.18509589041096,29.3316164383562,25.7424657534247,14.4207123287671,25.6941369863014,4.00931506849314
"100289",12.8248767123287,4.64942465753425,29.9214246575342,26.402301369863,12.7163835616438,26.5768767123288,3.91758904109589
"100290",14.2244383561644,3.61873972602739,31.529095890411,27.8679452054794,11.6580821917808,27.9567123287671,4.40778082191781
"100291",14.3418082191781,4.73128767123288,31.9798356164384,28.0316712328767,13.1769863013699,27.979397260274,4.57643835616437
"100292",12.3455342465754,6.22356164383562,29.6600547945205,25.9209863013699,14.7747945205479,25.7335890410959,3.13742465753424
"100293",11.2734246575342,6.95046575342465,28.4962191780822,24.8912876712329,15.2275068493151,24.6634520547945,3.24591780821918
"100294",11.0732054794521,8.54235616438355,28.4873424657534,24.7670136986301,17.2109589041096,24.1150684931507,3.96591780821917
"100295",10.0573150684931,8.26520547945208,27.3274520547945,23.7304109589041,16.4268493150685,23.1198904109589,4.07243835616437
"100296",10.3364383561644,8.40821917808218,27.964602739726,24.1160547945206,16.4495342465753,23.4424109589041,5.09819178082192
"100297",9.80580821917808,8.02356164383562,27.3698630136986,23.5735890410959,15.696,22.9571506849315,4.71057534246576
"100298",9.06312328767125,8.46936986301368,26.5975890410959,22.824,16.0303561643836,22.241095890411,4.33282191780823
"100299",9.08383561643835,8.94082191780822,26.6488767123288,22.8506301369863,16.704,22.0684931506849,4.43342465753425
"100300",8.53347945205479,10.2348493150685,25.7345753424657,22.1809315068493,18.6637808219178,21.3228493150685,3.32482191780822
"100301",9.91134246575341,9.25939726027399,27.8827397260274,23.7935342465753,17.1941917808219,22.8220273972603,5.03013698630136
"100302",10.6688219178082,8.64098630136988,29.1353424657534,24.7019178082192,16.2009863013699,23.7964931506849,5.99276712328768
"100303",10.0336438356164,8.2346301369863,28.3088219178082,24.0164383561644,15.4819726027397,23.3250410958904,5.55287671232875
"100304",10.1786301369863,8.3756712328767,28.224,24.0884383561644,15.9573698630137,23.3319452054795,4.96010958904111
"100305",10.6471232876712,7.45742465753426,28.7408219178082,24.5756712328767,14.788602739726,23.9138630136986,5.11890410958904
"100306",10.7437808219178,6.63780821917807,28.6954520547945,24.6348493150685,13.7598904109589,24.1209863013699,4.65336986301369
"100307",12.3593424657534,5.78860273972603,30.5901369863013,26.3293150684931,13.0181917808219,25.6625753424657,4.69183561643837
"100308",12.9570410958904,4.64054794520547,31.4324383561644,27.0069041095891,11.3986849315068,26.4604931506849,4.91671232876712
"100309",14.8951232876712,3.61183561643836,32.522301369863,28.6767123287671,11.5426849315069,28.3591232876712,5.9335890410959
"100310",12.7933150684931,4.90389041095891,29.9667945205479,26.4417534246575,12.8613698630137,26.4141369863014,4.35353424657534
"100311",14.7274520547945,2.15605479452053,31.8190684931507,28.3591232876712,9.55035616438356,28.5356712328767,4.95123287671233
"100312",20.4312328767124,5.69490410958903,38.620602739726,34.387397260274,5.18104109589039,34.027397260274,9.7762191780822
"100313",20.5900273972603,5.73336986301371,38.9135342465753,34.5826849315069,5.79353424657533,34.1625205479452,9.55627397260274
"100314",16.3814794520548,2.97567123287673,33.6881095890411,30.0101917808219,9.62334246575344,30.1275616438356,4.48372602739724
"100315",12.4175342465753,4.24109589041096,29.3444383561644,25.9584657534246,12.0516164383562,26.1675616438356,2.59397260273973
"100316",11.0988493150685,6.13282191780822,28.0780273972603,24.6881095890411,14.0557808219178,24.6397808219178,2.93720547945206
"100317",10.7447671232877,6.75123287671232,27.7979178082192,24.3586849315069,14.7235068493151,24.054904109589,3.63452054794521
"100318",11.1018082191781,7.8371506849315,28.6175342465753,24.8449315068493,16.0668493150685,24.2215890410959,5.17512328767124
"100319",11.3247123287671,8.30761643835618,29.1175890410959,25.1477260273973,16.6132602739726,24.2363835616438,5.89709589041095
"100320",10.2792328767123,8.74158904109589,27.8482191780822,24.0381369863014,16.9614246575343,23.1731506849315,5.1041095890411
"100321",9.60854794520547,9.20120547945204,26.9723835616438,23.306301369863,17.5058630136986,22.4797808219178,4.46794520547945
"100322",9.49315068493151,8.50191780821918,26.8609315068493,23.1987945205479,16.4248767123288,22.4689315068493,4.40087671232878
"100323",9.86893150684932,8.46147945205479,27.6371506849315,23.694904109589,16.1861917808219,22.9107945205479,4.91473972602741
"100324",11.0130410958904,8.85501369863015,29.3099178082192,24.9889315068493,16.8243287671233,23.9631780821918,6.14071232876711
"100325",10.0938082191781,9.28306849315069,28.1184657534247,23.9898082191781,17.2661917808219,23.0607123287671,5.33884931506849
"100326",10.569205479452,8.97238356164385,28.5800547945205,24.4592876712329,17.0432876712329,23.4956712328767,5.27769863013697
"100327",10.5751232876712,7.8371506849315,28.6599452054795,24.4977534246575,15.3192328767123,23.7718356164384,5.45917808219178
"100328",10.677698630137,7.02739726027396,28.7694246575342,24.6092054794521,14.1751232876712,24.0312328767123,5.43254794520549
"100329",11.9184657534247,6.04405479452055,30.0782465753425,25.8677260273973,13.2499726027397,25.2384657534246,5.26093150684932
"100330",13.0566575342466,5.12186301369863,31.457095890411,27.078904109589,12.2163287671233,26.4092054794521,5.86652054794521
"100331",12.6562191780822,4.49950684931507,31.0645479452055,26.690301369863,11.1126575342466,26.2346301369863,5.43452054794523
"100332",13.0448219178082,5.01139726027397,29.9026849315069,26.5719452054795,13.4738630136986,26.5916712328767,3.69961643835617
"100333",12.5418082191781,4.17106849315067,29.4775890410959,26.1261369863014,11.8839452054794,26.301698630137,3.95408219178083
"100334",19.5031232876712,3.87517808219178,37.9528767123288,33.5608767123288,4.05172602739725,33.393205479452,10.8305753424658
"100335",17.2967671232877,2.83857534246575,34.7986849315068,30.9678904109589,9.74169863013698,30.9175890410959,7.39627397260276
"100336",17.7139726027397,2.34739726027397,35.1695342465753,31.4038356164383,11.8553424657534,31.1168219178082,5.87145205479453
"100337",22.291397260274,5.08438356164382,39.7775342465753,36.0404383561644,4.84668493150686,36.0818630136986,8.12909589041095
"100338",21.3711780821918,4.23024657534245,39.1739178082191,35.2168767123287,4.11484931506848,35.0758356164384,7.27397260273973
"100339",15.6644383561644,2.68372602739726,33.0144657534247,29.3681095890411,9.61150684931505,29.310904109589,4.61293150684934
"100340",12.8416438356164,4.16712328767123,30.1186849315068,26.5275616438356,11.7133150684931,26.4812054794521,4.35254794520549
"100341",12.146301369863,6.12394520547944,29.8119452054794,25.941698630137,13.910794520548,25.4939178082192,5.51046575342465
"100342",11.9786301369863,7.34301369863014,29.6689315068493,25.7730410958904,15.5963835616438,25.0471232876712,5.92372602739727
"100343",10.6224657534247,8.65972602739726,27.9695342465753,24.3113424657534,17.1991232876712,23.3861917808219,5.10509589041096
"100344",10.2900821917808,8.60547945205478,27.8580821917808,24.0499726027397,16.7681095890411,23.2106301369863,5.28953424657536
"100345",10.123397260274,8.0452602739726,27.626301369863,23.8694794520548,15.9297534246575,23.1277808219178,5.12383561643834
"100346",10.3167123287671,7.90520547945206,28.0780273972603,24.141698630137,15.5855342465753,23.4473424657534,5.49369863013699
"100347",10.9893698630137,7.99495890410958,29.0761643835616,24.9080547945206,15.7403835616438,24.062794520548,6.19693150684931
"100348",10.9114520547945,8.1971506849315,28.9311780821918,24.8084383561644,16.0599452054795,23.9355616438356,5.9118904109589
"100349",10.4133698630137,8.49205479452054,28.296,24.2699178082192,16.3814794520548,23.4355068493151,5.3654794520548
"100350",10.7822465753425,8.40427397260275,28.8996164383562,24.7088219178082,16.2157808219178,23.8211506849315,5.73928767123286
"100351",10.7556164383562,7.70794520547945,28.7299726027397,24.6447123287671,15.3113424657534,23.9049863013699,5.49567123287672
"100352",11.7162739726027,7.05895890410959,29.7389589041096,25.6172054794521,14.7649315068493,24.8143561643836,5.54301369863015
"100353",13.0694794520548,6.12295890410958,31.4531506849315,27.0779178082192,13.7026849315069,26.1961643835616,6.45041095890411
"100354",13.5655890410959,4.27167123287673,32.2441643835616,27.676602739726,10.9607671232877,27.0848219178082,6.85380821917808
"100355",12.3080547945206,3.03484931506848,30.7193424657534,26.3579178082192,8.8027397260274,26.2819726027397,5.64854794520548
"100356",12.1285479452055,2.99046575342464,30.3997808219178,26.1369863013699,8.78104109589042,26.1044383561644,5.02816438356164
"100357",21.7321643835616,4.50147945205478,39.571397260274,35.589698630137,4.24898630136985,35.4664109589041,11.4223561643835
"100358",19.396602739726,5.42564383561646,36.4004383561644,32.8477808219178,8.24942465753423,33.041095890411,7.04120547945206
"100359",21.938301369863,7.04810958904109,39.0575342465753,35.4378082191781,7.15167123287669,35.2287123287671,7.95254794520548
"100360",26.3293150684932,6.58849315068495,45.0009863013699,40.4215890410959,6.26301369863013,39.5191232876712,12.6581917808219
"100361",19.7852054794521,4.33183561643835,38.6284931506849,33.9583561643836,4.45216438356165,33.6575342465754,11.3010410958904
"100362",14.6465753424657,3.63649315068493,32.9631780821918,28.6421917808219,10.8522739726027,27.9488219178082,7.93479452054795
"100363",13.0635616438356,6.29950684931508,30.9126575342466,26.906301369863,14.4305753424658,26.1478356164383,6.89621917808221
"100364",11.0209315068493,6.75024657534249,28.5978082191781,24.7936438356164,14.3852054794521,24.2472328767123,6.16142465753424
"100365",10.5494794520548,8.63210958904109,28.3867397260274,24.3902465753425,16.6911780821918,23.5459726027397,6.31430136986302
"100366",10.8779178082192,7.8371506849315,28.8009863013699,24.7492602739726,15.6042739726027,23.9552876712329,6.59539726027398
"100367",11.2517260273973,7.57282191780821,29.2773698630137,25.1526575342466,15.2975342465754,24.3389589041096,6.73150684931508
"100368",10.9765479452055,7.27200000000001,28.9765479452055,24.8745205479452,14.7521095890411,24.1811506849315,6.68515068493151
"100369",11.6797808219178,7.3518904109589,29.8642191780822,25.6290410958904,15.0322191780822,24.774904109589,7.09249315068493
"100370",11.1185753424657,7.46334246575343,29.282301369863,25.0648767123288,14.9533150684932,24.3054246575342,6.61315068493151
"100371",10.7792876712329,8.0107397260274,28.850301369863,24.6950136986301,15.6802191780822,23.8901917808219,6.10323287671234
"100372",10.7871780821918,7.50279452054797,28.7260273972603,24.6664109589041,15.0578630136986,23.9621917808219,5.83101369863013
"100373",11.1856438356165,7.1891506849315,29.1353424657534,25.0678356164384,14.7747945205479,24.3192328767123,5.77479452054796
"100374",11.8257534246575,6.35178082191781,29.9944109589041,25.7769863013699,13.651397260274,25.1013698630137,6.1998904109589
"100375",11.9105753424658,4.98476712328767,30.2212602739726,25.9160547945205,11.5624109589041,25.5126575342466,6.32219178082191
"100376",11.1590136986301,3.31495890410959,29.4095342465753,25.1664657534247,8.82345205479453,25.2680547945205,5.71167123287671
"100377",11.4716712328767,3.2695890410959,29.7557260273972,25.4870136986301,8.87276712328769,25.5333698630137,5.59824657534246
"100378",19.1894794520548,6.06772602739727,36.0453698630137,32.7294246575343,6.52931506849315,32.8477808219178,9.35013698630137
"100379",19.339397260274,5.0054794520548,36.1804931506849,32.8053698630137,8.85402739726027,32.8073424657534,9.51780821917811
"100380",15.422794520548,5.08043835616436,32.0715616438356,28.8138082191781,15.2758356164383,27.7772054794521,7.17632876712332
"100381",14.8596164383562,3.53687671232878,31.9788493150685,28.4853698630137,11.8652054794521,28.2881095890411,8.95857534246574
"100382",15.7926575342466,2.24087671232877,34.3134246575342,29.8533698630137,9.16175342465755,29.2162191780822,10.0454794520548
"100383",14.8832876712329,4.09906849315067,33.0549041095891,28.8276164383562,11.7675616438356,28.0277260273973,8.99605479452056
"100384",12.6039452054795,5.47791780821917,30.6335342465753,26.5127671232877,12.8544657534247,25.854904109589,8.05413698630139
"100385",11.5555068493151,7.0638904109589,29.5032328767123,25.4347397260274,14.7629589041096,24.6782465753425,7.73161643835617
"100386",12.0358356164384,7.47320547945206,30.2311232876712,25.9841095890411,15.3665753424658,25.0313424657534,8.36975342465755
"100387",12.1798356164384,7.26706849315067,30.384,26.1310684931507,15.1219726027397,25.1911232876712,8.23068493150684
"100388",11.7221917808219,6.82323287671231,29.822794520548,25.6497534246575,14.3536438356164,24.8952328767124,7.82038356164384
"100389",12.1127671232877,7.31539726027398,30.318904109589,26.0649863013698,15.1614246575343,25.1289863013698,7.99298630136985
"100390",12.2478904109589,7.82531506849315,30.5329315068493,26.2188493150685,15.9011506849315,25.149698630137,7.95452054794519
"100391",11.6748493150685,8.2346301369863,29.8119452054795,25.6014246575342,16.3647123287671,24.5638356164384,7.26509589041096
"100392",11.6837260273973,7.47024657534247,29.886904109589,25.6369315068493,15.1910136986301,24.7591232876712,7.27200000000001
"100393",11.4332054794521,6.64668493150684,29.6521643835617,25.4002191780822,13.8555616438356,24.7472876712329,7.04120547945206
"100394",11.5308493150685,5.45326027397262,29.9372054794521,25.5649315068493,11.9875068493151,25.1457534246575,7.29271232876711
"100395",11.6432876712329,5.36054794520548,30.0585205479452,25.6803287671233,11.8957808219178,25.2562191780822,7.05501369863015
"100396",10.9232876712329,4.32394520547945,29.1422465753425,24.9149589041096,10.2190684931507,24.8538082191781,6.41194520547946
"100397",11.6482191780822,4.57052054794522,30.0082191780822,25.675397260274,10.7921095890411,25.4140273972603,6.70093150684932
"100398",11.829698630137,3.93336986301371,30.2370410958904,25.8746301369863,9.90246575342466,25.7099178082192,6.57172602739726
"100399",11.5515616438356,3.66608219178082,29.7715068493151,25.5432328767124,9.54739726027395,25.6024109589041,6.09041095890413
"100400",13.5251506849315,5.88624657534245,30.4096438356164,27.0700273972603,14.8951232876712,26.8234520547945,9.64898630136987
"100401",16.4307945205479,3.71539726027396,33.4878904109589,30.0220273972603,12.9116712328767,29.6363835616438,11.1264657534247
"100402",18.1479452054795,2.7172602739726,36.5888219178082,32.1692054794521,9.4694794520548,31.2608219178082,13.2026301369863
"100403",14.6495342465753,3.79923287671232,32.9049863013699,28.6254246575343,11.1481643835616,27.8995068493151,9.78706849315068
"100404",13.2687123287671,5.09424657534247,31.2154520547945,27.1499178082192,12.6759452054795,26.5285479452055,8.53939726027396
"100405",12.7558356164384,5.91682191780821,30.8337534246575,26.6745205479452,13.5261369863014,25.9061917808219,8.88065753424658
"100406",12.0161095890411,7.14476712328766,30.0614794520548,25.9209863013698,15.0085479452055,25.0638904109589,8.70904109589041
"100407",11.2270684931507,7.12010958904111,29.1846575342466,25.1112328767123,14.6850410958904,24.3961643835617,8.17643835616438
"100408",12.0447123287671,6.96624657534247,30.312,26.0186301369863,14.5647123287671,25.171397260274,8.85402739726027
"100409",12.5289863013699,7.31638356164383,30.7084931506849,26.4693698630137,15.3803835616438,25.4455890410959,8.74257534246576
"100410",12.4984109589041,7.52449315068492,30.7292054794521,26.452602739726,15.6230136986301,25.3933150684932,8.53742465753425
"100411",12.837698630137,8.28394520547945,31.4166575342466,26.8895342465754,16.5846575342466,25.6083287671233,9.01183561643836
"100412",11.9677808219178,7.45150684931505,30.3179178082192,25.9643835616438,15.1653698630137,25.0333150684932,8.31254794520549
"100413",11.9273424657534,6.62597260273974,30.3899178082192,25.9653698630137,13.8387945205479,25.2187397260274,8.59561643835615
"100414",11.5476164383562,6.1121095890411,30.067397260274,25.610301369863,12.859397260274,25.0520547945205,8.40920547945205
"100415",11.6186301369863,5.25895890410959,30.1916712328767,25.7049863013699,11.5959452054795,25.3114520547945,8.29282191780823
"100416",12.0950136986301,4.64153424657535,30.7814794520548,26.2178630136986,10.8147945205479,25.8558904109589,8.36679452054794
"100417",12.8643287671233,4.32295890410958,31.7342465753425,27.0394520547945,10.5425753424658,26.5877260273973,8.62717808219179
"100418",12.8968767123288,4.17895890410959,31.6770410958904,27.0453698630137,10.4252054794521,26.6271780821918,8.28789041095889
"100419",11.8602739726027,3.94915068493152,30.189698630137,25.8805479452055,10.0070136986301,25.9160547945205,6.96427397260274
"100420",19.7733698630137,2.83167123287672,37.7230684931507,33.6279452054795,10.8295890410959,32.7333698630137,15.1111232876712
"100421",20.498301369863,4.46597260273974,39.5053150684931,34.6901917808219,7.11024657534247,33.624,16.8312328767123
"100422",15.0302465753425,2.67189041095891,33.1683287671233,28.9755616438356,9.77720547945204,28.4064657534246,10.5258082191781
"100423",14.3635068493151,3.88701369863013,32.6021917808219,28.3354520547945,11.1570410958904,27.6470136986301,10.1480547945206
"100424",12.8840547945206,6.264,30.9254794520548,26.7879452054795,14.1258082191781,26.0048219178082,9.33041095890411
"100425",12.5457534246575,7.16153424657536,30.7795068493151,26.5038904109589,15.1121095890411,25.5156164383561,9.50893150684931
"100426",12.1739178082192,7.34695890410958,30.3958356164384,26.1300821917808,15.2215890410959,25.1753424657534,9.28405479452056
"100427",11.7606575342466,6.92679452054794,29.8523835616438,25.6832876712329,14.5301917808219,24.9001643835616,8.82246575342467
"100428",11.7468493150685,6.32810958904109,29.8780273972603,25.6872328767123,13.6139178082192,25.0323287671233,8.83627397260274
"100429",12.8801095890411,7.80953424657534,31.3436712328767,26.9003835616438,16.012602739726,25.7069589041096,9.57106849315069
"100430",12.1206575342466,7.26509589041095,30.3899178082192,26.092602739726,15.0361643835616,25.1487123287671,9.09665753424657
"100431",12.124602739726,6.5549589041096,30.6246575342466,26.1734794520548,13.7924383561644,25.401205479452,9.5651506849315
"100432",12.0545753424658,6.33994520547947,30.7282191780822,26.1596712328767,13.2933698630137,25.4505205479452,9.60854794520549
"100433",12.0831780821918,6.06180821917808,30.6532602739726,26.157698630137,12.988602739726,25.4988493150685,9.13216438356164
"100434",12.2459178082192,5.30728767123287,30.8386849315068,26.3322739726027,11.9411506849315,25.7986849315068,8.9467397260274
"100435",12.0999452054794,4.87331506849316,30.6769315068493,26.186301369863,11.2517260273973,25.8124931506849,8.4772602739726
"100436",11.649205479452,4.45117808219179,30.1403835616438,25.7168219178082,10.5011506849315,25.6576438356164,7.9624109589041
"100437",18.6933698630137,4.03495890410959,36.5030136986302,32.5262465753425,8.3115616438356,32.0301369863014,14.9710684931507
"100438",18.5661369863014,3.3228493150685,36.6864657534247,32.4897534246576,9.00493150684933,31.8003287671233,14.118904109589
"100439",17.0265205479452,2.22115068493152,35.7997808219178,31.154301369863,9.47934246575342,30.2695890410959,13.9877260273973
"100440",14.0469041095891,5.07550684931506,32.2412054794521,27.9971506849315,12.7903561643836,27.2199452054795,10.5810410958904
"100441",13.7224109589041,6.10027397260274,31.7717260273973,27.6223561643835,14.2678356164384,26.7642739726027,9.87386301369864
"100442",12.9146301369863,7.04909589041097,30.9895890410959,26.8214794520548,15.2590684931507,25.8726575342466,9.52865753424658
"100443",11.6058082191781,6.72164383561643,29.4884383561644,25.4672876712329,14.3437808219178,24.8025205479452,8.69523287671234
"100444",12.2666301369863,7.13687671232877,30.4678356164384,26.2168767123288,14.976,25.2917260273972,9.48427397260274
"100445",12.6907397260274,6.90805479452055,31.1779726027397,26.7277808219178,14.5844383561644,25.7631780821918,10.3354520547945
"100446",12.5368767123288,7.2315616438356,31.0724383561644,26.5867397260274,14.9434520547945,25.5876164383562,10.3660273972603
"100447",12.1729315068493,6.13479452054794,30.7282191780822,26.2415342465753,13.1523287671233,25.5491506849315,10.2141369863014
"100448",12.5358904109589,6.08942465753425,31.2627945205479,26.654794520548,13.1020273972603,25.8992876712329,10.3492602739726
"100449",12.8061369863014,6.10224657534246,31.5537534246575,26.9289863013699,13.2282739726027,26.1705205479452,10.123397260274
"100450",13.4334246575342,5.97797260273973,32.1928767123288,27.5552876712329,13.3249315068493,26.8333150684932,9.9971506849315
"100451",13.2065753424658,5.48975342465752,31.8003287671233,27.2840547945206,12.6522739726027,26.8096438356164,9.27024657534247
"100452",12.2912876712329,5.22345205479451,30.7755616438356,26.3224109589041,11.9983561643836,26.1695342465754,8.48219178082192
"100453",11.1807123287671,5.16526027397262,29.6275068493151,25.1792876712329,11.5229589041096,25.3242739726027,7.96635616438355
"100454",16.0737534246576,3.53391780821916,34.3193424657535,30.0368219178082,11.4282739726027,29.0643287671233,13.9561643835617
"100455",15.652602739726,2.40263013698632,34.2226849315069,29.7281095890411,9.28898630136987,29.088,14.9750136986301
"100456",13.5843287671233,3.66706849315068,31.7618630136986,27.5464109589041,10.5277808219178,27.0877808219178,14.2461369863014
"100457",13.9423561643836,3.50827397260275,31.9443287671233,27.8482191780822,10.6175342465753,27.4813150684931,14.3378630136986
"100458",17.8362739726027,2.8612602739726,36.2110684931507,31.8289315068493,11.1461917808219,30.9866301369863,16.8174246575342
"100459",16.8105205479452,2.74980821917808,34.5392876712329,30.614794520548,11.0801095890411,30.1729315068493,14.8961095890411
"100460",16.8716712328767,3.66115068493151,35.3894794520548,30.9106849315068,11.7429041095891,29.9953972602739,16.3449863013699
"100461",17.9704109589041,3.20252054794521,37.3236164383562,32.2826301369863,7.0451506849315,31.5517808219178,17.6794520547945
"100462",17.3125479452055,2.2507397260274,36.2623561643836,31.4955616438356,8.91912328767124,30.6325479452055,13.902904109589
"100463",14.0804383561644,6.72657534246575,32.1465205479452,27.9774246575342,15.336,26.8836164383562,10.2969863013699
"100464",12.8929315068493,7.05698630136986,30.859397260274,26.7662465753425,15.3567123287671,25.7158356164384,9.82060273972604
"100465",12.8002191780822,7.45939726027397,31.0645479452055,26.7632876712329,15.6397808219178,25.6546849315068,10.2624657534246
"100466",13.2026301369863,7.51758904109589,31.8644383561644,27.2840547945205,15.5589041095891,26.0886575342466,11.253698630137
"100467",12.3918904109589,6.99682191780822,30.9955068493151,26.4664109589041,14.4710136986301,25.5235068493151,10.8808767123288
"100468",11.6531506849315,6.33304109589044,29.9786301369863,25.653698630137,13.4048219178082,25.0224657534246,10.0178630136986
"100469",12.7834520547945,6.1012602739726,31.4659726027397,26.8865753424658,13.2736438356164,26.0758356164384,10.8838356164384
"100470",12.7558356164384,6.25019178082192,31.4146849315069,26.8500821917808,13.4985205479452,26.0363835616438,10.3739178082192
"100471",13.0211506849315,5.82213698630137,31.6040547945206,27.093698630137,13.0625753424657,26.323397260274,9.81172602739724
"100472",18.5602191780822,3.64241095890412,37.8019726027398,32.8408767123288,6.05490410958905,32.1780821917808,17.2336438356164
"100473",15.7236164383561,2.58509589041095,34.0550136986301,29.7241643835617,9.80087671232876,29.0248767123288,15.6072328767123
"100474",15.8005479452055,3.21534246575344,34.0264109589041,29.7616438356165,10.8522739726027,29.0436164383562,16.0944657534246
"100475",17.8530410958904,2.61172602739724,36.5789589041096,31.9561643835617,10.4764931506849,30.9412602739726,18.4329863013698
"100476",16.926904109589,3.22619178082192,35.417095890411,30.96,11.1560547945205,30.0940273972603,18.590794520548
"100477",15.2748493150685,5.46706849315068,33.7936438356165,29.3118904109589,13.6444931506849,28.3315068493151,17.4062465753425
"100478",15.0844931506849,5.11989041095889,33.5342465753425,29.1047671232877,13.110904109589,28.1470684931507,15.796602739726
"100479",15.761095890411,4.31605479452054,34.0352876712329,29.7281095890411,12.4027397260274,28.8147945205479,14.8221369863014
"100480",14.868493150685,5.85468493150682,33.285698630137,28.8739726027397,14.1139726027397,27.7663561643836,12.2883287671233
"100481",14.6524931506849,8.33917808219178,33.0785753424658,28.6412054794521,17.6429589041096,27.0364931506849,11.8336438356164
"100482",14.4562191780822,8.15276712328766,33.0657534246575,28.505095890411,17.1162739726027,26.9615342465753,12.0644383561644
"100483",14.1701917808219,7.69808219178081,32.8931506849315,28.2604931506849,16.2167671232877,26.8382465753425,12.1561643835616
"100484",12.4323287671233,7.15068493150686,30.6345205479452,26.3815890410959,15.0716712328767,25.4130410958904,10.5889315068493
"100485",12.8505205479452,6.62794520547946,31.2361643835616,26.8569863013699,14.3388493150685,25.9150684931507,10.9597808219178
"100486",13.3101369863014,6.43660273972603,31.9532054794521,27.3935342465753,14.0429589041096,26.402301369863,11.3296438356164
"100487",12.6670684931507,6.5332602739726,31.154301369863,26.7070684931507,14.0242191780822,25.826301369863,10.2545753424657
"100488",12.6976438356164,6.25315068493151,31.0221369863014,26.6893150684932,13.7727123287671,25.8568767123288,9.47638356164384
"100489",11.9697534246575,5.70082191780821,30.0989589041096,25.9012602739726,12.8307945205479,25.3311780821918,8.48219178082191
"100490",16.1625205479452,5.27671232876712,34.4623561643836,30.1255890410959,13.9719452054794,28.8138082191781,15.3133150684932
"100491",14.7698630136986,4.53994520547946,32.6505205479452,28.6224657534246,12.6187397260274,27.8334246575343,14.537095890411
"100492",14.9118904109589,4.40876712328767,32.7205479452055,28.7418082191781,12.5556164383562,28.0592876712329,15.414904109589
"100493",16.6122739726027,2.46082191780822,35.380602739726,30.7400547945205,9.64405479452056,29.8918356164383,18.820602739726
"100494",15.0854794520548,4.269698630137,33.7019178082192,29.1639452054794,11.7172602739726,28.2535890410959,18.626301369863
"100495",15.8153424657534,5.98783561643836,34.6704657534247,29.9460821917808,14.3595616438356,28.5297534246575,18.3856438356164
"100496",14.8310136986301,5.5844383561644,33.2590684931507,28.8424109589041,13.6908493150685,27.7357808219178,15.1574794520548
"100497",14.9335890410959,5.78268493150686,33.774904109589,29.0702465753424,13.6652054794521,27.8797808219178,13.9837808219178
"100498",14.4098630136986,7.27791780821919,33.0598356164383,28.4794520547945,15.7778630136986,27.0838356164384,12.9008219178082
"100499",13.673095890411,8.186301369863,31.9906849315069,27.6381369863014,17.0610410958904,26.3480547945206,11.685698630137
"100500",13.7115616438356,7.27594520547947,32.1445479452055,27.72,15.6437260273973,26.4772602739726,11.8385753424657
"100501",12.7173698630137,7.49194520547945,30.8298082191781,26.633095890411,15.7818082191781,25.5323835616438,10.6244383561644
"100502",13.3555068493151,7.21183561643835,31.7638356164384,27.36,15.4050410958904,26.1912328767123,11.3631780821918
"100503",13.3791780821918,7.21084931506849,31.9186849315068,27.4241095890411,15.3004931506849,26.2533698630137,11.4302465753425
"100504",12.5526575342466,6.9869589041096,31.0112876712329,26.5808219178082,14.6613698630137,25.6280547945206,10.2082191780822
"100505",12.246904109589,6.48098630136987,30.5240547945206,26.2267397260274,13.9384109589041,25.4386849315069,9.4477808219178
"100506",12.5437808219178,5.99967123287671,30.8603835616438,26.5374246575343,13.3377534246575,25.7888219178082,9.34027397260273
"100507",11.4213698630137,7.07178082191781,30.0871232876712,25.4998356164383,14.1435616438356,25.0037260273973,10.9637260273973
"100508",14.7027945205479,4.49950684931508,32.6455890410959,28.5751232876712,12.4727671232877,27.6805479452055,13.5823561643836
"100509",15.0657534246575,4.20361643835616,33.0529315068493,28.9518904109589,12.1699726027397,28.0652054794521,14.4345205479452
"100510",16.9387397260274,1.77139726027399,35.8540273972603,31.1158356164384,8.496,30.3701917808219,18.0700273972603
"100511",14.853698630137,4.80526027397261,33.1772054794521,28.8394520547945,12.6532602739726,27.8580821917808,17.6291506849315
"100512",15.0844931506849,5.72153424657535,33.4070136986301,29.0603835616438,14.1041095890411,27.8728767123288,17.7021369863014
"100513",17.3362191780822,3.60197260273972,36.5345753424658,31.5803835616438,11.2684931506849,30.3524383561644,19.590904109589
"100514",14.284602739726,4.84076712328769,33.1387397260274,28.4380273972603,11.9717260273973,27.5809315068493,15.8133698630137
"100515",16.4081095890411,4.07145205479452,35.7060821917808,30.6867945205479,11.4381369863014,29.5574794520548,16.5511232876712
"100516",14.205698630137,6.37841095890413,32.8122739726027,28.2713424657534,14.4069041095891,27.1025753424658,12.8968767123288
"100517",12.9550684931507,7.25523287671231,31.010301369863,26.8540273972603,15.5973698630137,25.7562739726028,10.8019726027397
"100518",12.7696438356164,7.53928767123288,30.8100821917808,26.6626849315068,15.9396164383562,25.5392876712329,10.5978082191781
"100519",13.6829589041096,7.74345205479452,32.1396164383562,27.6943561643836,16.293698630137,26.3470684931507,11.8267397260274
"100520",13.7589041095891,8.60547945205477,32.2648767123288,27.7781917808219,17.546301369863,26.2356164383562,11.6482191780822
"100521",13.2095342465753,8.4052602739726,31.7579178082192,27.2485479452055,16.963397260274,25.8627945205479,10.8315616438356
"100522",12.4717808219178,6.92778082191781,30.8495342465753,26.4762739726027,14.6100821917808,25.5511232876712,10.2752876712329
"100523",12.7795068493151,6.42378082191782,31.2835068493151,26.8244383561644,13.9019178082192,25.9426849315068,10.4705753424658
"100524",13.9285479452055,3.38005479452056,31.7391780821918,27.7762191780822,10.5928767123288,27.2751780821918,12.2439452054795
"100525",16.2522739726027,2.95495890410959,34.3913424657534,30.1857534246576,10.7585753424658,29.2941369863014,14.3487123287671
"100526",18.4576438356164,2.8158904109589,37.2831780821918,32.5844383561644,10.9686575342466,31.2775890410959,17.7820273972603
"100527",17.3825753424658,2.87605479452054,35.9940821917808,31.4521643835616,10.7477260273972,30.3524383561644,18.1745753424658
"100528",16.941698630137,4.50542465753425,35.3184657534246,30.9284383561644,13.1365479452055,29.5752328767123,18.1104657534246
"100529",16.416,5.30728767123288,34.6714520547945,30.3632876712329,14.1731506849315,28.9489315068493,17.8204931506849
"100530",14.8872328767123,6.0055890410959,33.1653698630137,28.8493150684931,14.4680547945206,27.6085479452055,16.0599452054795
"100531",15.0391232876712,6.61906849315069,33.4287123287671,29.0278356164383,15.336,27.6302465753425,15.0144657534247
"100532",17.8934794520548,3.63846575342467,36.798904109589,32.0429589041096,11.8415342465753,30.6838356164383,16.4465753424657
"100533",15.3833424657534,4.6001095890411,34.0214794520548,29.4637808219178,12.3208767123288,28.4222465753425,13.1809315068493
"100534",13.1582465753425,7.96142465753425,31.0448219178082,26.9970410958904,16.8736438356164,25.7513424657534,10.3206575342466
"100535",13.4058082191781,8.70115068493151,31.4837260273973,27.294904109589,17.9023561643836,25.7967123287671,11.0347397260274
"100536",13.8535890410959,8.0689315068493,32.3230684931507,27.8649863013699,16.8381369863014,26.4042739726027,12.0190684931507
"100537",13.1533150684931,7.55704109589043,31.7283287671233,27.2071232876712,15.6703561643836,25.9476164383562,11.692602739726
"100538",12.6167671232877,7.02246575342465,31.097095890411,26.6508493150685,14.7235068493151,25.6122739726027,11.1067397260274
"100539",13.0872328767123,6.69895890410959,31.8121643835616,27.1952876712329,14.2500821917808,26.193205479452,11.6728767123288
"100540",14.393095890411,6.17128767123288,33.7620821917808,28.6934794520548,13.514301369863,27.547397260274,13.5557260273973
"100541",12.5506849315069,6.1278904109589,31.6020821917808,26.7692054794521,12.8781369863014,26.0630136986301,13.4077808219178
"100542",14.2323287671233,4.82400000000001,32.4207123287671,28.1815890410959,12.5122191780822,27.3235068493151,12.5418082191781
"100543",14.450301369863,4.64350684931507,32.522301369863,28.3640547945205,12.4540273972603,27.4951232876712,12.5112328767123
"100544",15.1140821917808,4.82991780821919,33.148602739726,29.0090958904109,13.0675068493151,27.9606575342465,12.9639452054795
"100545",16.1161643835616,4.67704109589042,34.3380821917808,30.0614794520548,13.1434520547945,28.8404383561644,14.4611506849315
"100546",17.7198904109589,3.05161643835618,36.144,31.7273424657534,11.3276712328767,30.5161643835616,16.5215342465753
"100547",22.32,4.67802739726028,41.3911232876712,36.5247123287671,6.51945205479451,35.2760547945205,20.3602191780822
"100548",20.6847123287671,2.12153424657534,39.2025205479452,34.7079452054795,10.5179178082192,33.1791780821918,19.7615342465754
"100549",16.9288767123288,6.20087671232876,34.5175890410959,30.6591780821918,16.3104657534247,29.2477808219178,15.9721643835616
"100550",16.2197260273973,5.60909589041097,34.5964931506849,30.203506849315,14.4157808219178,28.7694246575343,17.5985753424658
"100551",14.7116712328767,6.24131506849317,32.7609863013698,28.6027397260274,14.9326027397261,27.3442191780822,14.666301369863
"100552",14.0981917808219,5.02520547945205,32.3003835616438,28.051397260274,12.7341369863014,27.1795068493151,13.3811506849315
"100553",12.9136438356164,6.84591780821917,30.8495342465754,26.7790684931507,15.0844931506849,25.7681095890411,10.8276164383562
"100554",13.6050410958904,8.2237808219178,31.5991232876712,27.4714520547945,17.3707397260274,25.9742465753424,11.1481643835616
"100555",14.2204931506849,8.02158904109588,32.7146301369863,28.2368219178082,16.9180273972603,26.5709589041096,12.3366575342466
"100556",13.2124931506849,7.6083287671233,31.7411506849315,27.251506849315,15.8143561643836,25.9752328767123,12.0289315068493
"100557",13.6829589041096,7.4988493150685,32.5893698630137,27.835397260274,15.5372054794521,26.5492602739726,12.7587945205479
"100558",13.1276712328767,7.47616438356164,31.7727123287671,27.2041643835616,15.4790136986301,25.8568767123288,11.7803835616438
"100559",13.6938082191781,5.33983561643836,32.7974794520548,27.9251506849315,12.2074520547945,27.093698630137,13.8575342465753
"100560",13.3387397260274,5.03013698630136,32.2520547945206,27.5168219178082,11.7567123287671,26.8500821917808,13.4383561643836
"100561",13.6849315068493,5.50257534246573,31.8772602739726,27.6351780821918,13.2489863013698,26.7494794520548,12.5240547945206
"100562",14.4295890410959,5.8300273972603,32.6909589041096,28.3916712328767,14.0123835616438,27.2830684931507,13.0507397260274
"100563",14.6061369863014,5.64854794520548,32.8744109589041,28.5701917808219,13.8230136986301,27.4635616438356,13.0241095890411
"100564",15.7413698630137,4.77369863013699,34.034301369863,29.7113424657534,13.046794520548,28.5494794520548,13.8575342465753
"100565",17.4318904109589,4.10893150684933,35.6972054794521,31.3841095890411,12.881095890411,30.0082191780822,14.889205479452
"100566",20.613698630137,2.77545205479453,39.0703561643836,34.6270684931507,9.07594520547946,33.3212054794521,17.0225753424658
"100567",26.5788493150685,4.03101369863013,46.1825753424657,40.9295342465753,4.73720547945207,39.2725479452055,22.5389589041096
"100568",22.4038356164383,2.08701369863014,40.8269589041096,36.3797260273972,12.0881095890411,34.3903561643835,20.8484383561644
"100569",18.2534794520548,4.47484931506848,36.2505205479452,32.1129863013699,14.0370410958904,30.4816438356164,19.1618630136986
"100570",16.1773150684932,5.37336986301369,34.6635616438356,30.196602739726,13.9551780821918,28.8236712328767,18.381698630137
"100571",12.7321643835616,7.03923287671232,30.7321643835617,26.6173150684932,15.2265205479452,25.6053698630137,13.8831780821918
"100572",15.9859726027397,3.42345205479452,34.8312328767123,30.1344657534247,10.6934794520548,29.2181917808219,15.7492602739726
"100573",13.9038904109589,7.24043835616439,32.2540273972603,27.885698630137,15.7551780821918,26.5946301369863,12.4944657534247
"100574",13.6247671232877,8.00482191780823,31.9561643835616,27.5957260273972,16.7602191780822,26.2030684931507,12.3484931506849
"100575",13.910794520548,8.61731506849316,32.6002191780822,27.9853150684932,17.4723287671233,26.4121643835616,12.9501369863014
"100576",13.9482739726027,7.77304109589042,32.9434520547945,28.123397260274,15.984,26.7267945205479,13.4886575342466
"100577",14.2678356164384,7.68920547945204,32.9898082191781,28.3571506849315,16.2512876712329,26.8540273972603,12.5181369863014
"100578",13.3081643835616,6.05391780821918,31.9936438356164,27.4083287671233,13.4442739726027,26.4979726027397,12.2873424657534
"100579",13.8378082191781,5.63375342465754,32.4769315068493,27.9231780821918,13.1168219178082,26.9881643835616,12.593095890411
"100580",13.9926575342466,4.87627397260275,32.8162191780822,28.1391780821918,11.9164931506849,27.3629589041096,13.4521643835617
"100581",14.2717808219178,6.99879452054796,32.4345205479452,28.1944109589041,15.7384109589041,26.8727671232877,13.2894246575342
"100582",14.1169315068493,5.67616438356166,32.0419726027397,27.9784109589041,13.9403835616438,26.9605479452055,12.6138082191781
"100583",15.833095890411,5.23627397260273,34.0352876712329,29.7695342465754,13.8476712328767,28.490301369863,13.7667945205479
"100584",17.3598904109589,4.4156712328767,35.805698630137,31.3653698630137,13.1375342465753,29.9441095890411,14.6919452054795
"100585",18.3708493150685,3.04569863013698,36.8087671232877,32.3773150684931,11.6087671232877,31.0310136986301,15.0677260273973
"100586",25.8006575342466,3.9964931506849,45.5503561643836,40.2026301369863,4.38904109589041,38.6916164383562,20.7320547945206
"100587",25.1289863013699,3.30115068493149,44.2346301369863,39.3080547945205,9.87386301369864,37.1756712328767,22.2825205479452
"100588",21.2242191780822,2.81194520547943,39.6355068493151,35.2001095890411,12.6138082191781,33.3054246575343,21.2952328767123
"100589",15.6969863013699,6.58849315068493,33.8084383561644,29.5959452054795,15.8429589041096,28.0602739726028,18.1558356164384
"100590",14.7333698630137,7.41008219178083,33.465205479452,28.8236712328767,16.049095890411,27.3333698630137,17.5887123287671
"100591",15.1229589041096,6.31035616438358,33.5549589041096,29.1274520547945,14.8862465753425,27.777205479452,15.6328767123288
"100592",16.3716164383562,5.99079452054794,35.4555616438356,30.5684383561644,14.4197260273972,29.0406575342466,15.9968219178082
"100593",14.7106849315069,7.67046575342466,33.5381917808219,28.828602739726,16.3361095890411,27.2899726027397,14.3842191780822
"100594",15.4405479452055,8.95068493150686,34.6497534246575,29.6590684931507,18.2100821917808,27.7091506849315,15.1042191780822
"100595",14.155397260274,8.00284931506847,33.0351780821918,28.2910684931507,16.5185753424657,26.8007671232877,13.3880547945206
"100596",14.4779178082192,7.49589041095891,33.1969315068493,28.5662465753425,16.0688219178082,27.1104657534246,13.032
"100597",13.4669589041096,6.57863013698632,31.8269589041096,27.460602739726,14.5745753424658,26.1675616438356,11.7024657534246
"100598",14.1238356164384,6.02038356164383,32.5617534246575,28.1401643835616,13.9916712328767,27.0611506849315,12.4550136986302
"100599",14.8231232876713,4.46893150684932,33.8123835616438,29.0169863013699,11.5584657534247,28.1283287671233,14.1208767123288
"100600",14.9878356164383,6.78279452054794,33.0203835616439,28.8660821917808,15.868602739726,27.4369315068493,13.1996712328767
"100601",16.2532602739726,5.67813698630137,34.6369315068493,30.2380273972603,14.5272328767123,28.7832328767123,14.544
"100602",16.7118904109589,4.67802739726025,35.1310684931507,30.7124383561644,13.2450410958904,29.3710684931507,14.7609863013699
"100603",16.9476164383562,3.70158904109589,35.2888767123288,30.9304109589041,11.9944109589041,29.742904109589,14.7116712328767
"100604",18.6973150684931,1.64515068493151,37.1894794520548,32.7304109589041,9.51583561643837,31.6306849315068,16.1654794520548
"100605",21.5635068493151,1.93117808219178,40.3564931506849,35.6666301369863,10.2614794520548,34.0204931506849,19.2151232876712
"100606",25.027397260274,4.25095890410958,44.8106301369863,39.427397260274,7.24142465753427,37.6155616438356,23.9592328767123
"100607",13.7480547945205,7.44854794520549,31.2115068493151,27.4556712328767,16.7720547945206,26.1330410958904,15.6654246575342
"100608",15.8153424657534,6.38038356164384,34.3755616438356,29.8523835616438,15.1949589041096,28.346301369863,18.3412602739726
"100609",14.2520547945205,8.28690410958905,32.4838356164383,28.1855342465753,17.5532054794521,26.5995616438356,15.4642191780822
"100610",13.6839452054795,7.64383561643835,31.802301369863,27.5927671232877,16.4495342465753,26.2573150684931,13.8230136986301
"100611",14.7738082191781,7.15561643835616,33.4435068493151,28.8473424657534,15.7512328767123,27.3994520547945,14.6288219178082
"100612",15.8212602739726,8.97731506849314,34.9495890410959,30.0111780821918,18.4970958904109,27.9744657534247,15.1604383561644
"100613",15.5677808219178,9.48131506849315,34.3765479452055,29.657095890411,19.4005479452055,27.5602191780822,13.4117260273973
"100614",15.163397260274,8.74849315068494,33.7078356164383,29.181698630137,18.374794520548,27.3156164383562,12.722301369863
"100615",14.0301369863014,6.63682191780822,32.4335342465753,28.0326575342466,14.8813150684932,26.7346849315069,12.2587397260274
"100616",14.2362739726027,5.90893150684931,32.6189589041096,28.2368219178082,13.9305205479452,27.1548493150685,12.5733698630137
"100617",15.1998904109589,4.032,33.9248219178082,29.3128767123288,11.3276712328767,28.4301369863014,15.5845479452055
"100618",16.6714520547945,3.54476712328767,35.4713424657534,30.7992328767123,11.2300273972603,29.7123287671233,16.250301369863
"100619",17.1537534246575,2.94213698630138,35.7849863013698,31.2302465753425,10.7201095890411,30.1660273972603,16.0047123287671
"100620",16.8351780821918,3.29326027397261,35.3204383561643,30.866301369863,11.2162191780822,29.7912328767123,15.846904109589
"100621",19.6145753424657,1.9864109589041,38.2083287671233,33.6664109589041,10.4952328767123,32.2855890410959,17.1300821917808
"100622",24.1012602739726,4.11386301369862,43.574794520548,38.4144657534247,7.06882191780821,36.7910136986302,21.8021917808219
"100623",18.4872328767123,4.9689863013699,36.7850958904109,32.4335342465753,14.6012054794521,30.6572054794521,18.9438904109589
"100624",14.4167671232877,7.85391780821917,32.6406575342466,28.3492602739726,17.0018630136986,26.8195068493151,16.7700821917808
"100625",15.0539178082192,7.85391780821917,33.473095890411,29.0416438356164,17.1241643835616,27.3836712328767,16.9584657534246
"100626",13.5715068493151,8.25534246575343,31.7796164383562,27.504,17.2119452054795,26.0659726027397,14.3408219178082
"100627",14.0370410958904,7.99989041095888,32.349698630137,27.9991232876712,16.9604383561644,26.5206575342466,14.0261917808219
"100628",15.2127123287671,7.10038356164384,34.2177534246575,29.3858630136986,15.5756712328767,27.8659726027397,15.6417534246576
"100629",15.7058630136986,7.02345205479453,34.2256438356164,29.7261369863014,16.1220821917808,28.1076164383562,14.0715616438356
"100630",14.9375342465754,8.31156164383562,33.2718904109589,28.8956712328767,17.8145753424657,27.1647123287671,12.1068493150685
"100631",14.7304109589041,6.91200000000001,33.1683287671233,28.7349041095891,15.5796164383562,27.3412602739726,12.9353424657534
"100632",14.5893698630137,6.28372602739726,32.954301369863,28.5780821917808,14.659397260274,27.3442191780822,12.8189589041096
"100633",16.300602739726,4.72832876712329,35.5778630136986,30.5684383561644,12.3682191780822,29.3404931506849,16.603397260274
"100634",16.9338082191781,3.64241095890411,35.978301369863,31.1335890410959,11.2783561643836,29.9776438356164,17.3441095890411
"100635",19.2979726027397,2.89479452054793,38.5584657534247,33.5510136986302,11.0889863013699,32.061698630137,18.5118904109589
"100636",17.668602739726,3.04372602739726,36.4852602739726,31.7973698630137,10.9449863013699,30.6078904109589,17.1251506849315
"100637",18.1410410958904,2.03769863013699,36.6775890410959,32.1879452054795,9.93994520547943,31.1030136986302,16.7414794520548
"100638",21.7193424657534,2.32767123287671,40.5419178082192,35.8362739726027,9.18147945205479,34.3193424657534,19.5968219178082
"100639",20.5752328767123,3.02498630136988,39.4303561643836,34.6911780821918,12.2301369863014,32.8980821917808,20.786301369863
"100640",14.6100821917808,6.71079452054795,33.1111232876712,28.6362739726027,15.1742465753425,27.3116712328767,17.1281095890411
"100641",14.3911232876712,7.02641095890408,32.8645479452055,28.4074520547945,15.5579178082192,27.0621369863014,16.7187945205479
"100642",14.9740273972603,7.79375342465754,33.5381917808219,29.0071232876712,16.8706849315069,27.381698630137,16.2295890410959
"100643",14.7955068493151,7.5974794520548,33.3912328767123,28.8414246575342,16.4722191780822,27.2958904109589,15.6417534246575
"100644",15.897205479452,5.30432876712331,35.0718904109589,30.1315068493151,13.1138630136986,28.8483287671233,16.8785753424657
"100645",15.5352328767123,5.73336986301369,34.0757260273973,29.5742465753425,14.1376438356164,28.2614794520548,14.9888219178082
"100646",16.0757260273973,5.27079452054794,34.6813150684932,30.1344657534247,13.6523835616438,28.806904109589,14.4927123287671
"100647",16.1181369863014,5.39408219178081,34.8825205479452,30.2242191780822,13.7125479452055,28.8660821917808,14.3181369863014
"100648",15.4740821917808,6.55495890410957,33.9406027397261,29.4835068493151,15.3764383561644,28.0099726027397,13.5734794520548
"100649",13.9443287671233,6.85676712328768,31.8466849315068,27.7910136986301,15.6082191780822,26.3658082191781,11.9095890410959
"100650",14.5666849315068,5.32306849315067,32.8576438356164,28.540602739726,13.3081643835616,27.510904109589,13.5064109589041
"100651",16.725698630137,4.15232876712329,35.8875616438356,30.9590136986301,11.822794520548,29.742904109589,16.4889863013698
"100652",16.2917260273973,4.35550684931506,35.3983561643836,30.5102465753425,11.9687671232877,29.4381369863014,16.4682739726027
"100653",18.8462465753425,4.47978082191781,38.022904109589,33.0637808219178,13.2736438356164,31.3357808219178,19.1993424657534
"100654",17.6587397260274,5.19287671232878,36.2968767123288,31.7145205479452,14.2441643835617,30.0733150684931,17.5847671232877
"100655",16.2601643835617,3.65523287671232,34.9426849315069,30.3544109589041,11.304,29.3276712328767,17.0709041095891
"100656",21.8643287671233,1.8315616438356,41.2264109589041,36.1449863013699,9.06904109589041,34.566904109589,21.0279452054795
"100657",21.5832328767123,2.18268493150686,40.6652054794521,35.7682191780822,11.2655342465753,33.9455342465753,21.866301369863
"100658",18.1173698630137,4.30323287671233,36.9340273972603,32.2313424657534,12.9955068493151,30.6848219178082,20.066301369863
"100659",15.8626849315068,6.51550684931507,34.4120547945205,29.8947945205479,15.4247671232877,28.3502465753425,18.0414246575342
"100660",16.7848767123288,6.73347945205478,35.8471232876712,30.9659178082192,15.7186849315068,29.1945205479452,18.3984657534246
"100661",15.1791780821918,6.9918904109589,33.7709589041096,29.2260821917808,15.768,27.7259178082192,16.1595616438356
"100662",17.9733698630137,5.04394520547947,37.0277260273973,32.155397260274,13.8042739726027,30.4895342465753,17.8441643835616
"100663",15.6792328767123,6.48493150684934,34.005698630137,29.6452602739726,15.4928219178082,28.1401643835616,14.9365479452055
"100664",16.8667397260274,5.55583561643834,35.4328767123287,30.9037808219178,14.4710136986301,29.3503561643836,15.796602739726
"100665",16.5235068493151,6.49183561643837,35.1458630136986,30.5733698630137,15.6338630136986,28.8966575342466,15.5046575342466
"100666",18.0009863013698,6.01742465753425,36.7022465753425,32.0656438356164,15.5529863013699,30.1818082191781,15.7522191780822
"100667",15.8557808219178,6.29556164383561,33.9790684931507,29.7586849315068,15.4760547945206,28.1796164383561,13.0980821917808
"100668",14.2481095890411,4.79835616438356,32.5430136986302,28.2299178082192,12.3879452054794,27.3767671232877,13.1296438356164
"100669",15.7916712328767,3.96986301369863,34.3193424657534,29.8395616438356,11.6847123287671,28.8414246575342,14.4828493150685
"100670",15.8005479452055,3.04471232876712,34.3262465753425,29.8553424657534,10.3354520547945,29.0810958904109,15.2432876712329
"100671",16.862794520548,3.44120547945205,35.7879452054795,31.0280547945206,11.0564383561644,30.089095890411,16.2838356164384
"100672",16.9446575342466,6.19101369863013,35.7021369863014,31.0349589041096,15.2679452054795,29.3365479452055,18.1933150684931
"100673",17.4831780821918,6.68515068493153,36.1864109589041,31.5468493150685,16.2877808219178,29.6324383561644,18.3787397260274
"100674",15.7216438356164,4.94038356164383,34.4199452054795,29.814904109589,12.9215342465753,28.6323287671233,17.5926575342466
"100675",19.6757260273973,3.61380821917808,38.8435068493151,33.890301369863,12.3978082191781,32.1701917808219,19.8759452054795
"100676",24.3695342465754,1.63232876712328,44.2947945205479,38.801095890411,9.78016438356164,36.7061917808219,24.4099726027397
"100677",18.6874520547945,4.13852054794521,36.9537534246575,32.6288219178082,13.5064109589041,30.9836712328767,19.8493150684931
"100678",16.6517260273973,6.19495890410958,35.1991232876712,30.6798904109589,15.3251506849315,29.0367123287671,18.8561095890411
"100679",17.3421369863014,5.35660273972604,36.2524931506849,31.4827397260274,14.0972054794521,29.88,19.5070684931507
"100680",16.6093150684932,5.97205479452053,35.1961643835617,30.6512876712329,14.9424657534246,29.0653150684931,17.7139726027397
"100681",17.2267397260274,5.11002739726028,35.9418082191781,31.3101369863014,13.8535890410959,29.7784109589041,17.5285479452055
"100682",16.8815342465753,6.66542465753426,35.4466849315068,30.9087123287671,16.1033424657534,29.1205479452055,16.2049315068493
"100683",15.9297534246575,7.08657534246575,34.3252602739726,29.9095890410959,16.4278356164384,28.2279452054794,15.1614246575342
"100684",16.3252602739726,6.28865753424658,35.0265205479452,30.4027397260274,15.1732602739726,28.8118356164383,16.0668493150685
"100685",17.1221917808219,4.61589041095893,35.5236164383562,31.1148493150685,13.3594520547945,29.7004931506849,15.5687671232877
"100686",17.3539726027397,4.78553424657535,35.8066849315069,31.3584657534246,13.6701369863014,29.8622465753425,15.3113424657534
"100687",16.4199452054795,4.75495890410959,35.0620273972603,30.4905205479452,13.025095890411,29.2004383561644,14.7856438356164
"100688",16.2394520547945,5.20668493150684,34.6408767123288,30.2340821917808,13.8151232876712,28.9637260273973,13.9295342465753
"100689",15.5441095890411,3.76175342465754,33.6299178082192,29.4598356164383,11.6561095890411,28.5692054794521,14.1139726027397
"100690",17.5758904109589,3.81994520547946,36.4181917808219,31.7066301369863,12.0151232876712,30.6680547945205,16.300602739726
"100691",16.5836712328767,5.99671232876713,35.3598904109589,30.6838356164383,14.7984657534247,29.1027945205479,18.5138630136986
"100692",15.1594520547945,6.49578082191782,33.696,29.1935342465753,15.0815342465754,27.7998904109589,16.8509589041096
"100693",17.9457534246575,3.95013698630136,36.9853150684932,32.1327123287671,12.2025205479452,30.700602739726,19.0928219178082
"100694",20.4943561643836,1.2072328767123,39.8110684931507,34.7700821917808,8.99506849315068,33.4030684931507,20.6718904109589
"100695",19.8670684931507,1.97852054794519,38.6600547945206,33.9790684931507,10.4252054794521,32.550904109589,20.5850958904109
"100696",17.8155616438356,3.85545205479451,36.4694794520548,31.8861369863014,12.3445479452055,30.4915068493151,20.081095890411
"100697",16.948602739726,5.58739726027396,35.683397260274,31.0369315068493,14.406904109589,29.4637808219178,19.4202739726028
"100698",16.7286575342466,5.80832876712329,35.2099726027397,30.7390684931507,14.8527123287671,29.16,18.2968767123288
"100699",17.1626301369863,5.33095890410959,35.7632876712329,31.2095342465754,14.2500821917808,29.642301369863,17.9388493150685
"100700",17.1715068493151,6.10126027397261,35.8984109589041,31.2509589041096,15.2699178082192,29.5229589041096,17.3155068493151
"100701",18.2574246575342,5.47199999999999,37.2634520547945,32.4187397260274,14.6031780821918,30.6019726027397,17.8984109589041
"100702",17.5630684931507,4.47780821917807,36.3205479452055,31.6622465753425,13.0467945205479,30.1926575342466,17.0866849315069
"100703",16.8519452054795,4.77665753424658,35.2139178082192,30.8327671232876,13.5054246575343,29.4410958904109,15.580602739726
"100704",17.5591232876712,3.2587397260274,36.1706301369863,31.6237808219178,11.3898082191781,30.4076712328767,16.5491506849315
"100705",18.0305753424658,3.58027397260275,36.748602739726,32.1208767123288,11.9855342465753,30.7410410958904,16.7000547945206
"100706",16.8894246575342,3.45008219178084,35.0975342465753,30.8337534246575,11.7162739726027,29.7843287671233,14.7156164383562
"100707",16.4524931506849,4.42553424657535,34.4169863013698,30.3179178082192,13.1572602739726,29.0732054794521,13.8082191780822
"100708",16.4998356164383,3.90969863013699,34.6714520547945,30.4323287671233,12.2419726027397,29.2911780821918,14.262904109589
"100709",15.1772054794521,5.76394520547943,33.617095890411,29.1876164383562,14.1041095890411,27.9419178082192,17.489095890411
"100710",16.0007671232877,4.81315068493151,34.6556712328767,30.0792328767123,12.9037808219178,28.8641095890411,17.9506849315068
"100711",17.2356164383562,3.95112328767124,35.9457534246575,31.3278904109589,12.1670136986301,30.0358356164383,18.6687123287671
"100712",18.5316164383562,2.57424657534246,37.0928219178082,32.5785205479452,10.8848219178082,31.3002739726028,18.5700821917808
"100713",21.2597260273973,2.06630136986301,40.241095890411,35.417095890411,11.0327671232877,33.6841643835616,21.4382465753424
"100714",20.1333698630137,3.95210958904107,39.0062465753425,34.250301369863,13.3673424657534,32.356602739726,21.6364931506849
"100715",18.2978630136986,4.94531506849316,37.2841643835617,32.4572054794521,13.8693698630137,30.7420273972602,20.6827397260274
"100716",17.4348493150685,5.67517808219178,35.9556164383562,31.4521643835617,14.9503561643836,29.7537534246575,19.1835616438356
"100717",18.4448219178082,5.90794520547946,37.2180821917808,32.529205479452,15.5352328767123,30.5773150684931,19.1263561643836
"100718",18.8985205479452,5.54301369863015,37.8295890410959,33.0312328767123,15.0706849315069,31.0635616438356,19.0908493150685
"100719",21.1285479452055,3.91758904109588,40.5340273972603,35.4013150684931,13.3061917808219,33.3192328767123,20.8188493150685
"100720",21.6917260273973,2.95002739726029,41.0626849315069,35.9575890410959,12.1818082191781,33.9593424657534,20.7399452054794
"100721",20.2901917808219,2.88591780821916,39.2311232876712,34.4357260273973,11.8178630136986,32.7343561643836,18.7476164383562
"100722",18.5799452054794,2.70641095890412,37.2772602739726,32.666301369863,10.9785205479452,31.3545205479452,17.5818082191781
"100723",17.8461369863014,2.58115068493149,36.2761643835616,31.8585205479452,10.6924931506849,30.7193424657535,16.5185753424658
"100724",18.2574246575342,2.80701369863014,36.3304109589041,32.1544109589041,11.5298630136986,30.8732054794521,15.5510136986301
"100725",17.5522191780822,4.33282191780822,35.4269589041096,31.3811506849315,13.6109589041096,29.923397260274,13.9926575342466
"100726",15.6161095890411,4.32493150684932,33.4671780821918,29.4539178082192,12.722301369863,28.4025205479452,12.5960547945205
"100727",16.7858630136986,4.89895890410959,35.5778630136986,30.8978630136986,13.2716712328767,29.5555068493151,15.5411506849315
"100728",16.5540821917808,5.66630136986304,35.0294794520548,30.5654794520548,14.5696438356164,29.051506849315,18.5375342465753
"100729",17.9378630136986,4.62969863013699,36.5838904109589,31.9985753424657,13.542904109589,30.4165479452055,19.4104109589041
"100730",18.1075068493151,3.97282191780823,36.6282739726027,32.133698630137,12.7706301369863,30.650301369863,19.0987397260274
"100731",19.4488767123288,3.33764383561643,37.8917260273973,33.4454794520548,12.5309589041096,31.8121643835617,19.4133698630137
"100732",20.5486027397261,2.57523287671232,39.2705753424657,34.6280547945205,11.6768219178082,32.9316164383562,20.9056438356164
"100733",20.016,4.66027397260274,38.6413150684932,34.0520547945205,14.5696438356164,32.0291506849315,21.1482739726028
"100734",19.8187397260274,4.33676712328766,38.5555068493151,33.8942465753425,13.9048767123288,31.9818082191781,21.7213150684932
"100735",18.0187397260274,5.99079452054794,36.3797260273973,31.9788493150685,15.8242191780822,30.0890958904109,19.584
"100736",20.5762191780822,3.39879452054795,39.5625205479452,34.7296438356165,12.6631232876712,32.8615890410959,21.4569863013698
"100737",19.5820273972603,4.97095890410958,38.5732602739726,33.7315068493151,14.4986301369863,31.7431232876712,19.9834520547945
"100738",19.1658082191781,5.40000000000001,38.0288219178082,33.2758356164384,15.0470136986301,31.2815342465753,19.5849863013699
"100739",20.2300273972603,3.14136986301371,38.9401643835617,34.3025753424657,12.3692054794521,32.5548493150685,20.0327671232876
"100740",21.5368767123287,2.32569863013698,40.3259178082192,35.6498630136986,8.20010958904111,34.3025753424657,20.2763835616438
"100741",21.4293698630137,2.08208219178081,40.5409315068493,35.64,8.45753424657535,34.2374794520548,20.6472328767123
"100742",20.0219178082192,1.54849315068493,38.7369863013699,34.1141917808219,9.49906849315069,32.8053698630137,18.648
"100743",20.2458082191781,2.23199999999999,38.6284931506849,34.2256438356164,11.3365479452055,32.7698630136986,17.8668493150685
"100744",20.4164383561644,2.79024657534245,38.6176438356164,34.3341369863014,12.3918904109589,32.609095890411,16.5422465753425
"100745",17.8984109589041,4.52909589041094,36.0759452054794,31.8161095890411,13.7924383561644,30.2518356164384,14.2283835616439
"100746",16.6438356164383,3.14334246575342,35.2484383561644,30.7153972602739,10.8029589041096,29.9184657534247,15.3527671232877
"100747",18.1755616438356,2.39671232876714,37.5918904109589,32.4966575342466,8.63999999999999,31.5014794520548,18.5424657534247
"100748",19.2387945205479,2.41052054794521,39.0131506849315,33.6575342465753,9.42016438356164,32.3792876712329,20.0870136986301
"100749",18.5020273972603,2.73994520547944,37.6234520547945,32.7235068493151,10.0888767123288,31.8486575342466,18.8225753424657
"100750",18.0581917808219,4.68887671232876,36.7407123287671,32.1287671232877,13.651397260274,30.5102465753425,19.806904109589
"100751",18.6026301369863,4.32098630136986,37.0109589041096,32.5864109589041,13.608,30.924493150685,19.4735342465754
"100752",19.9203287671233,4.04186301369863,38.4775890410959,33.9415890410959,13.68,32.0656438356164,20.0337534246575
"100753",20.6847123287671,3.59309589041095,39.2084383561644,34.6931506849315,13.4058082191781,32.7501369863014,20.6886575342465
"100754",19.8808767123288,3.22619178082191,38.2882191780822,33.8636712328767,12.6,32.1632876712329,20.8671780821918
"100755",20.225095890411,2.13435616438356,38.9026849315068,34.2966575342466,10.922301369863,32.7590136986301,21.837698630137
"100756",20.2024109589041,3.58915068493151,38.9944109589041,34.2976438356164,12.938301369863,32.4631232876712,22.1345753424657
"100757",18.8590684931507,4.20460273972603,37.3541917808219,32.8684931506849,13.4807671232877,31.1799452054794,20.9263561643835
"100758",19.339397260274,4.39693150684931,38.1274520547945,33.4336438356165,13.7253698630137,31.6109589041096,21.030904109589
"100759",20.181698630137,4.2450410958904,39.2952328767123,34.3706301369863,13.6060273972603,32.4108493150685,21.4599452054794
"100760",19.3857534246575,4.33479452054793,38.4726575342466,33.5717260273973,13.3910136986301,31.7589041095891,20.9569315068493
"100761",19.6638904109589,2.67090410958905,38.822794520548,33.8843835616438,11.0209315068493,32.3635068493151,21.2952328767123
"100762",19.2762739726028,1.93019178082193,37.9321643835616,33.3517808219178,10.2032876712329,32.0547945205479,20.2734246575342
"100763",23.5686575342466,3.82191780821917,42.7147397260274,37.7881643835616,6.52339726027398,36.3540821917808,23.6830684931507
"100764",23.5933150684931,2.91353424657534,43.0007671232876,37.8838356164383,7.88745205479454,36.2238904109589,23.2629041095891
"100765",20.3118904109589,1.60175342465752,38.9608767123288,34.3785205479452,10.2082191780822,32.9335890410959,19.7812602739726
"100766",19.8236712328767,2.21819178082193,37.7753424657534,33.6752876712329,11.5012602739726,32.2047123287671,17.1152876712329
"100767",19.5100273972603,2.93523287671235,37.5198904109589,33.3754520547945,12.3544109589041,31.8042739726027,15.8952328767123
"100768",17.8510684931507,2.78334246575342,35.9536438356164,31.7608767123288,11.2813150684931,30.5704109589041,15.270904109589
"100769",18.9093698630137,2.64131506849316,37.1687671232877,32.8586301369863,11.4243287671233,31.4807671232877,16.1822465753425
"100770",18.5414794520548,4.11484931506848,37.0178630136986,32.5489315068493,13.2174246575342,30.9442191780822,19.7990136986301
"100771",19.9006027397261,4.22432876712328,38.4036164383562,33.9031232876712,13.9847671232877,31.9926575342466,19.9775342465753
"100772",20.9569315068493,3.97873972602738,39.5664657534247,34.9860821917808,14.0212602739726,32.9079452054795,20.8780273972603
"100773",21.9264657534247,3.78049315068493,40.5557260273973,35.9546301369863,14.1632876712329,33.7157260273973,21.8317808219178
"100774",21.6256438356164,3.49939726027398,40.1621917808219,35.6301369863014,13.6938082191781,33.5677808219178,22.2203835616438
"100775",21.7775342465753,4.16219178082194,40.3801643835616,35.7958356164384,14.6771506849315,33.6062465753425,22.6839452054795
"100776",21.326794520548,4.32295890410958,40.1335890410959,35.4101917808219,14.5232876712329,33.2817534246575,23.0123835616438
"100777",20.6383561643836,4.60306849315066,39.3889315068493,34.7079452054795,14.6623561643836,32.6110684931507,22.8841643835616
"100778",21.7479452054795,2.90071232876713,41.262904109589,36.0581917808219,12.0101917808219,34.0619178082192,24.8666301369863
"100779",20.757698630137,3.15813698630137,40.1010410958904,35.0215890410959,12.0772602739726,33.1742465753424,23.9434520547945
"100780",22.7559452054794,1.29402739726027,42.6634520547945,37.1924383561644,9.77523287671232,35.330301369863,25.710904109589
"100781",23.0528219178082,3.12460273972604,42.7541917808219,37.446904109589,6.02531506849316,36.0996164383562,25.488
"100782",19.4094246575343,1.64120547945205,38.5101369863014,33.6230136986301,9.44679452054794,32.3684383561644,22.2499726027397
"100783",20.6087671232877,1.08690410958903,39.5901369863014,34.7799452054795,9.29687671232874,33.3882739726027,22.7529863013699
"100784",22.3624109589041,2.18860273972604,41.2757260273973,36.4882191780822,11.7843287671233,34.502794520548,22.9778630136986
"100785",21.0052602739726,1.89468493150684,39.6088767123288,35.0501917808219,10.9972602739726,33.4790136986301,20.8346301369863
"100786",18.1331506849315,3.01709589041097,35.8007671232877,31.9048767123287,12.1384109589041,30.7883835616438,16.4307945205479
"100787",18.0197260273973,3.74498630136986,35.6912876712329,31.7865205479452,13.147397260274,30.3504657534247,15.5529863013699
"100788",18.9399452054795,2.44208219178081,36.8659726027397,32.788602739726,11.4430684931507,31.4383561643836,16.3311780821918
"100789",20.3819178082192,2.11561643835617,38.742904109589,34.3558356164383,11.2477808219178,32.8882191780822,17.8648767123288
"100790",20.4174246575343,3.19167123287673,39.0900821917808,34.4929315068493,9.87879452054794,33.4770410958904,18.3777534246575
"100791",19.5583561643836,3.70257534246575,38.1590136986301,33.6200547945206,9.42410958904109,32.6761643835617,17.8481095890411
"100792",19.1480547945206,5.05380821917807,37.3985753424657,33.1121095890411,8.31649315068493,32.1445479452055,17.3510136986301
"100793",17.712,5.5065205479452,35.6676164383562,31.5991232876712,7.65172602739726,30.9619726027397,16.6872328767123
"100794",18.0147945205479,4.8851506849315,36.1558356164384,31.9038904109589,8.57589041095891,31.089205479452,17.1192328767123
"100795",20.6600547945206,3.36920547945203,39.4540273972603,34.7533150684932,12.8278356164383,32.8694794520548,21.2054794520548
"100796",20.6077808219178,2.94509589041094,39.0792328767124,34.6063561643836,12.4698082191781,32.8142465753425,20.6541369863013
"100797",21.4382465753425,3.92745205479451,39.8929315068493,35.4161095890411,14.3072876712329,33.2442739726028,21.2242191780822
"100798",22.089205479452,4.65731506849316,40.4482191780822,36.0256438356164,15.7620821917808,33.6812054794521,21.5990136986301
"100799",22.924602739726,2.76657534246574,41.5035616438356,36.9379726027397,13.1868493150685,34.7967123287671,23.284602739726
"100800",24.3941917808219,1.47254794520548,43.8361643835616,38.6807671232877,9.52273972602738,36.6687123287671,26.0265205479452
"100801",21.7153972602739,2.83561643835617,40.5636164383561,35.8214794520548,12.4885479452055,33.8735342465754,24.3251506849315
"100802",22.1306301369863,1.94794520547946,41.3595616438356,36.3580273972603,11.0455890410959,34.4732054794521,25.7089315068493
"100803",19.5425753424657,4.12865753424659,38.3612054794521,33.6466849315069,13.398904109589,31.8378082191781,23.9276712328767
"100804",19.9292054794521,3.31989041095891,39.0466849315069,34.1289863013699,12.1315068493151,32.4157808219178,24.768
"100805",19.4104109589041,3.89589041095893,38.3483835616438,33.5539726027397,12.8919452054795,31.8249863013698,23.5351232876712
"100806",18.2416438356164,5.17315068493151,36.7693150684931,32.2589589041096,14.5834520547945,30.4964383561644,21.4372602739726
"100807",19.7368767123288,3.30608219178082,38.670904109589,33.8824109589041,12.1837808219178,32.2076712328767,22.6070136986301
"100808",21.5664657534247,1.35616438356163,40.3890410958904,35.6774794520548,10.2752876712329,34.0264109589042,23.537095890411
"100809",22.1424657534246,2.03473972602741,40.9601095890411,36.2416438356164,11.5407123287671,34.3913424657534,23.1238356164383
"100810",21.0121643835616,1.74476712328769,39.3267945205479,34.9683287671233,11.0386849315069,33.5293150684931,20.8208219178082
"100811",20.5939726027397,1.57216438356166,38.7941917808219,34.5254794520548,9.79397260273971,33.3843287671233,19.3502465753425
"100812",19.7822465753425,2.67090410958905,38.2872328767123,33.7995616438356,11.6551232876713,32.4946849315069,18.7150684931507
"100813",19.3305205479452,3.99254794520549,37.6175342465753,33.2738630136986,13.5734794520548,31.8328767123288,18.0927123287671
"100814",20.3276712328767,2.55353424657537,38.5811506849315,34.2769315068493,9.93994520547946,33.2186301369863,19.0099726027397
"100815",21.6394520547945,4.03594520547946,40.3959452054795,35.7415890410959,8.4052602739726,34.8006575342466,20.1649315068493
"100816",19.7615342465754,2.71923287671233,38.6166575342466,33.8962191780822,9.92613698630136,33.0203835616438,18.8975342465754
"100817",18.8058082191781,4.08032876712328,36.8916164383562,32.6298082191781,9.4586301369863,31.5941917808219,17.1685479452055
"100818",17.7524383561644,5.40000000000002,35.4634520547946,31.5419178082192,7.39430136986304,30.9698630136986,16.7000547945205
"100819",18.209095890411,5.17216438356164,36.3521095890411,32.0607123287671,7.54520547945206,31.3791780821918,17.1941917808219
"100820",16.3765479452055,4.32789041095891,34.5323835616438,30.2429589041096,7.37753424657535,29.8464657534247,16.1378630136986
"100821",17.2454794520548,4.60306849315067,35.7603287671233,31.1247123287671,7.25720547945208,30.6147945205479,16.4988493150685
"100822",17.9644931506849,4.34663013698631,37.1174794520548,31.9650410958904,7.45446575342466,31.7046575342466,18.0798904109589
"100823",19.5968219178082,3.12361643835615,38.2004383561644,33.6427397260274,12.1443287671233,32.0281643835616,20.4154520547945
"100824",21.0890958904109,2.10575342465755,39.6512876712329,35.1182465753424,11.382904109589,33.4040547945205,21.1423561643835
"100825",21.3376438356165,3.14630136986301,39.5260273972603,35.2405479452055,13.3515616438356,33.3488219178083,20.8356164383562
"100826",20.9648219178082,3.47572602739726,39.017095890411,34.826301369863,13.7825753424657,33.048,20.8543561643836
"100827",21.7686575342466,1.82958904109587,40.0260821917808,35.7001643835616,11.5624109589041,34.0668493150685,22.4896438356164
"100828",20.3000547945205,2.34049315068494,38.4637808219178,34.2108493150685,11.7133150684932,32.745205479452,22.4265205479452
"100829",20.4667397260274,1.74772602739726,39.0989589041096,34.5254794520548,10.5080547945205,33.0489863013699,24.2413150684932
"100830",19.1618630136986,2.46575342465755,37.5159452054794,33.1407123287671,11.2004383561644,31.7480547945206,23.7501369863014
"100831",17.3924383561644,5.3250410958904,35.5512328767123,31.3012602739726,14.7373150684932,29.6768219178082,22.2588493150685
"100832",17.1251506849315,4.05073972602742,35.7110136986302,31.1789589041096,12.3711780821918,29.886904109589,22.8013150684932
"100833",17.3500273972603,5.05972602739728,35.8185205479452,31.3574794520548,14.0567671232877,29.8040547945205,21.9629589041096
"100834",18.209095890411,5.44536986301372,36.5533150684932,32.1672328767123,15.1298630136986,30.3514520547945,21.3948493150685
"100835",20.1008219178082,2.78136986301372,38.8030684931507,34.1753424657534,11.7892602739726,32.529205479452,22.723397260274
"100836",20.8425205479452,1.43210958904109,39.4145753424657,34.8835068493151,10.2733150684931,33.3606575342466,22.917698630137
"100837",21.9915616438356,1.3867397260274,40.5468493150685,36.0167671232877,10.7556164383562,34.3647123287671,23.2875616438356
"100838",24.4356164383561,2.63046575342464,43.4061369863014,38.5850958904109,8.59561643835617,36.870904109589,25.1072876712329
"100839",26.3441095890411,5.30038356164383,45.2702465753425,40.4847123287671,5.98290410958906,39.0042739726027,24.5164931506849
"100840",23.4838356164384,2.1521095890411,43.1112328767124,37.8364931506849,8.72383561643836,36.1676712328767,23.1938630136986
"100841",19.9617534246575,4.25293150684932,38.5742465753425,33.9948493150685,13.9660273972603,32.5449863013699,19.8029589041096
"100842",19.6934794520548,1.91046575342467,37.7191232876712,33.5135342465753,11.0919452054795,32.1563835616438,18.9626301369863
"100843",22.9709589041096,4.56065753424657,41.7353424657534,37.058301369863,7.73260273972603,36.1183561643836,21.8367123287671
"100844",18.7752328767123,3.30115068493151,37.3472876712329,32.8408767123287,7.9683287671233,32.3723835616439,19.0139178082192
"100845",18.5316164383562,3.85841095890412,36.6746301369863,32.3615342465753,8.60843835616438,31.4866849315068,17.8678356164384
"100846",18.792,4.83780821917807,36.9152876712328,32.6021917808219,7.71780821917808,31.8249863013699,18.0108493150685
"100847",18.8176438356164,5.4029589041096,37.2003287671233,32.7649315068493,6.02038356164381,32.2273972602739,18.497095890411
"100848",18.1844383561644,4.08032876712329,36.870904109589,32.1573698630137,7.60142465753428,31.5310684931507,17.8865753424657
"100849",18.5109041095891,3.39189041095891,37.670794520548,32.5785205479452,9.00591780821918,31.4837260273973,17.4407671232877
"100850",20.6324383561644,3.17983561643834,38.8287123287672,34.5442191780822,13.0675068493151,32.8882191780822,20.5742465753425
"100851",22.0014246575342,1.26443835616438,40.7500273972603,36.086794520548,10.4084383561644,34.4534794520548,22.8762739726027
"100852",22.038904109589,1.14410958904108,40.6622465753425,36.086794520548,10.3610958904109,34.5254794520548,23.5647123287671
"100853",21.4530410958904,1.22893150684931,40.0744109589041,35.5048767123288,10.2170958904109,34.0293698630137,24.3123287671233
"100854",19.9578082191781,2.037698630137,38.5653698630137,34.0116164383562,10.7191232876713,32.6051506849315,24.235397260274
"100855",17.9053150684932,2.76558904109588,35.9743561643836,31.8042739726028,11.3089315068493,30.6552328767123,22.7875068493151
"100856",16.6063561643836,5.515397260274,34.5698630136986,30.4609315068493,14.8241095890411,28.9834520547945,21.8771506849315
"100857",17.1103561643836,5.1997808219178,35.5808219178082,31.118794520548,14.1475068493151,29.5870684931507,22.6089863013699
"100858",19.9183561643835,4.46202739726027,39.0338630136986,34.1072876712329,13.7983561643836,32.1573698630137,24.2363835616438
"100859",19.9558356164384,4.03397260273972,38.7902465753425,34.0619178082192,13.4383561643835,32.1869589041096,23.1918904109589
"100860",18.8038356164384,5.27375342465754,37.0208219178082,32.7195616438356,15.2669589041096,30.8554520547945,21.002301369863
"100861",19.4824109589041,1.96767123287671,37.8049315068493,33.4523835616439,10.6471232876712,32.1544109589041,22.1118904109589
"100862",21.8534794520548,0.790027397260289,40.5665753424657,35.9339178082192,9.5947397260274,34.4554520547945,24.163397260274
"100863",23.1228493150685,1.11254794520545,42.0637808219178,37.2634520547945,9.89161643835617,35.5403835616438,25.8746301369863
"100864",22.0901917808219,1.34728767123286,40.3002739726027,36.0098630136986,10.3798356164384,34.7020273972602,22.8910684931507
"100865",25.2256438356164,4.17501369863015,44.6380273972603,39.5161643835616,6.68712328767124,37.9972602739726,26.2671780821918
"100866",17.6321095890411,4.20854794520548,35.9467397260274,31.5971506849315,13.0773698630137,30.5556164383562,19.1470684931507
"100867",21.8002191780822,1.68756164383559,40.5922191780822,35.877698630137,10.9548493150685,34.6093150684931,22.5123287671233
"100868",23.1820273972603,4.81906849315068,41.910904109589,37.2348493150685,6.98005479452057,36.3925479452055,22.7490410958904
"100869",19.6619178082191,2.50224657534247,38.2398904109589,33.6210410958904,9.35309589041097,32.8655342465754,19.3660273972603
"100870",18.9547397260274,3.21435616438356,37.4626849315069,32.9128767123288,8.1764383561644,32.2047123287671,19.5277808219178
"100871",19.123397260274,4.94432876712328,37.4814246575342,33.0568767123288,6.00953424657534,32.6061369863014,19.8512876712329
"100872",18.0177534246575,3.86038356164383,36.4556712328767,31.8821917808219,7.38345205479453,31.248,18.0670684931507
"100873",18.4063561643836,3.06147945205478,37.4370410958904,32.4059178082192,8.26421917808219,31.7776438356164,18.5296438356164
"100874",18.5750136986301,2.93424657534248,38.0584109589041,32.7452054794521,8.28986301369864,32.3171506849315,18.4862465753424
"100875",19.446904109589,3.11473972602741,38.1550684931507,33.5263561643835,11.9687671232877,32.0745205479452,21.8150136986301
"100876",20.4381369863014,2.0692602739726,39.3080547945205,34.5678904109589,10.7556164383562,33.1584657534247,23.4907397260274
"100877",22.4600547945205,1.17863013698629,41.5262465753425,36.641095890411,10.2161095890411,35.0284931506849,25.6744109589041
"100878",19.4873424657534,3.549698630137,37.937095890411,33.4839452054795,12.8544657534247,31.9946301369863,23.8349589041096
"100879",17.5887123287671,5.49369863013698,35.6656438356165,31.4689315068493,15.148602739726,29.9263561643835,22.3377534246575
"100880",18.8689315068493,4.97490410958905,37.4922739726027,32.9118904109589,14.4976438356164,31.1069589041096,24.1160547945206
"100881",16.6063561643836,7.11517808219178,34.891397260274,30.5457534246575,16.8825205479452,28.7605479452055,21.6226849315068
"100882",17.705095890411,6.44646575342465,36.0641095890411,31.6642191780822,16.3469589041096,29.7774246575342,21.5980273972603
"100883",20.4519452054794,3.49545205479454,39.2873424657534,34.5590136986301,12.8801095890411,32.7363287671233,23.5903561643836
"100884",20.4489863013699,1.81775342465754,39.1443287671233,34.5274520547945,10.5475068493151,33.1190136986301,23.3950684931507
"100885",20.4006575342466,1.14509589041096,38.8553424657534,34.4110684931507,9.75156164383563,33.1821369863014,23.1415890410959
"100886",20.3148493150685,2.1836712328767,38.6156712328767,34.2690410958904,11.3700821917808,32.8803287671233,22.9492602739726
"100887",20.3365479452055,0.911342465753421,38.8129315068493,34.3587945205479,8.99210958904111,33.2245479452055,24.0499726027397
"100888",20.2467945205479,1.56032876712329,38.5732602739726,34.2157808219178,10.4025205479452,33.0539178082192,23.4611506849315
"100889",19.7625205479452,3.3731506849315,37.9716164383562,33.6516164383562,13.0270684931507,32.3812602739726,21.7597808219178
"100890",17.9506849315069,4.63956164383561,36.3136438356165,31.9186849315068,13.8279452054795,30.7282191780822,20.2191780821918
"100891",21.7410410958904,1.32263013698631,40.7076164383562,35.8944657534246,10.1628493150685,34.6073424657534,23.688
"100892",23.4473424657534,5.05183561643835,42.357698630137,37.5504657534247,5.80438356164383,36.7525479452055,23.8931506849315
"100893",21.8051506849315,3.07331506849314,40.7125479452055,35.8402191780822,8.57786301369863,35.1133150684932,21.5181369863014
"100894",21.3050958904109,3.6157808219178,40.4146849315068,35.4427397260274,7.07572602739727,34.8223561643835,22.658301369863
"100895",20.4075616438356,4.60701369863015,39.261698630137,34.4751780821918,5.57358904109587,34.2256438356164,22.326904109589
"100896",17.4447123287671,3.48558904109592,35.7928767123288,31.2884383561644,6.74728767123287,30.8554520547945,18.1301917808219
"100897",18.216,2.06334246575342,37.3906849315069,32.443397260274,8.9704109589041,31.5527671232877,18.6065753424657
"100898",17.899397260274,1.93216438356163,37.5475068493151,32.2905205479452,8.34805479452055,32.0932602739726,19.0553424657534
"100899",20.0367123287671,4.11287671232876,39.1088219178082,34.2009863013699,13.420602739726,32.5706301369863,23.3457534246575
"100900",21.0713424657534,3.01216438356163,40.1434520547945,35.2050410958904,12.3780821917808,33.6328767123288,24.4050410958904
"100901",19.4232328767123,4.54191780821917,38.1323835616438,33.4602739726027,14.1356712328767,31.8733150684931,23.7915616438356
"100902",15.5569315068493,7.69413698630139,33.4642191780822,29.3799452054794,17.5906849315068,27.8728767123288,20.5022465753425
"100903",17.2543561643836,6.048,35.6222465753425,31.2223561643836,15.5480547945205,29.6275068493151,22.2440547945206
"100904",14.9375342465753,7.65567123287671,32.7284383561644,28.7319452054794,17.345095890411,27.2958904109589,19.4340821917808
"100905",16.1388493150685,6.65950684931506,34.1319452054795,29.9963835616438,16.2581917808219,28.4824109589041,19.6974246575343
"100906",21.1315068493151,3.52602739726028,39.9876164383562,35.2247671232877,13.2608219178082,33.3596712328767,23.7235068493151
"100907",21.7686575342466,2.4026301369863,40.5152876712329,35.8530410958904,12.0841643835616,34.0865753424657,23.7974794520548
"100908",20.8474520547945,2.01304109589042,39.2676164383562,34.8440547945205,11.4233424657534,33.3991232876712,22.9019178082192
"100909",20.1738082191781,1.3196712328767,38.2813150684931,34.0392328767123,10.3226301369863,32.9483835616438,22.5014794520548
"100910",21.3011506849315,0.915287671232875,39.894904109589,35.3332602739726,9.15978082191783,34.1625205479452,24.2876712328767
"100911",18.4724383561644,3.04471232876712,36.3629589041096,32.256,12.2912876712329,31.2756164383561,20.4351780821918
"100912",17.5236164383562,4.53797260273971,35.2454794520548,31.2933698630137,14.3092602739726,30.2666301369863,18.8945753424658
"100913",17.6893150684931,5.88526027397259,36.1538630136986,31.6237808219178,15.6032876712329,30.3248219178082,19.505095890411
"100914",20.6748493150685,1.20526027397261,39.4333150684931,34.7266849315068,9.84230136986304,33.731506849315,22.5281095890411
"100915",23.8645479452055,4.20854794520551,42.7324931506849,37.9814794520548,7.25424657534245,37.0257534246575,22.9719452054794
"100916",23.9671232876712,3.09994520547943,43.0441643835617,38.1747945205479,8.98224657534247,36.9586849315068,22.457095890411
"100917",20.2369315068493,2.30893150684932,39.0989589041096,34.3321643835616,8.33326027397261,33.7502465753424,21.6621369863013
"100918",21.3563835616438,3.84854794520548,40.4768219178082,35.5502465753424,6.45435616438355,35.0570958904109,22.7589041095891
"100919",19.1549589041096,2.53380821917807,38.2724383561644,33.393205479452,7.57084931506849,32.9414794520548,20.570301369863
"100920",18.8324383561644,1.70531506849315,38.1323835616438,33.134794520548,9.83638356164383,32.0350684931507,19.8749589041096
"100921",19.4104109589041,1.94005479452056,39.3327123287671,33.9070684931507,8.08569863013699,33.4208219178082,20.8415342465753
"100923",16.4850410958904,5.75901369863013,34.8272876712329,30.4658630136987,15.0105205479452,29.2132602739726,20.7231780821918
"100924",15.8409863013699,6.66641095890412,34.1901369863014,29.8208219178082,16.0145753424657,28.4962191780822,21.0821917808219
"100925",15.386301369863,7.96043835616437,33.7492602739726,29.3621917808219,17.6567671232877,27.8413150684931,20.7655890410959
"100926",14.8093150684931,8.32635616438355,32.7294246575343,28.649095890411,18.2860273972602,27.1321643835616,19.1914520547945
"100927",15.126904109589,7.39035616438355,33.0233424657534,28.9647123287671,17.0866849315068,27.5641643835616,18.9221917808219
"100928",16.9101369863014,6.53424657534246,35.1557260273973,30.8455890410959,16.322301369863,29.2201643835617,19.7023561643836
"100929",19.4735342465753,4.78454794520547,38.2211506849315,33.5559452054794,14.4907397260274,31.7470684931507,21.5427945205479
"100930",19.4735342465753,5.02915068493151,37.8789041095891,33.4484383561644,15.1476164383562,31.5872876712329,20.8306849315069
"100931",20.8277260273973,3.74893150684933,39.3701917808219,34.8470136986301,13.8200547945206,33.0213698630137,21.9955068493151
"100932",21.6621369863014,3.27353424657532,40.3357808219178,35.7208767123288,13.4383561643835,33.8883287671233,22.8003287671233
"100933",21.6009863013699,1.64219178082193,40.442301369863,35.7277808219178,10.9489315068493,34.2986301369863,23.7136438356164
"100934",21.6907397260274,2.45589041095892,40.3870684931507,35.7682191780822,12.3386301369863,34.2147945205479,23.3980273972603
"100935",20.7665753424657,2.70936986301371,39.4619178082192,34.8519452054795,12.3465205479452,33.4928219178082,22.4492054794521
"100936",18.8373698630137,2.35331506849315,37.6333150684932,32.904,10.8108493150685,32.0725479452055,21.8919452054795
"100937",19.9578082191781,3.09994520547947,39.1137534246575,34.1447671232876,12.1433424657534,32.9424657534246,22.9255890410959
"100938",28.6382465753425,5.54301369863015,48.5960547945206,43.0974246575342,6.28569863013699,41.4364931506849,27.1232876712329
"100939",25.2641095890411,1.86509589041094,44.323397260274,39.4451506849315,11.2181917808219,37.4360547945206,22.9601095890411
"100940",19.7960547945205,1.21906849315069,38.3552876712329,33.8636712328767,9.79397260273974,32.522301369863,20.7557260273973
"100941",21.398794520548,3.38202739726027,40.5044383561644,35.64,6.83210958904107,35.0028493150685,22.3762191780822
"100942",20.873095890411,1.79999999999998,40.4472328767123,35.2484383561644,8.69030136986302,34.4199452054795,22.8930410958904
"100943",19.0563287671233,1.55441095890411,38.4726575342466,33.3971506849315,8.53052054794522,32.8931506849315,21.7203287671233
"100944",20.9835616438356,1.34235616438356,40.9975890410959,35.4900821917808,9.22684931506851,34.5530958904109,22.3811506849315
"100945",13.4363835616439,8.86487671232877,30.7380821917808,27.0976438356165,19.0484383561644,25.8430684931507,17.2050410958904
"100946",15.0657534246575,7.33512328767124,33.2817534246575,29.0051506849315,16.7592328767123,27.6953424657534,20.0702465753425
"100947",15.6950136986301,7.10531506849314,34.4889863013699,29.808,16.2059178082192,28.4133698630137,21.888
"100948",15.6752876712329,8.51375342465754,34.3745753424658,29.7468493150685,18.2968767123288,28.0375890410959,21.3593424657534
"100949",16.8726575342466,5.94246575342466,35.4595068493151,30.9195616438356,15.1781917808219,29.4450410958904,20.7685479452055
"100950",18.237698630137,5.47298630136984,36.6953424657534,32.2362739726027,15.2077808219178,30.556602739726,20.4430684931507
"100951",20.2842739726027,3.95309589041094,39.1107945205479,34.3913424657534,13.5843287671233,32.5814794520548,21.6197260273972
"100952",21.7844383561644,2.592,40.6878904109589,35.9132054794521,12.2153424657535,34.0688219178082,22.0655342465754
"100953",22.0714520547945,2.15605479452056,40.7904657534246,36.1459726027397,11.9125479452055,34.3814794520548,22.0369315068493
"100954",24.3133150684932,1.00997260273975,43.3351232876713,38.4825205479452,9.67660273972601,36.7564931506849,24.0746301369863
"100955",26.286904109589,2.14915068493153,45.2150136986301,40.420602739726,9.42312328767123,38.5170410958904,25.7237260273972
"100956",28.3689863013699,4.07145205479452,47.7833424657534,42.6506301369863,7.56295890410959,40.7253698630137,28.0040547945206
"100957",25.1141917808219,2.05052054794523,44.4812054794521,39.3918904109589,9.34323287671234,37.7240547945205,26.8550136986301
"100958",21.6680547945205,1.47452054794519,40.9364383561644,35.9309589041096,10.5011506849315,34.6398904109589,24.8321095890411
"100959",20.6916164383562,3.64931506849317,40.2618082191781,35.0383561643835,12.9609863013699,33.5204383561644,24.8183013698631
"100960",26.7228493150685,4.2292602739726,46.8424109589041,41.2372602739726,6.44449315068492,39.7055342465753,28.1312876712329
"100961",24.2344109589041,1.40843835616438,42.8932602739726,38.2970958904109,11.3158356164383,36.2189589041096,22.2253150684932
"100962",20.253698630137,1.86016438356167,38.8484383561644,34.3193424657534,11.0465753424658,32.731397260274,21.1847671232877
"100963",22.0980821917808,2.97567123287671,41.4946849315069,36.4191780821918,6.96920547945204,35.574904109589,23.6219178082192
"100964",22.4008767123288,1.59583561643835,42.5293150684931,36.9320547945205,8.61238356164384,35.7544109589041,25.2966575342466
"100965",20.0988493150685,2.24087671232876,39.3790684931507,34.394301369863,7.69019178082193,33.8133698630137,22.3683287671233
"100966",20.5466301369863,2.13435616438358,40.0310136986301,34.9002739726027,8.01369863013697,34.1181369863014,21.4224657534247
"100967",21.4214794520548,2.12547945205479,41.1149589041096,35.8323287671233,8.36679452054794,34.6517260273973,21.477698630137
"100968",19.3502465753425,3.64241095890409,37.6836164383562,33.3152876712329,13.1523287671233,31.7421369863014,20.1728219178082
"100969",25.7769863013699,1.39167123287672,45.2426301369863,40.0734246575343,8.41906849315069,38.131397260274,24.9179178082191
"100970",29.7616438356165,3.54476712328764,49.3870684931507,44.092602739726,7.3844383561644,41.7698630136986,27.6430684931507
"100971",25.3785205479452,0.990246575342454,43.8578630136986,39.3721643835617,10.4932602739726,37.4054794520548,23.7895890410959
"100972",28.7082739726027,3.8485479452055,47.6492054794521,42.84,7.80756164383564,40.7855342465754,27.2238904109589
"100973",28.8049315068493,5.3201095890411,48.1975890410959,43.0984109589041,3.64734246575343,41.6110684931507,28.7940821917808
"100974",26.3263561643836,2.60679452054795,45.5118904109589,40.5429041095891,8.97336986301372,38.7330410958904,27.9419178082192
"100975",23.3911232876712,1.65600000000002,42.8745205479452,37.7033424657535,11.3089315068493,35.9881643835616,26.7751232876712
"100976",20.973698630137,2.46575342465754,40.6178630136986,35.3480547945205,11.2684931506849,33.9534246575342,25.8253150684932
"100977",23.6830684931507,1.27134246575342,44.2001095890411,38.3207671232877,8.4269589041096,36.8156712328767,29.7241643835617
"100978",24.1426849315068,3.96197260273972,43.1132054794521,38.3237260273973,6.39221917808219,37.2486575342466,23.8704657534246
"100979",20.2901917808219,2.32964383561642,38.829698630137,34.3331506849315,11.7478356164383,32.7501369863014,21.5319452054795
"100980",22.1444383561644,1.93709589041097,41.3812602739726,36.4063561643836,8.19715068493151,35.3322739726027,24.1308493150685
"100981",23.9838904109589,1.6244383561644,44.0896438356165,38.4953424657534,9.08876712328767,36.9912328767123,26.0610410958904
"100982",20.2043835616439,1.10169863013699,38.9095890410959,34.3114520547945,9.90443835616438,32.4887671232877,20.7705205479452
"100983",21.355397260274,2.79221917808221,40.3269041095891,35.5502465753425,7.6961095890411,34.0638904109589,20.7162739726027
"100984",21.9442191780822,2.42038356164385,41.4828493150685,36.3057534246575,8.01271232876709,34.8706849315068,21.5398356164384
"100985",23.7185753424658,0.218958904109599,42.674301369863,37.8660821917808,9.40635616438358,36.0966575342466,24.0874520547945
"100986",26.8382465753425,3.3277808219178,46.468602739726,41.1938630136986,5.94838356164385,39.4382465753425,27.6578630136986
"100987",23.4542465753425,1.36997260273972,41.5844383561644,37.3423561643835,11.9273424657534,35.430904109589,23.4414246575342
"100988",26.1626301369863,2.24186301369861,44.5946301369863,40.1454246575342,9.05424657534246,38.275397260274,25.9140821917808
"100989",26.5502465753425,3.18082191780826,45.3481643835617,40.6504109589041,7.81249315068494,38.9046575342466,27.72
"100990",25.1950684931507,1.29402739726027,44.1616438356165,39.3327123287671,11.9598904109589,37.2397808219178,27.4961095890411
"100991",24.7581369863014,1.22202739726026,44.4920547945206,39.1364383561644,11.016,37.173698630137,28.7220821917808
"100992",20.2428493150685,4.69479452054794,39.2222465753425,34.3992328767123,14.6899726027397,32.6505205479452,23.2372602739726
"100993",23.3980273972603,2.55156164383561,42.9445479452055,37.7191232876712,12.4954520547945,35.7652602739726,25.8134794520548
"100994",25.3400547945206,1.5997808219178,44.3283287671233,39.4836164383562,12.4796712328767,37.3502465753425,23.9927671232877
"100995",22.6573150684931,4.53008219178083,41.5173698630137,36.7584657534246,15.624,34.1812602739726,23.2066849315069
"100996",24.1900273972603,0.917260273972587,43.7217534246575,38.5170410958904,9.98432876712329,36.8087671232877,25.8401095890411
"100997",26.524602739726,1.51890410958906,46.5889315068493,41.0015342465753,10.1411506849315,38.9421369863014,26.6824109589041
"100998",25.8618082191781,1.3443287671233,45.3037808219178,40.1503561643836,11.2852602739726,37.3601095890411,23.2106301369863
"100999",23.7570410958904,1.67276712328767,42.8804383561644,37.9686575342466,10.1549589041096,35.3756712328767,21.5911232876712
"101000",23.3585753424658,2.15506849315071,42.9672328767123,37.7270136986301,8.94772602739725,35.8885479452055,22.5734794520548
"101001",22.1217534246576,2.38487671232879,41.6850410958904,36.4882191780822,8.03934246575344,34.9604383561644,21.7351232876712
"101002",22.5399452054795,1.30487671232876,42.1564931506849,36.9103561643836,10.0573150684931,34.574794520548,21.4254246575343
"101003",18.8186301369863,4.49063013698631,36.7870684931507,32.6653150684931,14.4473424657535,30.9461917808219,20.7498082191781
"101004",21.549698630137,1.87594520547947,40.4097534246575,35.6715616438356,11.102794520548,33.9820273972603,24.48
"101005",23.4019726027397,0.30772602739728,42.1929863013698,37.5021369863014,9.42608219178082,35.8135890410959,25.6191780821918
"101006",24.5352328767123,1.27627397260272,43.0254246575342,38.541698630137,9.25249315068494,36.8117260273973,26.1833424657534
"101007",23.7560547945206,1.11649315068493,42.1456438356165,37.7368767123288,9.45073972602738,36.1341369863014,26.2553424657534
"101008",26.6824109589041,2.8563287671233,46.1155068493151,40.9739178082192,7.59254794520548,39.1482739726027,30.0496438356165
"101009",28.8838356164384,5.16230136986299,49.2450410958904,43.4623561643836,4.55967123287668,41.6791232876712,32.3132054794521
"101010",20.0485479452055,5.21260273972602,39.045698630137,34.2049315068493,15.2886575342466,32.3250410958904,23.9020273972603
"101011",23.1968219178082,3.37709589041096,42.2334246575342,37.3541917808219,13.9956164383562,35.2099726027397,23.8921643835616
"101012",24.0963287671233,2.75868493150685,42.5441095890411,38.0712328767123,14.0311232876712,35.7514520547946,22.3998904109589
"101013",22.9709589041096,3.28339726027399,41.4295890410959,36.9527671232877,14.2737534246576,34.4613698630137,22.8752876712329
"101014",23.5499178082191,2.20832876712329,42.9573698630137,37.8266301369863,12.1275616438356,35.8293698630137,25.6635616438356
"101015",31.2933698630137,6.15156164383561,51.7719452054795,45.8955616438356,4.63660273972606,43.819397260274,30.2597260273973
"101016",30.4609315068493,4.89106849315068,50.7402739726027,44.9980273972603,6.79857534246577,42.8271780821918,27.547397260274
"101017",24.1742465753425,1.97161643835616,43.5570410958904,38.4647671232877,9.29490410958903,36.5365479452055,22.8792328767123
"101018",23.3733698630137,2.52197260273974,42.9396164383562,37.7309589041096,7.96339726027399,36.309698630137,23.046904109589
"101019",22.5951780821918,2.4450410958904,42.1742465753425,36.9636164383562,7.88745205479454,35.5216438356164,22.3495890410959
"101020",22.8871232876712,1.9331506849315,42.6259726027397,37.2969863013699,8.86980821917808,35.4841643835616,22.5320547945205
"101021",22.6474520547945,2.14126027397259,42.3448767123288,37.0484383561644,8.86882191780823,34.9781917808219,21.8564383561644
"101022",23.5331506849315,3.20745205479452,43.3893698630137,37.9854246575342,7.83813698630138,36.0049315068493,22.1247123287671
"101023",18.8995068493151,4.0586301369863,37.3492602739726,32.8961095890411,13.4077808219178,31.2361643835616,22.4482191780822
"101024",20.0939178082192,3.94027397260274,38.8770410958904,34.1852054794521,13.4906301369863,32.3358904109589,24.163397260274
"101025",22.7894794520548,1.17665753424656,42.192,37.073095890411,10.1431232876712,35.2642191780822,26.978301369863
"101026",23.6899726027397,0.547397260273982,42.6447123287672,37.8404383561644,8.95956164383561,36.1459726027398,27.0670684931507
"101027",23.7008219178082,0.29786301369866,42.3872876712329,37.7664657534247,9.91627397260274,36.0108493150685,26.9891506849315
"101028",24.0036164383561,0.456657534246574,42.7620821917808,38.088,10.3157260273973,36.2613698630137,27.6647671232877
"101029",24.2827397260274,0.523726027397245,43.4554520547945,38.4953424657534,9.95967123287673,36.676602739726,28.3423561643836
"101030",19.8177534246575,6.48197260273972,38.8504109589041,33.9731506849315,16.9426849315068,31.8200547945206,24.4908493150685
"101031",23.0380273972603,4.05271232876713,42.4060273972603,37.2900821917808,14.5568219178082,34.9791780821918,25.9229589041096
"101032",23.9671232876712,1.36010958904112,42.6851506849315,38.0347397260274,11.6738630136987,36.078904109589,23.1090410958904
"101033",22.2598356164383,2.64526027397261,40.3989041095891,36.1518904109589,13.291397260274,34.0273972602739,21.9116712328767
"101034",22.6444931506849,2.72219178082193,41.7067397260274,36.8166575342466,12.737095890411,34.8420821917808,24.7196712328767
"101035",23.6801095890411,0.851178082191794,42.5944109589041,37.8157808219178,10.6737534246575,36.0572054794521,24.6575342465753
"101036",32.6386849315069,6.64372602739725,53.0649863013699,47.2191780821918,4.4058082191781,44.9911232876712,30.4579726027397
"101037",25.5402739726028,2.74290410958905,45.2406575342466,39.9235068493151,7.93282191780824,38.3178082191781,25.6211506849315
"101038",24.4060273972603,0.944876712328764,43.7306301369863,38.6679452054795,10.9124383561644,36.0749589041096,23.6120547945206
"101039",23.6751780821918,3.14038356164384,43.4367123287671,38.0958904109589,6.77589041095892,36.9655890410959,23.8477808219178
"101040",21.614794520548,1.08197260273974,40.8792328767124,35.8836164383562,9.75649315068493,33.8390136986301,21.8199452054795
"101041",22.169095890411,2.1757808219178,41.666301369863,36.5128767123287,8.5946301369863,34.553095890411,22.1552876712329
"101042",23.1396164383562,3.29326027397261,42.7147397260274,37.5090410958904,7.90619178082193,35.3105753424658,21.7903561643836
"101043",22.1819178082192,2.74586301369864,41.2767123287671,36.4073424657534,9.23375342465752,33.3083835616439,19.6717808219178
"101044",22.5537534246575,3.93928767123289,41.4473424657534,36.7239452054794,8.32241095890411,33.6861369863014,18.6933698630137
"101045",20.3109041095891,3.94421917808219,39.4924931506849,34.5225205479452,13.2055890410959,32.6071232876712,25.5649315068493
"101046",20.9559452054795,3.88010958904111,40.0290410958904,35.1300821917808,13.5182465753425,33.113095890411,25.704
"101047",24.0775890410959,0.499068493150688,43.782904109589,38.4489863013699,9.45961643835616,36.5158356164383,28.5386301369863
"101048",23.3605479452055,0.436931506849291,41.9848767123288,37.4064657534247,10.0632328767123,35.6409863013698,26.4555616438356
"101049",23.4848219178082,0.71210958904112,42.0144657534247,37.5070684931507,9.24361643835617,35.8796712328767,26.6301369863014
"101050",20.1018082191781,2.73106849315067,38.2408767123288,34.0096438356164,12.4224657534247,32.493698630137,23.6416438356164
"101051",19.0464657534247,7.06684931506848,38.3385205479452,33.2817534246575,17.1754520547945,31.1237260273973,26.0876712328767
"101052",21.9225205479452,3.87320547945207,41.4276164383562,36.2258630136986,13.6454794520548,34.1299726027397,26.891506849315
"101053",26.4062465753425,1.19835616438355,45.8511780821918,40.6898630136986,9.42509589041097,38.5752328767123,26.9723835616438
"101054",24.2768219178082,1.83747945205479,42.7167123287671,38.2497534246575,12.729205479452,36.0581917808219,22.8358356164383
"101055",24.7847671232877,1.95386301369862,43.5876164383562,38.8642191780822,12.7933150684932,36.5779726027397,24.4188493150685
"101056",23.7895890410959,0.726904109589071,42.7384109589041,37.9341369863014,10.4784657534247,36.1301917808219,25.1930958904109
"101057",26.6528219178082,2.29315068493152,46.5701917808219,41.0893150684931,8.15572602739728,39.1630684931507,28.8966575342466
"101058",29.0288219178082,4.84569863013698,49.5981369863014,43.6675068493151,5.22345205479452,41.7925479452055,31.7145205479452
"101059",25.4860273972603,2.32471232876713,45.3225205479452,39.9077260273973,8.32832876712328,38.2300273972603,26.3865205479452
"101060",25.3558356164383,2.69654794520548,45.0532602739726,39.7390684931507,8.16065753424657,38.0672876712329,25.0431780821918
"101061",22.8900821917808,1.33643835616438,42.3655890410959,37.2141369863014,9.554301369863,35.3539726027397,23.5272328767123
"101062",21.8061369863014,1.25753424657535,41.2185205479452,36.1193424657534,9.72887671232878,34.1250410958904,22.6701369863013
"101063",21.4767123287671,2.64821917808217,40.5004931506849,35.6853698630137,8.41315068493151,33.4405479452055,21.0999452054795
"101064",21.7469589041096,2.02389041095891,40.7746849315068,35.9487123287671,10.0158904109589,32.9641643835616,20.448
"101065",21.9077260273973,2.50027397260276,40.6809863013699,36.0345205479452,10.0543561643836,32.8803287671233,19.2368219178082
"101066",22.507397260274,3.83572602739724,41.2895342465754,36.6420821917808,8.74356164383563,33.5825753424657,19.1924383561644
"101067",23.7580273972603,3.43035616438355,42.8804383561644,37.9844383561644,9.58191780821919,34.3864109589041,20.3375342465753
"101068",20.7133150684931,4.53008219178079,39.5418082191781,34.8075616438356,14.5637260273972,32.6801095890411,24.9327123287671
"101069",20.5357808219178,4.92558904109589,39.233095890411,34.588602739726,15.1949589041096,32.4355068493151,24.4346301369863
"101070",21.024,4.14739726027398,39.5457534246575,35.0265205479452,14.4680547945206,32.9562739726027,24.379397260274
"101071",22.1158356164383,1.15298630136988,40.3870684931507,36.0581917808219,10.8749589041096,34.3982465753425,24.0953424657534
"101072",19.8335342465754,2.0002191780822,37.7368767123288,33.674301369863,11.4312328767123,32.3013698630137,22.2361643835617
"101073",20.4036164383562,4.52712328767122,40.3101369863014,34.8351780821918,13.4945753424658,32.8625753424658,28.4843835616438
"101074",21.2538082191781,3.76569863013698,40.5655890410959,35.5019178082191,13.3338082191781,33.5174794520548,25.8075616438356
"101075",26.0127123287671,0.895561643835634,45.1903561643836,40.2154520547945,9.69928767123288,38.1126575342466,25.1388493150685
"101076",27.078904109589,0.539506849315075,46.2950136986301,41.277698630137,11.3740273972603,38.7912328767123,24.8893150684932
"101077",26.1468493150685,1.85917808219179,44.8303561643836,40.1789589041096,13.3604383561644,37.1490410958904,23.8477808219178
"101078",27.3876164383562,0.541479452054801,46.6145753424657,41.5883835616438,11.5328219178082,39.0752876712329,26.5650410958904
"101079",28.9982465753425,1.96372602739729,48.7617534246575,43.3647123287671,9.80876712328765,40.8752876712329,29.2162191780822
"101080",26.841205479452,0.877808219178092,46.5790684931507,41.2086575342466,10.6816438356164,38.9421369863014,29.0475616438356
"101081",31.9551780821918,6.18410958904109,52.9821369863014,46.7220821917808,4.08821917808218,44.5393972602739,34.2996164383562
"101082",27.0128219178082,3.29819178082194,47.0426301369863,41.4887671232877,7.49194520547944,39.6996164383562,27.4310136986301
"101083",22.6957808219178,1.72701369863013,41.6633424657534,36.8551232876712,11.598904109589,34.1072876712329,22.8407671232877
"101084",22.8121643835616,1.2052602739726,42.1860821917808,37.101698630137,10.6116164383562,34.8489863013699,23.6248767123288
"101085",22.4649863013699,1.65106849315069,41.7402739726028,36.7278904109589,11.2615890410959,34.0737534246575,22.7776438356164
"101086",21.2962191780822,2.21523287671235,40.4156712328767,35.517698630137,11.7468493150685,32.6475616438356,21.6956712328767
"101087",21.931397260274,1.58399999999999,40.7993424657534,36.0798904109589,11.2773698630137,32.9020273972603,20.7882739726027
"101088",23.3516712328767,2.74980821917806,42.3093698630137,37.5238356164383,10.461698630137,34.1033424657534,20.9273424657535
"101089",24.2896438356164,3.88602739726025,43.7237260273972,38.6107397260274,8.48810958904109,35.8727671232877,22.32
"101090",24.9386301369863,4.15627397260273,44.7208767123288,39.3642739726027,7.7898082191781,37.1480547945205,23.5587945205479
"101091",30.4530410958904,2.78136986301368,50.4138082191781,44.8747397260274,8.74158904109589,42.2561095890411,30.1749041095891
"101092",27.5917808219178,1.89369863013695,46.562301369863,41.7254794520547,10.0109589041096,38.9529863013699,26.8905205479452
"101093",27.2781369863013,1.23287671232876,46.3226301369863,41.4315616438356,11.044602739726,38.2763835616438,26.8865753424658
"101094",31.3791780821918,5.52920547945209,52.4071232876713,46.145095890411,4.93052054794522,43.9328219178082,34.2029589041096
"101095",26.1310684931507,2.73895890410961,45.8630136986301,40.5192328767123,8.21490410958906,38.7902465753425,27.1124383561644
"101096",24.890301369863,1.98936986301372,44.4762739726028,39.2370410958904,9.43989041095888,37.2535890410959,25.7128767123288
"101097",23.6327671232877,1.13030136986302,42.9899178082192,37.9124383561644,10.8818630136986,35.4151232876712,24.2067945205479
"101098",22.780602739726,1.26246575342465,42.2906301369863,37.1164931506849,10.5790684931507,35.0008767123288,24.134794520548
"101099",22.7786301369863,1.72208219178083,42.0134794520548,37.0336438356164,10.5652602739726,34.3499178082191,23.0192876712329
"101100",23.6150136986301,2.07715068493151,42.7739178082192,37.8414246575342,10.8877808219178,34.610301369863,22.6050410958904
"101101",23.932602739726,2.8267397260274,43.3696438356164,38.2487671232876,9.47835616438357,35.7129863013699,23.3082739726027
"101102",24.3300821917808,3.1117808219178,43.9209863013699,38.692602739726,8.83923287671232,36.4911780821918,23.6909589041096
"101103",28.7250410958904,2.97172602739727,48.218301369863,43.0195068493151,7.94169863013697,40.7914520547945,28.7802739726027
"101104",26.4683835616438,0.938958904109569,45.9784109589041,40.7697534246575,10.1283287671233,38.526904109589,28.3699726027397
"101105",25.782904109589,1.83452054794517,45.2021917808219,40.0694794520548,8.78498630136987,38.0643287671233,27.5197808219178
"101106",26.8609315068493,3.86926027397261,46.9745753424658,41.3694246575342,6.06673972602739,39.7331506849315,28.7615342465754
"101107",25.0264109589041,2.3414794520548,44.7652602739726,39.4224657534247,8.4447123287671,37.8226849315069,26.4447123287672
"101108",24.2511780821918,1.35024657534245,43.8716712328767,38.6087671232877,10.1312876712329,36.4467945205479,25.3518904109589
"101109",24.2768219178082,1.71221917808221,43.8440547945205,38.620602739726,10.0711232876712,36.3067397260274,24.9238356164384
"101110",24.1456438356164,2.21621917808221,43.5639452054795,38.4489863013699,9.64701369863013,36.0207123287671,24.4967671232877
"101111",23.9641643835617,2.12745205479453,43.3301917808219,38.2527123287671,9.68745205479451,35.8254246575342,24.1604383561644
"101112",26.5867397260274,2.25961643835615,45.7091506849315,40.7786301369863,7.56690410958905,38.8395616438356,27.6223561643836
"101113",26.4831780821918,1.41830136986303,45.9941917808219,40.7884931506849,8.49600000000002,38.7044383561644,29.0248767123288
"101114",25.4899726027397,0.346191780821954,44.6173150684932,39.6769315068493,10.3492602739726,37.1815890410959,27.3175890410959
"101115",27.1144109589041,2.72317808219177,46.778301369863,41.472,7.53632876712329,39.5329315068493,28.8325479452055
"101116",28.0089863013698,4.18290410958906,48.1887123287671,42.530301369863,5.74323287671233,40.7214246575342,29.8395616438357
"101117",24.2452602739726,1.41041095890411,43.6951232876712,38.5505753424657,9.19824657534247,36.6716712328767,25.8430684931507
"101118",24.4336438356164,1.19243835616439,43.9584657534247,38.7586849315068,9.82750684931509,36.6174246575343,25.7247123287671
"101119",24.6348493150685,1.22301369863014,44.0235616438356,38.9164931506849,10.4252054794521,36.374794520548,25.4199452054795
"101120",24.3389589041096,1.25457534246576,43.5915616438356,38.5811506849315,10.3374246575342,35.8747397260274,24.7216438356164
"101121",28.1648219178082,3.2636712328767,47.8947945205479,42.5391780821918,5.8349589041096,40.485698630137,30.2962191780822
"101122",27.072,0.443835616438349,46.5366575342466,41.349698630137,10.0208219178082,38.9381917808219,28.8769315068493
"101123",26.0344109589041,0.388602739726053,45.2396712328767,40.241095890411,10.2486575342466,37.6402191780822,27.8314520547945
"101124",27.2505205479452,1.80098630136985,47.0702465753425,41.6475616438356,8.54334246575343,39.4905205479452,29.4095342465753
"101125",27.3027945205479,3.93139726027394,47.5732602739726,41.8566575342466,5.30630136986302,40.1444383561644,29.8464657534247
"101126",24.7216438356164,1.75956164383561,44.3145205479452,39.0703561643836,8.21786301369865,37.4281643835617,26.9112328767124
"101127",24.6733150684932,0.822575342465754,44.0492054794521,38.9470684931507,10.2427397260274,36.5385205479452,26.1705205479452
"101128",27.8511780821918,1.99232876712327,46.9834520547945,42.0332054794521,8.14389041095893,39.6226849315069,28.5149589041096
"101129",27.2100821917808,1.70630136986304,46.2851506849315,41.3773150684931,8.45161643835618,38.8760547945205,28.2141369863014
"101130",25.6458082191781,0.260383561643863,44.7623013698631,39.8268493150685,10.08,37.2861369863014,27.7949589041096
"101131",26.3598904109589,0.9192328767123,45.6144657534246,40.5833424657534,9.68547945205478,37.987397260274,28.5544109589041
"101132",26.1527671232876,2.99342465753423,45.9133150684931,40.5517808219178,6.19890410958905,38.8721095890411,29.1501369863014
"101133",24.7699726027397,3.89490410958905,44.5029041095891,39.1788493150685,4.4511780821918,37.9765479452055,28.3916712328767
"101134",22.917698630137,1.79210958904108,41.8477808219178,37.0780273972603,7.71090410958904,35.1527671232877,25.6625753424657
"101135",26.6695890410959,0.799890410958909,45.2722191780822,40.6878904109589,9.98630136986303,37.3068493150685,26.5630684931507
"101136",25.6951232876712,0.864986301369868,44.5176986301369,39.7785205479452,11.5446575342466,36.3540821917808,26.9467397260274
"101137",26.0324383561644,0.588821917808218,45.3313972602739,40.269698630137,9.69238356164385,37.6944657534247,28.5179178082192
"101138",25.2424109589041,1.68953424657533,44.7504657534246,39.5595616438356,7.68821917808218,37.7921095890411,28.7161643835617
"101139",23.7836712328767,2.37402739726031,43.0569863013699,38.0475616438356,6.29161643835617,36.7219726027397,27.8038356164384
"101140",24.6802191780822,2.03769863013696,44.1527671232876,38.9944109589041,7.149698630137,37.2930410958904,28.1845479452055
"101141",26.2622465753424,0.639123287671282,44.6567671232877,40.2095342465753,11.8583013698631,36.072,25.5619726027397
"101142",23.6909589041096,2.28131506849317,41.5696438356164,37.4873424657534,13.5675616438356,33.5214246575343,24.0341917808219
"101143",25.9929863013699,1.48339726027399,45.0670684931507,40.1681095890411,8.30663013698631,37.605698630137,28.3009315068493
"101144",25.776,1.89271232876712,45.2367123287671,40.0763835616438,7.3489315068493,38.1659178082191,29.1363287671233
"101145",24.6683835616439,0.225863013698614,44.020602739726,38.9283287671233,9.69238356164382,36.4043835616438,28.2230136986302
"101146",23.9316164383562,0.172602739726017,43.2591780821918,38.1915616438356,9.25249315068494,35.8402191780822,27.813698630137
"101147",27.2732054794521,0.597698630136961,46.2082191780822,41.378301369863,11.7300821917808,37.5918904109589,27.4497534246575
"101148",25.9545205479452,1.41435616438355,44.6449315068493,39.988602739726,12.5625205479452,35.9556164383562,26.7001643835617
"101149",26.0580821917808,1.41731506849317,45.100602739726,40.2223561643835,8.31452054794519,37.5465205479452,28.1944109589041
"101150",24.9238356164383,2.57128767123288,44.1882739726027,39.1768767123288,5.8191780821918,37.5524383561644,28.4340821917808
"101151",24.3715068493151,1.16679452054794,43.6704657534247,38.6265205479452,7.56493150684932,36.5740273972603,28.0740821917808
"101152",24.278794520548,0.177534246575362,43.5461917808219,38.5150684931507,9.49413698630138,35.7652602739726,27.6203835616438
"101153",26.3658082191781,0.050301369863007,45.1351232876712,40.4324383561644,10.5830136986301,36.7900273972603,27.2781369863014
"101154",24.8025205479452,1.65205479452052,43.0934794520548,38.7202191780822,12.6867945205479,34.4584109589041,25.4051506849315
"101155",24.5707397260274,2.27243835616437,43.4396712328767,38.6995068493151,6.76306849315068,36.3511232876712,27.2702465753425
"101156",25.2631232876712,0.5010410958904,44.3875068493151,39.4510684931507,9.25841095890408,36.3136438356164,27.4162191780822
"101157",25.1023561643835,0.278136986301377,44.0561095890411,39.2360547945206,9.79495890410959,35.6626849315068,26.7958356164384
"101158",27.4211506849315,1.09380821917807,46.577095890411,41.6051506849315,9.27616438356165,38.2408767123288,28.3601095890411
