"","Andrena_carlini","Andrena_miserabilis","Osmia_atriventris","Osmia_bucephala","Osmia_lignaria","Osmia_pumila","Andrena_violae"
"100001",13.0369315068493,30.4224657534247,8.75539726027397,2.03572602739726,34.1447671232877,1.61161643835617,18.2781369863014
"100002",13.3456438356164,31.2923835616438,7.74147945205479,1.50509589041097,35.8984109589041,0.947835616438368,20.7537534246576
"100003",13.0714520547945,29.4302465753425,8.57983561643836,1.96668493150685,32.8024109589041,1.75463013698631,19.2999452054795
"100004",13.2213698630137,30.3662465753425,7.55802739726028,1.54257534246575,34.8746301369863,1.14509589041096,22.1582465753425
"100005",12.6483287671233,29.369095890411,8.14783561643836,2.12350684931506,33.6644383561644,1.80098630136987,23.0390136986301
"100006",11.7803835616438,28.2969863013699,10.1164931506849,3.33271232876713,31.5251506849315,3.09304109589043,18.2761643835616
"100007",14.2786849315069,29.4322191780822,6.77095890410959,1.79013698630136,32.7777534246575,0.971506849315062,21.2538082191781
"100008",17.5946301369863,31.1878356164383,1.82958904109589,3.21830136986301,35.2494246575342,3.22717808219178,25.6990684931507
"100009",14.0271780821918,29.3562739726027,6.06476712328767,1.3147397260274,33.630904109589,0.505972602739718,24.9810410958904
"100010",11.1432328767123,29.1955068493151,10.555397260274,3.89490410958905,33.3093698630137,3.32975342465754,18.6272876712329
"100011",11.9273424657534,29.0929315068493,9.54936986301371,3.0506301369863,32.9937534246575,2.66498630136986,19.1480547945205
"100012",13.924602739726,30.8801095890411,6.66443835616438,1.65599999999999,35.4683835616438,0.420164383561641,21.8958904109589
"100013",16.782904109589,32.1149589041096,2.04657534246577,2.49041095890411,37.180602739726,3.38399999999999,25.2404383561644
"100014",15.5312876712329,30.3800547945206,3.55758904109589,1.18652054794521,35.0847123287671,1.90652054794519,25.898301369863
"100015",12.7706301369863,30.1808219178082,8.41315068493151,2.11463013698628,34.4534794520548,1.67178082191781,20.354301369863
"100016",11.6097534246575,29.9914520547945,9.68054794520548,3.30016438356165,34.6201643835617,2.63638356164384,19.7822465753425
"100017",12.3573698630137,30.4372602739726,8.78005479452055,2.50816438356163,35.0620273972603,1.72799999999999,20.0317808219178
"100018",14.0695890410959,32.2569863013699,6.47112328767125,1.20526027397261,37.4478904109589,0.558246575342466,21.2863561643836
"100019",13.9630684931507,32.5124383561644,5.5065205479452,0.721972602739726,38.3937534246575,1.15495890410959,22.5655890410959
"100020",13.5685479452055,30.8712328767123,5.74224657534248,1.12339726027399,36.3590136986301,0.523726027397245,23.9049863013699
"100021",13.132602739726,30.7213150684931,7.78980821917808,1.67079452054794,35.3076164383562,1.07999999999998,20.4687123287671
"100022",11.8740821917808,30.4717808219178,9.26334246575342,2.98750684931507,35.3362191780822,2.05939726027395,19.6924931506849
"100023",13.0842739726027,30.9787397260274,7.8854794520548,1.73095890410958,35.6656438356165,0.911342465753421,20.2852602739726
"100024",17.2750684931507,35.1221917808219,1.60964383561645,2.87802739726028,40.9926575342466,4.62476712328765,22.9867397260274
"100025",16.2345205479452,33.6516164383562,2.57621917808218,1.85720547945206,39.3889315068493,3.51616438356164,23.3477260273973
"100026",11.3375342465753,28.6727671232877,9.43298630136987,3.4214794520548,33.2758356164383,2.57227397260273,21.4836164383562
"100027",10.9015890410959,29.8198356164383,10.1648219178082,3.93534246575344,34.8953424657534,3.17391780821919,19.1944109589041
"100028",11.9441095890411,30.3228493150685,8.84613698630137,2.81194520547946,35.3944109589041,1.98641095890412,20.145205479452
"100029",12.8544657534247,30.8613698630137,7.94958904109588,1.90947945205478,35.7475068493151,1.02673972602739,20.2694794520548
"100030",14.1652602739726,31.7894794520548,6.4346301369863,1.36208219178083,36.6785753424657,0.420164383561641,20.7685479452055
"100031",16.2108493150685,33.3419178082192,3.73808219178082,1.67178082191782,38.4884383561644,2.77643835616439,21.8515068493151
"100032",15.5569315068493,32.5104657534247,4.16120547945205,1.06520547945206,37.7141917808219,2.21030136986302,22.2341917808219
"100033",13.6898630136986,30.3386301369863,6.49183561643835,1.35221917808219,35.1458630136986,0.586849315068491,22.507397260274
"100034",11.4785753424658,30.4717808219178,9.35309589041096,3.28536986301368,35.7909041095891,2.50224657534245,19.5277808219178
"100035",11.304,29.7892602739726,9.64306849315069,3.49939726027398,34.7700821917808,2.82575342465753,19.2466849315068
"100036",12.8130410958904,30.1630684931507,8.04526027397262,1.97260273972603,34.6970958904109,1.45676712328766,20.0741917808219
"100037",13.118794520548,30.3721643835616,7.89139726027398,1.71419178082192,34.725698630137,1.29994520547945,19.4212602739726
"100038",13.4324383561644,30.4875616438356,7.40219178082191,1.36306849315068,34.9042191780822,0.971506849315062,19.662904109589
"100039",13.1789589041096,29.8967671232877,7.54027397260275,1.56920547945205,34.2601643835616,1.23780821917808,20.4016438356164
"100040",13.3318356164384,31.4492054794521,6.87550684931506,1.24668493150685,36.9152876712329,0.633205479452059,21.0723287671233
"100041",12.5526575342466,29.8395616438356,8.05610958904111,2.15704109589042,34.5639452054794,1.72602739726028,20.5308493150685
"100042",13.6918356164384,30.2557808219178,6.80942465753424,1.49621917808219,34.7414794520548,0.708164383561652,21.2676164383562
"100043",12.333698630137,30.6197260273973,8.568,2.45786301369863,35.5492602739726,1.74871232876711,19.4015342465754
"100044",12.146301369863,29.6728767123288,8.96153424657534,2.71528767123287,34.0668493150685,2.24580821917809,18.2781369863014
"100045",12.8515068493151,29.7468493150685,8.09063013698629,1.96471232876712,33.9948493150685,1.62246575342465,19.1312876712329
"100046",11.9184657534247,29.9135342465753,8.36876712328768,2.68569863013698,35.2523835616438,2.09884931506849,19.994301369863
"100047",12.8889863013698,29.1225205479452,7.55802739726028,1.78027397260276,33.501698630137,1.56526027397261,20.5614246575342
"100048",14.6603835616438,30.1167123287671,5.54498630136987,1.56032876712329,34.350904109589,0.134136986301371,21.4510684931507
"100049",14.2678356164384,31.313095890411,6.0026301369863,1.76153424657534,36.2258630136986,0.226849315068492,20.8809863013699
"100050",14.184,30.528,6.1545205479452,1.85030136986302,35.0551232876712,0.28306849315068,20.404602739726
"100051",14.3102465753425,30.9037808219178,6.18410958904109,1.84438356164385,35.4082191780822,0.227835616438384,20.0939178082192
"100052",12.161095890411,28.9518904109589,7.82531506849314,2.36120547945205,33.9987945205479,2.0189589041096,20.1146301369863
"100053",12.9945205479452,29.6038356164384,7.03627397260273,1.54356164383562,34.5254794520548,1.23978082191779,20.4874520547945
"100054",14.1366575342466,29.7902465753425,6.00756164383561,1.61260273972603,34.1694246575342,0.528657534246577,20.8494246575343
"100055",13.7648219178082,29.9569315068493,6.71868493150686,1.32756164383562,34.2858082191781,0.852164383561643,20.4450410958904
"100056",14.112,28.7753424657534,6.14761643835617,1.58498630136987,32.5933150684932,0.800876712328758,20.7350136986301
"100057",13.7845479452055,30.1798356164384,6.41490410958903,1.12734246575343,34.8549041095891,0.739726027397268,20.2004383561644
"100058",12.484602739726,28.6224657534246,7.18027397260275,1.944,33.6496438356164,1.7309589041096,20.2458082191781
"100059",13.3061917808219,29.7606575342466,6.33205479452054,1.11156164383563,34.9584657534247,0.831452054794525,20.7231780821918
"100060",14.3950684931507,29.4006575342466,5.2934794520548,1.78224657534247,33.8814246575342,0.256438356164395,21.1985753424657
"100061",13.4008767123288,28.5849863013699,6.81435616438355,1.2052602739726,32.6850410958904,1.2052602739726,20.232
"100062",14.2924931506849,28.4991780821918,5.68208219178084,1.62838356164383,32.356602739726,0.803835616438349,20.8681643835616
"100063",12.7045479452055,28.5179178082192,5.97797260273973,1.42520547945206,34.2660821917808,1.25654794520547,21.1443287671233
"100064",12.5802739726028,28.4646575342466,6.70586301369862,1.73391780821916,33.7088219178082,1.56526027397258,20.3572602739726
"100065",13.8141369863014,28.5928767123288,5.57950684931507,1.08394520547945,33.2294794520548,0.607561643835609,20.8701369863014
"100066",13.9818082191781,27.6637808219178,5.59923287671234,1.21709589041097,31.6277260273973,0.740712328767131,20.8129315068493
"100067",13.4058082191781,27.5069589041096,6.3517808219178,1.0691506849315,31.5083835616438,1.28416438356165,20.5643835616438
"100068",14.2707945205479,29.3533150684931,5.28756164383563,1.54356164383562,33.9859726027397,0.2929315068493,20.7281095890411
"100069",11.2842739726027,27.7515616438356,7.32131506849315,2.81490410958904,33.8695890410959,2.50816438356163,20.5555068493151
"100070",10.3847671232877,27.626301369863,8.71495890410959,3.86038356164383,33.6664109589041,3.40372602739725,19.7477260273973
"100071",13.0645479452055,28.605698630137,5.81621917808219,1.12734246575343,34.0520547945206,1.02082191780821,20.5574794520548
"100072",13.5941917808219,27.7347945205479,5.76197260273972,0.765369863013703,32.1100273972603,0.953753424657521,20.3079452054794
"100073",14.0439452054794,27.6795616438356,5.41084931506848,1.24569863013699,31.7322739726027,0.647013698630133,20.5653698630137
"100074",13.8535890410959,28.5534246575343,5.56668493150686,1.04942465753423,33.1318356164384,0.594739726027385,20.3819178082192
"100075",10.0484383561644,28.4104109589041,8.84613698630135,3.94027397260275,35.6824109589041,4.02904109589039,21.4244383561644
"100076",9.74268493150686,28.2861369863014,8.9861917808219,4.37720547945204,35.2573150684932,3.85150684931509,20.1087123287671
"100077",10.4261917808219,27.381698630137,8.44569863013699,3.75189041095891,33.4908493150685,3.34947945205479,19.7970410958904
"100078",11.7379726027397,29.3513424657534,6.88931506849315,2.35824657534248,35.9822465753425,1.81282191780824,20.2872328767123
"100079",13.1296438356164,29.0021917808219,5.60712328767123,1.0158904109589,34.7276712328767,0.836383561643828,20.1343561643836
"100080",13.370301369863,28.4695890410959,5.66432876712329,0.872876712328775,33.573698630137,0.863013698630141,20.0317808219178
"100081",13.5606575342466,27.5937534246575,5.95528767123288,0.840328767123296,31.7776438356164,1.0642191780822,19.7023561643836
"100082",13.0704657534246,28.6264109589041,6.56975342465753,1.35616438356165,33.4060273972603,1.2644383561644,19.1253698630137
"100083",11.0653150684932,27.9172602739726,7.26706849315069,2.76164383561644,35.2267397260274,2.70542465753425,23.8043835616438
"100084",9.4004383561644,27.086794520548,9.16175342465755,4.46794520547944,34.4061369863014,4.51331506849314,22.4847123287671
"100085",8.48810958904109,27.1854246575342,10.4390136986302,5.54202739726027,34.4860273972603,5.48482191780823,20.7823561643836
"100086",8.8214794520548,27.1469589041096,9.96854794520547,5.20668493150684,34.2897534246575,5.1307397260274,20.750794520548
"100087",11.3089315068493,28.9735890410959,6.79364383561644,2.43419178082192,36.6440547945205,2.08997260273972,23.0715616438356
"100088",11.5180273972603,28.9242739726027,6.61709589041097,2.33260273972601,36.1716164383562,2.25271232876712,22.1385205479452
"100089",11.2931506849315,28.4360547945206,6.97906849315069,2.69852054794521,35.164602739726,2.52295890410957,21.102904109589
"100090",12.1285479452055,29.1244931506849,6.15254794520548,1.86706849315068,35.7761095890411,1.54849315068495,20.9598904109589
"100091",12.1709589041096,29.4401095890411,6.33106849315068,1.89073972602739,36.021698630137,1.4133698630137,20.3444383561644
"100092",12.7765479452055,28.5248219178082,5.84087671232876,1.3334794520548,34.300602739726,1.17665753424657,19.9134246575343
"100093",12.5644931506849,28.5810410958904,6.34586301369863,1.63331506849316,34.2207123287671,1.42816438356166,19.6658630136986
"100094",13.1690958904109,28.7546301369863,6.0164383561644,1.11747945205482,33.9504657534246,1.00800000000001,19.7575890410959
"100095",14.0252054794521,29.1284383561644,4.99956164383561,0.963616438356155,34.243397260274,0.403397260273977,19.9538630136986
"100096",6.95934246575342,25.3982465753425,12.1492602739726,7.23550684931507,32.1070684931507,6.94553424657535,20.0860273972603
"100097",5.89512328767123,25.0836164383562,13.4906301369863,8.34509589041095,31.9946301369863,7.9821369863014,19.1677808219178
"100098",7.09841095890411,24.9859726027397,11.980602739726,7.02641095890412,31.6553424657534,6.97512328767124,20.2093150684932
"100099",8.94673972602737,25.7838904109589,9.73972602739725,4.99265753424658,32.5262465753425,5.17808219178082,21.6118356164384
"100100",9.07397260273972,26.0265205479452,9.56219178082192,4.87824657534247,32.7836712328767,5.04394520547946,21.3692054794521
"100101",8.68142465753424,26.3312876712329,10.0740821917808,5.328,33.2304657534247,5.34772602739727,20.6225753424657
"100102",9.44580821917808,27.4734246575342,9.25841095890411,4.53402739726027,34.6241095890411,4.30126027397262,20.6176438356164
"100103",9.93797260273972,27.870904109589,8.43978082191782,3.92252054794521,35.3204383561644,3.47178082191782,21.6226849315069
"100104",10.3601095890411,28.1224109589041,7.88153424657534,3.47473972602742,35.5709589041096,3.03386301369865,22.0527123287671
"100105",10.7092602739726,28.086904109589,7.64778082191781,3.23408219178083,35.057095890411,3.05358904109588,20.8139178082192
"100106",12.2449315068493,28.7270136986301,5.85961643835617,1.70038356164382,35.2967671232877,1.56230136986302,21.0003287671233
"100107",12.6710136986301,29.4598356164384,5.54991780821918,1.30783561643835,36.0680547945205,1.06816438356165,20.786301369863
"100108",12.7666849315068,29.2872328767123,5.45621917808219,1.21512328767125,35.7711780821918,0.88964383561644,20.598904109589
"100109",12.6966575342466,28.6747397260274,5.71265753424657,1.34728767123288,34.7414794520548,1.13819178082191,20.0396712328767
"100110",12.3721643835616,28.6954520547945,6.33008219178082,1.75857534246575,34.6625753424658,1.48438356164384,19.5859726027397
"100111",12.816,29.570301369863,6.02334246575343,1.35320547945206,35.6143561643836,0.992219178082195,19.8335342465753
"100112",6.33797260273973,24.1653698630137,12.5546301369863,7.78586301369864,30.8120547945205,7.62706849315069,19.8808767123288
"100113",5.688,23.5933150684931,13.485698630137,8.56602739726029,29.9007123287671,8.27605479452053,19.0316712328767
"100114",6.30246575342466,23.8467945205479,12.8278356164384,7.91112328767123,30.1147397260274,7.76021917808218,19.1164931506849
"100115",6.6397808219178,24.3192328767123,12.3879452054795,7.488,30.8909589041096,7.43769863013698,19.5090410958904
"100116",7.42882191780824,25.8618082191781,11.5604383561644,6.59934246575342,33.0509589041096,6.38235616438357,19.9193424657534
"100117",8.73369863013698,26.4417534246575,10.1500273972603,5.32109589041096,33.2344109589041,5.2826301369863,19.6836164383562
"100118",10.058301369863,27.0049315068493,8.59857534246575,3.9363287671233,33.6407671232877,3.93830136986303,20.2694794520548
"100119",11.2280547945205,28.5652602739726,7.15758904109589,2.64723287671232,35.712,2.21720547945206,21.189698630137
"100120",11.3178082191781,29.0672876712329,6.8666301369863,2.4667397260274,36.6568767123288,1.86805479452055,21.6335342465753
"100121",12.2469041095891,29.2734246575342,5.63967123287672,1.46071232876712,36.7673424657534,1.00701369863013,22.3328219178082
"100122",11.5190136986301,29.4440547945205,6.75320547945205,2.36909589041096,36.8127123287671,1.75265753424658,20.6807671232877
"100123",11.736,29.5091506849315,6.6644383561644,2.26750684931507,36.4773698630137,1.8,19.6727671232877
"100124",12.6226849315068,29.5407123287671,5.72153424657536,1.3926575342466,36.100602739726,1.15101369863014,19.6175342465753
"100125",13.326904109589,29.4953424657534,4.56164383561644,0.554301369863012,36.1104657534247,0.292931506849314,20.670904109589
"100126",13.3762191780822,29.8878904109589,4.53797260273971,0.510904109589049,36.641095890411,0.171616438356168,20.7902465753425
"100127",12.9363287671233,29.0909589041096,5.45720547945206,1.10071232876713,35.2523835616438,0.85413698630137,19.9597808219178
"100128",12.2666301369863,29.2783561643836,6.45435616438355,1.86410958904109,35.5472876712329,1.44591780821916,19.1480547945205
"100129",12.074301369863,28.4893150684932,6.12,1.79901369863013,35.236602739726,1.59287671232876,21.1423561643836
"100130",11.8454794520548,29.7517808219178,6.41884931506848,2.00219178082192,37.2289315068493,1.3758904109589,21.0782465753425
"100131",12.5102465753425,29.8119452054795,5.44142465753426,1.24668493150683,37.2841643835617,0.739726027397253,21.5270136986302
"100132",12.5546301369863,29.5525479452055,5.50060273972603,1.31276712328767,36.5710684931507,0.975452054794516,20.6018630136986
"100133",12.2932602739726,29.8257534246575,6.1170410958904,1.73687671232877,36.6105205479452,1.50904109589041,19.0356164383562
"100134",12.5940821917808,29.8109589041096,5.9464109589041,1.47945205479452,36.3343561643836,1.07802739726026,18.4497534246575
"100135",12.8426301369863,30.0900821917808,5.02520547945203,1.02378082191781,37.224,0.53654794520547,20.1284383561644
"100136",13.2598356164384,30.24,4.54586301369864,0.589808219178082,37.3058630136986,0.156821917808216,20.585095890411
"100137",12.1768767123288,30.0772602739726,6.1308493150685,1.8187397260274,37.123397260274,1.2052602739726,19.4547945205479
"100138",10.8779178082192,29.7340273972603,7.97128767123289,3.27649315068493,36.7446575342466,2.47561643835617,18.0443835616438
"100139",11.483506849315,29.238904109589,6.78378082191782,2.33063013698631,36.7446575342466,1.73293150684931,20.7448767123288
"100140",11.4716712328767,30.2715616438356,6.86564383561644,2.36909589041096,38.16,1.55638356164384,20.4410958904109
"100141",12.1443287671233,29.9391780821918,5.96219178082193,1.68558904109589,37.4173150684932,1.08098630136988,20.5860821917808
"100142",12.8396712328767,29.4923835616438,5.13172602739726,1.02180821917808,36.3787397260274,0.831452054794539,20.2201643835616
"100143",12.4727671232877,30.6463561643836,5.76887671232878,1.50016438356164,37.878904109589,1.04745205479453,18.9350136986301
"100144",12.5408219178082,30.4944657534247,5.70180821917808,1.43506849315067,37.6234520547945,1.03561643835617,18.6844931506849
"100145",13.2657534246575,30.5191232876712,4.47287671232876,0.560219178082193,37.771397260274,0.0690410958904124,20.2241095890411
"100146",13.1888219178082,30.6019726027397,4.70564383561646,0.684493150684943,37.7891506849315,0.187397260273983,20.0929315068493
"100147",12.074301369863,30.8199452054795,6.11112328767123,1.8769315068493,38.3681095890411,1.08394520547944,19.3334794520548
"100148",11.8001095890411,30.1620821917808,6.59736986301368,2.22016438356164,37.3443287671233,1.512,18.9300821917808
"100149",13.1612054794521,30.693698630137,4.89797260273971,0.761424657534235,37.7911232876712,0.218958904109584,20.1777534246575
"100150",11.0840547945206,29.5071780821918,7.2246575342466,2.75868493150683,37.2269589041096,2.02389041095888,19.6510684931507
"100151",11.2694794520548,29.9776438356165,7.07572602739727,2.61863013698627,37.6905205479452,1.82860273972601,19.396602739726
"100152",11.9884931506849,29.8099726027397,6.19495890410958,1.90750684931507,37.1115616438356,1.44394520547945,19.6066849315069
"100153",12.2488767123288,30.0752876712329,5.91682191780822,1.67572602739725,37.296,1.33052054794518,19.0139178082192
"100154",12.3248219178082,30.7735890410959,5.93063013698631,1.64909589041096,38.1254794520548,1.20230136986301,18.3609863013699
"100155",12.8860273972603,31.0428493150685,5.19978082191783,1.03956164383563,38.404602739726,0.553315068493148,18.8472328767123
"100156",12.8258630136987,30.931397260274,5.11298630136984,1.05534246575341,38.4006575342466,0.538520547945211,19.3295342465753
"100157",12.9659178082192,31.2065753424657,5.0587397260274,0.939945205479447,38.6620273972603,0.425095890410944,19.2249863013699
"100158",12.8702465753424,31.2499726027397,5.13073972602741,1.02673972602742,38.7902465753425,0.357041095890409,19.4676164383562
"100159",12.8682739726028,30.4264109589041,5.23134246575341,1.06717808219177,37.4991780821918,0.519780821917806,19.5060821917808
"100160",12.2419726027397,30.6128219178082,6.00657534246577,1.73194520547948,37.9301917808219,1.01884931506851,19.2407671232877
"100161",10.8295890410959,28.5544109589041,7.43375342465754,3.12460273972606,35.646904109589,2.64920547945206,18.028602739726
"100162",11.0002191780822,28.994301369863,7.28284931506849,2.96284931506851,36.1765479452055,2.55254794520548,17.8638904109589
"100163",11.4943561643835,29.6462465753425,6.80745205479452,2.49238356164385,36.8294794520548,2.17578082191781,17.9940821917808
"100164",12.196602739726,30.4934794520548,6.10224657534248,1.79309589041097,37.7329315068493,1.50312328767122,18.0808767123287
"100165",12.1591232876712,30.8870136986302,6.09139726027396,1.81282191780819,38.369095890411,1.34531506849316,17.9684383561644
"100166",12.2804383561644,31.3545205479452,5.94147945205479,1.67967123287671,39.0220273972603,1.0987397260274,18.0177534246575
"100167",12.1472876712329,31.485698630137,6.25019178082192,1.86410958904109,39.1206575342466,1.22202739726028,17.5591232876712
"100168",12.1887123287671,31.1286575342466,6.30443835616438,1.85523287671234,38.4933698630137,1.1332602739726,17.5985753424658
"100169",13.3456438356164,31.0270684931507,4.7145205479452,0.575999999999993,38.1925479452055,0.0305753424657524,19.0878904109589
"100170",12.9540821917808,30.4855890410959,5.26290410958903,1.01786301369863,37.4419726027397,0.478356164383555,18.9014794520548
"100171",11.260602739726,30.0930410958904,7.36471232876713,2.82575342465753,37.2920547945205,2.02389041095891,17.8333150684931
"100172",12.4747397260274,31.608,5.55386301369862,1.42520547945205,39.4747397260274,0.54641095890409,19.5997808219178
"100173",11.2724383561644,28.8798904109589,6.84295890410959,2.64427397260275,36.0246575342466,2.22213698630136,17.9043287671233
"100174",10.7546301369863,28.1993424657534,7.50279452054794,3.2291506849315,35.0797808219178,3.07430136986302,17.1054246575343
"100175",10.8019726027397,29.6107397260274,7.62608219178082,3.2232328767123,36.9724931506849,2.8267397260274,16.8223561643836
"100176",11.203397260274,30.7124383561644,7.28186301369864,2.83364383561644,38.3493698630137,2.31287671232877,16.9111232876712
"100177",11.6561095890411,31.3476164383562,6.62597260273972,2.31583561643833,39.2518356164384,1.64712328767123,17.5739178082192
"100178",12.0585205479452,30.9629589041096,6.1466301369863,1.89764383561644,38.5663561643836,1.36109589041095,17.7869589041096
"100179",12.3060821917808,31.0783561643836,6.15353424657533,1.72898630136984,38.3957260273973,1.1579178082192,17.0363835616438
"100180",12.7321643835616,30.9244931506849,5.616,1.27430136986301,38.0722191780822,0.699287671232881,17.690301369863
"100181",13.2953424657534,31.2795616438356,4.59912328767123,0.573041095890417,38.7320547945205,0.068054794520549,19.2101917808219
"100182",13.2963287671233,31.4087671232877,4.58531506849316,0.567123287671251,38.9322739726027,0.101589041095892,19.2792328767123
"100183",12.3267945205479,30.5852054794521,5.82608219178081,1.6185205479452,37.9351232876712,0.927123287671222,18.6825205479452
"100184",12.4372602739726,30.0762739726027,5.65249315068493,1.49424657534249,37.1963835616438,0.930082191780826,19.0060273972603
"100185",11.8306849315069,28.6579726027397,5.83101369863012,1.94202739726026,35.8757260273973,1.53468493150685,18.9616438356165
"100186",10.5692054794521,28.4942465753425,7.51857534246574,3.35934246575343,35.7475068493151,2.98158904109589,17.2247671232877
"100187",10.2101917808219,29.7872876712329,8.1596712328767,3.79035616438355,37.5573698630137,3.20153424657532,16.4268493150685
"100188",10.9242739726027,30.3711780821918,7.41895890410959,3.06936986301372,38.1047671232877,2.57128767123289,16.7335890410959
"100189",11.5229589041096,30.4786849315068,6.73545205479454,2.44898630136987,38.059397260274,2.02487671232876,17.0807671232877
"100190",11.2793424657534,30.9225205479452,6.96427397260277,2.68273972602741,38.8356164383562,2.0238904109589,17.1093698630137
"100191",11.6866849315068,30.8771506849315,6.68021917808218,2.31583561643836,38.469698630137,1.66783561643835,16.9150684931507
"100192",12.7114520547945,30.7706301369863,5.46213698630137,1.24175342465755,38.0110684931507,0.695342465753441,17.6123835616438
"100193",13.1000547945205,30.9688767123288,4.68098630136988,0.733808219178087,38.4677260273972,0.224876712328765,18.8738630136986
"100194",12.8761643835617,31.2835068493151,4.95320547945205,0.968547945205472,38.9894794520548,0.267287671232893,18.9941917808219
"100195",12.4767123287671,30.6828493150685,5.42761643835617,1.39265753424655,38.2300273972603,0.705205479452061,18.8472328767123
"100196",12.0881095890411,30.246904109589,5.78465753424658,1.77238356164385,37.7990136986301,1.0938082191781,18.9665753424657
"100197",13.0694794520548,30.2094246575342,4.57150684931509,0.727890410958906,37.4952328767123,0.257424657534244,19.7585753424657
"100198",13.3446575342466,29.4164383561644,4.34071232876713,0.88865753424659,36.1666849315069,0.229808219178082,19.5899178082192
"100199",10.4626849315068,28.5267945205479,7.07769863013701,3.2163287671233,36.554301369863,2.54465753424658,18.4369315068493
"100200",10.2338630136986,28.6195068493151,7.46531506849314,3.53391780821919,36.5345753424657,2.80208219178083,17.6419726027397
"100201",11.1294246575342,28.7072876712329,6.55890410958905,2.67879452054795,36.1538630136986,2.31583561643836,17.733698630137
"100202",11.4341917808219,29.9963835616438,6.39616438356165,2.40953424657535,37.7733698630137,1.88975342465756,17.618301369863
"100203",11.829698630137,30.593095890411,6.02926027397261,2.02093150684932,38.4381369863014,1.44197260273974,17.6774794520548
"100204",11.7991232876712,31.1158356164383,6.08843835616439,2.05545205479453,39.1916712328767,1.33446575342465,17.5946301369863
"100205",11.6265205479452,30.7587945205479,6.42378082191782,2.27934246575343,38.6048219178082,1.69841095890413,17.1024657534247
"100206",12.3080547945206,30.7479452054795,5.76000000000001,1.60964383561645,38.2566575342466,1.0425205479452,17.3677808219178
"100207",13.1059726027397,30.8820821917808,4.62871232876712,0.715068493150696,38.3799452054794,0.243616438356156,18.3659178082192
"100208",13.0458082191781,31.2203835616438,4.55769863013698,0.730849315068482,39.0190684931507,0.0700273972603043,18.8916164383562
"100209",13.0418630136986,31.348602739726,4.47090410958904,0.706191780821911,39.2893150684932,0.0216986301369815,19.4538082191781
"100210",12.5635068493151,30.744,4.94334246575343,1.18356164383562,38.6314520547945,0.492164383561658,19.5129863013699
"100211",12.1019178082192,29.7350136986302,5.53117808219177,1.68854794520547,37.2555616438356,1.11550684931507,19.1717260273973
"100212",11.9135342465753,28.7220821917808,5.96219178082191,1.95879452054795,35.6459178082192,1.56328767123287,18.5493698630137
"100213",12.3534246575343,29.7951780821918,5.50060273972602,1.5070684931507,37.0306849315069,0.978410958904107,19.0218082191781
"100214",9.53753424657535,28.1401643835616,8.01961643835615,4.17402739726029,36.3146301369863,3.39189041095892,17.7928767123287
"100215",9.89358904109589,28.8828493150685,7.69019178082189,3.82389041095891,37.2092054794521,2.96186301369863,17.4989589041096
"100216",10.2802191780822,29.0682739726027,7.23550684931507,3.45106849315067,37.2664109589041,2.64230136986301,17.5403835616438
"100217",10.9568219178082,29.5101369863014,6.66345205479452,2.82180821917808,37.468602739726,2.27441095890411,17.4969863013699
"100218",11.0524931506849,29.8188493150685,6.81928767123287,2.80208219178081,37.6530410958904,2.30597260273974,16.9071780821918
"100219",11.1984657534247,30.5615342465753,6.74926027397261,2.67484931506849,38.6058082191781,2.03967123287673,16.8618082191781
"100220",11.3809315068493,30.5023561643836,6.51353424657533,2.47758904109588,38.4815342465754,1.83452054794522,16.9190136986302
"100221",12.0624657534247,30.8179726027397,5.72350684931506,1.76547945205479,38.7251506849315,1.0849315068493,17.4703561643836
"100222",12.2814246575342,30.7015890410959,5.55386301369863,1.56427397260275,38.4085479452055,0.993205479452058,17.4249863013699
"100223",12.571397260274,31.0793424657534,5.1258082191781,1.23189041095893,38.9490410958904,0.489205479452053,18.1084931506849
"100224",12.4767123287671,31.564602739726,5.07550684931505,1.27726027397259,39.8317808219178,0.397479452054782,18.7949589041096
"100225",12.5871780821918,31.0980821917808,4.89994520547945,1.15101369863014,39.1551780821918,0.390575342465752,19.0494246575343
"100226",12.3731506849315,29.764602739726,5.20865753424658,1.40449315068494,37.2180821917808,0.879780821917805,18.7969315068493
"100227",11.3296438356164,28.9864109589041,6.49775342465755,2.52098630136986,36.3461917808219,1.94695890410959,18.0877808219178
"100228",11.2448219178082,28.7585753424658,6.71079452054795,2.64624657534245,35.9388493150685,2.10476712328767,17.8362739726027
"100229",10.9647123287671,27.4546849315069,7.1171506849315,2.97369863013698,34.0471232876712,2.65019178082193,17.6932602739726
"100230",8.77709589041096,27.2929315068493,8.76624657534245,4.97786301369864,35.301698630137,4.4778082191781,16.7809315068493
"100231",8.76526027397259,28.2230136986301,9.01676712328768,5.05578082191781,36.4576438356164,4.51035616438358,16.1684383561644
"100232",8.87769863013698,29.369095890411,8.99309589041097,4.96208219178084,38.0051506849315,4.21052054794519,16.1733698630137
"100233",9.52471232876714,29.4539178082192,8.36383561643837,4.32493150684931,37.8138082191781,3.82980821917809,16.1546301369863
"100234",10.1441095890411,29.5476164383562,7.79572602739725,3.72526027397259,37.6175342465754,3.26958904109588,16.1260273972603
"100235",10.9607671232877,30.0417534246575,6.77983561643838,2.85041095890412,38.1392876712329,2.3118904109589,16.8381369863014
"100236",11.0495342465753,29.7606575342466,6.68416438356164,2.76263013698629,37.6924931506849,2.21326027397259,16.6773698630137
"100237",11.3434520547945,30.3198904109589,6.31331506849315,2.44306849315069,38.4430684931507,1.69150684931509,17.1527671232877
"100238",12.4944657534247,30.7745753424658,5.1593424657534,1.29698630136986,38.5762191780822,0.651945205479464,17.9003835616438
"100239",12.8258630136986,29.729095890411,4.7253698630137,0.945863013698627,36.9843287671233,0.522739726027396,18.1213150684931
"100240",12.390904109589,30.7647123287671,5.19189041095889,1.37786301369863,38.6728767123288,0.577972602739706,18.2140273972603
"100241",11.8089863013699,30.7025753424658,6.01150684931507,2.0288219178082,38.6413150684932,1.19539726027396,17.7238356164384
"100242",11.3907945205479,30.1916712328767,6.674301369863,2.5229589041096,37.872,1.7151780821918,17.0847123287671
"100243",10.8424109589041,29.5732602739726,7.35583561643836,3.11276712328767,37.1026849315068,2.32273972602739,16.710904109589
"100244",10.8611506849315,28.8887671232877,7.20098630136987,3.05852054794519,36.2120547945206,2.41249315068492,17.2306849315069
"100245",10.5810410958904,27.9527671232877,7.54323287671232,3.36328767123285,34.9180273972603,2.85534246575341,17.2750684931507
"100246",10.3906849315069,27.4951232876712,7.57479452054793,3.50728767123286,34.4771506849315,3.05161643835616,18.0808767123288
"100247",7.5146301369863,27.9221917808219,9.78115068493152,6.09435616438357,37.1845479452055,5.02619178082192,16.9673424657534
"100248",8.55123287671231,26.5453150684931,8.71791780821918,5.12482191780823,34.5570410958904,4.93052054794519,16.7720547945205
"100249",7.93380821917809,27.8620273972603,10.1125479452055,5.96416438356165,36.0818630136986,5.33687671232876,15.3379726027397
"100250",7.74542465753423,29.0061369863014,10.361095890411,6.16043835616441,37.7901369863014,5.37238356164386,15.4918356164383
"100251",8.50093150684933,28.3808219178082,9.47243835616437,5.37534246575342,36.6420821917808,4.83682191780819,15.5865205479452
"100252",9.36197260273973,28.3857534246575,8.61632876712329,4.52317808219178,36.2455890410959,4.06158904109591,15.7117808219178
"100253",10.051397260274,29.0840547945206,7.74838356164385,3.77852054794519,37.1066301369863,3.31890410958903,16.1102465753425
"100254",10.4261917808219,30.0821917808219,7.26805479452054,3.36624657534246,38.4864657534247,2.68471232876711,16.3597808219178
"100255",11.5377534246575,30.168,5.91780821917808,2.18958904109589,38.3079452054795,1.49917808219179,17.2977534246575
"100256",12.3327123287671,29.1284383561644,5.11495890410959,1.40843835616438,36.425095890411,1.11353424657536,17.3855342465753
"100257",11.5387397260274,29.3927671232877,6.09928767123289,2.25172602739725,37.0119452054795,1.64515068493149,17.0531506849315
"100258",11.3207671232877,30.1403835616438,6.48394520547946,2.51210958904109,38.0584109589041,1.66191780821917,16.9801643835616
"100259",11.8208219178082,30.1019178082192,6.03221917808219,2.03178082191781,37.728,1.32756164383561,17.0985205479452
"100260",11.6965479452055,29.5407123287671,6.40504109589041,2.23594520547944,36.7446575342466,1.62936986301368,16.5116712328767
"100261",10.6668493150685,29.0554520547945,7.70794520547946,3.34553424657535,36.2692602739726,2.63145205479451,16.0293698630137
"100262",10.4518356164383,28.6855890410959,7.85983561643837,3.54279452054796,35.884602739726,2.85928767123288,16.3962739726027
"100263",10.6974246575342,28.8473424657534,7.31539726027397,3.20547945205479,36.2702465753425,2.53282191780823,17.2533698630137
"100264",9.97249315068491,27.9922191780822,8.11430136986303,3.95506849315068,35.2908493150685,3.31101369863013,17.5295342465753
"100265",10.763506849315,28.6934794520548,6.83013698630138,3.01216438356165,36.3856438356164,2.37600000000002,18.5365479452055
"100266",8.71890410958906,26.9358904109589,8.3362191780822,4.88909589041094,35.2395616438356,4.79145205479452,17.3717260273973
"100267",9.25249315068493,27.4872328767123,7.76021917808218,4.33479452054793,35.8589589041096,4.18290410958906,17.4013150684931
"100268",7.85391780821919,27.8718904109589,9.77326027397258,5.91484931506849,36.5049863013699,5.47397260273972,15.9692054794521
"100269",6.96230136986301,28.6806575342466,10.9114520547945,6.79857534246575,38.0820821917808,6.18509589041095,16.2828493150685
"100270",7.89830136986302,27.4803287671233,9.78509589041097,5.87145205479452,35.9181369863014,5.55978082191778,16.1408219178082
"100271",9.31758904109589,27.936,8.16854794520548,4.41961643835617,36.043397260274,4.22038356164383,16.689205479452
"100272",9.00295890410958,29.1392876712329,8.74750684931507,4.80230136986302,37.7171506849315,4.29336986301368,15.8390136986301
"100273",8.73369863013698,30.657205479452,9.18443835616438,5.10805479452054,39.9136438356164,4.13260273972602,15.3014794520548
"100274",10.518904109589,29.9204383561644,7.12109589041096,3.25873972602739,38.2556712328767,2.59791780821919,16.1398356164383
"100275",11.2260821917808,28.8384657534247,6.36164383561645,2.55156164383563,36.3905753424658,2.17676712328766,16.2424109589041
"100276",11.2901917808219,28.9745753424657,6.33304109589042,2.49731506849315,36.5286575342466,1.91243835616439,16.4357260273973
"100277",11.3848767123288,30.0486575342466,6.35375342465754,2.4292602739726,37.9548493150685,1.52087671232876,16.7316164383562
"100278",11.9243835616438,30.3869589041096,5.91484931506849,1.92230136986302,38.109698630137,1.1648219178082,16.9288767123288
"100279",11.9944109589041,29.5357808219178,5.78663013698632,1.84339726027399,36.8827397260274,1.29205479452055,16.7345753424657
"100280",11.16,29.6975342465753,6.86367123287671,2.74290410958903,37.2920547945206,1.98936986301369,16.1802739726027
"100281",10.7240547945205,29.3069589041096,7.57479452054795,3.26268493150685,36.6785753424658,2.50619178082192,15.7946301369863
"100282",11.0968767123288,28.893698630137,6.97808219178083,2.82871232876712,36.0996164383562,2.23101369863014,16.531397260274
"100283",10.3709589041096,28.4883287671233,7.66652054794521,3.54082191780822,35.8767123287671,2.87506849315068,16.6842739726027
"100284",9.1094794520548,27.6618082191781,9.25249315068493,4.89797260273973,34.963397260274,4.14838356164384,15.8715616438356
"100285",9.10060273972601,26.9181369863013,8.98224657534247,4.8269589041096,34.1250410958904,4.22531506849316,16.6477808219178
"100286",9.04043835616442,26.3618630136987,8.74652054794518,4.80032876712328,33.6032876712329,4.29534246575341,17.877698630137
"100287",7.44361643835617,26.1261369863014,10.0415342465753,6.29260273972602,34.265095890411,6.00657534246575,16.0303561643836
"100288",8.64197260273973,26.928,8.55123287671235,4.99956164383562,35.1636164383562,4.91375342465754,16.7335890410959
"100289",7.92295890410961,25.3972602739726,9.1361095890411,5.65446575342465,33.4642191780822,5.79156164383564,16.8302465753425
"100290",6.52142465753424,24.364602739726,10.7437808219178,7.12208219178082,32.4039452054794,7.17139726027398,16.3380821917808
"100291",6.39616438356164,25.4692602739726,11.2024109589041,7.29369863013697,33.9149589041096,7.20197260273973,16.1615342465753
"100292",8.39441095890412,26.9635068493151,8.8796712328767,5.18104109589039,35.5147397260274,5.0745205479452,17.6025205479452
"100293",9.4694794520548,27.6933698630137,7.71189041095893,4.14838356164383,35.9704109589041,4.00043835616438,17.4969863013699
"100294",9.66180821917808,29.2773698630137,7.71189041095892,4.032,37.9459726027397,3.46093150684931,16.769095890411
"100295",10.6855890410959,29.0081095890411,6.58454794520547,2.98750684931505,37.1697534246575,2.45687671232876,16.6704657534247
"100296",10.4054794520548,29.1501369863014,7.22268493150685,3.37413698630137,37.1914520547945,2.78038356164386,15.6437260273973
"100297",10.9420273972603,28.771397260274,6.62202739726028,2.82575342465753,36.4438356164383,2.20931506849317,16.0372602739726
"100298",11.6876712328767,29.2201643835617,5.84679452054793,2.07320547945204,36.7811506849315,1.44493150684931,16.4179726027397
"100299",11.6630136986301,29.6876712328767,5.9020273972603,2.10378082191784,37.4508493150685,1.27824657534246,16.3134246575342
"100300",12.2064657534247,30.974794520548,4.99463013698629,1.44098630136986,39.4037260273973,0.540493150684938,17.4151232876712
"100301",10.828602739726,29.9993424657534,7.14279452054794,3.0535890410959,37.9341369863014,2.16,15.7098082191781
"100302",10.0711232876712,29.3809315068493,8.39539726027398,3.96197260273972,36.9409315068493,3.05654794520548,14.7471780821918
"100303",10.7141917808219,28.9824657534246,7.56098630136988,3.26860273972603,36.2298082191781,2.57720547945206,15.1949589041096
"100304",10.5662465753425,29.1205479452055,7.47912328767123,3.3435616438356,36.7022465753425,2.58706849315067,15.7847671232877
"100305",10.1007123287671,28.2052602739726,7.99298630136987,3.82783561643835,35.5364383561644,3.16602739726027,15.6289315068493
"100306",10.0089863013699,27.3905753424658,7.94268493150685,3.88208219178081,34.5126575342466,3.36821917808219,16.1339178082192
"100307",8.38849315068492,26.5364383561644,9.84230136986301,5.58147945205481,33.7660273972603,4.91473972602741,16.0885479452055
"100308",7.79572602739727,25.3933150684932,10.6796712328767,6.25413698630136,32.1514520547945,5.70772602739724,15.8656438356164
"100309",5.84778082191779,24.3547397260274,11.779397260274,7.93380821917809,32.2855890410959,7.57972602739729,14.7274520547945
"100310",7.95353424657534,25.6507397260274,9.21994520547945,5.69490410958903,33.6082191780822,5.62980821917809,16.3933150684932
"100311",6.02630136986301,22.7332602739726,11.0653150684931,7.60536986301371,30.3041095890411,7.74443835616438,15.8025205479452
"100312",1.32460273972603,18.597698630137,17.8737534246575,13.6405479452055,25.9278904109589,13.2420821917808,10.8877808219178
"100313",1.11550684931507,19.0435068493151,18.1706301369863,13.8397808219178,26.5364383561644,13.3811506849315,11.1037808219178
"100314",4.36438356164381,22.2657534246575,12.9037808219178,9.26432876712332,30.369205479452,9.34323287671234,16.2621369863014
"100315",8.33523287671235,24.9938630136986,8.55024657534248,5.20569863013696,32.8043835616438,5.49665753424657,18.158794520548
"100316",9.64997260273971,26.8816438356164,7.31835616438356,3.93928767123288,34.804602739726,3.97183561643837,17.8116164383562
"100317",10.0030684931507,27.4990684931507,7.05008219178082,3.61084931506851,35.4713424657534,3.38794520547945,17.1133150684932
"100318",9.63813698630136,28.577095890411,7.87758904109589,4.10498630136985,36.8067945205479,3.5625205479452,15.5648219178082
"100319",9.41128767123288,29.0436164383562,8.38158904109589,4.41172602739726,37.3492602739726,3.5812602739726,14.838904109589
"100320",10.4597260273973,29.4805479452055,7.10926027397261,3.29917808219179,37.7003835616438,2.43419178082193,15.6348493150685
"100321",11.131397260274,29.9411506849315,6.23243835616438,2.56635616438355,38.2458082191781,1.73983561643836,16.272
"100322",11.2527123287671,29.2477808219178,6.11506849315069,2.45293150684931,37.1707397260274,1.67868493150685,16.3449863013698
"100323",10.8759452054794,29.2063561643835,6.89227397260275,2.95002739726029,36.9310684931507,2.23397260273974,15.8301369863014
"100324",9.7229589041096,29.5910136986301,8.57391780821918,4.25293150684931,37.5603287671233,3.22717808219177,14.5952876712329
"100325",10.6451506849315,30.0220273972603,7.37950684931508,3.25084931506848,38.0051506849315,2.32175342465754,15.4001095890411
"100326",10.1677808219178,29.7093698630137,7.84306849315067,3.722301369863,37.7802739726027,2.75868493150683,15.4592876712329
"100327",10.1707397260274,28.5830136986301,7.91408219178084,3.75189041095892,36.065095890411,3.02597260273973,15.2866849315068
"100328",10.073095890411,27.7781917808219,8.01863013698627,3.8584109589041,34.9259178082192,3.28043835616437,15.3182465753425
"100329",8.83035616438359,26.7928767123288,9.32942465753423,5.11890410958902,33.998794520548,4.48964383561641,15.5224109589041
"100330",7.69216438356163,25.8706849315068,10.7082739726027,6.33008219178083,32.9651506849315,5.66038356164384,14.9138630136986
"100331",8.09950684931506,25.2552328767123,10.3088219178082,5.93457534246576,31.8683835616438,5.47890410958904,15.3231780821918
"100332",7.69808219178083,25.754301369863,9.12328767123286,5.8290410958904,34.2167671232877,5.81227397260272,17.0432876712329
"100333",8.21095890410962,24.9238356164384,8.7248219178082,5.37336986301368,32.6367123287671,5.5124383561644,16.7986849315069
"100334",2.5762191780822,17.0462465753425,17.1872876712329,12.7952876712329,22.9857534246575,12.6276164383562,9.93501369863013
"100335",3.44416438356167,22.1483835616438,14.0202739726027,10.2269589041096,30.4826301369863,10.1391780821918,13.2608219178082
"100336",3.01413698630137,23.0755068493151,14.4029589041096,10.6372602739726,32.5834520547945,10.4735342465754,14.8566575342466
"100337",1.53961643835616,15.667397260274,19.0257534246575,15.2886575342466,23.1208767123288,15.2916164383561,12.5388493150685
"100338",0.619397260273971,16.7000547945206,18.4221369863014,14.465095890411,23.9247123287671,14.284602739726,13.3949589041096
"100339",5.08438356164385,22.6306849315069,12.2656438356164,8.61928767123288,30.3603287671233,8.51967123287672,16.1358904109589
"100340",7.91112328767123,24.9198904109589,9.36591780821917,5.77479452054796,32.4660821917808,5.68602739726029,16.4002191780822
"100341",8.59857534246575,26.8688219178082,9.06706849315069,5.19682191780824,34.6556712328767,4.70465753424659,15.2344109589041
"100342",8.75934246575342,28.0809863013699,8.93095890410959,5.03506849315069,36.3343561643836,4.31210958904109,14.8142465753425
"100343",10.1145205479452,29.3967123287671,7.23254794520545,3.57435616438356,37.9361095890411,2.64920547945205,15.6318904109589
"100344",10.4498630136986,29.3454246575343,7.11813698630137,3.31002739726026,37.5080547945206,2.47068493150684,15.4504109589041
"100345",10.6214794520548,28.7901369863014,6.88142465753424,3.12460273972603,36.6746301369863,2.39079452054791,15.6210410958904
"100346",10.4291506849315,28.6510684931507,7.33216438356163,3.39583561643835,36.331397260274,2.70147945205477,15.2521643835616
"100347",9.75254794520548,28.7368767123288,8.33424657534248,4.16613698630138,36.482301369863,3.32087671232878,14.5449863013699
"100348",9.82849315068493,28.937095890411,8.19123287671232,4.06849315068493,36.7998904109589,3.19561643835615,14.8280547945206
"100349",10.3275616438356,29.2329863013698,7.55506849315069,3.52898630136987,37.1224109589041,2.69457534246575,15.3754520547945
"100350",9.95671232876713,29.1432328767123,8.16065753424658,3.96986301369863,36.9547397260274,3.08219178082192,14.9996712328767
"100351",9.9892602739726,28.4528219178082,7.98509589041095,3.89983561643835,36.0562191780822,3.16010958904108,15.2492054794521
"100352",9.02663013698631,27.8018630136986,8.99605479452055,4.87430136986301,35.5078356164384,4.07145205479453,15.1998904109589
"100353",7.67243835616436,26.8648767123288,10.7112328767123,6.336,34.444602739726,5.45424657534247,14.2915068493151
"100354",7.18717808219179,25.0244383561644,11.491397260274,6.92383561643835,31.7135342465754,6.33205479452053,13.8989589041096
"100355",8.46049315068493,23.803397260274,9.95079452054793,5.5893698630137,29.5712876712329,5.51342465753424,15.12
"100356",8.64098630136986,23.76,9.63024657534248,5.36745205479451,29.5505753424658,5.33490410958905,15.7413698630137
"100357",0.978410958904121,16.2522739726027,18.8176438356165,14.8359452054795,23.4039452054794,14.6751780821918,9.2455890410959
"100358",1.73687671232877,20.0268493150685,15.624,12.1107945205479,28.9864109589041,12.2646575342466,13.6957808219178
"100359",1.2082191780822,18.5769863013699,18.2870136986301,14.7077260273972,27.8817534246575,14.5834520547945,12.7775342465754
"100360",5.59134246575344,14.1494794520548,24.2630136986301,19.6836164383561,21.7262465753425,18.7397260273973,7.99594520547944
"100361",2.81293150684931,17.4407671232877,17.8658630136986,13.1957260273973,23.3467397260274,12.894904109589,9.37775342465753
"100362",6.10126027397261,24.3843287671233,12.2153424657534,7.89435616438357,31.6001095890411,7.20098630136987,12.8130410958904
"100363",7.6744109589041,27.0374794520548,10.1746849315068,6.16832876712328,35.1685479452055,5.36449315068494,13.8417534246575
"100364",9.72690410958904,27.4980821917808,7.84997260273973,4.04580821917808,35.1330410958904,3.45304109589041,14.5864109589041
"100365",10.1884931506849,29.3700821917808,7.64876712328768,3.65227397260273,37.4291506849315,2.76164383561643,14.4236712328767
"100366",9.86498630136987,28.5800547945205,8.05808219178081,4.00635616438355,36.3471780821918,3.21238356164383,14.1475068493151
"100367",9.49117808219175,28.3157260273972,8.53446575342468,4.40975342465755,36.0404383561644,3.59605479452057,14.0113972602739
"100368",9.77030136986302,28.0188493150685,8.22969863013699,4.12767123287672,35.4989589041096,3.43430136986302,14.061698630137
"100369",9.06213698630137,28.0938082191781,9.12230136986301,4.88712328767123,35.7741369863014,4.03298630136987,13.6494246575342
"100370",9.62630136986303,28.2082191780822,8.53742465753422,4.31999999999999,35.6981917808219,3.56054794520546,14.1317260273973
"100371",9.96263013698631,28.7526575342466,8.10838356164383,3.95309589041095,36.4221369863014,3.14827397260272,14.6386849315068
"100372",9.95868493150684,28.2486575342466,7.98016438356167,3.9205479452055,35.8037260273972,3.2163287671233,14.9148493150685
"100373",9.56021917808218,27.9350136986301,8.3894794520548,4.32197260273972,35.5206575342466,3.59999999999999,14.9710684931507
"100374",8.92208219178082,27.0996164383562,9.24657534246575,5.02915068493151,34.3992328767123,4.35353424657534,14.5479452054795
"100375",8.84613698630136,25.7414794520548,9.46454794520548,5.15934246575341,32.3191232876712,4.75594520547943,14.4345205479452
"100376",9.61545205479452,24.0894246575343,8.63506849315068,4.392,29.5979178082192,4.49358904109587,15.062794520548
"100377",9.30082191780821,24.0420821917808,8.98323287671232,4.71452054794521,29.6452602739726,4.76087671232875,15.1742465753425
"100378",2.22410958904111,19.0819726027397,15.2600547945205,11.9825753424658,27.2761643835616,12.0624657534246,11.3128767123288
"100379",1.88778082191781,20.4904109589041,15.4060273972602,12.0703561643836,29.5890410958904,12.0328767123288,11.217205479452
"100380",5.29939726027398,25.8026301369863,11.3069589041096,8.04920547945204,35.9980273972603,7.13884931506853,13.5458630136986
"100381",5.88131506849315,24.2778082191781,11.2379178082192,7.74443835616438,32.6061369863014,7.50378082191781,11.7823561643836
"100382",4.95715068493152,22.9906849315068,13.5636164383562,9.10356164383562,29.9115616438356,8.46641095890411,10.6204931506849
"100383",5.85863013698629,24.8409863013699,12.3129863013699,8.08569863013699,32.5094794520548,7.24339726027398,11.7458630136986
"100384",8.14389041095889,26.2257534246575,9.88569863013697,5.76493150684931,33.602301369863,5.10706849315068,12.693698630137
"100385",9.18739726027397,27.8067945205479,8.7603287671233,4.69183561643835,35.5058630136986,3.91857534246576,13.0112876712329
"100386",8.70312328767123,28.2121643835617,9.49216438356163,5.24515068493152,36.1055342465753,4.29238356164383,12.369205479452
"100387",8.5601095890411,28.0070136986301,9.64405479452053,5.39112328767121,35.8619178082192,4.45117808219175,12.5092602739726
"100388",9.02268493150684,27.5681095890411,9.07791780821918,4.90487671232877,35.0985205479452,4.15035616438358,12.9244931506849
"100389",8.62619178082191,28.0543561643836,9.57994520547945,5.32602739726026,35.9003835616438,4.39002739726027,12.7459726027397
"100390",8.48712328767124,28.5603287671233,9.79791780821915,5.48383561643836,36.6361643835616,4.41468493150683,12.7804931506849
"100391",9.06016438356163,28.9696438356164,9.07693150684932,4.8664109589041,37.0997260273973,3.82882191780823,13.4699178082192
"100392",9.05621917808219,28.2101917808219,9.14695890410958,4.89698630136986,35.9309589041096,4.01917808219179,13.4679452054795
"100393",9.31561643835617,27.3955068493151,8.90334246575343,4.65139726027397,34.6043835616438,3.99846575342465,13.7076164383562
"100394",9.22586301369863,26.2099726027397,9.18049315068494,4.80821917808218,32.7442191780822,4.38904109589041,13.464
"100395",9.11342465753424,26.1172602739726,9.30180821917807,4.92361643835616,32.6524931506849,4.49950684931507,13.701698630137
"100396",9.84624657534245,25.0934794520548,8.37271232876712,4.14542465753426,30.988602739726,4.08427397260274,14.3575890410959
"100397",9.1144109589041,25.3331506849315,9.24558904109591,4.91276712328768,31.5547397260274,4.651397260274,14.061698630137
"100398",8.9358904109589,24.6989589041096,9.47145205479453,5.10904109589042,30.6680547945205,4.94432876712328,14.1938630136986
"100399",9.21698630136986,24.4346301369863,9.00295890410958,4.77468493150685,30.3159452054795,4.80723287671231,14.6781369863014
"100400",7.20887671232877,26.6202739726027,9.67561643835616,6.33600000000001,35.6291506849315,6.04997260273973,11.0850410958904
"100401",4.29731506849315,24.4435068493151,12.7597808219178,9.29391780821918,33.6397808219178,8.86586301369861,9.60164383561643
"100402",2.58904109589041,22.3929863013699,15.8518356164383,11.4322191780822,30.2064657534247,10.4824109589041,7.44854794520549
"100403",6.09731506849316,24.5460821917808,12.1581369863014,7.87857534246575,31.8950136986301,7.1487123287671,10.9597808219178
"100404",7.47616438356164,25.8391232876712,10.4705753424658,6.4050410958904,33.4208219178082,5.73928767123287,12.2054794520548
"100405",7.98805479452055,26.6607123287671,10.0898630136986,5.93063013698631,34.2700273972603,5.15046575342465,11.8632328767123
"100406",8.7248219178082,27.885698630137,9.3205479452055,5.18005479452054,35.7494794520548,4.29632876712331,12.0318904109589
"100407",9.51879452054794,27.8659726027397,8.43879452054794,4.36536986301368,35.4309041095891,3.65030136986302,12.5694246575343
"100408",8.69720547945205,27.7081643835617,9.57008219178081,5.27671232876713,35.3066301369863,4.42947945205479,11.8878904109589
"100409",8.20701369863013,28.0523835616438,9.97249315068493,5.73336986301371,36.1163835616438,4.7095890410959,11.9934246575342
"100410",8.23561643835616,28.2585205479452,9.99517808219179,5.71857534246575,36.3570410958904,4.65928767123287,12.196602739726
"100411",7.89041095890413,29.0120547945206,10.6885479452055,6.16142465753424,37.3127671232877,4.88021917808217,11.7162739726027
"100412",8.77216438356164,28.1914520547945,9.57797260273972,5.22443835616438,35.9053150684932,4.29336986301369,12.427397260274
"100413",8.8185205479452,27.3718356164383,9.64405479452056,5.21950684931508,34.5846575342466,4.47287671232876,12.1502465753425
"100414",9.20515068493152,26.8648767123288,9.3146301369863,4.85753424657534,33.6121643835617,4.29928767123286,12.3435616438356
"100415",9.13906849315066,26.0166575342466,9.43397260273976,4.9472876712329,32.3536438356164,4.55375342465756,12.4648767123287
"100416",8.66465753424657,25.4012054794521,10.0218082191781,5.45819178082192,31.5744657534246,5.09621917808219,12.3928767123288
"100417",7.89238356164383,25.0796712328767,10.9775342465754,6.2827397260274,31.2992876712329,5.83101369863014,12.1295342465753
"100418",7.86082191780822,24.9366575342466,10.9193424657534,6.2876712328767,31.182904109589,5.85764383561644,12.4698082191781
"100419",8.90432876712329,24.7137534246575,9.42509589041097,5.11594520547946,30.7716164383562,5.12383561643837,13.8003287671233
"100420",1.87890410958904,22.4975342465753,16.9998904109589,12.9047671232877,31.5527671232877,11.9687671232877,5.52526027397258
"100421",1.7516712328767,20.3789589041096,18.7693150684931,13.9541917808219,27.8462465753425,12.888,3.81895890410959
"100422",5.72054794520548,23.4226849315069,12.4175342465753,8.22476712328766,30.528,7.64876712328767,10.2249863013699
"100423",6.38432876712328,24.6348493150685,11.8543561643836,7.58761643835616,31.9048767123288,6.89917808219178,10.5997808219178
"100424",7.85687671232878,27.0049315068493,10.1845479452055,6.04701369863014,34.8667397260274,5.22147945205481,11.4105205479452
"100425",8.19123287671232,27.8985205479452,10.0425205479452,5.76690410958905,35.849095890411,4.77369863013699,11.2280547945205
"100426",8.56306849315068,28.0839452054795,9.65884931506851,5.39309589041096,35.9585753424657,4.43835616438356,11.4529315068493
"100427",8.98323287671234,27.6706849315068,9.10849315068494,4.93939726027398,35.2740821917808,4.15627397260275,11.9214246575342
"100428",9.00197260273974,27.0769315068493,9.12920547945205,4.9384109589041,34.3627397260274,4.28350684931506,11.9125479452055
"100429",7.8509589041096,28.540602739726,10.612602739726,6.16931506849315,36.7436712328767,4.97589041095888,11.16
"100430",8.61928767123285,28.0050410958904,9.64997260273975,5.35265753424659,35.7761095890411,4.42652054794522,11.6432876712329
"100431",8.62027397260275,27.2998356164384,9.87978082191781,5.42860273972602,34.5373150684932,4.65632876712328,11.1797260273973
"100432",8.6932602739726,27.0877808219178,9.98038356164383,5.41183561643835,34.0412054794521,4.70268493150685,11.1392876712329
"100433",8.66663013698629,26.8116164383562,9.9034520547945,5.4078904109589,33.7384109589041,4.74904109589041,11.6176438356164
"100434",8.50684931506849,26.0600547945205,10.0859178082192,5.57950684931507,32.6939178082192,5.04591780821917,11.8060273972603
"100435",8.65775342465753,25.6310136986301,9.91923287671234,5.42860273972603,32.0094246575342,5.02323287671233,12.2804383561644
"100436",9.1144109589041,25.2147945205479,9.37676712328768,4.95320547945207,31.2647671232877,4.86443835616437,12.8012054794521
"100437",2.07912328767124,21.052602739726,15.7620821917809,11.7853150684931,29.0524931506849,11.2497534246575,5.68208219178081
"100438",2.17282191780821,21.7518904109589,15.9475068493151,11.750794520548,29.7438904109589,11.0209315068493,6.53030136986303
"100439",3.71736986301372,22.9650410958904,15.0558904109589,10.4104109589041,30.2232328767123,9.52569863013699,6.66641095890411
"100440",6.69402739726027,25.8164383561644,11.5002739726027,7.2562191780822,33.5312876712329,6.43660273972603,10.1598904109589
"100441",7.01260273972603,26.8352876712329,11.0367123287671,6.88734246575341,35.0028493150685,5.98586301369863,10.8611506849315
"100442",7.82038356164384,27.7841095890411,10.2545753424658,6.08646575342465,35.9940821917808,5.09424657534248,11.2063561643836
"100443",9.14005479452055,27.4675068493151,8.74257534246576,4.72142465753424,35.0896438356164,4.02213698630138,12.0506301369863
"100444",8.47232876712329,27.8758356164384,9.72887671232876,5.47791780821917,35.7149589041096,4.54783561643836,11.2546849315069
"100445",8.04821917808219,27.6470136986301,10.4390136986301,5.98882191780821,35.323397260274,5.02421917808218,10.4035068493151
"100446",8.20010958904111,27.9685479452055,10.3354520547945,5.84975342465754,35.6804383561644,4.85063013698628,10.3709589041096
"100447",8.57589041095891,26.8836164383562,9.97939726027398,5.49271232876713,33.9011506849315,4.8003287671233,10.5346849315068
"100448",8.21095890410956,26.8362739726027,10.5159452054795,5.90794520547948,33.8488767123287,5.1524383561644,10.3975890410959
"100449",7.93873972602742,26.8471232876713,10.8088767123287,6.18410958904109,33.9731506849315,5.39013698630139,10.6214794520548
"100450",7.30750684931508,26.718904109589,11.4519452054795,6.81435616438355,34.0658630136986,6.05786301369865,10.7437808219178
"100451",7.53928767123287,26.2356164383561,11.0544657534247,6.53819178082193,33.3981369863014,6.0371506849315,11.4756164383562
"100452",8.46147945205477,25.9762191780822,9.99123287671232,5.56964383561645,32.7511232876712,5.4266301369863,12.2705753424657
"100453",9.57994520547943,25.9259178082192,8.83627397260274,4.41863013698631,32.2836164383562,4.54290410958903,12.794301369863
"100454",4.66421917808219,24.2718904109589,13.5813698630137,9.29884931506849,32.1662465753425,8.32635616438355,6.81830136986299
"100455",5.09720547945206,23.1524383561644,13.4728767123288,8.978301369863,30.038794520548,8.3381917808219,5.8112876712329
"100456",7.1704109589041,24.4218082191781,11.0071232876712,6.79167123287671,31.2825205479452,6.31035616438356,6.54509589041095
"100457",6.81041095890411,24.2610410958904,11.1915616438356,7.09545205479452,31.370301369863,6.69008219178082,6.32613698630136
"100458",2.89479452054795,23.5923287671233,15.48,11.0978630136987,31.8772602739726,10.2161095890411,3.82487671232876
"100459",3.92646575342464,23.4867945205479,13.802301369863,9.87780821917812,31.8170958904109,9.39649315068492,5.75112328767123
"100460",3.86136986301371,24.3941917808219,14.6564383561644,10.1776438356164,32.4759452054795,9.22290410958902,4.29731506849315
"100461",2.779397260274,21.3593424657534,16.5738082191781,11.5328219178082,27.7949589041096,10.8019726027397,2.97961643835617
"100462",3.43134246575343,22.5971506849315,15.5184657534247,10.7516712328767,29.6630136986301,9.88865753424659,6.84098630136985
"100463",6.64865753424658,27.4556712328767,11.4174246575342,7.24832876712328,36.0650958904109,6.24723287671233,10.4321095890411
"100464",7.8420821917808,27.792,10.1243835616438,6.03123287671235,36.0917260273972,4.98082191780824,10.9144109589041
"100465",7.93380821917808,28.1934246575343,10.3305205479452,6.0292602739726,36.3738082191781,4.92164383561645,10.4715616438356
"100466",7.52843835616439,28.2486575342466,11.1333698630137,6.55298630136986,36.2899726027397,5.35758904109588,9.47736986301369
"100467",8.34904109589041,27.7377534246575,10.2545753424658,5.72547945205478,35.2119452054795,4.80723287671233,9.86005479452055
"100468",9.09567123287671,27.0818630136986,9.2298082191781,4.90487671232877,34.1536438356164,4.27364383561644,10.7309589041096
"100469",7.96043835616437,26.8451506849315,10.7220821917808,6.14268493150685,34.0175342465753,5.37731506849315,9.86005479452054
"100470",7.98706849315067,26.993095890411,10.6717808219178,6.10717808219179,34.2414246575343,5.38915068493151,10.3689863013699
"100471",7.72372602739728,26.5670136986301,10.8591780821918,6.34882191780822,33.8074520547945,5.67221917808219,10.9331506849315
"100472",3.85939726027401,20.4292602739726,17.0511780821918,12.0900821917808,26.805698630137,11.4272876712329,3.55463013698632
"100473",5.02421917808221,23.3329315068493,13.3071780821918,8.97632876712331,30.5487123287671,8.27704109589043,5.17709589041095
"100474",4.94136986301369,23.9572602739726,13.2844931506849,9.01972602739728,31.5941917808219,8.26323287671232,4.68591780821919
"100475",2.88197260273971,23.3467397260274,15.8439452054794,11.2211506849315,31.211506849315,10.1697534246575,2.33852054794522
"100476",3.80810958904111,23.9612054794521,14.6820821917808,10.2249863013699,31.8910684931507,9.31956164383563,2.05347945205477
"100477",5.45621917808222,26.1981369863014,13.0625753424657,8.58082191780821,34.3755616438356,7.56098630136988,3.23309589041097
"100478",5.64953424657533,25.8539178082192,12.8002191780822,8.37073972602741,33.8449315068493,7.37260273972602,4.85950684931508
"100479",4.9739178082192,25.0510684931507,13.3002739726028,8.99309589041093,33.1377534246576,8.03934246575344,5.91287671232878
"100480",5.86356164383562,26.5867397260274,12.5536438356164,8.14191780821916,34.8460273972603,6.99287671232878,8.44372602739728
"100481",6.06279452054795,29.0544657534247,12.3632876712329,7.92591780821917,38.3582465753425,6.41490410958905,8.88164383561644
"100482",6.26202739726028,28.8710136986301,12.3475068493151,7.78684931506849,37.8345205479452,6.32021917808218,8.65380821917807
"100483",6.55298630136988,28.4212602739726,12.1699726027397,7.53731506849314,36.9399452054795,6.10323287671233,8.56701369863015
"100484",8.30564383561644,27.8886575342466,9.89654794520548,5.64361643835618,35.8096438356164,4.6750684931507,10.1490410958904
"100485",7.88843835616437,27.366904109589,10.4972054794521,6.11802739726029,35.0778082191781,5.17610958904112,9.77917808219176
"100486",7.42783561643836,27.1745753424658,11.2152328767123,6.65556164383561,34.7809315068493,5.66432876712328,9.40832876712329
"100487",8.07386301369864,27.2741917808219,10.4133698630137,5.96613698630136,34.7651506849315,5.08536986301368,10.4863561643836
"100488",8.04427397260274,26.9950684931507,10.2802191780822,5.94739726027397,34.5146301369863,5.11495890410957,11.2655342465753
"100489",8.78005479452055,26.4506301369863,9.3146301369863,5.1514520547945,33.580602739726,4.58136986301371,12.2676164383562
"100490",4.5626301369863,26.0018630136986,13.737205479452,9.40043835616437,34.6970958904109,8.05117808219178,5.44931506849315
"100491",5.96909589041097,25.278904109589,11.9115616438356,7.88350684931505,33.357698630137,7.05698630136988,6.23934246575342
"100492",5.82706849315068,25.1477260273973,11.9815890410959,8.0028493150685,33.2945753424657,7.28383561643838,5.28558904109589
"100493",4.13260273972602,23.205698630137,14.6357260273972,9.99517808219177,30.3889315068493,9.14695890410958,1.96076712328767
"100494",5.6564383561644,25.0116164383562,12.96,8.42202739726025,32.4591780821918,7.51167123287669,2.15408219178082
"100495",4.90882191780821,26.712,13.946301369863,9.22191780821917,35.0837260273973,7.8055890410959,2.24580821917809
"100496",5.90202739726027,26.3174794520548,12.5260273972603,8.10936986301368,34.4238904109589,6.97315068493151,5.57556164383561
"100497",5.79945205479454,26.5157260273973,13.0418630136986,8.33720547945204,34.3982465753425,7.14673972602739,6.74926027397261
"100498",6.31528767123288,28.0030684931507,12.3346849315069,7.75430136986301,36.5030136986301,6.35671232876712,7.82432876712329
"100499",7.04909589041094,28.9084931506849,11.2684931506849,6.91594520547945,37.7832328767123,5.58542465753425,9.03649315068493
"100500",7.01654794520547,28.0040547945206,11.4164383561644,6.99189041095889,36.3718356164384,5.7353424657534,8.88953424657535
"100501",8.01567123287673,28.2249863013699,10.0967671232877,5.90005479452056,36.5148493150685,4.79934246575343,10.108602739726
"100502",7.37556164383562,27.942904109589,11.0327671232877,6.62893150684931,36.1361095890411,5.46016438356165,9.36789041095892
"100503",7.35287671232877,27.942904109589,11.1866301369863,6.69205479452056,36.0325479452055,5.52131506849315,9.30180821917807
"100504",8.18531506849314,27.7249315068493,10.2733150684932,5.84284931506849,35.3993424657534,4.89008219178083,10.5297534246575
"100505",8.49599999999998,27.2238904109589,9.78115068493153,5.48383561643838,34.6813150684931,4.69578082191784,11.2951232876712
"100506",8.20010958904109,26.7435616438356,10.1164931506849,5.79353424657536,34.0816438356164,5.04493150684932,11.4036164383562
"100507",9.32449315068493,27.8176438356165,9.30871232876711,4.75397260273971,34.8894246575343,4.34564383561643,9.78213698630137
"100508",6.03715068493152,25.2394520547945,11.9056438356164,7.83517808219176,33.2127123287671,6.94060273972602,7.19408219178081
"100509",5.67320547945205,24.9425753424658,12.3139726027397,8.21293150684932,32.9089315068493,7.30553424657535,6.34093150684932
"100510",3.81008219178082,22.4107397260274,15.105205479452,10.3670136986301,29.2448219178082,9.6213698630137,2.71430136986302
"100511",5.88427397260274,25.5432328767123,12.4392328767124,8.10147945205479,33.3912328767123,7.12010958904109,3.14531506849313
"100512",5.64558904109589,26.4516164383562,12.6769315068493,8.33030136986299,34.8341917808219,7.10926027397259,2.93424657534246
"100513",3.39583561643838,24.3340273972603,15.8025205479452,10.8483287671233,32.0005479452055,9.62038356164382,1.17961643835616
"100514",6.45928767123286,25.5846575342466,12.3948493150685,7.69413698630139,32.7156164383562,6.83704109589041,4.83583561643835
"100515",4.32690410958904,24.8064657534247,14.9710684931507,9.95178082191781,32.1731506849315,8.82246575342467,4.09019178082194
"100516",6.52734246575342,27.1114520547945,12.0792328767123,7.53830136986301,35.1399452054795,6.36953424657536,7.83616438356164
"100517",7.77797260273972,27.9882739726027,10.2772602739726,6.12098630136988,36.3304109589041,5.01830136986302,9.93106849315069
"100518",7.9624109589041,28.2713424657534,10.0780273972603,5.9306301369863,36.6716712328767,4.8348493150685,10.1342465753425
"100519",7.04219178082194,28.468602739726,11.4144657534246,6.96920547945204,37.0188493150685,5.62191780821915,8.89841095890414
"100520",6.96032876712327,29.3247123287671,11.5456438356165,7.05895890410959,38.2655342465753,5.51638356164385,9.07101369863014
"100521",7.51463013698631,29.1294246575342,11.0337534246575,6.52438356164384,37.6875616438356,5.13863013698629,9.89260273972603
"100522",8.26816438356165,27.6677260273973,10.1095890410959,5.7363287671233,35.3500273972603,4.81117808219177,10.4646575342466
"100523",7.96142465753422,27.1647123287671,10.5425753424658,6.08350684931509,34.6428493150685,5.20175342465755,10.2703561643835
"100524",6.82323287671234,24.1318356164384,10.987397260274,7.02443835616437,31.3446575342466,6.52339726027395,8.54334246575343
"100525",4.48767123287671,23.694904109589,13.651397260274,9.44580821917812,31.4985205479452,8.55419178082191,6.42673972602741
"100526",3.66706849315069,23.544,16.5550684931507,11.8563287671233,31.6967671232877,10.5494794520548,2.9815890410959
"100527",3.35243835616438,23.6110684931507,15.2590684931507,10.7171506849315,31.4827397260274,9.61742465753426,2.5969315068493
"100528",3.78443835616437,25.2315616438356,14.5923287671233,10.202301369863,33.8626849315068,8.84909589041096,2.65216438356164
"100529",4.30717808219177,26.0304657534247,13.9482739726028,9.64010958904113,34.8963287671233,8.22575342465755,2.80799999999999
"100530",5.84186301369864,26.7346849315069,12.4362739726027,8.12021917808217,35.1971506849315,6.87945205479453,4.57347945205478
"100531",5.68405479452053,27.3422465753424,12.7055342465754,8.30465753424659,36.0591780821918,6.9070684931507,5.61304109589041
"100532",2.83265753424658,24.364602739726,16.0727671232877,11.3168219178082,32.5676712328767,9.95769863013695,4.18389041095891
"100533",5.35265753424657,25.3361095890411,13.2854794520548,8.7277808219178,33.0568767123288,7.68624657534247,7.55506849315069
"100534",7.56789041095891,28.6875616438356,10.3186849315068,6.27090410958904,37.5997808219178,4.98772602739726,10.4054794520548
"100535",7.31342465753426,29.4203835616438,10.7644931506849,6.57567123287672,38.6215890410959,5.07747945205479,9.68449315068493
"100536",6.86860273972601,28.7911232876712,11.6008767123288,7.14279452054797,37.5603287671233,5.64558904109589,8.70312328767123
"100537",7.57775342465753,28.2881095890411,10.9972602739726,6.47605479452054,36.4014246575342,5.27473972602739,9.03846575342467
"100538",8.12120547945206,27.7604383561644,10.3591232876713,5.91287671232878,35.4614794520548,4.93939726027398,9.63123287671232
"100539",7.64975342465753,27.4359452054794,11.0751780821918,6.45830136986304,34.9870684931507,5.46016438356165,9.06410958904108
"100540",6.34093150684933,26.9053150684932,13.0280547945205,7.9594520547945,34.2483287671233,6.81336986301368,7.17830136986304
"100541",8.19616438356164,26.8747397260274,10.8552328767123,6.02235616438357,33.6249863013699,5.28460273972604,7.33906849315069
"100542",6.50958904109589,25.5659178082192,11.6787945205479,7.43967123287669,33.2541369863014,6.58158904109588,8.20010958904111
"100543",6.29063013698629,25.3844383561644,11.7813698630137,7.62312328767122,33.1949589041096,6.75419178082193,8.26323287671234
"100544",5.61994520547944,25.5639452054794,12.4145753424657,8.2750684931507,33.8015342465753,7.22663013698629,7.80460273972604
"100545",4.61293150684932,25.4061369863014,13.6089863013698,9.33238356164384,33.8725479452055,8.11134246575344,6.30246575342464
"100546",3.30706849315069,23.7826849315069,15.4129315068493,10.9962739726027,32.0587397260274,9.78509589041094,4.24405479452054
"100547",1.58794520547946,19.433095890411,20.6590684931507,15.7926575342466,27.251506849315,14.544,0.983342465753395
"100548",1.34926027397259,22.3357808219178,18.482301369863,13.9877260273973,31.2381369863014,12.4589589041096,0.995178082191785
"100549",3.78147945205478,26.9112328767123,13.8072328767124,9.94882191780823,37.0208219178082,8.5009315068493,4.64252054794521
"100550",4.50246575342464,26.3312876712329,13.874301369863,9.48131506849313,35.1379726027397,8.04723287671237,3.14827397260277
"100551",6.01545205479454,26.9684383561644,12.0338630136986,7.87561643835615,35.6597260273973,6.61709589041097,6.048
"100552",6.6427397260274,25.7661369863014,11.5594520547945,7.31046575342465,33.4750684931507,6.43857534246575,7.35978082191781
"100553",7.8213698630137,27.5809315068493,10.1145205479452,6.04405479452055,35.8195068493151,5.03309589041096,9.90739726027397
"100554",7.11616438356164,28.9449863013699,10.8779178082192,6.75024657534247,38.0919452054794,5.28460273972603,9.57304109589042
"100555",6.4987397260274,28.7408219178082,11.995397260274,7.5175890410959,37.6372602739726,5.95331506849315,8.38257534246574
"100556",7.51660273972601,28.3374246575342,11.0120547945206,6.5224109589041,36.5434520547945,5.30334246575343,8.70016438356164
"100557",7.04515068493153,28.2269589041096,11.8612602739726,7.10728767123287,36.2653150684932,5.8211506849315,7.96931506849317
"100558",7.60339726027394,28.2072328767123,11.0416438356165,6.47309589041097,36.2100821917808,5.22246575342466,8.95068493150683
"100559",7.05008219178083,26.0837260273973,12.0535890410959,7.18126027397258,32.9513424657534,6.34980821917806,6.88635616438359
"100560",7.41008219178083,25.7789589041096,11.5032328767123,6.76799999999999,32.5055342465754,6.07068493150685,7.31046575342465
"100561",7.05600000000001,26.2435068493151,11.1363287671233,6.89424657534246,33.9899178082192,6.00854794520549,8.21687671232877
"100562",6.30345205479452,26.5630684931507,11.9579178082192,7.6586301369863,34.7454246575342,6.55002739726027,7.68230136986301
"100563",6.12690410958906,26.3815890410959,12.1413698630137,7.83715068493149,34.5560547945206,6.73052054794519,7.74246575342465
"100564",4.99068493150685,25.5057534246575,13.3022465753425,8.9792876712329,33.7788493150685,7.81742465753425,6.90706849315067
"100565",3.29326027397258,24.8340821917808,14.9720547945206,10.6589589041096,33.6062465753425,9.28306849315069,5.8694794520548
"100566",1.52876712328768,21.3445479452055,18.3422465753425,13.8989589041096,29.8040547945206,12.593095890411,3.7390684931507
"100567",5.85961643835614,17.1754520547946,25.4633424657534,20.210301369863,25.4564383561644,18.5533150684931,1.7842191780822
"100568",1.69939726027397,22.7914520547945,20.1225205479452,15.6752876712329,32.7925479452055,13.6859178082192,1.13326027397261
"100569",2.68668493150682,25.1891506849315,15.5362191780822,11.3986849315068,34.7513424657534,9.76734246575342,1.55342465753424
"100570",4.54684931506848,26.0975342465753,13.939397260274,9.4724383561644,34.6793424657534,8.09950684931509,2.37895890410957
"100571",8.0028493150685,27.7742465753425,9.99715068493151,5.88230136986301,35.9615342465753,4.87035616438358,6.85183561643836
"100572",4.75495890410959,24.1643835616438,14.090301369863,9.39353424657534,31.4344109589041,8.4772602739726,4.89205479452056
"100573",6.82323287671235,27.9675616438356,11.526904109589,7.15857534246574,36.482301369863,5.86750684931506,8.23265753424658
"100574",7.09841095890411,28.728,11.2329863013698,6.87254794520545,37.483397260274,5.4798904109589,8.37468493150686
"100575",6.80646575342465,29.3345753424658,11.8829589041096,7.26805479452057,38.1895890410959,5.69490410958905,7.76712328767123
"100576",6.77687671232879,28.4981917808219,12.218301369863,7.39824657534244,36.7091506849315,6.00164383561642,7.23649315068495
"100577",6.45435616438355,28.411397260274,12.2676164383562,7.6349589041096,36.9734794520548,6.18213698630137,8.20405479452053
"100578",7.43178082191783,26.7938630136986,11.253698630137,6.66838356164382,34.1842191780822,5.75802739726028,8.45260273972605
"100579",6.90016438356164,26.3717260273973,11.7389589041096,7.18520547945205,33.854794520548,6.25019178082192,8.14487671232877
"100580",6.75123287671232,25.6201643835616,12.0723287671233,7.39528767123288,32.6603835616438,6.59145205479453,7.29172602739725
"100581",6.45435616438357,27.7249315068493,11.7083835616438,7.46827397260274,36.4645479452055,6.1466301369863,7.43671232876713
"100582",6.61906849315069,26.4121643835616,11.3059726027397,7.24241095890409,34.6763835616438,6.22454794520547,8.15276712328767
"100583",4.89501369863014,25.9643835616438,13.3071780821918,9.04142465753426,34.5757808219178,7.76219178082194,6.99287671232878
"100584",3.36427397260275,25.1398356164383,15.0815342465753,10.6412054794521,33.861698630137,9.21994520547945,6.06378082191779
"100585",3.79134246575343,23.7718356164384,16.0826301369863,11.6511780821918,32.334904109589,10.3048767123287,5.69095890410959
"100586",5.07649315068495,17.2780273972603,24.8261917808219,19.4784657534247,25.113205479452,17.9674520547945,0.0542465753424608
"100587",4.42750684931508,20.8257534246575,23.5331506849315,18.6065753424658,30.5753424657534,16.4741917808219,1.54652054794522
"100588",0.752547945205492,23.5193424657534,18.9281095890411,14.4927123287671,33.3212054794521,12.5980273972603,0.553315068493134
"100589",5.0212602739726,27.3067397260274,13.090191780822,8.87769863013699,36.561205479452,7.3420273972603,2.59693150684933
"100590",5.98783561643836,28.1312876712329,12.744,8.10246575342465,36.770301369863,6.61216438356165,3.16701369863014
"100591",5.60219178082191,27.0355068493151,12.8298082191781,8.40230136986301,35.611397260274,7.05205479452053,5.09227397260273
"100592",4.3495890410959,26.712,14.7343561643836,9.84723287671234,35.1409315068493,8.31945205479452,4.72438356164383
"100593",6.00854794520548,28.389698630137,12.8189589041096,8.10936986301368,37.0553424657535,6.57073972602738,6.33501369863015
"100594",5.26586301369862,29.657095890411,13.9433424657534,8.95265753424657,38.9164931506849,7.00273972602739,5.60219178082191
"100595",6.56580821917807,28.7240547945205,12.3139726027397,7.56986301369865,37.2397808219178,6.07956164383563,7.33315068493148
"100596",6.24427397260274,28.2180821917808,12.4747397260274,7.84405479452056,36.7910136986301,6.38827397260273,7.69019178082192
"100597",7.26608219178082,27.3116712328767,11.0939178082192,6.7275616438356,35.3076164383562,5.53117808219179,9.03057534246575
"100598",6.61019178082192,26.7544109589041,11.8277260273972,7.40613698630135,34.725698630137,6.32712328767123,8.27901369863014
"100599",5.91879452054793,25.2108493150685,13.0704657534247,8.27506849315068,32.3003835616438,7.38641095890411,6.6210410958904
"100600",5.73435616438357,27.5049863013699,12.2981917808219,8.1438904109589,36.5907945205479,6.7147397260274,7.52252054794521
"100601",4.46893150684933,26.4003287671233,13.9147397260274,9.51583561643834,35.2494246575343,8.06104109589039,6.17819178082193
"100602",4.01424657534245,25.4041643835616,14.4049315068493,9.98630136986306,33.9711780821918,8.64493150684935,5.98882191780821
"100603",3.78345205479452,24.4326575342466,14.5578082191781,10.1993424657534,32.7254794520548,9.01183561643833,6.05095890410956
"100604",3.55167123287673,22.2785753424658,16.4554520547945,11.9963835616438,30.2498630136986,10.8966575342466,4.60109589041096
"100605",0.846246575342462,22.0458082191781,19.6392328767123,14.9493698630137,30.9787397260274,13.3032328767123,1.82268493150684
"100606",4.31309589041098,19.4814246575342,24.0963287671233,18.713095890411,27.9557260273973,16.9012602739726,3.21139726027397
"100607",6.97413698630137,28.1707397260274,10.4893150684932,6.73347945205477,37.4942465753425,5.41084931506849,5.09128767123289
"100608",4.90487671232877,27.100602739726,13.6553424657534,9.13216438356163,35.9151780821918,7.62608219178078,2.41249315068492
"100609",6.46520547945207,29.0041643835616,11.7665753424657,7.46827397260272,38.2704657534247,5.88230136986301,5.15342465753425
"100610",7.04120547945206,28.3689863013699,11.0771506849315,6.86761643835615,37.1746849315069,5.53216438356162,6.90213698630139
"100611",5.94838356164384,27.8778082191781,12.7213150684932,8.12515068493151,36.4734246575342,6.67726027397261,6.09336986301369
"100612",4.88120547945208,29.6797808219178,14.2471232876712,9.3087123287671,39.1995616438356,7.27199999999998,5.54202739726027
"100613",5.13172602739726,30.1808219178082,13.6770410958904,8.95758904109589,40.1000547945206,6.86071232876714,7.28778082191782
"100614",5.54400000000001,29.4558904109589,13.0004383561644,8.47430136986303,39.0821917808219,6.60821917808219,7.98509589041095
"100615",6.69895890410957,27.3659178082192,11.7044383561644,7.30356164383562,35.6104109589041,6.10224657534246,8.47035616438356
"100616",6.49775342465752,26.6429589041096,11.8849315068493,7.50279452054795,34.6645479452055,6.42082191780823,8.16065753424657
"100617",5.54301369863013,24.774904109589,13.1819178082192,8.56997260273972,32.0705753424658,7.68723287671233,5.15835616438356
"100618",4.06454794520548,24.2807671232877,14.7353424657534,10.0632328767123,31.9660273972603,8.97632876712331,4.48569863013699
"100619",3.58224657534247,23.6781369863014,15.0489863013699,10.4942465753425,31.4561095890411,9.43002739726028,4.73128767123288
"100620",3.89983561643837,24.0282739726027,14.5854246575342,10.1312876712329,31.9512328767123,9.05621917808219,4.91868493150683
"100621",2.61863013698628,22.7115616438356,17.4831780821918,12.9412602739726,31.2203835616438,11.5604383561644,3.62761643835616
"100622",3.3810410958904,19.4755068493151,22.8545753424658,17.6942465753424,27.7890410958904,16.070794520548,1.08197260273974
"100623",3.55068493150684,25.6783561643836,16.0757260273973,11.7241643835617,35.3105753424657,9.9478356164384,1.79901369863012
"100624",6.30147945205479,28.5721643835617,11.9224109589041,7.63101369863013,37.7201095890411,6.10126027397258,3.98071232876713
"100625",5.66136986301369,28.569205479452,12.7578082191781,8.32635616438357,37.8394520547945,6.66838356164384,3.78838356164384
"100626",7.15068493150685,28.9775342465753,11.0574246575343,6.7818082191781,37.9341369863014,5.34378082191782,6.27879452054795
"100627",6.68317808219179,28.7201095890411,11.6294794520548,7.27890410958902,37.6806575342466,5.80043835616436,6.6940273972603
"100628",5.50849315068491,27.8215890410959,13.4965479452055,8.6646575342466,36.2968767123287,7.14476712328768,5.07945205479449
"100629",5.00942465753424,27.7387397260274,13.5103561643836,9.0108493150685,36.8373698630137,7.39232876712329,6.64372602739728
"100630",5.77282191780822,29.0219178082192,12.5615342465753,8.18531506849314,38.5249315068493,6.45435616438355,8.60350684931508
"100631",5.99276712328766,27.6351780821918,12.4451506849315,8.01172602739727,36.3027945205479,6.61808219178083,7.78783561643836
"100632",6.13873972602737,27.0118356164383,12.2261917808219,7.84997260273973,35.387506849315,6.61610958904112,7.90915068493149
"100633",4.42947945205481,25.4584109589041,14.8477808219178,9.83835616438357,33.098301369863,8.59364383561643,4.12668493150684
"100634",3.95112328767124,24.3774246575342,15.2432876712329,10.3985753424658,32.0133698630137,9.24263013698629,3.39090410958904
"100635",3.15419178082195,23.6189589041096,17.834301369863,12.8268493150685,31.8131506849315,11.3375342465753,2.8533698630137
"100636",4.22827397260275,23.7757808219178,15.7532054794521,11.0653150684932,31.6770410958904,9.87583561643837,3.60690410958902
"100637",4.10991780821919,22.7727123287671,15.9425753424657,11.4529315068493,30.6749589041096,10.368,3.99353424657536
"100638",0.998136986301375,21.2814246575342,19.8207123287671,15.1150684931507,29.9026849315068,13.5981369863014,1.15594520547947
"100639",1.61950684931509,23.7363287671233,18.7190136986302,13.9798356164384,32.9414794520548,12.1867397260274,0.044383561643798
"100640",6.11605479452054,27.4369315068493,12.3849863013699,7.9101369863014,35.9003835616438,6.58553424657536,3.62958904109588
"100641",6.33402739726027,27.7515616438356,12.139397260274,7.68230136986301,36.2830684931507,6.33698630136988,4.0369315068493
"100642",5.74224657534248,28.5100273972603,12.8219178082192,8.29084931506847,37.5869589041096,6.66542465753423,4.51726027397261
"100643",5.9227397260274,28.3157260273973,12.6729863013699,8.12317808219177,37.1904657534247,6.57764383561644,5.1090410958904
"100644",4.83189041095892,26.0334246575343,14.3427945205479,9.4024109589041,33.8429589041096,8.11923287671232,3.85052054794522
"100645",5.19090410958903,26.4595068493151,13.3495890410959,8.8481095890411,34.8637808219178,7.53534246575342,5.73731506849315
"100646",4.64942465753424,25.9959452054795,13.9561643835617,9.40931506849314,34.3775342465754,8.08175342465752,6.23243835616439
"100647",4.60701369863013,26.1192328767123,14.1573698630137,9.4990684931507,34.437698630137,8.14093150684931,6.44350684931506
"100648",5.24712328767123,27.2761643835616,13.219397260274,8.76230136986302,36.0976438356164,7.28876712328766,7.14772602739725
"100649",6.78279452054794,27.5838904109589,11.1195616438356,7.06389041095892,36.3353424657534,5.70082191780823,8.81753424657535
"100650",6.16832876712328,26.0580821917808,12.1226301369863,7.8055890410959,34.0431780821918,6.77589041095891,7.22860273972601
"100651",4.0053698630137,24.883397260274,15.1564931506849,10.2279452054795,32.5538630136986,9.01183561643838,4.24208219178082
"100652",4.44032876712328,25.0875616438356,14.666301369863,9.77819178082193,32.7008219178082,8.66367123287671,4.26378082191779
"100653",3.56153424657535,25.1950684931507,17.3076164383562,12.3484931506849,33.9889315068493,10.6204931506849,2.32273972602739
"100654",4.15627397260273,25.9101369863014,15.5796164383562,10.9972602739726,34.9614246575343,9.35605479452055,3.13249315068494
"100655",4.47682191780822,24.3922191780822,14.205698630137,9.61742465753424,32.0409863013699,8.59068493150686,3.66608219178083
"100656",1.14312328767124,21.484602739726,20.5052054794521,15.4237808219178,29.7902465753425,13.845698630137,0.306739726027445
"100657",0.871890410958855,22.8940273972603,19.9538630136986,15.0568767123287,31.9768767123288,13.2341917808219,1.15495890410958
"100658",3.98860273972603,25.0234520547945,16.2138082191781,11.5111232876712,33.7157260273973,9.96460273972602,0.694356164383564
"100659",4.85654794520546,27.2347397260274,13.6928219178082,9.17556164383564,36.144,7.63101369863014,2.70739726027396
"100660",3.9274520547945,27.4458082191781,15.1347945205479,10.2535890410959,36.4310136986301,8.48219178082192,2.32175342465752
"100661",5.54104109589042,27.7121095890411,13.0507397260274,8.50586301369862,36.4882191780822,7.00569863013696,4.59024657534246
"100662",2.76460273972603,25.7592328767123,16.3124383561644,11.4401095890411,34.5195616438356,9.77424657534247,2.9036712328767
"100663",5.03901369863013,27.2031780821918,13.2874520547945,8.92701369863013,36.2110684931507,7.42191780821918,5.78169863013697
"100664",3.85052054794521,26.273095890411,14.7156164383561,10.1865205479452,35.1882739726028,8.63309589041093,4.92065753424659
"100665",4.18980821917806,27.2051506849315,14.4325479452055,9.86005479452058,36.3471780821918,8.18334246575344,5.20865753424656
"100666",2.7064109589041,26.7248219178082,15.9948493150685,11.3582465753425,36.2603835616438,9.47441095890412,4.95517808219178
"100667",4.86246575342466,27.0138082191781,13.2608219178082,9.04043835616437,36.194301369863,7.53336986301372,7.62016438356164
"100668",6.49282191780821,25.5392876712329,11.8020821917809,7.48898630136988,33.1288767123287,6.63583561643836,7.61128767123287
"100669",4.94630136986302,24.7078356164384,13.5813698630137,9.10158904109586,32.4226849315069,8.1034520547945,6.25512328767124
"100670",4.94334246575343,23.788602739726,13.5823561643836,9.11145205479448,31.0793424657534,8.30564383561642,5.50060273972603
"100671",3.87123287671234,24.1752328767123,15.0539178082192,10.2940273972603,31.7904657534247,9.30871232876713,4.45019178082192
"100672",3.77063013698628,26.906301369863,14.9868493150685,10.3196712328767,35.9832328767123,8.6212602739726,2.52197260273972
"100673",4.10400000000001,27.3935342465753,15.4780273972603,10.8384657534247,36.9961643835616,8.92405479452056,2.32964383561644
"100674",5.01139726027398,25.6734246575342,13.6869041095891,9.08186301369861,33.6545753424658,7.89928767123288,3.14038356164384
"100675",2.50816438356165,24.3300821917808,18.1272328767123,13.1740273972603,33.1140821917808,11.4539178082192,1.08394520547947
"100676",3.66410958904112,21.5013698630137,23.5893698630137,18.0956712328767,30.4855890410959,16.0007671232877,3.70454794520549
"100677",3.18772602739725,24.8538082191781,16.2384657534246,11.9135342465753,34.221698630137,10.2683835616438,1.23386301369865
"100678",4.06356164383561,26.9102465753425,14.4838356164384,9.96460273972605,36.0404383561644,8.32142465753427,1.88778082191784
"100679",3.37512328767122,26.0738630136986,15.5352328767123,10.7654794520548,34.8144657534246,9.16273972602741,1.38969863013699
"100680",4.10794520547942,26.6893150684931,14.4789041095891,9.93402739726031,35.6597260273972,8.34805479452055,3.03090410958904
"100681",3.49249315068492,25.8292602739726,15.2225753424658,10.5909041095891,34.5728219178082,9.05917808219182,3.22027397260274
"100682",3.82882191780821,27.3757808219178,14.7363287671233,10.1983561643836,36.813698630137,8.41019178082192,4.43736986301369
"100683",4.7835616438356,27.7998904109589,13.6119452054794,9.19627397260275,37.1411506849315,7.5146301369863,5.5518904109589
"100684",4.392,27.0059178082192,14.3092602739726,9.68547945205478,35.8905205479452,8.09457534246573,4.67309589041095
"100685",3.59999999999998,25.3380821917808,14.8014246575343,10.3926575342466,34.0816438356164,8.97830136986303,5.15342465753425
"100686",3.36624657534247,25.5057534246575,15.0864657534247,10.6382465753424,34.3903561643836,9.14202739726026,5.40887671232878
"100687",4.3071780821918,25.4820821917808,14.334904109589,9.76339726027398,33.7522191780822,8.47331506849312,5.94147945205481
"100688",4.48569863013698,25.9318356164384,13.9157260273972,9.50893150684932,34.5402739726027,8.20109589041097,6.79561643835618
"100689",5.19484931506848,24.5007123287671,12.8909589041096,8.72087671232876,32.3950684931507,7.93479452054795,6.62498630136986
"100690",3.15024657534248,24.5460821917808,15.6920547945205,10.9804931506849,32.7412602739726,9.8985205479452,4.42553424657534
"100691",4.1355616438356,26.7159452054794,14.6406575342466,9.96460273972603,35.517698630137,8.38356164383559,2.50421917808218
"100692",5.56569863013699,27.2209315068493,12.9708493150685,8.46838356164382,35.8066849315069,7.0747397260274,3.87419178082193
"100693",4.15232876712328,24.6752876712329,16.2601643835617,11.4075616438356,32.9276712328767,9.97545205479452,1.84043835616438
"100694",1.59780821917811,21.8475616438356,19.0829589041096,14.0419726027398,29.7231780821918,12.6749589041096,0.18838356164386
"100695",2.07616438356163,22.7036712328767,17.934904109589,13.2539178082191,31.1503561643836,11.8257534246575,0.347178082191789
"100696",3.86235616438358,24.580602739726,15.7443287671233,11.1609863013699,33.069698630137,9.76635616438355,0.93402739726028
"100697",3.76964383561644,26.3056438356164,14.9651506849315,10.3186849315069,35.1251506849315,8.74553424657536,1.55243835616437
"100698",3.98958904109588,26.5265753424657,14.4917260273973,10.0208219178082,35.5709589041096,8.44175342465752,2.44602739726028
"100699",3.55561643835617,26.0492054794521,15.0450410958904,10.4912876712329,34.9683287671233,8.92405479452053,2.80602739726028
"100700",3.54180821917808,26.8145753424658,15.1850958904109,10.5376438356164,35.9832328767123,8.80964383561643,3.42542465753426
"100701",2.87013698630138,26.1823561643835,16.553095890411,11.7083835616438,35.3135342465753,9.89161643835618,2.84153424657535
"100702",3.15813698630137,25.1990136986302,15.5993424657534,10.9410410958904,33.768,9.47145205479451,3.63452054794521
"100703",3.87123287671231,25.4998356164383,14.4907397260274,10.1095890410959,34.228602739726,8.71791780821918,5.14257534246575
"100704",3.17095890410961,23.9888219178082,15.4405479452055,10.893698630137,32.1198904109589,9.67758904109587,4.18093150684933
"100705",2.69457534246575,24.3054246575343,16.0234520547945,11.3957260273973,32.7106849315068,10.0158904109589,4.02509589041095
"100706",3.8426301369863,24.1821369863014,14.3654794520548,10.101698630137,32.4483287671233,9.01676712328768,6.01643835616437
"100707",4.27463013698632,25.1526575342466,13.6898630136986,9.59079452054795,33.8843835616439,8.34608219178082,6.91890410958906
"100708",4.23024657534248,24.6397808219178,13.9413698630137,9.70224657534246,32.9720547945205,8.56109589041094,6.46717808219178
"100709",5.55189041095892,26.4930410958904,12.888,8.45852054794518,34.833205479452,7.21282191780823,3.23999999999999
"100710",4.73030136986301,25.5442191780822,13.924602739726,9.34816438356164,33.6348493150685,8.13304109589042,2.78038356164383
"100711",4.0507397260274,24.681205479452,15.2156712328767,10.5978082191781,32.897095890411,9.30575342465754,2.09884931506849
"100712",3.31989041095892,23.3043287671233,16.3627397260274,11.8484383561644,31.614904109589,10.5701917808219,2.18367123287672
"100713",0.545424657534255,22.780602739726,19.526794520548,14.7027945205479,31.7470684931507,12.9698630136986,0.698301369863003
"100714",1.54849315068495,24.6614794520548,18.2968767123288,13.5409315068493,34.0767123287671,11.6472328767123,0.903452054794514
"100715",3.40569863013698,25.660602739726,16.5688767123288,11.7419178082192,34.5846575342466,10.0267397260274,0.46257534246574
"100716",3.27945205479453,26.3894794520548,15.2413150684932,10.7378630136986,35.6646575342466,9.03945205479451,1.55342465753422
"100717",3.24493150684934,26.6133698630137,16.5126575342466,11.8237808219178,36.2406575342466,9.8718904109589,1.60372602739727
"100718",2.90367123287672,26.2484383561644,17.1241643835616,12.3258082191781,35.7761095890411,10.3581369863014,1.64021917808221
"100719",0.842301369862994,24.6200547945205,19.8315616438356,14.6988493150685,34.0086575342466,12.6167671232877,0.0897534246575447
"100720",0.986301369863028,23.6554520547945,20.3572602739726,15.2521643835616,32.8872328767123,13.2539178082192,0.0276164383561763
"100721",1.63726027397259,23.6012054794521,18.5158356164383,13.7204383561644,32.5331506849315,12.0190684931507,1.96767123287673
"100722",2.37106849315067,23.4345205479452,16.5491506849315,11.9381917808219,31.7066301369863,10.6264109589041,3.14630136986302
"100723",2.88591780821919,23.3132054794521,15.5441095890411,11.1264657534246,31.4245479452055,9.98728767123288,4.21347945205481
"100724",2.46871232876714,23.5331506849315,15.6042739726027,11.4282739726027,32.256,10.1677808219178,5.17512328767124
"100725",3.16701369863013,25.0520547945205,14.7077260273973,10.6619178082192,34.3301917808219,9.20416438356165,6.72657534246575
"100726",5.11693150684931,25.0579726027397,12.7341369863014,8.72087671232877,33.4553424657534,7.6694794520548,8.13698630136986
"100727",3.93731506849316,25.6221369863014,14.8546849315069,10.1746849315068,33.9948493150685,8.94082191780822,5.1820273972603
"100728",4.16515068493153,26.3855342465754,14.3102465753424,9.84624657534246,35.2888767123288,8.33227397260271,2.33753424657533
"100729",3.82290410958903,25.3479452054794,15.8656438356165,11.2803287671233,34.2611506849315,9.698301369863,1.33249315068491
"100730",3.62169863013699,24.6950136986302,15.9060821917808,11.4115068493151,33.4928219178082,9.9281095890411,1.77534246575345
"100731",2.15605479452054,24.0549041095891,17.1744657534246,12.7282191780822,33.2482191780822,11.094904109589,1.72602739726028
"100732",1.04547945205476,23.2905205479452,18.5552876712329,13.9127671232877,32.3921095890411,12.2163287671233,0.310684931506842
"100733",1.42717808219177,25.3637260273973,17.9378630136986,13.348602739726,35.273095890411,11.325698630137,0.423123287671245
"100734",1.62147945205476,25.0441643835617,17.8481095890411,13.1868493150685,34.6122739726028,11.2744109589041,0.992219178082223
"100735",3.38597260273971,26.6981917808219,15.6723287671233,11.2714520547945,36.5316164383562,9.38169863013698,1.34728767123288
"100736",1.04054794520547,24.1081643835617,18.8531506849315,14.0202739726028,33.372493150685,12.1522191780822,0.72591780821918
"100737",2.06136986301368,25.675397260274,17.8688219178082,13.0270684931507,35.2030684931507,11.0386849315069,1.16383561643835
"100738",2.53676712328767,26.1044383561644,17.3243835616438,12.571397260274,35.7514520547945,10.577095890411,1.14213698630137
"100739",1.5435616438356,23.8546849315069,18.2268493150685,13.5892602739726,33.0825205479452,11.8415342465753,0.70323287671232
"100740",0.810739726027379,20.6531506849315,19.5997808219178,14.9237260273972,28.9262465753425,13.5764383561643,0.379726027397254
"100741",0.70323287671232,21.0575342465753,19.814794520548,14.9138630136987,29.1836712328767,13.5113424657534,0.176547945205485
"100742",1.73687671232875,21.9777534246575,18.0088767123288,13.3860821917808,30.2271780821918,12.0772602739726,2.0801095890411
"100743",1.32558904109587,22.9492602739726,17.9112328767123,13.5083835616438,32.0538082191781,12.0230136986302,2.85041095890412
"100744",0.981369863013668,23.500602739726,17.9072876712329,13.6237808219178,33.1022465753424,11.8987397260274,4.16810958904105
"100745",2.81786301369864,25.2453698630137,15.3596712328767,11.0998356164383,34.5087123287671,9.53556164383561,6.4878904109589
"100746",4.09216438356165,23.8793424657534,14.5124383561644,9.97939726027396,31.5389589041096,9.14498630136987,5.38323287671233
"100747",2.56339726027397,22.4097534246575,16.8529315068493,11.757698630137,29.3789589041096,10.7625205479452,2.19649315068493
"100748",3.13249315068494,22.8141369863013,18.2830684931507,12.9274520547945,30.1502465753425,11.6324383561644,1.6668493150685
"100749",2.22904109589039,23.1110136986301,16.8923835616439,11.9924383561644,30.8199452054794,11.066301369863,1.90849315068493
"100750",3.67791780821916,25.4051506849315,16.0244383561644,11.412493150685,34.3676712328767,9.79397260273976,1.0129315068493
"100751",2.99638356164385,25.0352876712329,16.2966575342466,11.8721095890411,34.322301369863,10.2101917808219,1.42224657534248
"100752",1.64712328767121,24.7502465753425,17.7692054794521,13.233205479452,34.3883835616438,11.3572602739726,0.971506849315062
"100753",0.754520547945191,24.2995068493151,18.5020273972603,13.9867397260274,34.1122191780822,12.0437260273972,0.577972602739749
"100754",1.54257534246577,23.9395068493151,17.5749041095891,13.1503561643836,33.3133150684932,11.4499726027397,0.528657534246605
"100755",1.2190684931507,22.8545753424658,18.1824657534247,13.5764383561644,31.6425205479452,12.038794520548,1.09676712328766
"100756",1.18060273972606,24.2995068493151,18.2840547945205,13.5872876712328,33.6486575342466,11.7527671232876,1.40350684931505
"100757",2.5160547945205,24.9179178082192,16.6408767123288,12.1551780821918,34.1940821917808,10.4666301369863,0.500054794520537
"100758",2.13435616438355,25.1082739726027,17.4161095890411,12.722301369863,34.4367123287671,10.8996164383562,0.299835616438372
"100759",1.3551780821918,24.9514520547945,18.5888219178082,13.6642191780822,34.3124383561644,11.7044383561644,0.732821917808195
"100760",2.24778082191781,25.0461369863014,17.7613150684931,12.8603835616438,34.1023561643836,11.0475616438356,0.224876712328751
"100761",2.11463013698631,23.393095890411,18.100602739726,13.1621917808219,31.7431232876712,11.6413150684932,0.552328767123271
"100762",2.41939726027397,22.658301369863,17.2040547945205,12.6236712328767,30.931397260274,11.3266849315068,0.474410958904144
"100763",2.84350684931508,19.0780273972603,21.9895890410959,17.0630136986301,27.2485479452055,15.6289315068493,2.93523287671235
"100764",2.87506849315068,20.1540821917808,22.2825205479452,17.1655890410959,28.605698630137,15.5056438356164,2.65610958904111
"100765",1.26936986301368,22.3239452054794,18.2386849315068,13.6563287671233,30.9304109589041,12.211397260274,0.940931506849324
"100766",1.50509589041096,22.9364383561644,17.0570958904109,12.9570410958904,32.2195068493151,11.598904109589,3.60295890410961
"100767",1.76449315068493,23.6515068493151,16.8036164383562,12.6591780821918,33.0706849315068,11.088,4.82104109589039
"100768",2.87802739726027,23.5124383561644,15.2245479452055,11.0317808219178,32.0104109589041,9.84131506849316,5.45819178082192
"100769",1.81282191780821,23.3635068493151,16.4465753424658,12.1364383561644,32.1465205479452,10.7605479452055,4.53994520547943
"100770",3.08219178082192,24.8311232876712,16.3015890410959,11.8326575342466,33.933698630137,10.2279452054795,1.07309589041094
"100771",1.64712328767126,24.9307397260274,17.697205479452,13.1967123287671,34.6911780821918,11.2862465753425,0.992219178082195
"100772",0.482301369863023,24.6802191780822,18.8649863013698,14.284602739726,34.7227397260274,12.2064657534247,0.260383561643863
"100773",1.23090410958906,24.4760547945205,19.8601643835617,15.2590684931507,34.8588493150685,13.0201643835617,1.11649315068493
"100774",0.926136986301373,24.198904109589,19.4626849315069,14.9306301369863,34.3933150684931,12.8485479452055,1.5011506849315
"100775",1.08394520547947,24.8557808219178,19.6865753424658,15.1022465753425,35.3707397260274,12.8939178082192,1.97161643835619
"100776",0.630246575342483,25.0195068493151,19.4370410958904,14.7136438356164,35.2198356164383,12.5664657534246,2.29709589041096
"100777",0.613479452054776,25.3025753424657,18.6894246575342,14.0084383561644,35.3618630136986,11.8928219178082,2.16591780821918
"100778",1.04153424657534,23.6071232876712,20.5564931506849,15.3517808219178,32.716602739726,13.3555068493151,4.1414794520548
"100779",0.758465753424673,23.8694794520548,19.389698630137,14.3102465753425,32.788602739726,12.462904109589,3.21435616438356
"100780",2.04361643835611,22.0063561643836,21.9511232876712,16.4801095890411,30.4875616438356,14.6179726027397,4.97983561643835
"100781",2.32273972602738,19.2427397260274,22.0241095890411,16.7168219178082,26.755397260274,15.3695342465753,4.75791780821919
"100782",2.26553424657536,22.3712876712329,17.7800547945206,12.8929315068493,30.1768767123287,11.6383561643836,1.51989041095891
"100783",0.990246575342496,21.8120547945206,18.8649863013698,14.0547945205479,30.0220273972603,12.6631232876712,2.00810958904108
"100784",1.6569863013699,22.8940273972603,20.570301369863,15.7827945205479,32.4897534246575,13.7924383561644,2.2724383561644
"100785",0.393534246575342,22.6099726027397,18.8935890410959,14.334904109589,31.7125479452055,12.7400547945205,1.11156164383561
"100786",2.59101369863018,23.7412602739726,15.076602739726,11.1807123287671,32.8625753424658,10.1796164383562,4.29336986301371
"100787",2.69950684931506,24.4642191780822,14.9720547945206,11.0672876712329,33.8666301369863,9.63123287671235,5.16624657534246
"100788",1.78323287671235,23.1652602739726,16.1427945205479,12.0654246575342,32.1662465753425,10.7151780821918,4.39200000000002
"100789",1.04252054794523,22.8318904109589,18.0266301369863,13.6395616438356,31.9640547945205,12.2863561643835,2.85139726027398
"100790",1.32361643835617,22.0803287671233,18.3678904109589,13.7707397260274,30.6009863013699,12.7903561643836,2.3444383561644
"100791",2.40065753424653,22.0043835616438,17.4299178082192,12.8909589041096,30.153205479452,12.0614794520548,2.88098630136983
"100792",1.91934246575343,21.1729315068493,16.6625753424657,12.3761095890411,29.0524931506849,11.4371506849315,3.38498630136986
"100793",3.0348493150685,21.0062465753425,14.9207671232877,10.8522739726027,28.3985753424657,10.2151232876712,4.05961643835616
"100794",2.72613698630137,21.5546301369863,15.3606575342466,11.1629589041096,29.3168219178082,10.3482739726027,3.62169863013698
"100795",0.895561643835634,24.076602739726,18.7466301369863,14.0459178082192,33.5352328767123,12.1620821917809,0.477369863013649
"100796",0.826520547945194,23.6554520547945,18.3688767123288,13.896,33.1801643835617,12.1038904109589,0.549369863013737
"100797",0.740712328767131,24.6249863013698,19.195397260274,14.7185753424658,35.0048219178082,12.5467397260274,0.506958904109581
"100798",1.40252054794519,25.344,19.7615342465753,15.3389589041096,36.4487671232877,12.9757808219178,0.893589041095908
"100799",2.22904109589041,23.4621369863014,20.808,16.2424109589041,33.8824109589041,14.0824109589041,2.57030136986302
"100800",3.68778082191778,21.0259726027397,23.1297534246575,17.9743561643836,30.2291506849315,15.962301369863,5.30235616438355
"100801",1.01095890410957,23.5400547945205,19.8591780821918,15.1170410958904,33.1929863013699,13.1523287671233,3.60394520547945
"100802",1.42126027397262,22.6573150684931,20.6501917808219,15.6486575342466,31.7549589041096,13.7638356164384,4.98279452054794
"100803",1.80098630136985,24.84,17.6498630136986,12.9353424657534,34.1102465753425,11.1264657534246,3.2005479452055
"100804",1.490301369863,24.0361643835616,18.3304109589041,13.4127123287672,32.8477808219178,11.6995068493151,4.03594520547949
"100805",1.99528767123289,24.6101917808219,17.6340821917808,12.8396712328767,33.6062465753425,11.1106849315068,2.8050410958904
"100806",3.12558904109591,25.8844931506849,16.0579726027397,11.5476164383562,35.294794520548,9.78509589041093,0.709150684931501
"100807",1.68460273972605,24.0223561643836,17.9546301369863,13.1661369863014,32.9000547945206,11.491397260274,1.87594520547944
"100808",0.849205479452053,22.0734246575343,19.6717808219178,14.9602191780822,30.9925479452055,13.3091506849315,2.80306849315068
"100809",1.43408219178082,22.7431232876712,20.2517260273973,15.5332602739726,32.249095890411,13.6652054794521,2.52887671232875
"100810",0.295890410958862,22.4610410958904,18.6105205479452,14.2520547945205,31.7549589041096,12.7933150684931,0.941917808219159
"100811",0.657863013698631,21.6818630136986,18.0700273972603,13.8013150684932,30.5181369863013,12.6384657534246,1.37391780821915
"100812",1.512,23.3891506849315,17.5689863013698,13.0813150684931,32.3733698630137,11.7527671232877,2.00317808219177
"100813",1.89961643835613,24.7029041095891,16.9071780821918,12.563506849315,34.2838356164384,11.2398904109589,2.61764383561645
"100814",1.05139726027397,21.8968767123288,17.8579726027397,13.5537534246575,30.6631232876712,12.6128219178082,1.71320547945206
"100815",0.915287671232875,20.7389589041096,19.6717808219178,15.0174246575342,29.1294246575343,14.0380273972603,1.95879452054797
"100816",1.98049315068494,22.4334246575342,17.891506849315,13.1710684931507,30.6512876712329,12.2528219178082,1.82761643835616
"100817",1.92723287671234,21.787397260274,16.1122191780822,11.8967671232877,30.1916712328767,10.8611506849315,3.56449315068494
"100818",2.99539726027399,20.6215890410959,14.6653150684932,10.7940821917808,28.1421369863014,10.2220273972603,4.04778082191783
"100819",2.53676712328766,20.7083835616438,15.558904109589,11.3148493150685,28.2910684931507,10.6333150684931,3.55167123287671
"100820",4.37819178082192,21.1887123287671,13.7312876712329,9.48821917808219,28.1322739726027,9.09172602739729,4.61687671232878
"100821",3.50531506849313,20.8622465753424,14.9641643835617,10.3739178082192,28.008,9.90345205479453,4.25194520547944
"100822",2.78235616438357,21.0200547945206,16.3272328767123,11.2181917808219,28.2013150684932,11.0761643835617,2.66695890410959
"100823",1.88876712328769,23.8398904109589,17.4841643835616,12.9264657534247,32.860602739726,11.3118904109589,0.832438356164403
"100824",0.376767123287664,22.8180821917808,18.9389589041096,14.4059178082192,32.0952328767123,12.6917260273973,0.409315068493129
"100825",0.6351780821918,23.8487671232877,18.8235616438356,14.5380821917808,34.0540273972603,12.6276164383562,0.732821917808224
"100826",0.26235616438359,24.1781917808219,18.3146301369863,14.1238356164384,34.4850410958904,12.3277808219178,0.871890410958912
"100827",1.05830136986299,22.5399452054795,19.3157260273972,14.9898082191781,32.2727671232877,13.3397260273973,1.7625205479452
"100828",0.812712328767134,23.0557808219178,17.7484931506849,13.4955616438356,32.428602739726,12.0131506849315,1.69446575342468
"100829",0.714082191780847,22.4679452054795,18.3787397260274,13.8052602739726,31.2282739726027,12.3139726027397,3.50630136986302
"100830",2.05939726027398,23.1899178082191,16.7917808219178,12.4165479452055,31.924602739726,11.023890410959,3.01117808219178
"100831",3.7124383561644,26.0403287671233,14.8359452054794,10.5859726027397,35.452602739726,8.96153424657533,1.52975342465754
"100832",3.60394520547945,24.7798356164384,14.9819178082192,10.4498630136986,33.1002739726027,9.15780821917809,2.05841095890409
"100833",3.48361643835617,25.7789589041096,15.0992876712329,10.6382465753424,34.776,9.0848219178082,1.22991780821917
"100834",2.96383561643836,26.1547397260274,15.8439452054795,11.4578630136986,35.8392328767123,9.64208219178084,0.671671232876719
"100835",1.11156164383564,23.4976438356165,18.0867945205479,13.4590684931507,32.5055342465754,11.8129315068493,1.994301369863
"100836",0.350136986301379,22.1523287671233,18.6943561643836,14.1632876712329,30.9935342465753,12.6404383561644,2.18268493150686
"100837",1.27923287671231,22.0990684931507,19.8345205479452,15.3044383561644,31.4679452054795,13.6356164383562,2.67583561643835
"100838",3.72526027397257,20.0978630136987,22.6957808219178,17.8747397260274,29.3059726027397,16.1418082191781,4.51232876712331
"100839",5.6298082191781,17.6853698630137,24.5559452054795,19.7704109589041,26.697205479452,18.2702465753425,3.80219178082191
"100840",2.77052054794521,20.8888767123288,22.3979178082192,17.1231780821918,29.4371506849315,15.4326575342466,2.59890410958901
"100841",1.16679452054797,24.9583561643835,17.8599452054794,13.2894246575343,34.6714520547945,11.8129315068493,1.0237808219178
"100842",1.43605479452057,22.6316712328767,16.9683287671233,12.7923287671233,31.8131506849315,11.555506849315,1.75857534246572
"100843",2.24975342465751,19.8325479452055,20.980602739726,16.337095890411,28.4538082191781,15.3636164383562,1.50213698630137
"100844",2.53972602739724,21.2518356164384,16.6073424657534,12.1009315068493,28.7082739726027,11.5959452054795,1.72602739726025
"100845",2.20635616438358,21.2981917808219,15.8972054794521,11.6235616438356,29.3464109589041,10.7487123287671,2.87013698630139
"100846",1.9499178082192,20.563397260274,16.1319452054794,11.8602739726028,28.4597260273973,11.0830684931507,2.73106849315067
"100847",1.93216438356166,19.6589589041096,16.4100821917808,12.0151232876712,26.7701917808219,11.5998904109589,2.25271232876713
"100848",2.5604383561644,20.9963835616439,16.0855890410959,11.4124931506849,28.346301369863,10.9075068493151,2.85830136986301
"100849",2.22509589041094,21.794301369863,16.8953424657534,11.8030684931507,29.7419178082192,10.7477260273972,3.29523287671232
"100850",0.461589041095891,23.8862465753425,18.122301369863,13.8378082191781,33.7739178082192,12.1630684931507,1.15495890410958
"100851",1.28712328767122,21.9787397260274,20.0357260273973,15.3724931506849,31.1227397260274,13.723397260274,2.14619178082194
"100852",1.324602739726,21.8584109589041,19.9479452054794,15.3724931506849,31.075397260274,13.7963835616439,2.83561643835617
"100853",0.734794520547922,21.9471780821918,19.3561643835616,14.7866301369863,30.9353424657534,13.2963287671233,3.57928767123286
"100854",1.18060273972603,22.7598904109589,17.8431780821917,13.2894246575342,31.4413150684932,11.8681643835617,3.49841095890412
"100855",3.21435616438353,23.4956712328767,15.2442739726027,11.0741917808219,32.0390136986301,9.91232876712331,2.04460273972603
"100856",4.11287671232876,26.2346301369863,13.8506301369863,9.74169863013699,35.5433424657534,8.25139726027396,1.14509589041097
"100857",3.6483287671233,25.9190136986301,14.8615890410959,10.3995616438356,34.8667397260274,8.86783561643836,1.87693150684936
"100858",1.24372602739729,25.1694246575342,18.3264657534246,13.3998904109589,34.5057534246575,11.4499726027397,3.51715068493149
"100859",1.11945205479455,24.7433424657534,18.0808767123288,13.3525479452055,34.1477260273972,11.4775890410959,2.47265753424657
"100860",2.1787397260274,25.9791780821918,16.315397260274,12.0141369863014,35.9723835616438,10.1391780821918,0.286027397260284
"100861",1.58498630136984,22.6928219178082,17.0797808219178,12.7272328767123,31.3722739726027,11.4164383561644,1.37391780821918
"100862",1.13523287671237,21.4510684931507,19.8483287671233,15.2156712328767,30.3129863013698,13.7224109589041,3.4303561643836
"100863",2.41150684931503,21.3830136986302,21.3524383561643,16.5521095890411,30.6029589041096,14.8132602739726,5.14750684931508
"100864",1.37687671232874,21.5970410958904,19.5770958904109,15.2965479452055,31.0931506849315,13.9699726027397,2.17775342465751
"100865",4.51035616438355,18.8166575342466,23.9227397260274,18.8008767123288,27.4024109589041,17.2612602739726,5.67123287671231
"100866",3.08909589041096,24.9297534246575,15.2255342465753,10.8759452054794,33.7985753424658,9.81073972602741,1.5741369863014
"100867",1.08887671232873,22.3989041095891,19.8542465753425,15.1663561643835,31.6661917808219,13.8713424657534,1.80098630136985
"100868",2.45786301369864,19.1776438356164,21.1581369863013,16.5106849315069,27.7042191780822,15.6397808219178,2.02487671232876
"100869",1.50608219178085,21.7213150684931,17.4802191780822,12.8919452054795,30.0821917808219,12.2597260273973,1.36306849315065
"100870",2.28131506849317,21.1265753424658,16.6921643835616,12.174904109589,28.9144109589041,11.592,1.49424657534243
"100871",2.29906849315071,19.5287671232877,16.6990684931507,12.3090410958904,26.7573698630137,11.9825753424658,1.89567123287671
"100872",2.73008219178084,20.6827397260274,15.674301369863,11.1343561643836,28.1312876712329,10.5001643835617,2.68076712328767
"100873",2.33358904109592,21.4372602739726,16.6625753424657,11.6659726027397,29.0041643835617,11.1590136986301,2.21030136986303
"100874",2.16394520547944,21.5605479452055,17.2859178082192,11.9727123287672,29.0288219178082,11.6985205479452,2.25271232876712
"100875",1.68558904109588,23.8329863013699,17.4368219178082,12.8081095890411,32.6870136986302,11.3404931506849,1.08098630136988
"100876",0.623342465753439,22.7884931506849,18.5888219178082,13.8486575342466,31.4748493150685,12.4254246575343,2.75769863013696
"100877",1.74871232876711,21.8899726027397,20.8149041095891,15.9297534246575,30.9274520547945,14.3023561643836,4.94827397260275
"100878",1.47452054794519,24.264,17.222794520548,12.7696438356164,33.5687671232877,11.2675068493151,3.10783561643839
"100879",3.36723287671236,26.2060273972603,14.9533150684932,10.756602739726,35.8609315068493,9.20120547945203,1.61260273972601
"100880",2.16690410958907,25.6842739726028,16.782904109589,12.2025205479452,35.2070136986301,10.3867397260274,3.39583561643835
"100881",4.10202739726026,27.8235616438356,14.1830136986302,9.83736986301369,37.590904109589,8.04131506849313,0.903452054794514
"100882",3.24789041095889,27.1518904109589,15.3586849315068,10.958794520548,37.0523835616438,9.06312328767123,0.883726027397273
"100883",0.480328767123297,24.2048219178082,18.5779726027397,13.8496438356164,33.5894794520548,12.0180821917808,2.87210958904109
"100884",0.405369863013703,22.5379726027397,18.4241095890411,13.8072328767123,31.2677260273973,12.3918904109589,2.66794520547941
"100885",0.517808219178079,21.8702465753424,18.1301917808219,13.6859178082192,30.4767123287671,12.4471232876712,2.40657534246574
"100886",0.626301369863029,22.9009315068493,17.8984109589041,13.5517808219178,32.0873424657535,12.1512328767123,2.22016438356164
"100887",0.753534246575327,21.3889315068493,18.0828493150685,13.6287123287672,29.7221917808219,12.4806575342466,3.30608219178083
"100888",0.775232876712295,22.2825205479452,17.8510684931506,13.4935890410959,31.1247123287671,12.3159452054795,2.85731506849316
"100889",1.18158904109586,24.0844931506849,17.2405479452055,12.9402739726028,33.7384109589041,11.6501917808219,1.04843835616438
"100890",2.76657534246576,25.3568219178082,15.5796164383562,11.2014246575342,34.5452054794521,9.99024657534244,1.13227397260272
"100891",1.02575342465752,22.0231232876712,19.9883835616438,15.1791780821918,30.8781369863014,13.8683835616439,2.97271232876716
"100892",2.71923287671234,18.3846575342466,21.6049315068493,16.8223561643836,26.5324931506849,15.9997808219178,3.16504109589044
"100893",1.0829589041096,20.6235616438356,19.9647123287671,15.0943561643836,29.3000547945205,14.3654794520548,1.71517808219178
"100894",0.574027397260267,19.994301369863,19.6569863013699,14.7116712328767,27.8067945205479,14.0646575342465,1.92723287671234
"100895",0.813698630136969,19.0987397260274,18.4901917808219,13.7312876712329,26.3174794520548,13.4541369863014,1.58301369863011
"100896",3.30805479452056,20.3552876712329,15.0134794520548,10.5248219178082,27.5000547945205,10.2269589041096,2.62257534246575
"100897",2.52098630136985,21.9156164383561,16.625095890411,11.6778082191781,29.7073972602739,10.937095890411,2.13041095890409
"100898",2.84252054794517,21.8248767123287,16.7799452054795,11.5229589041096,29.0899726027397,11.3562739726027,1.68657534246572
"100899",0.865972602739731,24.8212602739726,18.3876164383562,13.492602739726,34.1289863013699,11.8494246575342,2.62454794520548
"100900",0.362958904109604,23.7205479452055,19.4242191780822,14.4966575342466,33.0864657534247,12.9136438356165,3.68580821917809
"100901",1.40350684931505,25.250301369863,17.4121643835616,12.7518904109589,34.8440547945205,11.153095890411,3.07134246575345
"100902",5.15342465753426,28.404493150685,12.7430136986301,8.66958904109586,38.3010410958904,7.15167123287671,1.0533698630137
"100903",3.63747945205481,26.7603287671233,14.9099178082192,10.5100273972603,36.2603835616438,8.90531506849314,1.52186301369863
"100904",5.77775342465753,28.3709589041096,12.0052602739726,8.01665753424658,38.0603835616438,6.57271232876715,1.73391780821919
"100905",4.57545205479451,27.3738082191781,13.4176438356164,9.2820821917808,36.9724931506849,7.76120547945206,1.53073972602741
"100906",0.428054794520534,24.2294794520548,19.2782465753425,14.5213150684932,33.9642739726028,12.650301369863,3.01413698630137
"100907",1.05632876712329,23.1090410958904,19.8029589041096,15.1407123287671,32.7905753424657,13.3742465753425,3.08515068493151
"100908",0.1252602739726,22.7283287671233,18.5454246575343,14.1218630136986,32.1386301369863,12.6769315068493,2.17972602739727
"100909",0.639123287671254,22.0428493150685,17.5472876712329,13.3160547945205,31.0458082191781,12.2143561643836,1.76745205479452
"100910",0.57797260273972,21.2261917808219,19.158904109589,14.6100821917808,29.8829589041096,13.4265205479452,3.55167123287669
"100911",2.37402739726028,23.766904109589,15.6269589041096,11.5338082191781,33.0134794520548,10.5396164383561,0.422136986301382
"100912",3.19265753424654,25.2542465753424,14.5124383561644,10.5603287671233,35.0255342465753,9.53358904109589,1.82169863013695
"100913",3.01906849315068,26.5936438356164,15.4257534246576,10.915397260274,36.3116712328767,9.59671232876715,1.20328767123286
"100914",0.327452054794549,21.9274520547945,18.6904109589041,14.0044931506849,30.564493150685,12.988602739726,1.80591780821916
"100915",3.14531506849312,19.0089863013699,21.9925479452055,17.2415342465754,27.9734794520548,16.2858082191781,2.2527123287671
"100916",3.23506849315066,20.2260821917808,22.3121095890411,17.4427397260274,29.692602739726,16.2266301369863,1.74673972602741
"100917",0.619397260273956,20.8947945205479,18.3461917808219,13.579397260274,29.0643287671233,12.9974794520548,1.98443835616436
"100918",0.621369863013712,19.3561643835616,19.721095890411,14.7945205479452,27.1893698630137,14.3013698630137,2.02389041095893
"100919",1.63134246575345,20.7251506849315,17.5117808219178,12.6325479452055,28.3117808219178,12.312,2.3700821917808
"100920",2.00613698630139,22.4363835616438,17.3786301369863,12.3810410958904,30.5674520547945,11.426301369863,2.10082191780822
"100921",1.47945205479454,21.3918904109589,18.5740273972603,13.1483835616438,28.8226849315069,12.6621369863014,1.76843835616435
"100923",4.24208219178084,26.4762739726027,14.1001643835617,9.7387397260274,35.7277808219178,8.48613698630137,1.19145205479452
"100924",4.88515068493152,27.3826849315069,13.464,9.09468493150686,36.7308493150685,7.77008219178083,0.670684931506884
"100925",5.32799999999999,28.6707945205479,13.0300273972603,8.64295890410961,38.3671232876712,7.12208219178081,0.865972602739703
"100926",5.90893150684933,29.037698630137,12.0111780821918,7.93084931506849,38.9973698630137,6.41391780821917,1.52679452054798
"100927",5.59627397260276,28.1066301369863,12.3001643835616,8.24153424657533,37.8029589041096,6.84098630136984,1.8009863013699
"100928",3.8051506849315,27.244602739726,14.4404383561644,10.130301369863,37.0326575342466,8.50487671232875,1.81775342465758
"100929",1.35517808219177,25.4919452054795,17.510794520548,12.8455890410959,35.1981369863014,11.0367123287671,0.832438356164403
"100930",1.42027397260273,25.732602739726,17.1715068493151,12.7410410958904,35.8510684931507,10.8798904109589,0.705205479452047
"100931",0.118356164383584,24.4533698630137,18.6608219178082,14.1376438356164,34.5244931506849,12.312,1.28613698630139
"100932",0.952767123287686,23.9750136986301,19.6264109589041,15.0115068493151,34.1398356164384,13.1789589041096,2.09095890410958
"100933",0.876821917808201,22.3555068493151,19.7181369863013,15.0036164383561,31.6622465753425,13.5744657534246,2.98947945205475
"100934",0.970520547945199,23.162301369863,19.6668493150685,15.048,33.0450410958904,13.4945753424657,2.79912328767125
"100935",0.0404383561643726,23.4197260273973,18.7357808219178,14.1258082191781,33.0568767123288,12.7666849315068,1.85720547945206
"100936",2.00909589041098,23.0804383561644,16.8894246575342,12.1601095890411,31.5379726027397,11.3286575342466,1.28613698630139
"100937",0.840328767123282,23.8142465753425,18.381698630137,13.4127123287671,32.8576438356164,12.2104109589041,2.33260273972598
"100938",7.91901369863015,17.4604931506849,27.8768219178083,22.3781917808219,26.9861917808219,20.7172602739726,6.54608219178081
"100939",4.55178082191782,21.3889315068493,23.6110684931507,18.7328219178082,31.9127671232877,16.8677260273973,2.26553424657533
"100940",1.1362191780822,21.8071232876712,17.6104109589041,13.118794520548,30.521095890411,11.9243835616438,2.49435616438356
"100941",0.647013698630161,19.5652602739726,19.7526575342466,14.8882191780822,27.5661369863014,14.2688219178082,1.64219178082192
"100942",0.127232876712327,21.2597260273973,19.7013698630137,14.5025753424657,29.4174246575343,13.6740821917808,2.16591780821915
"100943",1.75758904109588,21.5861917808219,17.7169315068493,12.6414246575343,29.2665205479452,12.1374246575343,1.4291506849315
"100944",0.240657534246594,21.816,20.2546849315069,14.7471780821918,29.952,13.8101917808219,1.65600000000001
"100945",7.28778082191778,29.5791780821918,10.0139178082192,6.37347945205482,39.7627397260274,5.11890410958904,3.51912328767122
"100946",5.65939726027399,28.051397260274,12.556602739726,8.27999999999997,37.4755068493151,6.97019178082189,1.9597808219178
"100947",5.02915068493149,27.8215890410959,13.7648219178082,9.08383561643836,36.9221917808219,7.68920547945208,1.16383561643835
"100948",5.03901369863016,29.2201643835617,13.6602739726027,9.03254794520547,39.0032876712329,7.32328767123286,0.645041095890377
"100949",3.84953424657533,26.6607123287671,14.7373150684932,10.1973698630137,35.8964383561644,8.72284931506852,1.0829589041096
"100950",2.7961643835616,26.1833424657534,15.9810410958904,11.5219726027397,35.9181369863013,9.84230136986298,1.4094246575342
"100951",0.776219178082215,24.6604931506849,18.4004383561644,13.6809863013699,34.2917260273973,11.8711232876712,0.909369863013694
"100952",1.07408219178083,23.2993972602739,19.9775342465754,15.2028493150685,32.9227397260274,13.3584657534247,1.35517808219183
"100953",1.36010958904109,22.8634520547945,20.0791232876712,15.4346301369863,32.6199452054794,13.6701369863014,1.32558904109587
"100954",3.5990136986301,20.7705205479452,22.6208219178082,17.7682191780822,30.384,16.0421917808219,3.36032876712324
"100955",5.5785205479452,19.893698630137,24.5066301369863,19.7122191780822,30.1236164383562,17.8086575342465,5.01534246575341
"100956",7.65961643835615,18.2179726027397,27.0739726027397,21.9412602739726,28.2614794520548,20.016,7.29468493150685
"100957",4.39693150684931,20.404602739726,23.7639452054794,18.6746301369863,30.0486575342466,17.0067945205479,6.13775342465752
"100958",0.937972602739706,22.1898082191781,20.2063561643835,15.2008767123288,31.2164383561644,13.9098082191781,4.23715068493155
"100959",0.215013698630145,24.357698630137,19.5396164383561,14.3161643835616,33.6693698630137,12.7982465753424,4.2322191780822
"100960",5.99967123287672,18.3175890410959,26.1192328767123,20.5140821917808,27.1538630136986,18.9823561643836,7.54619178082191
"100961",3.51912328767125,21.5723835616438,22.1779726027397,17.5818082191781,32.0163287671233,15.6447123287671,1.52482191780823
"100962",0.924164383561617,22.5803835616438,18.1134246575343,13.5843287671233,31.7667945205479,12.1403835616438,2.60679452054794
"100963",1.35320547945204,19.6569863013699,20.7498082191781,15.674301369863,27.6992876712329,14.8300273972603,2.89183561643833
"100964",1.66586301369864,21.1127671232876,21.794301369863,16.1970410958904,29.332602739726,15.019397260274,4.57643835616443
"100965",0.919232876712329,20.6452602739726,18.626301369863,13.6415342465753,28.4261917808219,13.060602739726,1.63232876712328
"100966",0.667726027397237,20.8218082191781,19.2812054794521,14.1504657534247,28.7467397260274,13.4580821917808,1.44493150684929
"100967",0.676602739726007,20.9007123287671,20.3700821917808,15.0874520547945,29.0968767123288,14.0459178082192,1.28712328767125
"100968",1.92131506849313,24.3586849315068,16.9673424657534,12.5990136986301,33.868602739726,11.0258630136986,1.16186301369865
"100969",5.06860273972603,19.7861917808219,24.5342465753425,19.3650410958904,29.1264657534247,17.4230136986301,4.20953424657532
"100970",9.06509589041099,17.8905205479452,28.6905205479452,23.3960547945206,28.0780273972603,21.0733150684931,6.94652054794523
"100971",4.67309589041096,20.678794520548,23.1524383561644,18.6667397260274,31.1937534246575,16.7000547945206,3.08416438356167
"100972",8.00482191780821,18.0463561643836,26.9457534246575,22.1365479452055,28.505095890411,20.0820821917808,6.52043835616439
"100973",8.08076712328767,15.3971506849315,27.4734246575343,22.3742465753425,24.364602739726,20.8869041095891,8.06991780821917
"100974",5.61402739726029,19.6865753424658,24.7995616438356,19.8305753424658,29.6758356164384,18.0207123287671,7.35978082191781
"100975",2.67484931506851,22.3604383561644,22.1582465753425,16.9870684931507,32.0133698630137,15.2718904109589,6.19101369863014
"100976",0.246575342465746,23.1810410958904,19.8907397260274,14.6209315068493,31.9837808219178,13.226301369863,5.23232876712331
"100977",2.95693150684934,20.9125479452054,23.4739726027397,17.5946301369863,29.1422465753424,16.0895342465754,8.9980273972603
"100978",3.40767123287671,18.425095890411,22.3781917808219,17.5887123287671,27.1173698630137,16.5136438356165,3.14531506849312
"100979",1.04942465753425,23.046904109589,18.100602739726,13.6040547945206,32.465095890411,12.1620821917808,1.76942465753422
"100980",1.40646575342467,20.4401095890411,20.6432876712329,15.6683835616438,28.9232876712329,14.594301369863,3.40471232876712
"100981",3.25972602739728,20.9717260273973,23.3654794520548,17.7711780821918,29.8001095890411,16.2670684931507,5.34969863013697
"100982",1.18553424657534,21.8298082191781,18.1676712328767,13.5695342465753,30.6325479452055,11.886904109589,3.20153424657533
"100983",0.607561643835623,20.0712328767123,19.5790684931507,14.8024109589041,28.4291506849315,13.4551232876712,2.84843835616442
"100984",1.20131506849316,20.4312328767123,20.7399452054794,15.5628493150685,28.7418082191781,14.2658630136986,1.33347945205477
"100985",3.0052602739726,20.8119452054795,21.9609863013698,17.1527671232877,30.1206575342466,15.3833424657534,3.37413698630135
"100986",6.12197260273973,17.856,25.7523287671233,20.4775890410959,26.6636712328767,18.7219726027398,6.94158904109591
"100987",2.74882191780824,22.0734246575342,20.8790136986302,16.6369315068493,32.630794520548,14.7254794520548,2.73600000000002
"100988",5.4552328767123,19.4133698630137,23.8872328767123,19.4380273972603,29.7586849315068,17.568,5.20668493150683
"100989",5.83693150684931,18.6381369863014,24.6348493150685,19.9370958904109,28.5208767123288,18.1913424657535,7.00668493150687
"100990",4.4935890410959,21.988602739726,23.4601643835617,18.6312328767123,32.6544657534246,16.538301369863,6.92186301369864
"100991",4.04975342465755,21.9225205479452,23.7836712328767,18.4280547945206,31.7164931506849,16.4653150684931,8.01369863013699
"100992",1.21019178082193,25.4002191780822,18.5089315068494,13.6859178082192,35.395397260274,11.9372054794521,2.65610958904111
"100993",2.68964383561644,23.2510684931507,22.2361643835616,17.0107397260274,33.1949589041096,15.0568767123287,5.23824657534249
"100994",4.6405479452055,22.2904109589041,23.6288219178082,18.7841095890411,33.170301369863,16.6507397260274,3.30213698630135
"100995",1.96076712328767,25.2197260273973,20.8208219178082,16.0619178082192,36.3136438356164,13.6218082191781,2.51704109589042
"100996",3.47375342465756,21.2597260273973,23.0054794520548,17.8007671232877,30.6927123287671,16.0924931506849,5.13172602739726
"100997",5.81917808219177,20.9352328767123,25.8835068493151,20.2961095890411,30.8367123287671,18.2367123287671,5.98684931506847
"100998",5.15539726027396,21.5151780821918,24.5973698630137,19.4439452054794,31.9808219178082,16.7898082191781,2.51506849315069
"100999",3.03386301369864,21.1650410958904,22.1572602739726,17.2454794520548,30.8672876712329,14.788602739726,1.97753424657535
"101000",2.62750684931507,20.7123287671233,22.2361643835616,16.9959452054794,29.6659726027397,15.2945753424657,1.85523287671234
"101001",1.38082191780822,20.4154520547945,20.9441095890411,15.7472876712328,28.7684383561644,14.3556164383562,1.01293150684933
"101002",1.80887671232878,21.7055342465754,21.4254246575342,16.1792876712329,30.7765479452055,13.9798356164384,1.66487671232878
"101003",2.74487671232876,25.2049315068493,16.0767123287671,11.9549589041096,35.1616438356164,10.2358356164384,0.968547945205472
"101004",0.834410958904101,22.5922191780822,19.6944657534247,14.9562739726027,31.8190684931507,13.2667397260274,3.76471232876713
"101005",2.68767123287668,20.8089863013699,21.4786849315068,16.7878356164383,30.1423561643836,15.0992876712329,4.90487671232873
"101006",3.82290410958902,20.1175890410959,22.3130958904109,17.8293698630137,29.9638356164384,16.099397260274,5.47101369863014
"101007",3.03978082191782,20.4154520547945,21.4293698630137,17.0206027397261,30.1660273972603,15.4178630136986,5.53906849315067
"101008",5.96909589041096,18.8413150684931,25.4021917808219,20.260602739726,28.3019178082192,18.4349589041095,9.33632876712329
"101009",8.16657534246576,16.6142465753425,28.5277808219178,22.745095890411,25.272,20.9618630136986,11.5959452054795
"101010",1.5948493150685,25.9170410958904,18.3363287671233,13.4955616438356,35.993095890411,11.6156712328767,3.32186301369865
"101011",2.49731506849315,24.0716712328767,21.5339178082192,16.6546849315069,34.6901917808219,14.5104657534247,3.32284931506851
"101012",3.40076712328764,23.4493150684931,21.8485479452054,17.3756712328767,34.7217534246575,15.1880547945206,1.7092602739726
"101013",2.27145205479454,23.9789589041096,20.7300821917808,16.2532602739726,34.9693150684932,13.896,2.17972602739724
"101014",2.84350684931502,22.9107945205479,22.2509589041096,17.1202191780822,32.8300273972603,15.1229589041096,4.96109589041097
"101015",10.5869589041096,15.9504657534247,31.0655342465753,25.1891506849315,25.3361095890411,23.1129863013699,9.6864657534247
"101016",9.75846575342467,17.5443287671233,30.0378082191781,24.2955616438356,27.4931506849315,22.1247123287671,6.85282191780823
"101017",3.45106849315067,20.6245479452055,22.8338630136986,17.7415890410959,30.0082191780822,15.948493150685,2.16591780821915
"101018",2.63934246575343,20.0386849315068,22.2055890410959,16.9969315068493,28.6865753424658,15.7107945205479,2.32372602739727
"101019",1.85621917808223,20.2053698630137,21.4352876712329,16.2246575342466,28.6155616438356,14.9178082191781,1.62147945205479
"101020",2.15309589041095,20.8780273972603,21.8919452054795,16.5629589041096,29.592,14.8852602739726,1.80986301369862
"101021",1.91145205479452,20.88,21.6088767123288,16.3124383561644,29.592,14.3773150684932,1.13326027397261
"101022",2.79419178082188,19.9518904109589,22.6504109589041,17.2464657534246,28.5632876712329,15.4030684931506,1.39956164383563
"101023",2.71726027397258,24.7768767123287,16.6349589041096,12.1818082191781,34.1260273972603,10.5218630136986,1.73391780821919
"101024",1.56032876712328,24.6535890410959,18.1676712328767,13.4758356164384,34.2039452054795,11.6265205479452,3.45402739726026
"101025",2.07715068493152,21.8929315068493,21.4796712328767,16.3607671232877,30.859397260274,14.5518904109589,6.26597260273974
"101026",2.97468493150683,20.5032328767123,21.9294246575343,17.1251506849315,29.6768219178082,15.4306849315069,6.3517808219178
"101027",2.98750684931508,20.9638356164383,21.6739726027397,17.0531506849315,30.6295890410959,15.2975342465753,6.27583561643837
"101028",3.29227397260271,21.1670136986301,22.0507397260274,17.3766575342466,31.0260821917808,15.5500273972603,6.95342465753424
"101029",3.57139726027395,21.0683835616438,22.7441095890411,17.784,30.6690410958904,15.9652602739726,7.63101369863011
"101030",2.05742465753428,27.1804931506849,18.150904109589,13.2736438356164,37.6412054794521,11.1205479452055,3.91758904109588
"101031",2.34246575342465,24.746301369863,21.7104657534246,16.5945205479452,35.2504109589041,14.2836164383562,5.35561643835618
"101032",3.261698630137,22.0625753424658,21.9797260273973,17.3293150684932,32.3763287671233,15.3734794520548,2.53380821917807
"101033",1.5544109589041,23.349698630137,19.6934794520548,15.4464657534247,33.9958356164384,13.4521643835616,1.20723287671228
"101034",1.93906849315064,23.4266301369863,21.0013150684931,16.1112328767123,33.4415342465753,14.1366575342466,4.01523287671233
"101035",2.96778082191778,21.5615342465754,21.8820821917808,17.1034520547945,31.3841095890411,15.3448767123288,3.94717808219175
"101036",11.9372054794521,15.3468493150685,32.3635068493151,26.517698630137,25.1023561643836,24.2896438356164,9.8876712328767
"101037",4.82005479452056,19.5041095890411,24.5204383561644,19.2032876712329,28.6471232876712,17.5975890410959,4.90684931506848
"101038",3.69172602739727,21.6512876712329,23.0163287671233,17.9536438356164,31.6188493150685,15.494794520548,2.90564383561644
"101039",2.93720547945207,19.2585205479452,22.6987397260274,17.3579178082192,27.504,16.2276164383562,3.11967123287667
"101040",0.880767123287683,21.6207123287672,20.1452054794521,15.1495890410959,30.4806575342466,13.2391232876713,1.39068493150683
"101041",1.42915068493153,20.7369863013698,20.9263561643836,15.7729315068493,29.3217534246575,13.9492602739726,1.42816438356166
"101042",2.39967123287673,19.9499178082191,21.974794520548,16.7690958904109,28.6313424657534,14.7067397260274,1.52975342465754
"101043",1.44,20.8168767123288,20.534794520548,15.6654246575342,29.9589041095891,12.6532602739726,4.01819178082192
"101044",1.80690410958903,19.8877808219178,20.7004931506849,15.9770958904109,29.0505205479452,12.9580273972603,3.37709589041094
"101045",1.37884931506849,24.6575342465753,18.7831232876712,13.8131506849315,33.918904109589,11.8977534246575,4.85556164383564
"101046",0.737753424657541,24.5884931506849,19.3236164383562,14.4246575342466,34.2266301369863,12.4076712328767,4.99857534246576
"101047",3.36821917808217,21.2123835616438,23.0735342465753,17.7396164383562,30.1729315068493,15.8064657534246,7.82926027397261
"101048",2.64821917808217,21.1512328767123,21.2725479452055,16.6941369863014,30.7775342465753,14.9286575342466,5.74323287671234
"101049",2.76756164383562,20.4736438356165,21.2972054794521,16.7898082191781,29.9608767123288,15.1624109589041,5.91287671232877
"101050",1.63923287671236,23.4493150684932,17.5216438356164,13.2904109589041,33.1407123287672,11.7744657534246,3.0476712328767
"101051",2.80701369863013,27.7673424657534,17.6380273972603,12.5812602739726,37.8759452054794,10.4232328767123,5.38717808219178
"101052",1.22005479452054,24.5766575342466,20.7251506849315,15.523397260274,34.3489315068493,13.4275068493151,6.29556164383564
"101053",5.7037808219178,20.2290410958904,25.1487123287671,19.987397260274,30.1275616438356,17.8727671232877,6.39813698630135
"101054",3.57928767123286,22.5350136986301,22.0191780821918,17.5522191780822,33.4267397260274,15.3902465753425,2.138301369863
"101055",4.0901917808219,22.6494246575342,22.8930410958904,18.1696438356164,33.4888767123288,15.883397260274,3.7232876712329
"101056",3.07726027397257,21.4382465753425,22.0260821917808,17.2218082191781,31.1898082191781,15.4178630136986,4.48175342465754
"101057",5.94246575342464,19.5149589041096,25.8598356164383,20.3789589041096,28.8641095890411,18.4527123287671,8.31550684931506
"101058",8.31452054794522,17.1251506849315,28.8838356164384,22.9532054794521,25.9328219178082,21.0782465753425,11.1304109589041
"101059",4.76679452054796,19.8818630136987,24.6032876712329,19.188493150685,29.0416438356165,17.510794520548,5.67320547945201
"101060",4.6336438356164,19.6915068493151,24.3310684931507,19.0168767123288,28.8749589041096,17.4407671232877,4.32887671232874
"101061",2.16197260273975,21.2469041095891,21.6374794520548,16.4860273972603,30.2725479452055,14.7590136986302,2.80898630136986
"101062",1.07112328767121,21.6088767123288,20.4835068493151,15.3843287671233,30.4510684931507,13.5241643835616,1.94794520547944
"101063",0.730849315068497,20.4963287671233,19.7546301369863,14.9395068493151,29.1442191780822,12.8298082191781,2.74980821917808
"101064",1.00701369863012,21.4944657534246,20.0347397260274,15.2087671232877,30.7390684931507,12.3228493150685,3.92449315068495
"101065",1.16679452054794,21.2725479452055,19.9400547945205,15.2935890410959,30.7775342465753,12.1571506849315,3.71046575342464
"101066",1.76054794520547,20.131397260274,20.5426849315069,15.8952328767123,29.469698630137,12.8564383561644,3.89391780821919
"101067",3.02301369863014,20.5594520547945,22.1454246575342,17.2494246575343,30.2991780821918,13.6839452054795,4.25194520547942
"101068",1.06816438356162,25.2355068493151,18.8413150684931,14.1070684931507,35.2691506849315,11.9796164383562,4.2322191780822
"101069",1.28416438356163,25.6280547945205,18.5345753424658,13.8900821917808,35.8974246575342,11.7369863013699,3.73610958904109
"101070",0.78904109589044,24.8508493150685,18.8452602739726,14.3260273972602,35.1715068493151,12.2557808219178,3.67890410958904
"101071",1.40153424657535,21.8692602739726,19.6727671232877,15.3438904109589,31.5912328767123,13.6839452054795,3.506301369863
"101072",1.9814794520548,22.7253698630137,17.013698630137,12.9511232876712,32.1563835616438,11.5781917808219,1.63824657534246
"101073",1.41238356164388,25.2384657534247,19.6027397260274,14.1277808219178,34.2059178082192,12.1551780821918,7.77698630136985
"101074",0.707178082191831,24.4740821917809,19.8601643835617,14.7964931506849,34.0421917808219,12.8120547945206,5.22739726027399
"101075",5.31123287671235,20.3868493150685,24.4888767123288,19.5139726027398,30.4037260273973,17.4111780821918,4.56361643835618
"101076",6.39024657534247,21.2311232876713,25.6063561643836,20.5890410958904,32.0656438356165,18.1025753424658,4.25983561643832
"101077",5.46213698630137,22.5468493150685,24.1456438356164,19.4942465753425,34.0481095890411,16.5895890410959,3.16010958904107
"101078",6.69797260273972,21.2321095890411,25.9249315068493,20.8987397260274,32.2234520547945,18.3856438356164,5.87441095890415
"101079",8.30663013698629,19.8473424657534,28.0701369863013,22.6730958904109,30.499397260274,20.1836712328767,8.52558904109588
"101080",6.14268493150686,21.0802191780822,25.8805479452055,20.5101369863014,31.377205479452,18.2436164383562,8.352
"101081",11.2497534246575,15.7226301369863,32.2767123287671,26.0166575342465,24.789698630137,23.8339726027397,13.7233972602739
"101082",6.29753424657531,18.9468493150685,26.3273424657534,20.7734794520548,28.2013150684932,18.9843287671233,6.72164383561642
"101083",1.97654794520548,22.4373698630137,20.9441095890411,16.1358904109589,32.3092602739726,13.5192328767124,2.13041095890412
"101084",2.08602739726027,21.9185753424658,21.4599452054794,16.3755616438356,31.3249315068493,14.2569863013699,2.9115616438356
"101085",1.73786301369864,22.363397260274,21.0131506849315,16.0007671232877,31.9739178082192,13.4817534246575,2.06531506849313
"101086",0.564164383561661,22.9305205479452,19.6836164383562,14.7856438356164,32.4621369863014,12.0516164383561,2.35134246575339
"101087",1.19638356164384,22.211506849315,20.0643287671233,15.3448767123288,31.9926575342465,12.1867397260274,3.9304109589041
"101088",2.61961643835616,21.2340821917808,21.5773150684932,16.7917808219178,31.1740273972603,13.3910136986301,3.75386301369866
"101089",3.55364383561647,19.8631232876712,22.9877260273973,17.8747397260274,29.2063561643835,15.2797808219178,1.60175342465755
"101090",4.20460273972603,19.4104109589041,23.9868493150685,18.6302465753425,28.5070684931507,16.5580273972602,2.84153424657535
"101091",9.76635616438358,18.8117260273972,29.7271232876713,24.1880547945206,29.4302465753425,21.5694246575343,9.61249315068494
"101092",6.89424657534246,19.9252602739726,25.8647671232877,21.0279452054794,30.7075068493151,18.3826849315069,6.19397260273971
"101093",6.58356164383562,20.7655890410959,25.6280547945206,20.7369863013699,31.7372054794521,17.7090410958904,6.19397260273971
"101094",10.6757260273973,16.4781369863014,31.7036712328767,25.4416438356164,25.6310136986302,23.2293698630137,13.6277260273972
"101095",5.41479452054793,19.5346849315068,25.1467397260274,19.8029589041096,28.9242739726027,18.0739726027397,6.40306849315073
"101096",4.1710684931507,20.6304657534247,23.7570410958904,18.5178082191781,30.1492602739726,16.6665205479452,5.00350684931507
"101097",2.9115616438356,21.837698630137,22.2687123287671,17.1912328767123,31.5892602739726,14.8290410958904,3.49939726027398
"101098",2.05150684931505,21.938301369863,21.5615342465753,16.387397260274,31.291397260274,14.4088767123288,3.42246575342469
"101099",2.04756164383562,21.7321643835616,21.2824109589041,16.3025753424658,31.2785753424658,13.7579178082192,2.30597260273973
"101100",2.88887671232877,21.6295890410959,22.0477808219178,17.1152876712329,31.5961643835616,14.0252054794521,1.89665753424657
"101101",3.20252054794523,20.7172602739726,22.6395616438356,17.5186849315068,30.1916712328767,15.1259178082192,2.5949589041096
"101102",3.60000000000002,20.260602739726,23.1909041095891,17.9625205479452,29.5535342465753,15.9041095890411,2.97665753424656
"101103",8.02553424657535,18.5059726027397,27.518794520548,22.32,28.6421917808219,20.0919452054795,8.07978082191781
"101104",5.7678904109589,20.7054246575343,25.2779178082192,20.0692602739726,30.8288219178082,17.8885479452055,7.66947945205479
"101105",5.07156164383559,19.915397260274,24.4908493150685,19.3581369863014,29.4953424657535,17.4821917808219,6.80942465753424
"101106",6.14071232876714,18.0956712328767,26.2543561643836,20.649205479452,26.7820273972603,19.0129315068493,8.04624657534248
"101107",4.30619178082191,20.0258630136986,24.0450410958904,18.7022465753425,29.1570410958904,17.121205479452,5.73238356164387
"101108",3.53194520547945,21.3258082191781,23.1524383561644,17.8895342465754,30.8396712328767,15.8646575342465,4.64350684931506
"101109",3.556602739726,21.2104109589041,23.1238356164383,17.9003835616438,30.7795068493151,15.7236164383562,4.21545205479453
"101110",3.42049315068493,20.8435068493151,22.838794520548,17.7238356164384,30.3583561643836,15.4375890410959,3.78542465753421
"101111",3.23901369863015,20.8977534246575,22.6050410958904,17.5275616438356,30.3987945205479,15.2432876712329,3.44909589041094
"101112",5.87934246575344,18.7278904109589,25.0017534246576,20.0712328767124,28.2802191780822,18.1321643835617,6.90904109589042
"101113",5.77972602739723,19.6431780821918,25.2907397260274,20.0850410958904,29.2043835616438,18.0009863013698,8.31649315068495
"101114",4.7884931506849,20.958904109589,23.9158356164383,18.9754520547945,31.053698630137,16.6073424657534,6.61315068493153
"101115",6.40504109589043,18.8245479452055,26.0689315068493,20.7626301369863,28.2447123287671,18.8235616438356,8.12416438356166
"101116",7.29468493150682,17.596602739726,27.4744109589041,21.816,26.4545753424658,20.0071232876712,9.12821917808222
"101117",3.52602739726026,20.6610410958904,22.9758904109589,17.8313424657534,29.9115616438356,16.0885479452055,5.12975342465754
"101118",3.71736986301372,21.0624657534246,23.242191780822,18.0424109589041,30.5368767123287,16.0392328767123,5.01534246575343
"101119",3.92054794520547,21.3001643835617,23.3092602739726,18.2021917808219,31.1306301369863,15.8025205479452,4.7145205479452
"101120",3.62367123287672,21.2478904109589,22.8762739726027,17.8658630136986,31.0448219178082,15.3014794520548,4.01424657534247
"101121",7.45939726027399,17.4851506849315,27.1893698630137,21.8337534246575,26.5403835616438,19.7802739726027,9.61150684931508
"101122",6.37939726027398,20.5002739726027,25.8440547945206,20.657095890411,30.7193424657534,18.2455890410959,8.17841095890412
"101123",5.33589041095891,20.7892602739726,24.5411506849315,19.5425753424658,30.9501369863014,17.0689315068493,7.12997260273971
"101124",6.5490410958904,19.5997808219178,26.3687671232877,20.9460821917808,29.2458082191781,18.7890410958904,8.7070684931507
"101125",6.58454794520549,17.6054794520548,26.8550136986301,21.1384109589041,26.0225753424658,19.4261917808219,9.13019178082192
"101126",4.00339726027394,19.9696438356165,23.5962739726027,18.3521095890411,28.9331506849315,16.7099178082192,6.19594520547946
"101127",3.96197260273973,21.2173150684931,23.3378630136986,18.2357260273973,30.9491506849315,15.9652602739726,5.46410958904107
"101128",7.15463013698633,18.7693150684932,26.2869041095891,21.3366575342466,28.8473424657534,19.0484383561644,7.81150684931509
"101129",6.51156164383562,19.1352328767123,25.5866301369863,20.6787945205479,29.1570410958904,18.3008219178082,7.50871232876716
"101130",4.94531506849316,20.7547397260274,24.0618082191781,19.1263561643836,30.7854246575343,16.7118904109589,7.08953424657534
"101131",5.66038356164384,20.325698630137,24.9149589041096,19.8838356164383,30.3879452054795,17.4151232876712,7.85194520547941
"101132",5.4345205479452,18.294904109589,25.1950684931507,19.8335342465753,26.9181369863014,18.1538630136986,8.43090410958905
"101133",4.03594520547946,17.4812054794521,23.7688767123288,18.4448219178082,25.1852054794521,17.2425205479452,7.65764383561643
"101134",2.18860273972604,19.7792876712329,21.1186849315069,16.3489315068493,28.4380273972603,14.557808219178,4.9354520547945
"101135",5.976,20.0544657534247,24.5786301369863,19.994301369863,30.686794520548,16.7355616438356,5.86257534246576
"101136",5.00350684931504,21.5625205479452,23.8260821917808,19.0869041095891,32.2421917808219,15.7867397260274,6.24920547945206
"101137",5.33293150684929,20.4775890410959,24.6318904109589,19.5701917808219,30.3958356164384,17.1212054794521,7.81446575342466
"101138",4.52810958904107,19.4626849315069,24.0361643835616,18.8452602739726,28.4054794520548,17.0778082191781,7.99890410958909
"101139",3.05556164383563,18.7949589041096,22.3288767123288,17.3194520547945,27.0226849315068,15.9938630136986,7.07276712328769
"101140",3.96000000000001,19.2249863013699,23.4325479452055,18.274191780822,27.870904109589,16.6961095890411,7.46334246575347
"101141",5.57457534246572,21.333698630137,23.969095890411,19.5218630136986,32.5528767123288,15.5066301369863,4.86739726027395
"101142",2.99934246575344,22.9798356164384,20.8780273972603,16.7957260273973,34.2660821917808,12.822904109589,3.33567123287673
"101143",5.28756164383566,19.4054794520547,24.3616438356165,19.4626849315069,29.0189589041096,17.0235616438356,7.58860273972604
"101144",5.06465753424661,19.0543561643835,24.5253698630137,19.3650410958904,28.0661917808219,17.5265753424658,8.41906849315069
"101145",3.96197260273971,20.937205479452,23.3141917808219,18.2219178082192,30.4037260273973,15.825205479452,7.51167123287672
"101146",3.21928767123285,20.8454794520548,22.5468493150685,17.4792328767123,29.9697534246575,15.2551232876713,7.09643835616438
"101147",6.59046575342467,21.2873424657534,25.5254794520548,20.6955616438356,32.4197260273973,17.0314520547945,6.76010958904106
"101148",5.26980821917809,22.1069589041096,23.9602191780822,19.3038904109589,33.2551232876712,15.3932054794521,6.00756164383563
"101149",5.35364383561642,19.3768767123288,24.3961643835616,19.5179178082192,29.0268493150685,16.9643835616438,7.48208219178079
"101150",4.2026301369863,18.1814794520548,23.4670684931507,18.4556712328767,26.5482739726027,16.9259178082192,7.70498630136987
"101151",3.65621917808221,19.5790684931507,22.9551780821918,17.9112328767123,28.289095890411,15.9830136986302,7.34991780821917
"101152",3.57238356164387,20.8918356164384,22.8397808219178,17.8086575342466,30.2084383561644,15.1821369863013,6.9060821917808
"101153",5.67419178082193,20.6728767123288,24.4435068493151,19.7408219178082,31.2835068493151,16.2197260273973,6.57764383561644
"101154",4.11386301369862,22.3407123287671,22.4048219178082,18.0315616438356,33.3843287671233,13.7608767123288,4.70761643835621
"101155",3.85249315068492,18.7505753424658,22.7214246575342,17.9812602739726,27.4813150684932,15.7541917808219,6.54115068493152
"101156",4.56065753424659,20.3740273972603,23.6850410958905,18.7486027397261,29.9608767123287,15.7315068493151,6.70290410958907
"101157",4.40186301369863,20.6866849315068,23.3556164383562,18.5355616438356,30.4954520547945,15.0825205479452,6.08252054794519
"101158",6.72854794520549,19.7122191780822,25.884493150685,20.9125479452055,29.9687671232876,17.668602739726,7.65764383561643
