"","Andrena_carlini","Andrena_miserabilis","Osmia_atriventris","Osmia_bucephala","Osmia_lignaria","Osmia_pumila","Andrena_violae","latitude"
"100001",0.00263011550076209,0.0128761392888513,0.0351345736382833,0.015386674192296,0.07677577735503,0.00663040964718753,0.00837682822792889,25.316
"100002",0.00262930399390197,0.0131975370549805,0.0298257711715084,0.0137907450790285,0.0851424221851657,0.00551808624204758,0.0140395937530635,25.329
"100003",0.00262993487432224,0.0124799963136259,0.0340023461452282,0.0150793825861742,0.0704210870380556,0.00688259615315999,0.0106334179667387,25.637
"100004",0.00262971395878825,0.0128263936396245,0.0288646764884872,0.013915666818653,0.0800273758202824,0.00586987068581837,0.0180080828694427,25.637
"100005",0.00263179581762544,0.0124233033441382,0.0319879026871304,0.0159159977912791,0.074164238002594,0.00716838585285926,0.0214153804442389,25.669
"100006",0.00263548798618391,0.012016592865584,0.0436185398669441,0.0203225590382442,0.0645465409454571,0.00997847170691697,0.00839911606920179,25.963
"100007",0.00262644809552275,0.0124755470054692,0.0246433474808148,0.0107383194880741,0.0702441042924899,0.00483616693282166,0.0155728865802031,25.961
"100008",0.00262036459141818,0.0131504291415067,0.00833145781302593,0.0031886835948062,0.0818182107617157,0.00115778118988696,0.0311554561308783,25.961
"100009",0.00262732472643132,0.0124095135447312,0.0218664648580245,0.0108505263547838,0.0739034146828935,0.00458546211384552,0.0283854947468877,25.962
"100010",0.00264029762578609,0.0123664675218081,0.0471068289719873,0.0230619675795671,0.072632417620339,0.0107775041777048,0.00898288106192456,26.291
"100011",0.00263492949787462,0.0123286326525696,0.0401374449523408,0.0193316649118203,0.071182025307148,0.00899901194124297,0.0101521763232814,26.283
"100012",0.00262759545532715,0.0130294858333145,0.0245242471710889,0.0115452917243599,0.0829359088207272,0.00460965414859081,0.0174742626474672,26.283
"100013",0.00262170879950786,0.0134929939111931,0.00946837905817844,0.00433179536832595,0.0913158441690423,0.00111285661507704,0.0291057336186224,26.283
"100014",0.00262393590245439,0.0128092565632245,0.013596697093373,0.00669720582842412,0.0807889772025499,0.00217188621860264,0.0318265140217518,26.284
"100015",0.00263126157644727,0.0127597671278389,0.0334117816670692,0.0158371255492874,0.0780571920891215,0.0068444426464321,0.0129584105260524,26.611
"100016",0.00263709366027078,0.0126765142400138,0.0413194218356553,0.0205879052698457,0.0787976211199019,0.00909914535469602,0.0114820737516522,26.605
"100017",0.00263306350981617,0.0128562537524494,0.0356629630732494,0.0173748581066293,0.0809699855350475,0.00740722727061566,0.0120890271780787,26.605
"100018",0.00262729801197198,0.0135603137039198,0.0238627219542864,0.0111629310227007,0.0928571510913903,0.00362140240262374,0.0159330201156983,26.605
"100019",0.00262773610286693,0.0136397769827393,0.0207936141799369,0.0110857274062364,0.0975508963512008,0.00297714262771625,0.0196304792755231,26.605
"100020",0.00262886242135745,0.0129958905589034,0.0217440362565339,0.0120588821673969,0.0870527550923882,0.00373761982753843,0.0241836621376374,26.605
"100021",0.00263001971098003,0.0129689798634056,0.0300877951879687,0.0143518266320606,0.0821721450033936,0.00594389938776458,0.0131716326207412,26.938
"100022",0.00263557730279094,0.0128650054740853,0.0387160041809794,0.0193357284465785,0.0822705554304979,0.00821897776903234,0.0112009823572845,26.926
"100023",0.00263020519137226,0.0130701315825626,0.0306271743658214,0.0145748226395769,0.0839399469365877,0.00569029553668933,0.0126618730918865,26.926
"100024",0.00262098381213878,0.0146344331856844,0.00855944746065875,0.00379273243093807,0.111591788113831,0.000574675050656974,0.0209286716693019,26.926
"100025",0.00262269411363869,0.0140787974985769,0.0109397938012602,0.00546648033096044,0.102846738664596,0.00106595469596848,0.0221694009837635,26.926
"100026",0.00263911442770003,0.0121290415859171,0.0397803998308584,0.0211638971783466,0.072232416584938,0.00947978634593803,0.0166543640560433,26.924
"100027",0.00264333259138787,0.0125957760240441,0.0447931906375607,0.0235516218977522,0.080022501950704,0.0105253239347182,0.0100497342345147,27.262
"100028",0.00263528959684278,0.0127972929817921,0.0362504100232631,0.0186964271584629,0.0824675005702221,0.00799306816894188,0.0122506192867289,27.246
"100029",0.00263109903678542,0.013017238971884,0.0310547939463449,0.0152500017446559,0.0842772244784281,0.00610871618738619,0.012559656105458,27.246
"100030",0.00262699531475372,0.0133834946147798,0.0235588037372556,0.0108899741113168,0.0889728933999781,0.0038046356674722,0.0144801291314842,27.246
"100031",0.00262265185303002,0.0139779270518143,0.0138028381709686,0.00572507381884495,0.0982782004278198,0.00148777940261198,0.0175479158318439,27.246
"100032",0.00262389651977835,0.0136528677617599,0.0154388554037515,0.00696774430122391,0.0941596735264752,0.00192472276100151,0.0187020790534882,27.246
"100033",0.00262834642936501,0.0128008827027972,0.0238537453085526,0.0119628101097192,0.081195221587617,0.0044098137369304,0.0196648408536706,27.231
"100034",0.00263832041815174,0.0128518766609808,0.0394950599747142,0.0207277706819937,0.0843864455283503,0.00883706253204779,0.01074113426962,27.556
"100035",0.0026394818408924,0.0125841037047147,0.0412346846697552,0.0215622320594153,0.0794140913130182,0.00959130596024753,0.0101231717322746,27.565
"100036",0.00263118568188462,0.0127433804213594,0.0314756183044435,0.0154077695781804,0.0791420536140329,0.00661474641526057,0.0120939078757601,27.565
"100037",0.00263001630509046,0.012834360077053,0.030552755399537,0.0144495404922972,0.0793606294191312,0.00613093352670094,0.0105831872815598,27.565
"100038",0.00262899524081866,0.0128793194049133,0.0280149059555568,0.013243813394728,0.0802224162205015,0.00554221191667709,0.0111564302252178,27.565
"100039",0.00262983056556992,0.0126391930644332,0.0287320325317639,0.0139783965110904,0.0770497377143303,0.00606813256749644,0.0132328783170615,27.565
"100040",0.0026295690769436,0.0132331988953746,0.0257945029954627,0.0131640983513306,0.089986726176087,0.00509805310490015,0.0152471285269041,27.903
"100041",0.00263228992695419,0.012606235799404,0.031611314893923,0.0161251296146391,0.0784198401853277,0.00703058766627555,0.0132175533457041,27.883
"100042",0.00262825882798653,0.0127785376416725,0.0251981458457689,0.0121736031495153,0.0793314737253763,0.0051241288524751,0.0156451347053457,27.883
"100043",0.0026332712806359,0.0129210184287462,0.0345364296123753,0.0172649758867736,0.0832915343120988,0.00724321110303471,0.0104354850552334,27.883
"100044",0.00263398669728979,0.0125522763999947,0.0366637151402359,0.0181213803111937,0.0761618204883277,0.00808740731408719,0.00812367921398798,27.883
"100045",0.00263095734242699,0.0125828958830923,0.0316058793995774,0.0153024763203944,0.0758172325357239,0.00674673822792711,0.00995445095354451,27.875
"100046",0.00263559974395323,0.0126191028110132,0.0336097433190946,0.0183091770742604,0.0816119974610122,0.00792838581594553,0.0124429988942588,28.2
"100047",0.00263089453099312,0.0123180437222085,0.0288697864864153,0.0147281208762084,0.0733401953466609,0.00667361894345187,0.0133122012216011,28.2
"100048",0.00262570000966339,0.0127249815097584,0.0196665141024924,0.00919601398503225,0.0774492759771697,0.00387383711179663,0.0164710771690629,28.2
"100049",0.00262674878055174,0.0131916536348006,0.0216977201445691,0.0103541455278,0.0866213801498793,0.00401490648864987,0.0147785667071263,28.2
"100050",0.00262690995160515,0.0128860757160554,0.0222579633493882,0.0106018751538105,0.0808525584833504,0.00435427853033621,0.0133969066940254,28.2
"100051",0.00262657239569282,0.0130389629217656,0.0223651672559255,0.0103623432393428,0.08263503415935,0.00416098423423257,0.0126718680422877,28.193
"100052",0.00263425729096799,0.0122270163344475,0.0305421341764859,0.0170165488307052,0.075497068442163,0.00773219226197471,0.0127820772447214,28.516
"100053",0.00263065757966804,0.0124989971625896,0.0264533252352001,0.0140612091029786,0.0781006786293599,0.00612352140016487,0.0136968280586379,28.516
"100054",0.00262702391516347,0.0125885318378587,0.0216094850311163,0.0105713971479605,0.0765213504714707,0.00454784224966749,0.0147515535179488,28.516
"100055",0.00262803138617199,0.0126592657449534,0.0247490330969279,0.0119269089814984,0.0771218895929837,0.00511923247245138,0.0129963561001624,28.516
"100056",0.00262700830583534,0.0121832068195529,0.0220786490875908,0.0106797074852066,0.069134573887878,0.00493720382545571,0.013845440848125,28.516
"100057",0.0026280513528125,0.012738982013264,0.0234787981173198,0.0116804674876419,0.079783810314215,0.00490547079657917,0.0130191505315,28.511
"100058",0.00263276764223584,0.0120866835886178,0.0272412297437506,0.015506457858473,0.0737754924932302,0.00712911624575403,0.0131079886743293,28.831
"100059",0.00262965775828265,0.0125526795549113,0.0232795935445723,0.012735791333692,0.0801053719354922,0.00543423189027818,0.0142589961625591,28.831
"100060",0.00262640368499604,0.0124220869363252,0.0187793252971312,0.00954727099381183,0.0750439222030055,0.00417650218039675,0.0156757524211268,28.831
"100061",0.00262911080815863,0.0120973836040693,0.0251608974229895,0.0128013395076426,0.0694913588458403,0.00597114745638737,0.0127168949578901,28.831
"100062",0.00262657239569282,0.0120632075838279,0.0201786306125123,0.00998149532625417,0.0679714403981282,0.00467817870118936,0.0145470746447135,28.829
"100063",0.00263210770917842,0.012015353950229,0.0219723826345476,0.0139387568873226,0.0764350089527559,0.0063107372326573,0.0152059694985547,29.174
"100064",0.00263244549276752,0.0120116367819264,0.0250493770513975,0.0148411885294553,0.0739555534808982,0.00683242535353236,0.0133583703318563,29.146
"100065",0.00262800292433122,0.0120809198804512,0.0199711176992911,0.0109464860486392,0.0718425779061458,0.00501556372680922,0.0146895185699884,29.146
"100066",0.00262741873487335,0.011706728636523,0.019887727827353,0.0105437382661669,0.0645510598722934,0.00516834562444385,0.0146868244144247,29.146
"100067",0.00262911080815863,0.0116408521017827,0.0230639936932051,0.0123898048066495,0.0640140896886407,0.00612722666975433,0.01404222685795,29.146
"100068",0.00262676148703047,0.01239571530034,0.0188213056374032,0.00981425067289811,0.0754684202917366,0.00429347573173969,0.0143733429596458,29.123
"100069",0.00263799566280131,0.0116828353389752,0.0283971854597782,0.0191857390849134,0.0744111317667066,0.00910650302372425,0.0131512494997739,29.476
"100070",0.00263765304635465,0.011637910153178,0.0360479238069338,0.023690083998536,0.0735293436108719,0.0114756865179257,0.0111540878777016,29.459
"100071",0.00263061438002806,0.0120619713077538,0.0211843864923397,0.0128890701826593,0.0755113939518428,0.00582684108625893,0.0138480553708987,29.459
"100072",0.00262861044091006,0.0117259913793018,0.0206549598600196,0.0115248091477336,0.0666552408391815,0.00557680660518393,0.0126493850444851,29.459
"100073",0.00262727402362063,0.0117096610491249,0.019174918347324,0.0102887122542791,0.0649899244491021,0.00502844027332457,0.0139659687758189,29.459
"100074",0.00262788417232716,0.0120652678888979,0.0199115292727925,0.0108505263547838,0.0713879247355337,0.00499148316389479,0.0134793063081283,29.458
"100075",0.00264773781462227,0.0119309418309747,0.0362026967402568,0.0245033753420559,0.0829605877343631,0.0130714575956327,0.0153626748551553,29.824
"100076",0.00264788822988654,0.0118906891588344,0.0381015766909868,0.0265092366828365,0.0809846681320268,0.0125806189544414,0.0118849425742603,29.805
"100077",0.00263814275184379,0.0115283457106564,0.0345191126014093,0.0232396823147131,0.072632417620339,0.0113519033978244,0.011233868032004,29.771
"100078",0.00263740610200672,0.0123424721621878,0.0263619457146896,0.0174661305867382,0.0847044623474311,0.00754375497153013,0.012799655281144,29.771
"100079",0.00263044677458482,0.0122192433938695,0.0203956731413006,0.0125960505517902,0.078715229819188,0.00553186321522492,0.0127143913315699,29.771
"100080",0.00262947136253837,0.012015353950229,0.0204522016825605,0.0120197939592858,0.0733260161377725,0.00550261620937102,0.0124975354718765,29.771
"100081",0.00262867365858538,0.0116715080639367,0.0214087225025801,0.0117365932037972,0.0651802726519899,0.00575030574443581,0.011831783856425,29.771
"100082",0.00263039380944813,0.0120936803426517,0.0242554355508759,0.0134492806447822,0.072670104778855,0.00617553976942958,0.0104083323954712,29.763
"100083",0.0026431546719861,0.0117109176735727,0.0276262243861108,0.0190405155918556,0.0805543680474093,0.0102586545149338,0.023099209097944,30.145
"100084",0.00264689073092866,0.0113607848519553,0.0382561040213798,0.0271901913325808,0.0765885286928243,0.0155941900460949,0.0188271932686926,30.085
"100085",0.00263782304246544,0.0114109828321326,0.0467866525987135,0.0329438124964369,0.0770641661891894,0.0184032454559444,0.0139738477490529,30.083
"100086",0.00264052210996667,0.0113995075990766,0.0434293242957446,0.030975152237355,0.0761666103020589,0.0169632713162362,0.0139213639499963,30.084
"100087",0.00264150598989515,0.0121512161619033,0.0254177386390525,0.0180902004670204,0.0876358028964435,0.00878912224114563,0.0206201640749773,30.142
"100088",0.00263941844429206,0.0121425953660958,0.0245105300914504,0.0175806491388069,0.0853816441230131,0.00868667469056275,0.0177906043189218,30.118
"100089",0.00264010272844402,0.0119541464603302,0.0268891063664967,0.0188839810254093,0.0805299434010171,0.00887313905160761,0.0149140097101108,30.083
"100090",0.00263510540968708,0.0122450063891093,0.0229763857564323,0.0156659043997931,0.0836229441798851,0.00678450556212253,0.0145470746447135,30.083
"100091",0.00263482421744339,0.0123794712329256,0.0237327854554498,0.0157157216786404,0.0849084129470715,0.00670714423120891,0.0129483012365574,30.083
"100092",0.00263180780741376,0.0120186575681886,0.0213837168069828,0.0136307175374841,0.0766077262795256,0.00615692600490397,0.0119819053168193,30.083
"100093",0.00263264628270915,0.0120475429260441,0.0235321146124251,0.0145986020692316,0.0762815976202047,0.00661865976409565,0.0115344283555366,30.083
"100094",0.00263016715725946,0.0121327388984033,0.0219469305918146,0.012791962381047,0.0751201743434354,0.00576626550515294,0.011831783856425,30.083
"100095",0.00262751626422118,0.0122874705962547,0.0178681162823541,0.0101370586841758,0.0765357440585854,0.00444514590840276,0.0123268952992297,30.072
"100096",0.00263052847956498,0.0106472540740723,0.0602410277443545,0.043358455200912,0.0659937117071611,0.0249513323489563,0.0122998020551139,30.444
"100097",0.00262720765912936,0.0105032566143556,0.0721998119800816,0.0514785215042959,0.0654479971936011,0.0306376158095963,0.0101031163542905,30.469
"100098",0.00263103542459212,0.0104609595224265,0.0584881409540519,0.0419472167510482,0.0639104876228245,0.0250616952742483,0.0126044799657769,30.459
"100099",0.00264177583801168,0.0108072685735542,0.041797456208428,0.0297515790332172,0.0678150418547755,0.0176552258830645,0.0163314453477868,30.411
"100100",0.00264311063006974,0.0109146747976832,0.0406383839559885,0.0291356823569577,0.0690188736239243,0.0169328019224386,0.0156395711188557,30.393
"100101",0.00263941054491329,0.011048335988579,0.0441213093229003,0.0316098480549188,0.0711212314370926,0.0179986523089082,0.0136033875875397,30.393
"100102",0.00264798963828143,0.0115363717299736,0.0388346908508215,0.0274179297872199,0.0777578497873281,0.0149189940530798,0.013549030873815,30.393
"100103",0.00265179233642934,0.0116962524298702,0.0340023461452283,0.0244939278550146,0.0810776796610726,0.0126114868126285,0.0162490908902809,30.393
"100104",0.00264418223588419,0.0118024517547018,0.0308779117756389,0.0224132824782549,0.0823197761824927,0.0113089466002032,0.0175066506372891,30.393
"100105",0.00263912212068542,0.0118016175982039,0.0294926525094354,0.0211940393866829,0.0799347901589246,0.0107747403226203,0.0140949416961705,30.393
"100106",0.00263449892525347,0.0120788610461915,0.0217103451450601,0.0150793825861742,0.0812197170289754,0.00705922490614352,0.0146518232631979,30.393
"100107",0.00263248366328675,0.0123835333499124,0.0204077774358237,0.0137318214265536,0.0850926140102375,0.00590951171460349,0.0140791166964362,30.393
"100108",0.00263205034930601,0.0123151919997305,0.0199989671236076,0.0134041627531673,0.0836328441272755,0.0057167156783905,0.0136007966626309,30.393
"100109",0.00263223577949855,0.0120714476418451,0.0209452210787298,0.0137547171182281,0.0786474009331807,0.00612907989978302,0.0122358839995317,30.393
"100110",0.00263362796566347,0.0120858602944295,0.0235632539268978,0.0151141037190816,0.0783279134073943,0.00677654213501382,0.011304502455837,30.393
"100111",0.00263169640065578,0.012447212717839,0.0222151799068946,0.0137350907548383,0.0830346399734736,0.0058375774737454,0.0119018821290203,30.393
"100112",0.002628473204705,0.0100859457191733,0.0636168922498998,0.0472754661069717,0.0600969335891328,0.0286573358973345,0.0117859715863857,30.735
"100113",0.00262675386140348,0.00983499981380535,0.0732059395865962,0.0529227320016311,0.0562116591336718,0.0322600636850686,0.00987503392220506,30.703
"100114",0.00262844655071449,0.00995083106812046,0.0661081065830037,0.0479964236162295,0.0571267753602274,0.0292247910939677,0.0100541772509236,30.703
"100115",0.00262943574745501,0.0101590198256151,0.0620035363669239,0.045105259862006,0.060471915730573,0.0275190507622933,0.0109072174486775,30.703
"100116",0.00263220258811403,0.0108361423918919,0.0553732228898304,0.0393726181655851,0.0702161739740606,0.0234086177755656,0.0117907896739541,30.703
"100117",0.00263991116698856,0.0111006024404309,0.0446280089141761,0.0315210520127758,0.0711820253071481,0.0177770591516891,0.0112715117031975,30.703
"100118",0.00264651232434309,0.0113471507802582,0.0346693898595486,0.0243148654467486,0.0731370522136656,0.0132625690647654,0.0127244073411282,30.703
"100119",0.0026419528096001,0.0119955217248273,0.0270647782673308,0.0188000332443354,0.0831037763666887,0.00909914535469604,0.0150691813842956,30.703
"100120",0.00264136405951423,0.0121926311309502,0.0257803061776416,0.0181955693351621,0.0877314325594132,0.00796402660611797,0.0162377482720775,30.703
"100121",0.00263483994638775,0.0122780864418536,0.0203392510421696,0.0144799512461909,0.0882958894177667,0.00607365542124216,0.0183111941359839,30.703
"100122",0.00263941844429206,0.0123575231002405,0.0251608974229895,0.0177263898209955,0.0886392163130478,0.00804912798123473,0.0136734374419041,30.703
"100123",0.0026375857650057,0.0123973390621736,0.0250632986612071,0.017212087855599,0.0870879001778397,0.00787292341258926,0.0112244671214827,30.703
"100124",0.00263266353919915,0.0124196539238608,0.0210893238537388,0.013991625628301,0.0852919082241856,0.00597842851987234,0.0111470623360353,30.703
"100125",0.00262998909536456,0.0123953093415768,0.0166549020240699,0.0113965904850061,0.0852719714221912,0.00477532067750741,0.0137540907250717,30.703
"100126",0.00262985403400095,0.0125522763999947,0.0166057517480596,0.0112981363411111,0.0879177640225159,0.004580936137729,0.0140448602139765,30.703
"100127",0.00263128826201058,0.0122425540573362,0.0199194673945517,0.0129677233673312,0.0811462385042439,0.00562026465734723,0.0120256692855512,30.703
"100128",0.00263422248541989,0.0123213023884334,0.0242010085622888,0.0155453379251801,0.082630104993604,0.00673088082438319,0.0101142557336805,30.703
"100129",0.00263549354760222,0.0119736026421578,0.0221127280924091,0.0154782203201072,0.0808525584833504,0.00759972487996511,0.0150037463786769,31.003
"100130",0.00263711936615492,0.0124808051848803,0.0236033313852427,0.016361568210669,0.0907395607380482,0.00707357445584834,0.0147191708694573,31.011
"100131",0.00263348763927665,0.0125026338081087,0.0194938828049224,0.0137350907548383,0.0909892959240123,0.00567448502129299,0.0159526820333475,31.011
"100132",0.00263313534013313,0.0124091078346486,0.0196193300711855,0.01384982925014,0.0874899125928516,0.00637530327866749,0.0135102724163132,31.011
"100133",0.00263426227205646,0.0125321095510433,0.0228366846404393,0.0152150823449308,0.0878270989105957,0.00660692463346278,0.0097849807771022,31.011
"100134",0.00263275457612964,0.0125337235565076,0.0220105983583382,0.0142578818821006,0.0865161589778844,0.00593121380530807,0.00856621105988195,31.011
"100135",0.00263191226220527,0.0126271410248877,0.018472157984622,0.0129236401006513,0.090815984636002,0.0053613923084136,0.012287496966965,31.011
"100136",0.00263032357834756,0.0126881396506152,0.0167006301444521,0.0115863262837103,0.0912392724997862,0.00457792057835025,0.0134535288240142,31.011
"100137",0.00263497719974631,0.012626337330341,0.0229895124817834,0.0155807371796916,0.0903526943804197,0.00636577906908047,0.0106906451323502,31.011
"100138",0.00263692799753246,0.0124933389997833,0.0320866427667028,0.0213148811487463,0.0884977896451826,0.00912614407041053,0.00770277747997664,31.011
"100139",0.00263981250853211,0.0122674735081754,0.0252867612446079,0.0176265898737397,0.0882252626755167,0.00771254587163964,0.0138088638922307,31.315
"100140",0.00264006917700281,0.0126833298477023,0.0257708445877354,0.0178497127947887,0.0954685662876474,0.00736492373135057,0.0129685238282422,31.319
"100141",0.00263532789763791,0.0125571137884318,0.0216052894617893,0.0152185719946169,0.0917092676743816,0.00660497021185925,0.0134020491415158,31.319
"100142",0.00263187197147299,0.0123875947331402,0.0183142407772852,0.0128765138979235,0.0865512277022151,0.00592035571824502,0.0125497062767669,31.319
"100143",0.00263352488752531,0.0128538663497804,0.0214504428795178,0.0144900971996543,0.0942370984744218,0.00614020761637799,0.00950006149508862,31.319
"100144",0.00263317594874203,0.0127952984526895,0.0211430191511705,0.0142444932155246,0.0929393348551872,0.00584474284313929,0.00897449095669993,31.319
"100145",0.00263033758922534,0.0127972929817921,0.0164763300189354,0.0115277338143083,0.0936080254679407,0.00468430446631303,0.0125024993577276,31.319
"100146",0.00263059284280031,0.0128331652850887,0.0172920784883186,0.0118821290080787,0.0937316603859365,0.00464611146544538,0.0121892817605604,31.319
"100147",0.00263570129072169,0.0129158597157479,0.0230245420370707,0.015890875051149,0.0967056484259902,0.00618672713560803,0.0103473704546779,31.319
"100148",0.0026372357797355,0.0126596670197226,0.0251376362010412,0.017076563411188,0.0914792725801057,0.00698371951104715,0.00950006149508856,31.319
"100149",0.00263067201681534,0.0128725611411252,0.0179826482338512,0.0120980511050985,0.0937728847823915,0.00466900069288037,0.0124157760932728,31.329
"100150",0.00264170776394506,0.0123741893830406,0.0274875979506978,0.0193804631785008,0.0906529743557328,0.00836822056554881,0.0110442796953722,31.632
"100151",0.00264180513975966,0.0125687999090004,0.0267481585814642,0.0187920506177699,0.0930780779493489,0.00822125942528267,0.0104604066007757,31.625
"100152",0.00263616412096246,0.0125086935896856,0.0225633397626738,0.0159771152622079,0.0901848940851135,0.00737337071649035,0.0109977203851692,31.625
"100153",0.00263465780594597,0.0126207106793533,0.0217103451450599,0.0151141037190816,0.0911831343071469,0.00675070670853164,0.00966483667012473,31.625
"100154",0.0026342772286663,0.0129027594212301,0.022155377175832,0.0150273960517604,0.0954996843379111,0.00635246210861056,0.00827388721033608,31.625
"100155",0.00263176789145893,0.0130089391042614,0.0191787866050572,0.0129992698754908,0.0969453939536913,0.00524927992461402,0.00928544721743369,31.625
"100156",0.00263204626343339,0.0129610590992523,0.0188710010662792,0.0130751804708982,0.0968828315081043,0.00523932171739196,0.0103406081481611,31.625
"100157",0.00263146910906755,0.0130724971495533,0.0186499708936208,0.0126984312499517,0.0982834397149662,0.0048173868838956,0.0101097992327498,31.625
"100158",0.00263188001798819,0.0130870796067875,0.0189553043620569,0.0129961130312949,0.0989286209277767,0.0048393019733329,0.0106494258261349,31.625
"100159",0.00263177586323349,0.0127669576310689,0.0192407509892779,0.0130371900428304,0.0922825814449626,0.00514211062109587,0.0108032635772047,31.625
"100160",0.0026347095436999,0.012837545889509,0.0225072138345599,0.0153234982513095,0.0944695076183186,0.00604057162944627,0.0101655772928272,31.628
"100161",0.00263734028601908,0.0119951083614732,0.0287932011462481,0.0207532654754571,0.0828273522947479,0.0101575795217425,0.00762729766911484,31.924
"100162",0.00263772752644584,0.0121778782584033,0.0281302237857282,0.0200718796762084,0.0854813896079515,0.00957096093534885,0.00730458561621073,31.931
"100163",0.0026394818408924,0.012447617743405,0.0260795580635497,0.0181447876040474,0.0888110554829626,0.00825782695624024,0.00755795949855177,31.931
"100164",0.00263490308459307,0.0127929047917069,0.0228890046045859,0.0155099898520312,0.0934844479744691,0.00660887946455427,0.00772802142714667,31.931
"100165",0.00263518088404097,0.0129460022971356,0.0229020973320908,0.0156303821809364,0.0967525387245787,0.00652325360450383,0.00748129477293056,31.931
"100166",0.00263458577337557,0.0131292002395601,0.0222879451060679,0.0151906690427692,0.100170681815126,0.00609947581206663,0.00755795949855177,31.931
"100167",0.0026352732223277,0.0131834144176891,0.0236345348005158,0.0158335463655911,0.100725044161766,0.00614577683605288,0.00670030050263837,31.931
"100168",0.00263495597376152,0.0130476469212589,0.0238044148390849,0.0157406680425223,0.0974725239740915,0.00604607671078887,0.00680372539286546,31.931
"100169",0.00263001630509046,0.0130065671777988,0.0173028964804949,0.0115394371997252,0.0958785729523527,0.00434119836013508,0.00983544672674946,31.931
"100170",0.00263139179423267,0.0127952984526895,0.019322285854684,0.012845157221215,0.0920418413530568,0.00505588063439854,0.0094612468533075,31.931
"100171",0.0026370041523215,0.0126343730084735,0.0289004594055248,0.0194538073168263,0.0912443765746104,0.00808064279062147,0.00726686429416994,31.931
"100172",0.0026337130159704,0.0132222316646382,0.0207282864311194,0.0143753741432785,0.102495587896979,0.00526424235534509,0.0109141657095567,31.959
"100173",0.00264002737865019,0.0121282198766204,0.0260080943148884,0.018776091830953,0.0846895459090287,0.0089990119412429,0.00737273432199932,32.224
"100174",0.00263680221456679,0.0118520257936381,0.0295912813867844,0.0211423837271576,0.0800809952779773,0.0102319871004056,0.00595453317218837,32.235
"100175",0.00263683980106787,0.0124297897449796,0.030372536230876,0.0212198972793619,0.0895046516991202,0.00963974810660883,0.0054371336086985,32.235
"100176",0.00263685235803925,0.0128741514966246,0.028615040029392,0.0196010245141658,0.0966275157017762,0.00839829774040733,0.00556794225015917,32.235
"100177",0.00263851552169232,0.0131213328847362,0.0254411759473059,0.0175959542470569,0.101333436914159,0.00735437463912314,0.00669487940607964,32.235
"100178",0.00263580376883698,0.0129725433381008,0.0231914286657301,0.0159735159932742,0.0977443096118291,0.00656791393704058,0.00711510856545231,32.235
"100179",0.00263433725622744,0.0130279059494681,0.0231210606133472,0.0152849720597121,0.096961036785173,0.00597660766492726,0.00580738470362087,32.235
"100180",0.00263232756816472,0.0129689798634056,0.0207813545677265,0.0137024197364859,0.0952922980782161,0.00527090200844227,0.00698896620785481,32.235
"100181",0.00263026422774267,0.0130992904544486,0.0169589994717399,0.0115921959220119,0.0986242040885061,0.00426903690462764,0.0100630662801671,32.235
"100182",0.00263027119379262,0.0131496432225656,0.0169198942321221,0.0115833921733704,0.0996753093857434,0.00422472583555242,0.010212551491369,32.235
"100183",0.0026342772286663,0.0128259952462222,0.0217313979224476,0.0149272122019874,0.0944901759547031,0.00587346661147465,0.00893887749346005,32.235
"100184",0.00263369405983334,0.0126227203561389,0.0209657660269978,0.0144698098110503,0.0906886240497843,0.0058644797208151,0.00965612836360269,32.237
"100185",0.00263722278486986,0.0120273271868438,0.0213545686306519,0.0161432395489611,0.0838408382466769,0.00744119376355211,0.00950653845983279,32.553
"100186",0.0026383706746784,0.011964911608086,0.02981532264032,0.0218333442098987,0.0832717632981363,0.0105226060346382,0.0061156263590302,32.539
"100187",0.00264186397425571,0.0124921263527013,0.0334682609269321,0.0239080467074058,0.0924004710313661,0.010916338099111,0.00476719090580892,32.539
"100188",0.00263617594092467,0.0127321828277469,0.0293787304743676,0.0206386957577906,0.0952871154542805,0.00903311564057496,0.00525985353630082,32.539
"100189",0.00263929271861652,0.0127785376416725,0.0259082691647569,0.0180551639417378,0.09508507049035,0.00773437737951262,0.0058494770099062,32.539
"100190",0.00263822767952548,0.0129503618365938,0.027113714289878,0.0190646707956351,0.0990967162938201,0.00797518757973311,0.00586804660610891,32.539
"100191",0.0026381568617472,0.01294045262266,0.0256292042292329,0.0175233303792279,0.0972636393408393,0.00698371951104715,0.00557452420260691,32.539
"100192",0.00263245396382953,0.0129035535869708,0.0201866410562388,0.0136242110135045,0.0949245783113632,0.00527256785343117,0.00682742637191877,32.539
"100193",0.00263097959589451,0.0129745228133225,0.017259652135468,0.012079963097829,0.0972166620294589,0.00454184342173843,0.00931748036792036,32.539
"100194",0.00263190822657845,0.0130953521565576,0.0183217397274467,0.0128514246678578,0.0999228875967058,0.00475206330740189,0.00955194007872531,32.539
"100195",0.00263362796566347,0.0128582430681629,0.0201466104735723,0.0142110565309419,0.0959461016203298,0.00550948798261259,0.00925347017299974,32.539
"100196",0.00263565604484918,0.0126817263568133,0.0216304711965598,0.0155347281306321,0.0936852905636778,0.00621663026667589,0.00951301766972738,32.539
"100197",0.00263108778470992,0.0126684932931354,0.016856036305399,0.0120558725169253,0.0921288920157419,0.00475980683105667,0.0113399041105243,32.54
"100198",0.00262998569881318,0.0123558964586882,0.0159382057760429,0.0112145895093564,0.0854714132157554,0.00467052947467946,0.0110093508341752,32.602
"100199",0.00264231536917297,0.0119512472390067,0.026923203823303,0.0214882707988596,0.0870176149982509,0.00955318412367281,0.00828999201244468,32.841
"100200",0.00264345657052286,0.0119963484280001,0.0291775145508581,0.0228489497534314,0.0869925179872475,0.0106783212386951,0.00677461249989336,32.841
"100201",0.00263776154572744,0.0120463057648191,0.0251097420617673,0.0190123591270162,0.0852221365917105,0.00907709760555982,0.00700374692358308,32.841
"100202",0.00263955359406107,0.0125728282182893,0.0244192163255928,0.017992983382157,0.0934638573100754,0.00812807869262522,0.00676189557446866,32.841
"100203",0.00263736656594023,0.012814438870905,0.022771399234501,0.0165118335964591,0.0969453939536913,0.00718081853705427,0.00686763121981242,32.841
"100204",0.00263763281940765,0.0130211902654756,0.0230727669720677,0.0166740669742217,0.100910070704146,0.00697762262963444,0.00669849322248861,32.841
"100205",0.00263876614983837,0.0128836913584839,0.0245288206918701,0.0174699402071568,0.0978593759746911,0.00712499148485361,0.00585285107359651,32.841
"100206",0.0026344329647029,0.012886870447915,0.0215005803388136,0.01493755629341,0.0961175956562783,0.00580541027174089,0.00634905205197523,32.841
"100207",0.00263096475531721,0.0129388667606054,0.0170766842353283,0.012028807153381,0.0967421179671176,0.00454334260309288,0.00824574213171367,32.841
"100208",0.00263127300530099,0.0130661884467926,0.0168950410629349,0.012140323403017,0.100028305552185,0.00446881175692493,0.00930679641688041,32.841
"100209",0.00263133032587715,0.0131130693650135,0.0166232940682112,0.0120980511050985,0.101418184968584,0.00440394443909346,0.010539903580164,32.841
"100210",0.00263334905483914,0.0128717659227931,0.0183517564284606,0.0136047032916269,0.0979221595183167,0.00519302689124342,0.0106837696239091,32.841
"100211",0.00263561660445387,0.0124698829852913,0.0205980502987895,0.0152604874916208,0.0908261761992836,0.00627109033701652,0.0099522405560745,32.841
"100212",0.0026365120796564,0.0120660919566701,0.0222622447756988,0.0160997974168075,0.0828322855969845,0.00708999921950994,0.00868541116619468,32.841
"100213",0.00263417295063845,0.0125022297651568,0.0203956731413005,0.0145612454591633,0.0897633363146877,0.00597842851987237,0.00966048201780359,32.857
"100214",0.00264819524539186,0.0117861798403277,0.0320756614160867,0.0260008004800912,0.085775877412863,0.0121781600981843,0.00701854352116725,33.142
"100215",0.00264999157456999,0.0120949148325128,0.0303408081462367,0.0243336747914689,0.0903069197803449,0.0110058535297821,0.00646388298615102,33.142
"100216",0.00264273247361599,0.0121770583657881,0.0284629289740878,0.0225429748593303,0.090663159479392,0.0104873185433164,0.00656007719888793,33.142
"100217",0.00263650598766367,0.0123676869395792,0.0257424740000463,0.0197201298212526,0.091806437706927,0.00923222899295069,0.00651545299759655,33.142
"100218",0.0026362709533904,0.0124994012630909,0.026438882578889,0.0195887294525376,0.0928263387752223,0.00882985971284871,0.00551379203659733,33.142
"100219",0.00263732061653661,0.0127980907454948,0.0261416013279859,0.0191009401204327,0.0977861464146123,0.00820301872886865,0.00542413972599012,33.142
"100220",0.00263916839001476,0.0127749444640057,0.0250076438043815,0.0182974036942803,0.0971383842561858,0.00770382549981177,0.00552197931381068,33.142
"100221",0.00263594188489159,0.0129031565074656,0.0214713238052001,0.0155949112193651,0.0984406640159515,0.00621475832881533,0.00647986516805335,33.142
"100222",0.0026346526453275,0.0128618234093532,0.0207038245867328,0.0148343202882513,0.0968359189994596,0.00575030574443581,0.00642313082518946,33.142
"100223",0.00263328496618136,0.0130089391042614,0.0190321658443617,0.0137449017091235,0.099643719212633,0.00515685617678061,0.00768532550877613,33.142
"100224",0.00263385622222833,0.0131924381743168,0.0189361220591283,0.0139817030444375,0.104255560745282,0.00506883036370709,0.0090396185732302,33.142
"100225",0.00263328953176078,0.0130097296934843,0.0182281529496375,0.0135333269551906,0.100656350450751,0.00504295435011116,0.00961047525405815,33.142
"100226",0.00263415319808593,0.012483231625429,0.0192873136032774,0.0142645792148542,0.0906478819448737,0.00582684108625893,0.00913670097468476,33.142
"100227",0.00263831325704679,0.0121676274141987,0.0247674446399638,0.0183288100762905,0.0862558050398788,0.00796848966739582,0.0077066584299344,33.142
"100228",0.00263642709244813,0.0120772138396119,0.0257235720901426,0.018788060112823,0.084252408453982,0.00830599643782923,0.00742405708991572,33.142
"100229",0.00263402077450857,0.0115393279092759,0.027561803079547,0.0200095186913989,0.075077279161925,0.00956587945812062,0.0069557676625127,33.149
"100230",0.00263950570752797,0.0114296696071185,0.0372927105802706,0.0301326002854612,0.08075963793192,0.0159270126891534,0.00526944629915583,33.443
"100231",0.00263936326539734,0.0118237117880026,0.0388972568783427,0.0305928152185344,0.0865311878189018,0.0154546002566075,0.004315024103164,33.443
"100232",0.0026401448096817,0.0122952197475186,0.0388597090353327,0.0301757256545587,0.094423009677977,0.0145396779321125,0.0042962603816569,33.443
"100233",0.00264807485073903,0.0123375886057647,0.0349014542172689,0.0267283443177517,0.0935153369630587,0.0127137312887527,0.00429481874104591,33.443
"100234",0.00264199251928589,0.012383939521246,0.0315569885747354,0.0237132112077936,0.0925902305763933,0.0109358753787949,0.00428041586888224,33.443
"100235",0.00263578662374995,0.0125832984973945,0.0263331337241965,0.0198644891775331,0.0952767505039254,0.00882266105192638,0.00537070709265585,33.443
"100236",0.00263639086626167,0.0124719060122727,0.0258276495963557,0.0194619675416465,0.0929855744623332,0.00852405354276057,0.00512491095251589,33.443
"100237",0.00263956159511165,0.0126953524727174,0.0241421398655643,0.0182151248044863,0.0968619805173481,0.00771909073599648,0.00589341702610784,33.443
"100238",0.00263365152583354,0.0128860757160554,0.019167183425104,0.0139651753498874,0.0976554273224437,0.00542912745425439,0.00728005545826188,33.443
"100239",0.00263205034930601,0.0124727151724606,0.0174113298864316,0.0127295598062638,0.0894945125574366,0.00518808397538217,0.0077649919940853,33.443
"100240",0.00263419769056356,0.0128789219140582,0.0193261743227101,0.0142645792148542,0.0981263038531455,0.00546322124177421,0.00787644218030684,33.443
"100241",0.00263754558966836,0.0128562537524494,0.0227192624670257,0.0165633439231222,0.0979901910094446,0.00645955194596369,0.00694287882837272,33.443
"100242",0.00263896166853948,0.0126568579492011,0.0256763586503717,0.0183995997058619,0.0940358401882823,0.00749021362551983,0.00583430596880106,33.443
"100243",0.00263456015963107,0.0124095135447311,0.0290079893024102,0.0207915450365423,0.0901137392414266,0.0088562903900012,0.005412783049597,33.443
"100244",0.00263435231366859,0.0121298632645542,0.028165384542035,0.0205203083498935,0.0856111199803728,0.00905508771359874,0.00629115387873959,33.443
"100245",0.00263439256638164,0.0117448185173799,0.0298414486409843,0.0217631735205311,0.0792488863978329,0.0101469812403503,0.00639485880559983,33.443
"100246",0.00263629483325807,0.0115473497228828,0.0300405156984469,0.0224356092943291,0.0770593565919572,0.0107003057957513,0.00781181993335239,33.46
"100247",0.0026319162992923,0.011663533387807,0.0432743157931472,0.0371464943909491,0.089854699463879,0.0188922722065055,0.00543875895586553,33.748
"100248",0.00263776154572744,0.0111018965798768,0.0370438714358717,0.0309861205456154,0.0770593565919574,0.0168416262786894,0.00524228989263761,33.742
"100249",0.00263419769056357,0.0116740257592616,0.0462281535591033,0.0358200515475575,0.0846696587622691,0.0180742779912025,0.00319537007976846,33.742
"100250",0.00263315337016801,0.0121430059566112,0.0482428134153373,0.0372142392168667,0.0932786131564865,0.0183226218075169,0.00335358367339012,33.742
"100251",0.00263746566947927,0.0118923505455669,0.0418303353542227,0.032359764244044,0.0874949418692437,0.0161136630949964,0.00351178253651798,33.742
"100252",0.00264598890776093,0.0119052219615751,0.0362265480349333,0.0275857063341983,0.0856111199803728,0.013313864382001,0.00371374450602311,33.742
"100253",0.00264205234904773,0.0121914021005144,0.0313079058632613,0.0239732172847883,0.0899359386003452,0.0110846048482712,0.00425455270560586,33.742
"100254",0.002639690396135,0.0125921542178714,0.0288800083294772,0.0221863555442955,0.097007970607142,0.00996277624722185,0.00458804565471918,33.742
"100255",0.00263972282937391,0.0126311590751009,0.0223995465903313,0.0172498544922208,0.0961175956562783,0.00744119376355211,0.00613462064533625,33.742
"100256",0.0026343272292004,0.0122233347545859,0.0188977971005932,0.0142578818821006,0.0866163685976151,0.0060460767107889,0.0063736964158943,33.742
"100257",0.0026394342597997,0.0123274111086059,0.0230464539480776,0.0173558812663077,0.0895502828374123,0.00732068944512343,0.00577214664008194,33.742
"100258",0.00264056580094404,0.0126283465138844,0.0248642582185756,0.0184311174757516,0.0949142272530815,0.00748594197745046,0.00562566843643788,33.742
"100259",0.00263736656594023,0.0126187008262976,0.0227453206826456,0.016519185969299,0.0932631819809124,0.00669135280612209,0.00585116391805736,33.742
"100260",0.00263802353101591,0.0124005862344923,0.0242963104256686,0.0171819124323633,0.0883312102447636,0.00725364705497275,0.00493589219598622,33.742
"100261",0.00263328953176078,0.0122036893362547,0.0307710449097874,0.0217237656064065,0.0859557398613286,0.00958112962375612,0.00438029662165232,33.742
"100262",0.00263384661778921,0.0120496047059416,0.0316004445414321,0.0226102439226466,0.0840143054840898,0.0101814543117704,0.00491579928276103,33.742
"100263",0.00263367513582588,0.0121093120907164,0.028793201146248,0.0211897316868201,0.0858657920679257,0.00937669967951871,0.00630341276760216,33.742
"100264",0.00263779566882061,0.0117531808000958,0.0330854807403994,0.0245885070049561,0.0809944570503572,0.0114814670271869,0.00680554705688599,33.742
"100265",0.00263557169953604,0.0120326923691139,0.0265015062064272,0.0204823471811415,0.0863008465408924,0.00905753138884888,0.00871017786165944,33.789
"100266",0.00263879600811289,0.0112613043783056,0.0348956397603213,0.0298264660474716,0.0802907198149209,0.0161504419940625,0.0062143759050138,34.045
"100267",0.00264377848548825,0.0114979033447174,0.0314864594126334,0.0269285292627413,0.0833607458641092,0.0143255367740739,0.00626143282079512,34.04
"100268",0.00263364209579859,0.0116639531824628,0.0440803980387856,0.0357239036577183,0.0866414273790551,0.0187773528615294,0.00399196628940644,34.04
"100269",0.00262989101306697,0.0119880799835765,0.0513075527705744,0.0416420440667355,0.094567696382456,0.0221963917900278,0.0043846658449424,34.04
"100270",0.00263391402300302,0.0115017110666515,0.0436320766965434,0.0353886787982453,0.0837368184660724,0.0190407563375689,0.00425455270560586,34.04
"100271",0.0026449840960249,0.0117029577971772,0.0337516322673738,0.0272002874031264,0.0844460416203231,0.0139304711885437,0.0051154529862026,34.04
"100272",0.00264129843599939,0.0122012324343691,0.0373048780948531,0.0292941809908009,0.0929341976205749,0.0142277185877868,0.00382570927475948,34.04
"100273",0.00263875125053392,0.0128096552432711,0.0402783073780843,0.0311454386154306,0.104442842253386,0.0144408255218526,0.00308108676517574,34.04
"100274",0.00263822057753469,0.012527670445556,0.0281051272598426,0.0216887744660871,0.0958110610136503,0.00966531343709245,0.00426747432225977,34.04
"100275",0.00263736656594023,0.0120982064662588,0.0242236763605616,0.0185258766917421,0.0863859475004543,0.00811902812063286,0.00448134933900476,34.04
"100276",0.0026392615067049,0.012155320118951,0.0240878861109605,0.0183052520792262,0.0870929213117521,0.00793061004981336,0.00477631586452733,34.04
"100277",0.00264086750959895,0.0125909468216443,0.0242599748904302,0.0181018889077069,0.09437135474663,0.00737337071649035,0.00521679610904611,34.04
"100278",0.00263672120814436,0.0127329828357074,0.0222494021782031,0.0161287505675154,0.0952404763017691,0.00640967399236734,0.00555807673677203,34.04
"100279",0.00263617594092467,0.0123928734351978,0.0216178778334153,0.0157727789162716,0.0889678343960707,0.00659130072206056,0.00526944629915578,34.04
"100280",0.0026372357797355,0.0124557167311141,0.0265835508832409,0.0192829448430598,0.0910300919432813,0.00809643291516196,0.00439632793835249,34.04
"100281",0.00263348299197157,0.0123029662097694,0.0301193429701897,0.0214101349172854,0.0879782257128771,0.00929181734226901,0.0040225813519773,34.04
"100282",0.00263565604484918,0.0121331496725946,0.027030558844583,0.0195395982470871,0.0850577543896064,0.00860627055208859,0.00512964326779029,34.04
"100283",0.00263483994638775,0.0119599437415145,0.0306378157083558,0.0226776404829969,0.0838903874422968,0.0102693352480394,0.00535618124570906,34.04
"100284",0.00264332138827831,0.0116168843079077,0.0399331532854137,0.0293312427068176,0.0794238130181964,0.0140935743338178,0.00412360796867008,34.04
"100285",0.00264318781739909,0.0112959424128658,0.0382313510354741,0.0289672193377764,0.0753156947768033,0.01436615221035,0.00529827792850219,34.042
"100286",0.00264239755686842,0.0110479034674295,0.0368504426130844,0.0288937119922967,0.0727454997277841,0.0146527469466545,0.00744883263564511,34.047
"100287",0.0026319162992923,0.0109159810318153,0.0458210173035984,0.0379459023999582,0.0756212546238117,0.0210337430111013,0.00410668168843852,34.34
"100288",0.00263828465838938,0.0112613043783056,0.0359707065091752,0.0303865238144855,0.0799542787433971,0.0165364745808788,0.00515333816674945,34.337
"100289",0.00263404029399919,0.0105884563107348,0.0389473590727433,0.0340852777625875,0.0717440617254079,0.0200604330436261,0.00531915053515183,34.337
"100290",0.00262866762237937,0.0101227460266065,0.0501748383432532,0.043419601447204,0.0668015459434085,0.0266643073595266,0.00455976566353866,34.337
"100291",0.00262823848638787,0.0106163302394559,0.0531822287376203,0.0447371435578973,0.0738512888232613,0.0268960072963452,0.00427178595664171,34.337
"100292",0.00263650598766367,0.0112685789502229,0.0370559836317117,0.0314988778143983,0.0816021823474834,0.0179074055595468,0.0066084453450073,34.337
"100293",0.00264685998430873,0.0115907831127167,0.0307977379860503,0.0259370733907713,0.0839746447093353,0.0137785745969743,0.00645146627774017,34.337
"100294",0.00265009349136904,0.0122519531940278,0.03136734692572,0.0254211562945283,0.0940461574431043,0.0124362562733633,0.00519136553192382,34.337
"100295",0.00263762608521475,0.0121503952788849,0.0254740128855032,0.0205160882349989,0.0901442317548886,0.00975001969733283,0.0050730020906868,34.337
"100296",0.00263803749120883,0.0122167882152438,0.0285439861945474,0.0221331742184914,0.090347607910736,0.00999418466834472,0.00359688170518168,34.337
"100297",0.0026362888585059,0.0120669159934456,0.0254787062303668,0.0196790071954164,0.0866163685976151,0.00864167770458361,0.00416891783911776,34.337
"100298",0.00263829180120104,0.0122564470296404,0.0219384510391761,0.0166740669742217,0.0883715829896188,0.00707973058116438,0.00474593384747301,34.337
"100299",0.00263855934410899,0.0124443773355998,0.0222280090567983,0.016833588963767,0.0917604052838763,0.00695529964262541,0.00456868657977277,34.337
"100300",0.00263538284184562,0.012947587677752,0.0187107677468709,0.0146156024699978,0.101821078477291,0.00508667456871348,0.00629815747188415,34.337
"100301",0.00263584961809944,0.0125708141525167,0.0280800459784239,0.0206768408585442,0.0942629117655566,0.00855687329217729,0.00370036893169067,34.337
"100302",0.00263561098145952,0.0123302612741671,0.0347620891576331,0.0246643372711582,0.0892816839564738,0.0107775041777048,0.00254911885255635,34.337
"100303",0.00263361385338896,0.0121709082016854,0.0300142711792608,0.0214101349172854,0.0857259391495402,0.00945708916329637,0.0031607394668985,34.337
"100304",0.00263415813294949,0.0122180158385229,0.0297109743218089,0.0218509093291727,0.088003422399687,0.00954557265251945,0.00383250816089436,34.337
"100305",0.00263590719550402,0.0118424531708756,0.0324117450669601,0.0239918581726452,0.0822065839389117,0.0110676960841575,0.00374998116913574,34.337
"100306",0.00263681472936311,0.0114991726625209,0.0320866427667028,0.0242115792937971,0.0771940652285785,0.0116324851511336,0.00452417067421714,34.337
"100307",0.00263717095592762,0.0111307774175575,0.0438762288740855,0.0331552402176618,0.0735955859899151,0.0168681831716622,0.00443580382544237,34.337
"100308",0.00263398183759413,0.0106384237456009,0.0496851366592604,0.0370235229824252,0.0661303892858322,0.0199918499004786,0.00414481561480135,34.364
"100309",0.00262681501313743,0.0101250152349888,0.0591850693139073,0.0491350104983441,0.0663219049716653,0.0289400786175108,0.0022284075789945,34.634
"100310",0.00263424733545139,0.0107067536871995,0.0402142373610687,0.0342603879912401,0.0724817377839437,0.0193653040558396,0.00455679399544422,34.634
"100311",0.00262731403295736,0.00936770520276644,0.0532829837219024,0.0466538663002887,0.0574257398105984,0.0297547433204041,0.00370304208293669,34.634
"100312",0.00261766297428849,0.007265944603915,0.126801473640819,0.103701041111737,0.0395104934598158,0.0746454181328391,3.22554128351456e-05,34.634
"100313",0.00261747392113751,0.00750727848251501,0.131132613574157,0.106166837485571,0.0418614053764677,0.0762020875804253,6.27536032973402e-05,34.634
"100314",0.0026234741633013,0.00912679059698867,0.0679851732274863,0.0598775012341883,0.0575775982146285,0.0401069761192225,0.00443726934214288,34.634
"100315",0.0026363427466132,0.0104100783274685,0.0354979997521068,0.0314545591789545,0.0686675637564031,0.0187896419069044,0.00772413500870891,34.634
"100316",0.00265042598062423,0.0112480323145494,0.0291157912016642,0.0248354986265856,0.0782650379986972,0.0134136485975243,0.0070593160600467,34.634
"100317",0.00264345657052286,0.0115152440150058,0.027730505954363,0.0232716716932698,0.0815678327210065,0.0118882872616997,0.00581074639868095,34.634
"100318",0.0026460887886881,0.0119719474750253,0.0321250976458608,0.0256393727250694,0.0883009349458993,0.0121029772208087,0.00347414948332709,34.634
"100319",0.00264629125878631,0.0121684476567429,0.0349945752358017,0.027159917418574,0.0911117032815395,0.0120460584956212,0.00259242241462935,34.634
"100320",0.0026362233461869,0.0123485751115509,0.0280249207955958,0.0218509093291727,0.0929239234510792,0.00926943989416507,0.00356927480716461,34.634
"100321",0.00263964998633085,0.0125333200658738,0.0238582333440543,0.0187840701467254,0.0957228014189391,0.00747953774028532,0.0044519380511555,34.634
"100322",0.00264046122768084,0.0122564470296404,0.023235482641941,0.0182464413424046,0.0902306469179338,0.0077016464982944,0.00459251904597799,34.634
"100323",0.00263586110987047,0.0122474584504099,0.0267918470452671,0.0202053291327337,0.0890994013855314,0.00870329426815308,0.00387479830395104,34.634
"100324",0.00263847913370729,0.0124054561150829,0.0359885158827419,0.0262270954856784,0.0923389568145414,0.0113433028106847,0.00235193844405998,34.634
"100325",0.00263436739143902,0.0125800773842787,0.0293012283302368,0.0215361096328767,0.0946348988431624,0.0089334981574711,0.0032928533037088,34.634
"100326",0.00263558851773791,0.0124504527191585,0.0318183354940509,0.0236993331603807,0.0934381212237658,0.0100624766898868,0.00336376028394744,34.634
"100327",0.00263496658171221,0.01199676176782,0.0320317615945008,0.0236854602784515,0.0848039288870368,0.0107030561170737,0.00318545603428128,34.634
"100328",0.00263575810693642,0.0116652125165053,0.0325058329946244,0.0240945478036284,0.0792246017675805,0.0113719893909121,0.00325017743553497,34.634
"100329",0.00264053083453047,0.0112428924255249,0.0404323588321688,0.0305330080052506,0.074720154710971,0.0152840149438597,0.00365640367235431,34.634
"100330",0.00263339966960224,0.0108431357242873,0.0500335284335588,0.0376099492957955,0.06984414336574,0.0198637042921601,0.00288942176411018,34.634
"100331",0.00263563912477231,0.0105804849070709,0.0468932129337201,0.0350139496022626,0.0648676612075772,0.0189787879030753,0.00343286265015243,34.648
"100332",0.00263284636173215,0.0107348973430518,0.0396470672349945,0.0353051863829196,0.0752107591416819,0.0203581074438824,0.00562236163944374,34.883
"100333",0.00263566169057351,0.0103823485295028,0.0370499271968901,0.0323541264054717,0.0679254276690969,0.0188593874331812,0.00494208301731261,34.884
"100334",0.00261890041943587,0.00642760323449602,0.116203656326567,0.0929512285722107,0.0290448654810319,0.0690750115473694,1.86805929596922e-05,34.885
"100335",0.00262182566039215,0.00906661712546672,0.078672893549409,0.0684259798464159,0.058051431784512,0.0462064410438847,0.000942818377475379,34.921
"100336",0.00262100955602433,0.00947489041520021,0.0834497987964083,0.0713325574525507,0.0671998830733087,0.0500821610480283,0.00249961412755791,34.929
"100337",0.00261570802024749,0.00551253791513558,0.144254437147764,0.125007312652994,0.0291404580337548,0.100015134381063,0.000543248456818547,34.929
"100338",0.00261664044019127,0.00616704884662111,0.134847119644861,0.113975161454626,0.0320343986545994,0.0867650543048319,0.0010788047918982,34.929
"100339",0.00262500339124184,0.00931552173100161,0.0633547635825961,0.0543846015157469,0.0576470661825686,0.0343992509961409,0.00428761422910259,34.929
"100340",0.00263416800922382,0.0103899559164864,0.0409941572032116,0.0345770257267977,0.0672273853019996,0.0193988109346429,0.00469903657456221,34.929
"100341",0.00263827752013649,0.0112540272172669,0.0390665277997204,0.0312445871325913,0.0776661968860378,0.0155332339311826,0.00308595861493337,34.929
"100342",0.00263931618482209,0.0117636290476989,0.0383552250542077,0.0304787023708371,0.0859057647744518,0.0142512864315324,0.00256240351217269,34.929
"100343",0.00263979614968571,0.0123041890898118,0.0287779006910123,0.0232077209100917,0.0940306817102115,0.00998632599919759,0.00353393917267266,34.929
"100344",0.00263593609584351,0.0122931807580391,0.0280650045248715,0.0218948614309544,0.0919292305391651,0.00935917920443569,0.00332947707239419,34.929
"100345",0.00263454993055828,0.0120685639740246,0.0268064206529786,0.0210135950023553,0.0877163306995346,0.00923222899295073,0.00357189937473029,34.929
"100346",0.0026346423312384,0.0120182446432971,0.0289926112438713,0.0221287461040398,0.0860657210409557,0.0098689703835827,0.00312139661231445,34.929
"100347",0.00263801655744897,0.0120557888801946,0.0345018015015996,0.0257416132282404,0.0868520218024169,0.0115858691449094,0.00230968380658224,34.929
"100348",0.00263749224612035,0.0121364355904317,0.0337118623452083,0.0252956158071594,0.0884372025421747,0.0112404553392168,0.002613653431175,34.929
"100349",0.00263452439878895,0.0122572639931612,0.0302088506122296,0.0227677010704512,0.0900680072770804,0.00987156762177424,0.00326646124699551,34.929
"100350",0.00263604076035283,0.0122241529362184,0.0335078350516694,0.0247926377160679,0.0892563590954308,0.0109023980408792,0.00281799726952684,34.929
"100351",0.00263633074900345,0.0119388176142146,0.0324726042920744,0.0244231455217419,0.084719379710065,0.0111043548502782,0.00312875430702663,34.929
"100352",0.00264208238420576,0.0116626937735287,0.038504234151635,0.0293789372742922,0.0819607029578437,0.0139437353696544,0.00306528028946629,34.929
"100353",0.00263318046994229,0.0112668675189878,0.0502642265302618,0.0378212538057332,0.0767997952262158,0.0191028679156827,0.00206631881490499,34.929
"100354",0.00263136870388842,0.0104774443064046,0.0559404331056516,0.0412724396700685,0.064167348680448,0.0227827072891021,0.00175438947084824,34.929
"100355",0.00263823478602891,0.00993753919518543,0.0440531381991341,0.0327218864260777,0.0548231630319215,0.0189375550417889,0.00310793038728243,34.922
"100356",0.00263956159511165,0.00991414004602271,0.0419224906112545,0.0314988778143983,0.0547037439457563,0.0182302141868866,0.0039173245079301,34.908
"100357",0.00261628116296506,0.00589722765916849,0.140679796929195,0.118668086185342,0.0302130804158023,0.0916660860241518,0.000136395271069965,35.222
"100358",0.00261872871815342,0.00796466944176685,0.0968353655711132,0.0877848412989684,0.0513473972614393,0.0655954007608145,0.00140151646047651,35.223
"100359",0.00261590823636391,0.00717245000413356,0.132122963747139,0.118925891917425,0.0466844923781184,0.0929562619799525,0.000736446713436961,35.223
"100360",0.00261240981818572,0.00449797156866164,0.24145384617402,0.193266967700522,0.0245273953782029,0.1572680885227,0.000650387234715044,35.223
"100361",0.00261856084812561,0.00666647940516518,0.125324154993323,0.0973385600326686,0.0303515804196667,0.0717584621786535,7.12620033742789e-05,35.223
"100362",0.00262766142125004,0.0101667188178443,0.0624085509320894,0.0483886296606261,0.0634562388448342,0.0274225395682828,0.000857542829072692,35.223
"100363",0.00263297880736571,0.0113215625427801,0.0466519129403105,0.0370603871826402,0.0801248751408129,0.0183951718083594,0.00159723148768045,35.223
"100364",0.00264062725622169,0.0115283457106564,0.0317910433744255,0.0251896977186029,0.0800468723429327,0.0119684772327149,0.00234557541019672,35.223
"100365",0.0026374590351778,0.0123078573283764,0.0307923981104083,0.023404497354834,0.0915763568354661,0.0100809193122019,0.00215469729179859,35.223
"100366",0.00263873637104762,0.0119876664789103,0.0329455053015424,0.0249882744545574,0.0861357348220444,0.0112860834384333,0.0018999632209075,35.223
"100367",0.00264077792457429,0.011879055869483,0.0356865717745994,0.02696365932147,0.0846149775821788,0.0124179118325123,0.00177640139821694,35.223
"100368",0.00263807246812259,0.011759450362228,0.0338141923611717,0.0254840747984446,0.0819705332210479,0.0118823624417115,0.0018367181713939,35.223
"100369",0.00264250114679221,0.0117886840168284,0.0392740945230269,0.0294213738185871,0.083316250401664,0.0137983203549856,0.0014616969391456,35.223
"100370",0.0026383706746784,0.0118403716019843,0.0356098823691194,0.026429845322129,0.0829753963224883,0.0122597284225339,0.00190568008750459,35.223
"100371",0.00263604660389119,0.0120636196603458,0.033180894910511,0.0246880646840157,0.0865612482561074,0.0110761481813631,0.00241389984448766,35.223
"100372",0.00263690903962258,0.01185327408265,0.0324393987177191,0.0245175509164606,0.0834547081735935,0.0112632530273024,0.00272799188129506,35.223
"100373",0.0026410854844218,0.0117205493284292,0.034791092249893,0.0264893746470791,0.0820393566765711,0.0124118012794495,0.00279361887077916,35.223
"100374",0.00264129843599939,0.0113722815939441,0.0399459007320899,0.0300841311115113,0.0766221255804157,0.0148287126342465,0.00234239718094383,35.223
"100375",0.00264099414528939,0.0107967584661235,0.0410850549655104,0.0305601838771853,0.0669388094461267,0.0161283675295643,0.00226781871349856,35.223
"100376",0.00264179536398955,0.0100750277190737,0.0355215340741787,0.0262270954856784,0.0549853782771858,0.014967767995971,0.00305072639454542,35.224
"100377",0.0026470145668811,0.0100499826851825,0.0376834127682703,0.0279078166272451,0.0551605890149997,0.0159598391560377,0.00318050488714746,35.222
"100378",0.0026190646327155,0.00748532193741397,0.0942389386017616,0.0859048332598989,0.0444894393198605,0.0632231863180726,0.000200507596251345,35.484
"100379",0.00261878813961903,0.00820202062186426,0.0944563381778959,0.0874343451516677,0.0538831014706308,0.0634168966129415,0.00017755446792636,35.516
"100380",0.00262511248762951,0.0107076337929132,0.0550474686923636,0.0508523014208162,0.0834448156504807,0.0296584009498234,0.00121803394357469,35.516
"100381",0.00262681756842845,0.0100745726610051,0.0549919828082055,0.0479746938759967,0.0676587701108317,0.0285745499714619,0.000288020008956306,35.516
"100382",0.00262489535402184,0.00952518272132326,0.0747866733928006,0.0576774316706702,0.0560223816156402,0.0347906389682334,5.94387478573287e-05,35.516
"100383",0.00262692800434235,0.0103621964909663,0.0635206928611793,0.0500298652564806,0.0675118067306781,0.027810027420738,0.000298695927267814,35.516
"100384",0.00263556609908977,0.0109863904048365,0.0443057299625626,0.0343423014409248,0.0727219358515138,0.0176944621233878,0.000772153032842608,35.516
"100385",0.00264379015523491,0.0116626937735287,0.0370680985229223,0.0284343808601424,0.0819263003032563,0.0134524165222262,0.000966298100249773,35.516
"100386",0.00263913752254375,0.0118332927595504,0.0417711655605466,0.0314600968386698,0.0849183661704341,0.0147284713012058,0.000575968419676326,35.516
"100387",0.00263810052862967,0.0117481638238563,0.0427647922720681,0.0322640059133303,0.0837120585487887,0.0152769362942045,0.00065425659457158,35.516
"100388",0.00264215278105286,0.0115676017012082,0.0389536249339539,0.029485101681175,0.0799835147539836,0.0141739528884039,0.00091831629128803,35.516
"100389",0.00263858865472594,0.0117686423913743,0.0423256373605683,0.031888360328937,0.0839102100042737,0.0150551450003866,0.000794600629452003,35.516
"100390",0.00263750555816758,0.0119760851566034,0.0439034141603062,0.0328697311500623,0.0875653624175687,0.0151921734749793,0.000807486721697784,35.516
"100391",0.00264216287396077,0.0121434165394801,0.0391796531987137,0.0294744742817752,0.0898953158033692,0.0132273848195245,0.00128970004650133,35.516
"100392",0.00264238725036858,0.0118357914407856,0.0394634418057351,0.0295010473481195,0.0840787682941942,0.0137687092253805,0.00130853286038257,35.516
"100393",0.00264342262177303,0.011501288020725,0.0377447105589354,0.0280465924662139,0.0776420840229391,0.01360502176471,0.00153168521112044,35.516
"100394",0.00264361637219594,0.0110050375832403,0.0392237065571659,0.0286478051215878,0.0689356116604256,0.0147906333752659,0.00136264676855209,35.516
"100395",0.00264383695610942,0.0109651200210767,0.0399905386074468,0.0292518612210505,0.0685152178028379,0.0151745565662581,0.00156514631279142,35.516
"100396",0.00264033187013403,0.0105228150809988,0.0341052752213535,0.0251176427897897,0.0610248490186377,0.013640914120447,0.00222427947885358,35.519
"100397",0.00264402613865392,0.0106234029144944,0.0395330245328724,0.0291145905038988,0.063514642571234,0.015669722401251,0.00191045081617983,35.538
"100398",0.00264219320736659,0.0103433684278101,0.0409098747954955,0.0301002819903975,0.0595821254492898,0.0167130566431246,0.00205441303457918,35.521
"100399",0.00264552966198709,0.0102227794018395,0.0379105535380446,0.0283099201051517,0.0580209610656067,0.0158724082024633,0.00257016911612319,35.558
"100400",0.00263077360356573,0.0111070723070405,0.0436794781189466,0.0385982860186013,0.082034440041548,0.0214583605953034,8.22375525397412e-05,35.8
"100401",0.0026232308315724,0.0101281916562311,0.0686280466262172,0.060647742967887,0.0722982456374629,0.0372919628163086,4.62257811196086e-05,35.808
"100402",0.00262057544650805,0.00921258064068833,0.100515717499427,0.0795369850911124,0.0570791651180519,0.0494939782402167,0.00101206465085797,35.808
"100403",0.00262762289366973,0.0102363170108422,0.0619949385289136,0.0483449509571335,0.0647590507881582,0.0271929555791217,7.86157866279029e-05,35.808
"100404",0.00263223993537195,0.0108090197107957,0.0485988641670783,0.0383716605293127,0.0717862771217369,0.020172235744045,0.000495992049487638,35.808
"100405",0.00263465780594597,0.0111720871393244,0.0458140191988577,0.0354006165242206,0.0758841926864168,0.0179113659828642,0.000344974835893724,35.808
"100406",0.00263929271861652,0.01169415656837,0.0406512842001313,0.0311069349580411,0.0831185939417652,0.0147491713954411,0.000411522127293082,35.808
"100407",0.00264245959580021,0.0116912220146519,0.0350820296491578,0.0267083780397366,0.0815923676492911,0.0125682868051408,0.000692452356248772,35.808
"100408",0.00263923038162056,0.0116269793271322,0.0421733227367127,0.0315376891734021,0.0810091412083316,0.0151499172038156,0.000358296043651521,35.808
"100409",0.00263576950492993,0.0117627933760148,0.0451040271382243,0.0343188849057051,0.0849382738485329,0.0162648343541626,0.000392509315253639,35.808
"100410",0.0026359245267368,0.0118491128376315,0.0452773468565508,0.0342428512887922,0.0861457384258238,0.0160842827098674,0.00048451952071106,35.808
"100411",0.00263404029399919,0.0121627053192158,0.050376114115822,0.0369621344774533,0.0910147926820809,0.0169404156345396,0.000279334170493619,35.808
"100412",0.00263978797922131,0.0118295441927288,0.0422659914714609,0.0312776811763677,0.0839696875757745,0.0146905745733711,0.000613406440077135,35.808
"100413",0.00264045255718008,0.0114940949281386,0.0424982694982991,0.0310739559240018,0.0775794029085116,0.0152133328770494,0.000487374851977486,35.808
"100414",0.00264484213078842,0.0112869678046783,0.0401438405041184,0.0289567110170034,0.0730048795700512,0.014508948484191,0.000599557593723305,35.808
"100415",0.00264434053758262,0.0109277332678199,0.040748124891542,0.0292941809908009,0.0671952997534603,0.0153123527699842,0.000681669047246815,35.808
"100416",0.002639690396135,0.0106591686235045,0.0446486339171517,0.0320562140251307,0.0636584861030377,0.017308732718691,0.000647079931070823,35.808
"100417",0.00263468364486556,0.0105161496729235,0.0516332690594514,0.0369437305556054,0.0624216070667087,0.020349435463696,0.000510036912254668,35.804
"100418",0.00263448875208546,0.0104489210505435,0.0512320057627579,0.0370112400991819,0.0618686927110815,0.0204928580258281,0.000689037801382624,35.807
"100419",0.00264179536398955,0.010346507748567,0.040657735367339,0.0301811190833397,0.0600088218119494,0.0169061730119845,0.00167130315411576,35.804
"100420",0.00261828935447167,0.00922548283164238,0.116124561423128,0.0962409277581899,0.0627389736120995,0.0624333528879792,0.00290712446003292,36.064
"100421",0.00261759030843437,0.00822340994054194,0.139735850111513,0.107335011108026,0.0472015995130189,0.0725766124829078,0.00515017563795609,36.099
"100422",0.00262664764734245,0.00972026885884011,0.0641873683177022,0.0508598172525518,0.0586445501511948,0.0299252995612049,1.56784299874935e-06,36.099
"100423",0.00262847024000003,0.0102795712777077,0.0593351429072909,0.0461857921490166,0.0648314506197809,0.0258388031248398,6.56431937075078e-05,36.099
"100424",0.00263392368562237,0.0113155873706444,0.0465881811797233,0.0361941783211219,0.0787297672568406,0.0180304673345178,0.000182147156194704,36.099
"100425",0.00263568996206512,0.0116983480845435,0.0455834896473098,0.0345065016828331,0.0836031455221294,0.0164990751067977,0.000132434822053237,36.099
"100426",0.00263807947665156,0.0117782480139682,0.0429051710960738,0.0323090461798838,0.0841680532061631,0.0152521793020797,0.000195384050975482,36.099
"100427",0.00264170776394506,0.0116093098716772,0.0391796531987136,0.0296981615767095,0.0808281020619857,0.0142109013205047,0.00037062904722969,36.099
"100428",0.00264207236353462,0.0113620625840964,0.0391985290833876,0.0295968365026855,0.0764398048040345,0.0145875708606256,0.000374370347509652,36.099
"100429",0.00263386583493606,0.011967395115384,0.0497739302582795,0.0369866821065359,0.0881092762011663,0.0172971377765114,0.000114889110666839,36.099
"100430",0.00263855934410899,0.0117490000684987,0.0427781481947153,0.0320225984534011,0.0833014204383209,0.0151745565662581,0.000260978683098615,36.099
"100431",0.00263882594629574,0.0114627548816142,0.0441144889815274,0.0322583786888766,0.0773433034636369,0.0158833184777442,0.000132189264489827,36.099
"100432",0.00263958563264651,0.0113816445786695,0.0446486339171517,0.0320281994913889,0.0750486871635337,0.0159671404274088,0.000128050242085382,36.099
"100433",0.0026393711314561,0.0112621603446114,0.0441144889815273,0.0320057990764255,0.0735908536954489,0.0161394020893248,0.000272553792983156,36.099
"100434",0.00263827038643655,0.0109399134236979,0.0452842890588361,0.0329039093637789,0.0687091333105591,0.0172161271333052,0.00035059490830842,36.099
"100435",0.00263950570752797,0.0107546615405492,0.0440463250325736,0.0319778125696505,0.0655797320848284,0.0170549124416766,0.000577526051222773,36.115
"100436",0.00264415807898162,0.0105751687998706,0.0403103684261185,0.0292730162431843,0.0622475200405332,0.0158833184777442,0.000894791304575748,36.141
"100437",0.00261977128999633,0.00853817613387199,0.0997056159515658,0.0834005174711784,0.0519992723184614,0.0552217626513593,0.00266089771236217,36.365
"100438",0.00261995590037829,0.00889158560184363,0.101859749730575,0.0829586329766117,0.0549981919242056,0.0531403135759094,0.00177916270445991,36.388
"100439",0.00262245846050793,0.0095082783041548,0.0906952720544365,0.0692094025544401,0.0573433614966151,0.0421546724976679,0.00161033333567222,36.388
"100440",0.00262935843456007,0.0107998244960094,0.0566004271814816,0.0440272237306002,0.0723217611259337,0.0233799062549333,5.78156178254726e-05,36.388
"100441",0.00263034109469724,0.0112343230664802,0.0531202901722024,0.0417082654510225,0.0793120386903054,0.0210914940195701,0.000158431311527528,36.388
"100442",0.0026336562438395,0.0116421128115457,0.0472281715768317,0.0365525005616933,0.0842424827641786,0.0175808468245273,0.000122793233631148,36.388
"100443",0.00264326554012446,0.0115186258834506,0.0369470708642981,0.0285800241319171,0.0798714638041046,0.0137424260226219,0.000422972025258456,36.388
"100444",0.00263748559603545,0.0116920604999648,0.0433484032267166,0.0327673319770228,0.0829704600231222,0.0156301256025425,0.000141175414786447,36.388
"100445",0.0026350251061968,0.0116013116794144,0.0482718120073657,0.0356998923554762,0.081097265821546,0.017374541379647,0.000168825820789817,36.388
"100446",0.00263587261347208,0.0117377079979394,0.047521696360424,0.0348659499124774,0.0828717557362171,0.016705515438137,0.000173302985927573,36.388
"100447",0.00263859599439662,0.0112891049725513,0.0447105478530391,0.032546163509058,0.0743256358723779,0.0163686485728904,8.63371154944599e-05,36.388
"100448",0.00263621147600622,0.0112720013832951,0.0485042280060863,0.0349369400170036,0.0741120474781189,0.0177023167744425,0.000126365399650714,36.388
"100449",0.0026346526453275,0.0112741401133583,0.0507427948553242,0.0366561627771643,0.0746820968061965,0.0186059032481474,0.000123029757347868,36.388
"100450",0.0026317043214933,0.0112124548853265,0.055908372952378,0.0407807110271213,0.075062982683765,0.0209451140871223,0.000144494301068719,36.388
"100451",0.00263269813243159,0.0110033036963758,0.0527034885941839,0.0389461596839461,0.0718848136844571,0.0208258849578184,0.000218495850017977,36.39
"100452",0.00263782989635951,0.0108955067931476,0.0444563860206124,0.032943812496437,0.0688986176948514,0.0181621253653073,0.0005579541092446,36.39
"100453",0.00265148689457314,0.0108806824236496,0.0361848152854288,0.0266236271653369,0.0667969722007516,0.0147629828981358,0.000873499438913084,36.379
"100454",0.00262415302365501,0.0100973117183919,0.0755512499594504,0.0598024874072894,0.0658753383032111,0.0342736648298891,0.00118335616323025,36.688
"100455",0.00262522044985992,0.00960525431809012,0.0738238558417078,0.0565929454001956,0.0566081464050492,0.0339299772710383,0.00200420376609597,36.708
"100456",0.0026311970332018,0.0101907009787371,0.0523118918770487,0.0405785567061593,0.0620825187386134,0.0228108976126826,0.00134581609158972,36.708
"100457",0.0026298372657964,0.010109124887384,0.0538902435628643,0.0427298145547481,0.0624037441156427,0.0241492297810556,0.00175347533637566,36.713
"100458",0.00262100046313463,0.0097731002007324,0.0963586563191699,0.0764302137680937,0.0644652192978926,0.046571642748952,0.00521520484627896,36.697
"100459",0.00262267648552627,0.00971469846872312,0.0781483134517243,0.0651461913855834,0.0641042264215474,0.0405079275548042,0.00260805778264067,36.677
"100460",0.00262261851026517,0.0101517707785689,0.0868426523015866,0.067558148593138,0.0672915725641016,0.0390859222527012,0.00449756753325333,36.677
"100461",0.00262101562208744,0.00875450999050453,0.108222697874052,0.0795269975671431,0.0472663787235811,0.0518175530632872,0.00620741986459421,36.677
"100462",0.00262199168894617,0.00933878693008779,0.0958604117706275,0.0722872204047437,0.0549597541346934,0.044781048964218,0.00123250605492946,36.677
"100463",0.00262904819056134,0.0114928253014967,0.0563422415173766,0.0443296071216706,0.0844957163368285,0.022182563580476,0.000403688873895945,36.677
"100464",0.00263373675649013,0.0116433734461214,0.0463267954008655,0.0362426328942122,0.0847094346989523,0.0174755323463695,0.00020785569880917,36.686
"100465",0.00263425729096799,0.0118195448143101,0.0477156697610159,0.0361457649590533,0.086205768631145,0.0170970315560163,0.000306173797121293,36.68
"100466",0.00263244972749475,0.0118499451510193,0.0536873030362491,0.0393406908970579,0.0858657920679258,0.0187855449258349,0.000491673849231619,36.677
"100467",0.00263685235803925,0.0116446340055271,0.0468505689980098,0.0340561481775992,0.0805983389774135,0.0164953384568029,0.000411522127293088,36.677
"100468",0.00264325440381745,0.0113714302029973,0.0397359217748462,0.029325946351684,0.075506618675698,0.014495305725673,0.000135151254796068,36.677
"100469",0.0026347251118751,0.011269862429706,0.0501450663429344,0.0364490249384916,0.0748581717889304,0.0184841200000005,0.000446351439010961,36.677
"100470",0.00263483994638775,0.0113318016563824,0.0498035521101206,0.0362608139868956,0.0759176805600015,0.0183306728951148,0.000317950396570846,36.677
"100471",0.00263350624786658,0.0111454175869249,0.0512471091028999,0.0377839100676602,0.0738086500181265,0.0199961314752113,0.000186214700225433,36.682
"100472",0.00262015064549375,0.00828587468543216,0.114367641939365,0.0852560656682233,0.0432821910748154,0.0573061280930512,0.00482666178480185,36.936
"100473",0.00262500556272102,0.00967937837818118,0.0724385069089832,0.0567700978385242,0.0587494381466207,0.0336939507988669,0.00271085348227797,36.965
"100474",0.00262477133098011,0.00995999218206993,0.0724576256746619,0.0573279982550192,0.0633349992128231,0.0331885955282226,0.00333074363576157,36.965
"100475",0.00262103535969521,0.00967426038023404,0.100276989056289,0.077300028852079,0.0616017753948599,0.0466340076542471,0.00703520867794796,36.965
"100476",0.0026225451581241,0.00995724433534881,0.0869941438107088,0.067882760059377,0.0646459830433503,0.039743654627485,0.00819160007407259,36.965
"100477",0.00262588178384152,0.0109616451475076,0.0705626947193329,0.0539855256861368,0.0763103539844845,0.0287236868115983,0.006230041483264,36.965
"100478",0.00262637172053582,0.0108129591984244,0.0680217979621763,0.052277723527102,0.0737849655368845,0.0280541667303081,0.00370304208293671,36.964
"100479",0.00262478196834185,0.0104484750345309,0.0728791079971754,0.057336109282821,0.0703651808232632,0.0318414425956804,0.00213242618045983,36.965
"100480",0.00262687907197917,0.0111290543474934,0.0658927850116269,0.0506346494014487,0.0785747499590089,0.0263090109789631,0.000337026273364779,36.965
"100481",0.00262726071904966,0.012156961488097,0.0646727903497006,0.0494223135414416,0.0961799838344236,0.0234613203966267,0.000201418753817627,36.965
"100482",0.00262787292835287,0.0120895648750804,0.0643371420956925,0.0482285970007917,0.0935462295417347,0.0227451585783409,0.000270077117058307,36.965
"100483",0.00262881951716703,0.0119126921707357,0.0625208933237884,0.0462140748828746,0.0890589119496957,0.0221779555332742,0.000291679037926608,36.965
"100484",0.00263638483996332,0.0116954141100937,0.0445387088369608,0.0337599302008826,0.0834200861478445,0.0161173383132598,0.00039721964104372,36.965
"100485",0.00263417295063845,0.0114797012992502,0.0487301062260277,0.0365159584545181,0.0798617228553136,0.0179946782278841,0.000554386178024695,36.965
"100486",0.00263211592756963,0.0114012080349578,0.0541642564278675,0.0398663801879208,0.0784488775746837,0.0199961314752113,0.00074115788547937,36.965
"100487",0.00263519712367206,0.011444097870052,0.0480401552018192,0.0355261172651935,0.0783714529418437,0.0178441230878098,0.000286199303691835,36.965
"100488",0.00263499846614143,0.0113207090531135,0.047121093545481,0.0354543679772396,0.0771122679697295,0.0182462613163202,0.000147852418035241,36.965
"100489",0.00264002737865019,0.0110902463314545,0.0403745426262007,0.0307563042450697,0.072674816157276,0.0161467614318363,0.000540230846593131,36.958
"100490",0.00262387099560832,0.0108610448115878,0.0775059511707727,0.0609930215513054,0.0777240785044031,0.0327614612730282,0.00250289908154102,37.187
"100491",0.00262715485079298,0.010549009828596,0.0602410277443545,0.0487023947957875,0.071383242879711,0.0264444611649652,0.00167665934272809,37.249
"100492",0.00262676403006702,0.0104867941829002,0.0609011012171498,0.0496440411136709,0.0710511073760825,0.0273476411999778,0.00265525082033901,37.251
"100493",0.00262322157815659,0.00962533144658046,0.0859696890047757,0.0653751821601377,0.0580993257135344,0.0393895899910903,0.0077066584299344,37.251
"100494",0.00262647532274965,0.0104511509733421,0.0691916282458324,0.0524078551760698,0.0673970698428625,0.0291632155085142,0.00735945797648582,37.251
"100495",0.00262464026567629,0.0111849791789021,0.0793624926007581,0.0592459288334958,0.07975946813258,0.0311386373080536,0.0081057483049133,37.254
"100496",0.00262699791175797,0.0110141380221623,0.0655796308253354,0.0503354130574661,0.0765453403124588,0.0264444611649652,0.00279941348031141,37.251
"100497",0.00262679459189061,0.0111118155569503,0.0701316841114741,0.0518885618839065,0.0765405421326104,0.0272408949792306,0.00134102686612553,37.247
"100498",0.00262809999272439,0.0117351978363845,0.0639938959543317,0.0478010811195286,0.0868169102415387,0.0233942588961728,0.000636117512413235,37.251
"100499",0.00263035512761541,0.0121027316574408,0.0552221009660498,0.0421203328368561,0.0932477517035783,0.019516408342139,0.000152303021755636,37.244
"100500",0.00263035512761541,0.0117360345897582,0.0561571665240179,0.0424143321334265,0.0861557424383238,0.0205102910781599,0.000184465872502239,37.251
"100501",0.00263462687794146,0.0118287110890326,0.0461015385300353,0.0354185279136724,0.0868720877940604,0.0166678455523735,0.000385285924254564,37.251
"100502",0.00263175594446692,0.0117146871014116,0.0530042877375264,0.0399243482048339,0.0850179209771551,0.0192733714765695,0.000736446713436969,37.251
"100503",0.00263168848543787,0.0117171996822179,0.0541720992709027,0.040299205721262,0.084525526099687,0.0195079918305137,0.000769144664151144,37.251
"100504",0.00263576380447984,0.0116324454473134,0.0470996977875862,0.0348482167301522,0.0814501012081305,0.01692899597522,0.000212829177568394,37.253
"100505",0.00263774792559273,0.0114194789085695,0.0436050058962882,0.0327162085518482,0.0779267836060415,0.0164132836806761,0.000155751729955208,37.252
"100506",0.00263593030979294,0.0112158867408702,0.0458770283374766,0.0344712739876283,0.0750582174039154,0.0178638818202788,0.000189442684795234,37.274
"100507",0.00264630586173533,0.0116899642245768,0.0399204086079285,0.0284811431756389,0.0791371987832273,0.0144374253311632,0.000501779526154416,37.272
"100508",0.0026273461442287,0.010532586808832,0.060165180230784,0.0483231210099805,0.0707101845614538,0.0262986121270518,0.000928871520686154,37.551
"100509",0.00262640368499604,0.0103993490436015,0.0637044322499823,0.0511459424654024,0.0692874026044868,0.028261507509009,0.00158939650739142,37.537
"100510",0.00262267120253808,0.00925554937515909,0.0909405487084864,0.0685531274704671,0.0532187575353711,0.0426577968865687,0.00627715858180976,37.537
"100511",0.00262698233880884,0.0106763655911509,0.0646904889895902,0.0501862175707697,0.071636217635462,0.0271663484094033,0.00565050093523953,37.537
"100512",0.00262629830476233,0.0110651970469555,0.0671192756085901,0.0521630722648466,0.0784633976876159,0.0272675538229636,0.006408986886575,37.537
"100513",0.00262189111798278,0.0101436121912948,0.0995275173571633,0.0734491868689385,0.0652891309636557,0.0429366880065593,0.00936670684335433,37.537
"100514",0.00262876764030957,0.0107181919558613,0.0638271259464318,0.0467891716534746,0.0686952758090607,0.0253999298551025,0.00321400114853943,37.537
"100515",0.00262359402872813,0.0103675724770901,0.0896633948241067,0.064979174938997,0.0661668534400004,0.037152342632616,0.00440654519424311,37.537
"100516",0.00262880728910413,0.011363766103856,0.0615404134350468,0.0460657133185183,0.0801004963951709,0.0233416630304831,0.000616625171252899,37.545
"100517",0.00263342275239373,0.0117259913793018,0.0474428242831218,0.036808946478701,0.0859057647744518,0.0175417892116318,0.000328781681779967,37.537
"100518",0.00263429720202386,0.0118437020154868,0.0460453410322166,0.0356698926616773,0.0876156750118838,0.0167394698449387,0.000280772417091355,37.537
"100519",0.0026304184952085,0.011928868780513,0.0562054070009437,0.0423139590044174,0.0894184818773156,0.0200475610333143,0.000414589071720428,37.537
"100520",0.00263005382722135,0.0122768621304946,0.0574614181125431,0.0430738300368041,0.0957902914756274,0.0196852791085565,0.000906514985774195,37.537
"100521",0.00263223993537195,0.0122036893362547,0.0531822287376202,0.0393853936845168,0.0928622868271954,0.018054354722709,0.000435931646515668,37.538
"100522",0.00263623522898881,0.0116067844547094,0.0459471076425926,0.0342311633253716,0.0811903228113022,0.0165814331448914,0.00018650698749748,37.537
"100523",0.00263459603534354,0.0113969566832762,0.0489933136838098,0.0362426328942121,0.0777723247742811,0.0180583381316561,0.000244933744151803,37.533
"100524",0.0026298406174203,0.010044057926892,0.0523808527736786,0.0423273333522302,0.0622341358170446,0.0239832359392932,0.00024058716419598,37.821
"100525",0.00262379672056869,0.00982900403894566,0.0762617194862593,0.0610605383561782,0.0628150467772257,0.0357505746314249,0.00151721468462527,37.821
"100526",0.00262010583033611,0.00975874938311369,0.10935731704579,0.0839678960130239,0.0637214536405604,0.050592603518995,0.00596304688942274,37.821
"100527",0.0026217719465868,0.00979483578389278,0.0934636677052523,0.0724659421383082,0.0627926689501902,0.0431282505624555,0.00662460822006206,37.821
"100528",0.00262242396988754,0.0105174829406524,0.0865078460219196,0.0680906689453655,0.0736855199240462,0.0379686648275807,0.00660306218234269,37.821
"100529",0.00262335183193441,0.0108684657617322,0.0797904702743596,0.063168564402023,0.078642556800004,0.0339548900725789,0.00638074658166227,37.821
"100530",0.00262677930049421,0.0111862679326839,0.0649829927248478,0.0505971831713198,0.0802224162205015,0.0260757400966295,0.00413067103620735,37.822
"100531",0.00262634719478305,0.0114436736524109,0.0675558375001125,0.0521096231063669,0.0844609429561093,0.0262882161860542,0.00280405356481691,37.822
"100532",0.00262093551427907,0.0101408918589997,0.103264624846477,0.0784134349476561,0.0677460828026487,0.0457893564280407,0.0046945106987461,37.823
"100533",0.00262570463365045,0.0105911127108284,0.0724289488139329,0.0549275060248956,0.0701324064701918,0.0302455216663276,0.00076734250982471,37.821
"100534",0.00263232337953244,0.0120054400930474,0.0480112514162258,0.0379771053046698,0.0922313416212683,0.0175105873929576,0.000159779820718554,37.821
"100535",0.00263125015929135,0.0123058194924141,0.0514361566480456,0.0400081743581509,0.0975352201029011,0.0179668770568429,0.000460593617652782,37.821
"100536",0.00262977044405136,0.0120586742303074,0.0578460143302372,0.0435897397369412,0.0921493787319245,0.0204101942905775,0.00046570199027534,37.821
"100537",0.00263261614790701,0.0118620100794306,0.0527034885941839,0.0389144527690502,0.0863759340912532,0.0185165401710661,0.000502263357303721,37.821
"100538",0.00263539386318758,0.0116471548988963,0.0477300595620904,0.0352753980476837,0.0817543632715073,0.0170702199717067,0.000329171926635034,37.82
"100539",0.00263308142410798,0.0115135528756348,0.05305840072604,0.0385919794051411,0.0794627040255628,0.0191236036183074,0.000401958547766391,37.825
"100540",0.00262839048968913,0.0112959424128658,0.0696838481379974,0.0487755483198341,0.0759751004360312,0.0253087452910879,0.0009934918429039,37.825
"100541",0.00263621740952058,0.0112955151396357,0.0509305748443948,0.0355321005361865,0.0731134437871565,0.0180822516560306,0.000865821593684798,37.829
"100542",0.00262877982492108,0.0106891431957406,0.0580595205400831,0.045300511334959,0.0710137178292805,0.0243406344221652,0.000430544918920371,38.115
"100543",0.00262808852892028,0.0106026195405571,0.0590186241303695,0.0466965673911031,0.0706775236541257,0.0252733473138138,0.00035992818046769,38.105
"100544",0.0026262302174128,0.0106715167099411,0.0647524601913757,0.0517516518968933,0.0734442056804111,0.0279183472402272,0.000586393047182137,38.105
"100545",0.00262397542505868,0.0105964244104854,0.0761924473304536,0.0603958892343029,0.0737376045981202,0.0331518303857691,0.00166684632178093,38.105
"100546",0.00262118220999879,0.00986264658148757,0.0955599999588765,0.0754217168450018,0.0653027427458816,0.0445994248430853,0.00402258135197732,38.105
"100547",0.00261568547414599,0.00771966828542455,0.170665251662486,0.13158528786692,0.0447275222617937,0.092284282805436,0.0112056773087696,38.105
"100548",0.00261726961665183,0.00915991290105985,0.136708852176257,0.108803630859386,0.0614373788710737,0.0689309052769964,0.00999428080056873,38.105
"100549",0.00262224293494438,0.0112158867408702,0.079250661982697,0.0667062788201671,0.0888616186958724,0.0353707916222443,0.00416891783911776,38.105
"100550",0.00262373649298131,0.0110028702011465,0.0789867615438729,0.0617553269858079,0.0798519823245215,0.032816159194525,0.00574370047680505,38.105
"100551",0.0026271917903206,0.011280554963283,0.0615746378192159,0.048885409543867,0.0824379482383636,0.024811368740551,0.0023233738297067,38.102
"100552",0.00262919590384666,0.0107779137494393,0.0570785660887226,0.0443985142367883,0.0720585413916009,0.0236392095353835,0.000898690574454811,38.106
"100553",0.00263362796566347,0.0115524145504037,0.046270411110094,0.0363335963474969,0.0833310812937757,0.0176003987054944,0.000154155138278556,38.106
"100554",0.00263051422693209,0.0121084896442791,0.0523118918770486,0.0411606526325254,0.0947434921391258,0.0189087298103044,0.000341386321125789,38.105
"100555",0.00262856550399893,0.0120347555499394,0.0612500287767395,0.0462777512923693,0.0925132845232995,0.0218342798698807,0.000376457106249144,38.105
"100556",0.00263232337953244,0.0118798870267721,0.0528730268962357,0.0392577570545138,0.0870627960360827,0.0186344008810465,0.000303920561634915,38.105
"100557",0.00263054632101067,0.0118407879318859,0.0596528151418263,0.0430332665628664,0.085740919554171,0.0207818482512292,0.000545264946540148,38.099
"100558",0.00263275457612964,0.0118303772641115,0.0530042877375263,0.0388574216935299,0.0854364990693434,0.0185774364903948,0.000466633864227353,38.076
"100559",0.00263082474606352,0.0109473048754512,0.0606890059255993,0.0430535452622852,0.069885962088987,0.0228956167844475,0.00118860035742596,38.106
"100560",0.00263226073798723,0.010813834532767,0.0560607701321068,0.0402603240267903,0.0678104438167351,0.0215756213982817,0.000886372467304144,38.122
"100561",0.00263058925730276,0.0109868242580743,0.0537028953464104,0.041582502014818,0.0745014149419636,0.0216253680577535,0.000425637006956205,38.35
"100562",0.00262807707689977,0.0111169887398911,0.0606635883270586,0.0470748399893646,0.078062023506112,0.0243258729811571,0.000714856256363178,38.387
"100563",0.00262758723698656,0.0110392510848663,0.0622187461901722,0.0483522289993624,0.0771555686002426,0.0252177927754644,0.000619852470393093,38.387
"100564",0.00262479900930067,0.0106490196557364,0.072984738711289,0.0572955614397512,0.0733732839183036,0.0312559800995334,0.00116175584162967,38.387
"100565",0.00262158197525513,0.0103330498194246,0.0908401537587973,0.0724565287346686,0.0724111445164628,0.0410897022255335,0.00210024189636367,38.387
"100566",0.00261738058886784,0.00868157651530349,0.134307989391431,0.107443810665742,0.0551947993376305,0.0701105534737321,0.00479001994320431,38.387
"100567",0.00261221805764407,0.00645089474023256,0.268964180355993,0.202882648725876,0.0376816406910062,0.15475531812475,0.0170676239025874,38.387
"100568",0.00261545606257699,0.00935111877370544,0.163740442598614,0.131791732306886,0.0682938362953007,0.0833043520430178,0.0127870982871577,38.387
"100569",0.00262024506695728,0.0104734358095185,0.0979108921421473,0.0801979262592985,0.0777240785044031,0.0450468554569409,0.00888663558051924,38.387
"100570",0.0026238631537861,0.0109085778995425,0.0794540702339893,0.0615090376852586,0.0776951357988315,0.033017271585004,0.00710579430153463,38.387
"100571",0.002634570398081,0.0116383304566264,0.045381555979554,0.0352992274368174,0.0840837276923728,0.0169328019224387,0.00137554155505875,38.384
"100572",0.00262444032371952,0.0100700214574808,0.0802405099322037,0.0601948858229713,0.0627479217127613,0.0349302732985063,0.00338160708973136,38.387
"100573",0.00262964128249881,0.0117146871014116,0.057176149961375,0.043651093122353,0.08664643944137,0.021162726214489,0.000436382078178241,38.387
"100574",0.00263055346558908,0.0120298035885764,0.054889038613987,0.0417878194509828,0.0917194943939124,0.0195164083421392,0.00037938848011173,38.387
"100575",0.00262954946541939,0.0122829830150721,0.0602578915812925,0.0444881952518322,0.0954167107999584,0.0204406218259037,0.000681669047246815,38.386
"100576",0.0026295854462775,0.0119512472390066,0.0628153625257763,0.0451191886146517,0.0879530315646878,0.021638949412272,0.00099212303884775,38.398
"100577",0.00262848507141914,0.0119039766757251,0.063476998618036,0.0469961709662465,0.0891753365279101,0.0226000711685997,0.000447719771824319,38.389
"100578",0.00263216123723932,0.0112394651137381,0.0544156109863331,0.0399050195817537,0.0755734822096402,0.0203754592546243,0.000315271404141642,38.401
"100579",0.0026301120654899,0.0110526606872886,0.0584303170197759,0.0434128047139596,0.0739555534808982,0.0226514785515406,0.000448633177156259,38.387
"100580",0.00262971064502165,0.0107344579110863,0.0609945827646933,0.0446540626354041,0.0684413959602657,0.0241541242326459,0.000911750426169411,38.392
"100581",0.00262843177044529,0.0116055216327307,0.0588027220993536,0.0459246984808321,0.086486104051257,0.0225161282849675,0.000886372467304144,38.666
"100582",0.00262900145715919,0.0110466058480193,0.0553175136843667,0.0441851236122811,0.0776758427688567,0.0227874039622034,0.000464771063735261,38.668
"100583",0.00262455443384306,0.0108448836692376,0.0732155673538094,0.0579628516960667,0.0771363228197582,0.0310391414987148,0.00111916218110314,38.668
"100584",0.00262171364425818,0.0104761082346402,0.0919711438398552,0.072193269020457,0.0736807855957688,0.0405644276554703,0.0019066337479079,38.668
"100585",0.00262018437592143,0.00985159300269621,0.103776521015122,0.0821404895268595,0.066518182335298,0.048813967050158,0.00227094508587904,38.668
"100586",0.0026127978099454,0.00652800854926484,0.253518646632592,0.189219134285402,0.0364954610290385,0.143686057358811,0.0123268952992297,38.668
"100587",0.00261319388959031,0.00839595253620366,0.227757729514693,0.17627149249814,0.0583695330787462,0.120965784958284,0.0166486207254169,38.668
"100588",0.00261663123831789,0.0097040169671092,0.144193340659529,0.115754185655307,0.0708455505787534,0.0708838974144066,0.0139318526743118,38.668
"100589",0.00262473947977408,0.0114139568550806,0.0714964135255859,0.0569395264393337,0.0868319574417058,0.0288400625628538,0.00680919112902284,38.668
"100590",0.00262717066701922,0.0117870145983854,0.0677657066501219,0.0504400175047787,0.0881496132337436,0.0246868718501371,0.00571699290696394,38.668
"100591",0.00262617701080148,0.0113168679109433,0.0685912000039468,0.0527687022587671,0.0822803987522877,0.0269912032308367,0.00345347468687436,38.668
"100592",0.0026235120760439,0.0111858383571766,0.0877543002878509,0.0646284519010162,0.08005174673467,0.0342862088124217,0.00367901906498786,38.668
"100593",0.00262721825091028,0.0118948423860075,0.0684899412291468,0.0505148195246415,0.0895959221577785,0.0244935409627399,0.00174161363807225,38.668
"100594",0.00262532499893591,0.0124115419855735,0.0798006793210196,0.0573847907732693,0.0992070834324285,0.026864328224123,0.00251386477555068,38.669
"100595",0.00262884401361816,0.0120376436758626,0.0638358959315945,0.046483310239882,0.09057659876178,0.0220905313693582,0.000939488108577284,38.668
"100596",0.00262786731061858,0.0118220450956003,0.0653387480358091,0.0485344065360438,0.088235350992708,0.023595851604841,0.00071833521691021,38.666
"100597",0.00263133032587715,0.0114457946540149,0.0534693341310276,0.0405590272748013,0.08088190962488,0.0201507010436976,0.000361564090179922,38.67
"100598",0.00262905756080297,0.011207735139081,0.0594102767425775,0.0451470543240981,0.0780475295707723,0.0231511110841313,0.000400663283854126,38.668
"100599",0.00262723150481702,0.010553889632628,0.0699635167606685,0.0510554768621919,0.0667923985682756,0.0282998198682918,0.0014080488049984,38.663
"100600",0.00262640368499604,0.0115017110666515,0.0641081724816356,0.0510856207486918,0.0870125953922918,0.0254303763361656,0.000845515857497306,38.938
"100601",0.00262367080975768,0.0110331921940875,0.0794031848962713,0.0620534066169024,0.0804029772545908,0.032901373342305,0.00190472666976301,38.948
"100602",0.00262284688035257,0.0105986371858882,0.0843901064135189,0.0660563474507258,0.0742449215073844,0.0365384711187321,0.00207527111342362,38.948
"100603",0.00262246018785102,0.010164001893249,0.085894529346851,0.0678647001282201,0.0683998834795771,0.0389415759926269,0.00190186787248759,38.948
"100604",0.00261978893436686,0.00915751495259231,0.10799673975248,0.0853709414509191,0.0572740225619223,0.0535004863379437,0.00352220036022916,38.948
"100605",0.00261635169480455,0.00902315570638734,0.154578660099509,0.120975083854955,0.060317411940629,0.0780283773415577,0.00884495417835262,38.948
"100606",0.00261334709820559,0.00773967752944809,0.23800017250643,0.176619608198343,0.0475501550408295,0.12634842380808,0.0219077810246719,38.948
"100607",0.00262994502070221,0.0117749074173759,0.0495004964054148,0.0411803657496243,0.0915252553426797,0.0194281631127866,0.00302172428328539,38.948
"100608",0.00262457112960583,0.0113411830361432,0.076688189185601,0.0587338486305016,0.0837566282546777,0.0302512618696801,0.00709834735829035,38.948
"100609",0.00262838166367511,0.0121331496725946,0.0595272802729066,0.0461221962438757,0.0956812773952891,0.0214178756817558,0.00336630688699759,38.948
"100610",0.00263032357834756,0.0118761465666948,0.0537028953464108,0.0418010878234793,0.0900883315862322,0.0197701013033781,0.00127644414046628,38.948
"100611",0.00262706564731582,0.0116794797401619,0.0675558375001124,0.050612167547334,0.0866364154187469,0.0250165051138938,0.00196914228310376,38.948
"100612",0.00262445478199422,0.0124147871111999,0.0831449538119077,0.0604881582303015,0.100640500397544,0.0284149776135147,0.00259800098551867,38.949
"100613",0.00262492118745584,0.0126066380029873,0.0775560058221281,0.0578159523634643,0.105327332185608,0.0263610489189938,0.00102523929677511,38.963
"100614",0.00262588178384152,0.0123127473766712,0.0708071051415,0.053837327920924,0.0998860005523603,0.0250064706977553,0.000588489385828599,38.949
"100615",0.00262927209375451,0.0114627548816142,0.0585542731304326,0.044577991364244,0.0823148536412199,0.0222379130439225,0.000329953122682237,38.948
"100616",0.00262868574081516,0.0111561756633045,0.0599548337965886,0.0458824476224564,0.0777144305144854,0.0236392095353835,0.000457357754325854,38.948
"100617",0.00262622052455103,0.0103487497993712,0.0711936913588416,0.0534796052770679,0.0656479073835602,0.0301079880489186,0.00290830659513969,39.225
"100618",0.0026230472106036,0.0101150286213836,0.087341085383564,0.0662162287448544,0.0650896062237785,0.0383815515362203,0.00379451347468116,39.227
"100619",0.00262217369515663,0.00983084910725581,0.0909517083626264,0.0702658811208335,0.0627166053247987,0.0416701666803272,0.00347803299510833,39.227
"100620",0.00262270646996837,0.00998790496803686,0.0859482102508348,0.0670372425901157,0.0649174623798943,0.0390928053200244,0.00322396024462593,39.227
"100621",0.00261854626438358,0.00935301518536902,0.122009027514992,0.0960831597809482,0.0614640272660749,0.0597796959145781,0.00498086507210576,39.227
"100622",0.00261408634746994,0.00773441470360434,0.212068104725396,0.160071044163326,0.0468499100541774,0.113594286406776,0.0154344258820486,39.227
"100623",0.0026199118625947,0.0106944280200643,0.104437207603854,0.0835241005719994,0.0804908693874709,0.0464315376830125,0.00842346443031259,39.227
"100624",0.00262792926205429,0.0119562170956192,0.0607822658057983,0.0472324291198688,0.0928468799195824,0.0223906282751071,0.00450494929046978,39.227
"100625",0.00262622536992707,0.0119537323095674,0.068287729017061,0.0524844993226147,0.0934535625763175,0.0251875267765009,0.00480221811103935,39.227
"100626",0.00263069370764015,0.0121282198766204,0.053601600408044,0.0412724396700685,0.0939945751515528,0.0189994281550432,0.00200713976305016,39.228
"100627",0.00262910453054419,0.0120215478236809,0.0582323589510629,0.0446609822953663,0.0926825955452219,0.020971674941428,0.00145005574274527,39.227
"100628",0.00262598801978881,0.011661014445089,0.0748550731360931,0.0547146567252566,0.0858058452818777,0.0274064777050356,0.00307865230835186,39.227
"100629",0.00262474584272555,0.0116055216327307,0.075462759303962,0.0579138589148271,0.0883160721388984,0.0290403400396431,0.00149521840446156,39.227
"100630",0.00262644809552275,0.0121339711979996,0.0666756034434896,0.0515618805201386,0.0969401798738601,0.0242178160444016,0.000305046121265461,39.205
"100631",0.00262714431910667,0.011569710159089,0.06516959941602,0.0498664001662011,0.0856959811031894,0.0247914194293705,0.000668171041839512,39.226
"100632",0.00262758449888657,0.0113083294673611,0.0630759710388163,0.0485417027000818,0.0811854241389776,0.0247017880676215,0.00059269347813692,39.222
"100633",0.00262376365216116,0.0106543154336799,0.0884641966069395,0.0641133363053231,0.0704164275901919,0.0357376535672159,0.00428761422910261,39.246
"100634",0.00262259050949779,0.0101644547417908,0.0929303633995287,0.0691819783497893,0.0653571998571506,0.0401700965628317,0.00543063469077723,39.476
"100635",0.00261898854005625,0.00980084306401756,0.126410092867951,0.0943696906818775,0.0643207365663576,0.0573693256099986,0.0075983676259975,39.505
"100636",0.00262132010816776,0.00987599389285503,0.099171970015735,0.0757504808353172,0.0637169552329831,0.045024028379962,0.0051154529862026,39.505
"100637",0.00262058711668336,0.00939704724890472,0.101582751167092,0.0797168969222359,0.0591608838938952,0.0490156553051307,0.0045315745972849,39.505
"100638",0.00261621304503206,0.00865092288444189,0.157317093386949,0.1229938680987,0.05563163455065,0.0812755113635803,0.00995666160067319,39.505
"100639",0.00261737403027659,0.00982485193759526,0.1403646672893,0.108779252946011,0.0692457102709992,0.0661931618425822,0.0126818670038414,39.505
"100640",0.00262753260246053,0.0114932485189602,0.0644518353613987,0.0489587376933754,0.0837665337672001,0.0245281621480058,0.00499019570793577,39.505
"100641",0.00262813445508099,0.0116252971592463,0.0623308559723242,0.047325707429302,0.0856660267410369,0.0233321091503412,0.00437738503692506,39.505
"100642",0.00262645551452956,0.0119338437683763,0.0687755678474337,0.0521172565673709,0.0922006025333804,0.0251119743270392,0.00373788239718859,39.505
"100643",0.00262694608639186,0.0118566024994365,0.0672918510149967,0.0507471539192268,0.0902052276695301,0.0246123864213497,0.00295817701277742,39.505
"100644",0.00262455443384306,0.0109033504926828,0.0831344554570094,0.0604629850761857,0.0738939362914319,0.0328161591945248,0.00472321204126087,39.505
"100645",0.00262523152553286,0.0110695181159685,0.073485494887966,0.0562557222190085,0.078618337708817,0.0296301070510036,0.00232970618059741,39.505
"100646",0.00262408284285973,0.0108667199069416,0.0795559074900342,0.0609086923245014,0.076257636896355,0.0328648338307796,0.00182737199280591,39.506
"100647",0.00262400714455925,0.0109233813998352,0.0816009908872336,0.0616363505702228,0.0765741316137311,0.0332008569889899,0.00152827409623133,39.51
"100648",0.00262529821204437,0.0114126823260845,0.0724767478747192,0.0557761955209507,0.0846249186904711,0.0283875290614399,0.00108667264712231,39.516
"100649",0.00262942928419315,0.0115410169673287,0.0540702025864432,0.043161800946507,0.0857808718019327,0.0211181861638379,0.000436382078178234,39.509
"100650",0.00262773610286693,0.010902043425288,0.0619519615113109,0.048032653755132,0.0747249124287034,0.0253897867668909,0.0009955468486876,39.505
"100651",0.00262295291267805,0.0103939821148683,0.0919711438398554,0.0676392087159397,0.0678472311922011,0.0385721337315556,0.00412502009036387,39.505
"100652",0.00262376948062328,0.0104841232582673,0.086550997375813,0.0636528378550609,0.0685106031174243,0.0358864456084858,0.00410104746352154,39.507
"100653",0.00261952451475667,0.0105090373386323,0.119572303157801,0.0894430623943112,0.0743778792542977,0.0513568079729377,0.00909442642494845,39.78
"100654",0.00262120687484638,0.0108160226979122,0.0978991581389371,0.07574079832586,0.0789721968937934,0.0416269714102867,0.00601768118756688,39.781
"100655",0.00262383575086298,0.0101662660248509,0.0816424608898783,0.0622754283101366,0.0654343747660379,0.0357893576727707,0.00500420831481735,39.781
"100656",0.00261610043668512,0.00876827056466229,0.168295680272196,0.126732431326715,0.0552803577863749,0.0838348322976922,0.0133455374241661,39.781
"100657",0.00261632382584407,0.00943294623021189,0.159776995822261,0.122428043141261,0.0648314506197809,0.0772674172207672,0.0157789627239839,39.781
"100658",0.00262054777887603,0.0104283934461499,0.105371904743305,0.0806707185684455,0.0730331951980102,0.0460671152103312,0.0109559025359308,39.781
"100659",0.002624450649141,0.0113952558980263,0.0771561841463231,0.0591714191906459,0.084863628521798,0.030331705741858,0.00660844534500725,39.781
"100660",0.00262267296325524,0.0114898625388672,0.0926023387599314,0.0685803929189324,0.0863609147432016,0.0355313659929903,0.00749085612408602,39.781
"100661",0.00262600463688109,0.0116034167612325,0.0707694660911629,0.0536582770515561,0.08664643944137,0.0267957808912333,0.00361798814820359,39.781
"100662",0.0026207547626192,0.0107586119794349,0.106610422770313,0.0799471605377682,0.0769151177932591,0.0445918685111009,0.00628065591989604,39.781
"100663",0.00262481180716818,0.0113761124188652,0.073254087041361,0.0572145204633497,0.0851374409062335,0.0292023893306395,0.0023233738297067,39.781
"100664",0.00262251734125951,0.0109755410049868,0.088005049366456,0.0680635274660573,0.0800809952779774,0.036597561801932,0.00331808902694523,39.781
"100665",0.0026231038095093,0.0113752611858456,0.085070722730133,0.0652430097483381,0.0858058452818777,0.0337807721976139,0.00287177405922914,39.781
"100666",0.00262061780934855,0.0111591869008223,0.103349821249152,0.0796868936664577,0.0852769554689602,0.0427530621987809,0.00329411276269567,39.781
"100667",0.00262440323134621,0.0112873952560823,0.0731481910794309,0.058281947206538,0.0849731162355664,0.0299309966630923,0.000787892844327001,39.785
"100668",0.00262874331098075,0.0106794506113957,0.0590518876446552,0.0456154327484229,0.0704443859043685,0.0245875933514405,0.000737034774363932,39.781
"100669",0.00262477984005582,0.0103047566907892,0.0753841601925005,0.0580118708224145,0.0671403084948919,0.0327736107830963,0.00177180406849174,39.781
"100670",0.00262482675664086,0.0098925491605415,0.0751486972253736,0.0578893724017313,0.0611134825674709,0.0338801905031812,0.00251825788001733,39.781
"100671",0.00262269764261758,0.010066834940831,0.0908847644178038,0.0683080485527393,0.0642891461751955,0.0398831166312808,0.00384203691649785,39.791
"100672",0.00262238100654634,0.0112531709102918,0.0910186858629591,0.0692734192441491,0.0840539728471112,0.0365056721712858,0.00712442903490301,40.051
"100673",0.00262142191270039,0.0114504600957483,0.0970568229080647,0.0744887632048113,0.0890437300806492,0.0387702278800894,0.00755219585440128,40.057
"100674",0.0026249061106652,0.0107366549718511,0.0765094699878749,0.0579056960121919,0.0729152389047588,0.0315743693944273,0.00590358078124568,40.057
"100675",0.0026184591620094,0.0101136663897072,0.13114693027129,0.0987761901806185,0.0701929016941618,0.0587905705383394,0.0106060044152872,40.057
"100676",0.00261383652900004,0.00876581419198698,0.227716039897168,0.166876587083178,0.0582300161312933,0.112907182120491,0.0237551007260641,40.057
"100677",0.00261966332198617,0.0103290105580368,0.106299869422254,0.0853709414509191,0.0752298345192095,0.0488945716893746,0.0104038104501239,40.057
"100678",0.00262288271034725,0.0112501735532072,0.0855622170121648,0.0661273754635434,0.0842871516081439,0.0346198103573403,0.00821965108936246,40.057
"100679",0.00262174437681642,0.0108968142923371,0.0971501711438007,0.0733068525097129,0.0783424256396953,0.0400999670748899,0.0095259828250729,40.057
"100680",0.00262297641229572,0.0111570360625561,0.0854338152781441,0.0657904244970377,0.082413324141962,0.0347462928841403,0.00603823438917871,40.057
"100681",0.00262192893139256,0.0107858044421028,0.0935660268865693,0.0716966228742867,0.0771315116385835,0.0394103552492403,0.00567871168326512,40.057
"100682",0.00262243085945653,0.0114432494261084,0.0885408793254002,0.0684259798464159,0.0881143179750063,0.0353131108611475,0.00422733918146799,40.057
"100683",0.00262423580253274,0.0116244560250285,0.0766484492780875,0.0596027427469859,0.0897887116870422,0.029834250328654,0.0025957688253008,40.057
"100684",0.00262351967412591,0.011296796932623,0.0835550938981838,0.0635402075995074,0.0835932468117929,0.0331150940927324,0.00351178253651796,40.057
"100685",0.00262208983593184,0.0105609853119317,0.0889249716745633,0.0699432665560556,0.0746916106428479,0.0389278484477807,0.00302775477086745,40.057
"100686",0.00262169266557551,0.0106340070672752,0.0921962333106541,0.0723060200054731,0.0761618204883276,0.0401139860310448,0.00272913639446891,40.057
"100687",0.00262342318525003,0.0106410732678903,0.0834603242399267,0.0639219297630011,0.0732740339582723,0.0353003019657484,0.00210625748838689,40.057
"100688",0.00262372293821955,0.0108308957608968,0.0793116471953793,0.0619085110951287,0.076967994313014,0.0334282730783529,0.00134741442976868,40.057
"100689",0.00262528484273696,0.0102010986633564,0.0689048258491334,0.0550696976064571,0.0669205019186449,0.0311503575257257,0.00146086385507039,40.057
"100690",0.00262142663396203,0.0102227794018395,0.098675657577109,0.075113122028537,0.0685429082116911,0.0438408031129399,0.00392007624119196,40.062
"100691",0.0026230563199966,0.0111755258173968,0.0870266296625566,0.0659233007159733,0.0817838291648423,0.0348731022896711,0.00771248171909198,40.331
"100692",0.00262608809644845,0.0113969566832762,0.0699168523661158,0.0532858264010699,0.083256936121393,0.0271131893846225,0.0047732732255314,40.331
"100693",0.00262085897088678,0.0102845210927505,0.10555705476557,0.0792975045645756,0.0694449866355062,0.0459049447050212,0.00879506804726084,40.331
"100694",0.00261757805807623,0.00895968827814998,0.144651993886884,0.108499156529483,0.055092190760479,0.0703711465415156,0.0123589536779994,40.331
"100695",0.00261825026139651,0.00935348925519444,0.128234192931373,0.0995921954114983,0.0611888566619251,0.0622322079025727,0.0119867639726258,40.331
"100696",0.00262101865636133,0.0102295494397555,0.0995393838546316,0.077084435903012,0.0699928721628066,0.0444861750297477,0.0108009592417167,40.331
"100697",0.00262239645422864,0.0109950656776939,0.090661860165803,0.0691728384839715,0.0798276328263857,0.0372719943659359,0.00936670684335436,40.331
"100698",0.00262275071215476,0.0110833392988839,0.0856371786504587,0.0666259315513916,0.0819410436758427,0.0353900333593926,0.00712070010244981,40.331
"100699",0.00262201489976218,0.010878065203726,0.0916678667956578,0.0708675294179167,0.0790110099664509,0.038551682228206,0.00643197883979807,40.331
"100700",0.00262197348581761,0.0112090224511512,0.0933954706122379,0.0714071414773276,0.084004389672715,0.0378407058642751,0.00538363575419439,40.331
"100701",0.00262029613432785,0.0109359991884764,0.109965745018972,0.0829381165268488,0.0807058590077933,0.0456739744041428,0.00636841139296947,40.331
"100702",0.00262139990662844,0.0105081481104453,0.0978639618724708,0.0749687450462909,0.0732882096300317,0.0423073499792124,0.00511230230531476,40.331
"100703",0.00262255909269953,0.010633565343876,0.0855087003381253,0.0673333057589843,0.0754015894854942,0.0371457033002434,0.00304104336875253,40.331
"100704",0.00262145342573138,0.00996411316945943,0.0957447928082458,0.0743068838237524,0.0656388159038264,0.0436916723597354,0.00427466160982698,40.331
"100705",0.00262069859908656,0.0101050365743071,0.102887901074904,0.0793972323160945,0.0683261053967857,0.046392672640736,0.0045226906284979,40.331
"100706",0.00262255560741798,0.0100463369078209,0.0838715217459338,0.06701932602347,0.0670853330782786,0.0387291839162853,0.00203859308671566,40.331
"100707",0.00262328651434587,0.01047521746799,0.0771661625502418,0.0627553428339707,0.0737186632184976,0.0350575575593794,0.001261711135865,40.331
"100708",0.00262325307123579,0.0102543518330481,0.0794642499643873,0.0634969220374969,0.0695099107792159,0.0369336879648135,0.00161734324777434,40.323
"100709",0.00262607852648377,0.0110850662792385,0.0690434999506752,0.0531311251932167,0.0784779187459816,0.0278100274207381,0.00578555780250089,40.605
"100710",0.0026242886174121,0.0106746025019834,0.0790273226188581,0.060219987951635,0.0727737799244851,0.0330600437167172,0.00655650156190237,40.605
"100711",0.00262198672149941,0.010283621223986,0.0931116806212306,0.071453781662543,0.069264239106972,0.0409330394441861,0.00793148552806937,40.605
"100712",0.00261998904368264,0.00964072384506154,0.107046234125384,0.0839989143050796,0.063299092027336,0.0508574938613496,0.00755027513663777,40.605
"100713",0.00261665989147221,0.00937954275517382,0.152760587830166,0.117742928697583,0.0637889431605984,0.074297754109682,0.01428820345395,40.605
"100714",0.00261785644539657,0.0102462383267086,0.134249793070102,0.103606483260992,0.0745822272676309,0.0610160909972869,0.0149248723002779,40.605
"100715",0.00262026206334155,0.0107098338829091,0.110016551107571,0.0831639749803954,0.0771796282012204,0.0466418074233006,0.0123293598248732,40.605
"100716",0.00262152148286801,0.0110176037667983,0.0941932137095566,0.0734396924496246,0.0823443904422977,0.0395212342344233,0.00894515698898569,40.605
"100717",0.00261997522195125,0.0111105220539494,0.109876872796069,0.0844961982043237,0.0851772940085877,0.0457816578787469,0.00886578242133551,40.605
"100718",0.00261937040286526,0.0109546935795476,0.117806573911945,0.0897770771171173,0.0828914932865373,0.0496079619430428,0.00875774761997607,40.605
"100719",0.00261676697019539,0.0102331591177669,0.15799869772253,0.117909630496433,0.0743161384633146,0.0706638242357116,0.0127269119703028,40.605
"100720",0.00261620517429749,0.00979160025397003,0.166638573931746,0.125100538193061,0.0690373810840982,0.0775353884897535,0.0126194393008353,40.605
"100721",0.00261771468840662,0.00976800930440418,0.137092139517413,0.105436371231363,0.0674016579999352,0.0643721568730809,0.0081895982963327,40.605
"100722",0.00261991735777813,0.00970169404464454,0.109433244916708,0.0849536825998284,0.0637124569371389,0.0513401084786238,0.00593072767595343,40.605
"100723",0.00262100197809959,0.00964631772552311,0.0969985112747915,0.0766153793445895,0.0624484048657168,0.0460980507617462,0.00423163014923217,40.605
"100724",0.00262031748188439,0.0097300128135185,0.0982163123461877,0.0800674657655767,0.0660574821963429,0.0477032826189544,0.00300487144823627,40.605
"100725",0.00262131854920587,0.0104145470651072,0.0883109668081167,0.0728525615024302,0.0757072717311506,0.0407980805609923,0.00144508115040989,40.605
"100726",0.00262502947700004,0.0104382137700666,0.0677839770861471,0.0553627148115644,0.0717299918682614,0.0305045953729059,0.000645979402130968,40.63
"100727",0.00262273476467961,0.0107027927182732,0.0891559705993265,0.0676301989833669,0.0744301355500765,0.0382390531932867,0.00295340886890695,40.658
"100728",0.00262308369303567,0.0110245334554258,0.083607775345104,0.064996742781263,0.0805739096407215,0.0346387619173362,0.00778838806397732,40.877
"100729",0.0026207859225997,0.010566748618489,0.101294256306487,0.0785124544583386,0.0755734822096402,0.0441476474609926,0.00959962168441426,40.877
"100730",0.00262054777887603,0.0102737198032985,0.101715164684435,0.0797769249803769,0.0719129757215361,0.0458741009852917,0.00871430913139566,40.877
"100731",0.00261869051013786,0.009967775481455,0.118353106404001,0.0941360371313903,0.0706355388604615,0.0558750141994131,0.00943756658059116,40.877
"100732",0.00261740576610892,0.00961412845481449,0.137920164572138,0.10797672903729,0.066673522804702,0.0665135398986177,0.0129483012365575,40.877
"100733",0.00261794352722415,0.0105481224579264,0.12955006347078,0.10175018563264,0.0802468080135277,0.0583323598101679,0.0137384615841662,40.877
"100734",0.00261820541503074,0.0104132065547222,0.127966483088918,0.0996037189393835,0.0771026467688365,0.0576679216771246,0.0152196828874381,40.877
"100735",0.00262055796419912,0.0111376682293142,0.0996937359685222,0.0790385852692542,0.0865361976366668,0.0422345976680886,0.00991911455242276,40.877
"100736",0.00261736419965282,0.00999521924265248,0.142504930478707,0.109353052609674,0.07125219478608,0.065903764518938,0.0144293555740894,40.877
"100737",0.00261850020852959,0.0107014722158746,0.128121426581774,0.0976341168767277,0.0800517467346701,0.055441847419219,0.0107572243681718,40.877
"100738",0.00261900878049537,0.0108872239570832,0.120651161459827,0.0925877437714528,0.0827237768305986,0.0515156450671885,0.00987503392220506,40.877
"100739",0.00261775532910055,0.00987599389285503,0.133147321550425,0.10412723046663,0.0698673749025272,0.0628466569792352,0.0108309351041224,40.877
"100740",0.00261642067227776,0.00834202347274898,0.15341277033366,0.120207274607461,0.0515226173788334,0.0808025949481875,0.0115701941318032,40.877
"100741",0.00261654572027926,0.008555115349347,0.156669809777403,0.119882868832409,0.0526792760289087,0.0798740294330125,0.0129432480965538,40.877
"100742",0.00261807544467827,0.00900331835794536,0.129223781783892,0.101085739029845,0.0571094609290085,0.0646567783148088,0.00790393948448045,40.877
"100743",0.00261773499014927,0.00944568170773057,0.128657668430031,0.103228800135846,0.0650533520867766,0.0638640247202801,0.00654935326239294,40.877
"100744",0.00261749931128827,0.00969286414384182,0.129039609356259,0.104982946569401,0.0697883987688186,0.0657942278858205,0.00442847993510277,40.877
"100745",0.00262079186775527,0.0105054801771734,0.0956523660083679,0.0770452783123619,0.0766125259406956,0.0431725431005429,0.00164553777372017,40.877
"100746",0.00262308003940161,0.00992469636493724,0.0850174155167697,0.0655516767045132,0.0630927647911331,0.0384699529971054,0.00267560818703656,40.874
"100747",0.00262065005477774,0.00925745654524174,0.112151993940296,0.0820895266646202,0.0538152649973185,0.0516999959385941,0.00749850967694306,40.83
"100748",0.00261914253191879,0.00944568170773057,0.132079799536623,0.0948939649686145,0.0571094609290083,0.0596032028631632,0.0108517123762318,40.847
"100749",0.00262009744758678,0.00957111684791614,0.113275566592236,0.0850266090743757,0.0599251577625622,0.0525693115436058,0.00816159953384446,40.875
"100750",0.00262059733815286,0.0105906700029644,0.103288961795912,0.0798870510522841,0.0760708341657149,0.0449100158471132,0.0105057959628361,41.148
"100751",0.0026197821447527,0.0104127596968059,0.10699636585246,0.0849016166186706,0.075731171477191,0.0483963390292548,0.00962785393994441,41.148
"100752",0.00261808010195539,0.0102773209277844,0.126913448023901,0.1002041112442,0.0759894577914371,0.0584787110726866,0.0109373428328132,41.148
"100753",0.00261719839804949,0.0100654691207686,0.137772053981606,0.109426441832677,0.0746012464117139,0.0652089122381565,0.0125521933579546,41.148
"100754",0.00261814199608572,0.00990725215384885,0.124065273665095,0.0991434388025002,0.0708735687116515,0.0592698073887802,0.0129255700063311,41.148
"100755",0.00261779271427002,0.00941311664017305,0.132194925433322,0.103724689144982,0.0632946041329056,0.0645879951629952,0.0154068092100975,41.148
"100756",0.00261777457239831,0.0100786677761905,0.134104377364688,0.104198370108472,0.0725146895902341,0.0620601635265011,0.0163598925353027,41.148
"100757",0.00261943731704559,0.0103608522544074,0.111368741653217,0.0878912283303529,0.0751249410068034,0.0504852714348092,0.0130648003424925,41.148
"100758",0.00261881797004774,0.0104493670560705,0.121682195969602,0.0940915734441681,0.0763247335965431,0.0541566163601583,0.0133327107894862,41.148
"100759",0.00261780406801885,0.0103810057307615,0.138513690773985,0.105018698085541,0.0757502931848671,0.0615080893144696,0.0144667588746905,41.148
"100760",0.00261878565736425,0.0104306257850681,0.126214711190807,0.0954200875000706,0.074805809935097,0.0552833239084726,0.0130851152332724,41.148
"100761",0.00261850504752568,0.00968635506530978,0.13047519483885,0.0984098077122931,0.0639194941542341,0.0603675579307049,0.0140053862429166,41.148
"100762",0.00261898854005625,0.00933261764406532,0.118046302984886,0.0923788752760241,0.0602159566188885,0.0575049150242145,0.0113233763323961,41.148
"100763",0.00261453903756642,0.00752118383500848,0.195116174448827,0.150280305313244,0.0446600200440102,0.107149934900632,0.0208062754510281,41.148
"100764",0.00261450270764897,0.00808690687514653,0.200953579564609,0.152007966461554,0.0501929152021653,0.105555893787573,0.0211583378462902,41.148
"100765",0.0026177079294042,0.009162310503829,0.132858225149325,0.10455453187318,0.0601321910340236,0.0662131533884316,0.0103879915115817,41.148
"100766",0.00261821130552619,0.00943200248483086,0.117023118719735,0.0969529218888043,0.0657433946631436,0.0610916009969385,0.00528385211217165,41.148
"100767",0.00261858154127918,0.00976754642318673,0.113742725637309,0.0936476708781395,0.0696769565628442,0.0571348404947997,0.00350267981515209,41.148
"100768",0.00262094606151095,0.0097267654260088,0.0936001635626226,0.0759636952041968,0.0649899244491021,0.0468449258416147,0.00265412217409061,41.148
"100769",0.00261940709013461,0.00964957999750373,0.108625195382673,0.087487393324832,0.0655479254752429,0.0559459621610304,0.00383114789248421,41.17
"100770",0.00261988442738657,0.0103249704264665,0.106921593095855,0.0843717022312132,0.0739081540390183,0.048452410242155,0.0103270902803003,41.418
"100771",0.00261808592630136,0.010353681369714,0.126075278766627,0.0999267220131912,0.0774011003243554,0.057940326141333,0.0108447843686295,41.418
"100772",0.00261688554472732,0.0102340614276938,0.143507218354409,0.113335993986117,0.0774974621753783,0.066996163627276,0.0130978201921332,41.418
"100773",0.00261587954822129,0.0101322748203719,0.159727870421229,0.126370115505721,0.0780765183883234,0.0758823258928804,0.0157259198100345,41.418
"100774",0.00261618552186327,0.0100075554013767,0.153110304279535,0.121863876095331,0.0758411444878034,0.0735089393574845,0.0168127004875019,41.418
"100775",0.00261601406576135,0.0103020598761781,0.157009407170993,0.12436924164147,0.0805543680474093,0.0737999981117812,0.0182660149027073,41.418
"100776",0.00261649209974423,0.0103872713067803,0.152570062763573,0.118900095334688,0.0799250464935092,0.0700481129700519,0.0192050819108058,41.418
"100777",0.00261723071348198,0.0105183717340914,0.140754898709416,0.109818379948125,0.0806618674454743,0.0635818804950505,0.0187752651541086,41.418
"100778",0.00261615708754672,0.00977217469187266,0.169946887765928,0.1263567090661,0.0682707902208416,0.0786138574044442,0.0251480100346039,41.418
"100779",0.00261719947371555,0.00989806419261291,0.150437788178495,0.112611872970796,0.0686398556379236,0.0687870120275813,0.0219143848271684,41.418
"100780",0.00261524482189827,0.00902605671797935,0.194441508760508,0.141641797205559,0.0583346428299714,0.0934529448747453,0.0282312786696932,41.418
"100781",0.0026150366457755,0.00763510319454247,0.194891109136651,0.144397627141876,0.0428745510823616,0.102854629392909,0.0273075666079315,41.418
"100782",0.002618870366947,0.00921258064068833,0.125463021546753,0.0949722064396775,0.0570445482602978,0.0600497930945541,0.0166400076185482,41.418
"100783",0.00261741124698997,0.00892664557769942,0.141778994001764,0.109047601068901,0.0562547080688905,0.0705801142517475,0.0179632857910371,41.418
"100784",0.0026155233716659,0.00941453380213784,0.170905164821924,0.132882405022706,0.0670212151198319,0.0842253683042176,0.0195026735570188,41.418
"100785",0.00261690543095588,0.00928699007014186,0.143127001233987,0.113298467055902,0.0635326167513332,0.0714098340461571,0.0130343581056328,41.418
"100786",0.00262045220216569,0.00981377493900287,0.0923991341715718,0.0778702469484678,0.06874147130483,0.0474264599673833,0.00422019248868903,41.418
"100787",0.0026205900361437,0.0101422520753805,0.0913764662818866,0.0768887744343658,0.0734300193994937,0.0454897916319584,0.00307013941652887,41.418
"100788",0.00261934949300429,0.00954910240303026,0.104965353036441,0.0868732915531768,0.0655751879510919,0.0552393466259183,0.00405751560362571,41.418
"100789",0.00261758251118732,0.00939089906933472,0.130275557066861,0.104768599982724,0.0646550259045519,0.0689823473385731,0.00654220892877055,41.418
"100790",0.00261759476646523,0.00904634944198628,0.13467210549757,0.10586707824225,0.0586926156301288,0.0701001439871496,0.00741453921212371,41.418
"100791",0.00261864140298917,0.00901783585044744,0.121043878015196,0.0953191974289441,0.0567981171105554,0.0624237641306171,0.0063842731510823,41.418
"100792",0.0026191784727649,0.00860731148121294,0.110742274947756,0.0895291839619194,0.0520704846809068,0.0603675579307048,0.00550724666327234,41.42
"100793",0.00262127343418647,0.00853219316716987,0.0895308342798556,0.0736868010649137,0.0493927561029759,0.0489833456032201,0.00441969939146888,41.435
"100794",0.0026207681061969,0.00879722720457203,0.0936115443382154,0.0769181034991951,0.0531892046753878,0.0508243289852409,0.00512491095251594,41.451
"100795",0.00261725339041744,0.00997372515836783,0.141100718414773,0.109855169837473,0.0719552260533353,0.0661531915742722,0.0138297589841159,41.687
"100796",0.00261729996925989,0.00977124913473325,0.135607303405882,0.108158789098742,0.0702115193009467,0.0656947610581366,0.0124355714866163,41.687
"100797",0.00261636166499949,0.0101992907897963,0.148996362675196,0.119196970917201,0.0787782322033359,0.0707580819765555,0.0140633007381523,41.687
"100798",0.00261567140607629,0.0105068141904495,0.15884537030739,0.128080093253787,0.0857708831261038,0.0751144036746178,0.0152306581253245,41.687
"100799",0.00261495024129212,0.00965843167555383,0.176049003206835,0.140233545080995,0.0733307424335605,0.087566653204543,0.0201206461666605,41.687
"100800",0.00261379451151189,0.0085127325432424,0.218730827050075,0.165376937093474,0.0569753367137653,0.11276137035247,0.0295115404157023,41.687
"100801",0.0026161404529844,0.00971841225753123,0.158943261571712,0.123825865714277,0.0702860070971185,0.0765338784099198,0.0234191557341232,41.687
"100802",0.00261578066669039,0.00931789719624933,0.171677868952668,0.130515091324635,0.0638024440806417,0.0834573570095789,0.0282989306725592,41.687
"100803",0.00261857058127532,0.0103299082468543,0.124866637679387,0.0964553047637743,0.0747677366841076,0.0561325040512715,0.0220003263788062,41.687
"100804",0.00261814902476701,0.00997601297517187,0.13417707180863,0.101621743515261,0.0689217381046009,0.0611482769048376,0.0247810562617533,41.687
"100805",0.002618759627143,0.0102327079463706,0.124410258573191,0.0951735871129866,0.0724299670213845,0.0558395641217116,0.0206361746606237,41.687
"100806",0.0026202776662392,0.0107910631379378,0.104082039658871,0.0815810035032077,0.080466451517296,0.0450773043063646,0.0145068884906247,41.687
"100807",0.00261837034669692,0.00996594441811328,0.128827324814883,0.0988220488726596,0.0691299445683334,0.0592513242304053,0.0177312556786787,41.687
"100808",0.00261634372509641,0.0090342734636707,0.155187941623257,0.121183839336373,0.0603571282039198,0.0781519705068404,0.0206073601569486,41.687
"100809",0.00261573438210262,0.00934210792372858,0.165428209845283,0.129409608429106,0.0659072007102132,0.0821573155732361,0.0211226723060412,41.687
"100810",0.00261687822719863,0.00920540845506594,0.13910895313829,0.112499773766142,0.0636360030052107,0.0718961308480771,0.0130470379815817,41.687
"100811",0.00261736529151434,0.0088349393094646,0.130760752734516,0.106611470688064,0.0581907981585004,0.0698714120654509,0.00947417608708936,41.687
"100812",0.00261829647712,0.0096612260141058,0.123624643888428,0.0980442905234621,0.066591267852329,0.0608841075655788,0.00814761844014526,41.687
"100813",0.00261879931663888,0.0102548024797197,0.115099659792497,0.0925657434882897,0.0754731947178192,0.0564533142117611,0.00701854352116728,41.687
"100814",0.00261767307332305,0.00894560475998698,0.127586708080636,0.103511980251626,0.0588718907941617,0.0694982642184708,0.00872877642180384,41.687
"100815",0.00261630594699092,0.00838135513619129,0.154722816198606,0.121562792165117,0.0523472809812753,0.0842846525970121,0.0112409213417642,41.687
"100816",0.00261839068743056,0.00922834863556126,0.127460287095704,0.098501322175274,0.0590075679688925,0.0643623581948239,0.00840317164003428,41.687
"100817",0.0026195750318551,0.00889353537430872,0.101450455029721,0.084818353259636,0.0568110778113031,0.0536037095127292,0.00527904795195552,41.687
"100818",0.0026211899118842,0.00832939554830924,0.0865078460219198,0.0732594467291397,0.0482703650546803,0.0478699243073171,0.0044578124290691,41.687
"100819",0.00262049699186571,0.00837430310221931,0.0941132314893307,0.0783639549850701,0.048891884489258,0.0522304938185172,0.00522634887059991,41.687
"100820",0.00262366695809159,0.00863656434761868,0.0742021340402405,0.0610520961580435,0.0483887283817224,0.0419444741457967,0.00359951657585486,41.703
"100821",0.00262206480103525,0.00846672801818025,0.0871349754698817,0.069026705035711,0.0478345284545112,0.0483723225815515,0.00411796194092001,41.703
"100822",0.00262091595308609,0.00855013514609029,0.102912177558647,0.0770550665239993,0.0486625782237652,0.0561502928850024,0.00669126658151718,41.693
"100823",0.00261851594298564,0.00987139249458003,0.122486727175326,0.0962973133557224,0.0688477624010954,0.057776774385088,0.0117450582784897,41.941
"100824",0.00261680220208921,0.00938190927823881,0.143994898716271,0.114339629494422,0.0652346938189688,0.071631549187569,0.0136344982649154,41.955
"100825",0.00261647294023206,0.0098419155149549,0.143127001233987,0.116796864936778,0.0741737285775636,0.0708314550798056,0.0130216845001498,41.955
"100826",0.00261685004757243,0.00999064816663057,0.135578011765801,0.11164270319504,0.0762097233943736,0.0678060392586766,0.0131003619364207,41.955
"100827",0.00261607513510471,0.00923216894516284,0.150422069701975,0.122375492578837,0.0659026486059075,0.0783883059430623,0.0175272770581353,41.955
"100828",0.00261765288443637,0.00948900586709593,0.126563751389545,0.103264170677316,0.0667100920271804,0.0641079631102346,0.0172835016914124,41.955
"100829",0.00261752254444798,0.00922882622189253,0.135022288539409,0.106443092134225,0.0614373788710736,0.0671575877436086,0.0229468353792789,41.955
"100830",0.00261909138882956,0.0095720530140128,0.11296485385309,0.0904258079534153,0.0645736561759773,0.0550461408417165,0.021301306045363,41.955
"100831",0.00262157399689331,0.0108588616476957,0.0896965558217457,0.0720900122157019,0.0812344155415517,0.0390515197882421,0.0168444592163775,41.955
"100832",0.00262215519177066,0.010324072501206,0.0905616747706884,0.0701551640609057,0.0701742858245533,0.0399459874467885,0.0182148803912156,41.955
"100833",0.00262169266557551,0.0107546615405492,0.092376574636995,0.0723342252350168,0.0780282057966541,0.0397297274480475,0.0158965378447831,41.955
"100834",0.00262029186973517,0.0109016077169763,0.101703122240085,0.0808724430080652,0.0830741440049999,0.0441401454133125,0.0144801291314843,41.955
"100835",0.00261792054462427,0.00971376989934086,0.130946593305783,0.102440864143612,0.067218217452527,0.0624621254180991,0.0181488145391622,41.955
"100836",0.00261709988026373,0.00907143908654949,0.139870434893508,0.110962513349714,0.060348301572781,0.0708209699108053,0.0186746717448019,41.955
"100837",0.00261588527991567,0.00903040727276254,0.158405367424188,0.126249490104651,0.0623457019484037,0.081530077731527,0.0202854015932542,41.955
"100838",0.00261375501789797,0.00802926841344269,0.210167604987859,0.163964979562103,0.052927703017758,0.114475736939364,0.0278159109483685,41.955
"100839",0.00261233396335513,0.0067109569036998,0.249504266587808,0.196054936980203,0.0422344970045276,0.149103567496938,0.0249606619563003,41.955
"100840",0.00261458993030648,0.00846322204064855,0.203259700084088,0.151405616400234,0.0537093307141824,0.103223801184776,0.0212265115857058,41.955
"100841",0.00261802318453334,0.010370259894451,0.128262395070783,0.10091134449977,0.0773481192885112,0.0617265973806234,0.010617422354507,41.955
"100842",0.00261837512939959,0.00928699007014185,0.113898736257009,0.0950393031955416,0.063892475899616,0.0634265931458209,0.00870604758826787,41.955
"100843",0.00261502602938059,0.00790394226107353,0.177030547339693,0.140076034158655,0.0494421191260558,0.101766276587552,0.0156340085387885,41.955
"100844",0.0026197239247844,0.00866279589216513,0.109623221567125,0.0862198764930897,0.0507482390469056,0.0579767154480622,0.00854369865035372,41.955
"100845",0.00261998213066692,0.00865834456517016,0.0990063441947616,0.0817943385152862,0.0532229798439593,0.0524844616386003,0.00643729062204432,41.955
"100846",0.00261963783310022,0.00828891510592304,0.101570719395931,0.0841851770632659,0.0495038472965321,0.0553537391205003,0.00667682520154808,41.955
"100847",0.0026196915621425,0.00784713524424774,0.104523061219533,0.0852143170390142,0.0428588997375324,0.0615840298888632,0.00746982934990732,41.955
"100848",0.00262057107335096,0.00853418774607971,0.100420179754136,0.0790783839646868,0.0492324461330069,0.0558750141994129,0.0063596079763835,41.955
"100849",0.00262003061237814,0.00891302016963428,0.111023248176817,0.082559143961134,0.0549939205918154,0.055644873326567,0.00567040698688611,41.955
"100850",0.00261723610854991,0.00986540891010072,0.132410970555075,0.107806982228682,0.0728916556967882,0.0658738780949265,0.0123145764296657,42.214
"100851",0.00261589483932784,0.00898006351050635,0.161453385370209,0.126934002970964,0.0608698492476262,0.0823554844530494,0.0185622120184027,42.221
"100852",0.00261585093410269,0.00891691431337152,0.160121161619778,0.127041591148452,0.0606221382364059,0.083351409319322,0.0207805543506123,42.221
"100853",0.00261644979133059,0.00896745327776352,0.150264946415711,0.119029113834892,0.060057277660726,0.0774013207348819,0.0232350830093417,42.221
"100854",0.00261811743069421,0.00937196767025729,0.127179656893038,0.100215679740748,0.0624216070667086,0.0624045897445107,0.0229096664796221,42.221
"100855",0.0026208634588717,0.00971841225753124,0.0938393576949523,0.0763912678379749,0.0651168014898348,0.0454514865285173,0.018238934608947,42.221
"100856",0.00262293126471523,0.0109446964417206,0.0791084872969264,0.0643400133940389,0.0816856240498453,0.034223521396858,0.0157426603901111,42.221
"100857",0.00262209986569923,0.0108190857195715,0.0896302421722131,0.0700353458275668,0.0784972816277212,0.0381848667925757,0.0177995153144706,42.221
"100858",0.00261811626226875,0.0104810067057829,0.134555515334221,0.10182028845472,0.0767037396015389,0.059066717068361,0.0231195643471897,42.221
"100859",0.00261805799727382,0.0102813713623068,0.131161248032306,0.10142344492091,0.0749010228928683,0.0594548635982823,0.0197148758925123,42.221
"100860",0.00261943731704559,0.0108160226979122,0.107796157861428,0.0868838562193306,0.0836526452590088,0.0479096615740189,0.0135283526690575,42.221
"100861",0.0026186855896362,0.00933451612509511,0.116784806419726,0.093880553295734,0.0620602330853663,0.0582045153790404,0.0162803038616098,42.221
"100862",0.00261605959354373,0.0087269530333561,0.158063717063581,0.124581701309695,0.0573476961600051,0.0822855038897376,0.0227108289842458,42.221
"100863",0.00261485579364543,0.00868503366301128,0.184493104035537,0.143654587757761,0.0585571938729773,0.0959775900224218,0.0289685624860561,42.221
"100864",0.00261577404276678,0.00877367325096617,0.154482606839929,0.126383522849749,0.060577941534869,0.0855364605959579,0.0189803458164421,42.221
"100865",0.00261317666385833,0.00736635328705564,0.234793035503041,0.178533708195475,0.0451890820031563,0.131069790230637,0.0325775235340593,42.221
"100866",0.00262124707235773,0.0103738425210452,0.0938051616610889,0.0746037800975131,0.0733023862665366,0.0442377424740004,0.00904172345184962,42.221
"100867",0.00261608096880969,0.00918147890361153,0.157933696588734,0.124249834390487,0.0632901163504285,0.0835280417601493,0.0177431173377613,42.221
"100868",0.00261484013031112,0.00755375250367101,0.178545161126237,0.14262421545475,0.0463462313460407,0.105862199130822,0.0183081804211026,42.221
"100869",0.00261848691215685,0.00886768174277511,0.119922208745061,0.0955771625272415,0.0563925425566457,0.0660533406815163,0.00943971808548716,42.221
"100870",0.00261943994936519,0.00858546009408,0.108965594213535,0.087317711174833,0.0514975730773006,0.060912372693498,0.00971062078295311,42.221
"100871",0.00261926754105959,0.00777331307853086,0.1085244756478,0.0884564483004339,0.0427728532871725,0.0643329684973204,0.0103518799081458,42.221
"100872",0.00262079781609383,0.00836573551831149,0.0961035208563851,0.0764789139316033,0.0482662853799392,0.0534059888185363,0.00671295840677326,42.221
"100873",0.00262022385798316,0.00874959261225299,0.108122232355376,0.0817841716712608,0.0519490254160445,0.0583780666853398,0.00759258832704382,42.221
"100874",0.00261999596100376,0.0088153596956634,0.116032330360099,0.0842680447322593,0.0520914360181488,0.0609783607925488,0.0074927691396359,42.193
"100875",0.00261871267942426,0.00987139249458003,0.121736626459205,0.0948716177931943,0.068068102805568,0.0573422349199402,0.0154068092100975,42.461
"100876",0.00261755693016871,0.0093847486720063,0.138112870317279,0.106936678810591,0.0625645754135976,0.0677958732478829,0.0204317164366236,42.487
"100877",0.00261546801926252,0.00894268940397826,0.174618435261579,0.13449427220259,0.0600528720149705,0.0893461370833407,0.028186223085984,42.487
"100878",0.00261863038375377,0.0100613710479616,0.119102374677486,0.094681801897047,0.0721243146660114,0.0569908797703854,0.021726573122125,42.487
"100879",0.00262123159456312,0.0109251222615996,0.0911974566475609,0.0738772439058861,0.0831926957575044,0.0405008689627862,0.0171316596373795,42.487
"100880",0.00261940971529781,0.0107027927182732,0.11331444653866,0.0884778224785955,0.0800419980556235,0.0495998140916509,0.0227612973204145,42.487
"100881",0.00262287732848206,0.0116252971592463,0.0827780479989419,0.0653575493442371,0.0920008863543366,0.0328952814269593,0.0151402327466714,42.487
"100882",0.00262102320932637,0.0113335076798934,0.0959992799252054,0.0759539953743031,0.0891803996799104,0.039778487700857,0.0151238211910076,42.487
"100883",0.00261749268216761,0.0100358512361133,0.138454260070907,0.107359182730667,0.0722418194435613,0.0643329684973204,0.0210158592939391,42.487
"100884",0.00261754360692406,0.00926317675760685,0.13568055135115,0.106455113562072,0.0616195572484386,0.0677958732478827,0.0202504924955937,42.487
"100885",0.0026176070352929,0.00893880144814794,0.131318813631835,0.104947202793034,0.0581036803961209,0.0682135655359096,0.0193721908420468,42.487
"100886",0.00261765064349234,0.0094202012755364,0.128544648701361,0.103807484263339,0.065184807138882,0.0655060675212267,0.0188853168974556,42.487
"100887",0.00261770117451599,0.00870674697973658,0.130432397798659,0.104091672229939,0.054865834905096,0.0682237758583191,0.0221959822244854,42.487
"100888",0.00261775759128677,0.00913159502939086,0.127572657091664,0.102863755546627,0.0609052655387369,0.0667444887865192,0.0221527959347267,42.487
"100889",0.00261825499262439,0.00996457099899981,0.118606961718598,0.0969642502959036,0.0727926355373381,0.0605268860210196,0.0156534819721374,42.487
"100890",0.00262072960172546,0.0105600984956379,0.0981340201303711,0.0779589680007256,0.076838229317318,0.045812457576261,0.0115225189448594,42.487
"100891",0.00261617178584992,0.0090120303991796,0.160318054168428,0.124037734872743,0.0598679376051682,0.0833396432360128,0.0213501571298937,42.487
"100892",0.00261463422716087,0.0071323322610385,0.185941862061661,0.14686255608315,0.0417566833526698,0.110978774567707,0.021874777196172,42.487
"100893",0.00261611310915443,0.0083091689044724,0.157803748932075,0.122927989249901,0.0529656347970466,0.0891855614544513,0.0147785667071263,42.487
"100894",0.00261668861883074,0.00801327463044548,0.151825396868294,0.11712871277235,0.0469589560161391,0.0847480846826515,0.0178679083461027,42.487
"100895",0.00261770567731791,0.00754895215925725,0.133393389904843,0.104590190559313,0.0410878804920625,0.077222819193555,0.0167780893662246,42.487
"100896",0.00262172657392653,0.00820405902269595,0.0887492461775121,0.070487648402551,0.0457323405313975,0.0510817577496427,0.00679644121707575,42.487
"100897",0.00262047240741324,0.00897860898156214,0.108159899482239,0.080429071926624,0.054895712165876,0.0571979042112756,0.00778058539638431,42.487
"100898",0.00262101410526116,0.00895337648578586,0.109661243815883,0.078482740262018,0.0524144608384938,0.0558484251475543,0.00860106223152181,42.515
"100899",0.00261797001618551,0.010320031305107,0.135095321267998,0.103004965590693,0.0748438900049545,0.0623470916103272,0.020104840309721,42.736
"100900",0.00261681674192555,0.00980961928895524,0.150689435875159,0.115500774952228,0.0698487894556382,0.0733905932528629,0.0236794726648619,42.751
"100901",0.00261868435985148,0.0105045907831545,0.121165932249258,0.0946483300633402,0.0782166843890847,0.0561147192086722,0.0216641519155505,42.751
"100902",0.00262493196911221,0.011863257789691,0.0685819904528548,0.0556010226167773,0.0956086256081283,0.027761380734323,0.0122187042309716,42.751
"100903",0.00262178982236126,0.0111738065512163,0.0905616747706882,0.0713978157638364,0.0852669874779115,0.0383951423882093,0.0168531259783151,42.751
"100904",0.00262641846883155,0.0118541062351014,0.0618574834640125,0.0504026429222579,0.0944075121543842,0.024716710666091,0.00970407345770304,42.751
"100905",0.00262377336796214,0.0114326409515854,0.0749235154482806,0.0605133380474496,0.0888110554829625,0.0312207444417033,0.0102910865998323,42.751
"100906",0.00261672772533775,0.0100372192745333,0.149168210058398,0.116071445803036,0.073931852423502,0.0710939417262663,0.0215657780832252,42.751
"100907",0.00261611506005095,0.00951015738981827,0.157690104449145,0.12387881141356,0.0683537688949854,0.0791457117816266,0.0218121396399403,42.751
"100908",0.00261705731780342,0.00933071895030522,0.137653643487099,0.110469488805766,0.0653571998571506,0.0712307066402965,0.0188424801259407,42.751
"100909",0.00261782339609016,0.00900622288739984,0.122842412770052,0.100957830986875,0.0604763321676647,0.0661332128507361,0.017503705014122,42.751
"100910",0.00261662817272229,0.00861723383386671,0.146141767680275,0.116516538047526,0.0554944578001534,0.0787607120584142,0.0231026010062345,42.751
"100911",0.00261995176441063,0.00982162185715595,0.0980870170850745,0.0815404084215898,0.0694078967092842,0.0506504645972575,0.0132252147024167,42.751
"100912",0.00262129674667235,0.0104881295047215,0.0856800339362737,0.0716125031664211,0.0789091399627967,0.0428852165980983,0.00867098049070475,42.751
"100913",0.00262106427018311,0.0110941304962533,0.0956292688014747,0.0754506888641636,0.0854464740276192,0.0431208716025529,0.0102978324186743,42.751
"100914",0.00261729562808609,0.0089659976224897,0.138172201243257,0.108864590839719,0.0584829770662338,0.0734013464104007,0.0180230278396198,42.751
"100915",0.00261422532285625,0.00744614048746987,0.194478948465777,0.1524456215916,0.0473271376156186,0.116253151004357,0.0191033222509096,42.751
"100916",0.00261417934996206,0.00808125599030923,0.200972723278061,0.155837825944299,0.0544651807793456,0.115643686188957,0.0176305944602985,42.751
"100917",0.00261782112045146,0.00845971526300025,0.13258397959328,0.102429132969861,0.0520621049763346,0.0731435783910174,0.0150855627653319,42.751
"100918",0.00261662715104533,0.00766899084168619,0.153285366682453,0.116835124521594,0.0444062159564471,0.0879694127101446,0.018196850323113,42.751
"100919",0.00261920163917976,0.00839041723803802,0.120110907809814,0.0907512878333131,0.0490394958300166,0.0654763089296315,0.0121085559807331,42.751
"100920",0.00261972527527655,0.00922643815408835,0.118553487725822,0.088210881197642,0.0586052341563485,0.0608746879205795,0.0105376279897143,42.751
"100921",0.00261909266453991,0.00873827686105008,0.134745009257508,0.0961620231966376,0.0512765345562952,0.0687151452278515,0.0127419450104101,42.745
"100923",0.00262325863810795,0.011048335988579,0.0812077407104184,0.0638958570597135,0.0825758909984801,0.0355249331266342,0.0126618730918865,43.015
"100924",0.00262443413306318,0.011441976695225,0.0747769054750936,0.0584213888844467,0.0876408351217432,0.0310976411364452,0.0136033875875398,43.015
"100925",0.00262536081537644,0.0119827038099782,0.070760058456961,0.0549038301499455,0.0960500245373499,0.0275297890538783,0.012854980525972,43.015
"100926",0.00262679459189061,0.0121245218052571,0.0617631035356436,0.049629239637957,0.0992438820827198,0.0240173448834695,0.00922580211548061,43.015
"100927",0.00262604986585066,0.0117406361461262,0.0641785654936793,0.0518809497389753,0.0930421005258063,0.026117102996341,0.00861337982800275,43.015
"100928",0.00262238272189585,0.0113722815939441,0.085337600095121,0.0678376159602738,0.0890639727750696,0.0359577618564373,0.010345116102682,43.015
"100929",0.00261864630394026,0.0106096972488756,0.123020518916027,0.0955098245430346,0.0799201748175134,0.0553889705323432,0.0149602034986633,43.015
"100930",0.0026186022730788,0.0107019123933119,0.11880763541008,0.0946929608472736,0.0829951425531541,0.0542867857020542,0.013153796511886,43.015
"100931",0.00261705944205289,0.0101250152349888,0.139990139857125,0.111160114183646,0.076478175425229,0.0678162063488945,0.0162888217774815,43.015
"100932",0.00261620419084829,0.00990219935622438,0.155027446191307,0.12233608907087,0.0746012464117137,0.07707800149332,0.0186624972804804,43.015
"100933",0.00261633576111077,0.00915703532139824,0.155509271708411,0.121405892851977,0.0632407581327851,0.0809062384959959,0.0213338671112618,43.015
"100934",0.00261622387642032,0.00952705996980587,0.155075582952142,0.12232295636119,0.0694635342127355,0.0802628722516148,0.0207901978669621,43.015
"100935",0.00261718227556049,0.00965610271991462,0.140050018479987,0.110125201831286,0.0695887759310081,0.0718537513552531,0.0190264146435714,43.015
"100936",0.00261954044271198,0.0095261213710334,0.112874338701342,0.0870530019917774,0.0628687650065697,0.0568471760971355,0.0171141832503892,43.015
"100937",0.00261808359619618,0.00986126525737815,0.133930020083329,0.100981079335653,0.0688523850636728,0.0654961469267552,0.0204795434352678,43.015
"100938",0.00261084800643274,0.00657184898373373,0.329786219011589,0.244821269630729,0.0433214587093089,0.198127535577033,0.0365304975118217,43.015
"100939",0.00261312514679322,0.00864448792340063,0.228697119943006,0.177833124682111,0.0640591524773015,0.12855778921628,0.0194125307441083,43.015
"100940",0.00261843268314743,0.00889499754916815,0.122815027412298,0.0973272038383684,0.058186441179823,0.0670465791146377,0.0128021674321588,43.015
"100941",0.00261669889665793,0.00777383799756045,0.154162722728389,0.11834632910661,0.045876526240817,0.0878472261480087,0.0170908955128095,43.015
"100942",0.00261726528733521,0.00865092288444189,0.153173947580731,0.113260948027425,0.0536288697868828,0.0805841007109245,0.0186594542953303,43.015
"100943",0.00261942942382864,0.00882417348286266,0.122993106537459,0.0908925601074763,0.0530710510040875,0.0637763680396047,0.0151374968587352,43.015
"100944",0.00261716081528768,0.0089315090192875,0.161981768300143,0.11616037760762,0.0559750973405884,0.0819711123682532,0.01709671593525,43.019
"100945",0.00263103169397246,0.0123347393727984,0.0461155951954665,0.0389017746003771,0.103166333128692,0.0182623184458537,0.00546316881335034,43.232
"100946",0.00262627394002402,0.0117234798364065,0.0662339317386962,0.0519571031473285,0.091417974877756,0.026648561294998,0.0111002829237565,43.258
"100947",0.00262488890502331,0.0116400115868282,0.077556005822128,0.0581345339378443,0.088740283997237,0.030481503205498,0.015742660390111,43.258
"100948",0.00262481394157787,0.0122118770425163,0.0769468404903524,0.058077270649284,0.0994226866686065,0.0286407651427665,0.0144293555740894,43.236
"100949",0.0026225451581241,0.0111363763810007,0.088059624493354,0.0680092651469844,0.0835041769776119,0.0370859871117438,0.0127870982871577,43.214
"100950",0.00262029471261503,0.0109111910856448,0.103070069746272,0.0812667275527193,0.0834349235399655,0.0454821287831681,0.0120914674016719,43.259
"100951",0.00261768542908185,0.0102331591177669,0.135768484427887,0.105281112431679,0.0754875186336472,0.0631748242923164,0.0151648670541337,43.277
"100952",0.00261609848835904,0.00960151648836194,0.160564401514968,0.124701311218749,0.068981863941359,0.0789530457415815,0.0164197135910881,43.277
"100953",0.00261581384578953,0.00938569503145336,0.162362269710425,0.127931406586679,0.0674888538603163,0.0826592206384555,0.0163513557351756,43.277
"100954",0.00261386754960413,0.00835867623072783,0.208396446220018,0.162041977750763,0.057447425228731,0.11391692481163,0.022660417623663,43.277
"100955",0.00261235617883776,0.00788468442627598,0.248839438013634,0.195364406516821,0.0561514101063755,0.142874433323971,0.0287520488357976,43.277
"100956",0.00261100066173443,0.00698397019490872,0.310240497779484,0.237281616937077,0.0483397380839441,0.184545809126605,0.0380405424808484,43.277
"100957",0.00261326909704286,0.00817498540997523,0.231215048057265,0.176271492498141,0.0560180824647443,0.128334033780317,0.032974658776341,43.277
"100958",0.002616329791872,0.00908637820417018,0.16279313381357,0.123389612638817,0.0613175114185262,0.0843083745857905,0.026254475053566,43.277
"100959",0.00261734456449603,0.0101095790881786,0.151951973406731,0.111989997515635,0.0726559712883798,0.071747880019179,0.0271085074158148,43.277
"100960",0.00261215304871505,0.00708491019895436,0.283656114490347,0.20764598895551,0.0441529212140352,0.161946519109498,0.0408134919033794,43.277
"100961",0.00261392104499662,0.00873236978608114,0.199978895145783,0.159308707669765,0.0644968400969331,0.112688514496154,0.0171753902952481,43.277
"100962",0.00261783933864013,0.00926079357228745,0.130403871747532,0.103169866353976,0.0636674801245291,0.0690132256211295,0.014002756653906,43.277
"100963",0.00261598221076565,0.00782623177769236,0.170973753579104,0.128933779284213,0.0464468138020896,0.0950446289852564,0.0209577137277878,43.277
"100964",0.00261569204535819,0.00858347208576308,0.189579199322798,0.13609040753646,0.0533201254634659,0.0973891645285995,0.0268039901306654,43.277
"100965",0.00261816778970679,0.00834555740502718,0.136355696476296,0.102569963442302,0.0494832682289393,0.073562777688975,0.0170153217432812,43.277
"100966",0.00261764616296143,0.00843263600849559,0.146326792348441,0.108718323357618,0.0508022280695131,0.077972244411472,0.0143706784559981,43.277
"100967",0.00261668451036472,0.00846672801818025,0.164123750069224,0.120753531850191,0.0522339837293988,0.0869831546356307,0.0145604825939091,43.3
"100968",0.00261880055922488,0.0100891289097776,0.115703340741648,0.092796912299122,0.0733921940310284,0.0553449337476965,0.0114250977883359,43.489
"100969",0.00261274442196692,0.00786070606470658,0.248750885411765,0.188647785087119,0.0521249643251275,0.135715229049827,0.0256248609614959,43.538
"100970",0.0026101363905218,0.00679547254523252,0.355432523387165,0.268781929957938,0.0475663888751701,0.208480239703652,0.0366719496442552,43.538
"100971",0.00261298451402518,0.00827979200019387,0.220479654124512,0.177833124682111,0.0607680677911479,0.125026379954622,0.0219441144654154,43.538
"100972",0.00261075801525856,0.00686649282359881,0.308161377652704,0.242257582830273,0.0492036919613017,0.186953205404861,0.0348923932810672,43.538
"100973",0.00261077487061509,0.00531068158083138,0.319307935837666,0.245025472236769,0.0334113831423366,0.202197395899082,0.0412997314263588,43.538
"100974",0.00261235478906374,0.00778538128226822,0.254708982696148,0.196889174301771,0.054295003227003,0.146017969290032,0.0383603316105084,43.538
"100975",0.00261467356095346,0.00915559634478757,0.198589365290918,0.149324256998446,0.0648088226150458,0.102323033206702,0.0334683759673774,43.538
"100976",0.00261706581724275,0.00957345716861348,0.157300889152526,0.11558942853037,0.0648993513068934,0.0762020875804251,0.0298544722401831,43.538
"100977",0.00261451621185059,0.00848974744353687,0.222956294030133,0.157127936449599,0.0525699303198613,0.112572014469178,0.0453429303206355,43.538
"100978",0.00261408959753711,0.00713233226103848,0.202027540309227,0.157929968297416,0.0439159207503149,0.11983603150228,0.0219441144654154,43.538
"100979",0.0026177643806136,0.0094781850561132,0.130546544477962,0.103677396506928,0.066815267832442,0.0678365437678688,0.0149901323146022,43.538
"100980",0.00261589292678606,0.00822239209671278,0.169793220883245,0.129382388164063,0.0514266374915014,0.0924867807178431,0.0227579309920525,43.538
"100981",0.00261423519905139,0.00849424722309055,0.221316737327811,0.160367266867078,0.0551819695921463,0.11565852420347,0.0298892629311688,43.538
"100982",0.00261793777711075,0.00890279358064049,0.130775041785394,0.102652171376446,0.0586489191676699,0.0673597549624956,0.012854980525972,43.538
"100983",0.00261671845080332,0.00802565844874539,0.151698892117566,0.117499557299058,0.049310522957536,0.0844626827702617,0.012624427751279,43.538
"100984",0.00261613263357988,0.00822035620083358,0.170785179567272,0.127391653118232,0.050681818750314,0.0925374543171839,0.014765056970576,43.538
"100985",0.00261434858053866,0.00838588686131746,0.195754820126064,0.152596722703005,0.0563451485664032,0.104557827629047,0.0227444682109366,43.797
"100986",0.00261202753724276,0.00682031953950492,0.276196125748171,0.20808753040021,0.0421800152896109,0.158155267822572,0.0363380562932795,43.798
"100987",0.00261450523843381,0.00897424461580399,0.177135933189742,0.145891026790987,0.067273231147287,0.0965770322553277,0.0208545461301234,43.798
"100988",0.00261242239480754,0.00761759747653308,0.235837444025347,0.191009509192876,0.0544779516476902,0.139219949453544,0.029607666068244,43.798
"100989",0.00261218516332913,0.00721408553343767,0.251416807479731,0.199172573587523,0.0493804180580552,0.149423539381146,0.0368652870057075,43.798
"100990",0.00261313483460785,0.00893928749355725,0.226467765262822,0.176885132391642,0.0674475456140799,0.1221493246521,0.0380667751645987,43.798
"100991",0.00261353023518437,0.00893928749355726,0.231847465227116,0.172323976216632,0.0634337809069612,0.119927353633174,0.0412131759618582,43.798
"100992",0.00261776211704311,0.0105587681942833,0.137047876772274,0.105066378814611,0.08078897720255,0.063601310324387,0.0217101376328809,43.798
"100993",0.00261463764195505,0.00957532919831942,0.200609204936624,0.15008579395382,0.0702301386447713,0.0997476352514489,0.0311712551276471,43.798
"100994",0.00261301987410757,0.00907963318232683,0.230163630460692,0.179571106274406,0.0697883987688186,0.12401011540993,0.0228927816557954,43.798
"100995",0.00261521689816292,0.0104475829710454,0.175786720023647,0.137231789260351,0.085052774854051,0.0854885330009743,0.0203362330532675,43.798
"100996",0.00261400379118629,0.00861574588224236,0.215281604588068,0.161884993904189,0.0588893913513065,0.11403440858278,0.029224117302226,43.798
"100997",0.00261222973118464,0.00844317251310238,0.279609476831227,0.204899848706081,0.0594547645665283,0.149405750421106,0.0327028833127559,43.798
"100998",0.00261267840456534,0.00871069165107745,0.250259199363486,0.190104290629194,0.0643974788161033,0.133452069231137,0.0201870997533815,43.798
"100999",0.00261436939632219,0.00855113131453535,0.198494433214899,0.153202079358229,0.0595162371592062,0.102540887990008,0.0151895217308623,43.798
"101000",0.00261476905386861,0.00834757642489057,0.198893355602405,0.148520606617864,0.0544779516476902,0.107769712393168,0.0178679083461027,43.798
"101001",0.00261595236949779,0.00821017255231874,0.174427133802931,0.129982075401223,0.0507773075493908,0.0944262345171305,0.0153158526566911,43.816
"101002",0.00261551043136714,0.00884227550476631,0.183681563931322,0.136540599533095,0.0592967948461327,0.0912639521868714,0.0146007441363872,43.84
"101003",0.00261942416479928,0.0104578391700813,0.10479319959849,0.08625142115573,0.0794918766766484,0.0489671964091686,0.012983701305448,44.058
"101004",0.00261635269142084,0.00926984788078953,0.155654017879679,0.121209949864378,0.0639375085565713,0.0777367983323987,0.0240865495466139,44.057
"101005",0.00261461972601079,0.00838185872784088,0.186705550778268,0.147069165379825,0.0564183997326485,0.100632309623981,0.0282726117744169,44.057
"101006",0.00261366002186149,0.00800604586671855,0.20302828159085,0.163585544013625,0.0554858882100426,0.115302783768836,0.0305698453116393,44.057
"101007",0.00261430706589325,0.00816272684276197,0.186068995581246,0.150804786225038,0.0563796155325904,0.105250216572429,0.0308010556159869,44.057
"101008",0.00261211898616611,0.00734741508903945,0.268311076265846,0.204426213068575,0.0486298511556653,0.153192563740132,0.047558925794936,44.057
"101009",0.00261074118553245,0.00610246128371304,0.347339901464819,0.252136929333406,0.0369066919717662,0.203190861751205,0.0590633438263977,44.057
"101010",0.00261796540486574,0.0107871192484279,0.134701263778863,0.102957881889599,0.0837417707586642,0.0606301392032058,0.0239827208700813,44.057
"101011",0.00261475351253665,0.00993570506501028,0.188404168023024,0.145626775511216,0.0771507569967575,0.0932999197126591,0.024138549433671,44.057
"101012",0.0026139498958088,0.009617863583937,0.195247544212124,0.157374438962009,0.0770353101900126,0.103059609196379,0.0178887500953763,44.057
"101013",0.00261492304888053,0.00987553380616826,0.174461905270397,0.140219221255002,0.0783375881238295,0.0893832220506817,0.0192792616418912,44.057
"101014",0.00261449343304543,0.00941122690807074,0.201164228691301,0.151962737449389,0.0684967597173333,0.10083414413389,0.0286800611956495,44.057
"101015",0.00260934058149091,0.00566301284577773,0.424976037294214,0.307847772524332,0.0369809598734253,0.25644641959866,0.0514516436286549,44.057
"101016",0.00260977995620862,0.00660577223406703,0.393425961851777,0.287509075737726,0.0452528761670019,0.231876089689792,0.0366891142505794,44.057
"101017",0.00261403528424443,0.00828840841183458,0.211492767592063,0.160695076167558,0.055841917252733,0.116208479071428,0.0189036906590825,44.057
"101018",0.00261476473464581,0.00800811159448968,0.1981718952098,0.148431482300864,0.0503833064000765,0.108746741826422,0.0192545189045349,44.057
"101019",0.00261549012707544,0.00810076801844262,0.183393602920453,0.136822449764139,0.050130885964845,0.0997342736091319,0.017085076098329,44.057
"101020",0.00261520700662222,0.00843915946096278,0.192036996439894,0.141858136010325,0.0542184844751291,0.102255020857782,0.0176897716424088,44.057
"101021",0.00261543677512703,0.00843765429542286,0.186614523710817,0.138109538809476,0.0541972360050643,0.0961337115098141,0.0157314989968671,44.063
"101022",0.00261466071937375,0.00796311552427734,0.206148119602636,0.151676485743785,0.0498706580316404,0.110188173372178,0.0164653660756444,44.074
"101023",0.00261937694527988,0.0102845210927505,0.111368741653217,0.088242887074779,0.0746678268507027,0.0509986155711188,0.0175774212232148,44.28
"101024",0.00261789417333842,0.0102286469106362,0.132454208399492,0.102910811875477,0.0750486871635336,0.0608841075655788,0.0230958174429521,44.314
"101025",0.00261518814724335,0.00894366124746988,0.186159841453849,0.140319507575207,0.0597447595263985,0.0929689740338904,0.0335749510762545,44.314
"101026",0.00261438440793128,0.00823205881357543,0.194928607744052,0.151992889173246,0.0544566674523642,0.105056021403405,0.0340112332066428,44.314
"101027",0.0026143544050183,0.00845119546761253,0.190537577387343,0.151240236657923,0.0584786124030658,0.103511582758335,0.0337886183071171,44.314
"101028",0.00261409772687759,0.00854963703789567,0.197736088333653,0.156267111425761,0.0602027277465942,0.107107769479536,0.0366891142505794,44.314
"101029",0.00261389386580689,0.00851073519662766,0.210760260459616,0.162214771742375,0.0587100974208649,0.112703082999943,0.0395638651109625,44.314
"101030",0.00261819011435688,0.0113318016563824,0.132425382102246,0.100690719552832,0.0920520811047208,0.0563194859637893,0.0261785109395916,44.314
"101031",0.00261489155407758,0.0102525491372711,0.191666025536023,0.144704293299321,0.0799640236624238,0.0903761809184932,0.0317387455825199,44.314
"101032",0.00261410179378522,0.00897763922349569,0.196866432487039,0.155929752482482,0.0661759705834952,0.104972872627186,0.0214545630025972,44.314
"101033",0.00261557993131956,0.00958375083892998,0.156815290232452,0.128798032753719,0.0736571155597883,0.0819478579996353,0.0163257589318248,44.314
"101034",0.0026152755290168,0.00964957999750372,0.178245064029395,0.137330711858735,0.0713083478805756,0.0882508984454125,0.0252188925961281,44.314
"101035",0.00261438357341937,0.00874713335226507,0.194179568180684,0.151781906972759,0.0618063756915853,0.103964958149954,0.0249571339353711,44.314
"101036",0.00260862842874036,0.00525809177479151,0.469060918295665,0.341242415155868,0.0360195845628591,0.289513180687806,0.0525843647014716,44.314
"101037",0.00261297275236987,0.00771334364112365,0.247072458706219,0.184764374790217,0.0501226174390174,0.137635832706592,0.0283064526453945,44.314
"101038",0.00261381034845579,0.00878987032893655,0.215924236544498,0.164662063852318,0.0628508571350768,0.112703082999943,0.0213860174311244,44.314
"101039",0.00261452635081028,0.00760857072799203,0.207358198478361,0.15358120145831,0.0456163071090656,0.114741113727387,0.0217397260680919,44.314
"101040",0.00261640564064196,0.00880212990630574,0.161469879552881,0.122467465477845,0.0580035517534758,0.0820990949312289,0.0156701832992005,44.314
"101041",0.00261589101457406,0.00836573551831148,0.17437498544685,0.130542462868668,0.0530457443894133,0.0905632264308019,0.0165711843691254,44.314
"101042",0.00261499688660888,0.0079548251417307,0.19333924321453,0.144689680767686,0.0500978147408717,0.100551655984229,0.0155506906043468,44.321
"101043",0.00261586809371233,0.00838336940281524,0.167787217170315,0.129232741781054,0.055597329193112,0.0756403827477569,0.0102618806972182,44.336
"101044",0.00261552799686357,0.00789769931100929,0.170476909361525,0.133436825646111,0.0516687944954887,0.0778376420565891,0.00816559637129773,44.338
"101045",0.00261767195075412,0.0102439839469434,0.141296437310872,0.106695723433488,0.0738181245594229,0.063281255348017,0.0280812357224717,44.546
"101046",0.00261693480210498,0.0102015506041738,0.150045161546085,0.114591418000854,0.0751869173132134,0.0686433316139095,0.0287065722793945,44.571
"101047",0.002614079038302,0.00860979265977059,0.216951128028929,0.161132817555181,0.0567549222894312,0.110030533108186,0.0403572049767444,44.571
"101048",0.00261463934974674,0.00854664805299571,0.183231759966431,0.145920406849575,0.059138973050125,0.098550155468665,0.0316272185759129,44.571
"101049",0.00261454496302589,0.00820202062186428,0.183501552262587,0.147202083181992,0.0555630312812752,0.101590192875598,0.0322752465476694,44.571
"101050",0.00261789646400774,0.00965796590917215,0.12323996767164,0.100713928773592,0.0698627283777149,0.0623087803689852,0.0229840349245869,44.571
"101051",0.00261917590169989,0.0115962586244658,0.124811258409008,0.0925437465293694,0.0934226807689554,0.050106775543265,0.0302149698807155,44.571
"101052",0.00261597064977963,0.0101961265862886,0.173074722827939,0.128852320455316,0.0757789789308235,0.0795661942485559,0.0338091995638545,44.571
"101053",0.00261227654879245,0.00807354672896468,0.263263068686453,0.200122949353649,0.0562762368842093,0.143789903389206,0.0359929647605951,44.571
"101054",0.00261381034845579,0.00919057617522505,0.198399532032637,0.160055463140257,0.0709202742606661,0.105778598972958,0.0191372115870971,44.571
"101055",0.00261341647177439,0.00925268821412469,0.215462213057499,0.169804680913936,0.0712802693878873,0.112732224008589,0.0243680265450866,44.571
"101056",0.00261428967600831,0.00868849005294315,0.196960833934026,0.153626736154395,0.0609584035635076,0.10501444118775,0.0268845351429694,44.571
"101057",0.00261215100200474,0.00771861437627481,0.278795323940226,0.206251705938745,0.0510308665369027,0.153156354156262,0.0446288549239561,44.571
"101058",0.00261065324690511,0.00640368109809269,0.357383471052997,0.256487104246178,0.039388889200183,0.205745416884692,0.0589540440639991,44.571
"101059",0.00261301471039346,0.00791642002165782,0.248861579516295,0.184457282460555,0.0518067520343646,0.136114473494373,0.03128591968606,44.571
"101060",0.00261311546744345,0.0078121045389504,0.242779490294617,0.181488566362634,0.0510724759642143,0.134919229033265,0.0261532144452844,44.571
"101061",0.00261516663287836,0.00861475383585929,0.187946521136533,0.141252916241012,0.0570834927447592,0.099881321402517,0.0208899807860941,44.571
"101062",0.00261622289131144,0.00879820786528833,0.167043364231311,0.125500576903658,0.0578904360380505,0.0854047054732712,0.0181578163296829,44.571
"101063",0.00261658432536534,0.00823358456574891,0.154626701970104,0.119364978436718,0.0522172062976539,0.0773120334838041,0.0136838307612764,44.571
"101064",0.00261627918263342,0.0087215344282277,0.159613284468836,0.123244412445129,0.0589900550626324,0.072097675188137,0.0121305450470746,44.575
"101065",0.00261611115860102,0.00859837597442418,0.158193810378272,0.124502001912511,0.0590557378907602,0.0675522126407043,0.0093688501175797,44.576
"101066",0.00261555764390311,0.0080174037403779,0.168007422609128,0.132495183515785,0.0533877417773282,0.0756623549744679,0.00924708149654647,44.579
"101067",0.00261441449228513,0.0082315501949057,0.197452218192413,0.152611838049466,0.0569148008647746,0.0883366944581893,0.0119479227768314,44.605
"101068",0.00261716081528768,0.0104836780677263,0.14292955958485,0.11092548807755,0.0801541330806931,0.0645683523550726,0.0259404953424022,44.787
"101069",0.00261733693797566,0.0106516677259772,0.138483973252412,0.108414000918028,0.0831877549136939,0.0623279339052008,0.0242149191058904,44.826
"101070",0.00261681154693892,0.0102975643208825,0.143233392823903,0.113887297238317,0.0795453696541829,0.0675217987323516,0.0240173050818675,44.826
"101071",0.002615760806778,0.00889597225886684,0.155863257541278,0.126880230615093,0.0627076587956697,0.0829872073597978,0.0246021101936959,44.826
"101072",0.00261821484132458,0.00931504659791686,0.116335562640594,0.0967944125434031,0.0653027427458815,0.06044249881125,0.0184259022541188,44.826
"101073",0.00261761708352386,0.0105228150809988,0.153444632504681,0.110002407759573,0.0753634098069327,0.0653771827629367,0.040082889390413,44.826
"101074",0.00261664453236427,0.0101508644472386,0.158389086972391,0.119119479727779,0.0743161384633146,0.0727047085994544,0.0309858741868241,44.826
"101075",0.00261254329721285,0.0081484123529622,0.248529597753447,0.191899977261673,0.0574257398105984,0.136114473494373,0.028593041061821,44.826
"101076",0.00261176553974449,0.00855660909896659,0.275554846324254,0.21242387418544,0.0646821571580872,0.148961513635862,0.0276595612797701,44.826
"101077",0.00261237217378712,0.00918339453113447,0.242888368805812,0.193144037003746,0.0737565476897414,0.129632445008857,0.022556414685073,44.826
"101078",0.00261156251500435,0.00855461740088478,0.283269014090463,0.218313408689991,0.0653844344013418,0.154099774943221,0.0325573271473949,44.826
"101079",0.00261057842311292,0.007854966139772,0.338171772622806,0.25334520310934,0.057755668866028,0.189004299710767,0.0454577174002998,44.826
"101080",0.00261197705673817,0.0085027432268266,0.28059339996217,0.209693121295734,0.0617529786915212,0.150314901168859,0.0432739867975761,44.826
"101081",0.00260900697921072,0.00553914384514886,0.464271396590101,0.327282999402673,0.0350671535241196,0.275138505848813,0.0742055099981053,44.826
"101082",0.00261192546840522,0.00741439012956792,0.289653196668148,0.213170827976374,0.0482826048067793,0.162644402875901,0.0356410895954995,44.826
"101083",0.00261527733796922,0.00917381419099115,0.176521783971864,0.13711879035549,0.0659891575014703,0.0860889964158777,0.0189159448820342,44.826
"101084",0.00261521869757342,0.00893637100271949,0.185017387676064,0.139918635774313,0.0616506798367128,0.0949800794767764,0.0213110717091695,44.826
"101085",0.00261554188404387,0.0091464799316501,0.176925204174608,0.134536122441178,0.0645284663511907,0.0853927348657127,0.0186594542953302,44.826
"101086",0.00261671021327734,0.0094183123264492,0.154210676575612,0.11794812144115,0.0667603862261945,0.0693122205024904,0.0154758980555831,44.826
"101087",0.0026160615350482,0.00905938153422456,0.160597267282856,0.125473882388142,0.0644923225059158,0.0693948630014517,0.0130952786986852,44.826
"101088",0.00261474402577164,0.00856954891898366,0.187142901427339,0.146008569597028,0.0607415259638894,0.0836105608710264,0.0134870444471124,44.826
"101089",0.00261399009140306,0.00788572605233426,0.213640804705619,0.162057681456876,0.0523388856307063,0.109273231368741,0.017227941932274,44.826
"101090",0.00261348243528385,0.00765682197912075,0.234197646438578,0.174126198342955,0.0494873838016181,0.128589776814275,0.0210255581874763,44.827
"101091",0.00260973489607079,0.00729967977377987,0.386183524305201,0.286718364953898,0.0531427761369083,0.220215375553423,0.0514210659298373,45.076
"101092",0.00261144476736435,0.00788051716387884,0.281411121588083,0.220503076595696,0.0585440943832252,0.161551367653754,0.0338751024195729,45.081
"101093",0.00261164562470302,0.00831321640117047,0.275768493398637,0.214989120700591,0.0631241471235963,0.149779633637573,0.0339122014601032,45.081
"101094",0.00260930834769416,0.00601031190249081,0.444985473835682,0.313238307395881,0.0382101808208832,0.258774840626401,0.0736355594144709,45.081
"101095",0.00261252917079177,0.00772282953752227,0.261633054691458,0.19555901467562,0.0512348666980593,0.146140517116637,0.0343590009996546,45.081
"101096",0.00261345707724636,0.00828992844292541,0.230688931533345,0.17335469911948,0.056444261078702,0.126143177394333,0.0287748008436493,45.081
"101097",0.00261447658998746,0.00888768535026933,0.200570965903456,0.152309711962181,0.0627658192609657,0.102936586636773,0.023357716075958,45.081
"101098",0.00261526739238146,0.00894949108752823,0.186541723810077,0.139818531744533,0.0615306660391329,0.0969170175884822,0.0230077233189012,45.081
"101099",0.00261526197127348,0.0088359176626512,0.181618673696219,0.138734618081212,0.0613663363643063,0.0888896512070841,0.0194125307441083,45.081
"101100",0.00261450186418243,0.00877121771168139,0.196187651017102,0.151044936013796,0.062676349480127,0.0927022792975773,0.0182299123852788,45.081
"101101",0.00261426405499346,0.00832838485890041,0.207064995314373,0.156758643233147,0.056577944442999,0.107178051710783,0.0203076323957394,45.081
"101102",0.00261394347802263,0.00809974171521932,0.218001572061981,0.163632942891521,0.0538703798417813,0.118502290837803,0.0215101339860836,45.065
"101103",0.00261075801525856,0.00713893548171956,0.322731078352845,0.245618272128451,0.0498747849111198,0.186723968889295,0.041977114894045,45.326
"101104",0.00261223179249921,0.00831321640117046,0.266288677375029,0.201617058632256,0.0593099533412191,0.144067085954934,0.0400918682565275,45.334
"101105",0.00261275090137077,0.0079153806221409,0.24751340018757,0.188319324673919,0.053590771531058,0.136915456333271,0.0361674314093088,45.334
"101106",0.00261204779405855,0.00696000435626103,0.287278292568302,0.210396877715615,0.0426712404925508,0.162757773539543,0.0420874890265235,45.334
"101107",0.002613363830065,0.00798899239508196,0.236563991053827,0.176188672166153,0.0522717398834141,0.129664621719925,0.0315476786710995,45.334
"101108",0.00261396515296411,0.00864201223581617,0.218062280006343,0.16312780488906,0.0594811072266082,0.116402145272987,0.0274147744842435,45.334
"101109",0.00261394909338223,0.00858148382381627,0.217374930102982,0.163222442628414,0.0591915638722094,0.11592583906181,0.0258506266311748,45.334
"101110",0.00261406362364966,0.00839293353191263,0.211512589095964,0.160351667516011,0.0573086883397155,0.111787868920132,0.0243262212949139,45.334
"101111",0.00261421216827199,0.00842058540286608,0.206889208940406,0.157297380532882,0.0574864662397582,0.109059572624856,0.0231535100268678,45.334
"101112",0.00261215646073976,0.00727411423766566,0.259781865983724,0.201599015245537,0.0484581611846999,0.148341154631754,0.0366076187533508,45.563
"101113",0.00261223179249921,0.00777593747849532,0.266311864195722,0.201689242447374,0.052385065921015,0.145843027224932,0.0429339396213246,45.586
"101114",0.002612921441461,0.00843815603369982,0.235986902898019,0.182570716674017,0.0602732935477951,0.127187645576617,0.0354679204663144,45.586
"101115",0.00261181969643067,0.00733658118285136,0.284479898072833,0.213900713824183,0.0483805621196847,0.160519683463007,0.0420046946075634,45.586
"101116",0.00261127014631063,0.00666876427344596,0.319150544055971,0.233498526550367,0.0413425823981479,0.183062653729676,0.0469682500964585,45.586
"101117",0.00261396033264527,0.00831068684296169,0.214700344975499,0.162387682849172,0.0554516145061435,0.115851541096635,0.029224117302226,45.586
"101118",0.00261380084357353,0.0085092370172254,0.220275814909363,0.165870551362004,0.0581385219904339,0.117884493245464,0.0288279244582189,45.586
"101119",0.00261362801698156,0.00861772978629568,0.221951088147809,0.168690767177411,0.0606796109004295,0.117659040717208,0.0277674691057563,45.586
"101120",0.0026138643640041,0.0085899321860978,0.213102409855856,0.163269774586321,0.0602821163177366,0.110302921242332,0.0251976171732775,45.559
"101121",0.00261113116164687,0.00660806864057949,0.31305336731419,0.234947457102075,0.0417062945595829,0.179492978652016,0.0511005582468776,45.824
"101122",0.0026117925849758,0.00820558764027767,0.280593399962171,0.213152133810191,0.0588062800057171,0.151012772235228,0.042461090084728,45.837
"101123",0.00261251576736053,0.0083511090626279,0.25001478651292,0.192652811427522,0.0598063374084714,0.134968881926706,0.0377177622371051,45.837
"101124",0.00261171164666665,0.00775124881493653,0.292362516613287,0.217744474592004,0.0525489114645012,0.160201745494879,0.0448092088038417,45.837
"101125",0.00261174513467973,0.006690449065292,0.302511701297127,0.219797058399257,0.0397731510531997,0.170892364888584,0.0478188340206235,45.837
"101126",0.0026135836754386,0.00796259751466672,0.227403533316234,0.17071215643926,0.0513473972614393,0.123403172441851,0.0334192455776581,45.837
"101127",0.00261358522828191,0.00857850095506977,0.222812503861713,0.169449013753376,0.0598899430820018,0.11924363752483,0.0306520389444451,45.837
"101128",0.00261128212285804,0.00728119050125193,0.291646574355308,0.226377943134799,0.0507067227749339,0.166780338717871,0.0407681986037081,46.082
"101129",0.00261170509225026,0.00748371396861983,0.274346307259392,0.213544930250349,0.0520327797472096,0.15554091318263,0.0393723421717812,46.086
"101130",0.0026128014265392,0.00833747863356577,0.239291332119354,0.185276917381066,0.0591083026665498,0.128909962852901,0.0375047991642037,46.086
"101131",0.0026122924290609,0.00811512875330335,0.258325518876097,0.198618026130424,0.0573433614966152,0.141397747320026,0.0409449871234475,46.086
"101132",0.00261251858778783,0.00706943271243341,0.262642392158148,0.196019487470315,0.0431919230724265,0.147475728563018,0.0432179949231051,46.086
"101133",0.00261360932522478,0.00663158152703734,0.229681073103214,0.171167048066732,0.0366693879340805,0.130923930313085,0.0394301946056764,46.086
"101134",0.00261510946452205,0.00786070606470657,0.179146386694375,0.139789938959967,0.0492570972696183,0.0990678060805912,0.0284080987942473,46.086
"101135",0.00261203496043985,0.00794912274234496,0.251929986953018,0.201653148486116,0.0584567908064288,0.133074760594435,0.0325008111526399,46.335
"101136",0.00261272285128813,0.0087215344282277,0.235240252820184,0.185447965575721,0.0654797867375246,0.118004859592883,0.034102141332091,46.335
"101137",0.0026125249363766,0.00819743319947692,0.251840687180957,0.192968507986288,0.0574083935501961,0.136031229075329,0.0407410349016246,46.335
"101138",0.00261316394898887,0.00769435254303352,0.237227757455046,0.179269532434498,0.0491379903374835,0.129600273952444,0.0413225245305677,46.335
"101139",0.00261437022976727,0.00734849799568545,0.201375028067377,0.153991322778311,0.0436203018607343,0.112237551985138,0.0370246406338483,46.335
"101140",0.00261361633093882,0.00757293710786018,0.224005815102289,0.169465170156374,0.0469791594993449,0.123216844763177,0.0388315243111468,46.335
"101141",0.00261228690290604,0.00858744784889044,0.23920510683981,0.193794377012698,0.0667375235734826,0.114328493347313,0.0287065722793945,46.58
"101142",0.00261423602246506,0.00938427547257213,0.178333292213266,0.149294442983577,0.0747249124287033,0.0747651932303519,0.02321467608456,46.583
"101143",0.00261256310452168,0.00763722359735735,0.245599200839445,0.190922350112143,0.0515059207018013,0.136898735233359,0.0396709671778958,46.583
"101144",0.0026127566640246,0.00747137987899709,0.248264229481551,0.188423009697101,0.0477125810882618,0.137250182130862,0.0433113351976519,46.583
"101145",0.00261356893427148,0.00844367407075103,0.222750898831379,0.169562129143928,0.057534195702028,0.116954599946544,0.0392700936966141,46.583
"101146",0.00261418344693989,0.00840500596418722,0.206811114278957,0.157389853527614,0.0557045581512613,0.108307014045601,0.0373530581521889,46.583
"101147",0.00261160658933902,0.00857352823725827,0.274559316165882,0.215195939075558,0.0662078840659252,0.138375736141936,0.0363636852536673,46.803
"101148",0.0026125080148869,0.00897666940773108,0.238838885332017,0.189791582552885,0.0700626270952526,0.11249924527778,0.0332190107763439,46.829
"101149",0.00261251294765129,0.00762078198135509,0.246456039336593,0.191969929293538,0.0515309664313191,0.135914747463326,0.0391990440765592,46.829
"101150",0.0026134233565616,0.00702122233330326,0.224810655331092,0.17252000311434,0.0417101698605775,0.126933880963291,0.0398766577663247,46.829
"101151",0.00261383891211966,0.0077743628970689,0.214680320616017,0.163980801508188,0.0486584869166367,0.11604478597912,0.0383735027571972,46.829
"101152",0.00261387870642176,0.00842309672865642,0.213042645275389,0.162891363204606,0.0566987863091621,0.108038126691675,0.0365690477926315,46.829
"101153",0.0026122441684507,0.00827269242190105,0.248861579516295,0.197031396516368,0.061135648025626,0.124681755821483,0.035476357788857,47.061
"101154",0.00261335774282834,0.00910178505263628,0.206713524171643,0.168400947287532,0.0707055183925203,0.0886558825228119,0.0280999688519198,47.074
"101155",0.00261367097156456,0.00731868594488658,0.210246560092561,0.165329217605017,0.0454244798052958,0.116000170762218,0.0348965768608783,47.073
"101156",0.00261309241999008,0.00816323781877909,0.231004503550571,0.178684061163052,0.0556702369761256,0.116312732495847,0.0357680704947461,47.074
"101157",0.00261319913752532,0.0083152397425476,0.224418308242951,0.175394855632918,0.057933932888584,0.107107769479536,0.0332190107763439,47.07
"101158",0.00261154958528645,0.00780005911712697,0.282013421269294,0.21837035402596,0.0555716050611254,0.148730880552886,0.040105338473537,47.309
