"","Andrena_carlini","Andrena_miserabilis","Osmia_atriventris","Osmia_bucephala","Osmia_lignaria","Osmia_pumila","Andrena_violae","latitude"
"100001",0.0173542645304889,0.0207922053859752,0.0165705910371365,0.00807660832856568,0.0168822555317825,0.0116059850440978,0.0135589395436062,25.316
"100002",0.0176003665800236,0.0210448148635644,0.0159994302452166,0.0077567397828682,0.0172240070872834,0.0109889228998512,0.0143515011290668,25.329
"100003",0.0173766557312802,0.0204907596954786,0.0164767870944479,0.00803969070395697,0.0166083918050426,0.0117425266419809,0.013893953961136,25.637
"100004",0.017488108023599,0.0207680870667404,0.0158978931140491,0.00778743757470112,0.0170222333507321,0.011191944950872,0.0147677272283681,25.637
"100005",0.0170006450630239,0.0204663729858901,0.0162422922752909,0.00814505005816762,0.0167803525173193,0.0117936831813798,0.0150093842105898,25.669
"100006",0.0162554745064916,0.020142556987624,0.0173062532698488,0.00881028174260169,0.0163432718344474,0.0128581555725789,0.0135569364105894,25.963
"100007",0.0183420198498463,0.0204850435160199,0.0154251919912297,0.00714665859490449,0.0165990510219964,0.0106629496720261,0.0144982825895941,25.961
"100008",0.0207359037293213,0.0209963007775963,0.0118327549810298,0.00420895816199225,0.0170859677305485,0.00437959546081751,0.0157216841049485,25.961
"100009",0.0181234931489635,0.0204546146761595,0.0149957826310166,0.00713112683764006,0.0167683860836598,0.0102084883023475,0.015538333893759,25.962
"100010",0.0156668323422408,0.0204219967596704,0.0175325512133953,0.00910130544617686,0.0167141495865927,0.0130398277113181,0.0136755790980069,26.291
"100011",0.0163830258534398,0.0203877794902878,0.017008605983916,0.00866145119358449,0.0166478863604054,0.0125201741617751,0.0138441824611285,26.283
"100012",0.0180594686689166,0.020919118796645,0.0153599045704729,0.00728641932618527,0.0171375776928602,0.0102084883023475,0.0146749689838326,26.283
"100013",0.0201746590530413,0.021266338336705,0.0120211131735774,0.00415051920087663,0.0174574666155766,0.00328405859341437,0.0156004742116118,26.283
"100014",0.0192680976967977,0.0207580736634758,0.0132562709138366,0.00571594594465839,0.0170542497762008,0.00741269005661308,0.015775129759815,26.284
"100015",0.017117502232738,0.0207161693858838,0.016385570501027,0.00813154404097861,0.0169412353115184,0.0116723174083828,0.0142273388598696,26.611
"100016",0.0160950462218413,0.0206613719797058,0.0170783121817326,0.00879555772046583,0.0169756693274797,0.0124887063530464,0.0140486901424901,26.605
"100017",0.0167614673641389,0.0207933807473294,0.0165903590062572,0.00836039720574198,0.0170618018631559,0.0117150497630525,0.0141255954864451,26.605
"100018",0.0181786101324679,0.0213203705642796,0.0152330904455277,0.00716635791197126,0.0175164129389259,0.00932520936948541,0.014493222461688,26.605
"100019",0.0180847940432828,0.0213902030749676,0.0146193259804686,0.00711767467100956,0.0176901013678156,0.00854595085979645,0.0148686198336965,26.605
"100020",0.0177554863922034,0.0209109679005139,0.0147821455959956,0.00736539005017658,0.0173059051122548,0.00940045684352004,0.0152456346166352,26.605
"100021",0.0174188581927744,0.0208753939449938,0.0160305778302588,0.00786437165260311,0.0171083399917804,0.0111136914113857,0.0142607732195445,26.938
"100022",0.0163341058120878,0.0208045413947065,0.0168545598855904,0.00862746521320769,0.0171160426435621,0.0120045562654352,0.0140191119339337,26.926
"100023",0.0173799700703747,0.0209519620864433,0.0160851671598905,0.00790060855086554,0.0171784019004386,0.0108610484447082,0.0142030220836538,26.926
"100024",0.020533337158554,0.0221099405930162,0.0116082437574218,0.00345250529897084,0.0181553392964171,0.00605125206823769,0.0149838314130881,26.926
"100025",0.0197976806142707,0.0217063501810464,0.0124593737838725,0.004973955431981,0.0178688740924842,0.00329550431527639,0.0150864320693061,26.926
"100026",0.0158258843081096,0.0202527430022979,0.0169549953366646,0.00886935521615845,0.0167020995649648,0.0124538756889694,0.014555518665369,26.924
"100027",0.0154260705925579,0.020609024176958,0.0173351565839426,0.00912684595642681,0.0170296162179147,0.0129268179163419,0.0138602713045354,27.262
"100028",0.016388352231196,0.0207571897576444,0.0166308886099544,0.00853590274242643,0.0171254700895475,0.0119460961571118,0.0141606822926899,27.246
"100029",0.0171831401833517,0.0209164994186817,0.0161240808683655,0.00801214543200347,0.017193690933382,0.011062679721738,0.0141983968967025,27.246
"100030",0.0182538820944885,0.0211855896863827,0.0152144971382106,0.00711199989397662,0.0173710110149181,0.00949540598597388,0.0143336163915002,27.246
"100031",0.0197877212086167,0.0216226911763959,0.0133687187249664,0.00517695319223528,0.0177064354580792,0.00546218629378354,0.0146560041035201,27.246
"100032",0.0193054965190023,0.0213865515345382,0.0136874680857569,0.0058094382820466,0.0175621426237417,0.00679305615868959,0.0147688803897105,27.246
"100033",0.0178593606367385,0.0207545376795792,0.0152603025548745,0.00737281702980601,0.0170720555395126,0.0100100825216993,0.0148512197686344,27.231
"100034",0.015967537222605,0.0208030734345058,0.0169059517932763,0.0087913444868804,0.0172034252221582,0.0123911448623121,0.0139672494589294,27.556
"100035",0.0158036743825581,0.0205979922062752,0.0170625053147403,0.008905156262043,0.0170037514955603,0.0126560058564494,0.0138760073385459,27.565
"100036",0.0171453080869312,0.020707890584592,0.0161810661421743,0.00805222171562262,0.0169875752163167,0.0114716245827583,0.0141374112690794,27.565
"100037",0.0174072851463306,0.0207716193696174,0.0160897521723455,0.00789141795051952,0.0169940099930455,0.0113283885552063,0.0139303657521745,27.565
"100038",0.0176647197488854,0.0208048349669062,0.0158042475687197,0.00766168797722417,0.0170284508763689,0.0110093755933563,0.0140061771963095,27.565
"100039",0.0174502254029214,0.0206262985899906,0.0158891470710061,0.00780614847755958,0.0168997906570162,0.0112722229279437,0.0142218046034661,27.565
"100040",0.0175742208319256,0.0210853946813871,0.0154912992492875,0.00760126726750609,0.0174149867230667,0.0104833749694825,0.0144280632395726,27.903
"100041",0.0169179394910991,0.0206093222075124,0.0161895894151343,0.0081649579928924,0.0169604239710213,0.0117336734458355,0.0142800364808722,27.883
"100042",0.0178673833489378,0.0207321207484678,0.0154525325934122,0.00743319228033193,0.0169940099930455,0.0106302578795612,0.0144848815183235,27.883
"100043",0.0167363764805489,0.0208461626306746,0.0164745708146434,0.00833433145371795,0.0171559984908495,0.0117292431703215,0.0139259029244341,27.883
"100044",0.0165726369505266,0.0205627460017981,0.0166925095251327,0.00847963092648725,0.0168638980137687,0.0121766402400203,0.0135549327695359,27.883
"100045",0.0171789414398116,0.0205827704985679,0.0162066168977501,0.00804685464126209,0.0168478805163601,0.0116356342402495,0.0138361259936655,27.875
"100046",0.0163528046211487,0.0206301672743197,0.0163710430755929,0.00847297613234439,0.0170950385606165,0.0120549426949339,0.0140950446655366,28.2
"100047",0.0171982457112895,0.0203877794902878,0.015904885038789,0.00794330067103878,0.0167454083349594,0.0115969784681385,0.0142873631493829,28.2
"100048",0.0186264347845827,0.0206868741900245,0.014652749690023,0.00667759307664977,0.016914149544221,0.00984595550785663,0.0145374702884764,28.2
"100049",0.0183272349711505,0.0210442383644952,0.014945642327041,0.0069745769085588,0.0172826564079664,0.00972805133181058,0.0143672323000272,28.2
"100050",0.0182585745167906,0.0208118787168236,0.0150450560792744,0.00705776888648922,0.0170548309148456,0.0102485764505626,0.0142199590298426,28.2
"100051",0.0183622291781213,0.0209246468758937,0.0150608005089912,0.00699496056153017,0.0171248931613183,0.0101011766433792,0.0141246619389267,28.193
"100052",0.0165577370705161,0.0203324749665518,0.0160668085481649,0.00829558820339929,0.0168439214524731,0.0120088383376007,0.0141299506422894,28.516
"100053",0.0172802155217648,0.0205322010438016,0.0155978034127434,0.00780116507159299,0.0169490720335319,0.0113022288872201,0.014244839680117,28.516
"100054",0.0182147234506139,0.0205881449174373,0.0149558165817928,0.0070584862593145,0.0168777187692306,0.0104013919716047,0.0143557393547127,28.516
"100055",0.0179250226652638,0.0206417663845373,0.015397782492824,0.00738292781035558,0.0169031364243105,0.0107732178912647,0.014249439031457,28.516
"100056",0.0181935366897229,0.0202766233968807,0.015046946644523,0.00710987021059784,0.0165566985417628,0.0106965097699141,0.014337257067285,28.516
"100057",0.0179362051006736,0.0207070032567588,0.0152120155949878,0.00731242116745305,0.017014844846294,0.01061693461451,0.0141566533504437,28.511
"100058",0.0168321768695731,0.0202266682110522,0.0156920112701822,0.00805579697296272,0.016771179595094,0.0117654992429608,0.0141684247345769,28.831
"100059",0.0175332765667367,0.0205767962935247,0.0151678723146595,0.00752772812521556,0.0170327231097438,0.01091443250435,0.0143156932772267,28.831
"100060",0.0184079923637256,0.0204654688833561,0.0144945060231207,0.00677431972012922,0.0168171548487013,0.0101232126649039,0.0144586133152261,28.831
"100061",0.01761750001149,0.0202177598188021,0.0154640558306074,0.00758508383265433,0.0165758621818754,0.0112722229279437,0.0141640898618905,28.831
"100062",0.0183280134712465,0.0201873011008289,0.0147523779145611,0.00692398481363492,0.0165053353915955,0.0105250549940345,0.0143584627948947,28.829
"100063",0.0170023453716302,0.0201866850169529,0.0149583586122928,0.00774856674904976,0.016890337489201,0.0113516707358906,0.0144460472979185,29.174
"100064",0.0169068191846085,0.0201743570309856,0.0154087545898029,0.00793357093588597,0.016781149745947,0.0116248655499681,0.0142008639847713,29.146
"100065",0.0179378019243577,0.0202134569721865,0.0146912819398387,0.00714665859490448,0.0166831903911996,0.0107025950288155,0.0143572524864831,29.146
"100066",0.0180721365566399,0.0199201941526128,0.0147049622778335,0.00707424260254058,0.0163501592694124,0.0108391886369426,0.0143387735474088,29.146
"100067",0.0176077118724323,0.0198719588985659,0.0151865466059069,0.0075060605964834,0.0163261354576749,0.0113628213373161,0.0142641398636136,29.146
"100068",0.0183069803448008,0.0204497876315215,0.0144931770156729,0.00684148929526421,0.0168373854158982,0.0101987021422376,0.014314780903254,29.123
"100069",0.0157228548881929,0.0199453411363322,0.0157901327337953,0.00857203774641701,0.0168109978527293,0.012451440305435,0.014280647282979,29.476
"100070",0.0148613494415433,0.0199107509571468,0.0165832244276335,0.00911684205813473,0.0167733739228417,0.0131461718512897,0.0140200575743299,29.459
"100071",0.0173110450399073,0.0202146865061245,0.0148523448311176,0.00755387480801619,0.0168478805163601,0.0111242357794117,0.0142601609558902,29.459
"100072",0.0177554863922034,0.0199418864271229,0.014813761422916,0.00729943652395907,0.0164510068514815,0.0110539830215356,0.0141974715489971,29.459
"100073",0.018119548699257,0.0199242839856152,0.0145818413669194,0.00700294561981606,0.0163716236575419,0.0107470660061631,0.0142619976115454,29.459
"100074",0.0179697034729772,0.020201155060877,0.0146828040980879,0.00712405120155507,0.016663234561245,0.0106894038754429,0.0142067203731145,29.458
"100075",0.0145008772201992,0.0201536806719363,0.0166620121206615,0.00916521782642313,0.0171695998564609,0.0136173016541644,0.0145433920246092,29.824
"100076",0.0141917298677722,0.0201184219710458,0.0167353987626325,0.00937595230450908,0.0170890566236393,0.0134875245382017,0.0141339926539981,29.805
"100077",0.0148951476599627,0.0198298765353454,0.0164368291760943,0.00906558036196293,0.0167362016869222,0.0131108643620301,0.0140354875658196,29.771
"100078",0.0161511377933896,0.0204467698047711,0.0155251075711928,0.00830986156981076,0.0172287652456561,0.0118523754532669,0.0141841968428679,29.771
"100079",0.0173642203541104,0.0203370421136547,0.0147166739330323,0.00748100067508931,0.0169821120412622,0.0109449065853793,0.0141277733523527,29.771
"100080",0.0175693134256115,0.0201731235708548,0.0147510817345046,0.0073809072118254,0.0167520076228593,0.0109664580575414,0.014095669288052,29.771
"100081",0.0177312273007832,0.0198981488977864,0.014936731789992,0.00735456833786479,0.0163820254377942,0.0111576888813323,0.0139922731727403,29.771
"100082",0.0173326705773067,0.0202272823520981,0.0153194368104776,0.00769037706075195,0.0167213722700879,0.0113386413563442,0.0138089971182592,29.763
"100083",0.0154888063962264,0.01998953989663,0.0157695164682152,0.00855344954732297,0.0170753421608036,0.0126011330986099,0.0152106248463272,30.145
"100084",0.0137943698968398,0.0197280371483416,0.0168427512338133,0.00943202169431498,0.0169161148457993,0.0139440311163998,0.0148403626751703,30.085
"100085",0.012765449784964,0.0197660065190925,0.0175097011967334,0.00992445337554971,0.0169357458094104,0.0145909424129752,0.0143378636923638,30.083
"100086",0.0131580560247911,0.0197529377889115,0.0172663990822962,0.00977266036557849,0.0168962468093529,0.0143802579382338,0.0143275450697773,30.084
"100087",0.0157284442800953,0.0203227262421741,0.0154804100404341,0.00836830761997675,0.0173507350612328,0.0120787471334368,0.0150068603367883,30.142
"100088",0.0159290510273368,0.0203090044554287,0.0153696921935192,0.00830700965447921,0.0172612492465587,0.0122109655727711,0.0147388478285178,30.118
"100089",0.0157265814082142,0.0201598562639525,0.0155870195839741,0.00851003855535962,0.0170674137078166,0.0124709038447688,0.0144322629601041,30.083
"100090",0.0164935757850225,0.0203735204993122,0.0150727506831402,0.00802593468134942,0.0171866227295361,0.0116329434387453,0.0143886637851337,30.083
"100091",0.0165366751475515,0.0204720974886806,0.01518219218457,0.00803670307976801,0.0172352326336276,0.0114963083031549,0.0142002472817086,30.083
"100092",0.0170617310804006,0.0201879171546929,0.0148715833395488,0.00769164864136106,0.0168966406347765,0.0112787967417616,0.0140628121735437,30.083
"100093",0.0168862668295699,0.0202082301205459,0.0151890340519108,0.0078760667550093,0.0168824527336816,0.0115063423738871,0.0139799293002337,30.083
"100094",0.0174072851463306,0.020264076482487,0.0149755013180811,0.00754081739875117,0.0168294569586234,0.0111021716990742,0.0140112273368842,30.083
"100095",0.0181029710069423,0.0203774660690908,0.0143047046117755,0.00691144003671189,0.0168867901506591,0.0102819875532245,0.0140725265447217,30.072
"100096",0.0107513730853623,0.0191787151185462,0.0183566762612542,0.010644826454819,0.0164530705056945,0.0155146386126167,0.0141246619389267,30.444
"100097",0.00903219865403939,0.0190739586185515,0.0189840288567806,0.0110822222590746,0.0164309657289655,0.0161109836618236,0.0138319334473157,30.469
"100098",0.0109428638695205,0.019035452215154,0.0182780102351104,0.0105622475820156,0.0163564161480125,0.015535784655245,0.0141609921298551,30.459
"100099",0.0132836408257869,0.0192984641049145,0.0171518047746444,0.00968125914054645,0.0165340187754018,0.0143966758224349,0.0145835505556156,30.411
"100100",0.0134314084677523,0.0193802727660477,0.0170572317418639,0.00962675857123389,0.0165876671388659,0.0143043789318141,0.0145113653381099,30.393
"100101",0.0129880024132989,0.0194846986357394,0.0173243258544486,0.00983053196086865,0.0166813779597914,0.0145004567977725,0.0142864476684041,30.393
"100102",0.0138561233330868,0.0198561551602341,0.016889915639927,0.00945869323698412,0.01696159754672,0.0137859336452719,0.0142846164043739,30.393
"100103",0.014374220586366,0.0199801489728894,0.0164423871237989,0.0091617388067235,0.0170969674324081,0.0131850740346858,0.0145873793124386,30.393
"100104",0.0148084835353365,0.0200594372924851,0.0161246521354817,0.00893251882006478,0.0171456410759966,0.0128473056934161,0.0147145138718497,30.393
"100105",0.0151623611368614,0.0200497871715889,0.0159867158030799,0.00880292405951123,0.0170461101747212,0.0128581555725789,0.014343624435262,30.393
"100106",0.0165910210312815,0.0202484520172537,0.0148888678709808,0.00792809058000488,0.0170919515691631,0.011605084847951,0.0143989073802128,30.393
"100107",0.0169674491121,0.0204754105069374,0.0146834564862244,0.00767764496262459,0.0172424558423445,0.0111357220271876,0.0143345267092084,30.393
"100108",0.0170490259830642,0.0204222991589771,0.0146219513646179,0.00761804681327846,0.0171849026633024,0.0110142370727605,0.0142763707263694,30.393
"100109",0.0169895881942623,0.0202334221261566,0.0147905428101318,0.00770307959289032,0.0169834781248637,0.0112458712467262,0.0141016008344763,30.393
"100110",0.0167155782144254,0.0202429329026643,0.0151809477388374,0.00795543932756334,0.0169698085800001,0.0115608491056315,0.0139545498333103,30.393
"100111",0.0171056897990296,0.0205138992462518,0.0149818434111653,0.00769673201093685,0.0171577236575474,0.0110896721881729,0.0140358021605998,30.393
"100112",0.00976619950987254,0.0187495367335109,0.0185557268333924,0.0108705284485203,0.0161757798649217,0.015919612707301,0.014056224922235,30.735
"100113",0.00863661488433467,0.0185509969205876,0.0189853883746772,0.0111692414099692,0.0159798015732176,0.0162799172266159,0.0137853463322857,30.703
"100114",0.00971556765428377,0.0186387984507694,0.0186819727119421,0.0109180709413034,0.0160253024142519,0.0159924034528344,0.0138109379289584,30.703
"100115",0.0102503582011222,0.0188034814396123,0.0184754352884154,0.0107515654793642,0.0161927726027481,0.015809216009498,0.0139370553971022,30.703
"100116",0.0114018134443157,0.0193305276684644,0.0180741130536837,0.0103859775205953,0.0166458650064202,0.0151563936213587,0.0140678274799624,30.703
"100117",0.0130530910369608,0.0195221260607951,0.0173619343171886,0.00982602798663854,0.0166827876585983,0.0144555540123629,0.0139916406081559,30.703
"100118",0.0145039502170855,0.0197034064382199,0.0165287484599546,0.00916670826666342,0.0167635953013398,0.0135278718319547,0.0141746134646445,30.703
"100119",0.0156584086887039,0.0201980777138783,0.0156973534263294,0.00848517098470322,0.0171728537103341,0.0121825107106879,0.0144565202804832,30.703
"100120",0.0157386854554171,0.0203522541255656,0.0155239019285775,0.00838578623023709,0.0173535536585893,0.0119219019313096,0.0145885570445818,30.703
"100121",0.0165805187683239,0.0204129214546217,0.0147530259440293,0.00778681278896295,0.0173728863130685,0.0111366784300755,0.0147921987409346,30.703
"100122",0.0159363901322528,0.0204708925425492,0.015450712020658,0.00832410055182668,0.0173850670805196,0.0118015921317277,0.0143023017780538,30.703
"100123",0.0161439130072254,0.0204931657465224,0.0153922922841809,0.00826061547536636,0.0173226931467797,0.011805982634843,0.0139875277416001,30.703
"100124",0.0169299056307891,0.0205015833761688,0.014793125208565,0.00772902813353246,0.0172496737318906,0.0112099626833304,0.0139685183320398,30.703
"100125",0.0175152255350353,0.020483237877637,0.0140148590223923,0.00717407613683849,0.017248724313124,0.0104013919716047,0.0142959027886431,30.703
"100126",0.0175578565572276,0.0206030621205129,0.0139967219712816,0.00714172182270225,0.0173507350612328,0.0102755333236767,0.0143333129302164,30.703
"100127",0.0171965680874077,0.0203628917441614,0.0146206387561122,0.00754081739875117,0.0170844229155526,0.0109674361940752,0.0140769099104522,30.703
"100128",0.0166268451039856,0.0204244157540152,0.0152559779591912,0.00801694547487317,0.0171444895725342,0.0115209145094769,0.0138193427053949,30.703
"100129",0.0164335447585374,0.0201725067956406,0.0150589124098544,0.00799230238249815,0.0170790141269894,0.0116383241290953,0.0144403565040851,31.003
"100130",0.0162339520834331,0.0205636432868451,0.0152436123818939,0.0081103406496365,0.0174632283633842,0.0114716245827583,0.014423260988815,31.011
"100131",0.0168166851237913,0.020578588845747,0.0146193259804686,0.00764632519017266,0.0174715862450516,0.010867990316631,0.014555518665369,31.011
"100132",0.0168596765575585,0.0205012828415331,0.0146566747876073,0.00768592419908682,0.0173373827579179,0.0110510818896304,0.0142751484491932,31.011
"100133",0.016645159024575,0.0205893389286455,0.0150463164935372,0.00794269305343351,0.0173481036434556,0.0115708011837916,0.0137804779499144,31.011
"100134",0.0169110972400499,0.0205857565633469,0.0149348214082177,0.0077799354890437,0.0172958941180491,0.0111843457907638,0.0135862649517553,31.011
"100135",0.0171107534412052,0.0206649334441313,0.0143337736223514,0.00749420479253908,0.0174617417808866,0.010652749296196,0.0141280844290266,31.011
"100136",0.0174609411284471,0.0207090735939646,0.0140023061510629,0.00719785898266953,0.0174765975999072,0.0102518167680826,0.0142699517665085,31.011
"100137",0.0165410656409056,0.0206649334441313,0.0150557648317119,0.00799350696348407,0.0174451885131463,0.0113022288872201,0.0139169698985746,31.011
"100138",0.0153515404934559,0.0205669327974246,0.0161605842665102,0.00881238235175618,0.0173770107160117,0.0124091154480563,0.0134534189077022,31.011
"100139",0.0158959758858207,0.0204056565705691,0.0154713273950094,0.00830643910621032,0.0173706359125489,0.0118007137434846,0.0143196457452051,31.315
"100140",0.0158932159811958,0.0207214886848027,0.0155178717227003,0.00832353164991309,0.0176378357340719,0.0116338404740377,0.0142282608768452,31.319
"100141",0.0165015018885602,0.020619748945745,0.0149558165817928,0.00791894479960069,0.0174982843165702,0.0111947926850756,0.0142714805396848,31.319
"100142",0.0171048456878157,0.0204826359417095,0.0144097685594728,0.00749552340622421,0.0173004286609507,0.0109085198593807,0.0141557233150648,31.319
"100143",0.0168020386531466,0.0208350375575612,0.0148240642589612,0.00779555338489949,0.0175867644784976,0.0111040928689002,0.0137469683824852,31.319
"100144",0.0168613935425113,0.0207898543450286,0.014778267676169,0.00775422629308136,0.0175391196039824,0.0110915965351929,0.0136637283630146,31.319
"100145",0.0174658842486743,0.0207924992362569,0.0139505314193552,0.00717687987155354,0.0175637982331116,0.0101550404456726,0.0141572733157848,31.319
"100146",0.0174056311175591,0.0208186254080596,0.0141112628742568,0.00726097578040702,0.0175680279880402,0.0102528965400638,0.0141175012209627,31.319
"100147",0.0164512276022075,0.0208870681949932,0.0150419043883054,0.00802773082483916,0.0176777424365675,0.0111843457907638,0.0138782528448122,31.319
"100148",0.016207001925023,0.0206922055146096,0.0153458193473302,0.00823005944161758,0.0174879102524822,0.0115825465629698,0.0137472943922943,31.319
"100149",0.017386596526723,0.0208473331397802,0.0142415462033188,0.00731105588934461,0.0175693149492333,0.0103088164182709,0.0141457964064429,31.329
"100150",0.0155238465189176,0.0204895565008177,0.0157370420369275,0.00854577905248977,0.0174630425527462,0.0120506846395211,0.0139773949108991,31.632
"100151",0.0157060727194849,0.0206340348009144,0.0156450079014246,0.00846409162646562,0.0175510982045347,0.0118750370892076,0.0138971545318356,31.625
"100152",0.0163652565814565,0.0205818745442742,0.0151028809079915,0.00805222171562263,0.0174414648733117,0.0114880890413528,0.0139634416522233,31.625
"100153",0.0165997669674768,0.0206625592433949,0.0149233518329037,0.00790917290438359,0.0174765975999072,0.0113785905949112,0.0137710573659001,31.625
"100154",0.0166738904119543,0.0208733498794976,0.0149278137083513,0.00788773749375188,0.0176329047203239,0.0112486989746175,0.0135556007063561,31.625
"100155",0.0171562474053025,0.0209513815034975,0.014445884812196,0.00749815965568424,0.0176835602970101,0.0106076964265394,0.0137169185387231,31.625
"100156",0.0171014687545178,0.0209173726028484,0.0143896483875263,0.00751132140141594,0.0176821061475804,0.0105953604500459,0.0138740821224507,31.625
"100157",0.0172233870862145,0.0209991935307466,0.0143506358461043,0.00743185809169375,0.0177307061030113,0.0104729169011857,0.0138409608397919,31.625
"100158",0.0171419404962682,0.0210119140941703,0.0143997134570111,0.0074902469930378,0.0177541965286972,0.0104676821165986,0.0139198423012258,31.625
"100159",0.0171394142942211,0.0207680870667404,0.0144685591363324,0.0075178901318643,0.0175149342884127,0.0106271854548588,0.0139319590247743,31.625
"100160",0.0166015155065832,0.020825954811713,0.0149742324423196,0.00793843789914729,0.0175968529323702,0.0111204031609464,0.0138483686465199,31.628
"100161",0.0152814016326801,0.020196846565491,0.0158611137477437,0.0087437486381479,0.0171615562692246,0.0125322463182571,0.0134398744593475,31.924
"100162",0.0154498692922435,0.0203343020218923,0.0157695164682152,0.0086544535729613,0.0172644727776327,0.0124490042228284,0.0133840957608458,31.931
"100163",0.0159207897932349,0.0205348991052694,0.0154810152814658,0.00839028853315831,0.0173897479957889,0.012129526215516,0.0134300400678319,31.931
"100164",0.0165603676031104,0.0207901482483569,0.015036228983414,0.00797661954434573,0.017559934717394,0.0115436294845884,0.013460182365483,31.931
"100165",0.016528768814006,0.0209074731062774,0.0150280258091519,0.00798748150414343,0.0176782880040735,0.011382296351654,0.0134222315817376,31.931
"100166",0.0166373130952545,0.0210451031036456,0.0149309996046836,0.00790489235824245,0.0177981392350293,0.0111452806388628,0.0134395355479399,31.931
"100167",0.0165243744901539,0.0210851073200494,0.0151247972385772,0.0080145459586464,0.0178171697664878,0.0113153198127061,0.0132823998639308,31.931
"100168",0.0165612443384628,0.020980668905266,0.0151591464772513,0.00800914335104322,0.0177024451285301,0.0112326613681031,0.0132962206561678,31.931
"100169",0.0175406548037984,0.0209458646841378,0.0141140232771391,0.00718108258864945,0.0176438592372329,0.0101155080680289,0.0137953983172673,31.931
"100170",0.0172158491929262,0.0207869149468898,0.0144871943422889,0.00748232256127309,0.0175049476485732,0.0105799107842922,0.0137355496704812,31.931
"100171",0.0157144664301291,0.0206741293618856,0.0158071859100058,0.00856985384081089,0.0174797516009746,0.0120302151754347,0.0133793156563782,31.931
"100172",0.0168054862278219,0.0211181129836082,0.0146795415406169,0.00774667894239409,0.0178797538797077,0.010647643730268,0.0139643937709473,31.959
"100173",0.0157032736470738,0.0202967948752499,0.0155082164752991,0.00848184756026016,0.0172339014615755,0.0121766402400203,0.0133956924057995,32.224
"100174",0.01520894593149,0.0200858593572731,0.0159002242401053,0.00879924197370863,0.0170509559990012,0.0128813601949538,0.01311635569584,32.235
"100175",0.0152659782391496,0.0205259033650991,0.0159664586761172,0.00879029073483552,0.0174179737173509,0.0126916052006209,0.0130181949766003,32.235
"100176",0.0156574723992428,0.02085815537931,0.0157594890485225,0.00857585770012511,0.0176761055563085,0.0122833371731228,0.0130521252407801,32.235
"100177",0.0160778109315573,0.0210442383644952,0.0153654111963439,0.00828414460167571,0.0178406393401883,0.0116544443427187,0.0132868943276343,32.235
"100178",0.0164370831113818,0.0209293002929401,0.0150645757005838,0.00804028804151969,0.0177142301741718,0.0113971017083436,0.0133587962218404,32.235
"100179",0.0166634493538926,0.0209653084124717,0.0150645757005839,0.00793296227028447,0.0176841055488179,0.0112571759071363,0.0130961867142983,32.235
"100180",0.0170295232482224,0.0209182457288328,0.0147199248258473,0.00764888866773474,0.0176232182622379,0.0108132706398606,0.0133255082711505,32.235
"100181",0.0174971526685072,0.021019425016045,0.0140343540790681,0.00718038237594664,0.0177428195391454,0.0101088972684424,0.0138348362116148,32.235
"100182",0.0174987965606218,0.0210574914704408,0.0140239150782914,0.00717547819671872,0.0177796129501084,0.00995280746824474,0.0138576992432289,32.235
"100183",0.0166747601541882,0.020817159032956,0.0148587615924425,0.007869298884629,0.0175974029191041,0.0110326820476948,0.013663398924094,32.235
"100184",0.0167666530865038,0.0206631528344044,0.0147491371615176,0.00779492951351673,0.0174580243502821,0.0110414033701599,0.0137687817742775,32.237
"100185",0.0162061026814822,0.0202226755684921,0.0148811893718114,0.00808372632060387,0.0172018989156366,0.011632046301954,0.0137472943922943,32.553
"100186",0.0150235551222684,0.020177748425773,0.0159107083147714,0.00886935521615846,0.0171808879971799,0.0127959742083328,0.0131582922002714,32.539
"100187",0.0146758459403431,0.0205800824488855,0.0162744745167921,0.00908522844561534,0.0175284188430982,0.0129552060517557,0.0128740022492688,32.539
"100188",0.0153859915923508,0.0207554217657069,0.0158435571805635,0.0087070103129531,0.0176301642197463,0.0124595555349545,0.0129862694076818,32.539
"100189",0.0159492240407073,0.020786032998054,0.0154330974434807,0.00836435372755447,0.0176208409076819,0.0120096944832483,0.0131099922954055,32.539
"100190",0.0157247182776143,0.0209188277805039,0.0155708239744294,0.00849457743035112,0.0177644789558684,0.0119891222177121,0.0131216544855194,32.539
"100191",0.016105014666105,0.0209057253594128,0.0153959527317636,0.00828471730963967,0.0176975457423008,0.0117310155751012,0.01305212524078,32.539
"100192",0.0170074451018475,0.0208713054944207,0.0146212950812537,0.00763091888542599,0.0176109596975884,0.0108152675682495,0.0132965658602014,32.539
"100193",0.0173310081974417,0.0209272646262249,0.0140939929792493,0.00729532935735103,0.0176937334583264,0.0103366101949749,0.0137231337394112,32.539
"100194",0.017144466261963,0.0210208689330054,0.0142803031809187,0.00745316484776345,0.0177900494017394,0.0103812776169774,0.0137642286538497,32.539
"100195",0.0167994524278249,0.0208438212976648,0.0146015871214744,0.00773155314688033,0.0176506085630487,0.0108192598029612,0.0137156094594789,32.539
"100196",0.0164556448329168,0.0207138045530371,0.0148369285413523,0.00796936666988564,0.0175706017446119,0.0112023814517009,0.0137551146509937,32.539
"100197",0.017298554349649,0.020699014573406,0.0140225223787397,0.00729669877402712,0.0175116065216118,0.0103642947543534,0.0140087026571192,32.54
"100198",0.0175250742543181,0.020457329089858,0.0138617419909167,0.00712192658315856,0.0172584040747321,0.0103398101193025,0.0139529609850483,32.602
"100199",0.014897132991461,0.0201817552650504,0.0156616902125518,0.00880397568640855,0.0173323003708192,0.0125024373776409,0.0135719475477573,32.841
"100200",0.0146738254651082,0.0202134569721865,0.0158879804160176,0.00896642907021125,0.0173302290168529,0.0127034391462364,0.0133017420762521,32.841
"100201",0.0155597374213037,0.0202407859314933,0.0153360101078564,0.00850562512244554,0.0172572657749342,0.0122584522413594,0.0133337577464118,32.841
"100202",0.0158554408257742,0.0206379011706841,0.0152293743591564,0.00834851181643,0.0175654535679906,0.0118837362293783,0.0132962206561678,32.841
"100203",0.0162222801255396,0.020817159032956,0.0149951494287119,0.00811977398966292,0.0176890114848138,0.011478031545395,0.0133175942918588,32.841
"100204",0.0161989066263179,0.0209731358131439,0.0150299194129331,0.00813742009482811,0.0178277467598371,0.011373028637417,0.0132903498329376,32.841
"100205",0.0160423652011073,0.0208683843896761,0.0152411375588694,0.0082680861234845,0.0177209324292104,0.0117061660564062,0.013116709062775,32.841
"100206",0.0166547426099957,0.0208642937461492,0.0148182701636795,0.0078662198730993,0.0176562599101884,0.0111615027315635,0.0132101306167062,32.841
"100207",0.0173343327702833,0.0209010635604382,0.0140586690247374,0.00728367469448423,0.0176771968394408,0.0103344761043909,0.0135522604572766,32.841
"100208",0.017282717614362,0.0210003504539133,0.0140092819376922,0.00729532935735103,0.0177941850137682,0.0101243126194757,0.0137280370669043,32.841
"100209",0.0172785472240553,0.0210376068123964,0.0139484266921602,0.0072788680871891,0.0178431443282797,0.010044663088564,0.0139118608914966,32.841
"100210",0.0168674013764121,0.0208593248143603,0.0142796245190779,0.00760191359774683,0.0177229241318263,0.0106097503771908,0.0139306844317113,32.841
"100211",0.0164582945042622,0.0205561640007947,0.014677583512451,0.00792443404853988,0.0174667581049041,0.0112336056867999,0.0138190196069464,32.841
"100212",0.0162903773718809,0.0202456927601732,0.014957723162103,0.0080878744165402,0.0171592568829273,0.0116490745744696,0.0136131648457218,32.841
"100213",0.0166860619674137,0.0205758999239276,0.014654058221546,0.0078080161021427,0.0174252507433342,0.0110964052609653,0.0137713823977456,32.857
"100214",0.0139358163325432,0.020062237552822,0.0162139876004192,0.00929217188302045,0.0172875753534003,0.0131648958758035,0.0133533152291042,33.142
"100215",0.0143202793780632,0.0202952678531734,0.0160213578678306,0.00911534014184086,0.0174582102548853,0.0128302286704968,0.0132515597335556,33.142
"100216",0.0147222271864057,0.0203528622285945,0.0157529958937441,0.00892272316443609,0.0174691724684048,0.0125659579211296,0.0132664753825725,33.142
"100217",0.0153974552155043,0.0204892556845291,0.0153983923446594,0.00858294556040321,0.0175077227204542,0.0122168118622447,0.0132522541236334,33.142
"100218",0.0154954427336194,0.0205848608165154,0.0154906945779966,0.00856876159454045,0.0175433598306346,0.0122393234811036,0.0130439244363581,33.142
"100219",0.0156406079518501,0.0208095312230559,0.015444033982999,0.00849457743035112,0.0177209324292104,0.0120071257775953,0.0130296410565397,33.142
"100220",0.0158101560558705,0.02079102991855,0.0152997613991349,0.00838466012337748,0.0176975457423008,0.0118296500672764,0.0130492737901333,33.142
"100221",0.0164317752471529,0.0208835670137946,0.0147976428681533,0.00796573675023279,0.0177415546368093,0.0111405028371267,0.013244612395842,33.142
"100222",0.0166268451039856,0.0208490887067588,0.0146860656278114,0.00784090780193488,0.017683378539835,0.0110559164890198,0.0132286097416193,33.142
"100223",0.0168794095246696,0.0209600875526118,0.0144003841069649,0.00762963305185919,0.0177821330802315,0.0105871247447767,0.0134655889357012,33.142
"100224",0.0167960034011855,0.0211017639550004,0.0143667971887358,0.00765976999734028,0.0179417778074018,0.0105052872333953,0.0136969317358784,33.142
"100225",0.0168888374774551,0.0209641484007507,0.0142490372640469,0.00757989486926841,0.0178187839201095,0.0105021610158236,0.0137798286092339,33.142
"100226",0.0166982231235904,0.0205648395696953,0.0144625620149244,0.0077466789423941,0.0174595114896107,0.0110054841409079,0.0136949631158273,33.142
"100227",0.0157554269120324,0.0203291246842543,0.0152942212204416,0.00841330971459393,0.0172953271531214,0.0119856884682608,0.013458153940566,33.142
"100228",0.0156771207138148,0.020259176760074,0.0154251919912297,0.00848295557180203,0.0172173417783433,0.0121202400741665,0.0133625621669598,33.142
"100229",0.0154050920757391,0.0198463467502934,0.0156753747120839,0.00866629104804114,0.0168441194445474,0.0125779656754645,0.0133113951087832,33.149
"100230",0.0130820259533893,0.0197933742607919,0.0166297950564692,0.00967619680785989,0.0170921445348643,0.013906825070079,0.0129948918074167,33.443
"100231",0.0130808699971698,0.0200929993267263,0.0167619228098609,0.00970743183103492,0.017317791736991,0.0139213114255407,0.0127726150151036,33.443
"100232",0.0132210232317652,0.020450994563189,0.0167446077334548,0.00966006455965822,0.0176107766202235,0.0137044673591254,0.012777421535308,33.443
"100233",0.0139433272264217,0.0204760127819634,0.016395617259203,0.00935667478298509,0.0175746448797842,0.0134288498073148,0.0127692856050645,33.443
"100234",0.0145968043168203,0.0205039874001228,0.0160708270360631,0.00905750226622565,0.0175376443197523,0.0130648306771073,0.012757806218749,33.443
"100235",0.0154060463712418,0.0206518699470246,0.015467086238282,0.00859600926591573,0.0176336353939474,0.0122426533725012,0.0130185529280522,33.443
"100236",0.0154907028327195,0.0205666337857129,0.0154087545898029,0.00854797160992409,0.0175503614751223,0.0121615256443093,0.0129596216326047,33.443
"100237",0.0157693622122993,0.020734777404805,0.0151778359914155,0.00836830761997675,0.0176893747922731,0.0117061660564062,0.0131311830645501,33.443
"100238",0.0168097945305762,0.020869260789632,0.0144251670860112,0.00767381953986342,0.0177133241218291,0.0107127258612058,0.0133929653334972,33.443
"100239",0.0170887982866804,0.0205531710697093,0.0141326360052762,0.00744784619105216,0.0174148000059977,0.010647643730268,0.0134659267226692,33.443
"100240",0.016717312561913,0.0208657548372248,0.0144485549992886,0.00772713361218762,0.0177307061030113,0.010722842656714,0.0134999685883505,33.443
"100241",0.016204304018896,0.0208499664017649,0.0149831113729838,0.00812389623483153,0.017726544400878,0.0112984845342178,0.0133341012845126,33.443
"100242",0.0158231100658981,0.0206993105383393,0.015397172606733,0.00840826387383536,0.0175854797629748,0.0117716729409765,0.0131103459567143,33.443
"100243",0.0153016171852183,0.0205132987459181,0.0158089485430422,0.00873312220517808,0.017441837300228,0.0122949248673693,0.0129689950728471,33.443
"100244",0.015313154885276,0.0203010695617253,0.0157204730341457,0.00870754430953695,0.0172709166653228,0.0123755939812283,0.013149149189304,33.443
"100245",0.0150343614065025,0.0200070508030666,0.0159258347050998,0.00887195632366265,0.0170185398038609,0.0127380590930678,0.013164615596313,33.443
"100246",0.0148384347510455,0.0198596337052863,0.0159473256595985,0.00895001029435969,0.0169302531753733,0.0128967959343112,0.0134449563715652,33.46
"100247",0.0114883416323325,0.0199942327186631,0.0171852531115477,0.0101792932376581,0.0174535615946581,0.0142805037679574,0.0130620969096095,33.748
"100248",0.0128022642796343,0.0195467979796604,0.0166084503468564,0.00974901187256467,0.0169433910457465,0.0142205581583568,0.012988066551081,33.742
"100249",0.0120712858703712,0.019981714616133,0.0173434021317467,0.0101134000552168,0.0172473949723869,0.0145257466410054,0.0124579148283887,33.742
"100250",0.0118361660243528,0.0203422162352328,0.0174684642617971,0.0101955661705773,0.0175724397361954,0.0145432172210038,0.012520949601954,33.742
"100251",0.0127749622070255,0.0201447206942051,0.0170054278866606,0.0098512129780952,0.0173543051485522,0.0141924562494379,0.0125537878693885,33.742
"100252",0.0137628267460642,0.0201450297648624,0.0165386721139067,0.00945393821822075,0.0172777349984592,0.0136542518271151,0.012600499617049,33.742
"100253",0.0144967787030793,0.0203607649301389,0.0160455442506102,0.00908673736354089,0.0174409062067057,0.0131078530231562,0.0127503907463097,33.742
"100254",0.0148812416444488,0.0206649334441313,0.0157612592506045,0.00887247641652296,0.0176982717278567,0.0125483160350006,0.0128440232490925,33.742
"100255",0.0159446418921181,0.0206871704322647,0.0149297253618434,0.00822543333916842,0.0176631830299133,0.0115345513697288,0.013180401326094,33.742
"100256",0.0166564843856122,0.0203683590668995,0.0144037366925432,0.0077535977416365,0.0173076040808529,0.0111824448166988,0.013208385012017,33.742
"100257",0.0159455584453252,0.0204522013811658,0.0150463164935372,0.00826176542405522,0.0174209598108053,0.0117114974667888,0.0130929972621669,33.742
"100258",0.015750778599829,0.0206818370354753,0.0152831323166805,0.00840601991090482,0.0176188288591817,0.0116812389023345,0.0130702781617009,33.742
"100259",0.016211497265638,0.0206693838972785,0.0149989480739444,0.0081280155413858,0.017556806013838,0.0114266280719964,0.0131117604382619,33.742
"100260",0.0161022967169382,0.0205009822998645,0.0152324711870772,0.00824564561456513,0.0173725112819265,0.0116990519627901,0.0129002268513577,33.742
"100261",0.015130236513824,0.0203549903608314,0.0160161683306858,0.00885685494440005,0.0172834133291066,0.0125491187284833,0.0127098457115668,33.742
"100262",0.0149139958019766,0.0202398656896973,0.0161057851436564,0.00896130274543365,0.0172089560873894,0.0127341319604108,0.0128465871209837,33.742
"100263",0.0151516618005774,0.0202879355928821,0.0157895442273049,0.00878712841264641,0.0172818994285051,0.0124757627710255,0.0131558316929732,33.742
"100264",0.0144155529005769,0.0200201679450848,0.0162564184171779,0.00917564376253942,0.0170921445348643,0.0130920268145837,0.0132543369193346,33.742
"100265",0.0152050702548558,0.0202364908982149,0.0155033856532721,0.00868936252911755,0.017301750842195,0.0123559096897196,0.0135965707618342,33.789
"100266",0.0129973241876305,0.0196732709945193,0.0163967330268391,0.00964111848060901,0.0170772749477208,0.0141252162003503,0.0132020975547992,34.045
"100267",0.0136093422223552,0.0198510937211256,0.0160719749137681,0.00937643352883905,0.0171977003438119,0.0137002342340445,0.0132122248199731,34.04
"100268",0.011955045942158,0.019981714616133,0.017171675867555,0.010096073248865,0.0173266501974794,0.0146204943535907,0.0126971531204554,34.04
"100269",0.0107338985200181,0.0202389453811065,0.0177582687635965,0.0104705145080079,0.0176252294293812,0.0150142497297163,0.0128187036628739,34.04
"100270",0.0120101368674115,0.0198561551602341,0.0171815991963817,0.0100778349951688,0.0172135309915008,0.0146767856135072,0.0127611407694924,34.04
"100271",0.0136983897395076,0.0199989237831132,0.0162936280463624,0.00941051211568514,0.0172361833600855,0.013776138986411,0.0129614251207724,34.04
"100272",0.0133594560210897,0.0203789832712542,0.016611736680204,0.00958722929797377,0.0175562537878573,0.013818741281693,0.0126491728272876,34.04
"100273",0.0130635162623037,0.0208417722868418,0.0168443621958512,0.0097239109652825,0.0179605415253792,0.0136393473197914,0.0124467113429181,34.04
"100274",0.0149713602594468,0.0206152813744389,0.0156747800861015,0.0088171061503463,0.0176551663494071,0.0124781911932999,0.012760770337692,34.04
"100275",0.015649979719429,0.020280904871816,0.0152138768062178,0.00843512602699138,0.017302317436892,0.0121371162165256,0.0127951418660843,34.04
"100276",0.0157126016153541,0.0203236405022107,0.0151946286942921,0.00840321377242178,0.0173290990038274,0.0119607505011478,0.0128677969357966,34.04
"100277",0.0158083044671128,0.0206533550996636,0.0152033256694172,0.00836039720574199,0.0175990526979025,0.0116248655499681,0.0129790765626121,34.04
"100278",0.0163082423173902,0.0207557164477246,0.0149214390213152,0.00806056051547516,0.0176283368029538,0.0112184825871741,0.0130517688679094,34.04
"100279",0.0163652565814566,0.0204967739778093,0.0148427123111031,0.00801694547487317,0.0173970458007679,0.0113971017083436,0.0129787167407658,34.04
"100280",0.0156011744364663,0.020548979797026,0.0155160620127941,0.00853425512821719,0.0174762264751228,0.0120165404272223,0.012777421535308,34.04
"100281",0.0151856744753332,0.0204319721652637,0.015938618063174,0.00881343239239804,0.0173614414498769,0.012447379779118,0.0126209136529273,34.04
"100282",0.0155389703228798,0.0203019853790554,0.0155870195839741,0.0085829455604032,0.0172489142042318,0.0122251565907988,0.0128936792797767,34.04
"100283",0.0148254645999371,0.020176206995495,0.0159971195943124,0.00896386642302242,0.0172060956855103,0.0127521820844735,0.0129505977246062,34.04
"100284",0.0134895388161792,0.0199186207829558,0.0168845654547212,0.00962861315485829,0.0170300046339243,0.0137030565306074,0.0126514288847332,34.04
"100285",0.0134672157981813,0.0196755176630394,0.0167429831428782,0.00960027598410455,0.0168613291072487,0.0137656333584561,0.0129379460968032,34.042
"100286",0.0133887413764844,0.0194902386139591,0.0166177592312494,0.00959189169287602,0.0167544062303948,0.0138215281475407,0.0133735073009821,34.047
"100287",0.011389583579191,0.0194108093250786,0.0173176163023062,0.0102653815791583,0.0168867901506591,0.0149684931366621,0.0127158111761951,34.34
"100288",0.0129096225541411,0.019671665980506,0.0165204722893511,0.00969137265700473,0.0170629632008647,0.0142625588889809,0.012973677436413,34.337
"100289",0.0120063029284598,0.0191599799470933,0.0168475834646253,0.00999386274642628,0.0167217733693868,0.014842533229926,0.0130056560199906,34.337
"100290",0.0100069641012271,0.0188069310149102,0.0176888280623288,0.0106174004578561,0.0165053353915955,0.0156809029240256,0.0128275202041815,34.337
"100291",0.00982137971714339,0.0191907437463617,0.0179132417990121,0.01068297665859,0.0168167577428116,0.0156913172102091,0.0127655845125567,34.337
"100292",0.012607278331134,0.0196822552127571,0.016703382326619,0.00977674521369262,0.0171310453006063,0.0143143096812516,0.0132834372794928,34.337
"100293",0.0138528811958996,0.0199179913795408,0.0160415167775951,0.00928339370158965,0.0172198179943375,0.0135666116453839,0.0132470446752756,34.337
"100294",0.0140766602402259,0.0204177624186277,0.0160334575267825,0.00921866058070224,0.0175966695967389,0.0131581597300732,0.0129913003342842,34.337
"100295",0.0151224366764805,0.0203321704318478,0.0153556197029155,0.00867917878542078,0.0174496550361649,0.0123714968760188,0.0129520422749833,34.337
"100296",0.014853383814682,0.0203792866900504,0.0157382245907033,0.00888027267184405,0.0174557932233577,0.0126290108223076,0.0125705319903243,34.337
"100297",0.0153783436109409,0.0202604018680112,0.0153758049720279,0.00858784772413915,0.0173126992271677,0.0122168118622447,0.0127184195574217,34.337
"100298",0.0160805337329581,0.0203983875553867,0.0148856691789336,0.00815852466308471,0.0173766358414473,0.0115662790693602,0.0128601244518458,34.337
"100299",0.0160605539546047,0.02054209117074,0.0149195258619276,0.00817488641771569,0.0175036523501396,0.0114118789007199,0.012822378486029,34.337
"100300",0.0165489650881225,0.0209261012461685,0.0143182354926675,0.00777117018145907,0.0178628048876488,0.0106954950661775,0.0132205959423409,34.337
"100301",0.0152833282740118,0.0206408745146583,0.0156842902660826,0.0087038053661017,0.0175966695967389,0.0121117890598412,0.0125997424512011,34.337
"100302",0.0145346383058691,0.0204570275167276,0.0164073274536854,0.00917117754453015,0.017412745885764,0.0128829049901285,0.0122256878800304,34.337
"100303",0.0151740230548296,0.020331561340595,0.0159316471256541,0.00881763079725938,0.0172752733686869,0.0125072783426375,0.0124005561835278,34.337
"100304",0.0150235551222684,0.0203729133803071,0.0158856467415057,0.00885946121271482,0.017364820002798,0.0125185632501479,0.0126280829100177,34.337
"100305",0.0145509742709754,0.0200880328203137,0.0161856126798401,0.00911033123969652,0.0171404582385997,0.0129789206316163,0.0125682509547003,34.337
"100306",0.0144485189962408,0.0198267066818384,0.0161605842665102,0.00914132428577879,0.016937706705172,0.0131394216154932,0.0127448242813711,34.337
"100307",0.0126386169198841,0.0195529581975307,0.017202463891358,0.00994441744110444,0.0167905121958378,0.0142385807308625,0.0127321914906509,34.337
"100308",0.0118919028763077,0.01917202734067,0.017636115428121,0.0102394918013126,0.0164592587379672,0.0147593681488551,0.0126495488848133,34.364
"100309",0.00887170737394571,0.0188079656905687,0.0181940485013495,0.0109378592466004,0.016483353826504,0.0159122500853931,0.0122416179657325,34.634
"100310",0.0120534883061375,0.0192477160725774,0.0168861707627003,0.0100092440576229,0.0167522075298966,0.01473656709186,0.0128473194945518,34.634
"100311",0.00915787314069053,0.0182191234187344,0.0178510858678807,0.010816002432081,0.016056156720249,0.0160165593040788,0.0126224235509479,34.634
"100312",0.0106827395175215,0.016596832974659,0.0208760844688898,0.0129171829426514,0.015053558381389,0.0187696141032346,0.0104911669130708,34.634
"100313",0.0109114604537022,0.0167883431029434,0.0209920719750293,0.0129767983333655,0.0152028069482208,0.0188286146461188,0.0106072231141585,34.634
"100314",0.00712300713916142,0.0180480341117342,0.0187407216357658,0.011449497433728,0.0160716523534013,0.0168861922155287,0.0127984597429897,34.634
"100315",0.0125175799924183,0.0190195405118366,0.0165292999957351,0.00979441856069969,0.0165850224853453,0.0146025166664258,0.0134713293378467,34.634
"100316",0.0140405405841081,0.0196536755233716,0.0158095360254582,0.00918308067493938,0.0169905006462928,0.0135508483717152,0.0133543432093077,34.634
"100317",0.0144196784947525,0.0198545736817646,0.0156462003317039,0.00901390788020789,0.0171222003773831,0.013116131764628,0.0131092849236679,34.634
"100318",0.0140522382657962,0.020201462754421,0.0161246521354817,0.00925453862680955,0.0173828194534648,0.0132371779238183,0.0125396778632327,34.634
"100319",0.0138171588081929,0.0203495173029421,0.0164067700941236,0.00939997112206529,0.0174873541934754,0.0132460798511111,0.0122575125573363,34.634
"100320",0.0149090384727347,0.0204808299644787,0.0156694270121135,0.008840149232617,0.017551466548841,0.0123993180476,0.0125674904515999,34.634
"100321",0.0155616237284763,0.0206188555550991,0.0151310507813995,0.00844238052836808,0.0176517026205884,0.0118086157872419,0.0128069320628877,34.634
"100322",0.0156733804038079,0.0204065649068703,0.0150589124098544,0.00838015356815676,0.0174502132101458,0.011783125794009,0.0128326583880445,34.634
"100323",0.015321801477079,0.0203971756507854,0.0155371567020066,0.00865176006129606,0.0174069547068363,0.0121900523655297,0.0126427769117526,34.634
"100324",0.0141664874798238,0.0205205028987819,0.0165088757631145,0.00931698030761718,0.0175289726125902,0.0130170365465207,0.0121632175128381,34.634
"100325",0.0151058463434802,0.0206486020109539,0.0158242130361816,0.00880818042908623,0.0176104104554494,0.0122957519468253,0.0124810397243181,34.634
"100326",0.0146262500694753,0.0205546676222097,0.0160954808335897,0.00905345941743972,0.0175689472629575,0.0126528343548342,0.0125048584594815,34.634
"100327",0.0146242215590856,0.0202066924004681,0.0161394950181875,0.00907112818778623,0.017243025868989,0.0128689920359508,0.0124354905253868,34.634
"100328",0.0145193037662157,0.0199519338391231,0.0162020787168893,0.0091273457467642,0.0170202895544584,0.0130693691339987,0.012446324707097,34.634
"100329",0.0131614997079719,0.0196359806995858,0.0169299656558159,0.00973487527857073,0.0168367910094005,0.0139488434673892,0.0125148238290104,34.634
"100330",0.0117565655046102,0.0193331682983852,0.0176501939639318,0.0102717338718728,0.0166280584416058,0.0147283206440445,0.0122781227972312,34.634
"100331",0.012277524108383,0.019123765011977,0.0174475385241362,0.0101021423839391,0.0163990592490558,0.0146140774756452,0.0124498036878067,34.648
"100332",0.0117079738410384,0.0192799143979933,0.0168432882454376,0.010072180408115,0.0168731798603988,0.014858833822037,0.0130820011529066,34.883
"100333",0.0123667964496561,0.0189964816417495,0.0166204957314754,0.00986959474804937,0.0165509826747701,0.0146678513784403,0.0129923779551132,34.884
"100334",0.00915962877990585,0.0159089516472461,0.0206006191387124,0.0126526807539449,0.014299342307369,0.0184886378849266,0.00991770051202909,34.885
"100335",0.00391007427325842,0.018007073467691,0.019250124047074,0.011793945598542,0.0160980634248688,0.0172943347127137,0.0116231991470299,34.921
"100336",0.00500409543377149,0.0183468532364475,0.0194236382991192,0.0119414806302492,0.0165424023576769,0.0174180268068341,0.0122539393583376,34.929
"100337",0.0131385218296423,0.0152503313826844,0.0213404577083758,0.0134227699861791,0.0143312363253464,0.0196705053887387,0.0112948332840332,34.929
"100338",0.0119986307417608,0.0157458830740753,0.0211005273123563,0.0131745800551477,0.01454493070693,0.0192376690536357,0.0116812158548005,34.929
"100339",0.00817656909949779,0.0181846013795917,0.0184348670940525,0.0112071546072389,0.0160703620543468,0.0164457774516125,0.0127522453081955,34.929
"100340",0.0119999098388857,0.0189991967691482,0.0169645673079653,0.0100442771365077,0.0165180488430198,0.0147745401878663,0.0128502482726358,34.929
"100341",0.0128731678126166,0.0196565686197211,0.0167943203891424,0.00977674521369263,0.0169653129277282,0.014117115789131,0.0124102770997806,34.929
"100342",0.0130716180329231,0.0200476070856554,0.0167158736533446,0.00969871863241078,0.0172938150867811,0.0138361456864633,0.0122455949332222,34.929
"100343",0.0145519945550371,0.020453709743802,0.015746498941287,0.00898689328755717,0.0175944693070172,0.0125795654390216,0.0125644476491713,34.929
"100344",0.014898125540906,0.0204392221255063,0.0156753747120839,0.00884641907234694,0.0175153039716279,0.0124303043070246,0.0124956475454324,34.929
"100345",0.0150657462187403,0.0202668317454603,0.0155341456617784,0.0087495854450113,0.0173571227262002,0.0123452281280498,0.012560261729947,34.929
"100346",0.0148792538269932,0.0202254398396529,0.0158024841920182,0.00889065273435969,0.0172926808843834,0.0126170742919651,0.0124188207104687,34.929
"100347",0.0141885774480885,0.0202551943423033,0.0163788678060272,0.00927851188774755,0.017323446993316,0.0130957975049539,0.0121390432315776,34.929
"100348",0.0142702752106764,0.0203175441946832,0.0162970047679055,0.0092294937885821,0.0173841306313725,0.0129987613718039,0.0122543364687464,34.929
"100349",0.0147824682519441,0.0204071704285499,0.0159310660189243,0.00895719871525326,0.0174442577342702,0.0126067158806178,0.0124694864755081,34.929
"100350",0.0144083297782836,0.0203820171347718,0.0162778568740725,0.00917861954409376,0.0174140531025021,0.0129083549751425,0.0123242800569481,34.929
"100351",0.0144341071897635,0.0201654117159497,0.0161816345584557,0.00914730589838268,0.017240935609199,0.0129750999997789,0.0124199849670509,34.929
"100352",0.0133864913230144,0.0199607187038744,0.016748938882573,0.0096211918042769,0.0171350805307492,0.0136535426298823,0.0124013343380982,34.929
"100353",0.01173558183659,0.0196626740364212,0.0176496914332809,0.0102725804270285,0.0169278982294656,0.0145922291063533,0.012038235183509,34.929
"100354",0.0110674345284378,0.0190479635296606,0.0180410297247599,0.0105206156993557,0.0163682926313261,0.0151490892781279,0.0118733585971045,34.929
"100355",0.0127117868443126,0.0186153324556932,0.0172658806370216,0.00995327229793864,0.0159003890988507,0.0146429209539419,0.0123666250268524,34.922
"100356",0.0129237017129737,0.0185984919202114,0.0170983044776782,0.00985480345063749,0.0158949092944929,0.0145289842592674,0.012607310599086,34.908
"100357",0.0124528706257446,0.0155361895678493,0.021255760539381,0.0132857899290185,0.0144087362797668,0.0194059850533193,0.00955472204465428,35.222
"100358",0.00907135835017958,0.0171756053364858,0.0199614380564569,0.0124401945534115,0.0157632742866685,0.01833680185383,0.0117664734164527,35.223
"100359",0.0127487830212977,0.0165770231191386,0.0210548142923074,0.0132509373149433,0.0155128247019275,0.0193299766056649,0.011362538042212,35.223
"100360",0.0171023130611247,0.014499603843245,0.0232413359968049,0.0146284223780643,0.0139619891858288,0.0210374952214318,0.00873906545840772,35.223
"100361",0.00962827957752069,0.0160937502544158,0.0208701422083893,0.0127756197204397,0.0143990888734929,0.0186049293031657,0.00964048577775976,35.223
"100362",0.0093538221351195,0.018823819352923,0.0183974890722669,0.0109161281961054,0.0163426454507656,0.0156768501821089,0.0113918579311912,35.223
"100363",0.0117211300130238,0.0197146083052567,0.0173799248648773,0.0102058250267878,0.0170683809392243,0.0145542014371991,0.0118435300792288,35.223
"100364",0.0141422472809648,0.0198586851076415,0.0161115057228014,0.00922752544423676,0.0170587042825644,0.0132260381483316,0.0121487228507113,35.223
"100365",0.0146404404177092,0.020449184123045,0.0159861375331136,0.00902102483272841,0.0175019867186283,0.012678964455308,0.0120875999967847,35.223
"100366",0.0143036340905804,0.0202051544935687,0.0162236190478605,0.00920089480684641,0.0172968389869479,0.0130155150529836,0.0119728344497347,35.223
"100367",0.0139057251855911,0.0201233765112615,0.0164922892302887,0.00939853242582694,0.0172384647272794,0.0133044663922551,0.0119168203291353,35.223
"100368",0.0142022320096454,0.0200285931541999,0.0163222986167504,0.00926188664655304,0.017132774889678,0.0131858205040875,0.0119363727427295,35.223
"100369",0.0134325291408396,0.02005476880474,0.0168153313768334,0.00962490348517507,0.0171877692721395,0.0136222842837846,0.0117639183144001,35.223
"100370",0.0140533011254273,0.0200898954898999,0.0164933957351564,0.00935426116430484,0.0171724709602877,0.0132771676946446,0.0119678736177664,35.223
"100371",0.0144103939606116,0.0202600956021133,0.0162502050601491,0.00917217030165322,0.0173119445571242,0.0129628628716263,0.0121772811845319,35.223
"100372",0.0143990366646214,0.0201004454141367,0.0161804976975749,0.00915925265507209,0.0171915901094545,0.0130208391392886,0.0122860340255915,35.223
"100373",0.0139754631893606,0.0200017375788623,0.0164134566376017,0.00935812253413894,0.0171368094034658,0.0133066762003313,0.0123089272961714,35.223
"100374",0.0132665976568986,0.0197353848593465,0.0168856356840882,0.0096936691150735,0.0169167043579552,0.0138542122587155,0.0121394468135232,35.223
"100375",0.0131764101448264,0.0192868738756513,0.0170043683337131,0.00975493155324997,0.0164926046899661,0.0141346580743175,0.0120920705783027,35.223
"100376",0.0140224398432793,0.0187137831616499,0.0165579439728872,0.00939805279160413,0.0159045515293491,0.013963265925571,0.0123407771787401,35.224
"100377",0.0136786601187994,0.0186974321362257,0.0167500214217087,0.00955262804057677,0.0159152773842099,0.0141467840460545,0.0123853653903093,35.222
"100378",0.0086722619774536,0.0167862756837234,0.019806111060785,0.0123983806308576,0.0153686187692179,0.0182435098864727,0.0106961164398499,35.484
"100379",0.00896768629414917,0.0173621535329257,0.0198678537401208,0.0124262785548635,0.0158986359229393,0.0182282024796516,0.0106006062811738,35.516
"100380",0.00772696529248326,0.0192954848216198,0.0179790102785124,0.0109969243146825,0.0172228647851437,0.0156129612759143,0.011700588570446,35.516
"100381",0.00891350741785132,0.0187772315882657,0.0179324186697382,0.010867400685414,0.0165477149053756,0.0158770670751905,0.010890651150551,35.516
"100382",0.00980518802886801,0.0183281796109251,0.0190279168679455,0.0113772257414123,0.015978932676807,0.0163932953065873,0.0103495615302667,35.516
"100383",0.00892256401888016,0.018982556880767,0.0184438407267706,0.0109907684569684,0.0165334050488959,0.0157109610191837,0.0108862737697528,35.516
"100384",0.012324734526991,0.0194474830502287,0.0172300544560449,0.0100302845460496,0.0167556053076665,0.01437368307826,0.0113335418214453,35.516
"100385",0.0135662229326996,0.0199616595733849,0.0166199484825467,0.00953573111132156,0.0171343120443673,0.0135443919993007,0.0114794940378638,35.516
"100386",0.0130194320510953,0.0200926889774847,0.0170144303093545,0.00979034407649161,0.0172521417905698,0.0138061901684079,0.0111880058535388,35.516
"100387",0.0128495842575953,0.0200279692586445,0.017095675806464,0.009857046562377,0.0172051420323015,0.0139178642996646,0.011253598101846,35.516
"100388",0.0133831154112704,0.0198864806391502,0.0167932418974869,0.00963510024619314,0.0170552183212569,0.0137094035816529,0.0114416299999766,35.516
"100389",0.0129307345542007,0.0200435573503,0.0170603961629947,0.00982647851467169,0.0172129592454576,0.013873629989225,0.0113638941269169,35.516
"100390",0.0127690179167614,0.020203616399788,0.0171742880582464,0.00989640846399886,0.0173548687284593,0.013888167161474,0.0113814980160007,35.516
"100391",0.013433649704331,0.0203291246842543,0.0167889269482995,0.00961376239699216,0.017441837300228,0.013471625268561,0.0116872488279144,35.516
"100392",0.0134280457906101,0.0200920682560444,0.0168277050388501,0.00962861315485829,0.0172184847251065,0.0136108914829568,0.0116859564978683,35.516
"100393",0.0137126182183643,0.0198311442502947,0.016697403528309,0.00951502197379266,0.0169576850720417,0.013600198010522,0.0117873045393032,35.516
"100394",0.0136115491523983,0.0194438860548242,0.01684973049199,0.00959002711731941,0.0165811558875084,0.0138791705938755,0.0116812158548005,35.516
"100395",0.0134861931247179,0.0194134325456397,0.0169150293794115,0.00964389434672016,0.0165624109395546,0.0139557140319395,0.0117847571834017,35.516
"100396",0.0142723628188242,0.0190634998675335,0.0164089993712911,0.00927558106532091,0.0162088866988782,0.0136719642235865,0.0120558177931019,35.519
"100397",0.0134806148090037,0.0191479204491379,0.0168877758542866,0.00964158120298815,0.0163313633149144,0.0140649750773533,0.0119355418444307,35.538
"100398",0.0132745543279462,0.0189297665543739,0.0170107242476537,0.00973396224887866,0.016141059647489,0.0142658845136431,0.0119901696464442,35.521
"100399",0.0135872498050481,0.0188358676590453,0.016759759812507,0.00958022972279026,0.0160632621496674,0.014180387547145,0.0121873096250461,35.558
"100400",0.0110491356428252,0.0195714202882428,0.0171287552772719,0.010287379294776,0.0171540812809724,0.0150037561895486,0.0105371324294583,35.8
"100401",0.00706140479581065,0.0188379318480607,0.0186652717392353,0.0114560358350829,0.0167609992883063,0.0166310105813617,0.00971313823711042,35.808
"100402",0.00622224876019518,0.0181104804741815,0.020035104234084,0.012198578317699,0.0160449490474393,0.0174561700644458,0.00832520782130524,35.808
"100403",0.0093452535584348,0.0188798256258247,0.0183704530915126,0.0109102970419523,0.0164046611368469,0.0156466958529984,0.0104849428246258,35.808
"100404",0.0114492285277543,0.0193186377017305,0.0175345802828309,0.0103088899316403,0.0167187647119932,0.0147985159400917,0.0111048409214391,35.808
"100405",0.0121320738823942,0.0195921165769598,0.0173351565839426,0.0101017090442854,0.0168907315570339,0.0143999561044777,0.0109414990564394,35.808
"100406",0.0130368545904778,0.0199873493110437,0.0169257000555101,0.0097635743205682,0.0171820352130317,0.0138152565393627,0.0110239272430679,35.808
"100407",0.0139293746443665,0.0199795226607534,0.0164418314489206,0.00937980112737942,0.0171191219975219,0.0133492937729021,0.0112760804552058,35.808
"100408",0.0130124553772991,0.0199330883080445,0.0170561767497959,0.00980482032040145,0.0170971602985333,0.013902682042644,0.0109573963501818,35.808
"100409",0.0124222101015519,0.0200432457780915,0.0172679542856801,0.0100096830355037,0.0172547990054856,0.0140948044192843,0.0110101036017877,35.808
"100410",0.0124614397283648,0.0201091269547627,0.0172783172360434,0.0100017772885138,0.0173015619700423,0.014058182724374,0.0111090715752697,35.808
"100411",0.0120407568752182,0.0203476924280531,0.0176305802120024,0.010190859341286,0.0174853150442871,0.0142004936931422,0.0108823802273018,35.808
"100412",0.0131051199816585,0.0200874118691794,0.017058286641405,0.00977901353733331,0.0172142932675957,0.0138040966880743,0.0112171878811855,35.808
"100413",0.0131580560247911,0.0198263896519909,0.0170940983285636,0.00977719893760999,0.0169555325339325,0.0139309567219416,0.0110855328496223,35.808
"100414",0.0135960918220474,0.0196613889370324,0.0169187652017063,0.00961004466466601,0.0167600006333908,0.0138110731455136,0.0111759243160236,35.808
"100415",0.0135196063738304,0.0193812590154748,0.0169842190114586,0.00965313913126608,0.0165012306013235,0.0139906769758857,0.011231960733744,35.808
"100416",0.0129728377795435,0.0191747028986454,0.017295914051162,0.00988792851265389,0.0163378417721333,0.0143592028325845,0.0111986747362472,35.808
"100417",0.0120280096436205,0.0190678869102961,0.0177831534824383,0.0102484150553543,0.0162810538043224,0.0148331170826169,0.0110775101136594,35.804
"100418",0.0119819879102184,0.019017507700578,0.017755777570853,0.010252235965313,0.0162553746295522,0.0148525674696202,0.0112365704186134,35.807
"100419",0.013236995205615,0.0189345443693888,0.016986341589125,0.0097376136455776,0.0161632275722239,0.0143887986680935,0.0118232910538317,35.804
"100420",0.00966627280638307,0.018148879202808,0.0205160200576041,0.0126816843546425,0.0163344986166943,0.0181793711625628,0.0064974987855972,36.064
"100421",0.0107557365271229,0.0173425435044161,0.0212201994204461,0.0130053989405092,0.0155171717307148,0.0185918603034117,0.00359706297792016,36.099
"100422",0.00864976806167798,0.0184806297576291,0.0184975529918687,0.0110479084871434,0.016111347475467,0.0159405405665354,0.0100820595617345,36.099
"100423",0.00982784763766089,0.0189102941186621,0.0182238577043288,0.0107951098501954,0.0164065276851595,0.0154993401327351,0.0102919777139041,36.099
"100424",0.0119640345012049,0.0197046871661364,0.017384033283639,0.0101522335575869,0.0170093970714501,0.0144588147159518,0.0107166433557126,36.099
"100425",0.0124013101688582,0.0199942327186631,0.017305219742163,0.0100250302434281,0.0172030436678608,0.0141393755430597,0.0106280453320124,36.099
"100426",0.0128554849014592,0.0200529009238117,0.0171025091599596,0.009857046562377,0.017224197458017,0.0139075153986133,0.0107425808316634,36.099
"100427",0.013339137378311,0.0199195648285555,0.0168094089714568,0.00965082910226451,0.0170898286934642,0.0137129278589798,0.0109713340982235,36.099
"100428",0.0133572001833007,0.019727717583539,0.0168223267717082,0.00965175320713937,0.0169092345319805,0.0138054923933815,0.0109655704411146,36.099
"100429",0.0119832690901048,0.0201999242118818,0.017594288685931,0.0101964216295662,0.0173768232805078,0.0142685441946431,0.0105990783128347,36.099
"100430",0.0129225291365207,0.0200279692586445,0.0170977787892847,0.00983863181179553,0.017188915680215,0.0138992281355423,0.0108379218965447,36.099
"100431",0.0129260464918011,0.0198035422020623,0.017218609379527,0.0098722807284208,0.016946329905984,0.014057503224216,0.0106041700716387,36.099
"100432",0.013017106980211,0.0197363429345341,0.0172695092904572,0.00986287529699078,0.0168480784265971,0.0140866783337115,0.0105853095546828,36.099
"100433",0.0129810059321736,0.0196453138683199,0.0172310943830329,0.00986287529699079,0.0167863301087824,0.0141211668469295,0.0108261443341614,36.099
"100434",0.0127880282454069,0.0193970281233398,0.0173279371643434,0.00994131562104587,0.0165726030380948,0.0143235692695589,0.0109183047172933,36.099
"100435",0.0129634953592599,0.0192520363015984,0.0172425277106786,0.00987496568179077,0.0164293109324924,0.0143169561745291,0.0111451547045616,36.115
"100436",0.0134839621230737,0.0191086430973036,0.0169571231036123,0.00965914157251097,0.0162703277393202,0.0142111999134634,0.0113842021624705,36.141
"100437",0.00760585664218132,0.0175943841048265,0.0200044216777106,0.0123226773839999,0.0157850518147409,0.0178420863514742,0.00666256474981842,36.365
"100438",0.00730188372283638,0.0178664574504606,0.0200795387194663,0.0123082459393244,0.015941273087654,0.0177265885511752,0.00754088489460695,36.388
"100439",0.00762764861344986,0.0183227873407739,0.0196899785061471,0.0118453745457031,0.0160496924354626,0.0169555635904149,0.0076749572509413,36.388
"100440",0.0103254239741814,0.0193140106696012,0.0180488217752874,0.0106601095721941,0.0167430074592234,0.015228550558105,0.0100497791564746,36.388
"100441",0.0108064908227015,0.0196511033113336,0.0178174135139063,0.0105079168846784,0.017037187520919,0.0149486428024172,0.0104343969797036,36.388
"100442",0.0119241677025915,0.0199569545176971,0.0174173632691382,0.0101668497709976,0.0172304776168972,0.0143710518983787,0.0106153571974641,36.388
"100443",0.0135084793888816,0.0198520428978741,0.0166122843127974,0.00955169042449848,0.0170521186364023,0.0136365056555252,0.0110301144025656,36.388
"100444",0.0127452082474706,0.0199867233590504,0.0171402855204914,0.00989596240543436,0.0171768716801054,0.0139845163613175,0.0106412134760446,36.388
"100445",0.0122300999098549,0.0199164177320859,0.0175076680369677,0.0101198868593422,0.0171021734750101,0.0143043789318141,0.0101925785651209,36.388
"100446",0.0124222101015519,0.0200189192845111,0.0174536668132867,0.0100582423757055,0.0171718968070779,0.0141864237812489,0.0101751211282846,36.388
"100447",0.012871989837771,0.019668455325203,0.0172715823213349,0.00990175896359889,0.0168189416211084,0.014156877385973,0.0102613620757476,36.388
"100448",0.0124357116501917,0.0196552828830432,0.0175467477132397,0.0100839195662919,0.0168098057178072,0.0143894553392835,0.010189854222833,36.388
"100449",0.0120928559291389,0.0196591396904085,0.0176958395979757,0.0102041162242805,0.0168350075683761,0.0145529098077545,0.0103128355415811,36.388
"100450",0.0112512670468938,0.0196182603851777,0.0180166487506783,0.0104709265443039,0.0168542116165816,0.0149777846990788,0.0103802605502688,36.388
"100451",0.011559423697686,0.0194566342496155,0.0178223709899094,0.010358000934345,0.0167177616145102,0.0149672536221781,0.0107560060833374,36.39
"100452",0.0127261229023316,0.0193671151106441,0.0172819421870562,0.00993954254138409,0.0165831911366969,0.0145799987911247,0.0111395445459421,36.39
"100453",0.0139936351764502,0.0193470221694292,0.0166641931321804,0.00940668094841906,0.0164841764953402,0.0139906769758857,0.0113787927665577,36.379
"100454",0.00895507892006886,0.0187865638992797,0.0190351423462023,0.0114487706206034,0.016462969713618,0.0163149259646928,0.00771115236317902,36.688
"100455",0.00997366682330375,0.0183880432938682,0.0189849352173853,0.0113294214511264,0.0160075624901071,0.016320932000846,0.00670638377397829,36.708
"100456",0.0110209139346181,0.0188341472256504,0.0178074926891733,0.0104721625164447,0.0162734837554097,0.0151454351680415,0.0074513563362324,36.708
"100457",0.0104856606285963,0.0187768858049115,0.0179014261627192,0.0105991959980248,0.0162915575004262,0.0153868644996488,0.00734563166920773,36.713
"100458",0.00527034469430883,0.0185488815234809,0.0198742253965995,0.0120838020867886,0.0164040388710454,0.017317875976331,0.00448272589544938,36.697
"100459",0.00656472304675135,0.0185033070153211,0.0191421654120643,0.0116643275796219,0.0163868063575568,0.016904870345219,0.00674529444401954,36.677
"100460",0.0071441860689589,0.018832770698288,0.019514153840066,0.0117628663266881,0.0165295171833541,0.0168028091177504,0.00512753499045807,36.677
"100461",0.00595303233686123,0.017725947838619,0.0203325804510913,0.0122271189851932,0.0155052695021614,0.0175997183684127,0.00398900275087364,36.677
"100462",0.00732702038109439,0.018189331626708,0.0198886571034932,0.0119630320186652,0.0159273014818798,0.0171419346578656,0.00775838361317796,36.677
"100463",0.0102626578155293,0.0198529920021839,0.0180054177753553,0.0106548846053394,0.0172447357500558,0.0150512000326239,0.0102045508527866,36.677
"100464",0.01194990606378,0.0199588367524408,0.0173506124284325,0.0101436219478768,0.0172489142042318,0.0142831594560435,0.0104620667390112,36.686
"100465",0.0120801731274679,0.0200886537408092,0.0174531562390716,0.0101388811782723,0.0173047723034955,0.0142365798755996,0.0102284233860755,36.68
"100466",0.0115607599458146,0.0201097468358974,0.0178560300922803,0.0103592558896649,0.0172909793353758,0.0145199162585761,0.00966261882879709,36.677
"100467",0.012604863886561,0.0199453411363322,0.0174122414669182,0.0100035348803151,0.0170803666066144,0.0141548595626992,0.00988449247441283,36.677
"100468",0.0134694500517919,0.0197309128597967,0.0168743934739678,0.00963371067215722,0.0168684413165983,0.0137950195524567,0.0103644012289147,36.677
"100469",0.012118174864474,0.019657854222164,0.0176527063128864,0.0101870060246281,0.0168435254560417,0.0145088939323417,0.00988449247441283,36.677
"100470",0.0121522573771526,0.0197059677611867,0.0176270565182222,0.0101715722260454,0.0168883669073887,0.0145024044680581,0.0101734818567114,36.677
"100471",0.0118062265955736,0.019565916960528,0.0177238464246587,0.0102772347282355,0.0168006610715478,0.0146895349818469,0.010476634164335,36.682
"100472",0.00720961023543922,0.0173613698105184,0.0205314384914289,0.0124133137407051,0.015271770575101,0.0179070509952165,0.0043264244758001,36.936
"100473",0.00969588496911188,0.0184515094455809,0.0189108645271188,0.0113305278250463,0.0161177683303248,0.016289774593171,0.00590338847684449,36.965
"100474",0.00930399554645943,0.0186747813334746,0.0188999236193392,0.0113463691910606,0.0163420190248471,0.016289774593171,0.00512930545384972,36.965
"100475",0.00528709196500192,0.0184635926189858,0.0200267046837092,0.0121231249110296,0.0162646441949514,0.0172913260594584,0.00550525719620972,36.965
"100476",0.0069459909220585,0.018680360983958,0.0195259163815679,0.0117799916483328,0.0164071497849233,0.0168544737833538,0.0057802108085959,36.965
"100477",0.0100857252256615,0.0194468291300581,0.0187900168121455,0.011175259519002,0.0169161148457993,0.0158844536331894,0.00415470299083852,36.965
"100478",0.00908200392733937,0.0193305276684644,0.01866944896881,0.0110966655416931,0.0168088121584156,0.0157788586688048,0.00558881700642468,36.964
"100479",0.00927982901321208,0.0190567474223699,0.018905395195627,0.0113349518026917,0.0166640416726082,0.0161631541236261,0.00683822262639169,36.965
"100480",0.00895327616755416,0.0195733620495293,0.0185529179232528,0.0110080694756471,0.0170084239314691,0.0155563029010156,0.00899234308847564,36.965
"100481",0.00933324205517148,0.0203619802958593,0.0184556387134473,0.0109180709413034,0.0176806517877489,0.0151429983758651,0.00929298524438251,36.965
"100482",0.00967780126957296,0.0203062583215624,0.0184466732195254,0.010861924052597,0.0175841948823249,0.0150941412000674,0.00914544051848414,36.965
"100483",0.0101497753537026,0.0201663373871175,0.0183614285483374,0.0107622765864493,0.0174162936439551,0.0149988143251068,0.00908738638847674,36.965
"100484",0.0125418969612206,0.0199907914877891,0.0172290144400401,0.00997050748794501,0.0171952185217534,0.0140724411113122,0.0100458711963637,36.965
"100485",0.012020353697022,0.0198254385138911,0.0175396515002072,0.0101780069741871,0.0170532811343719,0.0144084797111021,0.00983489766573986,36.965
"100486",0.0114167402050109,0.0197660065190925,0.017899455814507,0.0104047084468823,0.0169963488494808,0.0147226075940597,0.00961766340259558,36.965
"100487",0.012257582240521,0.0197955992103803,0.0174964796680931,0.0101116692525795,0.0169916705702157,0.0143479988607289,0.0102359991742302,36.965
"100488",0.0122138262669156,0.0197037266326572,0.0174301584393212,0.0101056081607896,0.0169410393117499,0.0143710518983787,0.0106462707084636,36.965
"100489",0.0130958880992754,0.01952180109843,0.0169267665985026,0.00975265535078886,0.0167512079527411,0.0140166446901352,0.0111343976378252,36.958
"100490",0.00866664491436114,0.0193812590154748,0.0191013452207973,0.0114821371325905,0.0169797697338038,0.0161670292819468,0.00628015879747841,37.187
"100491",0.0102611213088549,0.0191304797399723,0.0182531187839597,0.0109137962600463,0.0167065196815914,0.015604802408394,0.00715206032038302,37.249
"100492",0.0100700307575525,0.0190850820775361,0.0182880489373075,0.0109614617073906,0.0166932531530308,0.0157380565048267,0.00613211870148653,37.251
"100493",0.0081403790790012,0.0184098322750847,0.0195058704649729,0.0116985963645986,0.0160856189281554,0.0167561633383278,0.00606902896359268,37.251
"100494",0.0105304923939365,0.0190449214444223,0.0187448750424754,0.011116766091741,0.0165252181963894,0.0158508894486646,0.00580463370770495,37.251
"100495",0.0095450732601339,0.0196201947520597,0.0191900054199784,0.0114112516833045,0.0170587042825644,0.0160087004790864,0.0054674112355414,37.254
"100496",0.00902505730159916,0.0194850245864167,0.0185393330142601,0.0109950011296354,0.0169249537363944,0.0155393048922094,0.00645836940006227,37.251
"100497",0.00885711399549565,0.0195539305803422,0.0187771348656824,0.0110791781940937,0.0169220083418992,0.0156304235318583,0.00768204270795696,37.247
"100498",0.00975805390838387,0.0200332713823259,0.0184428964254223,0.0108509591248459,0.0173323003708192,0.01515395941422,0.00855854609137492,37.251
"100499",0.0108842538057517,0.0203144949456376,0.0179250463932474,0.010512835113185,0.0175726235167542,0.0146831623279294,0.00938727560894254,37.244
"100500",0.0108353682192343,0.0200314003003632,0.0179990654359331,0.0105447250585247,0.0173059051122548,0.0147675891754761,0.00929234686296664,37.251
"100501",0.0121799456848394,0.0200973434128994,0.0173336099244161,0.0100839195662919,0.0173309822868659,0.014156877385973,0.0100234897798028,37.251
"100502",0.0113432422932766,0.0200114247088167,0.0178084851243616,0.0103938919225723,0.0172603009476189,0.0145909424129752,0.00959233006546646,37.251
"100503",0.0113145085209734,0.0200120494279286,0.0178846683881992,0.0104196591258319,0.0172407455634748,0.0146294710468968,0.00955289585079875,37.251
"100504",0.0124000794748984,0.0199406299323309,0.017422994785747,0.0100564982116278,0.0171166200966649,0.0142152116966722,0.0102608235590583,37.253
"100505",0.0127702070343129,0.0197771518491357,0.0171695857091923,0.00989997591543254,0.0169737161405138,0.0140887104998149,0.0106604090732769,37.252
"100506",0.0124086913279428,0.0196214841608713,0.0173454626502456,0.0100381587522324,0.0168544093960592,0.0143248913511149,0.0107161435016618,37.274
"100507",0.0137366578337233,0.0199701242153075,0.0169134279544716,0.00955778261790736,0.0170165952652883,0.0137943209482256,0.009837792844413,37.272
"100508",0.0104526406511734,0.0191173825325167,0.0182497643339822,0.0108943361554004,0.0166771476054602,0.0155252169161065,0.00802291997682026,37.551
"100509",0.010488656403254,0.0190161523003484,0.0184462011802325,0.0110417925572405,0.0166150871128969,0.0157415105793694,0.00725386247951395,37.537
"100510",0.00782058337512586,0.0181189027378115,0.0197114782104984,0.0118301176836896,0.015833307085248,0.0170055215289576,0.00486269170298062,37.537
"100511",0.0103725859811039,0.0192237605727671,0.0185017840202996,0.0109950011296355,0.0167155544272729,0.015625769729554,0.00504493217142825,37.537
"100512",0.0101404317804951,0.0195286234956286,0.0186117788978279,0.0110814613530398,0.0170058933090193,0.0156246059611886,0.00440576466181909,37.537
"100513",0.00712064936541978,0.0188186520228525,0.020003159322632,0.0119906609973987,0.0164344811983726,0.0169942097507565,0.0069783805218401,37.537
"100514",0.00998001920381726,0.0192413991058688,0.0184754352884154,0.010830161324346,0.0165793237874232,0.015450945342968,0.00557963833336308,37.537
"100515",0.00929882320128143,0.0189822170487172,0.019644288686645,0.0116756483777817,0.0164703872535608,0.0165708492302205,0.00414961561226158,37.537
"100516",0.0100919950027604,0.019746238700632,0.0183228847332843,0.0107670322712064,0.0170674137078166,0.015165516793753,0.00856295540811679,37.545
"100517",0.0118711994180854,0.0200223528019963,0.0174281121072438,0.0101810079002531,0.0172955161450634,0.0143057036161689,0.00992112495003267,37.537
"100518",0.0121105856991134,0.0201116062963157,0.0173243258544486,0.0100978078107742,0.0173606905032536,0.0141629283254525,0.0100374881997637,37.537
"100519",0.0108770808994377,0.0201783649452555,0.0179966213817117,0.0105341101552052,0.0174295398178925,0.0146927197882815,0.0093000024787831,37.537
"100520",0.0107659098298049,0.0204449587673813,0.0180585551348565,0.0105687571687032,0.0176635472724228,0.0146204943535907,0.00941418672833465,37.537
"100521",0.0115447129998373,0.0203841404103886,0.0178050112579796,0.0103462776949639,0.0175557015313182,0.01437368307826,0.00990970225584732,37.538
"100522",0.0124993058609772,0.0199214527055245,0.0173392800529232,0.0100105609100788,0.01710641337534,0.01416360041796,0.0102235481474517,37.537
"100523",0.0121156457618857,0.0197605894516156,0.0175624462906853,0.010162553952341,0.0169676587468639,0.0144248505021418,0.0101169229842295,37.533
"100524",0.0104961414549951,0.0187294170567353,0.0178020328930269,0.0105724163354058,0.0162848365079364,0.0152815893848634,0.00902264857311974,37.821
"100525",0.00881316378053158,0.0185805721393512,0.0190698606901582,0.0115049075337927,0.0163211139426798,0.0164436180954542,0.00733702200419754,37.821
"100526",0.00700878331521673,0.0185361810456713,0.0203243547254239,0.0123347945514958,0.0163687090748183,0.017473467550686,0.00425915891105147,37.821
"100527",0.00646526817117004,0.0185562837294133,0.0197779168967155,0.0119520921091314,0.0163211139426798,0.0170029516397553,0.00509011028022717,37.821
"100528",0.00715122937691757,0.0191214139678234,0.0194857952909525,0.0117716081121007,0.016812984413849,0.0165953783125965,0.0049860713098373,37.821
"100529",0.00828797779591708,0.019390788632511,0.0191971445417921,0.0115696192802126,0.0170191230892225,0.0162530388182091,0.00440116527585433,37.821
"100530",0.00959010977844704,0.0196218064919409,0.0184970827928746,0.0109996159796326,0.0170774682052487,0.015478710973299,0.00514871172961894,37.822
"100531",0.00934353873760642,0.0198206817303914,0.0186220291713555,0.0110688957831897,0.0172460654513851,0.0154916825781252,0.006621672779743,37.822
"100532",0.00541564356218761,0.0188282958747678,0.020119243925122,0.0121519149171712,0.0165520036199831,0.017170344284371,0.00437804362736611,37.823
"100533",0.00926598638090361,0.0191576359936983,0.0188935372731699,0.0112310857761466,0.0166497052099215,0.015947884035966,0.00834828070907307,37.821
"100534",0.0115914438279363,0.0202417061065071,0.0174495816263224,0.0102458666690042,0.0175357999074045,0.0142997411185613,0.0101893092043636,37.821
"100535",0.0112554041920625,0.0204705912883256,0.0176732884766516,0.0103717937056559,0.0177269063562534,0.0143387624128446,0.00978253236071155,37.821
"100536",0.0106253933273779,0.0202796817404967,0.0180872252908777,0.0106044595775268,0.0175319255302541,0.0147194322714651,0.00917423189504351,37.821
"100537",0.0116246882370948,0.0201215187868918,0.0177886214973577,0.0103273975531388,0.0173119445571242,0.0144183054581779,0.00938915742657603,37.821
"100538",0.012321015097307,0.0199522476906205,0.017466934315591,0.0100869599171744,0.01712893094115,0.0141998241610866,0.00974911729669844,37.82
"100539",0.0117185001637754,0.0198504608963757,0.0178288127866121,0.0103206729072467,0.017037187520919,0.0145896555531005,0.00940418872368375,37.825
"100540",0.00981976195662854,0.0196851416073322,0.0187651618260167,0.0109273893606516,0.0168944743950818,0.0154248854760482,0.00806136946967761,37.825
"100541",0.0124258940477164,0.0196700607574244,0.0177163507520189,0.0101311168261081,0.0167659909935204,0.0144777055584605,0.00817964077060292,37.829
"100542",0.0108942865747752,0.0192297539143179,0.0181366391905384,0.0107344760117845,0.0166866129280182,0.0153062086693704,0.00881440667473438,38.115
"100543",0.011123517602258,0.0191673436794609,0.0181882709731748,0.0108093072218183,0.0166739232108688,0.0154124250101212,0.00883672519962519,38.105
"100544",0.0107717180891103,0.0192294210291219,0.0184919094848192,0.0110639402000354,0.0167978761796895,0.0156907389047853,0.00850681340350824,38.105
"100545",0.00902505730159914,0.0191787151185462,0.0190459732764785,0.0114596660144238,0.0168137789226921,0.0161930129840644,0.00722249795733827,38.105
"100546",0.00543186705203801,0.0186167347362042,0.0198453173109397,0.0120490350474326,0.0164421279448058,0.0170910306475798,0.00568811986679335,38.105
"100547",0.0131281663998323,0.0169617962954249,0.0219418718592783,0.0135535134620379,0.0153795459326238,0.0193248653683692,0.00773132992478401,38.105
"100548",0.0110491356428252,0.0180950845345782,0.0211071576976326,0.0130157220933579,0.0162711694489069,0.0183941849401773,0.0071799802234816,38.105
"100549",0.00623879597592273,0.0196777639221217,0.0191372376625482,0.0116841288598261,0.0174274887530412,0.0164220016117974,0.00527105712945178,38.105
"100550",0.00887535132394491,0.0194918675410143,0.0191618584447975,0.0115103197273672,0.0170674137078166,0.0161509661712966,0.00383109990904663,38.105
"100551",0.00921908748815013,0.0196966804353874,0.0183057171858199,0.01090523982854,0.0171669193973466,0.015322988508799,0.00699919903617047,38.102
"100552",0.0102488195325324,0.0192978021054108,0.0180770280498526,0.0106813741956443,0.0167319956883321,0.0152176682694634,0.00818202403315439,38.106
"100553",0.0119203013283695,0.0198908969409446,0.017346492779336,0.0101500816180888,0.0171959822264232,0.0143196019502513,0.00990398242624568,38.106
"100554",0.0109699002292631,0.02032333575616,0.0177328353019479,0.0104469906499637,0.0176285195596293,0.0144496820249731,0.00971372990308562,38.105
"100555",0.0100574545066847,0.0202646888148275,0.0182789666388555,0.0107559310739702,0.0175466770117304,0.0148525674696202,0.00895914320533553,38.105
"100556",0.011540697175814,0.0201366821987153,0.0177965707211996,0.0103475346495799,0.0173388881471621,0.0144646812651817,0.00916900863328934,38.105
"100557",0.0108942865747753,0.0201054070272273,0.0182118461891807,0.0105874409047916,0.0172877644944437,0.0148148876209398,0.00866906975765356,38.099
"100558",0.0116604674642225,0.0200964126634767,0.0178104697594777,0.010325716968857,0.0172754627467309,0.0143855146523953,0.00933368613705589,38.076
"100559",0.0108942865747752,0.0194111372585966,0.0183076258186013,0.0106198244053697,0.0166294761011031,0.0151496981707612,0.00780340386983289,38.106
"100560",0.0113909432132722,0.0193064052731053,0.0180429781847913,0.0104523622933907,0.0165356551835262,0.0149870678122642,0.00815254676637183,38.122
"100561",0.0108684660855056,0.0194563075393676,0.0178678883167319,0.0105111960631527,0.0168356020856453,0.0149517469662703,0.00882627544905496,38.35
"100562",0.0114262271527707,0.0195639740195027,0.0182693994058453,0.0108195445974993,0.0169875752163167,0.0152827916758566,0.00843874302267225,38.387
"100563",0.0116776486813528,0.0195045657211293,0.0183576268582447,0.0108900483692175,0.0169502469921811,0.015391624659726,0.00846278702834434,38.387
"100564",0.00991308103242686,0.0192127650264203,0.0189044834222016,0.0113283149252902,0.0167950904753908,0.0160266552020122,0.00778527637715052,38.387
"100565",0.00620010522839624,0.0189845956691541,0.019653783868798,0.0119325704472577,0.016760799565697,0.016828409604595,0.00676955674648587,38.387
"100566",0.010947137972918,0.0177172253794421,0.0210548142923074,0.0129908054357825,0.0159582719104286,0.0184599663742527,0.0044331895716498,38.387
"100567",0.0172960549425775,0.015997758783673,0.0236365755694908,0.0147546023704899,0.0149521065730399,0.0209450486964478,0.00934950249409672,38.387
"100568",0.0132529446188774,0.0182669182413648,0.0217382849939319,0.0135181892911986,0.0165990510219964,0.0189471246587566,0.00816292446424166,38.387
"100569",0.00655173793010734,0.0191072980023891,0.0198971394101658,0.0121849386162271,0.0169905006462928,0.017080312507735,0.00654788658616849,38.387
"100570",0.00923649000054246,0.0194153995898001,0.0191900054199784,0.0115059902588451,0.0169776221191923,0.0161786465881375,0.0054562877535554,38.387
"100571",0.0121585566655033,0.019953503017809,0.0172834954074552,0.0100778349951688,0.0172240070872834,0.0142078554910643,0.00775316005164697,38.384
"100572",0.00990988027369516,0.0187536951246229,0.0192598959535747,0.0114785169410834,0.0163116912697193,0.0163905833556876,0.00567028618561254,38.387
"100573",0.0105453866844931,0.02001923146131,0.018054662683978,0.0106141673171168,0.0173266501974794,0.0148531942794149,0.00884784827713712,38.387
"100574",0.0109556803161805,0.0202585641617552,0.0179073353628692,0.010494785760566,0.0175165977548016,0.0146018740054356,0.00894893766058143,38.387
"100575",0.0105438983652737,0.0204494858808372,0.0182214562995434,0.0106524718668038,0.0176504262085269,0.0147327618805366,0.00852090846123601,38.386
"100576",0.0105021249940846,0.0201916128478394,0.0183827922876825,0.0107045769185071,0.0173732613299692,0.0149268871233858,0.00810677463675287,38.398
"100577",0.00998953889686926,0.0201626342953846,0.0184093292015766,0.0108022118151639,0.017422265943601,0.0150278136530373,0.00883602920920264,38.389
"100578",0.0114208071709941,0.0196420963339244,0.0179191454746423,0.0104105261868174,0.0168775214700169,0.0147833799975365,0.00900044167912438,38.401
"100579",0.0106607260834228,0.0195035894065337,0.0181588615455167,0.0106250736250584,0.0168113951979902,0.0150935290162831,0.00878566857110744,38.387
"100580",0.0104375910743711,0.0192533652915329,0.0183205017158064,0.01071016699257,0.0165679160426324,0.0153062086693704,0.00813814011276952,38.392
"100581",0.0111820502639526,0.0199406299323309,0.0181463058261563,0.0107420318852143,0.0173223162018692,0.0150321256819226,0.00824984386312276,38.666
"100582",0.010862718426187,0.0195110724924228,0.0179540192582138,0.0106556886808495,0.0169719579341332,0.0150886302339743,0.00875676824282378,38.668
"100583",0.00970737222098472,0.0193671151106441,0.0189063069066969,0.0113511523244123,0.0169547496736027,0.015994652767123,0.00785991080123409,38.668
"100584",0.0067207803718807,0.0190918185341662,0.0196985823812652,0.011923994133583,0.0168137789226921,0.0167912963857822,0.00698567911513858,38.668
"100585",0.00681836733034249,0.0186146312522002,0.0201292571474654,0.0122690957681851,0.0165008200234923,0.017354347248204,0.00656994044416733,38.668
"100586",0.0166189890375116,0.0160440913447364,0.0234206338134787,0.0145641070059135,0.0148667110010183,0.0207183905104745,0.00803850140024738,38.668
"100587",0.0160323510740765,0.0175309035525488,0.0229734934480327,0.014332481438445,0.0161352957483551,0.020123563318537,0.00919507408813658,38.668
"100588",0.0117957919945549,0.0185301787663345,0.0212789071925746,0.0131671190510705,0.0167071222653939,0.0184544977217456,0.00851201097983273,38.668
"100589",0.00970409177559883,0.0198089405328611,0.01880288624652,0.0112876368983216,0.0173420863361248,0.0157489905953227,0.00509369489666226,38.668
"100590",0.00999587945508581,0.0200759187418305,0.0186341328246327,0.0109853781024049,0.0173845052216799,0.0153062086693704,0.00375081301753649,38.668
"100591",0.00961336472668017,0.019722603422472,0.0186791906869157,0.0111053947041105,0.0171600234052506,0.015576196962172,0.00583314262636101,38.668
"100592",0.00911032086998019,0.0196230957317029,0.019538103968336,0.0116363130083753,0.0170716688050016,0.0162925111978915,0.00528622110118398,38.668
"100593",0.00925038438495804,0.0201576951502849,0.0186685208101194,0.0109873036558375,0.0174388574931021,0.015279785688114,0.00730240870981682,38.668
"100594",0.00871890597081319,0.0205540690220824,0.0191788429959178,0.0113028227715769,0.0177877111335953,0.0155287406682389,0.00653622791815555,38.669
"100595",0.0101761942143228,0.0202619330866575,0.0184287236691428,0.0107737644404518,0.0174736282133453,0.0149759270631937,0.00818519986466212,38.668
"100596",0.00964481993151452,0.020101996128229,0.0185083628940943,0.010885368075725,0.0173876886661753,0.0151715944379843,0.00845978793748875,38.666
"100597",0.0111848285796173,0.0198086230489963,0.0178411915887475,0.0104370635551534,0.0170988959214595,0.0145941588343657,0.0093791135753453,38.67
"100598",0.0102149000565123,0.0196285734928418,0.0182031909369432,0.0107157529677137,0.0169848440151931,0.0151423890879207,0.008879003987873,38.668
"100599",0.00907313362993028,0.0191170465183133,0.0187909364720101,0.0110555467123518,0.0164946591981992,0.0157713994296127,0.00756457457562102,38.663
"100600",0.0110913104569913,0.0198703794275215,0.0184320320279946,0.011009605494651,0.0173464116468945,0.0153809112595139,0.00831749242415656,38.938
"100601",0.00911208725435215,0.0195146497406241,0.0191801829732581,0.0115229342858684,0.0170892496468482,0.0161587237014669,0.00713300763304105,38.948
"100602",0.00823845998961227,0.0191813891876131,0.0194008058853929,0.0116933062941298,0.0168356020856453,0.0164824230477159,0.00691103425383461,38.948
"100603",0.00769689746888734,0.0188454974538387,0.0194713754479071,0.0117712586159058,0.0165807487849315,0.0166839856626912,0.00696479112915465,38.948
"100604",0.00757522434111553,0.0180704809703302,0.0202868679190782,0.0123843985165878,0.0160559413178446,0.0176509189885234,0.00548639021610364,38.948
"100605",0.0122200883670003,0.017990795581702,0.0215535493787318,0.013303756663845,0.0162179914155264,0.0187753930732125,0.00658610972501188,38.948
"100606",0.015917116520114,0.0169959055682512,0.0231663313757241,0.0143584187246258,0.0155518711038106,0.0202923339606297,0.0101920337966317,38.948
"100607",0.01074409606547,0.0200777832057027,0.0175411724600158,0.0104453370551863,0.0175147494416576,0.0145703326360216,0.00575851316652888,38.948
"100608",0.00977596373077328,0.0197459196059268,0.0190585983324344,0.0113786921678264,0.0172201988950507,0.0159071499562154,0.00539521244408921,38.948
"100609",0.00999587945508586,0.0203446503892043,0.0181699582744261,0.0107380560414765,0.0176633651528197,0.014859460244054,0.00605707366813939,38.948
"100610",0.0108612809542012,0.0201441025301807,0.0178332705591845,0.0104960177846961,0.0174570947750246,0.0146410006484143,0.0078051265321882,38.948
"100611",0.0091350138255056,0.0199948582954346,0.0186248233122194,0.0109953858044784,0.0173274037411997,0.0153475104573533,0.00705386044220455,38.948
"100612",0.00990667830258525,0.0205612503878108,0.0193152851821169,0.0114349488271386,0.0178393866140848,0.0156872684153393,0.0064655140880305,38.949
"100613",0.00817656909949779,0.0207102564954697,0.0190604009438845,0.0113068921531491,0.0180002562969516,0.0154473955221653,0.00815893572243759,38.963
"100614",0.00838793339557056,0.0204874506387281,0.018753177942946,0.0111281211498439,0.0178146583494118,0.0153020094902113,0.00868415042839884,38.949
"100615",0.0103543595916347,0.019827023703594,0.0181424400483966,0.0106737578767624,0.0171584903003637,0.014956091207815,0.00901189332129109,38.948
"100616",0.0100338242134527,0.0195914703461141,0.018232019125918,0.0107555343046696,0.016972348674352,0.015201323395946,0.00879409641022113,38.948
"100617",0.0110772730995394,0.0189645323818715,0.0188469154815,0.0111722510341754,0.0164448131548628,0.0159501425671786,0.00662851820003075,39.225
"100618",0.00859133893549484,0.0187951983345859,0.0195463679802701,0.011720074753391,0.0164243447829931,0.0166607070719913,0.00549740945624554,39.227
"100619",0.00746907923391095,0.0185812753956569,0.0196852441013937,0.0118733890288772,0.0163160897083826,0.0169033149908301,0.00554266187933217,39.227
"100620",0.00804089284678848,0.0187040448729308,0.0194831746269644,0.0117467575336168,0.0164197901576353,0.0167072166970654,0.00559796988389372,39.227
"100621",0.0093658027066213,0.0182336278216738,0.0207071826061246,0.0126882916816783,0.01626717064594,0.0179702498958426,0.00285837738775667,39.227
"100622",0.015033379393299,0.0169877942269247,0.0227352248283594,0.0140854272001215,0.0155100781056041,0.0199600049877547,0.00886518020005073,39.227
"100623",0.00711829067611276,0.0192772621133003,0.0201217478932054,0.0122898441699361,0.0171029445035155,0.01716679685268,0.00627640525020293,39.227
"100624",0.00997048885372021,0.02021069008423,0.018245929605878,0.0108033948379345,0.0175612227221083,0.0149975784856635,0.00472555495930523,39.227
"100625",0.0105275105711257,0.0202119198868567,0.0186425057501173,0.0110738482491703,0.0175847455656837,0.015342730201614,0.0041085254730904,39.227
"100626",0.0110265650509723,0.0203349109821086,0.0178208839524565,0.0104581428031667,0.0176001523993082,0.0145147308112781,0.00732935438735914,39.228
"100627",0.0103376189648399,0.0202564198347359,0.0181032330746188,0.0106617165301432,0.0175536763291621,0.0148079643815078,0.00762772992456389,39.227
"100628",0.00993864361322933,0.019979835820739,0.018981762686749,0.0111996613668561,0.0172953271531214,0.0156216959837363,0.00583739838777681,39.227
"100629",0.00925905596535617,0.0199506783543169,0.0189921838942357,0.0113334774132266,0.0173966716853529,0.0157719734010139,0.0075899449739395,39.227
"100630",0.00881316378053161,0.0203522541255656,0.0185496400990009,0.01101919879523,0.0177115117725174,0.0152122228410579,0.00911055215510378,39.205
"100631",0.00919990013745647,0.0199151586712008,0.0184975529918687,0.0109541177869404,0.0172932480019398,0.0153163996455036,0.00852831086890331,39.226
"100632",0.00944578284469384,0.0197130086605984,0.0183951197493394,0.0108923874558493,0.0171152726527764,0.0153181970206073,0.00861483914901777,39.222
"100633",0.00868535190026264,0.0192064296979143,0.0195880474345104,0.0116331154544021,0.0166626291825881,0.0164436180954542,0.00536913807317649,39.246
"100634",0.00825830888361138,0.0188317381973567,0.0197650825061482,0.0118360156580709,0.0164359283601724,0.016798624009116,0.00401070001535515,39.476
"100635",0.00876341064144245,0.0185689622704567,0.0208415858991861,0.0126457312481795,0.0163967760330908,0.0178535759114777,0.00564635717144615,39.505
"100636",0.00633160778534471,0.0186188378408829,0.0199858958013998,0.0120682924594885,0.016364543800868,0.017131263219051,0.00339551761795697,39.505
"100637",0.00619177746123591,0.0182528178323185,0.0200711655297678,0.0122035630988594,0.0161480994996486,0.017387722193106,0.00375686160577921,39.505
"100638",0.0124136092425485,0.0176993798755275,0.021623794100885,0.0133536487752544,0.0159837105789391,0.0189084754832701,0.00701474346537551,39.505
"100639",0.010879950727212,0.0186104231454977,0.0211938606985874,0.0130081326607146,0.0166310960231003,0.0182592614696051,0.00810838819177202,39.505
"100640",0.0110166733670929,0.0198520428978741,0.0184683685374917,0.0109137962600463,0.0172160081717372,0.0152960077283866,0.00259123030965037,39.505
"100641",0.0101591088544052,0.0199522476906205,0.0183509712127177,0.010823871697972,0.0172894666000464,0.0151442168438621,0.00413428888791423,39.505
"100642",0.0104721672079689,0.0201940760435159,0.0186717690792937,0.0110593630442581,0.0175380131612766,0.0153397414317916,0.00483931877123161,39.505
"100643",0.00974173874627911,0.0201329703956054,0.0186019870721047,0.0109946164358707,0.0174634141705443,0.0152869986019189,0.00582745997614575,39.505
"100644",0.0101668790996928,0.0193983412921687,0.0193656045006954,0.0114756196317214,0.0168131830472517,0.0161825163048823,0.00352084216649732,39.505
"100645",0.00987941241248506,0.0195347928639836,0.0189208858128792,0.0112746505853125,0.0170138722544013,0.0158582939011184,0.00665917352375895,39.505
"100646",0.00974990032796569,0.0193819164705879,0.0191971445417921,0.0114824990634909,0.0169178832738632,0.0161681362197607,0.00719188905571002,39.506
"100647",0.00989866806204605,0.0194242473543182,0.0192860677805996,0.0115139258697036,0.0169306456103388,0.0161990854487185,0.00736945700458153,39.51
"100648",0.00792123621958955,0.0198010009980902,0.0188601873271887,0.0112419060208913,0.0172544194474274,0.0157144238348058,0.00802538365393965,39.516
"100649",0.0104676648692859,0.0198937351657621,0.0178575129810713,0.0105797293322887,0.0172964610502844,0.0147073568698118,0.00923716202654565,39.509
"100650",0.0094863191771638,0.0193976847254927,0.0183481177450145,0.0108771707476195,0.0168480784265971,0.0154183604079597,0.00808088244582754,39.505
"100651",0.00830965611441966,0.0190090339176877,0.0197247913433111,0.0117737047829917,0.0165497573942588,0.0166723523281997,0.00477202037098005,39.505
"100652",0.0088479788022099,0.0190780047106213,0.0195111026505033,0.0116139041268325,0.0165795273716872,0.0164926409168336,0.00571174987889415,39.507
"100653",0.00787319495926824,0.019119734368014,0.0206264267574386,0.0124898546369193,0.0168447133962077,0.0174986275759211,0.00656646670165379,39.78
"100654",0.00614433661192903,0.0193555904454398,0.0199094296538553,0.0120432832247608,0.0170348585197068,0.0168575975127594,0.00377490784983273,39.781
"100655",0.00924864892503042,0.0188331148451855,0.019312189337975,0.0115606619739471,0.016439441963089,0.0164533319243335,0.00348680222456952,39.781
"100656",0.0125758481535299,0.0177826661590129,0.0218778908847142,0.0134407699482537,0.0159619725569401,0.0190123022808446,0.00829272023927695,39.781
"100657",0.0122376022667133,0.0183091155731558,0.0216693177502726,0.0133322566703925,0.0164322066339502,0.0187388973134687,0.00891888557335126,39.781
"100658",0.00611622852945777,0.0190564096998445,0.0201783864077803,0.0122171735834364,0.0167869276620083,0.017173384084478,0.00747831557172108,39.781
"100659",0.0095651201809917,0.0197889231634876,0.0190761634924459,0.0113951711911679,0.0172640935936369,0.0159105503088415,0.00486850490076455,39.781
"100660",0.00801630800442701,0.0198624790643421,0.0197110485422735,0.0117792933406818,0.0173225046761281,0.0163791859660704,0.00547849601720954,39.781
"100661",0.0107076239646239,0.0199422005310751,0.0187794361323905,0.011142480880595,0.0173302290168529,0.0155445830549169,0.00497862944057741,39.781
"100662",0.00567180453537516,0.0193090511707884,0.0202157441551659,0.0121899312400099,0.0169498553552178,0.0170700955731555,0.00441951362181057,39.781
"100663",0.0100148729013648,0.0197771518491357,0.0188921683720808,0.0113043027849866,0.017276030858952,0.0157926159961898,0.0067097341644104,39.781
"100664",0.00814642383964942,0.0194755684805721,0.0195341877056919,0.0117611168732712,0.0170790141269894,0.0164705802082676,0.00558881700642468,39.781
"100665",0.00893160985622973,0.0197809707979553,0.0194073960682407,0.011643414264816,0.0173040170251768,0.0162205882328049,0.00601153951923004,39.781
"100666",0.00579643551209313,0.0196269626399516,0.0200837234580748,0.0121639381202131,0.0172885210222171,0.0169162698678317,0.00565535091786598,39.781
"100667",0.00805927380820354,0.0197136485433261,0.0188830387678542,0.0113493129931223,0.0172714850406204,0.0158309291172305,0.00839714051965108,39.785
"100668",0.0100148729013648,0.0192220952262291,0.0181950111697894,0.0107527563432033,0.0166618219508541,0.0153367518073486,0.00838192430392031,39.781
"100669",0.00902505730159916,0.0189410254703103,0.0190315300933527,0.0113728248670058,0.0165180488430198,0.0161863846644323,0.00720376414437649,39.781
"100670",0.00904824254465199,0.0186174358132354,0.0190337878653103,0.0113779589878329,0.0162338502513455,0.0163023573954123,0.00636178145187577,39.781
"100671",0.00791498934890426,0.0187599299528781,0.0196839526198181,0.0118002173100435,0.016388468711129,0.0168414490917467,0.00596950097087569,39.791
"100672",0.00772910774845177,0.0196851416073322,0.0196507633802193,0.0118061362931623,0.017234662153467,0.0164608813114297,0.00515046972111866,40.051
"100673",0.00626352077062323,0.0198438142912554,0.019862329292896,0.0119858920175111,0.0174287940252568,0.0166230429418099,0.00546899713706621,40.057
"100674",0.00989706510186367,0.0192729509078482,0.0190761634924459,0.0113625468381334,0.0167721770794046,0.0160669457996629,0.00378089048008932,40.057
"100675",0.009449168660309,0.0188210637253777,0.0209578439442052,0.0127553495435936,0.0166672694305856,0.0179084801434513,0.00729080816188099,40.057
"100676",0.0152910319937455,0.0177988722552469,0.0229869735670102,0.0141894376723485,0.0161196937095874,0.0199221684918174,0.0104401501125942,40.057
"100677",0.00757960927093498,0.018994784372501,0.0201929260677755,0.0123547350453844,0.0168865930378569,0.0173333775316231,0.00728499599151024,40.057
"100678",0.00785850533041802,0.0196845002447014,0.0194315329650674,0.0116820095506915,0.0172445457779988,0.0162990762991891,0.00615808020397495,40.057
"100679",0.00630991362686647,0.0194121210060921,0.0198878085906302,0.0119613235849806,0.0170070613709233,0.0167519611199642,0.00691527643617717,40.057
"100680",0.00787738609884226,0.0196124554569717,0.0194293404586064,0.0116710511653995,0.0171709398100086,0.0163138336095462,0.00412658882844517,40.057
"100681",0.00674093329481774,0.0193285468180777,0.0197552347970375,0.0119026873647342,0.0169580763909693,0.0166998301469612,0.00357086756540431,40.057
"100682",0.00750465654345119,0.019836530596188,0.0195411491809407,0.0117635660056414,0.0173933040095452,0.0163454684497151,0.00487816717906072,40.057
"100683",0.00946776528009085,0.019969810812178,0.0190392049690288,0.0114028499484529,0.0174539335676325,0.015843479917981,0.00644643135535448,40.057
"100684",0.0091332526380814,0.0197165276053942,0.0193523805608689,0.0115803551948318,0.017216198698093,0.0161709030779502,0.00514519265307036,40.057
"100685",0.00719564945821489,0.0191593102928325,0.0195759039250962,0.0118370560482398,0.0168579687287324,0.0166622957646752,0.00591865135027225,40.057
"100686",0.00630991362686651,0.019217097804195,0.0196994424757004,0.0119219345274713,0.0169202406722236,0.016748282909798,0.00626386551885617,40.057
"100687",0.00857239117497881,0.0192090976111872,0.0193678072459582,0.0116117667757696,0.0167923039580424,0.016386242864386,0.00688762196367867,40.057
"100688",0.00858755330387406,0.0193588843245292,0.019181076217736,0.0115207731690875,0.0169492678699238,0.0162480948737353,0.00771905871138353,40.057
"100689",0.0076276486134498,0.0188650767312528,0.0187171609667037,0.0112344453511126,0.0165098485877196,0.0160524135306641,0.00754818762017286,40.057
"100690",0.00543834056683563,0.0188911320835469,0.0199576390787605,0.0120375275374691,0.0165876671388659,0.0171470128712632,0.00606106326363897,40.062
"100691",0.00819459388415326,0.0196218064919409,0.0195002000170731,0.0116813029941833,0.0171437218279678,0.0163323890740116,0.00567475362568979,40.331
"100692",0.0105230359795828,0.019782561679321,0.0187453364515533,0.0111307683205656,0.0171978912271058,0.0155896335986205,0.00345915388163615,40.331
"100693",0.00557853698481913,0.0189372736855514,0.0201970775304213,0.0121816086019712,0.016626843135643,0.0171779423050037,0.0064416454984922,40.331
"100694",0.0107382702867584,0.0179179977036815,0.0213366181754613,0.0130275492003837,0.0159456347996056,0.018486819410786,0.00800398850061182,40.331
"100695",0.00978409185674484,0.0182325406302788,0.0208875660426846,0.0127858934499379,0.0162532666128737,0.0180947405260788,0.00794004301121077,40.331
"100696",0.00517881006033288,0.0189010591516742,0.0199825248429282,0.0121013010766001,0.0166539478333854,0.0170752051616052,0.00749496535324096,40.331
"100697",0.00686039676299925,0.0194873059974872,0.0196425615904954,0.0118068323698785,0.0170672202499636,0.0165302058018361,0.00682523467232311,40.331
"100698",0.00720263381210939,0.0195581433475075,0.0194363552447886,0.0117031783734942,0.0171531225346647,0.0163672333500613,0.00533127104174048,40.331
"100699",0.00637205117976406,0.0194012954033181,0.019678785491446,0.0118685536634222,0.0170358290049487,0.0166283553238673,0.0046512117096525,40.331
"100700",0.00655953261607717,0.0196556043297992,0.0197368051653031,0.0118823616559439,0.0172348523172114,0.0165628390884852,0.00269075218629203,40.331
"100701",0.0064968678540044,0.0194507521247163,0.0203157126292879,0.0122793114587194,0.0171066060541612,0.0171297379314572,0.00454879812033004,40.331
"100702",0.00600513000255758,0.0191153663058614,0.0199183227734313,0.0120243086728772,0.0167968813785936,0.0169188590970622,0.00174430606729342,40.331
"100703",0.00746015381571797,0.0192130983723956,0.019439861291898,0.0117379897140412,0.0168867901506591,0.0165232389381598,0.00589921410291825,40.331
"100704",0.00568717502150537,0.0186922089162893,0.0198542511789303,0.0120114090724584,0.0164563714056582,0.0170317019183375,0.00411886403363084,40.331
"100705",0.00586499477824114,0.0188058962483768,0.0201004500606237,0.0121802762378665,0.0165805452270491,0.0172027282112726,0.00412915825319969,40.331
"100706",0.0069943514021512,0.0187564665678457,0.0193876159871176,0.0117379897140412,0.0165225559325212,0.0166982466910302,0.00695325676957253,40.331
"100707",0.00760803913256916,0.019091481801445,0.0190842627585527,0.0115552829035156,0.0168155663261566,0.0163252979912031,0.00781630796848077,40.331
"100708",0.00766669131359069,0.0189164467659415,0.01919669845698,0.0115942909991564,0.0166308935480301,0.0164414583231774,0.00740824684455161,40.323
"100709",0.0103771367155497,0.0195435545145826,0.0187092980574118,0.0111292557599754,0.0170064773576125,0.0156745336392664,0.0034764782938403,40.605
"100710",0.0090428982886959,0.0192290881347266,0.0191846486058851,0.0114614804979744,0.0167679869437618,0.0161990854487185,0.00468036397196018,40.605
"100711",0.00627994060315422,0.0189348855682536,0.019756091395928,0.0119081910173381,0.0166179261131795,0.0168357135428763,0.0058978215179331,40.605
"100712",0.00719797845894181,0.0184475974780955,0.0202468009917982,0.0123344672804938,0.0163499506342427,0.0174872874727562,0.00575560953010652,40.605
"100713",0.0118244611788052,0.0182651114675641,0.0215084370289248,0.0132284214638633,0.0163824412673874,0.0186220338383434,0.00861120290146934,40.605
"100714",0.0102179891005761,0.0189345443693887,0.0210273971947771,0.0128722933262976,0.0168611314705353,0.0180038545485055,0.00875888845341219,40.605
"100715",0.00660092218696133,0.0192752725174369,0.0203239433152002,0.0122918176409181,0.016962379851169,0.0172012122123884,0.00801881096086828,40.605
"100716",0.00475053661202971,0.0195139994097201,0.0197642264598305,0.0119544864171154,0.0171718968070779,0.0166903261047027,0.00656298980279205,40.605
"100717",0.0069943514021512,0.0195917934657902,0.0203000612844845,0.0123187438924909,0.0172854945616171,0.0171210908686182,0.00649041443477783,40.605
"100718",0.00800603819131,0.0194729586095043,0.0205517009216791,0.0124827773377865,0.0171967458714317,0.0173673098930751,0.00644284253468474,40.605
"100719",0.0116379548387174,0.0189273769248316,0.021617387320006,0.0132210031461457,0.0168516401117524,0.0184503946715315,0.00812610104914619,40.605
"100720",0.0123667964496561,0.0185879542125491,0.0218177365445054,0.0133866678894251,0.0166236015555374,0.0187424624664281,0.00806055466877964,40.605
"100721",0.0104526406511735,0.0185615681349065,0.0211145646345966,0.0129285243006062,0.0165464891991401,0.0181812349301392,0.00600344240955571,40.605
"100722",0.00730417306475526,0.0184962251395224,0.0203227090136621,0.012362568095269,0.0163703746624365,0.0175129106164848,0.00499164022845868,40.605
"100723",0.00529711054556567,0.018449020164934,0.0199013786411174,0.0120932290431896,0.0163085482499621,0.0171946406174968,0.0041875134787308,40.605
"100724",0.0065465354274857,0.0185266465635181,0.0199289024842194,0.0121969160874492,0.0164827367774738,0.0172782796775676,0.00593522509111127,40.605
"100725",0.00424117601382172,0.0190580982169412,0.0195394091418654,0.011934970262696,0.0169054974411632,0.0167886782401353,0.00764828627750455,40.605
"100726",0.00741083857822263,0.0190567474223699,0.0186443656761373,0.0112351917315401,0.0167273869833744,0.015948448712763,0.00876877114453323,40.63
"100727",0.00712771994399894,0.0192590118657549,0.0195945484965843,0.0117562164563025,0.0168427334140422,0.0165921818837757,0.00597359143526381,40.658
"100728",0.00772696529248323,0.0195110724924228,0.0193563490881196,0.0116412845273144,0.0170977388739465,0.0163078237370661,0.00572056802434411,40.877
"100729",0.00559420824738942,0.0191656705004861,0.0200325848933805,0.0121405442932306,0.0168956560409381,0.017037853435273,0.00682306588609505,40.877
"100730",0.00610776652232491,0.0189403434158636,0.0200518883701677,0.0121866031436684,0.0167400055126231,0.01715919158945,0.00646313403118221,40.877
"100731",0.00908554920396678,0.0187172591621658,0.0205808291475155,0.0126197811152512,0.0166904366554415,0.0177439835878938,0.00682740227658222,40.877
"100732",0.0108468939497324,0.0184479531662247,0.021132481976452,0.0129898925762888,0.0165159994506181,0.0182768426205081,0.00820658163739494,40.877
"100733",0.010044859793426,0.0191743684864898,0.0208847954478526,0.0128126130288625,0.0170975460193023,0.0178497472637341,0.00840169616911815,40.877
"100734",0.0097172057686658,0.0190655248567378,0.0208487301770837,0.012761591342571,0.0169674632837262,0.0178248316298321,0.00882069355724735,40.877
"100735",0.00587682250473007,0.0196153582638603,0.0199500380452552,0.012137531914956,0.0173386999860803,0.016872163700775,0.00701370900851647,40.877
"100736",0.010879950727212,0.018742949601727,0.021245332874541,0.0130196661407124,0.0167197677036145,0.0182416554468626,0.00862573211980418,40.877
"100737",0.0093022718060063,0.0192828975222461,0.0208530944161223,0.0127077708624347,0.017085774642111,0.0177048094746386,0.00739787405326244,40.877
"100738",0.00854387712459328,0.0194252300422075,0.0206336769047783,0.0125625527316311,0.0171919721110322,0.017477417735961,0.00700335000781957,40.877
"100739",0.010369550857395,0.0186503390138467,0.0210015002735493,0.0128889219518054,0.0166587942189434,0.0180989624055345,0.00745135633623243,40.877
"100740",0.0121837156488626,0.0174526848936503,0.021541052654997,0.0132981641268905,0.0157650540283362,0.0189009957958615,0.00767318413179483,40.877
"100741",0.0120369343673552,0.0176135486147379,0.0216207794805501,0.0132931574737545,0.0158244722886876,0.0188688276617365,0.00798911878569951,40.877
"100742",0.0100385554891904,0.0179607678406477,0.0209191930426287,0.012829040805392,0.0160527096715635,0.0182161288018418,0.00586844591846695,40.877
"100743",0.01040590387442,0.0183206297232635,0.0208800446436727,0.0128673605225999,0.0164433673683767,0.0181979962397064,0.00661367107627429,40.877
"100744",0.0106739405303101,0.018519932414922,0.0208784607015873,0.0129033705042403,0.0166604091297511,0.0181317500414383,0.0056025367076185,40.877
"100745",0.00550258539735391,0.0191277943002996,0.0198193341499364,0.0120821176134161,0.0169431950898451,0.0169576279820886,0.00743734598595589,40.877
"100746",0.007533418180794,0.0186524360736557,0.0194494983007679,0.011691542189427,0.0163334536337352,0.0167593139876983,0.00622344597656727,40.874
"100747",0.00621395577556719,0.0181273187566376,0.0204431690761289,0.0122980640289536,0.0158685598529841,0.0175737910529183,0.00567772856936779,40.83
"100748",0.00861966907206927,0.0182820838920773,0.0210168084691631,0.0126744422008421,0.0160423607048068,0.0179906130067834,0.00747275148545448,40.847
"100749",0.0070851723195902,0.0183837520827739,0.0204602956412215,0.0123765848863631,0.0161838553289854,0.0177285225697973,0.00608886512248859,40.875
"100750",0.00595884734521041,0.0191860673770804,0.0200987782886161,0.012184272715734,0.0169174903179517,0.0170859280017451,0.00723624864476543,41.148
"100751",0.00738377648515779,0.0190580982169412,0.0202161586914659,0.012340029228188,0.0169072678232119,0.0173023540361114,0.00689721620474725,41.148
"100752",0.00988904573151308,0.0189631709321914,0.0208185417888081,0.0127774885351246,0.0169222047295907,0.0178669667018877,0.00745787905636747,41.148
"100753",0.0110547698513064,0.0188065861028307,0.0211110565449046,0.0130123835096805,0.01686705880015,0.0181952042611426,0.0080368636906811,41.148
"100754",0.00983107972739821,0.0186768740142321,0.0207435972475835,0.0127541006684032,0.0167039080431893,0.0179160994429359,0.00818281818933477,41.148
"100755",0.0103634774836015,0.0182874953318566,0.0209869624716821,0.0128873835312791,0.016357667018584,0.0181961349905013,0.00890104553703772,41.148
"100756",0.0103284743043651,0.0188076208087784,0.0210234763263744,0.012887691236039,0.0167743711776259,0.0180557370973441,0.0091039436839707,41.148
"100757",0.00794409216276726,0.0190185241495626,0.0203592815237877,0.0124327538363202,0.0168820583258311,0.0174309200438599,0.00822865481544484,41.148
"100758",0.00887352956822306,0.0190871034130355,0.0206742914508043,0.0126137575649321,0.0169324113696956,0.0176416702658488,0.00830589624805432,41.148
"100759",0.0102826079149312,0.0190378202273587,0.0211390981536104,0.0129076699341993,0.0169102177354821,0.0180265211497691,0.00862573211980418,41.148
"100760",0.00894425601483793,0.0190685616969573,0.0208109849854165,0.0126555221874431,0.0168672563147045,0.0177106210708155,0.00824200696549407,41.148
"100761",0.00942883238236234,0.0184870122250093,0.0209495701200061,0.0127534761663315,0.0163814016585871,0.0180014910355064,0.00850161037189884,41.148
"100762",0.00875230934133426,0.0182136795127327,0.0205937562785346,0.0125867604512805,0.0162050727495457,0.0178578817008025,0.00767229730849344,41.148
"100763",0.0144988281314115,0.0168180689894089,0.0224287391168452,0.013913412824949,0.0153809399069159,0.0197817007472147,0.0100469880225797,41.148
"100764",0.014520326659522,0.0172629562243881,0.0225307289514862,0.0139390747616285,0.0156973979005868,0.0197255979634961,0.00981052020782367,41.148
"100765",0.0104946449453005,0.0180914157512142,0.0210097451136073,0.012912581104394,0.0162057085174255,0.0182777672570534,0.00720968911181156,41.148
"100766",0.00974990032796571,0.0183119951942144,0.0205375201974033,0.0126967797152004,0.0164757407132731,0.0179493781199477,0.00606902896359269,41.148
"100767",0.0092121156901667,0.0185710740175454,0.0204317400525708,0.0126004279782402,0.0166523318200851,0.0177449492453851,0.00540978473623388,41.148
"100768",0.00534027005520228,0.0185188719309493,0.0197655105095906,0.0120625535434964,0.0164311725579116,0.0171221085026977,0.00630880897044855,41.148
"100769",0.00804906823800292,0.0184689194200027,0.0202819172687765,0.0124295167884107,0.0164617328852475,0.0175811346646863,0.00629139640466615,41.17
"100770",0.00723743713382132,0.0189879928733241,0.0202182311921752,0.0123269366754201,0.0168294569586234,0.0173113692615619,0.00723134283520326,41.418
"100771",0.00986172266883734,0.0190249596469862,0.0207898848865043,0.0127662698766514,0.0169821120412622,0.0178329827452574,0.00740730489325627,41.418
"100772",0.0114357048755812,0.0189406844479878,0.021251899287303,0.013102106243971,0.0169895256014257,0.0182694430560819,0.00819154519195511,41.418
"100773",0.01268665303234,0.0188715959536511,0.0216347171067316,0.0133930830859877,0.0170173731276232,0.0186431576137982,0.00890379415187031,41.418
"100774",0.0123172943508948,0.0187727356115572,0.0214844996036908,0.0132972807924363,0.0169239720384225,0.0185729088559105,0.0091677020197485,41.418
"100775",0.0125066192698366,0.0190029290582891,0.0215683049993776,0.0133466210729153,0.0171177749000709,0.0185909584961655,0.00946699820358571,41.418
"100776",0.0119267444691421,0.0190601241222848,0.0214711846757444,0.0132296078520512,0.0170888635965951,0.0184380774812451,0.00966440959067049,41.418
"100777",0.0109826797010088,0.0191559614609496,0.0211806739136869,0.0130157220933579,0.0171162351317376,0.0181242633958618,0.00958688653399808,41.418
"100778",0.0124344849468092,0.0185710740175454,0.0218923374977462,0.0134157931406677,0.016588684115817,0.0187878312298074,0.0106805510925237,41.418
"100779",0.0111249154338398,0.0186618681887598,0.021450618644222,0.0131057132725854,0.0166020979453741,0.0183827293414924,0.0101931232836495,41.418
"100780",0.0136082385999893,0.0179874631165412,0.0224051094156105,0.0137411675615876,0.0161186241043901,0.0193414696455141,0.0110921323352175,41.418
"100781",0.0139358163325432,0.0168903814214358,0.0224380381003093,0.013813443044416,0.015266122983185,0.0196692600868904,0.0109866785037719,41.418
"100782",0.00897488118807888,0.0181115793848851,0.0208233125031982,0.0126697159210012,0.0160438706606133,0.0180029091979363,0.00917553691338636,41.418
"100783",0.0109214639324832,0.0179015902963878,0.0212546022682066,0.0130339113947619,0.016009727747269,0.0184850006741648,0.00949905873034428,41.418
"100784",0.0131913008281671,0.0183083955549179,0.0219030710933021,0.0135463442360054,0.0165387226811482,0.0189895930073418,0.00964467979910965,41.418
"100785",0.0114950695066484,0.0181987862345463,0.0212665667569265,0.0131201274501972,0.0163730806066745,0.0185272185938663,0.00815654087024576,41.418
"100786",0.00623879597592269,0.0185977897028634,0.0197046019243539,0.0121160801763934,0.0166065649877276,0.0172486206879137,0.00481772208592623,41.418
"100787",0.00591507130474387,0.0188537453162471,0.0196572350498613,0.0120760507736926,0.0168117925267309,0.0170152819153984,0.00591588130657686,41.418
"100788",0.00813029276795249,0.0183937624231481,0.0201584221099475,0.0124094205822788,0.0164637941750621,0.0175644826764382,0.0056493578172899,41.418
"100789",0.0106106306238132,0.0182784748445779,0.0209255103104018,0.0129076699341993,0.0164249656961415,0.0182703682421024,0.00741201259607063,41.418
"100790",0.0106489637671933,0.0180015268279323,0.0210599004672656,0.0129471917358191,0.0161352957483551,0.0185394490043678,0.00642123720334919,41.418
"100791",0.00926425434679545,0.017970044208583,0.0206863334039747,0.0126728670495645,0.016036102508575,0.018167249833912,0.00727237558204053,41.418
"100792",0.00852098530719103,0.0176475793255952,0.0203765081468528,0.0125113735774134,0.0157888241735606,0.0179046687095445,0.00816292446424165,41.42
"100793",0.00602524771995158,0.0175767232776624,0.019640402417422,0.012006651675359,0.0156369007221092,0.0173218783263365,0.00774531336702812,41.435
"100794",0.00585907041615117,0.0177902068096743,0.0198312668410872,0.012111380485591,0.0158456612504782,0.0173867272867463,0.00841760765791095,41.451
"100795",0.0110081864864142,0.0187308057284176,0.0212047116736129,0.0130284583527282,0.0167522075298966,0.018247681364719,0.0084425076480962,41.687
"100796",0.0109442887880729,0.0185777586891388,0.0210599004672656,0.0129856313723175,0.0166777520573681,0.0182254172878231,0.00800811057415165,41.687
"100797",0.0120814421100297,0.0189212299506667,0.0213810966766053,0.0132337590332989,0.0170449468162394,0.0184284890915135,0.00846428589005955,41.687
"100798",0.0128931740848861,0.0191696857384049,0.0215970184852539,0.0134166655253113,0.017325896596104,0.0186283297021269,0.00874473704160283,41.687
"100799",0.0138388216440061,0.0185132143784799,0.0219927196471196,0.0136796783252006,0.016822712600013,0.0191235260784995,0.00983084195686014,41.687
"100800",0.0153285226513468,0.017610101459613,0.0228303973883673,0.0141603690494758,0.0160606789969583,0.0199123871040427,0.0112457800656175,41.687
"100801",0.0124160673435521,0.0185414745991297,0.0216343405815424,0.0133510139963229,0.0166831903911996,0.0187076596809256,0.0104071263685841,41.687
"100802",0.0129084484782652,0.0182234766747026,0.0219311651867325,0.0135058095310304,0.016386182898479,0.0189747230666821,0.0110987250896678,41.687
"100803",0.00923822813840161,0.0189954633092506,0.020768754374637,0.0126816843546425,0.0168674538251905,0.0177526717313267,0.0101925785651209,41.687
"100804",0.00987619885805914,0.0187172591621658,0.0210395453029996,0.0128312083016289,0.0166122472590005,0.0180274646842618,0.0106346329015753,41.687
"100805",0.00899463236835475,0.0189164467659415,0.020761970201779,0.0126507859664466,0.0167661906073546,0.0177444664262772,0.00996942149223314,41.687
"100806",0.00649161376023995,0.0193466924993691,0.0201138171442976,0.0122304315929592,0.0171000528312562,0.0170823548189281,0.00862210375327814,41.687
"100807",0.00956512018099175,0.0187106538797373,0.0208915231314782,0.0127550373409126,0.0166219803484161,0.0179298973188855,0.00941106430967181,41.687
"100808",0.0122250953398507,0.0180007870698143,0.0215664140531812,0.0133072870901836,0.0162207422348635,0.0187785037456145,0.00997055305315493,41.687
"100809",0.012936591831711,0.0182510088296899,0.0217853341410157,0.013475223641633,0.0164874664486644,0.0189401061409169,0.00973557821298802,41.687
"100810",0.0115152254876782,0.0181404791478088,0.0211589290874198,0.0130975954940483,0.0163801539748044,0.0185543812265959,0.00815174754253939,41.687
"100811",0.0109286027032918,0.0178450996681327,0.0209475994787321,0.0129615490738074,0.0161139163575139,0.0184863647512422,0.00676625703629675,41.687
"100812",0.00965637842210754,0.0184813390944342,0.0207403995947036,0.0127315914495128,0.0165108740114789,0.0180646764995498,0.00597086499334302,41.687
"100813",0.00887717264141212,0.0189444351546099,0.0204696658654987,0.0125657417045131,0.0168999874991137,0.0177652102694225,0.00686085022816988,41.687
"100814",0.0105304923939365,0.0179280540230305,0.0208610260794262,0.0128833824290992,0.0161461800754373,0.0184239206179683,0.00636300438446294,41.687
"100815",0.0123148131211141,0.0174868290130825,0.0215683049993776,0.0133258002639328,0.0158109824942921,0.0191083757167216,0.00757274525768414,41.687
"100816",0.00960340640358682,0.0181339008579975,0.0208689534683346,0.0127587830642844,0.0161466066488392,0.0182985534629751,0.0062005106299558,41.687
"100817",0.00785430237703736,0.0178788038767651,0.0201521775135525,0.0123576732571125,0.0160391242430649,0.0176426441506094,0.00820816167289312,41.687
"100818",0.00502543773885632,0.0174219416964528,0.0195346229009701,0.0119899798778215,0.0155757617573209,0.0173303788181421,0.00776620765820548,41.687
"100819",0.00642018951258688,0.0174589008457564,0.0199187461148772,0.0121656066885326,0.0156115904872967,0.0175335661497444,0.00830047517910703,41.687
"100820",0.00803680149479643,0.0176445246695511,0.0191121229913363,0.0115258148888175,0.0155739437851955,0.016741974647837,0.00719783080255561,41.703
"100821",0.00525690182393802,0.0175193221461376,0.0196585290212539,0.0118412163239289,0.0155464013096703,0.0171439662080613,0.00781029060858447,41.703
"100822",0.00567180453537512,0.0175859411545575,0.020235628317072,0.0121284884674404,0.0155939209851217,0.0177004489400639,0.00684146300821759,41.693
"100823",0.00934010798864827,0.0186429963386649,0.0207051791687419,0.0126816843546425,0.0166120443796124,0.0178473537469172,0.00779995658595866,41.941
"100824",0.011611403862668,0.0182755867873486,0.0212839175966287,0.0131414076903548,0.0164536895131763,0.0184986348053968,0.00839562102694997,41.955
"100825",0.0119576149101506,0.0186457940925296,0.021239923078626,0.0131823332031343,0.0168542116165815,0.0184754479965516,0.00816292446424166,41.955
"100826",0.0114640829491984,0.0187609687693798,0.0210403287103849,0.0130572021740424,0.0169396672016619,0.0183372619644333,0.00818043532384542,41.955
"100827",0.0124993058609772,0.0181707632288249,0.0214330773506373,0.0133190456789008,0.0164893165400153,0.0188002573167111,0.0093444462573341,41.955
"100828",0.0104991337242394,0.0183576126950821,0.0208165535335037,0.0128648931234948,0.0165205075236232,0.0181924116538732,0.00930510022068179,41.955
"100829",0.0107280662486852,0.0181452277677097,0.0210649849008441,0.0129584961937983,0.0162696964068576,0.0183289773804732,0.0103628130050075,41.955
"100830",0.00855149177047866,0.0184059061570995,0.0204260221394575,0.0125213125166362,0.0164150261263248,0.0177125576478962,0.0100970263261485,41.955
"100831",0.00341672256513498,0.0193953864627129,0.0195910816441958,0.0119047516536582,0.01712893094115,0.0166532902322195,0.00919767366752623,41.955
"100832",0.00482564161049286,0.0189686157950956,0.0196546467446319,0.0118567990874887,0.0166593998427682,0.0167577387716498,0.00953521167155016,41.955
"100833",0.00332031252831092,0.0193093818673067,0.019704601924354,0.0119215912111495,0.0169969334751317,0.0167172336435509,0.00899369372275912,41.955
"100834",0.00642018951258696,0.0194353798404307,0.0200246040153473,0.0122015695299547,0.0172051420323015,0.017010145894176,0.00859517201983294,41.955
"100835",0.0101699852492694,0.0185216996728282,0.0209472053189277,0.0128494567823503,0.0165391316052177,0.0180872313920227,0.00948798188870515,41.955
"100836",0.0112705584956111,0.0180270188251371,0.0211903712115391,0.0130692782611904,0.0162190495200928,0.018477723100842,0.00960742324024352,41.955
"100837",0.0127630703807419,0.0180085521110981,0.0216305748184146,0.0134108481205175,0.0163211139426798,0.0189308885413785,0.00983315985628416,41.955
"100838",0.015379299852449,0.0172376179052314,0.0226814410801663,0.0141371616717378,0.0158535942748165,0.0199961158309278,0.0108128682407838,41.955
"100839",0.0171132846036572,0.0162194607661212,0.0233332587921352,0.0146443749533573,0.0152503373049475,0.0208443768270158,0.0105087675092405,41.955
"100840",0.0144021351502539,0.0175571096243038,0.0225690727740756,0.013924734346799,0.0158863541576906,0.0196945585257831,0.00976790077865411,41.955
"100841",0.00995458116184829,0.0190361288380521,0.0208534911009006,0.0127939797368049,0.0169791840681181,0.0180877008469073,0.0072362486447654,41.955
"100842",0.00953503126673216,0.0181984227407574,0.0205058673829061,0.0126457312481795,0.0163895075314988,0.017926568223623,0.00639829541556191,41.955
"100843",0.0138755575099505,0.0171252560858551,0.0220639206506413,0.0137104714058247,0.0156583128742793,0.0196767301636858,0.00890310713467337,41.955
"100844",0.00773767061908354,0.0176803637127037,0.0203510711001552,0.01241947439992,0.0157124023244966,0.0179948707757388,0.00635198343444335,41.955
"100845",0.00723743713382132,0.0176906364932086,0.0200623683459216,0.0122677767432938,0.0158516116734443,0.0175884737787721,0.00842969614323733,41.955
"100846",0.00782480756746412,0.0174012678778961,0.02016299973772,0.0123485289256912,0.0156499795312168,0.0177560487695711,0.00864383479135207,41.955
"100847",0.00784799299883465,0.0170400041685938,0.0202765521297152,0.0123974058538315,0.0152569377996167,0.0179579208757173,0.0072636163107693,41.955
"100848",0.0063207716170408,0.0175767232776624,0.0201363455750265,0.0121942558564168,0.0156271919273636,0.017617297464653,0.00771203153332999,41.955
"100849",0.00716529165098531,0.0178847851267028,0.0204712948488928,0.0123216941766222,0.0159421455979934,0.0175821134729359,0.00835747929402044,41.955
"100850",0.0109940246147836,0.0186576770772951,0.0209641447025256,0.0129694818346108,0.0167970803471043,0.018260650358244,0.00794589278610314,42.214
"100851",0.0127666392921274,0.0179652214514905,0.0217053394317352,0.0134294513490776,0.0162486272824141,0.0189672816808171,0.00957901427856551,42.221
"100852",0.0128164817801695,0.0179183703206313,0.0216734495421785,0.0134306128482738,0.0162376523190413,0.0190009526217324,0.00998919208021882,42.221
"100853",0.0120865164784867,0.0179511122980987,0.0214471882527994,0.0132571493234725,0.0162071918052061,0.0187785037456145,0.0104008157096652,42.221
"100854",0.00994183351917334,0.0182520942656118,0.0208519042975745,0.012798020187083,0.0163146237939384,0.0181195819373555,0.0103591055238861,42.221
"100855",0.0055216881582595,0.0185121532800962,0.0197749232621184,0.0120777364367229,0.0164367552091425,0.0171637553406871,0.00953337905909632,42.221
"100856",0.00580543187911954,0.0194569609511063,0.0191551481363567,0.0116082032943807,0.0171448734221384,0.0162744371259769,0.00894280473471102,42.221
"100857",0.00421510790522107,0.0193562492928404,0.0196006133960339,0.011838096309867,0.017014844846294,0.0166007036875675,0.00941855513111743,42.221
"100858",0.00986494175197983,0.0191116690083708,0.0210360194577357,0.0128256336993171,0.0169482886481559,0.0179051452038827,0.0103575159061479,42.221
"100859",0.00993704821008194,0.0189624901488365,0.0209416859768973,0.012813543693709,0.0168751535629091,0.017922762432292,0.00977258697549051,42.221
"100860",0.00784799299883471,0.0193769846891859,0.020224032591993,0.0123870015203739,0.0172308581031875,0.0172697415304362,0.00829892518584477,42.221
"100861",0.0091473310089232,0.0182238393711077,0.0205456251680018,0.0126223161380937,0.0162978540040676,0.0179084801434513,0.00909534034550166,42.221
"100862",0.0125867382427885,0.0177634143595711,0.0216354701292327,0.0133843340187692,0.0160729424702503,0.0189681573602976,0.0103197720875755,42.221
"100863",0.0140394765919019,0.017741479599978,0.0221951898060054,0.0137686838728528,0.016138284888849,0.0194389698055192,0.0111796440987413,42.221
"100864",0.0128908222948815,0.0178154308906815,0.0215353689258808,0.0134111390750185,0.0162393416243164,0.0190814945862306,0.00960199438689893,42.221
"100865",0.0161113544572915,0.0167136583807904,0.0231105368862953,0.0143853449007916,0.0154201125779278,0.0204441727523072,0.0113625380422119,42.221
"100866",0.00452843184975821,0.0190195405118365,0.0197616580053359,0.0120056318882815,0.0168008599613226,0.0171047966391103,0.00653038517852727,42.221
"100867",0.0125224478149668,0.0181229285686708,0.0216373525228956,0.0133679808788578,0.016364543800868,0.0190306153752117,0.00935644716726,42.221
"100868",0.0141073825467708,0.0168534653526477,0.0221311517256929,0.0137616717539009,0.0154841722522062,0.0197940449734318,0.0095052029653688,42.221
"100869",0.0094593175841734,0.0178597172918728,0.020711188656459,0.0126760170769574,0.0160185999203686,0.0182587984722794,0.0067794393543003,42.221
"100870",0.00813836298908202,0.0176284738575627,0.0203904383964675,0.0124466596600982,0.0157570424054055,0.0179460543256513,0.00695430670473333,42.221
"100871",0.00847498404655237,0.016986576992382,0.0203973984629416,0.0124937126066596,0.0152538739090627,0.0181387646549418,0.00728499599151027,42.221
"100872",0.00587091213323632,0.0174487981282822,0.0199665017656764,0.0121043261383432,0.0155748528179202,0.0174670457037544,0.0079132065121984,42.221
"100873",0.00689723246800331,0.0177494264932872,0.0203748684058899,0.012277335160878,0.0157779465985423,0.0177372218254428,0.00686192454193842,42.221
"100874",0.0072881299636292,0.0177992488610022,0.0206272325078331,0.0123743046041088,0.0157850518147409,0.0179948707757388,0.00618513915134643,42.193
"100875",0.00907313362993022,0.0186401979144181,0.0206863334039747,0.012644151066067,0.0165760658409349,0.0178650546333573,0.00888521265986121,42.461
"100876",0.0106798074660382,0.0182651114675641,0.0211461003183712,0.0129703967142882,0.0163232065708483,0.0183776855584278,0.00994276610978416,42.487
"100877",0.0132983908641208,0.0179354973471125,0.0219949266403381,0.0135892798944204,0.0162088866988782,0.019216638288093,0.0110831742558258,42.487
"100878",0.00915611710682745,0.018791399963294,0.0205998119116806,0.0126324490792519,0.0167560049665475,0.0178291476072988,0.0101433478590576,42.487
"100879",0.00438547981180214,0.0194500983799844,0.0196429933847218,0.011964398518688,0.017208002713031,0.016784487960666,0.00924940268835363,42.487
"100880",0.00795652661100875,0.0192815717802003,0.0204149883207581,0.012445690195077,0.0170840366734064,0.0173897117552973,0.0102978680327107,42.487
"100881",0.00551850974730821,0.0199773303214285,0.0192980279364637,0.0116370234081885,0.0175383819891555,0.0161470853553737,0.00876030143799603,42.487
"100882",0.0048293609530295,0.019763457606114,0.0198142170192707,0.0120300732527285,0.0174379261196648,0.0167051067431431,0.00874331973763379,42.487
"100883",0.0107046999019967,0.018775156735648,0.0211390981536103,0.0129685668641938,0.0167627966034254,0.0181830984174453,0.0100038354489718,42.487
"100884",0.0107003120515826,0.0181714919719942,0.0210825714391217,0.0129588015273009,0.0162783208899005,0.0183620828281929,0.00989080526015808,42.487
"100885",0.0106342394195957,0.0179187429252123,0.0209692620919552,0.0129239281391661,0.0161062075486223,0.0183928108210125,0.00974323470537134,42.487
"100886",0.0105170663855819,0.0183015531260423,0.0208764805343093,0.012882150969223,0.0164495620225306,0.0182546307209733,0.00963088766732489,42.487
"100887",0.0105364530720544,0.017733905843723,0.0209519345425893,0.0129073628988282,0.015939964164608,0.0184106626365919,0.0102592077179182,42.487
"100888",0.0104089265757404,0.0180726864547412,0.0208582504838014,0.0128645846518247,0.0162454627660432,0.018333120359043,0.00993650987961329,42.487
"100889",0.00964647213852517,0.0187262919443683,0.0206119156105337,0.0126889206986712,0.0167891183704341,0.0180175539558616,0.00886310343913153,42.487
"100890",0.00565638506303409,0.01916667443585,0.0199132416804863,0.0121157445691847,0.0169510302183567,0.0171941349575517,0.00763489073486005,42.487
"100891",0.0124393909094947,0.017984129665544,0.0216850876774843,0.0133706109586899,0.0161974401100261,0.0190280008019112,0.0100575872630625,42.487
"100892",0.0143835324977658,0.0165182142298494,0.0222947279646853,0.0138496603012517,0.0152073110586354,0.0199425237844556,0.0101734818567114,42.487
"100893",0.012532176811133,0.017438686064767,0.0216832111580248,0.0133507211979818,0.0158476451615219,0.019251385243645,0.008681281384765,42.487
"100894",0.0118802623854736,0.0171891513441041,0.0215641446073368,0.0132352411544558,0.0155084755292087,0.0191183336530336,0.00944282997608572,42.487
"100895",0.0106312916809359,0.0168143578400653,0.0211157338141642,0.0129410754362838,0.0151516749656556,0.018854259460856,0.00923264528505765,42.487
"100896",0.0036935477292476,0.017316603942246,0.0196830915653381,0.0118961471268917,0.0154268169412872,0.0172822954880173,0.00759897065257081,42.487
"100897",0.00641486171444643,0.0179310319445411,0.0203584606927223,0.0122793114587195,0.0159347265806583,0.0176270525186654,0.00661138182146621,42.487
"100898",0.00544157393919538,0.0178993510621032,0.0204186671998501,0.0122241365590547,0.0157985805704552,0.0178717455602375,0.00640071699007224,42.515
"100899",0.0100606002972337,0.0189910495277377,0.0210626384554742,0.0128559432195245,0.0168723902656658,0.0180994314140662,0.00985628746359162,42.736
"100900",0.0115781147226226,0.0186051608752107,0.0214685202846734,0.0131656261368605,0.0166610146503162,0.0185959176420486,0.0104469422632681,42.751
"100901",0.00903755032760433,0.0191345067715532,0.020675094557145,0.012624216935604,0.0170125104614171,0.0177690656700258,0.0101180263864933,42.751
"100902",0.0078142420667569,0.0201564600621148,0.0186429707562921,0.0112101499320401,0.0176679171523021,0.0156408871609248,0.0078912862920593,42.751
"100903",0.00246704193397391,0.0196346928101277,0.0196209546924156,0.0118761508523207,0.0172862512641553,0.0166219801664545,0.00918466313678826,42.751
"100904",0.00897488118807886,0.020144411615978,0.0182928265262061,0.0109603026008995,0.0176224868286186,0.0152972083571486,0.00686836437191833,42.751
"100905",0.00637205117976406,0.019829559586393,0.0189559011824364,0.0114393161406764,0.0174196535057186,0.0159935281679948,0.00714104045046067,42.751
"100906",0.0116644349938096,0.0187851818016435,0.0214120773047963,0.0131727899559745,0.0168391684139428,0.0184749929263655,0.0100803942329795,42.751
"100907",0.0124846639739594,0.0183826790301291,0.0216166334040333,0.0133609637736026,0.0165986446912022,0.0188077958513241,0.0101240914113004,42.751
"100908",0.0112829397271275,0.0182383377890688,0.0211340389882798,0.0130584104893466,0.0164602897121723,0.0184972720557144,0.00960380458984338,42.751
"100909",0.0103101564510785,0.0179793129387893,0.0207403995947036,0.0128119925328287,0.0162264528543443,0.0182888575469134,0.00935455404282895,42.751
"100910",0.0118906101481131,0.017673890774509,0.0213742034420734,0.0132058516046695,0.0159769773559257,0.0188379057534038,0.0103871200271662,42.751
"100911",0.00711593107022495,0.0186072660684043,0.0199428555184272,0.0122350671258049,0.0166377752692011,0.0174813666117647,0.00783602354160383,42.751
"100912",0.00417123601579405,0.019123765011977,0.0194586909511272,0.0119040636132678,0.0170412619258982,0.0169689755512591,0.00625002187213122,42.751
"100913",0.00477321362873424,0.019580479211491,0.0198465939269789,0.0120165033457182,0.0172962720765048,0.0169880350310581,0.00693852902050187,42.751
"100914",0.0110322127741719,0.0179421921253226,0.0211903712115391,0.0130208793558693,0.0161263224769027,0.0186391153541687,0.0093671624779844,42.751
"100915",0.0148264627761182,0.016781725930123,0.0224362502587156,0.013968243091191,0.0155459453406567,0.0200603913791826,0.00964707497823569,42.751
"100916",0.0149060631474455,0.0172838946697522,0.0225477820668193,0.0140211326859475,0.0159366910294992,0.0200317271087322,0.00932544342409512,42.751
"100917",0.0103862311729948,0.0175417018570071,0.02105716197416,0.0128923055685714,0.0157928167084129,0.018646300704711,0.00878496562473172,42.751
"100918",0.0119576149101506,0.0169234961108261,0.0215917332271986,0.0132627661880553,0.0153611711707808,0.0192252263510261,0.00951072695549273,42.751
"100919",0.00852671501645569,0.0174724859389016,0.0207227999929773,0.0125924842795295,0.0156204120606354,0.0182925521183397,0.00793586006824026,42.751
"100920",0.00781001117420085,0.0181291475007918,0.0206646507217891,0.0125078441876362,0.0161250398637716,0.0178612295952748,0.00730433906227703,42.751
"100921",0.00891894267215638,0.0177388293724443,0.0211387090480068,0.0127500406361862,0.015740997626171,0.0184827268841204,0.00814854930173682,42.745
"100923",0.00518223406284407,0.0195370650053333,0.01926699838086,0.0116064209768308,0.0171808879971799,0.0163987172345949,0.00807032296757551,43.015
"100924",0.00690701644686594,0.0198330455801985,0.0189767757616646,0.011369522639352,0.0173741988099245,0.0159969016174115,0.00835671340877115,43.015
"100925",0.00792955640775404,0.0202420128166735,0.0187734520068021,0.0111977869551321,0.0176815607873043,0.0156182029606534,0.00810596765253297,43.015
"100926",0.00922431228329025,0.0203513419166361,0.0182942594578686,0.0109266132523899,0.017794544552305,0.0151982937366944,0.00659761763670612,43.015
"100927",0.00861966907206927,0.0200600596264861,0.0184353395449524,0.0110494367260779,0.0175739098860043,0.0154598146640836,0.00626888657717211,43.015
"100928",0.00367311865609587,0.0197889231634876,0.0194166169961762,0.0117446540961157,0.0174315904582361,0.0164057618113531,0.0071450510507858,43.015
"100929",0.00912091316161927,0.0192164313244993,0.0207131912696146,0.0126536279981157,0.0170821052322136,0.0177096526657584,0.0086977562258509,43.015
"100930",0.00913677461496928,0.0192948226589357,0.0205771913165733,0.0126219992993823,0.0172076213372694,0.0176353380913236,0.00815973373849517,43.015
"100931",0.0112554041920624,0.018858210504513,0.0211744643373731,0.0130593166226805,0.0169480927918587,0.0183220693613616,0.0090192899208939,43.015
"100932",0.0123544427212167,0.0186918606187804,0.0215486276538221,0.0133222767333114,0.0168721928568255,0.0187192711586573,0.00953948541842271,43.015
"100933",0.0122663114843034,0.0181042513019802,0.0215860684140229,0.0133216893508189,0.0163622521050074,0.0188996754001515,0.0100731723468117,43.015
"100934",0.0123840674043056,0.0183998358893712,0.0215664140531812,0.0133348966610428,0.0166497052099215,0.0188639734287834,0.00989825692232259,43.015
"100935",0.0111556157970998,0.0184916195981578,0.0212066485192538,0.0130578063513439,0.0166515237099706,0.0185358264133327,0.00931972959836457,43.015
"100936",0.00788994386142896,0.0183662130196773,0.0204659999805378,0.0124372837137612,0.0163334536337352,0.0178607513810051,0.00894484984514256,43.015
"100937",0.00994023871620608,0.0186356490441296,0.0210634206451185,0.0128339943263604,0.0166124501340301,0.0182736058519972,0.00961465353274574,43.015
"100938",0.0189365953369241,0.0161295124380715,0.0244274167531705,0.0152973920714165,0.0153245390156565,0.0217493973360596,0.0117460058731015,43.015
"100939",0.0161556513614736,0.0177433722327981,0.0230042393887226,0.0143689864644693,0.0164173048794988,0.0202430735957187,0.00964348182667624,43.015
"100940",0.00966627280638302,0.0178885217869886,0.0207647640653973,0.0127494158545034,0.0161122038495396,0.0181008383326858,0.0081051605304252,43.015
"100941",0.011985830968267,0.0170084659487555,0.0216034338337071,0.0132905058190986,0.0154489742112632,0.0192106232919108,0.00926995592991966,43.015
"100942",0.0112636731388116,0.0176891152006698,0.0215773782702861,0.0131695072189442,0.0158751544275906,0.0189414224036622,0.00958991137275649,43.015
"100943",0.00826821238909605,0.0178101648994666,0.0208014339838656,0.0125918484792417,0.0158390450557951,0.0182439734531639,0.00881999539445125,43.015
"100944",0.0114018134443156,0.0179049483097082,0.0217827240792768,0.0132390935778648,0.0159954275174505,0.0189957109612469,0.00926225763486364,43.019
"100945",0.0111848285796173,0.0205108964639238,0.0172984996774561,0.0102962442677257,0.0179293677228046,0.0143828866476651,0.00569552232461292,43.232
"100946",0.0088899096177692,0.0200441804715241,0.0185543224537026,0.0110616519549828,0.0175136402890521,0.015532850230218,0.00750050119864327,43.258
"100947",0.00757741717786037,0.0199760773836483,0.0191085313589958,0.0113607100999783,0.0174121855971679,0.0159433655651486,0.00893871210435729,43.258
"100948",0.007748358610741,0.0204141318674257,0.0190585983324344,0.0113397417074156,0.0177995767505728,0.0157288401974469,0.00856295540811678,43.236
"100949",0.00449622638885544,0.0195998686945756,0.0195454983176081,0.0117663641365665,0.0172148649357013,0.0165216305882209,0.00810193066189649,43.214
"100950",0.00648109058947708,0.0194432319415281,0.0200824681663356,0.0122228107079041,0.0172194370788021,0.0171134557826576,0.00783260086129178,43.259
"100951",0.0104526406511734,0.0189311318407957,0.0210692857549357,0.0129165694973882,0.0169023492897591,0.0181116193827138,0.00875181765588764,43.277
"100952",0.0124993058609772,0.0184511538668812,0.0216809590306303,0.0133776209515026,0.0166256276733943,0.0187980392564365,0.00906078652326095,43.277
"100953",0.0128543050267074,0.0182903803881823,0.0217218210705864,0.013447728584756,0.0165617990627084,0.0189401061409169,0.00904476206854154,43.277
"100954",0.0152582596879343,0.0175011533321157,0.0226553630164373,0.0141084833310415,0.0160892682073504,0.0199522835060502,0.0102721222409289,43.277
"100955",0.0170668100150304,0.0171524580008805,0.0233153216859928,0.0146284223780643,0.0160328638239903,0.0206609613827206,0.0111128298367546,43.277
"100956",0.018744398090967,0.0164565085342964,0.0241700199193704,0.0151916928820437,0.0156186032216401,0.0214954154507687,0.0121131659428626,43.277
"100957",0.0160095643797802,0.0173601941210061,0.0230562709499326,0.0143523373196922,0.0160179510300677,0.0203410243443589,0.0116240687251737,43.277
"100958",0.0123334080831033,0.0180439815721328,0.0217689206648321,0.0133779129224766,0.0162684336126274,0.0190449861173204,0.0106719987048259,43.277
"100959",0.0110180871021893,0.018831049813196,0.0215091963285901,0.0131081171831572,0.0167803525173193,0.0185385434539756,0.0106644427011143,43.277
"100960",0.0174048040340716,0.016504203221132,0.0238523783119847,0.0148298908243826,0.0153634992275646,0.0211046628036954,0.0121648262020315,43.277
"100961",0.0151876153600551,0.0178075309715628,0.0224990611076781,0.014059323368129,0.016435721636496,0.0197458384212994,0.00918466313678828,43.277
"100962",0.0103998553817914,0.0181795050697229,0.0209633572545994,0.0128929206374988,0.0163797380430562,0.018198926759581,0.0084455172756398,43.277
"100963",0.0128495842575953,0.0170504962274448,0.0219754206562241,0.0135187647061566,0.0154825649555166,0.0194474142179842,0.010021807713675,43.277
"100964",0.0131867211788874,0.0176403231386135,0.0223509141677015,0.0136624028910121,0.0158608600842848,0.0195168763235622,0.0108974544144205,43.277
"100965",0.0101232756325116,0.0174433543337943,0.0211647567012495,0.0129092049570615,0.0156479513211288,0.0186714174983724,0.00926289957886377,43.277
"100966",0.0107978099450918,0.0175142997392544,0.0214174255416164,0.0130638459640675,0.0157217952447269,0.0188286146461188,0.00860756401707464,43.277
"100967",0.0119973514847664,0.0175467117504734,0.0218300092758615,0.013343691327637,0.0158016826568459,0.0190654261140978,0.00864744752733346,43.3
"100968",0.00891531960090626,0.0188183074536431,0.0204973336239357,0.0125794413411668,0.016812984413849,0.01771207353275,0.00759536258960458,43.489
"100969",0.01661112861509,0.0171124312861697,0.0233204002106383,0.0145340080467337,0.0158138590660634,0.0205040567664234,0.0107106424643713,43.538
"100970",0.0197806037481267,0.0163185745397726,0.0246850838211799,0.0155427150992705,0.0155789423106526,0.0218760148240606,0.0119629092545518,43.538
"100971",0.0162760688618345,0.0174608426064626,0.0228467857229472,0.0143541885655235,0.0162614851600655,0.0202235592458588,0.0101235403030371,43.538
"100972",0.0190135828710801,0.0163768101861001,0.0241307191726161,0.0152418765911216,0.0156715850614965,0.0215227215138692,0.0117911238027914,43.538
"100973",0.0190723848402244,0.0151480876326155,0.024303033349965,0.0153007768505975,0.0146723579091542,0.021817298531117,0.0124285171319865,43.538
"100974",0.0170930229993532,0.0170694365309596,0.0234139031749436,0.0146579924892801,0.0159349448737905,0.0207418345121706,0.0120928831066352,43.538
"100975",0.0143077975407458,0.0181119456648017,0.0224848077595009,0.0138882381829233,0.016439441963089,0.0196260179020198,0.0115926933043952,43.538
"100976",0.011408601173746,0.018411616432406,0.021644127217947,0.0132007956563106,0.0164326202323143,0.0187339936026278,0.0111568269962651,43.538
"100977",0.014579510592404,0.0175698048025064,0.0229458067611125,0.0140514244218797,0.0158224832632757,0.0199579734438133,0.0127737244875579,43.538
"100978",0.0150823882678385,0.0165317825689679,0.0225729729819047,0.0140625900732928,0.0153446240903907,0.0201504336658987,0.0101674673127429,43.538
"100979",0.0104601559224478,0.0183507995405863,0.0209570561605175,0.012898147058699,0.0165260372027279,0.0182077632190981,0.008704902525208,43.538
"100980",0.0129119703304482,0.0173656795851172,0.0219352272108149,0.0135167506031318,0.0157628292960158,0.0193457237851399,0.0103069598967477,43.538
"100981",0.014898125540906,0.0175874767176887,0.0229111316404663,0.0141027920387889,0.015965671694782,0.020034959894076,0.0112650783108716,43.538
"100982",0.0103177935231525,0.0178959913719836,0.0209861762376542,0.0128892296049334,0.0161357228280669,0.018085353393688,0.00811886289475571,43.538
"100983",0.0119357580170311,0.0172098358672961,0.0215372637386025,0.0132651301834479,0.0156459226484787,0.0188104554524138,0.00806950971751797,43.538
"100984",0.0126602596118786,0.0173594102573814,0.0219698956347716,0.013484756120477,0.0157202304435712,0.019163697436726,0.00869775622585088,43.538
"100985",0.0146657403007703,0.0175139133050286,0.022418360719467,0.01393852359071,0.0160298400130166,0.0196788044467456,0.0102807164674154,43.797
"100986",0.017514404515361,0.0162969213770199,0.0237329415709544,0.0148228158633644,0.015243495776275,0.0210088817710309,0.0119662192227094,43.798
"100987",0.0144145212857415,0.0179922763610878,0.0220257916299698,0.0137972414292282,0.0165609831650485,0.0194051382084765,0.00993081652605662,43.798
"100988",0.0169708573285806,0.0169483662217449,0.0231053928198132,0.0145597014211027,0.0159484687872622,0.0205710724249256,0.0112088634590889,43.798
"100989",0.0172918883229491,0.0166262672347562,0.0233613097519184,0.014688503092151,0.015672259390354,0.0208123164321274,0.0120017025925489,43.798
"100990",0.0160986719479002,0.01796967330062,0.0229499627841523,0.01434069322236,0.016570973043306,0.0201520362032948,0.011910151612672,43.798
"100991",0.0156687035443203,0.0179507407654917,0.0230573030031729,0.0142814733259716,0.0163784901363193,0.0201155321096686,0.0123986104304089,43.798
"100992",0.0103801692392518,0.0191833943489555,0.0211110565449046,0.0129171829426514,0.0171195068482593,0.0181415693862389,0.00980644718002721,43.798
"100993",0.0143161201831079,0.0184394136277364,0.0225104545732812,0.0138929460101225,0.0166845998206404,0.0195319835653188,0.0111558939839947,43.798
"100994",0.0162294640334098,0.0180837074379064,0.0230076903484387,0.0143805983722228,0.0166775505776809,0.0201960329218126,0.010241404566275,43.798
"100995",0.0135318336707157,0.0191244366541401,0.021994558829944,0.0136254835588982,0.0172983505883524,0.0188630906440527,0.00979712648467225,43.798
"100996",0.0151214613651762,0.0176940586380983,0.0227874296110999,0.0141136298156807,0.0161576906060209,0.0199673160352779,0.0111689439912071,43.798
"100997",0.0172443054148021,0.0175759547728678,0.0237705423212127,0.0147713797786416,0.0161929848135172,0.0208149908994764,0.0115519497847599,43.798
"100998",0.0166851929157697,0.0177920911753166,0.0233410367383536,0.0145539972925162,0.0164317930172721,0.0202115980369688,0.0097924604253635,43.798
"100999",0.0146950242150379,0.0176487246040392,0.0224894415028696,0.0139643955786355,0.0161904379613223,0.0193877659259685,0.00874402843889612,43.798
"101000",0.0142650546233373,0.017474813119598,0.0225154366438166,0.0138926691411947,0.0159297043859897,0.0196010067731729,0.00939793069665849,43.798
"101001",0.0128743456611119,0.0173531373132781,0.022045234451343,0.013538021245392,0.0157262645961708,0.0192028856628426,0.00883742109599241,43.816
"101002",0.0133639663575564,0.0178567203620562,0.0222198617453772,0.0136604184991881,0.0161713140642045,0.0190349718265894,0.00861701963391182,43.84
"101003",0.00789412457900253,0.0191062890819992,0.0201284229820621,0.0123713719443119,0.0170676071618123,0.0173213781067862,0.00810516053042517,44.058
"101004",0.0122037990707146,0.018188604024195,0.0215743544478996,0.0133055220416339,0.0163934539929429,0.018758493356102,0.0104911669130708,44.057
"101005",0.0143400162450789,0.0175100482139435,0.02224377094432,0.0138371386384996,0.0160330797721021,0.0195604727864487,0.0110638012116843,44.057
"101006",0.01548690968749,0.0172336534188143,0.0225492023343159,0.0141285126823516,0.0159928250582271,0.0199807094312323,0.0113326336367568,44.057
"101007",0.0147171940459399,0.0173503917616542,0.022230009495793,0.0139059501100701,0.0160358866320661,0.0196999438365728,0.0113666054635489,44.057
"101008",0.0173890806847042,0.0167182377379659,0.0236163043810667,0.0147678231735047,0.0156253844688813,0.0208999293319798,0.0129071319956942,44.057
"101009",0.0191146799357537,0.0157435928465401,0.0246316006642443,0.0153840970698359,0.0149080438900654,0.021833691216722,0.0136900394399437,44.057
"101010",0.0100778815731501,0.0193572374968245,0.0210415037439084,0.0128568694778702,0.0172354227862997,0.0179868270817289,0.0101849472544734,44.057
"101011",0.014119015339405,0.0187273337409887,0.0222575203298553,0.0137944453428614,0.0169825023705883,0.0193005598590961,0.0101827650768693,44.057
"101012",0.0150637869134952,0.0185011829069291,0.0223771377612762,0.0140003392194977,0.0169860146245571,0.019549168180951,0.00930637390757871,44.057
"101013",0.01389065094857,0.0186890738656671,0.021965474198502,0.0136842045121044,0.0170344702983755,0.0189909042409029,0.00960320125392222,44.057
"101014",0.014478318542049,0.018313074865772,0.0225161482405677,0.0139239063815584,0.0166081888427966,0.0195604727864488,0.0110878905825874,44.057
"101015",0.0208339778194357,0.0154341208370279,0.025416338159448,0.0159606495463007,0.0149259413423823,0.0225873843704428,0.0129859099277842,44.057
"101016",0.0202641616381124,0.0161682222707213,0.0251022839660518,0.0157530507955397,0.0154445933557149,0.0222450597772477,0.0119251472295904,44.057
"101017",0.0151087756011771,0.0174402423760784,0.0227299598892757,0.0141000807643788,0.0160051801119911,0.0198731908700124,0.00959172549040719,44.057
"101018",0.0142817526289807,0.0172050660386752,0.0225058269643726,0.0138940534082703,0.0157092691550233,0.0197767598908887,0.0096900148524704,44.057
"101019",0.0134269246788339,0.0172696767444669,0.0222263860534483,0.0136757161838473,0.0156917927664971,0.0194444592856447,0.00925390540570916,44.057
"101020",0.0137508399082363,0.0175390032757618,0.0223904125447149,0.0137700856942914,0.0159128706461993,0.0194279840166365,0.00937031003997186,44.057
"101021",0.0134839621230737,0.0175378465380202,0.0222882320103289,0.0136994648768431,0.0159117764626631,0.0192110530261336,0.00892367821066775,44.063
"101022",0.0144382265696099,0.0171692248396459,0.0226634729185351,0.0139621963307389,0.0156807964750518,0.0196497352359553,0.00910460490154329,44.074
"101023",0.00803270769967806,0.0189628305453908,0.0203580502595891,0.012442457877975,0.0168642931690602,0.0174601259923784,0.00932099985689321,44.28
"101024",0.0101606634607575,0.0189246453297933,0.0209771315422926,0.0128528550138815,0.0168824527336816,0.0179953437699453,0.0103251024527575,44.314
"101025",0.0136599959071951,0.0179332648676909,0.0222376159996948,0.0137107534611964,0.0161923481665322,0.0193184735312197,0.0116786286573527,44.314
"101026",0.0146353742877579,0.0173911116546717,0.0224072590306973,0.0139310797822577,0.0159314515522025,0.0196991154678092,0.0117224779841771,44.314
"101027",0.0146525907526716,0.0175698048025064,0.022315641137246,0.0139120312652999,0.0161387118294201,0.0196447456038972,0.0116911243474731,44.314
"101028",0.0149585251294031,0.0176494880570966,0.0224516190996692,0.0140014346950078,0.0162245497073802,0.0197495527487588,0.011979443410507,44.314
"101029",0.0152244370733722,0.0176154632356645,0.0226969268191958,0.0141109214684984,0.0161500185225939,0.0199176862305869,0.0122531450712618,44.314
"101030",0.00970409177559878,0.0197733317227837,0.0209641447025255,0.0127843375703,0.0175488878530625,0.01774253495707,0.01050100878038,44.314
"101031",0.0139401088528091,0.0189655533667536,0.0223181632617207,0.0137742899553056,0.0170944598244155,0.0191972945290526,0.0112088634590889,44.314
"101032",0.0149248951324233,0.0179915359957134,0.0224248032851832,0.0139874583447985,0.0165100536814345,0.0196742406004506,0.00973734601289866,44.314
"101033",0.0130947335774716,0.0184582633636449,0.0215781341319922,0.0134538132417006,0.0168373854158982,0.0187984828992099,0.00898558468926233,44.314
"101034",0.013507366099359,0.0184958709321,0.0220617234391103,0.0136396999297098,0.0167309939859171,0.0191386588506763,0.0106244952750562,44.314
"101035",0.0146262500694753,0.0178015082284624,0.0223893366267051,0.0139244583660759,0.0163012103903052,0.0196622011903743,0.0105950018815015,44.314
"101036",0.0217278494418328,0.0151398019301339,0.0258060942045734,0.0162632267435568,0.0148674508621393,0.0229861350576476,0.0130588931552219,44.314
"101037",0.0163892397635362,0.0169926617733929,0.0233156603031082,0.0144913042165272,0.0157032235075518,0.0205730157664691,0.0110652207258514,44.314
"101038",0.0153400366335493,0.0178387218977249,0.0227930254159733,0.014156864388377,0.0163526625262338,0.0196825373480789,0.0100268524596701,44.314
"101039",0.0145896862817357,0.0168866956096822,0.0226817931953039,0.0139940378953444,0.0154372101276351,0.0200268764950032,0.0101493869464186,44.314
"101040",0.0122650648953717,0.0178206943983391,0.0217468841023829,0.0133635957951319,0.01610513636727,0.0187081064717602,0.00890310713467341,44.314
"101041",0.0129342492938415,0.017479078333106,0.0220393674833951,0.0135460573560013,0.0158500693485207,0.019026257460171,0.00912901225075122,44.314
"101042",0.0140298964050127,0.0171656341462055,0.0224237297065158,0.0138310111348583,0.0156947078756989,0.0193576280803905,0.00888038433655163,44.321
"101043",0.0129611585206352,0.017504248022447,0.0218975201650809,0.0135181892911986,0.0159878349279921,0.018464977218511,0.00712697281719161,44.336
"101044",0.0133954888787096,0.0171296610716734,0.0219621572928477,0.0136106763783974,0.0157834980294639,0.0186413612127321,0.00708142947575884,44.338
"101045",0.0104781667986618,0.0189301078907155,0.0212159418883397,0.012954220462294,0.0168276721499631,0.0181191136938955,0.0110334434845784,44.546
"101046",0.0114153841722075,0.0189065325939071,0.0214265895438106,0.013141707066157,0.0168895493050108,0.0183588680858481,0.0111020189482488,44.571
"101047",0.0150078206048347,0.0176776988434137,0.0228084038428479,0.0140943847010785,0.0160458116651084,0.0198453580984673,0.0123262459873086,44.571
"101048",0.0143005105703919,0.0176418511528591,0.022168660393493,0.0138112099272659,0.0161702504585006,0.0194887142967336,0.0114550183083002,44.571
"101049",0.0144320469829274,0.0173735111676029,0.0221799318057932,0.0138399226067402,0.0159908727248057,0.0195905716374438,0.0115339090195179,44.571
"101050",0.01019169723085,0.0184919739355799,0.0207260014970709,0.0128014376294359,0.0166628309797727,0.0180764289917019,0.010045312703348,44.571
"101051",0.00828797779591708,0.0199638546603232,0.020755182883763,0.0125609578183266,0.0175941025450007,0.0173926954725461,0.0112797437459168,44.571
"101052",0.012649443692101,0.0189061905778699,0.0219540463090475,0.0134651030662975,0.0169161148457993,0.0188184309472968,0.011644471759466,44.571
"101053",0.0171579296516957,0.0172894188239236,0.023527953171053,0.0146951574242947,0.0160348071728282,0.0206787161545227,0.0116833711017654,44.571
"101054",0.0152408761904433,0.0181656607197985,0.0224394682281452,0.0140495168441695,0.0167249815546643,0.019678389615797,0.00958083193820505,44.571
"101055",0.0157209912398475,0.0182122273657188,0.0227489055845864,0.0142154744238485,0.0167400055126232,0.0198825919631155,0.0104740353877817,44.571
"101056",0.014737314518887,0.0177539650262461,0.0224412557061929,0.0139572462414775,0.0162595892208233,0.0196924866770131,0.0108658059402519,44.571
"101057",0.0173550944381838,0.0170023901948376,0.0237652701115931,0.0147947218655984,0.0157552610713206,0.0209014482709503,0.012476420627757,44.571
"101058",0.01921957253155,0.0159789867021767,0.0247418274736404,0.0154326875749917,0.0150713938732974,0.0218728180779406,0.0134969411314674,44.571
"101059",0.0163367786067089,0.017148861701313,0.0233423890494969,0.0144860843186526,0.0157934819582843,0.020536825428836,0.0114206007701641,44.571
"101060",0.0162222801255396,0.0170690338950155,0.0232511973883484,0.0144423945435751,0.0157545929796881,0.0204899895059753,0.0107822760574999,44.571
"101061",0.0137639158517967,0.0176818862073245,0.0222986963935819,0.0137490372657955,0.0160624011799621,0.0193733423010799,0.00997451178198796,44.571
"101062",0.0124993058609772,0.0178180629547627,0.0218734430503885,0.0134320645237106,0.0160997785795446,0.0188352518374508,0.00946266811349827,44.571
"101063",0.0120928559291389,0.0173774248464165,0.0216038111230155,0.0133055220416339,0.0158065552007008,0.0185308436539341,0.00838192430392032,44.571
"101064",0.0124369382117356,0.0177675695253302,0.0217090868170206,0.0133843340187692,0.0161583296570902,0.0183050132216471,0.00785395067015129,44.575
"101065",0.0126422270517012,0.0176784603000732,0.0216757027761153,0.0134114300206456,0.0161645048599008,0.0182703682421024,0.00673199710142339,44.576
"101066",0.0133470433816077,0.0172273072107166,0.021904551003936,0.0135881374178145,0.0158769121671624,0.0185959176420486,0.00673865140123417,44.579
"101067",0.0146930068311295,0.0174040006295127,0.0224883722976533,0.0139679683182761,0.0160630469148516,0.0189554541975421,0.00776186263742253,44.605
"101068",0.0110842943832722,0.0191274585780215,0.0212391500911147,0.013045110364575,0.0170948456523791,0.0181583844304851,0.0107261329910457,44.787
"101069",0.0108368097214688,0.0192593439348872,0.0211200200206686,0.0129795405257392,0.0172163892207396,0.0180449070201372,0.0104719555695794,44.826
"101070",0.0115286398631955,0.0189927473297865,0.0212441737970179,0.0131147247435578,0.0170739889809368,0.0182925521183397,0.0104443307946164,44.826
"101071",0.0129178375828973,0.0179120341494481,0.0215713300243712,0.0134245134011358,0.0163416013840996,0.0189515092960901,0.0102951913319911,44.826
"101072",0.00976782767465727,0.0182242020559902,0.0205221082439654,0.0126967797152004,0.0164565776732352,0.0179868270817288,0.00919312357562838,44.826
"101073",0.0105884413125486,0.0191361843021488,0.0215258913138347,0.0130445053603944,0.01688915518865,0.0182305229959764,0.0123026192115024,44.826
"101074",0.0118075301606656,0.0188671358215432,0.0216301981909646,0.0132518249953916,0.0168528270459057,0.0185426179198114,0.0111530941434386,44.826
"101075",0.0168244330869718,0.0173484302286609,0.0233048210942301,0.0145731714329796,0.0160929160310621,0.0204993692532382,0.0108335078853219,44.826
"101076",0.0177287992511694,0.0176822667982835,0.0236810193748557,0.0148490704108796,0.0164491491732523,0.0207667731152617,0.0107131435367776,44.826
"101077",0.0169563668618017,0.0181744064782562,0.0231868213114297,0.0145682517278599,0.0168528270459057,0.0201295836405011,0.0101696551259344,44.826
"101078",0.0179792610000299,0.0176830279409742,0.0237876655607647,0.0149279457292189,0.016482325388877,0.0208763650359215,0.0115109581633986,44.826
"101079",0.0192180998294192,0.0171408656112364,0.0244850086857071,0.0153660902244255,0.0161186241043901,0.0215492506907895,0.0126023921901642,44.826
"101080",0.0175185091626712,0.0176280914109748,0.0237705423212127,0.0148271119414289,0.0163062426914014,0.0208188106927578,0.0125370053359497,44.826
"101081",0.0212681150182455,0.0153300071454826,0.0257758669281364,0.0161466041608852,0.0147921464926877,0.0228277937149918,0.0143308848429368,44.826
"101082",0.0176508948213998,0.0167659934286159,0.0239207618644589,0.0148956125921732,0.0156041192240492,0.0211046628036954,0.0118779684255416,44.826
"101083",0.0135662229326996,0.0181287817755189,0.0220459676666587,0.0136510580456176,0.0164946591981992,0.0188321549085912,0.0095771960268566,44.826
"101084",0.0136808539461428,0.0179381013459235,0.0222339943152274,0.0137178021960455,0.0162892477094776,0.0191563635147377,0.0100330123514915,44.826
"101085",0.0132904509203978,0.0181031516810876,0.0220701443988611,0.0136109613454678,0.0164255865680013,0.0188157730000936,0.00953398999708153,44.826
"101086",0.01186083179894,0.0183087555696869,0.021572086186628,0.0132559663992713,0.0165256277084841,0.0181616513704589,0.00882278747687664,44.826
"101087",0.0126710647101952,0.0180399275791051,0.0217206978858261,0.0134248039393497,0.0164257935161138,0.0182782295495916,0.00814294719123964,44.826
"101088",0.0142765369615895,0.0176689383259873,0.0222828166633551,0.013840479305919,0.0162526341140741,0.0188299423589888,0.00825610419543512,44.826
"101089",0.0152166938133928,0.0171296610716734,0.0227870798085888,0.0141385124044821,0.0158240303210482,0.0196001722622559,0.0092442521154013,44.826
"101090",0.0158314310828949,0.0169487734433007,0.023134178706205,0.01434069322236,0.0156684375183863,0.020124767594324,0.0099937016543156,44.827
"101091",0.0202676214055103,0.0167153238332988,0.025005042296827,0.0157270329642823,0.0158852567590068,0.0220476317516071,0.0129603430795516,45.076
"101092",0.0181463511393414,0.0171616430801009,0.0237715306759168,0.0149636732077493,0.0161579036279842,0.0208432330585052,0.0116583281601018,45.081
"101093",0.0178938283874082,0.0174980577679978,0.023691284316638,0.0148890838780741,0.0163784901363193,0.0205800095670109,0.0116565976554602,45.081
"101094",0.020882144428619,0.0156898489659679,0.0256038188658369,0.0160147372019725,0.0150020124593213,0.0226212338007591,0.0143013879374995,45.081
"101095",0.0169110972400499,0.0170068460864904,0.023527953171053,0.0146477167511784,0.0157668334166296,0.0207579537115057,0.0117447246183603,45.081
"101096",0.0157953362205916,0.0174456877206141,0.0230524861940922,0.0143091344509868,0.0160378293366348,0.0201652500088312,0.0111118904758709,45.081
"101097",0.0145621927869638,0.0179094240975664,0.0225271739145172,0.0139473386514039,0.0163464031195611,0.0194021738244423,0.0103548656125199,45.081
"101098",0.0136413017521613,0.0179473964195016,0.022270896325662,0.0137209020268148,0.0162831554971752,0.0192217918013975,0.0103133694063157,45.081
"101099",0.0136468031494624,0.0178649599882319,0.022171569923011,0.0136991824946559,0.0162779003698831,0.0189401061409169,0.0096828808832017,45.081
"101100",0.0145479129154739,0.0178255797200537,0.022450547339068,0.0139285972697718,0.0163451507321454,0.0190580366364768,0.00943101716321076,45.081
"101101",0.0148643352615526,0.0174744252905046,0.0226620627964178,0.0140397006875931,0.0160440863481792,0.0195311447238406,0.0098522468552154,45.081
"101102",0.0152553640508775,0.0172945458740335,0.0228565410670451,0.0141606385882839,0.0159041134690117,0.0198555973892975,0.0100698361698542,45.065
"101103",0.0190150741589862,0.0165766012221693,0.02431101327671,0.0152823896624442,0.0157034474934422,0.0215194474700223,0.0124347160352647,45.326
"101104",0.0172091455937283,0.0174779152578341,0.0235703536781702,0.0147153504124766,0.0161868287138194,0.0206717712995685,0.0122717875105889,45.334
"101105",0.0166137492403168,0.0171588484520279,0.0233054987542438,0.0145321889253511,0.0158929357511476,0.0204907713922008,0.0119218176670253,45.334
"101106",0.0175209714099816,0.0164021578127629,0.0238965812365952,0.0148639358478627,0.0152720058117091,0.0211155152148551,0.012419208816807,45.334
"101107",0.0159189532808791,0.0172058611566997,0.0231516310977065,0.0143578900505559,0.0158187250147124,0.0203840302696758,0.0114487737744703,45.334
"101108",0.0151798500755797,0.0177172253794421,0.0228398140017879,0.0141382422724469,0.0161881027275246,0.0198355210817117,0.0109371565453733,45.334
"101109",0.0152070082379158,0.0176716053043397,0.0228307462500528,0.0141420234608526,0.016174504143185,0.0197779952747493,0.0107256338956882,45.334
"101110",0.0150794530001168,0.0175258864430301,0.0227320660724234,0.0140954699150187,0.0160815385977547,0.0196601243366013,0.0105082505664423,45.334
"101111",0.0149001104072741,0.0175463264551172,0.0226493660938881,0.0140418828894838,0.0160899120466659,0.0195784566541028,0.0103304280998959,45.334
"101112",0.0173152062561877,0.0166631526955349,0.0234814217678432,0.0147194353902189,0.0156165678371753,0.0207836297233454,0.0119674600557953,45.563
"101113",0.017220874884887,0.0170504962274448,0.023575354473577,0.0147199459003809,0.0158293325002219,0.0207280034128402,0.0125285995932445,45.586
"101114",0.0163617000120831,0.0175721114440404,0.0231071076890858,0.0144311149572359,0.0162323712463384,0.0201392106645653,0.0118397397831052,45.586
"101115",0.0177441703212855,0.0167115761925447,0.0238369618540479,0.0148943573826801,0.0156124956676395,0.0210457674134499,0.0124525084087617,45.586
"101116",0.0184489882481463,0.0161853305454883,0.0242950497056811,0.0151567191096218,0.0151949784355941,0.0214863021117431,0.0128308237277067,45.586
"101117",0.0151788790875592,0.0174561818014683,0.0227790322481242,0.0141236443530038,0.0159847961154547,0.0199282782828095,0.0111735983725058,45.586
"101118",0.0153630342564138,0.0176146974271582,0.0228722069399132,0.0141805644801392,0.0161222602527983,0.0199062701551299,0.0111175245985958,45.586
"101119",0.0155606806083976,0.0177058379468142,0.0228965458741985,0.0142245848561556,0.0162496818803114,0.0198084323104011,0.0109737340891843,45.586
"101120",0.0152775474954988,0.0176834084927084,0.0227446973640077,0.0141339191726636,0.0162300466165389,0.0196001722622559,0.0106265241282361,45.559
"101121",0.0185797696027946,0.0161431657635806,0.0242034507841665,0.0151618622246333,0.015219626112873,0.0214032921242834,0.0130024283617613,45.824
"101122",0.0177158430640653,0.0173977533331551,0.0237590072075575,0.0148651946701943,0.0161636533545117,0.0208203383221914,0.0124725691376831,45.837
"101123",0.0168442144592132,0.0175081151575848,0.0233220927036979,0.0145801585789267,0.016211428454971,0.0203244175991522,0.0120545925270708,45.837
"101124",0.0178545449808225,0.017037985282344,0.0239334917718882,0.0149387015887729,0.015841471558275,0.0210292182543396,0.0126735767738584,45.837
"101125",0.0178834161174301,0.0161897126354527,0.0240935900960055,0.0149873421004069,0.0150906338115726,0.0212702991991126,0.0128311906957882,45.837
"101126",0.0156377951375848,0.0171815836178667,0.022996644691976,0.0142646803698883,0.0157675005961722,0.0202203706051519,0.0116570303229505,45.837
"101127",0.0155983532841395,0.0176742716403395,0.0229059239501937,0.0142331518934112,0.0162110048776396,0.0198756439580783,0.0113280908387461,45.837
"101128",0.0183482408840413,0.0166844699729526,0.0239099828956907,0.0150399725005514,0.015747686445855,0.0210967990470621,0.0123325333515466,46.082
"101129",0.0178352671121433,0.0168370167035005,0.0236773754590079,0.0148742537703697,0.0158167347176476,0.0208111700774619,0.012212119246553,46.086
"101130",0.0165015018885602,0.0174930256110119,0.0231574444172844,0.0144709316402929,0.016175142026178,0.0201816494851372,0.0120394633075142,46.086
"101131",0.017123404867625,0.0173252573520502,0.0234495443529498,0.0146690276243274,0.0160901266496999,0.0204625958611637,0.0123470518527014,46.086
"101132",0.0169290512353422,0.0164842153085281,0.0235446592085423,0.014655938151924,0.0153020636291961,0.0207893717118415,0.0125728123158767,46.086
"101133",0.0156743155794024,0.0161211351437997,0.0230590229463425,0.0142913229295272,0.0148768168356174,0.0204363257389182,0.0122737678904939,46.086
"101134",0.0138117368748458,0.0170931652693049,0.0221140061288913,0.0137147013801806,0.0156488528049249,0.0192911667639667,0.011093074568979,46.086
"101135",0.0174006679253234,0.0172102332577663,0.02333866992646,0.014700784706041,0.0161515108187154,0.0201964322472097,0.0115153778875582,46.335
"101136",0.0165559831099092,0.0178037671382615,0.0230765559850634,0.0144612536110719,0.016482942464999,0.0198039122283118,0.0116838020692948,46.335
"101137",0.016840776177134,0.0173852479858297,0.0233528656959801,0.0145871410205858,0.0160916287299733,0.0203453704442052,0.0123325333515466,46.335
"101138",0.0161258344379637,0.0169735844841709,0.0231492367761016,0.014396674926867,0.0156470497459624,0.0203674749556661,0.0124071678284772,46.335
"101139",0.0147182008354521,0.0166878099167955,0.0225516874972237,0.01398526419411,0.015321264966547,0.0199335712128081,0.0120394633075142,46.335
"101140",0.0156002341188103,0.0168727598284509,0.0229406102306662,0.014244652446498,0.0155226596542066,0.0201816494851372,0.0121953221936276,46.335
"101141",0.0170608844189678,0.0177126718087293,0.0231286995969011,0.0145778300534007,0.016545671972906,0.0196908289677016,0.0110552775557204,46.58
"101142",0.0146718046636839,0.0183217085827187,0.0220246903649439,0.0138415926098457,0.0168901404492193,0.0185751664683633,0.0102833996363262,46.583
"101143",0.016808932973586,0.0169459225643469,0.023263091174486,0.0145612565473715,0.0157839419955711,0.0203117514658166,0.0122475825860751,46.583
"101144",0.0166085075051028,0.0168032165392411,0.0233176918593617,0.0145342678950873,0.0155687150347262,0.0205301998683916,0.0125716722418238,46.583
"101145",0.0155955315335355,0.0175632666915851,0.0228965458741985,0.0142286015578125,0.0160918432927354,0.0198191101295815,0.0122137168992399,46.583
"101146",0.0148722940129507,0.0175251143765114,0.0226257092085531,0.014026324283192,0.0159956443554324,0.0195822176533888,0.0120460096743875,46.583
"101147",0.0178938283874082,0.0177016596242745,0.0236545000056448,0.0148767688108976,0.0165217366225736,0.0203093752753795,0.0118997188971945,46.803
"101148",0.0167891028559034,0.0180092913601305,0.0231225333978915,0.0145181449291935,0.0166916438282086,0.0196393380700454,0.0115778263509611,46.829
"101149",0.0168665432680169,0.0169336958309467,0.0232749763432679,0.0145757598138672,0.0157854957039768,0.0202879711804522,0.0122049253668604,46.829
"101150",0.0158342036161362,0.0164381384352701,0.0229544639383502,0.0142950473188685,0.0152077850390228,0.020286781092393,0.0122974898027744,46.829
"101151",0.0153073873095821,0.0170290976427616,0.0227720310906666,0.0141458032284652,0.0156170201851632,0.019888719598847,0.0121527521219439,46.829
"101152",0.0152205660206313,0.0175432436059416,0.0227292577667202,0.0141163374323941,0.0160479678524509,0.0195520999254488,0.0119666328582706,46.829
"101153",0.017140256410067,0.0174577356238391,0.0232902446394631,0.0146333136688651,0.0162800027788988,0.0199851709705948,0.0118275124196134,47.061
"101154",0.0157517083909148,0.0181035182332318,0.0225775810866929,0.0141802954736606,0.0167187647119932,0.0189926523457201,0.0109823666077005,47.074
"101155",0.0155096522487544,0.016678622501709,0.0226934086488867,0.0141684520783242,0.0154346707077653,0.0198002128531624,0.0118207569923952,47.073
"101156",0.0161556513614736,0.0173523529407164,0.0230270021725321,0.014370834695841,0.0160010636252787,0.0197841704965394,0.0118829938303531,47.074
"101157",0.0160132128054138,0.0174744252905046,0.0229128671642389,0.0143147107549897,0.0161169124763209,0.0195130968313318,0.0116166737494218,47.07
"101158",0.018005513539629,0.0170899508947594,0.0237748247707973,0.0149319491819963,0.016004963501227,0.0205648519211823,0.0122717875105889,47.309
