"","Andrena_carlini","Andrena_miserabilis","Osmia_atriventris","Osmia_bucephala","Osmia_lignaria","Osmia_pumila","Andrena_violae","latitude"
"100001",0.00462850834120502,0.00439148316296688,0.0338211477553284,0.0200588845409168,0.0158930836236831,0.0153849439651597,0.0122407510519182,25.316
"100002",0.0046363152005833,0.00440412733303582,0.0313701508188964,0.0191897843497099,0.0164430989165212,0.0142165718004589,0.0132653879569405,25.329
"100003",0.00462913560140613,0.00437343578413734,0.0333858434656206,0.0199527214445616,0.0154183536371956,0.0157516691742448,0.0126898477672553,25.637
"100004",0.00462832880835876,0.00438719496448075,0.0310147783236312,0.0193904632287833,0.0160786165161431,0.0147679341403636,0.0137952528305765,25.637
"100005",0.00460052922591299,0.0043692137751792,0.0326521103036954,0.0206710709137731,0.0156609037986685,0.0162729935982842,0.0141380406642489,25.669
"100006",0.00456444507401309,0.00435322941350454,0.0376342380958737,0.022866734443427,0.0149806784438681,0.0187273292074506,0.0122375001165189,25.963
"100007",0.00467417808123318,0.00437145633311311,0.0287222030373685,0.0171833556396171,0.01537066982253,0.0134807221008928,0.013460511993374,25.961
"100008",0.00476557285831678,0.00439698703686641,0.0171466078107197,0.0098620400344806,0.0161179401524708,0.00690587058166058,0.0149860571231486,25.961
"100009",0.00465663899218161,0.00436635721370047,0.0273759052969887,0.0175203038532664,0.0155996817455225,0.013330748992569,0.0147875223888033,25.962
"100010",0.00451917035583356,0.00436925004010907,0.0390434683550125,0.0242212999370568,0.0155983038107433,0.0193939964642231,0.0123719475280223,26.291
"100011",0.00456868509158614,0.00436675866274273,0.0362148045638183,0.022407654515332,0.015476323649828,0.0178993048174985,0.0125924165386313,26.283
"100012",0.00465703564966584,0.00439560922151401,0.0286745518471222,0.0178023588193438,0.0162694910963973,0.0131182765533639,0.0136702497447911,26.283
"100013",0.00474288428218296,0.00441190478405774,0.0182238194974162,0.0114455693816574,0.0167502758657757,0.00677295285431136,0.0148083892864544,26.283
"100014",0.00470587610095395,0.0043823886395443,0.0218311113875567,0.0141289569698239,0.0160530326130886,0.00945930775217149,0.0150515242876196,26.284
"100015",0.00461083979756054,0.00438534879507953,0.0331619074844469,0.020468953887359,0.0159622216755499,0.0157605378433387,0.0130909888983362,26.611
"100016",0.00454619051707015,0.0043822655823162,0.036720313437071,0.023062540473696,0.0160247185170577,0.0179822927114149,0.0128468870964431,26.605
"100017",0.00458898432372174,0.00438967288333319,0.0342246453794753,0.0213616498389288,0.0161662357183274,0.0162953855857425,0.0129374372524074,26.605
"100018",0.00466220861497585,0.00441851083036113,0.028230928660308,0.0174733435070036,0.0169232421504585,0.0116317650160047,0.0134165662722439,26.605
"100019",0.00465352142426293,0.00442087769028607,0.0264846741577632,0.0175416540935277,0.0171952984740588,0.0106921621715599,0.0138851688136212,26.605
"100020",0.00463501055458905,0.00439256563589088,0.0272219881741435,0.0183722478751615,0.0165127348765339,0.0120694113502348,0.0143831148397507,26.605
"100021",0.00462561880397962,0.00439391913367077,0.0315714194237821,0.0196065047973414,0.0162357974636258,0.0147896840561772,0.0131101357196401,26.938
"100022",0.00456121205520496,0.00439027716839895,0.0355985066115191,0.0224252078578914,0.0162591552946806,0.0170667153932724,0.0127873873761924,26.926
"100023",0.00462356505780253,0.00439842810498598,0.031824899503115,0.0197297671842473,0.0163579688341106,0.0143996595356388,0.013022356476889,26.926
"100024",0.00475806177610357,0.00446026064190392,0.0170874559224023,0.0105011702218357,0.0179972621009065,0.00463630828005612,0.0140014986159793,26.926
"100025",0.0047290543213999,0.00443773764217114,0.019388434363723,0.0126249290862763,0.0174886140725538,0.00647716580131245,0.0141450328897319,26.926
"100026",0.00452047507671519,0.00435619473009346,0.0362941865418098,0.0235561715481197,0.0155247907261807,0.0184779767038049,0.0135339039659645,26.924
"100027",0.00449133552769838,0.00437853939920507,0.038231808202547,0.0245668216833319,0.0161061845432096,0.0192926088230805,0.0125786523220182,27.262
"100028",0.0045615735719589,0.00438653405426789,0.0345931846336124,0.022177408914279,0.0162571542233784,0.0170122388579479,0.0129624567356379,27.246
"100029",0.00461122720497629,0.00439591578906117,0.032081708141652,0.0201846277257998,0.0163758848033632,0.0148942171528229,0.0130067915749499,27.246
"100030",0.00466631844410089,0.00441095265630043,0.0280729842287795,0.0172856426625489,0.0166729158289525,0.0119100773480704,0.0131945100659794,27.246
"100031",0.00473122473980571,0.00443440589016522,0.0216749060120647,0.0128082842946168,0.0172307023330022,0.00755878513967929,0.0135972572076859,27.246
"100032",0.00471035952466169,0.00442060464143301,0.022983283110392,0.0141456335245679,0.0169694128900121,0.00866491443007417,0.0137476282660141,27.246
"100033",0.00464378143418644,0.00438463254852148,0.0284419248421172,0.0182328053750981,0.0161310313663417,0.0129737122919372,0.0138855478211817,27.231
"100034",0.00453168166992374,0.00438927531255921,0.0360194024264582,0.0232166752281511,0.0163931227420361,0.0178187326255955,0.0127073540736729,27.556
"100035",0.00452090829963188,0.00437756270536516,0.0367857817174928,0.0236422345786513,0.0160553903581313,0.0185221810081918,0.0125857594608751,27.565
"100036",0.00460947867287152,0.0043837924747749,0.0323308963508721,0.0203104580441857,0.0160216825432672,0.0156099743445887,0.0129289383646205,27.565
"100037",0.00462566423432216,0.00438808035959221,0.0318112564311564,0.0196692065097286,0.0160429249224217,0.0150120804333176,0.0126586779278434,27.565
"100038",0.00463851623101065,0.00438963832674823,0.0305392056491972,0.0189268818086809,0.0160947583795201,0.0143478930092342,0.0127566007447385,27.565
"100039",0.00462598199476212,0.00437868127614858,0.0309904070401867,0.0194682075288602,0.015864886526246,0.0150426830285417,0.0130705436410572,27.565
"100040",0.0046287773771551,0.00440416073129213,0.0294290769359707,0.0189634915650503,0.0167300652430932,0.0137928232240372,0.0133133847091814,27.903
"100041",0.00459441364601118,0.00437738488218451,0.0324570745046339,0.0207928819765708,0.0159642516015485,0.0161187409285003,0.0131167849383602,27.883
"100042",0.00464661843374999,0.0043843177160116,0.0291201966709276,0.0183014392324937,0.0160152717872827,0.0139272348534687,0.0133965141003596,27.883
"100043",0.00458538172587425,0.00439211923551633,0.0337461688516972,0.021344191078311,0.0163167702609037,0.0162260004990364,0.012643707664294,27.883
"100044",0.00457727134344048,0.00437606666227805,0.0347386841273823,0.021820506620863,0.0158254127375675,0.0170917012560257,0.0121548312467442,27.883
"100045",0.0046125298754684,0.00437676191177072,0.0323912244446511,0.0202410236702994,0.0157882506869736,0.0157538862011505,0.0125367666510063,27.875
"100046",0.00455404427315305,0.00437752714670782,0.0335159840249173,0.0221094822914435,0.0161766179251123,0.017121244132766,0.0128760432576212,28.2
"100047",0.00460991706262824,0.00436364658275747,0.0311692601404031,0.0200350465601027,0.0155852086790253,0.0158293207627888,0.0131196922653433,28.2
"100048",0.00468220658484095,0.00438089194863927,0.0259099079441478,0.0161473325920554,0.0158628466628427,0.0122869568134198,0.0134565264731451,28.2
"100049",0.00466806306736558,0.00440196759008166,0.0270787355312691,0.0169811122778221,0.016503177681648,0.012383787802473,0.0132269521594161,28.2
"100050",0.0046651735109591,0.00438854835089253,0.0274568788974494,0.0172003987882358,0.0161112234828664,0.0129298099545516,0.013039149764643,28.2
"100051",0.00467106619383044,0.00439557514479338,0.0274621054081356,0.016966220682346,0.0162404711315397,0.012600933587076,0.0129268122363603,28.193
"100052",0.00456527577063666,0.00435869335351678,0.0321665329324033,0.0215232184406858,0.0157257050225145,0.0170757998930332,0.0129127656437727,28.516
"100053",0.00461098515235591,0.00437098710481267,0.029971909344999,0.0196994842601423,0.0159110685484979,0.0152881751518718,0.0130533967226985,28.516
"100054",0.00466205354964096,0.00437479800979776,0.0271542411229512,0.0172558019791398,0.015796097911632,0.0132822741992316,0.0132109524772045,28.516
"100055",0.00464937992401279,0.00437885855546583,0.0288944697477,0.0181513399607452,0.0158563857415462,0.0139464684033734,0.0130717968718729,28.516
"100056",0.0046617431062515,0.00435628822907757,0.0274804004923331,0.0173688004563066,0.015249373037725,0.0138461143769384,0.013180920193526,28.516
"100057",0.00464773526058811,0.00438179059779628,0.0282388326994877,0.0180442105376159,0.0160314635155382,0.0137332103688923,0.0129510168012435,28.511
"100058",0.00458033987952607,0.00435120932161715,0.030566169032505,0.0207428428069638,0.0155817611613595,0.0165625574676878,0.0129488965082799,28.831
"100059",0.00462232391216702,0.00437248320604128,0.0282757267922823,0.0189182688916059,0.0160338237407266,0.014550964104741,0.0131275783560306,28.831
"100060",0.00466874217861446,0.00436608327932085,0.0255100354755405,0.0165922835201396,0.0156663977363301,0.0128943026776905,0.0133247329414043,28.831
"100061",0.00463149480808316,0.00435249424142923,0.0292878320526789,0.0188924327560619,0.0152788050150173,0.0151433658839224,0.012959915933255,28.831
"100062",0.00466647067422522,0.00434988249630816,0.0264097198466148,0.0169258079633526,0.0151438940764542,0.0135951224355058,0.0132130054624578,28.829
"100063",0.00458221624086299,0.00434558910852818,0.0278260611904033,0.0200112117315704,0.0157315234674737,0.0159093103354331,0.0132796534332872,29.174
"100064",0.00458177613775536,0.00434681481002182,0.0294664201557973,0.0204342033603545,0.0155779682027926,0.016344680449422,0.0129759941565209,29.146
"100065",0.00464310878978315,0.0043498065511022,0.0263968029865691,0.0177745584878377,0.0154190488969974,0.0141542675708963,0.0131796836312885,29.146
"100066",0.00465141937384205,0.00433214200488071,0.026368392417723,0.0174882839154907,0.0148572588883777,0.0143780833543872,0.013163591290223,29.146
"100067",0.00462792434467526,0.00432965908606374,0.0282704553428947,0.0187783701856648,0.0148260993449492,0.0155061621326426,0.0130751378750992,29.146
"100068",0.00466267318725974,0.00436460095258319,0.0255791135812294,0.0168428891560324,0.0156914447327249,0.0130993931123172,0.013130067116053,29.123
"100069",0.00448379740969623,0.00433019664507848,0.0314952193533747,0.0231131721577716,0.0155896895605677,0.0188301570899271,0.0130609291024139,29.476
"100070",0.00440080502297425,0.00432965908606374,0.035125683986742,0.0252372486727995,0.0155531237054838,0.0207480741736677,0.0127252578205134,29.459
"100071",0.0046035515604575,0.00434809414633202,0.0272871762251109,0.0192674389593526,0.0156715469348047,0.0152881751518718,0.0130357938938413,29.459
"100072",0.0046333033550964,0.00433285436269166,0.026888942951288,0.0182478165813933,0.0150186850334078,0.0149247475371502,0.0129666896248521,29.459
"100073",0.00465307835582001,0.00433202316066192,0.025933033082465,0.0173176211786822,0.0148872955466286,0.0142208716682414,0.0130596741916174,29.459
"100074",0.00464470312035533,0.00434900829697812,0.026368392417723,0.0177104223295059,0.0153839075731212,0.0141306564135511,0.0129810648300436,29.458
"100075",0.00432534368860557,0.00434189039014693,0.0353534206082643,0.0258004280611096,0.0161893373965415,0.022163575378231,0.0133788281188071,29.824
"100076",0.00440055643158717,0.00434119323715904,0.0361326412674225,0.0265884920152667,0.0160749155539197,0.0217569909363705,0.0128490345623211,29.805
"100077",0.00439930920394108,0.00432359883217665,0.0345121185101526,0.0251127798876577,0.0154728571736941,0.0207456662583278,0.0127265662587355,29.771
"100078",0.00452025815054418,0.00436138049680188,0.0302968495403631,0.0220853848674969,0.0163164376837197,0.0171917542438146,0.0129153213998923,29.771
"100079",0.00460529626386544,0.00435510862159152,0.0268162497458624,0.019090609838991,0.0158947809945413,0.0149465664308576,0.0128468870964431,29.771
"100080",0.00462014721817239,0.00434610663757276,0.0267980854629037,0.0186385872367004,0.0155161445760669,0.0148637055270719,0.0128094282654405,29.771
"100081",0.00463308356219656,0.00433059439224146,0.0273237014960978,0.0183679555774541,0.014909078208932,0.0151061335383462,0.0127029811390355,29.771
"100082",0.00461117881496859,0.00435132285493334,0.0289050806370768,0.0194466084221695,0.0154971097692922,0.0155039556204631,0.0124581819443101,29.763
"100083",0.00444077092852736,0.00432882150808687,0.0313456979618963,0.0233334530085581,0.0159784554356536,0.019732312683176,0.0142223121464356,30.145
"100084",0.00431469092130821,0.00431345074701338,0.0364871833372697,0.0271728467760313,0.015724678063334,0.0239956525388443,0.0137534034297146,30.085
"100085",0.00410960886270879,0.00431777747223952,0.0399417508731637,0.0293770285375013,0.0157899568648202,0.0258398261080269,0.0131072249779592,30.083
"100086",0.00424678589657934,0.0043171210530137,0.0385691516136836,0.0285935916866267,0.0157243357319508,0.0249317009958594,0.0130968209643499,30.084
"100087",0.00446763204298046,0.00435022408006442,0.0300631110364596,0.0227216501395699,0.0164682075957789,0.018252796687916,0.0139580108538431,30.142
"100088",0.00449117076064148,0.00435039476792827,0.0294931023836922,0.0223659714537555,0.016329071892204,0.0184896063438544,0.0136180089436637,30.118
"100089",0.00447871321529688,0.00434247046752621,0.0307388997689894,0.0230031190429991,0.0160142593791926,0.0187133203142003,0.013230230295381,30.083
"100090",0.00454281373797858,0.00435583924446001,0.0284868208349017,0.021145709637119,0.016224108687878,0.0165310578995699,0.0131726729133717,30.083
"100091",0.00454824364242984,0.00436254269641646,0.0288573406326292,0.0211086535743293,0.0163207607736865,0.0163379557932685,0.0129285131840142,30.083
"100092",0.00458559841724663,0.00434551238329485,0.0274908564299982,0.0198336335457047,0.0157397348787275,0.0157538862011505,0.0127500811983184,30.083
"100093",0.00457704654915633,0.00434775082652777,0.0286798452780657,0.0203625511504425,0.015732550077177,0.0161879883360693,0.0126450297182202,30.083
"100094",0.00461190359092939,0.00435217337928805,0.0276504538708367,0.0191078534750502,0.0156581562645389,0.0151192712270646,0.0127108506773005,30.083
"100095",0.00464896985809243,0.00435863757609557,0.0250763605906086,0.0172217053638485,0.0157482848710613,0.0134384252603628,0.0127895509530471,30.072
"100096",0.00442016894482395,0.00428127496787319,0.0449708441271388,0.033041742660165,0.0149874327807835,0.0295276052408363,0.0128541861236179,30.444
"100097",0.004515579593,0.00427473360701051,0.0489061944966374,0.0355629306826645,0.0149571974806241,0.0322788321919795,0.0124572792131666,30.469
"100098",0.00440837410086119,0.00427089621416154,0.0443981287799329,0.0326479760465603,0.0148096034690523,0.0296534943809238,0.0128905815493668,30.459
"100099",0.00423632984457101,0.00428616929092567,0.0380390204312122,0.0282646693245283,0.0150775001294365,0.025544578603084,0.0134241734566694,30.411
"100100",0.00427998608347831,0.00429172719462712,0.037525365282321,0.0279878931374893,0.0151720778613467,0.0250641119755559,0.0133279724361229,30.393
"100101",0.00418968174912411,0.00429931669203164,0.0389334144561269,0.0289206779769864,0.0153455632846297,0.0256728220301671,0.0130332760774152,30.393
"100102",0.00434646281244033,0.00432309319591282,0.0366179100281556,0.0271459490004517,0.0158271157815471,0.0233643153719167,0.0130244575451958,30.393
"100103",0.00429143848995888,0.0043298582625185,0.0344674162532786,0.0259074316372159,0.0160439359155832,0.0214693501331962,0.0134153645027343,30.393
"100104",0.00436422869763957,0.00433474808089469,0.0329301450069592,0.0249151045505251,0.0161266685518559,0.0204189722999674,0.0135850957221128,30.393
"100105",0.00441765340619448,0.00433518085487997,0.0321610583837013,0.0242456457944259,0.0159706783692631,0.0203327552480061,0.013100984166538,30.393
"100106",0.00454811586887706,0.00434754088181014,0.0277998304529389,0.0208559939235878,0.0160489901342471,0.0168853303342289,0.0131747355129186,30.393
"100107",0.00457552332932536,0.00436193432479566,0.0269175167779971,0.0199397261888883,0.0163187656126894,0.015552520635136,0.0130947385638123,30.393
"100108",0.00458105914495663,0.00435873053436171,0.0266658546954971,0.0197319304480644,0.0162190971960194,0.0152684041047578,0.0130160499940786,30.393
"100109",0.0045787829037036,0.00434759814986426,0.0272637032603456,0.01995705340556,0.0158774611543512,0.0157627552445408,0.0127869545900722,30.393
"100110",0.00456349195413701,0.00434921751009718,0.0287407403197889,0.0207232659124879,0.0158720244334459,0.0164029955526351,0.0126030560896727,30.393
"100111",0.00459026103980313,0.0043662293997858,0.0278522991801647,0.0197752012575685,0.0162060616458692,0.0152376644006443,0.0127261301367332,30.393
"100112",0.00448659115782308,0.00425105813823196,0.046296217550766,0.0344424189309217,0.0144959551436976,0.0315636721196916,0.0127418153913747,30.735
"100113",0.00453037160624867,0.00423893692507763,0.0493618021173848,0.0360737723375566,0.0141869272696825,0.0331455528818728,0.0123960996102215,30.703
"100114",0.0044853256255959,0.00424445540906978,0.0470962237468587,0.0346173792216416,0.0142550668311183,0.0317659493807725,0.0124201761471915,30.703
"100115",0.00445884587473823,0.00425489308987155,0.0457003751958503,0.0337389766511959,0.0145265746339472,0.0309673181819253,0.0125777634748581,30.703
"100116",0.00437273358708124,0.00428945153561291,0.0433009907823889,0.0317981510732946,0.0152893056947246,0.0286933509127847,0.0127374614960376,30.703
"100117",0.00421191053975814,0.00430234811788419,0.0390869357492416,0.0288371753086754,0.0153574231497693,0.0254754072998827,0.0126366529471667,30.703
"100118",0.00432814350590803,0.00431349216636934,0.0347218865876999,0.0257781418502537,0.0154867194369021,0.0223997362495583,0.0128773271115278,30.703
"100119",0.00446662172722777,0.00434366675954028,0.0308983884671275,0.0230405305497268,0.0161776223782486,0.0184779767038049,0.0132380106304252,30.703
"100120",0.00447054519009787,0.00435245650564275,0.0302323169490789,0.0227436260079149,0.0164800907362037,0.0177543534328328,0.0134009297247676,30.703
"100121",0.00453945193601271,0.00435546472447882,0.0270735305219393,0.0206210644492579,0.0165008701239874,0.0158915244261788,0.0136616949581621,30.703
"100122",0.0044933848869185,0.00436075194413839,0.0298004562054974,0.0223901027011103,0.0165525648620218,0.0173718336177579,0.0130299177698665,30.703
"100123",0.00451602238690127,0.00436329733130103,0.0296426536209088,0.0220065410157013,0.0164642450585383,0.0173444435542051,0.0126207565996677,30.703
"100124",0.00457433148472686,0.00436395882593069,0.0272976105549302,0.0200653863551186,0.0163390408696388,0.0155878692448122,0.0125977381230175,30.703
"100125",0.00460761835693104,0.00436156518699255,0.0244931097075124,0.0184130302601461,0.0163144421092718,0.0140856134162781,0.013022356476889,30.703
"100126",0.00461006300571484,0.00436885095447948,0.0244324810941877,0.0183186021723659,0.0164926267855932,0.0137310827711094,0.0130730499092237,30.703
"100127",0.00459226796002429,0.00435568947644907,0.0265752191532565,0.0194034182099744,0.0160547167443223,0.0151148916168955,0.0127544281588897,30.703
"100128",0.00455731943988385,0.00436040028540587,0.0290617238430373,0.0209452573823139,0.0161762830965608,0.0163043449661112,0.0124170005350745,30.703
"100129",0.00453400708169613,0.00434212251732533,0.0280913976867596,0.0211631502830563,0.0160145968541175,0.0170394705959179,0.0132171098925772,31.003
"100130",0.00451719890371975,0.00436606501070454,0.0289103865101211,0.0216259064502838,0.0166833774440433,0.0165310578995699,0.0131879238533791,31.011
"100131",0.00455835997774029,0.00436611981418091,0.0264769173754789,0.0200848932026366,0.0166827237434182,0.0152266904389127,0.013349805936297,31.011
"100132",0.00456474210183175,0.00436241372122803,0.0265053621671859,0.0200978989378196,0.0164652357627663,0.0156298769652358,0.0129878207701918,31.011
"100133",0.00455528577614188,0.00436946756431098,0.0283152718467333,0.0207950578965477,0.0165143822315476,0.0162550866591349,0.0123376397456585,31.011
"100134",0.00457507003208317,0.00436972120101468,0.0277840954927395,0.020165110130284,0.0164315256198527,0.0154003558791043,0.0120740954868903,31.011
"100135",0.00458188624356355,0.00437248320604128,0.0256994912045211,0.0194466084221696,0.0166853384257406,0.0146267940231312,0.0127860889470555,31.011
"100136",0.00460325112365716,0.00437492325747727,0.0245032187589475,0.0185332893301872,0.0167072238244154,0.0138333188797315,0.0129772621240446,31.011
"100137",0.00454619051707015,0.00437359732965794,0.0284208045022075,0.0210323844554523,0.0166765125880489,0.0159515757746862,0.0125184265894129,31.011
"100138",0.004450588351939,0.00436930443166503,0.0331646694308205,0.0240354759589095,0.0165867390962912,0.0186363276381008,0.0119031649381875,31.011
"100139",0.00448650701286211,0.00435600766980916,0.0299263389803835,0.0224076545153321,0.0165143822315476,0.0174060894195922,0.01303747200313,31.315
"100140",0.00448717928222002,0.00437551321163691,0.0301248523471576,0.0224493461976902,0.0169884337484771,0.0169532815998133,0.0129157472800677,31.319
"100141",0.00453771853876754,0.00436934068881061,0.0277369062893321,0.0209474350689245,0.0167424546623891,0.0158848562488026,0.0129755714563357,31.319
"100142",0.0045812248060097,0.00436126964383216,0.0256482464295803,0.0194617275170292,0.016400411449932,0.0152969647466817,0.0128223650145921,31.319
"100143",0.00456432615354245,0.00438370487123047,0.0274725593045123,0.0203451851338027,0.0169232421504585,0.0156232419132564,0.0122754955980052,31.319
"100144",0.00456851000167244,0.00438103303939299,0.0272923932438083,0.0201976406218151,0.0168400153550849,0.0154025579588827,0.0121581178511239,31.319
"100145",0.00460315089002691,0.00437981458272682,0.0243365759609523,0.0184860343191396,0.0168581777519103,0.0136609275482669,0.0128176239812811,31.319
"100146",0.00460063061871562,0.00438179059779628,0.02486288090572,0.0186966368248937,0.0168730854233383,0.0138781186375503,0.0127722258032684,31.319
"100147",0.00453818653898225,0.00438658626886399,0.0284155251360891,0.0212002169595458,0.0170794388885334,0.015718425004084,0.0124550219242759,31.319
"100148",0.00452184408414599,0.00437556680304256,0.029613259984386,0.0218686398520214,0.0167574427940763,0.0165940750141426,0.0122875034787458,31.319
"100149",0.00460063061871562,0.0043839150893145,0.0252878235801861,0.0188041889463863,0.0168828022705899,0.0138653142739659,0.0128215032185193,31.329
"100150",0.00445157602120656,0.004361454382589,0.0311014772509187,0.0233158220023245,0.0166817431549181,0.018035372989626,0.0125675344534773,31.632
"100151",0.00447189764531188,0.00437068001965763,0.0306497998419131,0.0229415148355936,0.0168439085865619,0.0175158438675383,0.0124644981148659,31.625
"100152",0.00452919292598326,0.00436756041707962,0.0282862705555604,0.0213660147769707,0.0166519771819171,0.0166278637488345,0.0125590742681364,31.625
"100153",0.00454830750204196,0.00437284292175219,0.0277107002308579,0.020803761829518,0.0167206053303757,0.0163088252101443,0.0122971883737304,31.625
"100154",0.00455547141379153,0.00438602898133596,0.027883794336931,0.0206645475681126,0.0170051840970951,0.0159426749927929,0.0120035103102441,31.625
"100155",0.00458640917385335,0.00439019089463553,0.0260538959048376,0.0193969405991568,0.0170855351881946,0.0145747836246887,0.0122207590076175,31.625
"100156",0.00458177613775535,0.00438782014110778,0.0258893573448208,0.0194833284887561,0.0170765505736008,0.0145877810141883,0.0124342238804013,31.625
"100157",0.00459036710989959,0.00439292584767829,0.0257046173312602,0.0191940975797411,0.0171668703649276,0.014137094647507,0.0123938243488494,31.625
"100158",0.00458478475642332,0.00439355976392071,0.0259099079441478,0.0193990997760497,0.0172061489517302,0.0140684655290001,0.0125018385773861,31.625
"100159",0.00458592306720475,0.00437942535077368,0.0261131015526198,0.0194379695259266,0.016791940815576,0.0144860612115614,0.0125296146970771,31.625
"100160",0.00455015160166091,0.00438316132456637,0.0280992902523902,0.0208494641158451,0.0169410117727623,0.0155414791319943,0.0124188153306985,31.628
"100161",0.00443081991615863,0.00434432134614647,0.0317839754338586,0.024008942678981,0.0161705901816591,0.019410516507621,0.0118260206959106,31.924
"100162",0.00445029118629596,0.00435309755410728,0.0313810205498364,0.0236135430260277,0.0163546493778154,0.019123200895567,0.0117510332670578,31.931
"100163",0.00449606146879116,0.00436558974884726,0.0302188777386678,0.022537146283626,0.0165772152826299,0.01803075545077,0.0118220930638457,31.931
"100164",0.0045474759117996,0.00438110356714335,0.0283442818501624,0.0209757472841468,0.0168776204965032,0.01626403938954,0.0118676227004931,31.931
"100165",0.00454476805665804,0.00438801098360697,0.0283258199310539,0.0210280271474495,0.0170842518980707,0.0161522366206286,0.0118098056487017,31.931
"100166",0.00455235733135872,0.00439608600882664,0.0279363094499347,0.0207428428069638,0.0172943499007669,0.0156542127167054,0.011832398621306,31.931
"100167",0.00454586801878893,0.00439890174203467,0.0286745518471223,0.0210781422446681,0.0173365743014837,0.0156674915482314,0.0116174136286257,31.931
"100168",0.00454977129993363,0.0043930629908673,0.0287698774190383,0.0210171343165541,0.0171400055270098,0.0154796902037307,0.0116471528266902,31.931
"100169",0.0046101116326905,0.00438986289425403,0.0248045215481873,0.0183915645940081,0.0170154855932101,0.0133898332124437,0.0123321362259655,31.931
"100170",0.00459195225285331,0.00438094486318164,0.0261285529832003,0.0192739117493803,0.0167815321632524,0.0143392706929928,0.0122625428435858,31.931
"100171",0.00448285829726207,0.00437519152049889,0.0315795869187094,0.0231087689127918,0.0167561398945235,0.0176625045095801,0.0117802315377061,31.931
"100172",0.00456211476490095,0.00439979682723836,0.0270084926684783,0.0202648887547278,0.0174277331335408,0.0145856145413053,0.0125635281409116,31.959
"100173",0.00447252597612796,0.00435014819654323,0.030302229077204,0.022989916595832,0.0162901473102567,0.018429156190413,0.0117515291267973,32.224
"100174",0.00442500378159804,0.00433778769472722,0.0321856960042811,0.0241925310668599,0.0159848777366143,0.0199556557178493,0.0113634467453583,32.235
"100175",0.00443308244284909,0.00436533361670775,0.0324570745046339,0.0241217315926215,0.0166320008504057,0.0193161731181029,0.0112254949844099,32.235
"100176",0.00447404454465833,0.00438552330589588,0.0314680181309888,0.0232210807536854,0.0170887430837626,0.0180746363835538,0.0112802604238991,32.235
"100177",0.00450898246596031,0.00439603495005737,0.029754962473462,0.022142347119944,0.0173695359247309,0.0169260912717884,0.0116103388476334,32.235
"100178",0.00453684680175579,0.00438903313040659,0.0285211670707775,0.0212547398641355,0.017142565501438,0.0162416603361258,0.0117097588595987,32.235
"100179",0.00455645891039658,0.00439198178705937,0.0283970496195735,0.0207645973208746,0.0171044549697544,0.0154929244724142,0.0113482518806308,32.235
"100180",0.00458072745958776,0.00438901582638944,0.0270110933018451,0.0197990046911184,0.0169939112445679,0.0145682862331634,0.0116797754066898,32.235
"100181",0.00460608941957631,0.00439373093030351,0.024586665080228,0.0184516754680848,0.0171809293087728,0.0133244231902992,0.0123746855377007,32.235
"100182",0.00460608941957631,0.00439594983847055,0.0245537823573732,0.0184409397848053,0.017245357538793,0.0132359566014187,0.012406102779817,32.235
"100183",0.00455485202676428,0.00438247651567991,0.0276478353361861,0.0206232383633335,0.0169390739769895,0.0153607345968478,0.0121524827956806,32.235
"100184",0.00456048728165384,0.00437295077678817,0.0272402362197523,0.0203929456406278,0.0166892598485154,0.0154113672222457,0.0122958055693606,32.237
"100185",0.00451072560060316,0.00434391716318127,0.0277447695230796,0.021649947652747,0.0162060616458692,0.017057632343627,0.012217965229954,32.553
"100186",0.00439792895798783,0.00434279882249217,0.0323418626422076,0.0245756883548079,0.0161987046398449,0.0201988575727853,0.0114051948984651,32.539
"100187",0.00435476188505629,0.00436834248116059,0.0339907240302473,0.0254285300065644,0.0168208633853301,0.0204405436523581,0.0110003492138234,32.539
"100188",0.00444446577989131,0.00437894716728399,0.031923180233443,0.0238100471554445,0.017000031518469,0.0187483484415773,0.0111692196701281,32.539
"100189",0.00449782815002569,0.00438062727668594,0.030084582062146,0.0224559298821346,0.0169806984605935,0.0174975370943069,0.0113487763870265,32.539
"100190",0.00447705082092876,0.0043884790514241,0.0307118917831917,0.0229789152002461,0.0172326144343231,0.0177290807372445,0.0113634467453583,32.539
"100191",0.00451267986315849,0.00438814972423045,0.0298647173316443,0.0221029099770624,0.0171227178716755,0.0166797131575314,0.0112739020171602,32.539
"100192",0.00457766419795607,0.00438571518484271,0.0266943588319925,0.0198011687974264,0.0169629613563932,0.0146246258140087,0.011622967521502,32.539
"100193",0.00459524552920773,0.00438802832866727,0.0248375023310151,0.0188364679389536,0.0170900261101312,0.0137693946527005,0.0122100439343102,32.539
"100194",0.00458336746800782,0.00439359400271737,0.0255304973517342,0.0193408113840339,0.017260321283061,0.0139892381138819,0.0122685593612727,32.539
"100195",0.00456097072227593,0.00438330166145014,0.0267306497347148,0.0202388542721994,0.0170187038105927,0.0149814965375988,0.012206313400515,32.539
"100196",0.00453556661070193,0.00437540600844652,0.0276845014371517,0.0210846799737061,0.0168763248585679,0.0158581919352325,0.0122606906506654,32.539
"100197",0.00459174153770607,0.00437381262769222,0.02464740553156,0.018901044365142,0.0167597226776824,0.0141177825848814,0.0126012838356932,32.54
"100198",0.00460633671632614,0.00435926928818172,0.0240394716290151,0.0183357668998371,0.0163187656126894,0.0140427554490115,0.0125282729736082,32.602
"100199",0.00436126807458736,0.00434033958513396,0.0310906360047195,0.0246089415391276,0.0164176292432306,0.0195522897589774,0.0119409536610233,32.841
"100200",0.00433397444842288,0.0043433198000439,0.0321391629214013,0.0251905648634878,0.0164308640960675,0.0200294765138742,0.0115713028486862,32.841
"100201",0.00445295136824075,0.00434558910852818,0.0298968631105055,0.0232078644558633,0.0163124463439058,0.0187319995371933,0.0116330545734184,32.841
"100202",0.00448337103264445,0.00437037271109759,0.0293917476051643,0.0225547108690197,0.0168594744803863,0.0176670935611522,0.0115860295863462,32.841
"100203",0.00451565345288004,0.00438127983514152,0.0283891326197558,0.0216783638090589,0.017078797073784,0.0166256105252631,0.0116194337206948,32.841
"100204",0.00451454298544594,0.0043907944429381,0.0285053134540253,0.0217199025621037,0.0173276916418232,0.0163491640146003,0.0115850149169414,32.841
"100205",0.00450343602210598,0.00438501702643874,0.0293304510185685,0.0221533032682118,0.0171473646478391,0.016928356632443,0.0113424797317392,32.841
"100206",0.00455185506373628,0.00438485978217647,0.0275483849280325,0.0206667219912363,0.017034787764166,0.0154157724204013,0.0114833308184348,32.841
"100207",0.00459498589217264,0.00438630771667519,0.0247309953599159,0.0188192517104278,0.0170579278153313,0.0138013456657942,0.0119607399719297,32.841
"100208",0.00459052612232741,0.00439182710432687,0.0246094375994874,0.018905350333249,0.0172574566707531,0.0136588033155817,0.0122021143540664,32.841
"100209",0.00458930417554789,0.00439373093030351,0.0244350064066198,0.018892432756062,0.0173384772655076,0.0135760355851676,0.0124550219242759,32.841
"100210",0.00456169394912078,0.00438305604138578,0.025661054811445,0.0199440578362082,0.017124959633943,0.0146766894287184,0.0124807160740146,32.841
"100211",0.00453257364407919,0.00436496744370043,0.0271646605240619,0.0210258485310821,0.0166781472780055,0.0160362074624507,0.0123298419249709,32.841
"100212",0.00452263285956966,0.00434666179277979,0.0281808848156256,0.0215166657327455,0.0161541724142938,0.0169464827906747,0.0120579388098665,32.841
"100213",0.00455204354522781,0.00436684984792873,0.026974691117263,0.0205341287974698,0.0166172521773228,0.0156343008026228,0.0122791923448409,32.857
"100214",0.00434900204462793,0.00433309154625102,0.0336906603928189,0.026722701257168,0.0163443557130474,0.0215618548437414,0.011629525707892,33.142
"100215",0.00434063759010893,0.00434784622127965,0.032759388303328,0.0259141209942303,0.0166457570563425,0.0204909033639973,0.0114812720202361,33.142
"100216",0.00433932138848468,0.00435171998034828,0.031753974265063,0.0250372429747184,0.0166699725746477,0.0196564532472921,0.0115110666135281,33.142
"100217",0.0044339382621689,0.00436071494124465,0.0302108150534857,0.0235517590002911,0.0167476691153731,0.018624670389449,0.0115054254598235,33.142
"100218",0.00444849972964511,0.00436726904622776,0.0305176399669808,0.0234106060622711,0.0168228118220874,0.0186060233428161,0.0112153455087261,33.142
"100219",0.00446440125492526,0.00438106830473662,0.030280712610301,0.0230889554646697,0.0171396855091812,0.0179477004308815,0.0111998256249135,33.142
"100220",0.00448027670698685,0.00437986763209108,0.0296613631135504,0.0226667208077643,0.0170967607630856,0.0174998251269461,0.0112265624908661,33.142
"100221",0.0045320251564453,0.00438517421237992,0.0275902459760524,0.0211260908215683,0.0171700663699436,0.0158470857708063,0.0115095285586303,33.142
"100222",0.0045477961175869,0.00438338934840055,0.0270995585021201,0.0206471530988721,0.0170723778885098,0.0153959520028603,0.0114941297698328,33.142
"100223",0.0045645045108009,0.00438965560539255,0.0260358846179387,0.0199657176411118,0.0172402611809693,0.0145574591785268,0.0118304367724726,33.142
"100224",0.00455688958521528,0.00439756405056965,0.0259818726776896,0.0201304173679415,0.0175141158104838,0.0143241853809276,0.0121501336135192,33.142
"100225",0.00456265466486825,0.00438917153713799,0.0255688763320473,0.0198899197669156,0.0172918075166861,0.0144709297300502,0.0122625428435858,33.142
"100226",0.00455034151216,0.00436542511032272,0.0263296651939218,0.0204103161823251,0.0166640848464598,0.0155171961060934,0.0121510733741537,33.142
"100227",0.00447564117942421,0.00435175778226662,0.0296212755827012,0.022765604236808,0.0163908030761597,0.0178348383402618,0.0118319082082091,33.142
"100228",0.00446972973452724,0.00434775082652777,0.030146336289689,0.0230009185766323,0.0162601557581076,0.0181578668674582,0.0117017753666668,33.142
"100229",0.00444375217809741,0.00432201921893547,0.0312208040634919,0.0237018370907812,0.0156151769582403,0.0194175978175563,0.0116300299371172,33.149
"100230",0.00421400832501152,0.00431636077868008,0.0361722994751148,0.0284876595756719,0.0160102092461771,0.0240736649975202,0.0111081421169693,33.443
"100231",0.00423172333174633,0.00433631966648667,0.0367487737051738,0.0285507628050509,0.0164189531039426,0.024015777514813,0.0107914587374062,33.443
"100232",0.00426274140396945,0.00435886064148258,0.0366264404423603,0.0282939397548027,0.0169381050140875,0.0232047818646729,0.0108050958491904,33.443
"100233",0.0043856297567301,0.00436060391306655,0.0348030967577716,0.0268256457931029,0.0168779443938332,0.0220457768701261,0.0107988489488676,33.443
"100234",0.00438682523222623,0.00436250585038832,0.0331784801743212,0.025450782428904,0.016815991521026,0.0206133601091105,0.0107869068609419,33.443
"100235",0.00443659140709436,0.0043709509887317,0.0304718277276376,0.0235694097428269,0.0169748951857526,0.0186433230372906,0.0111654517227791,33.443
"100236",0.00444578493509093,0.00436575432315348,0.0302135025451183,0.023375332582205,0.0168280067908284,0.0184384523488426,0.0110765814605706,33.443
"100237",0.00447306313067033,0.00437579895402084,0.0292372456402322,0.022686493664591,0.0170701307276825,0.017264629963827,0.0113288176320639,33.443
"100238",0.00455878704460385,0.00438398513883743,0.0261671932818356,0.0201455946343808,0.0171140689233181,0.0149334739474028,0.0117177335965715,33.443
"100239",0.00457738365706027,0.00436467427628324,0.0250865396301163,0.0194142147621544,0.0165847690030136,0.0147353272747231,0.0118196372263022,33.443
"100240",0.00455116261375229,0.00438349454878915,0.0262986954347937,0.0203625511504425,0.0171396855091812,0.0147701086998869,0.0118656702226031,33.443
"100241",0.00451402287422648,0.00438321395634597,0.0283442818501624,0.0216980389586843,0.0171444852860724,0.016134369656148,0.0116426242432964,33.443
"100242",0.0044842229697905,0.00437490536722293,0.0300014068829393,0.0226886907669651,0.016909339366541,0.0172122411937575,0.0113346009877983,33.443
"100243",0.00443425833658528,0.00436408732948983,0.031789431084261,0.0239404134637141,0.0166653933710833,0.0185617590687865,0.0111379375075209,33.443
"100244",0.00443340376605425,0.00435064119479912,0.0314353857625863,0.0238785348424611,0.0163589645682768,0.0188371742291435,0.0113780866659685,33.443
"100245",0.00440154910079942,0.00433239938502293,0.0323637984959113,0.0245468729732056,0.0159212416513231,0.0198795394230081,0.011405715194279,33.443
"100246",0.00437131539871806,0.00432240454710486,0.0325476823310117,0.0249484084436635,0.015757173013791,0.02043814649809,0.0118014384321475,33.46
"100247",0.00439717239451253,0.00432756198854415,0.0389710542229773,0.0312466561467632,0.0166165964431403,0.0256317631788821,0.0111638362611701,33.748
"100248",0.00417831583703694,0.00429938096540028,0.0361779659745613,0.0289387361348445,0.0157363138646142,0.0252784503446049,0.0110754905772228,33.742
"100249",0.00430072997956481,0.00433015684956374,0.0397930782727936,0.0305122551054701,0.0163104503875616,0.0258346826800862,0.0103273181819948,33.742
"100250",0.00433397444842288,0.00435279600592036,0.0405029143373391,0.0309440207132449,0.0168818307826989,0.0258938506371075,0.0104272735392874,33.742
"100251",0.00418799918669029,0.00434020361655344,0.0379585371296176,0.0291939411404644,0.0164936161563201,0.0245458625998963,0.0104704105953458,33.742
"100252",0.00439011190377022,0.0043403784252063,0.0354773101003305,0.0272401041596291,0.0163619514864218,0.022565000923503,0.0105481702160096,33.742
"100253",0.00440547520006889,0.00435332357349327,0.033109443321045,0.0256221984163877,0.016639535112475,0.0208203505919528,0.0107646720332245,33.742
"100254",0.00436917054566284,0.00437154650960805,0.0318358151955931,0.0247442225642088,0.0170855351881946,0.0195333687858657,0.0108947499171775,33.742
"100255",0.00448675935222928,0.00437233923397973,0.0282783626250432,0.0222080930398828,0.0170135544342702,0.0168853303342289,0.0113853952637353,33.742
"100256",0.0045460615731758,0.00435296565337023,0.0261517351532737,0.0204754703416438,0.0163908030761597,0.0159582523388445,0.0114327180814048,33.742
"100257",0.00448993110221637,0.00435863757609557,0.0286666122379211,0.0222650903451771,0.0165985558152311,0.0172031349792164,0.0112744321049785,33.742
"100258",0.00447333122038752,0.00437300469398629,0.0296292918170629,0.0227831885183262,0.0169529576851279,0.0171940302101784,0.0112500063972333,33.742
"100259",0.00451498783427503,0.00437241122614183,0.0283970496195735,0.021702411483546,0.0168465036832848,0.0164321764526238,0.0113167097721025,33.742
"100260",0.00450913458402622,0.00436292938543667,0.0292718546261129,0.0220503392862799,0.0165364444036477,0.0170145076704455,0.0110223736152873,33.742
"100261",0.00441730812708613,0.00435480851162542,0.0326988598231314,0.0244072825191414,0.0163954421512376,0.0192360897308592,0.0107406438241917,33.742
"100262",0.00438932762236892,0.00434752179072413,0.0331508603734519,0.0248729267224624,0.0162624899855759,0.0198058850223504,0.0109360733836216,33.742
"100263",0.00441335639382889,0.00434959763101606,0.03178670322474,0.0242367924408284,0.0163742265613996,0.0191537552735841,0.0113728616066185,33.742
"100264",0.00440018301212682,0.00433303226295391,0.0339851602105884,0.0258985127931788,0.0160462947058949,0.0210062046259442,0.011521823743469,33.742
"100265",0.00441099803711919,0.00434495570575657,0.0306875905486594,0.0239956772609807,0.0163841740442084,0.0189847151007006,0.0119785507716045,33.789
"100266",0.00412894861141855,0.00430681213724466,0.0352156024386224,0.0285034339277817,0.0159561306858459,0.0249520582203397,0.0113754746194248,34.045
"100267",0.004274019318873,0.00431824863658242,0.0335353793589296,0.0272580425817409,0.0161648956989048,0.0234217277414505,0.011386960409163,34.04
"100268",0.00433107878649117,0.00432868174859579,0.0390376737740469,0.0305894688257888,0.0164249094443989,0.0263893541694041,0.0106581770050872,34.04
"100269",0.00444779910008206,0.0043447827936107,0.0419720277225907,0.0326273864515603,0.0169481155413599,0.0283066716906106,0.0108413266437267,34.04
"100270",0.00432321955202169,0.00432067794167923,0.0388813154664777,0.0304895493181126,0.0162271150019645,0.0265681123558257,0.010758387282459,34.04
"100271",0.00434210874963894,0.00432951960611529,0.0344730031062673,0.0272199250042214,0.0162618230901805,0.0231848632404319,0.0110563720397785,34.04
"100272",0.00429653847025237,0.00435418885814512,0.0359684789643818,0.0279676531253724,0.0168380684753566,0.0232446344998145,0.0105998916719567,34.04
"100273",0.00422248141745343,0.00438272247191159,0.0371364742639542,0.0285935916866266,0.0175590666562178,0.0229363139576507,0.0102924236386787,34.04
"100274",0.00438146089994887,0.0043684696569106,0.0314462621156401,0.0245158452282947,0.0170084038387921,0.0193444616569552,0.0107652430812493,34.04
"100275",0.00446093373504986,0.00434784622127965,0.0294024117105799,0.0229569141655896,0.0163871573681135,0.0182481625215642,0.0108181387893183,34.04
"100276",0.00446781524220195,0.00435064119479912,0.0293011485274376,0.022816163111907,0.016436486384507,0.0178302362621829,0.0109332891756205,34.04
"100277",0.00447827694957316,0.00437116763891759,0.0293011485274376,0.0226183952310828,0.0169161302146199,0.0168966498599329,0.0111097706399182,34.04
"100278",0.00452291899980393,0.00437765158893566,0.0280729842287795,0.021451150861702,0.0169729604159794,0.0160428946297313,0.011227629833878,34.04
"100279",0.00452702749397966,0.00436178670846081,0.027765741341072,0.0213049146717916,0.0165637432743529,0.0163715873718866,0.0111146539036392,34.04
"100280",0.00446206430693261,0.00436558974884726,0.0305553828419196,0.0232100671140834,0.0167137524350151,0.0178808787059083,0.0108271972240405,34.04
"100281",0.00442220583010752,0.00435928785361705,0.0323692831406909,0.0242544995073865,0.0165275564482321,0.0189729929002002,0.010596378113019,34.04
"100282",0.0044572189013526,0.00435066014473156,0.0308334825108015,0.0233731281860458,0.0163197632170328,0.0184175379699169,0.010992623872836,34.04
"100283",0.00437145763621833,0.00434274089616141,0.0327456289486168,0.0249772758158238,0.0162434750769695,0.0199604158822395,0.0110749450706547,34.04
"100284",0.00443479075966354,0.00432758201056854,0.0370651163226364,0.0279024463878477,0.0159547768856236,0.0229363139576507,0.0106483047192602,34.04
"100285",0.00441880041789778,0.00431110384223962,0.0364360667479492,0.0278597339122151,0.0156468186984044,0.0232620764760065,0.0110591065190245,34.042
"100286",0.00438078094235372,0.00429790015649488,0.0359288864356563,0.0279339233901581,0.0154433675646938,0.0235892130679733,0.0116787738220724,34.047
"100287",0.00439717239451253,0.00429098460226484,0.0399300844031938,0.0315405013887689,0.015647506006498,0.027926834978869,0.0106738263180552,34.34
"100288",0.00415151222174598,0.0043071697215562,0.0356831340481424,0.0286995674391212,0.0159385242695222,0.0251737644202707,0.0110426832773207,34.337
"100289",0.00434178269392282,0.00427224793642925,0.0372021590989964,0.0302943572427392,0.0153319504883679,0.027543298330499,0.0110738539276852,34.337
"100290",0.00449614207720537,0.00424864298980472,0.0418655269825803,0.0335897612019451,0.0149685857875921,0.0311466819441419,0.0108209708620752,34.337
"100291",0.00450327996914863,0.00427575545519519,0.0429549486009403,0.0339043471182913,0.015518911753976,0.0311031712955719,0.0107400706683149,34.337
"100292",0.00424344441269385,0.0043071697215562,0.036322549596147,0.029196200702394,0.0160466316538031,0.025677955772318,0.011491046022718,34.337
"100293",0.00433683157239875,0.0043229919951912,0.0331453372226865,0.0267808818934913,0.0162107420173193,0.0229189456230321,0.0114498013932222,34.337
"100294",0.00438308415957195,0.00435538978048116,0.0332447952049308,0.0263873193570728,0.0168886302800996,0.0214888148943779,0.0110891142033755,34.337
"100295",0.00439373495045056,0.00434988249630816,0.0301812572725736,0.0240752819833781,0.01662610260902,0.01915845724551,0.0110240225901287,34.337
"100296",0.00436466931397318,0.00435396330319974,0.0317376134930711,0.0247841572893569,0.0166568865241246,0.0198106344441128,0.0104692162058393,34.337
"100297",0.00443179242708875,0.00434652785695715,0.0301114271638683,0.0235716161889803,0.0164047172231566,0.0185827224146458,0.0106986732881568,34.337
"100298",0.00450084708067966,0.00435507111954593,0.0280335387427022,0.0219036532378527,0.0165163588879401,0.0166594184926725,0.0109154431427123,34.337
"100299",0.00449902472296544,0.00436390374098916,0.0281756185571919,0.0219671308543442,0.0167395209743619,0.0163424388051506,0.010857116467905,34.337
"100300",0.00453427908310056,0.00438597669804956,0.0259664467368681,0.0206558501299648,0.0173530612336978,0.0148963972726471,0.0114223445203183,34.337
"100301",0.0044266655665175,0.00437093292953327,0.0313538482929839,0.0239315725710799,0.0169213027634321,0.018287564182156,0.0105446288585308,34.337
"100302",0.00438814587004059,0.00436121420641288,0.0345931846336124,0.025764771151556,0.0166244639182028,0.0202251379550123,0.0100022731331266,34.337
"100303",0.0044205097440879,0.00435304103028357,0.0323446043854217,0.0242788490701605,0.0163755531654764,0.0191537552735841,0.010266589443069,34.337
"100304",0.00439704604472756,0.00435480851162542,0.0322432052927806,0.0245490894075916,0.0165186647532612,0.0192855412171075,0.010598135126974,34.337
"100305",0.00434630311184994,0.00433737716479501,0.0336296320463626,0.0255999293777891,0.0161317024866652,0.0206398010227893,0.0105156357965351,34.337
"100306",0.00434161948051041,0.00432041324212526,0.0335547779826032,0.0257759133469255,0.0157722055607869,0.0211925531681807,0.0107623873531243,34.337
"100307",0.00432534368860557,0.00430362238889259,0.0388465941734037,0.02951499298783,0.01553205058308,0.0249444236771727,0.0107618160610442,34.337
"100308",0.0043098225724232,0.00427921096286101,0.041204642592303,0.0309690382790463,0.014972498953388,0.0269084876283881,0.010661077817577,34.364
"100309",0.00454011508505958,0.00425033508359385,0.0450886673973734,0.0352997374204764,0.0149543493441969,0.0321771573125665,0.00999584193051662,34.634
"100310",0.00432935702014797,0.00427905349656425,0.0376829742855542,0.0302898195516019,0.015397832430144,0.0270648179246153,0.0108520452017729,34.634
"100311",0.00453407511293587,0.00420618408723222,0.0431875424896338,0.0347417528996727,0.0141913789511472,0.0328107464020215,0.0104996048676399,34.634
"100312",0.00475780466678289,0.00408163545552563,0.0644493584527325,0.0486317745412333,0.0125472171448834,0.0486049658963893,0.00679533665980134,34.634
"100313",0.00476135358788768,0.00409879028553279,0.0653742000879917,0.0490528681951165,0.0128077225312999,0.048931673871093,0.00707920524991519,34.634
"100314",0.00462670665397934,0.00419329658237134,0.0483715934218666,0.0386352270170769,0.0142165845482121,0.0373132146525074,0.0107720918559595,34.634
"100315",0.00426718616379716,0.00426203555070978,0.0357028889258871,0.0293363314587896,0.0150856350590001,0.0268590396950785,0.0117569813615308,34.634
"100316",0.00437734881649686,0.00430554761370734,0.0323637984959112,0.0263538071140894,0.0158046240471615,0.0228991009306141,0.0116022448730794,34.634
"100317",0.00441087944855162,0.00431904635378911,0.0315550862924748,0.0255576241373352,0.0160419138794319,0.0214498906635408,0.0112473462789145,34.634
"100318",0.0044240006297442,0.00434256706918568,0.0336102207413597,0.0264722382051067,0.0165232757288859,0.021720362769355,0.0104110228254233,34.634
"100319",0.00441994145026242,0.00435260742848221,0.0348871657884015,0.0270495896457632,0.0167209316039366,0.021664235547792,0.00998553812417364,34.634
"100320",0.00437131539871806,0.00436004833298451,0.0314489813762743,0.0246355476835434,0.0168221623627789,0.0191185015207723,0.0104584568108645,34.634
"100321",0.00444719678201642,0.00436783339471322,0.0291733836802885,0.0230889554646697,0.0169871447251329,0.0175547648178676,0.0108096353988345,34.634
"100322",0.00445951233677818,0.00435490231897875,0.0288493862151426,0.0228293544331401,0.0166339665673734,0.0173627021563001,0.010853172479605,34.634
"100323",0.00442809566262237,0.00435550219147468,0.0307605111687756,0.0237769158078179,0.016578529166478,0.0185524443045656,0.0105957923374279,34.634
"100324",0.00441684690575847,0.00436445426693566,0.035204358946315,0.0265057671454961,0.016817290792763,0.0207288131981918,0.00987826591561145,34.634
"100325",0.00440717090035891,0.00437165469600231,0.0319614245049673,0.0243364133702077,0.0169500525286824,0.0186503192238349,0.0103668798896326,34.634
"100326",0.00433932138848468,0.00436591883329386,0.033250323209752,0.025395155431648,0.0168766487753445,0.0196896309664512,0.0104037871565411,34.634
"100327",0.00434161948051041,0.00434472514040263,0.0334190567273442,0.0254374307158623,0.016309452337754,0.0203088254938328,0.0103040763028829,34.634
"100328",0.00434694120470326,0.00432878158156758,0.0337073101169852,0.0256734253681124,0.0159222586820095,0.0209240781353134,0.0103248756346945,34.634
"100329",0.00439918408770043,0.00430884836003893,0.0373851132697313,0.0284831527962279,0.0156093246250941,0.0238850556845663,0.010427874634611,34.634
"100330",0.00433056370616531,0.00428973667693042,0.0413194854403757,0.0311669835196725,0.0152602400072291,0.0268096190506652,0.0100789337707768,34.634
"100331",0.00424396195623794,0.00427584616397078,0.0401285502090451,0.0302535207434523,0.0148669187040234,0.0263298486023381,0.0103680933209718,34.648
"100332",0.00438132507875548,0.00427959313159462,0.0375425495771453,0.0307825978431037,0.0155834849947515,0.0277795370087238,0.011170295850601,34.883
"100333",0.0042893637460935,0.00426095559463571,0.0363934856453971,0.0296643467728977,0.0150342921014267,0.0268850615227475,0.0110525419381152,34.884
"100334",0.00473033006980253,0.00402128985117699,0.0619667316002879,0.0464729464402495,0.0112996208777744,0.0469597851233802,0.00539896421258575,34.885
"100335",0.00466421504764701,0.00419087578102211,0.0518030333457633,0.0408425906156868,0.0142709540528081,0.0395933815993901,0.00893026099212938,34.921
"100336",0.00468468150704688,0.00421311233353223,0.0533362972349202,0.0416879274997214,0.0149984479071054,0.0407647734549841,0.00984538625118342,34.929
"100337",0.0048046729510336,0.0039469670713379,0.0688619414980062,0.0529691266156512,0.0112796592565804,0.055572129356869,0.00835451969333474,34.929
"100338",0.00478289404128302,0.00400018637887451,0.0665974976607298,0.0508301485344258,0.0116599614430408,0.0521646626228763,0.0090734549046482,34.929
"100339",0.00458903766362261,0.00420446041572343,0.0467415268314004,0.0370259341191897,0.0142273233687913,0.0348994785890135,0.0107205539843638,34.929
"100340",0.00433142148762238,0.00426276175340057,0.0380188949201853,0.0304032844755893,0.0150016446621429,0.0271222070430142,0.010873431322201,34.929
"100341",0.00429308382707822,0.00430817771654988,0.0369367735019293,0.0289071351810132,0.0158001909057398,0.024411751991031,0.0102201947655996,34.929
"100342",0.00432143320084292,0.00433326934580631,0.0365326379407934,0.0285282241558966,0.0163738948972466,0.0234467028189584,0.00995257991293559,34.929
"100343",0.00432831728614381,0.00435765095517251,0.0319095248192982,0.0253528879686775,0.0168853926912547,0.019737056806964,0.0104302784580943,34.929
"100344",0.00436960121980947,0.00435746454082991,0.031478897792968,0.0246643746113547,0.0167580942141446,0.0190832672545859,0.0103443900253925,34.929
"100345",0.00439244792032585,0.00434671918077717,0.0308442973907609,0.0242611400278775,0.0164791007304723,0.0189729929002002,0.0104452821832643,34.929
"100346",0.00437259218541315,0.00434493649681159,0.0319559602156434,0.0247641890319928,0.0163798640483947,0.0196635613456869,0.0102468357517065,34.929
"100347",0.00442220583010752,0.00434769357927972,0.0346071671866886,0.0263761480834489,0.0164493788962146,0.0210303778319432,0.00982491173295575,34.929
"100348",0.00440055643158717,0.00435137961009961,0.0342274329894547,0.0261751552563717,0.0165525648620218,0.0207456662583278,0.010006128660385,34.929
"100349",0.00436141707310556,0.00435660597040307,0.0325037420143276,0.0250061468970036,0.0166526318262754,0.0195854146789536,0.0103395169872708,34.929
"100350",0.00436598580101394,0.00435570820036458,0.034082565596501,0.0259052018942057,0.0166110218852703,0.0204189722999674,0.0101301534673766,34.929
"100351",0.00434694120470326,0.00434179363257957,0.0336740130809333,0.0258160296821157,0.016299802059176,0.020683089892522,0.0102684382155212,34.929
"100352",0.00441719291286907,0.00432906098722016,0.0365184315947725,0.0280013873829136,0.0161179401524708,0.0229115032591805,0.0102449806969207,34.929
"100353",0.00433532371362457,0.00431110384223962,0.0413518939530331,0.0311988498571157,0.0157763034019457,0.0262884771964757,0.00969451442640457,34.929
"100354",0.00439830625668237,0.00427160699288288,0.0435311401800317,0.032428428260425,0.0148278915100682,0.0284680380404783,0.00945944284823972,34.929
"100355",0.00430092753226645,0.00424094103380756,0.0390840374817855,0.0294697508263708,0.01401319980527,0.026430773100611,0.0102406501307914,34.922
"100356",0.00428020388060666,0.00423913529855958,0.0382289286730485,0.0290267875815753,0.0139944594353132,0.0260380813530223,0.0106022330029877,34.908
"100357",0.00479090031753031,0.0039796791051518,0.0679194183295328,0.0517057504969091,0.0114350750189486,0.0533977045926866,0.00433964252856265,35.222
"100358",0.00473823383749343,0.00412138528536585,0.0574093576523593,0.0456718643762142,0.0136498825059001,0.0464315330213384,0.00900231646051246,35.223
"100359",0.00480058565011866,0.00407051282687997,0.0662825907333414,0.0518960038312159,0.0132283615475157,0.0536120525242483,0.00826965010805335,35.223
"100360",0.00487517824466653,0.00387165452347845,0.0868928679572551,0.0632931407410421,0.0107408773500506,0.0668273287093619,0.00437882125404929,35.223
"100361",0.0047362404350847,0.00404138740424218,0.0639867148967316,0.0472445765686123,0.0114968679228632,0.0475423100870113,0.00447672418313421,35.223
"100362",0.00451185514436705,0.00425451120059535,0.0459919335695142,0.0348753945884053,0.0147571515296621,0.0310515261027219,0.00856001253504505,35.223
"100363",0.00435291063679806,0.00431243468507912,0.0400818264200075,0.0310645805472013,0.0159879191749366,0.0260922297805583,0.00929831203660521,35.223
"100364",0.00444497408299622,0.0043210238342722,0.0335132135315052,0.0263225332937094,0.015959176407955,0.0215642907886184,0.00978775032412842,35.223
"100365",0.00437872819035621,0.00435884205721103,0.0328171960961199,0.0253261967632697,0.016747994976526,0.0197845168517836,0.0097093673587162,35.223
"100366",0.00442265591031703,0.0043440711835283,0.0339100747918692,0.0260814172020481,0.0163941168059751,0.0208372259327996,0.00953143299062089,35.223
"100367",0.00446093373504986,0.00433927007132853,0.0352043589463151,0.0269510288582989,0.0162974720120916,0.0217325701015659,0.00944888501509351,35.223
"100368",0.00443265327919308,0.00433326934580631,0.0343529443057034,0.0263225332937094,0.0161122311229007,0.0213453867538443,0.00948120244215397,35.223
"100369",0.0044443639782919,0.00433545602394205,0.036805713632142,0.0279699019352274,0.0162174264296011,0.0227479548498927,0.00920649148200555,35.223
"100370",0.00444025281211588,0.00433761180255253,0.0351453478876614,0.0266936162163362,0.0161896720139293,0.0215862180061054,0.00955085241739103,35.223
"100371",0.00437721039530513,0.0043479225214917,0.0339795966579977,0.0259029721725284,0.0164278869812335,0.0206181667917793,0.00988482073319211,35.223
"100372",0.00436685902772512,0.00433759225442135,0.0336851110208015,0.0258829056376552,0.0162114105555426,0.0208420482118866,0.0100502963433941,35.223
"100373",0.00441696230227087,0.00433136891374471,0.034836717233084,0.026787595948589,0.0161159253814633,0.021781419995272,0.0100878165160254,35.223
"100374",0.00438932762236892,0.00431512494841886,0.0371707403663011,0.0282984431967708,0.0157455492685634,0.0235616909261098,0.00983878906386816,35.223
"100375",0.00437914029760031,0.00428636828681908,0.0377173874340546,0.0285282241558966,0.0150215236253457,0.0245129471511314,0.00978242297446051,35.223
"100376",0.00445635268437641,0.00424740577317339,0.0353477922878797,0.0267965483130293,0.0140135744127319,0.0238599414168871,0.0101884516226846,35.224
"100377",0.00440253727094759,0.00424626228206544,0.036342407599155,0.0275272760171073,0.0140319205954621,0.0245407978224949,0.0102591889861644,35.222
"100378",0.00473067679898996,0.00408991100976319,0.0565838603795055,0.04525411341637,0.0129919693047467,0.0457401666222804,0.00704655939365078,35.484
"100379",0.00473652222268739,0.00413684221147838,0.0567519123572079,0.0455626383028171,0.0138838664147748,0.0457676393833047,0.0066079110674991,35.516
"100380",0.00458983626390153,0.00427794955037923,0.0440705444428207,0.0361107877207501,0.0161558482944225,0.031541827533639,0.00881408845449487,35.516
"100381",0.00454359750296397,0.0042463353661229,0.0436987460492949,0.0350575153629382,0.0150389008562179,0.0321908915381462,0.0073784765754822,35.516
"100382",0.0045834221429987,0.00422028827286246,0.0500833699530183,0.0376250396075904,0.0141449535552807,0.0344893033575463,0.00647545503813189,35.516
"100383",0.00453161290950432,0.00426474641303825,0.0463815224216695,0.0353897527573868,0.0150757312122438,0.0312473701554899,0.00754842722414604,35.516
"100384",0.00425503723997306,0.00429565818947352,0.0391391153370698,0.0300652984609889,0.0154548216975108,0.025588159753934,0.00841260247778275,35.516
"100385",0.00441719291286907,0.00432874165123757,0.0359006138875129,0.0276328057622148,0.0161102157935437,0.022579818510769,0.00867118077045831,35.516
"100386",0.00437131539871806,0.00433776815479617,0.0378838474097617,0.0287920499143578,0.0163287395109853,0.0234067465275344,0.00815753473091479,35.516
"100387",0.00435659738089435,0.00433376283777927,0.0383153422132216,0.0291171276090452,0.0162478133424168,0.0237996995189201,0.00828621394795676,35.516
"100388",0.00442633421567697,0.00432448726870618,0.0367288508386295,0.0280508724655056,0.0159811598083872,0.0230878334608292,0.00862405291288089,35.516
"100389",0.00438213873392203,0.00433478744246239,0.0381166766468194,0.028959053059718,0.0162621565405518,0.0236342700796075,0.00849435491849749,35.516
"100390",0.0043631970867521,0.0043449749138229,0.0387222509353983,0.0292956406547007,0.0165130643578186,0.0236693322448921,0.00853268486008921,35.516
"100391",0.0044260023633266,0.00435223001980653,0.0367231591729298,0.0279609068164076,0.0166562320105489,0.0222791020013673,0.00905839434507032,35.516
"100392",0.00442831485210136,0.0043378072337476,0.036871226492527,0.0279878931374893,0.0162711576802872,0.0227083597093705,0.00907119838718777,35.516
"100393",0.00444608823653296,0.00432138976149686,0.0361638002139518,0.0274240351110567,0.0158185991278275,0.0226514779573518,0.00925258518932818,35.516
"100394",0.00444446577989131,0.00429706083661209,0.0368512841797138,0.0276934495094699,0.0151791174116638,0.0235391799792368,0.0090989658597434,35.516
"100395",0.00441545737875316,0.00429518237201372,0.0371821644594158,0.0279406689752111,0.0151488291987687,0.0238022086859095,0.00928166014396732,35.516
"100396",0.00446262743153733,0.00427128614757855,0.0346183544219888,0.0262510657890124,0.0145320370895119,0.0228395978010992,0.0097214925975925,35.519
"100397",0.00437188378900102,0.00427731739809542,0.0370565560744361,0.0279451661324868,0.0147477954747239,0.0242223499263082,0.00953143299062091,35.538
"100398",0.00432017382595567,0.00426266812172972,0.0376944443116242,0.0283795187653847,0.0144235796730075,0.024959693464186,0.00962790167743722,35.521
"100399",0.00434550282701372,0.0042555605439447,0.0364332275535994,0.0276912031813019,0.0142801844539238,0.0244673937918159,0.00993311034321834,35.558
"100400",0.00443669686941707,0.00429955231246193,0.0391565130681148,0.031880283013645,0.0160819804492175,0.0283410381672142,0.00651154394767493,35.8
"100401",0.0046302069287433,0.00425011791880178,0.0484271363009991,0.0387284809738496,0.0154027038039026,0.036093187965621,0.00567386687551152,35.808
"100402",0.00468792931370006,0.0042036499210706,0.0575359188576165,0.0432072459754776,0.0142476727058139,0.0402497442812164,0.00557312505240806,35.808
"100403",0.0045132777532064,0.00425805389528324,0.0458612724963688,0.0348730899383971,0.0148590481136464,0.0309483129846877,0.0066774957666975,35.808
"100404",0.00438050836164143,0.00428665555668238,0.0409282274925767,0.0315860861212784,0.0153839075731212,0.0271587463681701,0.00795536451014346,35.808
"100405",0.0042893637460935,0.00430520975748255,0.0397231709755386,0.0304327930744919,0.0156904160202877,0.0256856569627744,0.00764750746592542,35.808
"100406",0.00435229000539801,0.00433053475425909,0.0374881405587527,0.0287243765635539,0.0161963632262368,0.0235066755634713,0.00780819283052228,35.808
"100407",0.00445470716374809,0.00432989808643577,0.0349881270845453,0.0268950462456209,0.0160839985449438,0.0219159266602042,0.00829404139859998,35.808
"100408",0.0043799621707863,0.00432794224320994,0.0380706525429436,0.0288326624158123,0.0160624619691796,0.0237194480852017,0.00771535926139262,35.808
"100409",0.00429308382707822,0.00433464966079274,0.0392812631192695,0.0299043928874223,0.0163333923666562,0.0244623338764359,0.00780819283052228,35.808
"100410",0.00430210901723094,0.0043389779117834,0.0393131946061268,0.0298432286642649,0.016418291184022,0.0243031073513092,0.00801265510333856,35.808
"100411",0.00428768924012218,0.00435477098282909,0.0411869827824737,0.0307212363407146,0.0167567913542033,0.0247131759534203,0.00760572718638144,35.808
"100412",0.00439270593604759,0.00433798304396506,0.0380418957591391,0.0286725056583205,0.0162718242764645,0.0233293894110556,0.00823811861927473,35.808
"100413",0.0043930923868845,0.00432191775768099,0.0381655951172961,0.0286071180787079,0.0158288186822235,0.023724461417523,0.00800713966927534,35.808
"100414",0.00443616905096224,0.00431160340651013,0.0371735962930776,0.0277541080217719,0.0154943395468051,0.0232546008628702,0.00819488589236723,35.808
"100415",0.00442118975552812,0.00429366476840934,0.0374738262421963,0.0279226811507819,0.0150530747175422,0.0238599414168871,0.00831658747597258,35.808
"100416",0.00434243431182255,0.00428035641137663,0.0391304173217488,0.0290425948332025,0.0147787247418724,0.0251992855562107,0.00827139618647407,35.808
"100417",0.00427379506673976,0.0042737548072339,0.04186848426498,0.030859887225537,0.0146904782752886,0.0270335301409985,0.00806384033355704,35.804
"100418",0.00428557736916252,0.00426993126699316,0.041759105622619,0.0309212794223671,0.0146398651208622,0.0271613568844931,0.00834936344923982,35.807
"100419",0.00428280014610515,0.00426264471048664,0.0376055783896332,0.028431330532108,0.0144561471416575,0.0251508020307696,0.00933722022043154,35.804
"100420",0.00474186795530187,0.00420413641184407,0.0616418575273364,0.0469562409018662,0.0147139309346045,0.0448575883869677,0.00803922725733206,36.064
"100421",0.00475589328870033,0.00414767445485243,0.0669976861880786,0.0490265380305614,0.0133824542385742,0.0474497020721099,0.00925258518932818,36.099
"100422",0.00454150136576201,0.0042296301358242,0.0467262558564634,0.0357315806049947,0.0143487127312837,0.0323916112465601,0.00559776632781446,36.099
"100423",0.00449075830830965,0.00426008487448119,0.0449406475970009,0.0342031596651153,0.014861194961584,0.0302745539174246,0.00619518553203728,36.099
"100424",0.00431744994411464,0.00431228933097222,0.0400351185958795,0.0307257811703545,0.0158930836236831,0.0257549988340163,0.00715702293586106,36.099
"100425",0.00425528230401159,0.00433152761297148,0.039493314265705,0.0299859668172103,0.0162424738101025,0.0246320117547656,0.00699655751383365,36.099
"100426",0.00434437740584788,0.00433525949305379,0.0383643352721688,0.0291261633272225,0.0162798217654736,0.0237721039192315,0.00725080030957155,36.099
"100427",0.00440596103166283,0.00432661987051866,0.0368114090463425,0.0281251182831947,0.0160419138794319,0.0230977796148485,0.00772121413300545,36.099
"100428",0.00442039620326004,0.00431450565734012,0.0368512841797138,0.0281071172942186,0.0157304968053737,0.0234017534284907,0.00771926330371201,36.099
"100429",0.00429993793160795,0.00434532050886576,0.0410193253649176,0.0307848707526368,0.0165614423189016,0.0250106129897509,0.00698167360913804,36.099
"100430",0.00435476188505629,0.00433396007187712,0.0382980549288639,0.0290019495480156,0.0162227724084338,0.0237069161447898,0.00746886289174832,36.099
"100431",0.00435119958250456,0.0043205150695043,0.0388437011429087,0.0290764707352563,0.0158138282350307,0.0241820014599173,0.00700797206799759,36.099
"100432",0.00436408162573823,0.00431697732354913,0.0390173947267631,0.02894325087006,0.0156560953664843,0.0241946081883081,0.00700911187757615,36.099
"100433",0.00433073553705778,0.00431081215290707,0.0388437011429087,0.0289748562079163,0.0155441444509514,0.0243586748225391,0.00751187383833604,36.099
"100434",0.00429102515830472,0.00429468434265744,0.0393712713411144,0.0293612011506163,0.015175949930047,0.0251150952537068,0.00770558521080303,36.099
"100435",0.00429714233317108,0.00428503983817401,0.0388957853560854,0.0290267875815753,0.0149283404732009,0.0250488230526375,0.00815038892992142,36.115
"100436",0.00434915975706911,0.00427516536230539,0.0373650898427097,0.0279811462859472,0.014650722306822,0.0243814179374646,0.00858720042856007,36.141
"100437",0.00470985508076274,0.00416171674240266,0.0576105958122193,0.0443228447905815,0.0137665035370341,0.0427157437016595,0.00787855711523814,36.365
"100438",0.00470407125139644,0.00418397976853228,0.0580462343575676,0.0441122469000105,0.0140509956997746,0.0418749916955111,0.0069805265754388,36.388
"100439",0.0046417152162846,0.00422070342786338,0.054728983506223,0.0406198379247208,0.0142776004120442,0.0374195024537265,0.00663040593274074,36.388
"100440",0.00446402899917498,0.00428718537830347,0.0438875281995998,0.0334520892234611,0.0154392007779431,0.0289005766538698,0.00550149565319737,36.388
"100441",0.00443457794526629,0.00430880647644888,0.0425651401904266,0.032657127441045,0.0159415726220752,0.0276587171904789,0.00650126573519916,36.388
"100442",0.0043216125081778,0.00432866177914234,0.0402015880721374,0.0307848707526368,0.0162821537877135,0.0253781504629792,0.00693902950243887,36.388
"100443",0.00440388873507874,0.00432155229296284,0.0358864800609355,0.0277293935138108,0.015963574981979,0.0228371195119302,0.00780436019137934,36.388
"100444",0.00432516747948526,0.00433115060402521,0.0385604909340954,0.0293137246814397,0.0161983701683918,0.0240434576175519,0.00703184567152143,36.388
"100445",0.00427602697164451,0.0043276020316345,0.0404970570638303,0.0303647011112162,0.0160833258683727,0.0251303962950513,0.00599538929861137,36.388
"100446",0.0042868470105365,0.00433415721314609,0.0401782117190968,0.0300358297023252,0.0162060616458692,0.0246725838438587,0.0059526397861161,36.388
"100447",0.00435104335652486,0.00431210237260041,0.0390985294491923,0.0291939411404644,0.0155972702971829,0.0245180102040125,0.00620490534880352,36.388
"100448",0.00426602552558952,0.00431185296423393,0.0405790814897519,0.030065298460989,0.0155914127083661,0.0253346769658655,0.00605932850446578,36.388
"100449",0.00426971735662757,0.00431210237260041,0.0414491641764714,0.0306985133137097,0.0156351308459956,0.025896424077738,0.00637450136768682,36.388
"100450",0.00438118917250861,0.00430939246373802,0.0433846400779951,0.0321542257991643,0.0156674276819034,0.0274018459511617,0.00653585057107403,36.388
"100451",0.00435166758218517,0.00429832991996847,0.0422801416652442,0.0315883655499609,0.0154225248283117,0.0273887595627194,0.00735639024673339,36.39
"100452",0.00414948645072011,0.00429192354085107,0.0390956309296895,0.0294335626545564,0.0151815806511438,0.0258166831009571,0.00810820206328166,36.39
"100453",0.00438509631537091,0.00429013116451336,0.0355393024769267,0.0268771345435868,0.0150030652711651,0.0235942181289949,0.00854015183267389,36.379
"100454",0.00460159160719427,0.00425151541553744,0.050292324258013,0.0381995973431541,0.0149586213897945,0.0342287870305902,0.00665277855994181,36.688
"100455",0.0045743883815998,0.00422503724249997,0.0497346435321505,0.0372835577559698,0.0142002790394327,0.0340694088968962,0.00768499445436573,36.708
"100456",0.00441347364634936,0.00425479765079663,0.0423899183498005,0.0323689957773727,0.0146315370119226,0.0286960048214252,0.00696213260093373,36.708
"100457",0.00445567660221418,0.00425011791880178,0.04304138280171,0.0331471410599786,0.0146521694562039,0.0295008410507219,0.00708256859215381,36.713
"100458",0.00467724869789662,0.00423504931274558,0.0563449616295272,0.0424291649303854,0.0148604793725555,0.0393014097457101,0.00929107798856286,36.697
"100459",0.00464107897092674,0.00422922396265552,0.0513252129956518,0.039816717154291,0.0147941704060408,0.037221363231548,0.0077957256524606,36.677
"100460",0.00463761247697323,0.00425546525965735,0.0535968219650325,0.0401841050758235,0.0150845741758094,0.0363493234081146,0.00895719927995718,36.677
"100461",0.00467465596665805,0.00417944064973581,0.0593392475624232,0.0430255533305307,0.013389443113634,0.0408532611540218,0.00981431730274729,36.677
"100462",0.00465231104389691,0.00421181561431409,0.0561256945675033,0.0413519105788895,0.0140793838300757,0.0383830544479273,0.00654604151545223,36.677
"100463",0.00447081634266135,0.00432175536839411,0.0437197100574636,0.0334979728983188,0.0163027974512959,0.0283859978096205,0.00589586357896225,36.677
"100464",0.00432107413494832,0.00432844205221877,0.0398717670463594,0.0307007855323028,0.0163087869446789,0.0252861154045743,0.00655747587216908,36.686
"100465",0.00429143848995889,0.00433768998596335,0.0403039064742507,0.0305576723140457,0.0164239168383088,0.0249673294086261,0.00603185225509553,36.68
"100466",0.00435135569532935,0.00434026189419897,0.0424789877167577,0.0315929244621758,0.0164209387385014,0.0259144403097084,0.00534650185021391,36.677
"100467",0.00431506085486062,0.00432975868614146,0.0399038384999041,0.0297232060931386,0.0160506745971961,0.0245306692081908,0.00510894298420952,36.677
"100468",0.00439501441442511,0.00431539302255156,0.0370337315805406,0.0279451661324869,0.0156708604514615,0.0231151884756602,0.00641676692436354,36.677
"100469",0.0042683404638067,0.00431172820405342,0.0412370246747275,0.0306394421951965,0.0156451003248618,0.0258398261080268,0.00514477272011801,36.677
"100470",0.00426392017476516,0.00431467089157363,0.0411104825977219,0.0305758412992436,0.0157202273006225,0.0258578305239689,0.0059836454248876,36.677
"100471",0.00432179166544841,0.00430531536702413,0.0417177409936734,0.0311692595665756,0.0155634793486832,0.0268304244156897,0.00672527508643331,36.682
"100472",0.00469600632894455,0.00415104654626014,0.0609704999340154,0.0443891233394378,0.0129907769149831,0.0427725700885889,0.00948190302631411,36.936
"100473",0.00458116959909495,0.00422851218693183,0.0493586985636342,0.0373880562447544,0.0143737022595925,0.0340275043806427,0.0083209119897589,36.965
"100474",0.00458700189517293,0.00424374513406296,0.0493586985636341,0.0375437030342917,0.0147506747551624,0.033793125231587,0.00873631498231178,36.965
"100475",0.00467494956053231,0.00423069442430402,0.0572926044880095,0.0425445986526856,0.0146449325910068,0.0390391900255392,0.0103175424035951,36.965
"100476",0.00463967300157406,0.00424501785745048,0.053660421018374,0.0402824506698412,0.0148758586031331,0.0366288433478484,0.0104452821832643,36.965
"100477",0.0045541065108305,0.00429699620323455,0.0485166613495076,0.0364024309958011,0.0157558058624532,0.0316620288636671,0.00970734411345896,36.965
"100478",0.00454242082944229,0.00428912228251235,0.0477372694463685,0.0359396269854935,0.0155665849909614,0.0312065388633512,0.00857897632227391,36.964
"100479",0.00458532752071494,0.00427002326398651,0.0494145712840666,0.0374856174691864,0.015305046147813,0.0331594097786125,0.00772803579267257,36.965
"100480",0.00452856640284005,0.00430487162670189,0.0470074758272379,0.0354313068867398,0.0159097117504373,0.0303096199001137,0.00587926305651635,36.965
"100481",0.00451342697620422,0.00435482727476879,0.0463937125900133,0.0349076614656547,0.0170864976063207,0.0287490984503319,0.00682160971865057,36.965
"100482",0.00449468664251895,0.00435206007536469,0.046226180150216,0.0344930551941479,0.0169280898577633,0.0282617497898642,0.00683349832176499,36.965
"100483",0.00446698964872788,0.00434385939098056,0.0456002776623229,0.0338515106737708,0.016641500133396,0.0278531567893416,0.0066465761026993,36.965
"100484",0.00424188409152227,0.00433136891374471,0.0390579559106554,0.0296983024903717,0.0162297869155256,0.024373836191843,0.00550317854891703,36.965
"100485",0.00429573064514729,0.0043214913510748,0.0407256746416265,0.0307053300255682,0.0159929872335339,0.02557277562709,0.00507653821918617,36.965
"100486",0.00436743922654427,0.00431845332484729,0.0427405737861572,0.0318414955516149,0.0159066586238873,0.0267316420635968,0.00559612900811076,36.965
"100487",0.00425132666121375,0.00431978135749711,0.0404472802692801,0.0303329306669529,0.0158890093550754,0.0253116706376014,0.00610373223420238,36.965
"100488",0.00426649054602054,0.00431328502842494,0.0401489968849994,0.0303647011112163,0.0157913217032937,0.025472846480318,0.00705784406320514,36.965
"100489",0.00424188409152227,0.00430081381993458,0.0374308929119223,0.0286319183105283,0.0154513514494327,0.0242021731712032,0.00804288129642335,36.958
"100490",0.00460628727841381,0.00429187991638814,0.0507579266888691,0.0384185083316298,0.0158543450228351,0.0334119084972386,0.00810730062521059,37.187
"100491",0.0045274482447005,0.00427377759638042,0.0453033980590856,0.0350367621075761,0.0153595153236477,0.0306826080982268,0.00739000323303244,37.249
"100492",0.00453838681262052,0.00427036807018017,0.0455669261227566,0.0353528203058844,0.0153316013180243,0.0313100092268187,0.00818779252880456,37.251
"100493",0.00462296830881827,0.00422708490542418,0.0533585226155692,0.0396249824901016,0.0143409884959519,0.0363094444487582,0.0105581936788225,37.251
"100494",0.00453985006006424,0.00427066666937703,0.0481372852461371,0.0359858777272756,0.0150870494791668,0.0317632133220854,0.010461447319433,37.251
"100495",0.0045828747996555,0.0043093715498117,0.0511118720942081,0.0377668443429506,0.0160206704520186,0.0324631907687984,0.01031203696693,37.254
"100496",0.00452533655108388,0.00429920954765237,0.046900431663522,0.0353389717419369,0.0157663988600637,0.0303797883758708,0.00802183393056585,37.251
"100497",0.00452730808215458,0.00430510412112888,0.0482728966897896,0.0356969192742217,0.0157834726216817,0.0306501200617977,0.00668857058758302,37.247
"100498",0.00448993110221637,0.00433518085487997,0.0461744333636981,0.0344078989490432,0.0164886688384293,0.0285899059266919,0.00509944657659467,37.251
"100499",0.0044248925467487,0.00435164436631719,0.0431099702767864,0.0326045108175866,0.0168918673836268,0.0265084860824067,0.00624216838557654,37.244
"100500",0.00442578084904061,0.00433443305514446,0.0434832874910151,0.032723483572418,0.0164318563739348,0.0270361370416863,0.00612503234233065,37.251
"100501",0.00428020388060666,0.00433772907220165,0.0396998765540084,0.0303283923338993,0.0164612726660818,0.0247385561826897,0.00540243259751821,37.251
"100502",0.00438078094235372,0.00433326934580631,0.0423157357684872,0.0318757195104226,0.016353653438176,0.0263039891869908,0.00562548358717374,37.251
"100503",0.00438105318109902,0.00433368391812752,0.042716773783417,0.0319738508202624,0.0163257478418719,0.0264100611996756,0.00567866876728687,37.251
"100504",0.00422276755446313,0.00432888139072237,0.0400497130754739,0.0300630315193685,0.0161041686221058,0.0248223663490031,0.00615746270622637,37.253
"100505",0.00421370992931253,0.00431783895863415,0.0387106900665538,0.0293250278279657,0.0158451592452252,0.0244193372717526,0.00707920524991522,37.252
"100506",0.00422475962965693,0.00430807283086487,0.0396503892141704,0.0299995648725053,0.0156426943538963,0.025278450344605,0.00721830993115714,37.274
"100507",0.00436408162573823,0.0043315871096745,0.0369823915490418,0.0274778945517728,0.0159439432478157,0.0231450413874241,0.00554332196065881,37.272
"100508",0.00452213123303414,0.00427300205911701,0.0452670845505728,0.0349099663695045,0.0153102901527362,0.0305391972020189,0.00627090498103955,37.551
"100509",0.00454657690636066,0.00426628087870101,0.0464973669327494,0.0357731791356031,0.0152054930188535,0.0315199874841851,0.00728412920073548,37.537
"100510",0.00463631520058329,0.0042067212390566,0.0547865734321961,0.040441733447872,0.0139196773882022,0.0376064436556338,0.010090985874289,37.537
"100511",0.00452828738545018,0.00428149869703841,0.0467048789498481,0.0353759025857703,0.0153971364212158,0.0308479151026881,0.0098808886829941,37.537
"100512",0.00454463829532385,0.00430158167670755,0.0474455700407873,0.0359141918967712,0.0158995328789898,0.0308207973414299,0.00991423116134544,37.537
"100513",0.00465150057748971,0.00425734304971806,0.0568748119367476,0.0414505694974398,0.0149632483627084,0.0374367468558489,0.010979360052075,37.537
"100514",0.00447422251754451,0.00428477363636371,0.0462474925894271,0.034182463261534,0.0151942438061286,0.0297902790520451,0.00846247965843667,37.537
"100515",0.00460889284078357,0.00426887182477244,0.0541221747020336,0.0392885273804045,0.0150303915226565,0.0350938338747031,0.00901980623789038,37.537
"100516",0.00447216714820027,0.00431683354455438,0.0454154184381703,0.0339250247412525,0.0160247185170577,0.0286482457320477,0.0050937350349536,37.545
"100517",0.00432952982007852,0.00433273572051613,0.0402746648639995,0.0308689815098685,0.0163947794890801,0.0253397903345249,0.00504766656272532,37.537
"100518",0.00429512275736088,0.00433831492891989,0.0396940535746915,0.0304373331413177,0.0165081215985688,0.0248020409269778,0.00541799613846428,37.537
"100519",0.00442198044274602,0.004343763086309,0.0434533873985583,0.0326525517081657,0.0166503404829569,0.0266667133064877,0.00597775954347399,37.537
"100520",0.00443049478593506,0.00436027065292038,0.0438335660967353,0.032847083111238,0.0170621032639687,0.0264230055670763,0.00597481309971859,37.537
"100521",0.00435826631336101,0.00435668069823365,0.0422712445118343,0.031597483447517,0.0168747052017463,0.0254242055824893,0.0051428969538857,37.538
"100522",0.00420235794564453,0.00432740177783419,0.0396125581691214,0.0298545543218783,0.0160819804492175,0.0246599029147615,0.00604055071677647,37.537
"100523",0.00427779571511079,0.00431753143602425,0.0408283820171924,0.0306008256134421,0.0158472008889908,0.0256112411464189,0.00577958996249125,37.533
"100524",0.00445836859618209,0.00424594543399739,0.0425473113419036,0.0330761076032728,0.0146279149384882,0.0294660584886728,0.00373320804476133,37.821
"100525",0.00461200005421494,0.00423639920563791,0.0506140494423441,0.0386212410797995,0.0147045533813529,0.0349670437051006,0.0072019760618211,37.821
"100526",0.00469644135709287,0.00423587477608139,0.0596244353016421,0.0440507449844135,0.0148243070103916,0.0404113988888908,0.00994998751408374,37.821
"100527",0.00465830038991092,0.00423644911629363,0.0555047309570843,0.0414341245299131,0.0147301502795889,0.0377907815697436,0.0102239188264385,37.821
"100528",0.00464226520836826,0.00427450618602258,0.0534887543470092,0.0403152384694578,0.0155648596939695,0.0356930034703733,0.0102121184613306,37.821
"100529",0.00461916792130443,0.00429231595470371,0.0514571124598061,0.0390060589349334,0.0159198855313677,0.0339437417722497,0.00999262382891217,37.821
"100530",0.00453154412801572,0.00430759001610293,0.0467079326180402,0.0354289981818158,0.0160230319204921,0.030199068553608,0.00873151702504432,37.822
"100531",0.00454110615660782,0.00432069829623511,0.0474885243762033,0.0358194060320182,0.0163217582826581,0.0302260211234313,0.00782253831712352,37.822
"100532",0.00467553563397772,0.0042568209813699,0.0579356081233925,0.0426930645990813,0.0151481242582812,0.0385772244981363,0.00899240668143562,37.823
"100533",0.00455860411484169,0.00427844556428791,0.0491167977777158,0.0366734754086243,0.0153046964975229,0.0322128699550149,0.00557147605404961,37.821
"100534",0.00436845084540351,0.00434587670338631,0.0404970570638302,0.031292193506532,0.0168059195017688,0.0253116706376014,0.00581517375232908,37.821
"100535",0.00439880830737229,0.00436047434321228,0.0417325126955532,0.0319236399146972,0.0171502436315289,0.0254984581500119,0.00471075409952895,37.821
"100536",0.00444097783386623,0.00435001536741565,0.0440195174732232,0.0330554881609011,0.0168293053370496,0.0266537332393541,0.00596595969778891,37.821
"100537",0.00434725954341333,0.0043405725716443,0.0421408160339422,0.0314698595266216,0.0164503703005577,0.0257524296168436,0.00522806795853665,37.821
"100538",0.00423899305413684,0.00432971884895512,0.0402863607613335,0.0302104221960401,0.0161273398141622,0.0249367898347709,0.00457809210619701,37.82
"100539",0.00433125020548234,0.00432394231567977,0.0423038700915805,0.0313741793139235,0.0159791315623946,0.0261825520902177,0.00494145759099161,37.825
"100540",0.00447652325497732,0.00431541363650343,0.0479248472838699,0.0345851422932316,0.0157653739745495,0.0294740841413463,0.00597186431411181,37.825
"100541",0.00419627886807229,0.00431378198669618,0.0414314736975919,0.0302058859042151,0.0155317049357888,0.0254830902218205,0.00579819929321905,37.829
"100542",0.00448079543250317,0.00428154342835918,0.0444312272408168,0.0338790763715945,0.0153413757380985,0.0294339624344526,0.00449076478860599,38.115
"100543",0.00450100484476725,0.00427688788642751,0.0448138871425173,0.0343595774417115,0.0153123873614246,0.0299648858243088,0.00446025332231981,38.105
"100544",0.00454964438995164,0.00428078233746877,0.0467904037819048,0.0359049432699462,0.015523061797466,0.0312854938052843,0.00538331188802946,38.105
"100545",0.00460514723968242,0.00427785930206733,0.0504390562735304,0.0383230087829477,0.0155583022009038,0.0336733336276974,0.00734372139598687,38.105
"100546",0.00467284953490356,0.00423990308989752,0.056119249332283,0.0421819245635341,0.014926914305516,0.0383830544479273,0.00913404246722372,38.105
"100547",0.00479927223861307,0.00411721607100644,0.0735403879869322,0.0534739708842947,0.013152558099833,0.0526670311688874,0.0114353091043957,38.105
"100548",0.00476327165611445,0.00420275650544182,0.0662961261077231,0.0493090707569855,0.0146395031062173,0.0463702247917259,0.011165990126344,38.105
"100549",0.00464835338680934,0.00430855508640617,0.0514256988229417,0.0400483384757182,0.0165939612065319,0.0349811247033938,0.008746696024686,38.105
"100550",0.00460864829971759,0.00429938096540028,0.0511526377062685,0.0385792866463281,0.0160102092461771,0.0333785790916616,0.00983944910318895,38.105
"100551",0.00452191590588572,0.00431172820405342,0.0455851169846321,0.0349468471310638,0.0161675756508884,0.0295891904941397,0.00761570837239649,38.102
"100552",0.00446799828989879,0.00428625774534655,0.0440405264790966,0.0335576321202592,0.0154225248283117,0.0290229961506003,0.00601147688691433,38.106
"100553",0.00432604707951648,0.00432400290111936,0.0398630215986664,0.0307462338283476,0.0162144187107686,0.025439562853437,0.00495344030849271,38.106
"100554",0.0044240006297442,0.00435120932161715,0.0421111896853684,0.0323575678435077,0.016973605358401,0.0259324602991568,0.00420819831303686,38.105
"100555",0.00447617084574147,0.00434916046230016,0.0452065810146934,0.0339135369999328,0.0168565567316106,0.0275223286418847,0.00591088991477866,38.105
"100556",0.00435856837418229,0.00434132888543218,0.0422178731232211,0.0316020425059761,0.0164942757110202,0.0258629753336084,0.00536933692085844,38.105
"100557",0.00441276918601767,0.00434051433714679,0.044581765893744,0.0327967214917759,0.0164242477122183,0.027041351069241,0.00613634378547543,38.099
"100558",0.00434096538533111,0.00433923112848041,0.0422356613892312,0.0314334061035012,0.0163904716743618,0.0256215015463877,0.00468252264258947,38.076
"100559",0.00440656680426597,0.00429706083661209,0.0450282339153935,0.0328608195886512,0.0152977021792993,0.0283251751624156,0.00643511788143044,38.106
"100560",0.00436275345605585,0.00428953929229291,0.0434623567930736,0.0319875462254538,0.0151259054838463,0.0276770926238755,0.00588379795406546,38.122
"100561",0.00442688618922745,0.00429662975729807,0.0427852092662165,0.0326113733205143,0.0156000262143443,0.0278926199880867,0.00444605707091097,38.35
"100562",0.0044975079756488,0.00430372840211976,0.0452610331293173,0.0343710818777666,0.015864886526246,0.0293270514012733,0.00550149565319735,38.387
"100563",0.00451080108141482,0.00429998037126443,0.045800537056247,0.0347693982235293,0.0158022370918702,0.0297956470028067,0.00545232645071102,38.387
"100564",0.00458413172235444,0.00428060305361047,0.0494052578769564,0.0374414791290778,0.0155327418596162,0.0327886463944511,0.00664781733978942,38.387
"100565",0.00466313682695592,0.0042647929960161,0.0547769738779539,0.0414458708612742,0.0154683498465016,0.0370006242764642,0.00778996072593835,38.387
"100566",0.00476170809012797,0.00417403608173646,0.0658769066476602,0.0491366564405844,0.0140987815220433,0.0468429240766781,0.00950148563655868,38.387
"100567",0.0048764019654695,0.00403664448494062,0.0906640010922428,0.0641310075421991,0.0124673755478722,0.0656812315566405,0.0124559249188864,38.387
"100568",0.00480412355567728,0.00421469454952077,0.0720448648131524,0.0534618870624813,0.0151963535295664,0.0502764417559116,0.0117530165038832,38.387
"100569",0.00469479737200451,0.00427229368006066,0.0567292814652783,0.0432945830718929,0.0158550252852298,0.0385163336138099,0.0108339830490716,38.387
"100570",0.00460474936523472,0.004295009212176,0.0512530244149614,0.0384790827005027,0.0158642065945704,0.033431355257159,0.0103753691110767,38.387
"100571",0.00428726854285256,0.00432830216588165,0.0394642463819199,0.0303329306669529,0.0162684910819744,0.0249724204274292,0.00674108062463872,38.384
"100572",0.00459084381398634,0.00425168375792362,0.0515451005588434,0.0381530384958586,0.0147344730797918,0.0343323623389352,0.00845068726850622,38.387
"100573",0.00444869950101855,0.00433326934580631,0.043884529794337,0.0331608914266955,0.0164616029526381,0.0274437349906858,0.00574835819878676,38.387
"100574",0.00441880041789778,0.00434824664292494,0.0429907082980642,0.032494732623475,0.0167945421903191,0.0264178275918276,0.00570099162507746,38.387
"100575",0.00444365004588017,0.00436102936233743,0.0447686410029404,0.0332617468024063,0.017047325007858,0.0268122194565553,0.00647545503813189,38.386
"100576",0.00444139106164973,0.00434604916582545,0.045639702341232,0.0334452072753315,0.0165765583101645,0.0274882631166795,0.00599245680429992,38.398
"100577",0.00447766473251855,0.00434330051610538,0.0459584982697672,0.0341226814773027,0.0166464118919987,0.0281139232331523,0.00578269821800579,38.389
"100578",0.00436671373454023,0.00431049940183792,0.0428536768604031,0.0318688743917562,0.0157007007723973,0.0269761974064333,0.00527343381978637,38.401
"100579",0.00443425833658528,0.00430134720424634,0.0443439832657584,0.0330806898956508,0.0155838297435343,0.0283013856505301,0.00638643411234289,38.387
"100580",0.00444608823653296,0.00428559387632648,0.0452519564422339,0.0334842070618756,0.0151748939879412,0.029121576547773,0.00593927170131393,38.392
"100581",0.00448633862730083,0.00432764207089154,0.0445486345818519,0.0339663841895706,0.01644342948853,0.0282855293070187,0.00592286684014105,38.666
"100582",0.00447564117942421,0.00429918811546071,0.0434533873985583,0.0335392741798863,0.0158206434517158,0.0286084647227572,0.00483143903495182,38.668
"100583",0.00459015492020252,0.00429056904430782,0.04946735697903,0.0376227154340421,0.0158049650177597,0.032675453988985,0.00657646209494913,38.668
"100584",0.0046586942037327,0.00427291072362052,0.0549978883457623,0.0413049393321817,0.0155724498824766,0.0366973950340087,0.00757263864871786,38.668
"100585",0.00469583879355898,0.0042399278334229,0.0582807058011677,0.0437197451247083,0.0150307461534378,0.0398830712719087,0.00792927222383963,38.668
"100586",0.00486321598858112,0.00404195594880827,0.0881814772037889,0.0622401661770264,0.012334651618081,0.0635821046444056,0.0115723194549354,38.668
"100587",0.00485412106591987,0.00416264565047317,0.0838244844114446,0.0603605884151256,0.0144393216900238,0.0589314567910318,0.0123888164046115,38.668
"100588",0.00477710998904835,0.00423387077138123,0.0678546747617161,0.0505538628495526,0.0153866933329341,0.0468244803174779,0.0119766273356951,38.668
"100589",0.00458380449971829,0.00431912808480377,0.0488164591483329,0.0372603402869437,0.0164767905361903,0.0315336369833936,0.0102936512354725,38.668
"100590",0.00451417160091754,0.00433817830222379,0.0473719605610822,0.0351682224412898,0.0165854257211078,0.0292175887766228,0.00985592696739636,38.668
"100591",0.00454496255852805,0.00431481541783924,0.0478018210750704,0.0359928159086853,0.0161782919865771,0.0305581267111092,0.00844055837189408,38.668
"100592",0.00460957616558038,0.00431041596188498,0.0534760447149909,0.0391274225690017,0.0160570742959633,0.0337680420140585,0.00865335333136753,38.668
"100593",0.00451223039382423,0.00434335836526349,0.0475898189606077,0.0351728360778368,0.0166817431549181,0.0290922583904858,0.00718010432770145,38.668
"100594",0.00455842103676645,0.00436868758339792,0.0509113188750277,0.0369911353608615,0.0173118208855698,0.0300805629704413,0.00786532261817151,38.669
"100595",0.00446440125492526,0.00435001536741565,0.045998013480874,0.0338928601556032,0.0167457138443167,0.0277506309460513,0.00587775017153055,38.668
"100596",0.00449549639146541,0.0043395231117371,0.0465949858954703,0.0346081683300235,0.0165860824188663,0.028664162777288,0.00617007826703757,38.666
"100597",0.00439792895798783,0.00432002607145335,0.0425591969975735,0.0321496579533934,0.0160661651748365,0.0265447755506719,0.00425189203226427,38.67
"100598",0.00446698964872789,0.0043087645886459,0.0447264233662857,0.033679281650397,0.0158733837501974,0.0286058132450313,0.00625861531276431,38.668
"100599",0.00451535786691133,0.00427718181103863,0.0482235704954188,0.0354474682893744,0.0150598036464585,0.0311874897413286,0.00679174127583328,38.663
"100600",0.00454235527793207,0.00432262746948961,0.046439434085641,0.0356045073541137,0.0164771205794537,0.029889633078116,0.00583053613384368,38.938
"100601",0.00461035461237301,0.004300856515875,0.0512844070937168,0.0386632005798613,0.0160479793901066,0.0334202424073487,0.00743375007219433,38.948
"100602",0.00463114025261248,0.00427900849517924,0.0528100349261865,0.0397465583939894,0.0156110460776582,0.0350402834594477,0.00765344613600754,38.948
"100603",0.00464184225434865,0.00425591766355272,0.0533426470666319,0.0402824506698412,0.0151667965218493,0.0361301517287889,0.00760172879961549,38.948
"100604",0.00470565125761384,0.00420129030034034,0.0594375428686174,0.0444909296711259,0.0142746467733924,0.0415810255595336,0.00885099887178807,38.948
"100605",0.00478326388949994,0.00419647446351725,0.0700798259683383,0.0514963210074314,0.0145673222805192,0.048816473309768,0.0108497900801953,38.948
"100606",0.00484979109234572,0.00412406381754367,0.0854129460190862,0.060296903631297,0.0134920068428994,0.0599186075110275,0.013074302753188,38.948
"100607",0.00444839977600141,0.00433437396143389,0.041204642592303,0.0325175996858755,0.0167489725302353,0.0266277787923278,0.00860197193880394,38.948
"100608",0.0045852733026165,0.00431671026596691,0.0503141700174323,0.0376482822206746,0.0162898143080654,0.0320728346719967,0.0103577718546029,38.948
"100609",0.00448379740969624,0.0043531917436078,0.0446691466871809,0.0339227271583918,0.0170463608605317,0.027530191713757,0.00825215657040388,38.948
"100610",0.00442984307685306,0.00434045609456414,0.0426424238351234,0.0325770624116413,0.0166791280318362,0.026661521052183,0.00666144638668238,38.948
"100611",0.00451836926676823,0.00433279504580563,0.0473535634281838,0.035260507945659,0.0164807507141858,0.0294393110482109,0.00746371591448589,38.948
"100612",0.00458166597850452,0.00436890539746271,0.0519132414890953,0.0378552116606825,0.0173992861280103,0.0308479151026881,0.00793300815898184,38.949
"100613",0.00457112223453736,0.00437683315483962,0.050311049024348,0.0371837340521762,0.0176652706853309,0.0299030669056047,0.0059733389999515,38.963
"100614",0.00454875401324095,0.00436263479740201,0.0483345752208868,0.0361616907592269,0.0173248357448543,0.029348424271947,0.00581671293206183,38.949
"100615",0.00446008199392155,0.00432122716675636,0.0443981287799328,0.033477324379532,0.0161705901816592,0.0280084753168959,0.00508419281392198,38.948
"100616",0.00447880036558467,0.00430601171857578,0.0449557451186655,0.0339457037652334,0.0158461800928231,0.0289058960125999,0.00625587899222623,38.948
"100617",0.00454573889004082,0.00426570031347693,0.048754600864238,0.0362750943256433,0.014956129479172,0.0321826507918523,0.00834248046982088,39.225
"100618",0.00462552791626251,0.00425432012287277,0.0536381588341619,0.0397559121005797,0.0149247748541567,0.0357808724803082,0.00888533006286853,39.227
"100619",0.00464794148710597,0.00423873845549443,0.0547449789263822,0.0408472816003328,0.0147290694245126,0.0371754629915978,0.00871147968154137,39.227
"100620",0.00463540272730238,0.00424682226086422,0.053329947624861,0.0400459981203559,0.0148997968408768,0.0361671268377708,0.00860934239891744,39.227
"100621",0.00473357495280824,0.00421348206746595,0.0628277322728209,0.0467276185918318,0.0146402271285063,0.0435434423526051,0.00956951826171993,39.227
"100622",0.00483393382603941,0.00412165063463141,0.0811008394214588,0.0579361210176875,0.0134006969710975,0.0573701342778114,0.0121421409175179,39.227
"100623",0.00470071466350014,0.00428490675865829,0.0582969988286295,0.0439230407413554,0.0160685214127235,0.0388617629967484,0.0107589588677666,39.227
"100624",0.00449686624312095,0.00434501332731999,0.0451219159409673,0.0342836589070868,0.0168688734302392,0.0280928241435339,0.0093644443102789,39.227
"100625",0.00454156716650434,0.00434558910852818,0.0476021013916876,0.0358332753945535,0.0169187166436205,0.0295329589523153,0.00947980102367388,39.227
"100626",0.00441580558887098,0.00435253197383088,0.0425413688791147,0.0323461403582602,0.0169339056738054,0.0261309278783378,0.00723891443212036,39.228
"100627",0.00446290845679248,0.00434797973756035,0.0442117091655575,0.0334520892234611,0.0168575293584192,0.0272789079637602,0.00687367256002084,39.227
"100628",0.00454483290928785,0.00433287413312,0.0495916237705603,0.0363839062168137,0.0164417765765081,0.0305500136335729,0.00836910129213947,39.227
"100629",0.00458061678996753,0.00432938007965782,0.0499213724087675,0.0374112825438944,0.0165919917839252,0.0314817783176144,0.00688541680720036,39.227
"100630",0.00453570171165329,0.00435383167362782,0.0470686760367267,0.0355606210259396,0.0171342444909465,0.0290203332073379,0.00479805498412168,39.205
"100631",0.00451866090371562,0.00432692077713883,0.046646870378771,0.0351082512908462,0.0164073664905015,0.0294098972800863,0.00591538583873668,39.226
"100632",0.00450844923534568,0.00431382337315816,0.046004093627879,0.0347555752560647,0.0160940860546855,0.0294339624344526,0.00639040372484003,39.222
"100633",0.00460335131324592,0.00428401846725576,0.0536985910637677,0.0390013919401506,0.0153630017849265,0.0344192138763356,0.00909072492914454,39.246
"100634",0.00463522851101058,0.00425781708317398,0.0551260740093929,0.0404370476634663,0.0149593333046301,0.0364091664578254,0.00965586033872853,39.476
"100635",0.00472046747526526,0.00424022463925053,0.0635918972766673,0.0461494748411336,0.0149019390962955,0.0424856794683339,0.0103941269732915,39.505
"100636",0.00466723032471802,0.00424212404588791,0.0569201103744972,0.0421183744590574,0.0148232315283047,0.0383685759336475,0.00953282220604681,39.505
"100637",0.00468660773830989,0.00421479981236646,0.0577275384766644,0.0431789246424916,0.0144345638916008,0.0399885698808808,0.00929541950532463,39.505
"100638",0.00478681722747975,0.00417453040761522,0.0707169733790407,0.0519032301713749,0.0141661382937728,0.0497528732264673,0.0110782174612561,39.505
"100639",0.00475883142553941,0.0042413357506288,0.0668619503087436,0.0491151093737629,0.0152802054317013,0.0453043196846459,0.0117057682092025,39.505
"100640",0.00450768526188722,0.00432331575125609,0.0463937125900134,0.0348200876625783,0.0162791554254191,0.0292629608189166,0.00958606103907655,39.505
"100641",0.00449075830830965,0.00432955946227353,0.0456609351518668,0.0343066625522122,0.0164053795713601,0.0286137678993297,0.00930048048447499,39.505
"100642",0.00453461862229199,0.00434485965224362,0.0477341961973276,0.035699229913262,0.0168429353446738,0.0294660584886728,0.00892717398897417,39.505
"100643",0.0045216284806441,0.00434111570416525,0.0472616092026908,0.0352997374204764,0.0167130996637081,0.0292202571357033,0.00843886831836124,39.505
"100644",0.0045835860890159,0.00429613346222747,0.0521717121258243,0.0380413230376051,0.0156141443182228,0.0331621813664095,0.00931851930754565,39.505
"100645",0.0045696166236206,0.00430290078143827,0.04938352859562,0.0370050544277259,0.0159280208965432,0.0318508022471668,0.00784159997885487,39.505
"100646",0.00459884969776823,0.00429305616964607,0.0512655768105383,0.0382997202198475,0.0157643490369266,0.0333452596648552,0.00732571337829148,39.506
"100647",0.00459991991986887,0.00429624140293155,0.0518376627903584,0.0384604433034117,0.0157926864495191,0.0334508054104873,0.00711383653175948,39.51
"100648",0.00456763251418895,0.00431965894670923,0.0490455346209171,0.0368566144198795,0.0163400375057592,0.0312310357170914,0.00625587899222623,39.516
"100649",0.00446027155368453,0.00432394231567977,0.0428834553900788,0.0331196422287801,0.0163864944439548,0.0270908993676623,0.00525536312851933,39.509
"100650",0.00450645744101452,0.00429323014611206,0.0456973409918497,0.0346611346762461,0.0156292843567446,0.0298788873197944,0.00617007826703759,39.505
"100651",0.00462493626565093,0.00427034509206077,0.0547673748169627,0.0399757945320907,0.0151618659736967,0.0356760040516145,0.00901904694813927,39.505
"100652",0.00460479913751063,0.00427466539385814,0.0532410763636584,0.0389523922438657,0.0152079529166123,0.0345734671580272,0.00901600875919952,39.507
"100653",0.00470715677643479,0.00427749811168922,0.0618804917277563,0.0450453983278201,0.0156670843725958,0.0403908138751544,0.0108187052993864,39.78
"100654",0.00466889282177786,0.00429135606464359,0.0564772878378862,0.0420477757309835,0.0159686490822041,0.0369633955366249,0.0098835103297005,39.781
"100655",0.00460653436092999,0.00425660721686815,0.0519920036222637,0.0387401394748491,0.0149458023883569,0.0347251169279129,0.00950916104960812,39.781
"100656",0.004787861599129,0.00418335474464396,0.0727706332934778,0.0524141740279114,0.0141613088686088,0.0502230692488924,0.0117752908818284,39.781
"100657",0.00478270890044168,0.00422078122240871,0.0710068302470983,0.0516383375937129,0.0149493640843811,0.0484434109285723,0.0122119085130661,39.781
"100658",0.00468447040229431,0.00427201914222432,0.0584534798098847,0.0431954451692155,0.0155486345851388,0.0386439476047265,0.0113346009877983,39.781
"100659",0.00458861059353734,0.00431923022607385,0.0504734159044855,0.0377807955508433,0.0163626151880998,0.0321222379934935,0.0101959349205616,39.781
"100660",0.00462976115041004,0.0043255549294772,0.0547865734321961,0.0401021708435505,0.0164913075524162,0.0342427782081458,0.0103626310776088,39.781
"100661",0.00454734770192864,0.00432924050665883,0.0484147918238775,0.0361778888515328,0.0164820706081464,0.0303635913316329,0.00885960176272301,39.781
"100662",0.00467793763362402,0.00428967089249239,0.0586427249897045,0.0429264841641477,0.0158424367334635,0.037963843666021,0.0100048437504877,39.781
"100663",0.00458072745958776,0.00431775697476126,0.0493183575722596,0.0372882014426667,0.0163719048019843,0.0316510958047712,0.00783874548674603,39.781
"100664",0.00463722406278939,0.00429895228835998,0.0537240421814972,0.0401583523142587,0.0160405657445875,0.0349304410685377,0.00856991511622554,39.781
"100665",0.00462186251596836,0.00431873971987815,0.0528132005970069,0.03938429113756,0.0164328486049422,0.0336538447485217,0.00832350496162689,39.781
"100666",0.00468199321485446,0.00430899491944023,0.0578445506447199,0.0429123334991706,0.0164090221127185,0.0373103432679916,0.00852770102632622,39.781
"100667",0.00459274070075816,0.00431289118254333,0.0493711131219303,0.0376575797125796,0.0163516614165798,0.032015226298453,0.00681088137375305,39.785
"100668",0.00448010352870648,0.00428149869703841,0.0447324537421636,0.0339365129149857,0.0153057454296528,0.0295142222358519,0.00580283662360553,39.781
"100669",0.00458353145349625,0.00426336984114181,0.0501114236072528,0.0375994745764548,0.0150714851485517,0.0334369120975926,0.00731295878808281,39.781
"100670",0.00458347680482601,0.00424108909716217,0.0501020718773728,0.0376134188994508,0.0145847582925581,0.0339967842350446,0.00806020158618138,39.781
"100671",0.0046331715046173,0.00425235643868297,0.054588282929339,0.0402449825310653,0.0148701375519193,0.0363322308178517,0.00889387955358618,39.791
"100672",0.0046393736567738,0.00431313997059961,0.0545019965380237,0.0404019062046154,0.0163207607736865,0.0348094527657401,0.010267822017601,40.051
"100673",0.00466224736504637,0.00432307295772939,0.0561289172664998,0.0416573680269575,0.016656559269851,0.0357015040905294,0.0103923140785889,40.057
"100674",0.00457828016892253,0.00428627985600093,0.0503547480927174,0.0374856174691864,0.015518565877841,0.0327831220904439,0.00987236058501622,40.057
"100675",0.00473268922543951,0.00425708209834984,0.0646709678964143,0.0470467714593079,0.0153584692645697,0.0429132379260375,0.0111987540109119,40.057
"100676",0.00483776795952952,0.00418680867548676,0.0834984290603317,0.0587340925910411,0.0144598028222134,0.056877475572958,0.013269466327763,40.057
"100677",0.00470757148590031,0.00426558410226386,0.0588844359318339,0.0444127969167313,0.0156883584371559,0.0398537809413416,0.0112739020171602,40.057
"100678",0.00462810419441491,0.00431239316050677,0.0530064116791455,0.0396530347926318,0.0163267451125446,0.0340694088968963,0.0106929032182898,40.057
"100679",0.00465468544814741,0.00429593909821807,0.0561869351249334,0.0413894918471161,0.015933442668433,0.0362752729357119,0.0110196244407069,40.057
"100680",0.00462552791626251,0.00430796791875168,0.0529525451766047,0.0395525242614434,0.0162020490573685,0.0341113288776941,0.00997134237083244,40.057
"100681",0.00465125688063841,0.00428980245093194,0.0552768039140959,0.0410537441332876,0.0158386926822356,0.0360732891019167,0.00983152392003364,40.057
"100682",0.00463825837812975,0.00432222206754107,0.0537972338382463,0.0401911288747027,0.0165880523901481,0.0343015598761903,0.0089078411491439,40.057
"100683",0.00459415305770338,0.00433015684956374,0.0503141700174322,0.0379017299901592,0.0166853384257406,0.0318836667389692,0.00804744508905389,40.057
"100684",0.0046112755847347,0.00431498052940448,0.0523579175507614,0.0389267284698719,0.0162854847950051,0.0333508122095168,0.00877613400602505,40.057
"100685",0.00464950280154481,0.00427724961012594,0.0541221747020337,0.0407370593043032,0.0156457876919905,0.0360278183466742,0.00840410139554222,40.057
"100686",0.00465861549471664,0.00428129734623408,0.0550139067679247,0.041297894157083,0.0157564894497186,0.0364718908334958,0.00817001568275144,40.057
"100687",0.00461573070921502,0.00428165523551095,0.052462151129776,0.0391274225690017,0.0155479438612723,0.0344416378573263,0.00762467346240266,40.057
"100688",0.00460913712019236,0.00429076593946037,0.0512624386271483,0.0386282339780788,0.0158070107205526,0.0336649808365401,0.00672283815040493,40.057
"100689",0.00457393280606851,0.00425653593734407,0.0481896673154444,0.0368890800029103,0.0150332283857127,0.0330458345278545,0.0069874042307878,40.057
"100690",0.00466363805533432,0.00426104961635912,0.0567001884935551,0.0419019134579678,0.015208304305176,0.0380071462297255,0.00892099481996101,40.062
"100691",0.00462301426783431,0.00430909957315774,0.0533871020939674,0.0395618728818182,0.0161628855068653,0.034136488285989,0.0104632409639541,40.331
"100692",0.00454715525018911,0.00431873971987815,0.0482328180305121,0.0361408658256124,0.0162454774659131,0.0306122304027841,0.00939296422005186,40.331
"100693",0.00467681252272863,0.00426467652869874,0.058492619267551,0.0428651683625969,0.0152830059639882,0.0385743242780978,0.0107698097103454,40.331
"100694",0.00475422760614253,0.00419335206326993,0.0678478607025832,0.0490768060717128,0.0141315609267265,0.0465757029472738,0.0115971815177752,40.331
"100695",0.00473990530335977,0.00421408875968935,0.0642547950125004,0.0474090870813435,0.0146257413577123,0.0442609947630339,0.0116012324867147,40.331
"100696",0.00467472940003153,0.00426067340059693,0.0570366406115825,0.0424527200009984,0.0153071439183806,0.0381776131985472,0.0113529710335448,40.331
"100697",0.00463950199514919,0.0043002797502988,0.0544381065034795,0.0404042488628715,0.0160287657825187,0.0351699740087714,0.0109843370076897,40.331
"100698",0.00463193723326386,0.00430400391012551,0.0530666344169443,0.0398120394758004,0.0161642256566147,0.0344416378573263,0.0103510844225478,40.331
"100699",0.0046495846834931,0.00429416402195794,0.0547737741361494,0.0408707374217026,0.015966957855582,0.0357496857372982,0.0101118635533323,40.331
"100700",0.00464921598525399,0.00431114549547936,0.0551549278396482,0.0409270374970682,0.0163197632170328,0.0353563025196845,0.00968978080041234,40.331
"100701",0.00468872557583772,0.00429871632732866,0.0594801523127352,0.0435968731194626,0.0161105516954616,0.0383425187370968,0.0100509341590432,40.331
"100702",0.00466444544169685,0.00427566472650418,0.0564902025838381,0.0418760405560074,0.0155607183708373,0.0372529294985711,0.00952934855587711,40.331
"100703",0.00463847327562115,0.00428067029416221,0.0531585919778191,0.0400928081152944,0.0156928162672686,0.0353139292058727,0.008423633244637,40.331
"100704",0.00466505870505498,0.00424614044637305,0.0560644735968909,0.0418313551834931,0.0149650276697539,0.0379378692357278,0.00915261217722664,40.331
"100705",0.00468199321485446,0.00425446343948856,0.0578998305340874,0.0429736567916333,0.015185450824665,0.0388617629967483,0.00925112757596694,40.331
"100706",0.00464048354904485,0.0042491513503606,0.0528132005970069,0.0401162153915204,0.0150576789755989,0.0361074034546128,0.00762865250313066,40.331
"100707",0.00462301426783431,0.00427130907337177,0.0507923498543405,0.0390060589349334,0.0155517425456235,0.0344248194609223,0.00682993523959812,40.331
"100708",0.00462306021762846,0.0042602497466037,0.0514539708430107,0.0391671082256607,0.0152451648426497,0.0349135514224316,0.00714930244144182,40.323
"100709",0.00454919964135346,0.00430298574144698,0.0480294924284969,0.0361593768118685,0.0159073371360584,0.0310406567111539,0.00984538625118344,40.605
"100710",0.00459462190203566,0.00428297228377579,0.0511651828885654,0.0381553662882998,0.0155054181141312,0.0334897158942097,0.0101188073747191,40.605
"100711",0.00465154116858405,0.00426325297086924,0.0552832206289663,0.0410912951958505,0.0152486717349524,0.0368117332289115,0.0105564259460407,40.605
"100712",0.00470032043963847,0.00422863938068745,0.0591297104408225,0.0441359040218098,0.0147787247418724,0.0406026955724572,0.01051029652836,40.605
"100713",0.00477565950816576,0.00421697790176137,0.0696228149801443,0.0508493746301842,0.0148551115955926,0.0477091409096089,0.012013566469274,40.605
"100714",0.00474757883081407,0.00426343994739734,0.0654719537803893,0.04809164618426,0.0156732630402831,0.0436999180082554,0.0121218861839253,40.605
"100715",0.0046901726132054,0.00428707505465641,0.059552280994858,0.0436913866354922,0.0158587663204684,0.0387571657836242,0.0116325505553182,40.605
"100716",0.00466166543014942,0.00430109126518853,0.0554854588813651,0.0415116571532731,0.0161966977301017,0.03614721575415,0.010873431322201,40.605
"100717",0.00469694230387754,0.00430700148484988,0.059499821229474,0.0439845228250171,0.0164083598795094,0.038420706251398,0.0108204045430194,40.605
"100718",0.00471083145238329,0.00429980920065131,0.061439893036596,0.0451165391479117,0.0162621565405518,0.0397659486878462,0.0107834909225171,40.605
"100719",0.00477069435477122,0.00426507238338286,0.0703930223106991,0.0506355298797749,0.0156880154861153,0.0463457083037832,0.0116737638227277,40.605
"100720",0.0047841629833491,0.00424163153901413,0.0722391198302255,0.0519875457335136,0.0152938542380484,0.0483409693782866,0.0116340625041303,40.605
"100721",0.00475107233345705,0.00423806790986061,0.066147281573013,0.0484739686651472,0.015136489033738,0.0447726473893303,0.0105828920571813,40.605
"100722",0.00470123925922816,0.00423256288575093,0.0596736461051531,0.0442968098021757,0.0148203632776822,0.0407028663185549,0.00987367337228412,40.605
"100723",0.00467706705802965,0.00422825768059682,0.0565095763261018,0.0424644980811667,0.0147005845467681,0.0389431748134276,0.00915261217722663,40.605
"100724",0.00469412300371248,0.00423228568101931,0.0569136385217116,0.0433370784736415,0.0149796117519,0.0396021507638966,0.00843210264707156,40.605
"100725",0.00467024421317279,0.00426854884513509,0.0541094211182823,0.041591556088923,0.0157010435067247,0.0369404911307127,0.00723783233849292,40.605
"100726",0.00458100389771964,0.00426866422403393,0.0478448697005613,0.0369980948215351,0.0153943521394114,0.0325706488558642,0.00779188313136209,40.63
"100727",0.00463109589462427,0.00428570459507741,0.0540074241840472,0.0400085545026666,0.0156464750355032,0.0356250203719337,0.00830185697085715,40.658
"100728",0.00462411452634517,0.00430087786220074,0.0524969091605195,0.0394076520807558,0.0160668384132368,0.0341420800211175,0.0105097030066566,40.877
"100729",0.0046795252437378,0.0042785582117884,0.057438556830527,0.0427402086588715,0.015724678063334,0.0379811629147906,0.0110009006896346,40.877
"100730",0.00468625870133621,0.00426285536379668,0.0576430729105079,0.0431057707579425,0.0154485748120467,0.0387194153533207,0.0108322872345713,40.877
"100731",0.00473015651261845,0.0042469438943531,0.0619236072619595,0.046311179247822,0.0153560282433393,0.0422530077442892,0.0110146731411288,40.877
"100732",0.00475911300187417,0.00422896989931259,0.0664416825460117,0.0490528681951165,0.0150693617658458,0.0455236106518652,0.011771335952129,40.877
"100733",0.0047458530267411,0.00427864830769935,0.0644124452375237,0.04774307140998,0.016068857996078,0.0428683288862157,0.0119070495977526,40.877
"100734",0.00473968312764642,0.00427176732207623,0.0640369548809874,0.0473017904059574,0.0158492423270699,0.0426499730438617,0.0121689066333975,40.877
"100735",0.00468492755344505,0.004307064581583,0.0569945521874918,0.0428580940894723,0.0164784407008095,0.037227101955841,0.0111146539036392,40.877
"100736",0.0047586264312881,0.00425079316593626,0.0672863927353715,0.0491869370138317,0.0154364224314505,0.0451643835156835,0.0120212192155521,40.877
"100737",0.00473128234332996,0.00428749412833575,0.0639063549759045,0.0467728569087557,0.0160722235264236,0.0417591127127778,0.011271250975783,40.877
"100738",0.00471968200064356,0.00429634931558275,0.0621625603324468,0.0457431144226994,0.0162488143519529,0.0404614041592338,0.0110743995208119,40.877
"100739",0.0047505953732922,0.00424340180195993,0.0652967017583573,0.0482540921145828,0.0153176294006336,0.0443516918490218,0.0113277656018908,40.877
"100740",0.00478263943530808,0.0041553365062309,0.0699732262690278,0.051455409046641,0.0137915558934416,0.0497090559969137,0.011442558943712,40.877
"100741",0.00477881066975961,0.00416926535486678,0.0705342664869116,0.0512990143205999,0.0139110139782228,0.0493308329816164,0.0116067988522153,40.877
"100742",0.00474463194015534,0.00419371250410257,0.0645668508340637,0.0477717107517918,0.0142768620471834,0.0450883857317368,0.0105422668890478,40.877
"100743",0.0047526552558962,0.00421851913418377,0.0644426464978446,0.0482158640659754,0.0149262011817104,0.0449759794918104,0.0101030148411616,40.877
"100744",0.00475808747161592,0.00423210918014731,0.0645265606635553,0.0485648196313625,0.015291405153896,0.0448151118522769,0.00921456636424818,40.877
"100745",0.00468106633632899,0.00427436967331286,0.0560419234416114,0.0424998345001792,0.0157827899485805,0.037738909210012,0.00713049655080392,40.877
"100746",0.00462570965565889,0.00424369610421267,0.0530222578239822,0.0396319953588443,0.0147582307759516,0.0360335012503003,0.0081548562371945,40.874
"100747",0.00468124487015506,0.00420990270489288,0.0601466748152492,0.0434764014151671,0.0140158218930639,0.0406262584989995,0.0103771867752386,40.83
"100748",0.00471512899459544,0.00422235983596597,0.0647516084272471,0.0461328323703509,0.0143303163425747,0.043054044198436,0.0112340304632868,40.847
"100749",0.00469496565895494,0.00422695722678446,0.0604659287234067,0.0441737583483824,0.0145342216221593,0.0410658662305892,0.0105852394461801,40.875
"100750",0.0046836593834651,0.00428004229025314,0.0579356081233925,0.0430373489692083,0.0157643490369266,0.038238343066747,0.0112121373362804,41.148
"100751",0.00470426529807072,0.00427025316678788,0.0590184822887972,0.0442707765145484,0.0157294700908682,0.0396284617518098,0.0110623864574985,41.148
"100752",0.00474321295971735,0.00426428029346506,0.0638561450649878,0.0474758630865285,0.0157629823723563,0.0429791300222286,0.0113493008543865,41.148
"100753",0.00476374874647737,0.00425331550530969,0.0663807405540497,0.049318651297432,0.0156646810426877,0.0451005427973234,0.011685782011839,41.148
"100754",0.00474288428218296,0.00424384317618376,0.0633079391866537,0.047354243182116,0.015375547925528,0.0433600991208243,0.0117802315377061,41.148
"100755",0.00475075446744803,0.00421726569248591,0.065205759860777,0.0482660390703031,0.0147941704060408,0.0450124263483495,0.0122226209547892,41.148
"100756",0.00474993132072968,0.00425432012287277,0.0654921840285448,0.0482493134243488,0.0155171823130083,0.0440797677611703,0.0123564136740759,41.148
"100757",0.00471211653984702,0.00426783277479101,0.0601170784524977,0.0449173763282643,0.0156897301826915,0.0403496532866359,0.0118004534254704,41.148
"100758",0.00472518484431576,0.00427361804594399,0.0625214953661586,0.0461423422719532,0.0157940511035171,0.0414713190103772,0.0118289650419472,41.148
"100759",0.00474752509072655,0.00427149243389735,0.0662893583192361,0.0482612602485656,0.0157735716003474,0.0437119615682747,0.0120106946644842,41.148
"100760",0.00472488907947438,0.00427348123935568,0.0634983169898418,0.0463397218419993,0.0156976159001064,0.0417472331357133,0.0117683683499492,41.148
"100761",0.00473240279162142,0.00423369495318468,0.0646071483777431,0.0470372410143704,0.0148647725025979,0.0435073565018704,0.0119312826137635,41.148
"100762",0.00472346418174014,0.00421208058654376,0.0618838079946801,0.0459593149776988,0.0145342216221593,0.0428294191286192,0.0114591022872399,41.148
"100763",0.00482477999699296,0.00410585663150489,0.0781976721327067,0.0565334946758347,0.0131616095858452,0.0561197866033651,0.0130059493740859,41.148
"100764",0.00482450824611537,0.00414326987986189,0.079090661584435,0.0566745579127171,0.0137121007184929,0.0555656578567896,0.0128012240961475,41.148
"100765",0.00475291804453264,0.00420305452902684,0.0653843105527167,0.0484500636601437,0.014534585685969,0.0455327546653292,0.0111971462802057,41.148
"100766",0.00474304867842569,0.00421632307515619,0.0617909722223357,0.0470515367622557,0.0149607570548186,0.0437782189368826,0.0096490531791016,41.148
"100767",0.00473397386459913,0.00423512442369074,0.0609110748303255,0.046311179247822,0.0152686489902435,0.0424409051502784,0.0087331168158264,41.148
"100768",0.00467912935959627,0.00423213439922105,0.0556236187738834,0.0423537984749559,0.0148962258797817,0.0386555551529542,0.00817001568275143,41.148
"100769",0.00471420145200969,0.0042290461348988,0.059552280994858,0.0449315989942368,0.0149557734654336,0.0412965614992162,0.00891712933650318,41.17
"100770",0.00470166462480265,0.00426583972370626,0.0589825098602958,0.0441382698115266,0.0155996817455225,0.0396343093497355,0.0112302974767688,41.418
"100771",0.00474313083343011,0.00426817941565943,0.0636621090031484,0.0474233953457212,0.0158625066656639,0.0428084721106713,0.0113293435881563,41.418
"100772",0.00477040188280239,0.00426273834747776,0.0675890752168177,0.0500137897043826,0.015880178968903,0.0455662874267799,0.0117812192685218,41.418
"100773",0.00479330358353959,0.00425793550626302,0.071037906952539,0.0523828265706491,0.0159280208965432,0.0480928964143387,0.0122398223551213,41.418
"100774",0.00478679447258705,0.00425076906906942,0.0697155207024323,0.0516263006042529,0.015760932201731,0.0475701030500296,0.0124233504522634,41.418
"100775",0.00479016110590875,0.00426676792255313,0.0704584666073855,0.0520188668154344,0.016100472254075,0.0476689619165418,0.0126304748625706,41.418
"100776",0.0047786929609592,0.00427149243389735,0.069454663688182,0.0509767679134072,0.0160621252810104,0.0465143376579664,0.01275616627524,41.418
"100777",0.00476178398562336,0.00427783673691095,0.0668958767109867,0.0492803303772202,0.0161078643267354,0.0444727078752796,0.0127038559199001,41.418
"100778",0.00478512743864816,0.00424076822559935,0.0728923817916166,0.0521971959527425,0.0152381491646562,0.0486173998820065,0.013482398464189,41.418
"100779",0.00476150558266749,0.00424660322970766,0.0689064295306001,0.0497260150999687,0.0152539308910851,0.0459142442962193,0.0131130454209526,41.418
"100780",0.00480578896020564,0.00420060970469264,0.0775980942172027,0.0547832224654004,0.0144554159187866,0.0524093073977214,0.0137891226023396,41.418
"100781",0.00481237736731545,0.00411479462897146,0.0779846493303584,0.0554500795440021,0.0130015053436645,0.0549615727074262,0.0137128949375674,41.418
"100782",0.00472474105677722,0.0042067212390566,0.0635283919607944,0.0463944339426528,0.0142868274545215,0.0435073565018704,0.0123838051981462,41.418
"100783",0.00475906183118696,0.00419045693545763,0.0673271806174121,0.0492707506645941,0.0142188068935523,0.0467476547758337,0.0126194304479876,41.418
"100784",0.00480148576757236,0.00421953472567253,0.0733416267762142,0.0535295603733619,0.0151167283871503,0.0503612447919417,0.0127435562788359,41.418
"100785",0.00477113238514786,0.00421054134095543,0.0676707656192774,0.0501241521793789,0.0148171359767244,0.0471044445241922,0.0117564858720815,41.418
"100786",0.00469239445878633,0.00423574981282388,0.055424443590282,0.042917050329873,0.0151713737658228,0.039581690286145,0.00919398963735048,41.418
"100787",0.00468834509542011,0.00425386595707522,0.0550587656256081,0.0426270726369411,0.0155292852362877,0.0382701655019064,0.00849435491849748,41.418
"100788",0.00471691186616492,0.0042224114905253,0.0587341488975057,0.0448984135523222,0.0149422400284099,0.0413380093509181,0.00907571051872329,41.418
"100789",0.00475597107931404,0.00421571970390235,0.0647953010154261,0.0485050471307277,0.0148980114440039,0.0456974410520181,0.0100947869894151,41.418
"100790",0.00475527003729026,0.00419677713373206,0.0657688476426271,0.048686780884186,0.0144188178128497,0.0468121856883705,0.0103777925493657,41.418
"100791",0.00473165642153301,0.00419426640332552,0.0626279627830729,0.0465919328621088,0.0142465633281711,0.0445665632899117,0.0100483825052216,41.418
"100792",0.00472116012551774,0.0041682925908234,0.0602716843102327,0.0455080361744538,0.0138040687340422,0.0432670136626618,0.00975772298448331,41.42
"100793",0.00467439876630205,0.00416153670570551,0.0547289835062229,0.0419936589599917,0.0135286267582268,0.0398449951008299,0.00932356011221505,41.435
"100794",0.0046855240109027,0.00417797383746892,0.0558230032984424,0.0427284221017596,0.0138846210742195,0.0402321209936976,0.00963268436240028,41.451
"100795",0.00476170809012797,0.00424919973284653,0.0670350277022363,0.049330627263907,0.0154818687489772,0.0452982328039895,0.0119201452797252,41.687
"100796",0.0047619104238735,0.00423714722743251,0.0659546061772797,0.0491198975200468,0.0153343945066646,0.0453134504655533,0.0116717588531331,41.687
"100797",0.0047827320509607,0.0042607910049484,0.0688243043591265,0.051135458084144,0.0159679726083656,0.0467046490034714,0.011962185682208,41.687
"100798",0.00479816854350947,0.00427718181103863,0.0708584077042847,0.0526939819549923,0.0164513616581761,0.048061914221506,0.012152952544362,41.687
"100799",0.00481487764797599,0.00423263845445054,0.0744070063376995,0.0548123029427624,0.0155869322142233,0.0514359543131201,0.0128939984887111,41.687
"100800",0.00483999928520077,0.00417011827375684,0.0821691110843958,0.0586730428186843,0.014328475687873,0.0570698196507007,0.0139354313152994,41.687
"100801",0.00478729457650027,0.00423594973573064,0.0708791123592581,0.0519273187795439,0.0153630017849265,0.0483099393284281,0.0133072988858086,41.687
"100802",0.00479493633263135,0.00421490504801838,0.0734043764332096,0.0530488034498832,0.0148744285016655,0.0500724622287445,0.0138300353767487,41.687
"100803",0.00473102301589895,0.00426750898027359,0.0632912473776264,0.0466419172382539,0.0156828705167201,0.0421368156977728,0.0131495361752095,41.687
"100804",0.00474029360569245,0.00424963491891724,0.0654079034198143,0.0476547787972169,0.0152595390950691,0.0436999180082554,0.0134704674887355,41.687
"100805",0.00472636418066108,0.0042626212979131,0.0631610955740231,0.0463563725911814,0.0155147608423715,0.0420207196691415,0.0129734576226935,41.687
"100806",0.00469164482526617,0.00428995588303524,0.0581732053203735,0.0434527838597245,0.016069867713061,0.0383251502227184,0.0120631697838926,41.687
"100807",0.0047357606180246,0.00424849762826244,0.0642380303796373,0.047137321384871,0.0152665470840904,0.0431649889579411,0.0125679794723725,41.687
"100808",0.00478361009866569,0.00419691463647371,0.0702346520985596,0.0515516782345519,0.0145680491068394,0.0488725066531819,0.0129768394903723,41.687
"100809",0.00479712506880705,0.00421490504801838,0.0723015915046678,0.0529763694140406,0.0150218784198419,0.0499501939693357,0.012776127261233,41.687
"100810",0.00477277987895703,0.00420483809402149,0.0669060556156323,0.0500713667525401,0.0148103209798153,0.0474466160711245,0.0117797376222799,41.687
"100811",0.00476241550023491,0.00418261483216627,0.065094659139328,0.0490049963376941,0.0143505513556596,0.0469567087139862,0.011004759774347,41.687
"100812",0.00473895960104842,0.0042308715366821,0.0631644318182963,0.0470991927416245,0.0150537831366184,0.0439892379368281,0.0106039884549762,41.687
"100813",0.00472718619547276,0.00426236367174821,0.0610629727470394,0.0459403037946872,0.015715090580296,0.0424438896642545,0.0102523976736419,41.687
"100814",0.00475487966608356,0.00418947794123096,0.0642883281259832,0.0483448972192512,0.014413688279934,0.0467200068450388,0.0107982807602072,41.687
"100815",0.00478503575466322,0.00415804005733849,0.0702174442483833,0.051679265690514,0.013870277054528,0.0507355165628898,0.0113838297717307,41.687
"100816",0.0047362404350847,0.00420744527014712,0.0640269059592233,0.0471516205101276,0.0144502965484778,0.0450063512573587,0.0106674551347868,41.687
"100817",0.00471339459081094,0.0041837241937065,0.0580559984662471,0.0445690776805681,0.0142032447662158,0.0418720192366585,0.00969586620749962,41.687
"100818",0.00467822710013648,0.00414764338657937,0.0540074241840471,0.0420077756315754,0.013403024432674,0.0400560155142456,0.00937872172358816,41.687
"100819",0.00469310776976824,0.00415160068817437,0.0560934705618925,0.0431576849976563,0.0134769508812491,0.0411663780490807,0.00969991973086677,41.687
"100820",0.0046186064355422,0.00416663644525418,0.0501550717791827,0.0387867773780067,0.013418920302236,0.0365917272403201,0.00891248719139015,41.703
"100821",0.00465624165142021,0.00415707008744311,0.0540042376892235,0.0408590093239248,0.0133746854725067,0.0388385118653993,0.00918293581791121,41.703
"100822",0.00468120917438497,0.00416399026053924,0.0581732053203735,0.0427072072097161,0.0134777233017976,0.0420742905136192,0.0102201947655996,41.693
"100823",0.00473360346902458,0.00424237007763707,0.0628643769081949,0.0467157145804799,0.0152293760132174,0.0428174490277332,0.0115310312843955,41.941
"100824",0.00477345493567211,0.00421590343323264,0.0678546747617161,0.0503161512417731,0.0149529251168881,0.0470828910505902,0.0118997641854756,41.955
"100825",0.00478136228447685,0.00424066944532923,0.0677014069783332,0.0508109232469745,0.0156227480205083,0.0470551837895333,0.0117856624077523,41.955
"100826",0.00477304530971795,0.00424818250160331,0.0660424727579173,0.0498674812132294,0.0157633240471862,0.0461742018313218,0.0118039003697732,41.955
"100827",0.00479087795097704,0.0042068285843102,0.0693654889844776,0.051883960179509,0.0149956058996659,0.0492153511318863,0.0125568463775669,41.955
"100828",0.00475524403266145,0.00422023634876446,0.0640302555484322,0.0482851548831549,0.015046343435416,0.0451309397614563,0.0125345323713264,41.955
"100829",0.00475708326483072,0.00420696272603465,0.065866773906506,0.0488135609240386,0.0146438468199998,0.0458012239203966,0.0132796534332873,41.955
"100830",0.0047216407620493,0.00422480623663,0.0606702473113415,0.045581632052982,0.014879075938381,0.0420653606180311,0.0130972373804762,41.955
"100831",0.00466224736504637,0.0042921851913277,0.0543582748689599,0.0412885007980979,0.0161048406177346,0.0360903450693017,0.0124681050421597,41.955
"100832",0.00464769399310789,0.00426518873891967,0.0545786935762257,0.040779268186729,0.0153148338210133,0.0364319715748744,0.0126736197345381,41.955
"100833",0.00465845799609968,0.00428747208238973,0.0550523565610095,0.0412955457950697,0.0158900279988194,0.0363037485264642,0.012306400676958,41.955
"100834",0.00469188360739401,0.00429509580112387,0.0575911121295331,0.043327634650576,0.016242140043753,0.0380158085189624,0.0120588901678731,41.955
"100835",0.00474728310824224,0.00423417199836221,0.0648524505141168,0.047962688430004,0.0151086065527497,0.0442942438953111,0.0126379761897418,41.955
"100836",0.00476716056521927,0.00419779355202288,0.0670112642146105,0.0497260150999687,0.0145509611831629,0.046922872200752,0.0127252578205134,41.955
"100837",0.00479469433584405,0.0041960889199147,0.0709964722313593,0.0525275245236394,0.0147222225679904,0.0500034793670874,0.0128528985450193,41.955
"100838",0.00484231823672976,0.00413862570045227,0.0809106366144317,0.0586461831551607,0.0139467704099913,0.0578411396489889,0.0135890206972066,41.955
"100839",0.00487491071130512,0.00405193219431597,0.0877770413533978,0.0633719465075247,0.0129206728810518,0.0649747305337021,0.0133876758129128,41.955
"100840",0.00482161638714175,0.00416725829815063,0.079358067304108,0.0564678406446763,0.0140461353422464,0.0549970522685207,0.0127574696122525,41.955
"100841",0.00474395080741571,0.00426958609549486,0.0641039595080968,0.0475688899203896,0.0158669261845502,0.0440707122669942,0.0112196207743983,41.955
"100842",0.00473993306054711,0.00420755242445146,0.061188537266701,0.0467061916141554,0.0148056566737855,0.0436607833134858,0.0108204045430195,41.955
"100843",0.00481439184258114,0.00412887936085533,0.0748203924941661,0.0549359140968698,0.0136058524569568,0.055077713167564,0.0122244824452872,41.955
"100844",0.00470747584915895,0.00417240341629642,0.0598903149849014,0.0447040964764251,0.0136941831834204,0.0431889882710506,0.010758387282459,41.955
"100845",0.00470455606544125,0.00416926535486678,0.0574255788805462,0.0439230407413554,0.0138812248540487,0.0415454355330018,0.0101565484054159,41.955
"100846",0.00471333240892161,0.00414618045461856,0.0581797188442454,0.0445311858327799,0.0135320919934927,0.0426051468458112,0.0102548680798979,41.955
"100847",0.0047111769271208,0.00411942285555113,0.0588550230868209,0.0446969890926159,0.0128943070733228,0.0438203983849351,0.0104960370818104,41.955
"100848",0.00468934683882561,0.00416306445531704,0.0576008537293248,0.0431883648574608,0.0135317070016238,0.0416403625774847,0.0101030148411616,41.955
"100849",0.00470153382581776,0.00418590557584022,0.0602683936117913,0.0439632394835421,0.0140595915745073,0.0413232051151767,0.00983152392003365,41.955
"100850",0.00476417480070237,0.00424143437047354,0.0653169161152298,0.0491246857182125,0.0155223701838115,0.0455967781795625,0.0116491646205167,42.214
"100851",0.00479396686245593,0.00419385104988529,0.0715598990167443,0.0525950654082853,0.0146105192125696,0.050144611164091,0.0126880949964656,42.221
"100852",0.00479544153058469,0.00418964593699573,0.0713523507997771,0.0526650286323512,0.0145825796827526,0.050455520644162,0.0129992086030283,42.221
"100853",0.00478185073689665,0.00419226881327511,0.0692729200499354,0.0512244447183655,0.0145324011961208,0.0488600531330252,0.013309733752933,42.221
"100854",0.00474345916648157,0.00421469454952077,0.0640570541116748,0.0475760466688651,0.0147200598853506,0.0444242895970128,0.0132776170190515,42.221
"100855",0.00468156588505956,0.00423135188394476,0.0557329327717074,0.0424880553308355,0.0149015820704517,0.0388559498226399,0.0127003562141795,42.221
"100856",0.00463060738979357,0.00429563657323402,0.0513157954044227,0.0393726112434738,0.0161229762185001,0.0341448759916919,0.0123054799463702,42.221
"100857",0.00464860017340635,0.00429063468641342,0.054275286421007,0.0407229907567976,0.0159219196774258,0.0356731710513069,0.0126021700128547,42.221
"100858",0.00474037672985623,0.00427638999891317,0.0654112740331254,0.047635690891985,0.0158383522796201,0.0429551657517121,0.0132592666118685,42.221
"100859",0.00474302128703907,0.00426509565711786,0.0647751341316669,0.0476643230685586,0.0156938448566583,0.0432189930380686,0.0128382914463705,42.221
"100860",0.00471242890538484,0.00429072219306045,0.0592246300200668,0.044715942395226,0.0162794885981126,0.0395261706934333,0.0118778647328829,42.221
"100861",0.00473162766747431,0.00421123206755015,0.0616882374446816,0.0463682663905027,0.0146720564379983,0.0432520054994089,0.0123801586321679,42.221
"100862",0.00479067655707915,0.00417857846432188,0.0709239785289773,0.0522261205798191,0.0143082162667036,0.0501602998376566,0.0132416934833275,42.221
"100863",0.00481717180754408,0.00417780092052554,0.0760962795199685,0.0554015506469398,0.0144316354059596,0.0535224429593173,0.0139082578572367,42.221
"100864",0.00479829865629981,0.00417992840578976,0.0703241528455921,0.0526674413416741,0.014560779566901,0.051180055512228,0.0127609441297045,42.221
"100865",0.00485477244647895,0.00409812240999022,0.0850923702182804,0.0607305975151415,0.0132397223546129,0.0612102266575901,0.0140142038859687,42.221
"100866",0.00467020678093501,0.00426753211688512,0.0555336427498196,0.0419136744550775,0.015543108122082,0.0382585927886681,0.0108796094139876,42.221
"100867",0.0047894195841725,0.00420556548390486,0.0707790562939647,0.0520839249907216,0.0148103209798153,0.050392664199856,0.0125443584095784,42.221
"100868",0.00481922580233661,0.004105615048821,0.0752239142669178,0.0554355203789857,0.0133003151337194,0.0561165412934482,0.0126551580782824,42.221
"100869",0.00473652222268739,0.0041843770085867,0.0625381273985074,0.0467514276257698,0.0141954586999835,0.0456059265982057,0.0109986945191899,42.221
"100870",0.00471537571840741,0.00416666607908094,0.0598738926164937,0.0450430271821127,0.0137478809749604,0.0436577733879609,0.0110880253050968,42.221
"100871",0.00472100972380145,0.00411472715581869,0.059916593520917,0.0454225865937021,0.0128859091071455,0.0449607959152683,0.0112717812643898,42.221
"100872",0.00468611893946772,0.00415101573814519,0.0566000128725525,0.0427095643621065,0.0134169825701616,0.0407470828223241,0.0102647401343154,42.221
"100873",0.00469660845923411,0.00417667515162722,0.0595194920528741,0.0437575596243059,0.0137926937912363,0.0423096488777545,0.0104960370818105,42.221
"100874",0.00470068183699297,0.00418167375789041,0.0613704092639991,0.0442352793192045,0.0138207387363197,0.0437782189368826,0.0104410846396641,42.193
"100875",0.00472899616744126,0.0042423454811047,0.062684545197166,0.0464158449784142,0.015169613415198,0.0427875281664886,0.0122072462060917,42.461
"100876",0.00475571167731149,0.00421624442520726,0.0665026409323815,0.0488590192912173,0.0147431157061313,0.0460090013370362,0.0129471998712585,42.487
"100877",0.00480289339126336,0.00419290800326408,0.0741131410084578,0.0538245335392689,0.0145589617383874,0.0517872513976303,0.0138212574923314,42.487
"100878",0.00473119593273332,0.00425221238547123,0.0620662828917791,0.0463968128923965,0.0154711237078481,0.0426589399798855,0.0131238437906667,42.487
"100879",0.00467050606938692,0.00429550685215623,0.0547865734321962,0.0417302447267514,0.016238468259821,0.0367602678395746,0.0125036335849244,42.487
"100880",0.00471152189117531,0.00428614717436895,0.0604823985355599,0.044952933931498,0.0160500008286075,0.0399739122983475,0.0132384199177866,42.487
"100881",0.00462850834120502,0.00433023643680942,0.0521937941227876,0.0394637246239882,0.01682735748833,0.033389687784965,0.0121646867710618,42.487
"100882",0.00467351476110554,0.00431664861301019,0.0559646288223495,0.0421089605347924,0.0166523045066121,0.0362809675177106,0.0121515432105812,42.487
"100883",0.00475625609200616,0.00425233243332052,0.0664552274375122,0.048854233978463,0.0155009181929874,0.0448211791896817,0.0130059493740859,42.487
"100884",0.00475654076032556,0.00420894286729924,0.066012053521561,0.048811168508705,0.0146594035270982,0.04602123231922,0.0129246855447937,42.487
"100885",0.00475620429715619,0.00418930987573527,0.0651451525805024,0.0486150348525735,0.0143520221225253,0.0462966869962564,0.0128258112664606,42.487
"100886",0.00475503589221225,0.00421668990767593,0.0644694955471484,0.0483711864477146,0.0149308360102877,0.0454748518843233,0.0127574696122525,42.487
"100887",0.00475438426525516,0.00417540127270284,0.0649836139900615,0.0484763592377317,0.0140685568031107,0.0463824844938818,0.0132068449646255,42.487
"100888",0.00475286551026633,0.00420017352394454,0.0642782676532988,0.0482086966818365,0.0145829428020631,0.0458989663909374,0.0129425322722662,42.487
"100889",0.00474098540961918,0.00424623791782044,0.0621293562723677,0.0469633873462892,0.0155081867887943,0.0439259002851769,0.0122518865742559,42.487
"100890",0.00468185085906214,0.00427761101758357,0.0566646363602964,0.0426718516595556,0.0158056469416983,0.0387804023010934,0.0114621998850731,42.487
"100891",0.00478697645061498,0.00419639187787964,0.0712313626709206,0.0520092293361273,0.0145374979397484,0.0502827219921194,0.013039149764643,42.487
"100892",0.00482388593838527,0.0040778762943385,0.0767171632375152,0.0561348381275751,0.0128414485449916,0.057252563562504,0.0131367000981462,42.487
"100893",0.00479031810091529,0.00415255325343279,0.0710171887058922,0.0520188668154343,0.0139117674857095,0.0520186751249381,0.012097319045771,42.487
"100894",0.00477661164621715,0.00413498660091887,0.0696640130578008,0.0508974434043641,0.0133622481007658,0.0507985009125123,0.0125870913300567,42.487
"100895",0.00475503589221225,0.00410284360496669,0.0657722236991095,0.0486461233555979,0.0127424825480853,0.0489846311566039,0.0124554734347595,42.487
"100896",0.00466536472747691,0.0041400847833538,0.0545850864234155,0.041297894157083,0.0131600357641222,0.0398157131622649,0.01031203696693,42.487
"100897",0.00469079002348253,0.00418995374832561,0.059499821229474,0.0433654113152438,0.0140543597925878,0.0416462976749391,0.0105546577364156,42.487
"100898",0.00467666694832408,0.00418944993515908,0.05972943273743,0.0427897161433849,0.013846848714479,0.0422530077442891,0.010772662270717,42.515
"100899",0.00474433248493765,0.00426774028800633,0.0655967361645461,0.0479197110700996,0.0156993297765721,0.0441069375914946,0.0128717622549851,42.736
"100900",0.00477171516563353,0.00424066944532923,0.0691666819114853,0.0503977755281339,0.0153277600336958,0.0474435301303394,0.0133255429339872,42.751
"100901",0.00472885071935055,0.00427605018594755,0.0624948868126771,0.0463016654842194,0.0159219196774258,0.0422232057641344,0.0130959880681247,42.751
"100902",0.00457950711453693,0.00434018418887223,0.0478910058340495,0.0369006756238783,0.0170331799033341,0.0310814228137876,0.0116421208922332,42.751
"100903",0.00465556459715789,0.00430849221517533,0.0544924116321253,0.0410302766575981,0.0163891460147629,0.0357695309027864,0.012440559648241,42.751
"100904",0.00454202723360764,0.00433928954139661,0.0456548683390645,0.0353966780691588,0.0169506981526551,0.0295516992347877,0.0110847575765415,42.751
"100905",0.00460903943979098,0.00431976095819143,0.0499618573659539,0.0382997202198475,0.0166018370697108,0.0327555047586611,0.0112153455087261,42.751
"100906",0.004773767700927,0.0042527643154677,0.0688243043591267,0.0505034287720511,0.015629628315221,0.0467691621133597,0.0130651107366845,42.751
"100907",0.00478890139197794,0.00422346897077487,0.0707687080322102,0.0520453709068366,0.0152009238113976,0.0491467247453148,0.0131093041853625,42.751
"100908",0.00476878678347221,0.00421170957710944,0.066600886134157,0.0496972478009329,0.0149443775240716,0.0471290806879102,0.0127426858829829,42.751
"100909",0.00475262896089206,0.00419165646915119,0.0633313098873524,0.0479364239789415,0.0145298523000121,0.0458134383111465,0.0125764300144188,42.751
"100910",0.00477843379537619,0.00417102802304732,0.0684790092210813,0.0508253421367749,0.0141349100141952,0.0492684002794911,0.0132979585751348,42.751
"100911",0.00470377987805464,0.00423647406934015,0.0570269270897738,0.0437551961116265,0.0152262167109977,0.0408060605529485,0.0115641825739928,42.751
"100912",0.00467270144687839,0.00427114856607526,0.0535459586486905,0.0414035858008349,0.0159100509584358,0.0379609573549113,0.010835113354628,42.751
"100913",0.00467325628913759,0.00430459669295622,0.0559903902197342,0.0420336575656473,0.0164010739341222,0.0376784184745236,0.0110934680755276,42.751
"100914",0.0047626676334698,0.00419171217505965,0.0666856143958039,0.0493210464648693,0.0143949900380912,0.0477276884843078,0.0125590742681364,42.751
"100915",0.00483357880574441,0.0040979816609999,0.0783753212262787,0.057088243746021,0.0133878902768724,0.0584479426292033,0.0127769939913748,42.751
"100916",0.00483372835213802,0.00413992644490607,0.0794008767710807,0.0574973903214161,0.0140603388476377,0.0581328239955047,0.0125412332876307,42.751
"100917",0.00475197062940649,0.00416030429314748,0.0655090439684933,0.0481728615381148,0.0138139210915106,0.0477586059132897,0.0121712499834224,42.751
"100918",0.00477939833741744,0.00411130478439009,0.0701073432908359,0.0509431134144206,0.0130894558719169,0.0517587411432874,0.0126613167810168,42.751
"100919",0.0047206784991369,0.00415521456998739,0.0625414539606311,0.0457098628646694,0.0135240053644536,0.0455022767627067,0.0116264995929039,42.751
"100920",0.00470712484513519,0.00420521542164861,0.0619965920675518,0.0450359138282403,0.014387652207443,0.0430090909969804,0.0112611678486326,42.751
"100921",0.00472055793738765,0.0041785496930853,0.0656507176859372,0.0465990731224957,0.0137649840665228,0.0461313550228722,0.0117102575369205,42.745
"100923",0.00462241607993552,0.00430079247031965,0.0519478925141885,0.0392441578464293,0.0161839827825172,0.0346885904591123,0.0117271922589053,43.015
"100924",0.00459189959236424,0.00432037250421969,0.0498995768027619,0.0377017462829203,0.0165282149434792,0.0326423467221894,0.0119021934542274,43.015
"100925",0.00456639828602886,0.00434639387841778,0.0485197492847584,0.0366271272034206,0.0170714148479106,0.0308316435875545,0.0117455765844873,43.015
"100926",0.00453209379072681,0.00435171998034828,0.0456275706067946,0.035161302112615,0.0172463129747605,0.0291375720026095,0.0109555309585641,43.015
"100927",0.00455292104842835,0.00433348655391519,0.0465217660451799,0.0358910708262295,0.0168572051543595,0.0303015266697017,0.0107999851817767,43.015
"100928",0.0046425608139826,0.00431714158175316,0.053088826795072,0.0402098596720589,0.016622825101051,0.034786957209959,0.0112078574720372,43.015
"100929",0.00472949001653312,0.00428138684757675,0.0628743719869271,0.0464634289880845,0.0160405657445875,0.0419136394189447,0.0120958992580866,43.015
"100930",0.00473151261595039,0.00428517287493971,0.0619534616355448,0.0463706451910647,0.0162378005929807,0.0416403625774847,0.0117807254197848,43.015
"100931",0.00476728415636432,0.00425575104632145,0.0669264147871656,0.0496852619725453,0.0157892744109842,0.0459295237264083,0.0123284650143,43.015
"100932",0.00478674895624943,0.00424445540906978,0.0701864732339085,0.0517539085535127,0.0156615906233001,0.048561454459742,0.0126832728650421,43.015
"100933",0.0047844389427227,0.00420310869164952,0.070382690630899,0.051647967409848,0.0147920159543345,0.0496996680971994,0.0130580006750822,43.015
"100934",0.0047869537109977,0.00422364924268647,0.0702966105947496,0.0518213382011291,0.0152749533514198,0.0495307768854545,0.0128991211652021,43.015
"100935",0.00476529889261854,0.00423026397457083,0.0670486079471604,0.0495606284204507,0.015278454895161,0.0472215007017144,0.0124856647976905,43.015
"100936",0.00471108275744926,0.00422225650722795,0.0606504657139099,0.044836790679951,0.0147427556758133,0.0426738861295907,0.012214704521854,43.015
"100937",0.00474299389245859,0.00424251762585357,0.0654989278518255,0.0476237613829178,0.0152395525023196,0.0451917521133781,0.0126837113626334,43.015
"100938",0.00490707971955658,0.00404655499026009,0.0996278056904574,0.0694171993796513,0.0130740386175422,0.0730459844719814,0.0143367987939748,43.015
"100939",0.00485652920981029,0.00417516922572775,0.0841654285908488,0.0607109880829829,0.0148769311086769,0.0602167045151099,0.0127795936138605,43.015
"100940",0.00473837358179961,0.00418454713494675,0.0632778948596814,0.0471706867602691,0.0143299482264266,0.0447241313621373,0.0117767734290927,43.015
"100941",0.00477782009176188,0.00411765170945636,0.0702828406556987,0.0512124184926807,0.0132303208516466,0.0517144012198154,0.0125000431547014,43.015
"100942",0.00476261722837578,0.00417386146906152,0.0697876501542494,0.0500521735850119,0.0139820800326735,0.0495276508969693,0.0126981681092033,43.015
"100943",0.00471386042786509,0.00418238689406416,0.0630610322778416,0.0456077498959542,0.013911390735956,0.0448060113081028,0.0121717185662463,43.015
"100944",0.00476279359910936,0.00419146143812677,0.0714215138974109,0.0504385931839842,0.0142043567889067,0.0496871517248891,0.0124441777551347,43.019
"100945",0.00442005522709029,0.00435938066852438,0.039944667646794,0.031802713340855,0.0174479400412472,0.0259968480617843,0.00980237651120003,43.232
"100946",0.00454496255852805,0.00433315082115713,0.0471298995875525,0.0358402102996066,0.0167620023187647,0.030490537480074,0.0113984275715299,43.258
"100947",0.00457676524250845,0.00433077325521915,0.0505734101916534,0.0374693553029788,0.0166156128039195,0.0321716641145646,0.0122486403975525,43.258
"100948",0.00457743979301433,0.00435770686338918,0.0503110490243481,0.0373996691939067,0.0172908540472849,0.0312174256421289,0.0120111733754083,43.236
"100949",0.0046373967724018,0.00430594846201776,0.053803599710781,0.0401911288747026,0.0162598222756478,0.0351953650492998,0.0117227133719627,43.214
"100950",0.00469184951067816,0.00429492260516222,0.0579616322582043,0.0434220831707893,0.0162564871568033,0.0385308288265444,0.0115763844424417,43.259
"100951",0.00475199699804601,0.00426170716809071,0.065873529016495,0.0484644065058615,0.0157229663481281,0.0444273152759252,0.0121289579759334,43.277
"100952",0.00478860799924546,0.00422833404914134,0.0712728375325837,0.0521224822471434,0.0152469183676535,0.0490002100981621,0.0123303008401706,43.277
"100953",0.00479592376008942,0.00421564093739162,0.0717641603604482,0.0527832658292256,0.0151216704419923,0.0501101012641773,0.0123344298397737,43.277
"100954",0.00483989003214129,0.00415740377876453,0.0806166187746397,0.0583678999734571,0.0143247938235893,0.0576087634792836,0.0132010909883864,43.277
"100955",0.00487418530782074,0.0041285536093862,0.0876154197387811,0.0632414303826313,0.0142165845482121,0.0636124292649582,0.0138703745040375,43.277
"100956",0.00490406913364951,0.00407224458074383,0.096961515821672,0.0685942423188922,0.0135370961085232,0.0709512179642648,0.0146734577671479,43.277
"100957",0.00485289926361005,0.00414767445485243,0.0845285802430251,0.060431630255212,0.0142191772580327,0.0605849678685483,0.014258702305606,43.277
"100958",0.00478356396666018,0.00419965494983379,0.0717884060830427,0.0519176831871899,0.0146438468199998,0.0504901017039676,0.0134696714851241,43.277
"100959",0.00475831860525356,0.00425701090106161,0.0692660645338687,0.0496277344710798,0.015543108122082,0.0468121856883703,0.0134577223288045,43.277
"100960",0.00487708954425725,0.00408101141195755,0.0927742697914978,0.0646491230613483,0.013152558099833,0.066830748577702,0.0146758848096319,43.277
"100961",0.00483945252133311,0.00417806026818006,0.0792154179857606,0.0580458615291044,0.0148837222401194,0.0563568461795779,0.0124861145250488,43.277
"100962",0.00475101938559501,0.00420618408723222,0.06495670232729,0.0482755968715566,0.0147891429702546,0.0453073632169604,0.0119920009186028,43.277
"100963",0.00479232741040368,0.00412264412320559,0.0735857415739646,0.052993269704981,0.0133053872961571,0.0533401624904382,0.013025297819703,43.277
"100964",0.00479618638235892,0.00417281220268225,0.0768054768546665,0.0539309614600708,0.0139922092719663,0.0535000475943079,0.0136589711707016,43.277
"100965",0.00474261003255003,0.00415325853723276,0.0662487558430519,0.0480868692849914,0.013575157023891,0.0477555139001743,0.0124879131736729,43.277
"100966",0.00475378317187277,0.0041590982880805,0.0683697150711554,0.049225249857453,0.0137044784747735,0.048881847417962,0.0120393631148715,43.277
"100967",0.00477515809739692,0.00416174674068559,0.0720413973676654,0.0514169069744545,0.0138423106157389,0.0509529115717462,0.012063645145873,43.3
"100968",0.00472820967261227,0.00425158757071952,0.0613340222043628,0.0460757775379508,0.0155341243405134,0.0421397937820346,0.0114492843200495,43.489
"100969",0.00486430439297067,0.00412852101960817,0.0873658127583901,0.0621394004454039,0.0138789603462024,0.0619777835572334,0.0135165067107628,43.538
"100970",0.00492276419329981,0.00406142898790667,0.103092351629861,0.072187333968535,0.0134839014203305,0.07459630175096,0.0145386098962685,43.538
"100971",0.00486057354919187,0.00415095411481686,0.0829052430424287,0.0608335585771892,0.0145818534229165,0.0601239156831841,0.0131255038087584,43.538
"100972",0.00491008071251742,0.00406212339143836,0.0967951057097328,0.0693002780666833,0.0135966495178678,0.071484535209819,0.0144277667451657,43.538
"100973",0.00490983544770983,0.00394644769856902,0.0984629700354338,0.0696635520390704,0.0119414835462765,0.0740137887863577,0.0149390113780844,43.538
"100974",0.00487380596949387,0.0041228094640478,0.0884870029991407,0.0633891867215727,0.0140607124725555,0.0641353663606846,0.0146421951695681,43.538
"100975",0.00482021655063444,0.00420516153914566,0.0785850991085178,0.0561955886718668,0.0149447337501032,0.0547488396319195,0.0142073487520194,43.538
"100976",0.0047650246085759,0.00422785014047779,0.0704343534761172,0.0503305544588084,0.0149461585878292,0.0481021922398252,0.0138433758374385,43.538
"100977",0.00482187180888539,0.00417003012443128,0.0826416021277719,0.0572026746368827,0.0139603014962205,0.0567797482266503,0.0151807723660773,43.538
"100978",0.0048360529657495,0.00407635509965618,0.079682874652447,0.0578873548701082,0.0130451423963699,0.0591291525164817,0.01316235210508,43.538
"100979",0.00475239217359452,0.00421836266457197,0.0649432477216755,0.0483448972192513,0.0150371283889557,0.0453347577670775,0.0121665625564307,43.538
"100980",0.00479420960127369,0.00414708374549931,0.0733172283817518,0.0530536327766814,0.0137706814048141,0.0526765837732589,0.0132539577623845,43.538
"100981",0.00482927697588705,0.00416826307642865,0.0825188945488375,0.0578239657050369,0.0141646524539559,0.0576153054455457,0.013963270956102,43.538
"100982",0.00474899848718232,0.00418463217129709,0.0650778305436112,0.0481943622689121,0.014364151454765,0.0446453264767804,0.0117935546681275,43.538
"100983",0.00477684908322835,0.0041316699025893,0.0697601696890598,0.0510609149639214,0.0135363263388418,0.049443271580933,0.0117480574007381,43.538
"100984",0.00478831424316932,0.00414593091219959,0.073463654443919,0.0526602032505647,0.0136899870696923,0.0517555736279346,0.0121133912537154,43.538
"100985",0.00482906746293172,0.0041577068942176,0.0783042474050324,0.0568983934348365,0.014214361931151,0.0555041898818591,0.013215468366873,43.797
"100986",0.00488057531023035,0.00406046249604185,0.0917638820946381,0.0648071169160461,0.0129250630921551,0.0662740038289603,0.0145326245781837,43.798
"100987",0.00482686604031528,0.00419020542004398,0.0749431360891476,0.0559793500461123,0.0150767925820368,0.0538234528483036,0.0129848657429091,43.798
"100988",0.0048736319066991,0.00410853865154913,0.0856463139228235,0.0627787092639075,0.0140371589171445,0.0630941397322258,0.0139358081238873,43.798
"100989",0.0048785364285122,0.00408317299144034,0.0881520453108897,0.0638425446441748,0.0135878254609962,0.0649781216870155,0.0146108247062368,43.798
"100990",0.00485595072485505,0.00419168432306291,0.0837012641562455,0.0605198330412072,0.0151343727868265,0.059277554557229,0.0145005178057099,43.798
"100991",0.00484548842086502,0.00419396185242461,0.0843433156166059,0.0596457898787777,0.014849384294371,0.0585366617525334,0.0149001874009796,43.798
"100992",0.00474966517406261,0.00427812998792704,0.0660999425253582,0.0483735764563431,0.0160903878753921,0.0444999501074785,0.012838721449012,43.798
"100993",0.00482037468953196,0.00422879196095947,0.0788413218437826,0.0562369032127078,0.0153668361777839,0.0540254766587374,0.0138608775903855,43.798
"100994",0.00485822261854011,0.00420009168785304,0.0842670648355478,0.0608629795830869,0.0153176294006336,0.0596044314247589,0.0132339166354888,43.798
"100995",0.00480792213959058,0.00427329876005268,0.0742180537656837,0.0542068150641545,0.0163911344727175,0.0496527365769865,0.0129144695716874,43.798
"100996",0.00483549711271974,0.00417362853452586,0.0816146807555286,0.0581751410447012,0.0144579750722964,0.0574093405881035,0.0139211004127426,43.798
"100997",0.00487448519521838,0.00416636964263365,0.0919463317406518,0.0641458044053557,0.0145411376154873,0.0643178522268492,0.0142124610564757,43.798
"100998",0.00486561711354807,0.004179210913523,0.0875713562774598,0.0623163669431969,0.0149058659391634,0.0599384668364972,0.0128833157060588,43.798
"100999",0.00482862879650017,0.00416651788813503,0.0788270808328984,0.0570006117907161,0.0144693042108066,0.0536152536972898,0.0121773392956347,43.798
"101000",0.00481872888200875,0.00415521456998739,0.0787701243333643,0.0561518475436779,0.0140498741955188,0.0550035038355611,0.0125906418721135,43.798
"101001",0.00479226070674785,0.00414527512295979,0.0741655919476785,0.0530970989163676,0.0136983782918468,0.0520377100125055,0.0122086451992622,43.816
"101002",0.00480152854545013,0.0041840081557665,0.0758462285797676,0.0541342068480086,0.0144557815338379,0.0508583577480437,0.0120688721379542,43.84
"101003",0.00471451104237837,0.00426940188590386,0.0586198755386974,0.0447088348020805,0.01594800653646,0.0400002971072683,0.0117866494057643,44.058
"101004",0.00478326388949994,0.00420830171506327,0.0703138241308079,0.0515420504158493,0.0148321920153585,0.0487386812147928,0.0133820465521484,44.057
"101005",0.00482330104927929,0.00415646266497413,0.0766535958839222,0.0560546585988616,0.0142084336230792,0.0546490049997823,0.0138380421384318,44.057
"101006",0.00484575516543482,0.004132574258356,0.0798543582269916,0.0587609567260587,0.0141181583645922,0.0581229847743126,0.0140744875873774,44.057
"101007",0.0048315130130575,0.00414131767772866,0.0767277592984629,0.0568010615929178,0.0141839588750275,0.0559219257566435,0.0140704074024087,44.057
"101008",0.0048787379927342,0.00409465957454125,0.0905787003488661,0.0643530002973328,0.0135459460007648,0.0654058313514877,0.0153618888115753,44.057
"101009",0.00490859169733444,0.00401302950571834,0.101865834103479,0.0701565477188851,0.0123953808468346,0.0736543757242729,0.0160195835832709,44.057
"101010",0.00474441419239086,0.00428967089249239,0.0655022998398163,0.047907773674732,0.0162914792657888,0.0435103633133534,0.0131163695212103,44.057
"101011",0.00481850990891223,0.00424655454023946,0.0766747832850341,0.0556054037268819,0.0158482216337369,0.0525778985912382,0.0131263336910294,44.057
"101012",0.00483806177862687,0.0042278246557196,0.0781834653124816,0.0576435926837943,0.0158179176406144,0.0548165005859155,0.0125986247018505,44.057
"101013",0.00481598723403439,0.00424145902172796,0.0741725862282633,0.054868045317656,0.015905640813188,0.0507071812531098,0.0128042476697848,44.057
"101014",0.0048238275138603,0.00421893609315093,0.0789659628578927,0.0565553812368904,0.0152241102246754,0.0543048347682286,0.0138661971525165,44.057
"101015",0.00493985027611446,0.00398214914008405,0.111800983764967,0.076308109675126,0.0124196898111625,0.0813797428065205,0.0153988568768622,44.057
"101016",0.00493001140654825,0.00404959124040461,0.107869372481015,0.0741342630930483,0.013272586584207,0.0779121723130012,0.0145188785328935,44.057
"101017",0.00483568254041924,0.00415169297079827,0.081108019449413,0.0581092776740181,0.0141694809878211,0.0571709598074052,0.0127405094743608,44.057
"101018",0.00481916622648668,0.00413386265345025,0.0786953872501873,0.0561785777832571,0.0136751018268483,0.0563276034623501,0.0127981993719826,44.057
"101019",0.00480282958874091,0.00413878455445387,0.0759272045698102,0.0542770132841957,0.0136418505318018,0.0538074289385263,0.0124910598052614,44.057
"101020",0.00480852515926115,0.00416057514646625,0.0774563804810594,0.0550353101958248,0.0140251833623597,0.0536600761385589,0.0125661992445027,44.057
"101021",0.00480353047720923,0.00415967159160516,0.0764665151005834,0.0544368123592166,0.01401319980527,0.0521297414066689,0.0122694845577264,44.063
"101022",0.00482108502139248,0.00413089310701392,0.0800903245403404,0.0566478015380589,0.0136257754777093,0.0553974782297579,0.0123842608973196,44.074
"101023",0.0047140155005838,0.00426299573952288,0.0601664080964965,0.0450311716617059,0.0156217157719072,0.0405761921816473,0.0125479284429477,44.28
"101024",0.00474712164813823,0.00426008487448119,0.0651081229344563,0.0479889544798637,0.0156712036960728,0.0437059396638425,0.0132621238058095,44.314
"101025",0.00480846284866807,0.00419182356390243,0.0762407849927157,0.0547177976657666,0.0145185601253549,0.052495173184869,0.0143061482888091,44.314
"101026",0.00482828493027322,0.00414782976010987,0.0781550539428067,0.0568059277450004,0.0140435176817863,0.0556271462328995,0.0143680615886086,44.314
"101027",0.00482937214842154,0.00416033439697207,0.0773926340860209,0.0567353730764688,0.0143799443340078,0.0553328344864011,0.0143562161919764,44.314
"101028",0.0048349957397043,0.00416648824340054,0.0787131799069421,0.0575095722748668,0.0145269388476261,0.0561295228708442,0.0145961479671494,44.314
"101029",0.0048387032548062,0.00416574641483043,0.0809321624337335,0.0583166533433707,0.014422114616232,0.0572329754776096,0.0148053135417409,44.314
"101030",0.0047380380555766,0.00431681300065262,0.0648457262769404,0.047354243182116,0.0168400153550849,0.0419879920102397,0.0133538428711709,44.314
"101031",0.00481412828420744,0.00426428029346506,0.0770918174880504,0.0553093587616192,0.0160607784731355,0.051654243843547,0.0139067457123927,44.314
"101032",0.00483456781475213,0.00419171217505965,0.0784855230046428,0.0574121246827173,0.0150083916183486,0.0555753651916748,0.0128730467965185,44.314
"101033",0.00480223327192876,0.00422357199304414,0.0707411148366631,0.0530415595513149,0.015543108122082,0.0494245264831038,0.0123992838467215,44.314
"101034",0.00480666964391561,0.00423051723517518,0.0747257448981829,0.0542358613786747,0.0154155723527636,0.0513316530399024,0.0135224416430654,44.314
"101035",0.00482820844837039,0.00417831944937089,0.0779952964230973,0.0567597011714546,0.0146604883969423,0.0553554572214541,0.0135125477565512,44.314
"101036",0.00495596749125428,0.00395068583093063,0.117078769912902,0.0797358844130669,0.0123110405547864,0.0857901541300339,0.0154701383291801,44.314
"101037",0.00485909850397027,0.00411761821573252,0.0870907532465334,0.0615867416654253,0.0136777744699385,0.0623659857156451,0.0138403284147685,44.314
"101038",0.00484039945434706,0.0041819306318881,0.0818197636688826,0.0586657173203299,0.0147589502391884,0.0557404676686507,0.0130688723655557,44.314
"101039",0.00482435282104654,0.00410891543157042,0.0803443948768916,0.0569762722373676,0.0132264020164034,0.0577167344067784,0.0131234287333045,44.314
"101040",0.0047822454143416,0.00418021504625815,0.0715772026783968,0.0517948468185928,0.014328475687873,0.0486422707147063,0.0122759577894067,44.314
"101041",0.00479385644455158,0.00415445162845464,0.0741830780117502,0.0532154434405507,0.0139000845302963,0.0508552068612367,0.0124188153306985,44.314
"101042",0.00481433104726622,0.00412910722876406,0.0778711068655913,0.0556223952380968,0.0136319010558602,0.0533369662526323,0.0122528137989473,44.321
"101043",0.00479563892462608,0.00415301336166795,0.073042040179577,0.0531212484810897,0.0140943069848071,0.0473324763686551,0.0112484104478154,44.336
"101044",0.00480420816063685,0.00412141846369236,0.073718360593551,0.0539478953286261,0.0137288580024078,0.0486609263426292,0.0107257257321116,44.338
"101045",0.00475072795922356,0.00426386033463724,0.0669298081589957,0.0486030783243455,0.0156058812744657,0.0442791297250419,0.0137902723544382,44.546
"101046",0.00476802434800992,0.00426013198753905,0.0688619414980062,0.0501337501937938,0.015702414385529,0.0459081329511064,0.0138528920771136,44.571
"101047",0.00483299842958575,0.00417409426916989,0.0817657798507313,0.0579580672729951,0.01428793438644,0.0563763438531915,0.0148390903162066,44.571
"101048",0.00482294942730939,0.00416574641483043,0.0759941168847897,0.0558773370676457,0.0144316354059596,0.0541634961967145,0.0141641410998953,44.571
"101049",0.00482574802129171,0.00414380350251628,0.0761632354762317,0.0561688575325283,0.014114061152216,0.0550002780236685,0.0142354298643154,44.571
"101050",0.00474982489818763,0.00422672730462571,0.0632578676317276,0.0477860311384836,0.0152490223894917,0.0444696812694676,0.0130466953927857,44.571
"101051",0.00471336350193641,0.00433015684956374,0.0629243543686765,0.0455555158733877,0.0169381050140875,0.0397425365718812,0.0139587624924716,44.571
"101052",0.00478908176115369,0.00426114361662158,0.0734636544439191,0.0525998901262714,0.0157636657162244,0.04882269828468,0.0142507093067328,44.571
"101053",0.00487450096845273,0.00414097032268113,0.0896197675582988,0.0636651009567736,0.0142354658334784,0.0634709514828444,0.014299282521832,44.571
"101054",0.00484139696508707,0.00420316284705151,0.0788057207309844,0.058084885938186,0.0153612586316433,0.0557922947852852,0.0127943087484942,44.571
"101055",0.0048493712806929,0.00420822149992513,0.08172619835792,0.0594427840228821,0.015408269613242,0.0571905415246433,0.0134321735263955,44.571
"101056",0.0048302459638259,0.00417476282214956,0.0784997458956926,0.0570419916826492,0.0145898407259673,0.0555818370308124,0.0137237160353608,44.571
"101057",0.00487691783294601,0.00411995599633766,0.0919686798147083,0.0644270168169774,0.0137839680308923,0.0651613227649038,0.0149759959209351,44.571
"101058",0.00491008071251742,0.00403511945042276,0.103096203274472,0.0705801344066479,0.0126700912452161,0.0739256488118145,0.0158535219073001,44.571
"101059",0.004857732755752,0.00413102267793882,0.0872997752840772,0.0614836395732838,0.0138389062779682,0.0619811270196271,0.0141225643715934,44.571
"101060",0.00485595072485505,0.00412347014221589,0.0863987327265677,0.0611302927134192,0.0137604248677223,0.0618440894331167,0.0136195730466291,44.571
"101061",0.00480982993066883,0.00417085210271053,0.0767348235774748,0.0549771246896732,0.0142713233584926,0.053301811428524,0.0130164705793662,44.571
"101062",0.00478601950398282,0.00418064462600851,0.0726663249494177,0.0522984399367117,0.0143273712062848,0.0494807681715336,0.0126533975621259,44.571
"101063",0.00477979711979943,0.00414374076027352,0.070372359395775,0.0513952509669564,0.0137934523489803,0.047647331280043,0.0119645945742407,44.571
"101064",0.0047863389155371,0.00417368678077123,0.0713627240118092,0.0520598283163959,0.0143887530686023,0.0462507436549654,0.0116536891120768,44.575
"101065",0.0047909674045449,0.00416491394085284,0.0711795290497749,0.0523707704114606,0.0143762727822256,0.0462139988342376,0.0110481620601133,44.576
"101066",0.00480391191158649,0.00412858619650266,0.0732754081010602,0.0538269520960685,0.0138789603462024,0.04843099030718,0.0110273193486916,44.579
"101067",0.00482841871478038,0.00414421108768302,0.0787843623265346,0.0570103479355649,0.0142139914685492,0.0508363027700379,0.0116143824294346,44.605
"101068",0.00476302016791449,0.00427568741054451,0.0673305799347113,0.0494575923659116,0.0160456207934778,0.044708973339451,0.0135678040960231,44.787
"101069",0.00475921530993896,0.00428241472409338,0.066370585149727,0.0489978160072815,0.0162474796618533,0.0440495849508278,0.0133788281188072,44.826
"101070",0.00477224812173101,0.00426358012413521,0.0675448383313353,0.0501313506710398,0.0159879191749366,0.0457401666222805,0.0133465749723504,44.826
"101071",0.00479836368599457,0.00418446208071258,0.070582515214404,0.0527301760951072,0.0147013062153815,0.0503738118498158,0.0132265423004159,44.826
"101072",0.00474367780056769,0.00420610345320852,0.061704804179474,0.0470801297063825,0.0148769311086769,0.0440133737647596,0.0124518606125619,44.826
"101073",0.00474929206219888,0.00427878341477104,0.069252354098579,0.0490073898071539,0.0157469171162706,0.0446150280070286,0.0148066806664201,44.826
"101074",0.00477412807062121,0.00425765123357454,0.0705549433283916,0.0509166723273263,0.0156420068804624,0.0470090158936955,0.0138578363638774,44.826
"101075",0.00486888411979866,0.00414411706637594,0.087325454784243,0.0625966781300892,0.0143166911158084,0.0620546968763507,0.0136234820390095,44.826
"101076",0.00488591470461264,0.00416994195582149,0.0915071434677304,0.0652813551135112,0.0149254880312584,0.064409153454784,0.013594120437018,44.826
"101077",0.00487295027261591,0.00420432544550276,0.0864206767402314,0.0627959314656682,0.0155903788375606,0.0594161637427064,0.0132175202227063,44.826
"101078",0.00489056391524386,0.00416991256199799,0.0927107922278286,0.066057757104594,0.0149817450764393,0.0653820476320603,0.0142368861872858,44.826
"101079",0.00491215553877106,0.0041296925780752,0.100548030645574,0.0702736286220809,0.0143872852390843,0.0713101167867574,0.0151323888363093,44.826
"101080",0.00488060607050243,0.004168322103056,0.0921773386078079,0.0648416837833458,0.0147103247366363,0.0645614084545251,0.0150747946238497,44.826
"101081",0.00494652110378477,0.00397551073793364,0.116232091132474,0.0781408959663139,0.0122283297393985,0.0836383999808772,0.0166043815919317,44.826
"101082",0.00488209326558549,0.00410033263547893,0.0936455679496638,0.0653530182102623,0.0135274715255407,0.0669128411621143,0.0144934460088607,44.826
"101083",0.00480804702760731,0.00420205121558057,0.0746206221143865,0.0543641699428321,0.0149828116496242,0.0496214562859522,0.0127657191050243,44.826
"101084",0.00480867048728563,0.00418958994615161,0.0761738090475995,0.0547565668684071,0.0146514458954862,0.0517745795921357,0.0130713791497676,44.826
"101085",0.00480157131563533,0.00420123589465218,0.074638139564785,0.0538753257681947,0.0148776460787804,0.049443271580933,0.012717402637237,44.826
"101086",0.00477549248930748,0.00421532571898267,0.0700798259683383,0.05098878797597,0.0150367738758959,0.0451552617549168,0.0122440005974764,44.826
"101087",0.00479136952887172,0.00419362935389535,0.071573741847931,0.0524672283182636,0.0148404319260278,0.0461588980301835,0.0118412204655232,44.826
"101088",0.00482116381688421,0.00416515196627565,0.0768655471283165,0.0559672045595434,0.0145404097373409,0.0499439262193816,0.011911902553882,44.826
"101089",0.00483740017832601,0.00412459078762093,0.0816290676145314,0.0584118296376017,0.013834744531047,0.0552875973381237,0.0125233513399331,44.826
"101090",0.00484812502445772,0.0041117129487326,0.0850632444959693,0.0601279302747013,0.0135928135218669,0.0592412682005564,0.0130357938938413,44.827
"101091",0.00493083827402828,0.00409536873997887,0.106867640044019,0.0740064607650496,0.0139993338188236,0.0761101129641127,0.0154033475868928,45.076
"101092",0.00489412411587976,0.00412695357129556,0.0926473274053283,0.0664909065890218,0.0144048914718101,0.0654568051997697,0.0143759497907395,45.081
"101093",0.00488929128754726,0.00415414604547804,0.0917006080715049,0.0657263015410373,0.0147866287510867,0.0631748284427334,0.0143730821602373,45.081
"101094",0.00493956079809615,0.00401083775391589,0.113909079725739,0.0766652234066419,0.0125806731037452,0.0813942552427373,0.016577350360988,45.081
"101095",0.00486894868774177,0.00411875542402133,0.0894091304901024,0.0630690964785972,0.0137858653027328,0.0639732873238022,0.0143988577472915,45.081
"101096",0.00484817781423003,0.00415310532005532,0.0843505786503294,0.059939428107587,0.0142373158856969,0.0594458783407419,0.0138904734041732,45.081
"101097",0.00482541933271585,0.00418751282230051,0.0790764073816441,0.0567621340447114,0.0147510346343123,0.0536120525242483,0.0133133847091814,45.081
"101098",0.00480742193157493,0.00419109898834722,0.0764488728907112,0.05472506665875,0.0146514458954863,0.0522122937648764,0.0132710971110015,45.081
"101099",0.004808483620677,0.00418292803734541,0.0756456581975259,0.0546499589087431,0.0146174069566694,0.0503895219945911,0.0128309778499004,45.081
"101100",0.00482582529414122,0.00417895230399647,0.0784357488374771,0.0566818553495282,0.0147211412577301,0.0513284933866761,0.0126657129024293,45.081
"101101",0.00483079521179984,0.00415322789847567,0.0803694568399317,0.0575363735820642,0.0142221399023241,0.054665103662976,0.012946351418463,45.081
"101102",0.00483774958386919,0.00413973635602061,0.0822700347728212,0.0585607296884562,0.0139922092719663,0.0570828669750487,0.0130964045269004,45.065
"101103",0.00490878345809542,0.00408097467274784,0.0985579855639118,0.0694744241729249,0.0136632609221013,0.0711149199544031,0.0149991204453619,45.326
"101104",0.0048752254256845,0.00415548887449072,0.0900340739209779,0.0638228259687038,0.0144912118927089,0.0634608495428799,0.0148584815135806,45.334
"101105",0.00486417272673795,0.00412962758164212,0.087164077580216,0.0620951675665908,0.0139832057870711,0.062168447215762,0.0145646175222466,45.334
"101106",0.00487934167868846,0.00407013534790545,0.0932937697577842,0.0649923204585033,0.0129768593708736,0.0669436336728651,0.0149457468067534,45.334
"101107",0.00485015782669703,0.00413505073110451,0.0853254812054885,0.0603385428366378,0.0138751855241907,0.0607510720881534,0.0141523871185956,45.334
"101108",0.00483655213308303,0.004174239701046,0.0821438858386818,0.0583898643463079,0.0144955903213324,0.0568155757340502,0.0137499388002631,45.334
"101109",0.00483717923834525,0.00417032388057192,0.0820718262234644,0.0584386773516146,0.0144671120158315,0.0564250968859674,0.0135878433963884,45.334
"101110",0.00483514440411948,0.00415797950276691,0.0811331510149056,0.0580702514431465,0.0142949433984366,0.0556044902476754,0.0134317737051362,45.334
"101111",0.00483185227420615,0.00415927941964456,0.0803121757209114,0.0576046013524138,0.0143056361855061,0.0549873753435588,0.0132991774756991,45.334
"101112",0.0048780861784751,0.00408680986293498,0.0892577095175686,0.0640003184065959,0.013497408342924,0.0645309488297301,0.0146157116800469,45.563
"101113",0.00487536691345676,0.0041216837908647,0.0900710927972091,0.0638548691601477,0.0138849983919127,0.0638349422638752,0.0150744625976641,45.586
"101114",0.00486038966203775,0.00416111630640518,0.0852489710519347,0.0612873078124816,0.0145484148304175,0.0593468470128326,0.0145121741426617,45.586
"101115",0.00488491967089614,0.00409387802193694,0.0929535693040756,0.065516146087312,0.0135216942043689,0.0666188160401621,0.0150028016611323,45.586
"101116",0.00489679992791293,0.00405129874131893,0.0979579395173482,0.0679237592488633,0.012851873517311,0.0704225743616793,0.0153017919083454,45.586
"101117",0.00483710554638976,0.0041537484395708,0.0816290676145312,0.0583337349974247,0.014144209780554,0.0575629759546725,0.013942587874661,45.586
"101118",0.00484041762799394,0.00416622134253466,0.0825549794632096,0.0588244591987446,0.0143810456565877,0.0573897364287869,0.0138961532762175,45.586
"101119",0.00484454354195963,0.00417237420140625,0.0828835646409429,0.0592765233730488,0.014589114748831,0.0567146246734543,0.0137921882649526,45.586
"101120",0.00483954373528719,0.00416988316603047,0.0813881858442114,0.058502141034271,0.0145458681290756,0.0551713242151648,0.013528372383459,45.559
"101121",0.00490018528936252,0.00405034663610125,0.0971280097183608,0.0681422066115736,0.0129222694564157,0.0698673904505374,0.0154749140859298,45.824
"101122",0.00488498009257951,0.00414928669636159,0.0922146136938191,0.065325834627544,0.0144528564109007,0.0647273197935565,0.0150301977324245,45.837
"101123",0.0048693357328274,0.00415670574418202,0.087530970481337,0.0626753870854721,0.0145196532166069,0.0608641008368908,0.0146862791064917,45.837
"101124",0.00488678576370083,0.00412228013165808,0.0940090004466976,0.0659216894897735,0.0139241957545846,0.0664241530733282,0.0151847110893915,45.837
"101125",0.00488598991950894,0.00405288045677848,0.0955271067285493,0.0661839567384934,0.0126879156907627,0.0683336823025806,0.0152923876521823,45.837
"101126",0.00484539944009184,0.00413289674692257,0.0838063604525827,0.0595601756197578,0.0137854858647017,0.0594921099045934,0.0143270741935011,45.837
"101127",0.00484543503635971,0.00417020640380702,0.0830172745930992,0.0593792076627551,0.0145258461851639,0.0572101252530186,0.0140748584188354,45.837
"101128",0.00489737462052683,0.00409263145219834,0.0941027354897919,0.0671697247811925,0.0137364696637012,0.0675981198034799,0.0149262005728576,46.082
"101129",0.00488796718652423,0.00410260017969011,0.0914848283395708,0.0655408663741317,0.0138381496695177,0.06507648821964,0.0148244348200322,46.086
"101130",0.00486300102501802,0.0041554279341235,0.0857813148773792,0.0616579424060261,0.0144561471416575,0.0596903672142262,0.0146744980073697,46.086
"101131",0.00487445364565817,0.0041426411767275,0.0888960815886344,0.0635074193672916,0.0143163227256967,0.0620312854463231,0.0149312595842979,46.086
"101132",0.00486923902976812,0.00407572263385519,0.0895828031758982,0.0631404856108081,0.013010638917595,0.0642401077535341,0.0150937006834118,46.086
"101133",0.00484538163997801,0.00404321193216533,0.0843178964427631,0.0597069512863397,0.0122923751970809,0.0611702590270172,0.0148346620436367,46.086
"101134",0.00481280610486865,0.00412198207284523,0.075297669533711,0.0549262179860803,0.0135397900328722,0.0529028136592056,0.0139075018179118,46.086
"101135",0.00488115908721439,0.00413017971424701,0.0880490563764608,0.0640570289200446,0.0143792100823058,0.0601172895518988,0.0142724914238293,46.335
"101136",0.00486504367797571,0.00417745486432156,0.0851469888268443,0.0617193296914282,0.0149614688901779,0.0568644423479967,0.0144013597462158,46.335
"101137",0.00486907777179399,0.00414739475367036,0.0878211351304613,0.0627122856916885,0.0143185329551788,0.0610237780614484,0.0149191133143229,46.335
"101138",0.00485482379619048,0.00411550240680884,0.0854566882778224,0.0608041391528392,0.0135759250711221,0.0607543955635842,0.0149676032627896,46.335
"101139",0.00482872422722624,0.00409012646340306,0.0793866061965973,0.057141803970841,0.0130078596651812,0.0572917457628131,0.0146651315664689,46.335
"101140",0.00484502536019168,0.00410658049839793,0.0832885020547182,0.0594232212605027,0.0133583595650716,0.0595218358873036,0.014790604093466,46.335
"101141",0.00487549261081338,0.00416858761590738,0.0859382861814527,0.06298048798221,0.0150427997092413,0.0562171720694075,0.0139184579170371,46.58
"101142",0.0048327170965049,0.0042132972424629,0.0751291172158016,0.0565018824170898,0.0156079473561348,0.0485148480358783,0.0133590879501158,46.583
"101143",0.004868964827027,0.00411024841502683,0.0869588150542297,0.0625401128618667,0.0137763769002543,0.0608607755626057,0.0148598407696273,46.583
"101144",0.00486409039879056,0.00410068233388389,0.0872997752840772,0.0621172835683525,0.0134363500542584,0.0622990024553649,0.0151155443742577,46.583
"101145",0.00484543503635971,0.00416126649946374,0.0829305366116947,0.0593449773713196,0.014317059498507,0.0567471836480941,0.0148189756516557,46.583
"101146",0.0048318334389755,0.00415819140385967,0.0801690253291351,0.0575315005138799,0.0141509026523879,0.054926100014375,0.014677271400885,46.583
"101147",0.00488967674111691,0.00417187722415126,0.0913844300144015,0.0656694285662548,0.0150325192092006,0.0609339441823456,0.0145779437737705,46.803
"101148",0.00486977041746065,0.00419290800326408,0.0857192796698151,0.0623114504520323,0.0153106397031191,0.0556789417350414,0.0143267138189375,46.829
"101149",0.00487005977265163,0.00411229046485566,0.0870907532465334,0.0626803067601535,0.0137759972578523,0.0606812917026138,0.0148261401463555,46.829
"101150",0.0048498784608403,0.00407370686144618,0.0835201544890131,0.0599443234352048,0.0128498692286561,0.060389140437725,0.0148893551894341,46.829
"101151",0.00483994466489442,0.00412356914953668,0.0816362613228581,0.0585875849996952,0.0135524843202826,0.0572982769111466,0.014767980862448,46.829
"101152",0.00483859340932467,0.0041637515468989,0.0812552510849366,0.058360578719985,0.0142569148938093,0.0547423970388672,0.0146157116800469,46.829
"101153",0.0048759477161061,0.00415497058637173,0.0874355348630752,0.0633497812840794,0.0146391410845711,0.0583625475564747,0.0145266352876269,47.061
"101154",0.00485144568521534,0.00420177962378314,0.0802906983888307,0.0593327527990239,0.0153919155697306,0.0512558374659478,0.0138734113057632,47.074
"101155",0.00484486486157282,0.00409220315093348,0.0810505844448318,0.0589417145501108,0.0132318881315827,0.0568188331162762,0.014512527129668,47.073
"101156",0.00485659717549675,0.00414838836139529,0.0844195866157159,0.0607379512336684,0.0142062100087754,0.0566365060060007,0.0145579470267637,47.074
"101157",0.00485446411773318,0.00415700938650699,0.0833391599024417,0.060296903631297,0.0143927889961017,0.0546651036629759,0.014348670009718,47.07
"101158",0.00489099155414948,0.00412773806527773,0.0925502882120469,0.0660874487270599,0.014217325360178,0.0630101218906444,0.0148802056293684,47.309
