"","Andrena_carlini","Andrena_miserabilis","Osmia_atriventris","Osmia_bucephala","Osmia_lignaria","Osmia_pumila","Andrena_violae","latitude"
"100001",0.0199649524131386,0.0325834048744122,0.00265759731524697,0.00678551496074988,0.0340332957930055,0.00532510454657463,0.0210739973858747,25.316
"100002",0.0201079662569616,0.0331016689572605,0.00309569296801092,0.00706214463883488,0.0350786557657585,0.00557315128288303,0.0219846567807585,25.329
"100003",0.0200266109182844,0.0319151427317582,0.00282970053196861,0.0068634482887118,0.0331899485508593,0.00527706496543133,0.0214908220663824,25.637
"100004",0.020011595486975,0.0324552740232507,0.00265853423325116,0.00703932977930321,0.0344229728267879,0.00548454977195726,0.022509542421437,25.637
"100005",0.0195662936078679,0.0317662020954674,0.00280123128480656,0.00664711286532952,0.033652642627438,0.00517486363741105,0.0229079628202204,25.669
"100006",0.0190076260125516,0.0311324372551527,0.00370255268462274,0.00587048400601238,0.0323730863717109,0.00460627147774679,0.021085465692033,25.963
"100007",0.0209761801547708,0.0319054038705398,0.00200599592192814,0.00776468917399217,0.0331636214660531,0.0057936214551106,0.0222258208266803,25.961
"100008",0.0234528467036235,0.0330319859112667,0.00522995414353816,0.00982799632939253,0.034664963572353,0.00711885991825994,0.0239557851144968,25.961
"100009",0.0206471527750157,0.0317369518189369,0.00225956466398862,0.00769075935191763,0.0336123378626368,0.00576808485664889,0.0237057549558772,25.962
"100010",0.0183920822763963,0.0316840068963566,0.00407897853522264,0.0053067507147981,0.0334593165123674,0.00440708713083385,0.0211647681410017,26.291
"100011",0.0190523905688809,0.0316310415133682,0.00335244251379834,0.00601995295592323,0.0332721041078845,0.00478699706311143,0.0213836436949468,26.283
"100012",0.020561569506095,0.0328054534580389,0.00146876309360823,0.00753282929727042,0.0347956133791897,0.00580354671852632,0.0224335235255527,26.283
"100013",0.0227227684951751,0.0335891944507908,0.00484676848452154,0.00937822955567565,0.0358191208915917,0.00708663808280049,0.0237499418121783,26.283
"100014",0.0217751221391711,0.0324032957776976,0.00402834347799873,0.00867995794027889,0.0345017813498679,0.00654476484555305,0.0240011923723153,26.284
"100015",0.0196806081880838,0.0323519916774991,0.00341128737143863,0.00666753469691385,0.0341760620613985,0.00525430994176186,0.0218207537579349,26.611
"100016",0.0187112586083583,0.0321924126732117,0.00352849965628866,0.0057409136748194,0.0342594800715621,0.00473732397362089,0.0215793119741229,26.605
"100017",0.019316499633132,0.0325051550403402,0.00316924328899959,0.00635325015667546,0.0345437079615524,0.00511278226408269,0.0216781563088171,26.605
"100018",0.020614970305777,0.0337128802954787,0.00162724130250982,0.00758977514948255,0.0360120671915872,0.00600411347667146,0.0223234302297055,26.605
"100019",0.020448382021252,0.0338193035419671,0.00216563847101672,0.00757462477933923,0.0365479607883755,0.00620037192601109,0.0227636248085334,26.605
"100020",0.0201608468862921,0.0326968938127222,0.0019385979873481,0.00737594304997771,0.0352733234695197,0.00594712089165164,0.0232702592833793,26.605
"100021",0.019936480160988,0.032701044118904,0.00283235632069851,0.00694812100677975,0.0346985900692588,0.00546400989725057,0.0218409338696332,26.938
"100022",0.018902015305029,0.0325093109927571,0.00323187132774485,0.00596610532156161,0.0347017619250526,0.00491131881637929,0.021522553656903,26.926
"100023",0.0198882145638314,0.0328731747117602,0.00262271988216223,0.00689837910149706,0.0349210644232076,0.0054598928817498,0.0217577991847125,26.926
"100024",0.0230402349155299,0.0356128734525852,0.00498472180417628,0.00953967838279896,0.0381758883941406,0.00748085940173528,0.0229094084598061,26.926
"100025",0.0222408224524293,0.0346085506310125,0.004440054291864,0.00899574236841806,0.0371764119453466,0.00709515000175519,0.0230506053889306,26.926
"100026",0.0184766198663666,0.0312499210025327,0.00335396295170093,0.00562913902019099,0.0333785679315394,0.00455085404434047,0.0224364809177707,26.924
"100027",0.0180886336153095,0.0320333456068985,0.00390680190365578,0.00515845504877195,0.0344019913680274,0.00442228714762056,0.0213263216099519,27.262
"100028",0.0189308313921776,0.0323804192437793,0.002926517911949,0.00607568046060356,0.03471698574114,0.00496381335546713,0.0216835268235652,27.246
"100029",0.0196814015150748,0.0327715807123162,0.00291101473437544,0.00675426937774193,0.0349558902869676,0.00537644279349031,0.0217314141996446,27.246
"100030",0.0207216785014215,0.0334137923156686,0.0017525704270036,0.00766327228904826,0.0355458753749002,0.00595217105097681,0.0220137323553146,27.246
"100031",0.022296372988017,0.0344596476543121,0.00400766943053857,0.00894531992171556,0.0366667589755117,0.0068631821032124,0.0225301597787197,27.246
"100032",0.0217735712393783,0.0338735152819666,0.00366061644489091,0.00859452335770322,0.0361671012471865,0.00664185280723266,0.0226702585569371,27.246
"100033",0.0203366280713606,0.0323922045913236,0.00166044439490865,0.00742940404268159,0.034557680438776,0.00575896891791184,0.0227956239059609,27.231
"100034",0.0185264963509114,0.0324628958805783,0.00335396295170093,0.00567519844040874,0.0349514584258463,0.00476823295053657,0.0214322564783396,27.556
"100035",0.0184234921602181,0.0320166642621418,0.00353575451885577,0.00553852250928015,0.0343256659384371,0.00462029381880392,0.0213313976288483,27.565
"100036",0.0196806081880838,0.032309686314492,0.00329033434913708,0.00673825240928058,0.0343059410739641,0.00529972471696276,0.0216624200844443,27.565
"100037",0.0199507174323669,0.0324781383543812,0.00317244104479243,0.00693996484133066,0.0343441154549298,0.00542500550829019,0.0214233206867835,27.565
"100038",0.0201963461725128,0.0325543259432025,0.00270408509287857,0.00718389424423143,0.0344547563247226,0.00557315128288303,0.021522553656903,27.565
"100039",0.0199934155123328,0.0321389475584331,0.0028110468411629,0.00703462488403369,0.0340390350588216,0.00544018076898935,0.0218481633381965,27.565
"100040",0.0199918344688463,0.0331196016771991,0.00235428600314207,0.00714814947395011,0.0356454174265474,0.00565598047460956,0.0222179770825334,27.903
"100041",0.0194502373647452,0.0320639228583876,0.00331192231093595,0.00658837045719125,0.0342034496133774,0.00519507644818584,0.0218291328586967,27.883
"100042",0.0203799294422173,0.0323707129188456,0.00225196288884127,0.00740045945291031,0.0343307557281638,0.00567848588209621,0.0221712259899761,27.883
"100043",0.0192623083617679,0.0326027874958305,0.00314597216073344,0.00635837538060101,0.0348292056875356,0.00514003282456898,0.0213781916138785,27.883
"100044",0.0191721790725033,0.0319902480227411,0.00292995303850994,0.00622247883284629,0.0339222850965357,0.00496732721078598,0.0209728631348527,27.883
"100045",0.0197472225593475,0.0320479401363909,0.00323108539615711,0.00677511322481473,0.0338807903695302,0.00527895690025195,0.0213204630400727,27.875
"100046",0.0188667821838641,0.0320548893723124,0.00251745566587084,0.00613173625567612,0.0345913351321848,0.00496632349948362,0.0218211347016826,28.2
"100047",0.0197503934073704,0.0315836340496924,0.00335168206217978,0.00688058986012995,0.0335393721632146,0.00529029465470353,0.0218470220152611,28.2
"100048",0.0211667951364607,0.0322881819603247,0.00279765431221503,0.00807506007443142,0.034092588923365,0.00604485681629514,0.0223427482182736,28.2
"100049",0.0207937932215272,0.0330726959718084,0.00226606220708439,0.00778076326026802,0.0352486900885444,0.00598322185165222,0.0221386241688692,28.2
"100050",0.0207640135537228,0.0325550183684724,0.0021475458281591,0.00774052546350507,0.0345265578309856,0.00589256519892604,0.0218588125761203,28.2
"100051",0.0208697661974431,0.0328234234684382,0.00212129473397119,0.00779557614501496,0.0347582078435484,0.0059504881288772,0.0217532129791976,28.193
"100052",0.0190835518778413,0.0313931410103338,0.00270777307808354,0.00639415520627075,0.0337977596243333,0.00501925047787802,0.0218599532329479,28.516
"100053",0.0197694160859595,0.0318657456942287,0.0030504674690412,0.00698742959455353,0.0341493056951782,0.00540563146949917,0.0218967998247072,28.516
"100054",0.0207357923506636,0.0320444653878004,0.00232380344996213,0.00775230543543823,0.0339624899604745,0.00584008431808604,0.0220600917399135,28.516
"100055",0.020448382021252,0.0321695015680442,0.00276979198009246,0.00745825416045631,0.0340447740628183,0.00568332859688282,0.0217971211749976,28.516
"100056",0.0207687162464893,0.0313742865368771,0.00224324678058991,0.00775044644039751,0.0329817457344773,0.00574679240170112,0.0219407758879511,28.516
"100057",0.0204224233414466,0.0322895694379066,0.00236263268150041,0.00749466354795255,0.0343784625839777,0.00573022677931406,0.0218238011064481,28.511
"100058",0.0193372107636539,0.0311527244972256,0.0030388589214081,0.00668930695392739,0.0335649790497699,0.00515747690069131,0.0218705962591671,28.831
"100059",0.0199807663748073,0.0319422687952708,0.00259604628706461,0.00724641845036951,0.0343975403104826,0.00557180549113812,0.0220529374206806,28.831
"100060",0.0209206410354423,0.0317515777358523,0.00297936155444863,0.00798059633700664,0.0337594191271508,0.00594459424330677,0.0222914414899474,28.831
"100061",0.0201750482908009,0.031215665472614,0.00305625686469723,0.00728241025131844,0.0330196856369396,0.00546812389031836,0.0217574170408735,28.831
"100062",0.0208979464814492,0.0311660144826662,0.00269762020711546,0.00790409948896544,0.0328156999980905,0.00581603764061093,0.0220367367856262,28.829
"100063",0.0194144351443203,0.0309903408127205,0.00303553485983604,0.00696508722685259,0.0338839827596219,0.00532651107967259,0.0221858237725875,29.174
"100064",0.0193825984463039,0.0310127502367187,0.00318361042970772,0.00680973372087498,0.0335777805108817,0.0052190397874147,0.0219059061584545,29.146
"100065",0.0204373701560539,0.031161118324691,0.00269946873850062,0.00765638756743676,0.0333189338738854,0.00570090465496293,0.0220386212425164,29.146
"100066",0.0206369498028762,0.0305596296617999,0.00275803246756892,0.00777272970956547,0.0323271832444148,0.00567848588209622,0.0220495476558865,29.146
"100067",0.0201789927253184,0.0304492718002773,0.0028314713067772,0.00737206577618016,0.032250207431285,0.00543144854662772,0.0219608366881731,29.146
"100068",0.0207961438382231,0.0316951548944817,0.00295645345270563,0.00790897491217204,0.0338060651806971,0.0059031764102564,0.0221142325391549,29.123
"100069",0.0182235505934991,0.0304126997749374,0.00159638402936785,0.00591106789607496,0.0335976201664284,0.00467064745035925,0.0218032225596674,29.476
"100070",0.0175100231747949,0.0303458592244502,0.00295219366949262,0.00505904707846513,0.0334862209866718,0.00417856306927806,0.0215989659296925,29.459
"100071",0.0197432588378619,0.0310869547428444,0.00290063788900281,0.0071997329070412,0.0337766738080787,0.0054598928817498,0.0220276889641836,29.459
"100072",0.020287790674553,0.0305743839139557,0.00275258976156984,0.0075410771360355,0.0326100804497,0.00555967907243665,0.0217497726383265,29.459
"100073",0.0206746166674862,0.0305603322825718,0.00291360375006533,0.00782636059789674,0.0323860136505087,0.00571361433024653,0.0219453196937476,29.459
"100074",0.0204704017416536,0.0311345360770615,0.00271329659914425,0.00767765084417001,0.0332567041253942,0.0057074820703404,0.0219903241163508,29.458
"100075",0.0170803930722617,0.0307744579437796,0.00286930497419383,0.00481828453193453,0.0346713088697189,0.00393084619236038,0.0221014622365796,29.824
"100076",0.016869593011907,0.0307232396290191,0.00328259342276007,0.00444573717301738,0.0344312372998495,0.00395222408113632,0.0215816252094509,29.805
"100077",0.0175271260710624,0.0301564098429193,0.00272980680984362,0.00513747715562279,0.0333586931177509,0.00419871036080288,0.0214950816869852,29.771
"100078",0.0185490112892755,0.0315097013472576,0.00223887728254992,0.00622098800464138,0.0349254973276062,0.00500482468729298,0.0218142766128341,29.771
"100079",0.0197654533684037,0.0313414595362197,0.00269391972153561,0.00724904109930125,0.0341894381190879,0.00552766731187963,0.0218572916001514,29.771
"100080",0.0200289815437679,0.0310260540611212,0.00265759731524698,0.00740110369946527,0.0334990305853939,0.00555563119794358,0.0218310367144529,29.771
"100081",0.0202799111934969,0.0304907546903104,0.00296665447652812,0.00750230975086151,0.0324079868210273,0.00551997566718258,0.0216601161846593,29.771
"100082",0.0198320032870787,0.0311758062652332,0.00328569176199579,0.00711624975136765,0.0334253572715094,0.00539499313226582,0.0215043722356246,29.763
"100083",0.0178870471194982,0.0303944099498056,0.00114382676959179,0.00586656927863883,0.0343517489531941,0.00437880312269972,0.023080740299635,30.145
"100084",0.0165213319673599,0.0298134329254011,0.00316203770388259,0.00427692898185413,0.0338328947446297,0.00341994156786574,0.0226021603007462,30.085
"100085",0.015775584432548,0.0299024400677085,0.0040738767064554,0.00323391859338507,0.033901220260187,0.00284055686332668,0.0219691579914037,30.083
"100086",0.0160776406744327,0.0298925534125433,0.00375437967552394,0.00350478407352399,0.0337900924667301,0.00315034155191287,0.0219665106740066,30.084
"100087",0.0180667994105542,0.0311282395132016,0.00150197359469811,0.00603985065200016,0.035246795020181,0.00465516946824311,0.0228036160888111,30.142
"100088",0.0182848753422378,0.0311338364733928,0.00145593247002877,0.00616185804840222,0.0349805793024313,0.00481966284160211,0.0224785780145265,30.118
"100089",0.0181613714472257,0.0308396801469446,0.00111958981216113,0.00593592658670734,0.0343803704855108,0.00476771069736072,0.0221157344031158,30.083
"100090",0.0188563695593663,0.0313400624663064,0.00250661214448369,0.00657414974618133,0.034784836629286,0.00518257281921462,0.0220676198908996,30.083
"100091",0.0189052175814304,0.0315759636499295,0.00259413159297318,0.0065698784888326,0.034953990936533,0.00520515415237995,0.0218382697283901,30.083
"100092",0.0194756876821286,0.0309980444746177,0.00287192779237309,0.00703059001058451,0.033908880610328,0.00536621345731067,0.0217210801990953,30.083
"100093",0.0193228728217677,0.0310540578033047,0.00326238972484111,0.00683938945549596,0.0338718512442365,0.00525715957144555,0.0216681786742312,30.083
"100094",0.0198581341174863,0.0312198604940363,0.00293852504688901,0.00723197959534839,0.0337357699472314,0.0054836384815959,0.0217275874121551,30.083
"100095",0.0205435003950403,0.0314852808011773,0.00313791165127357,0.00781344354483538,0.0339261146864903,0.00584393996365362,0.0218074161901271,30.072
"100096",0.0145504791571171,0.0286834476465823,0.00515351132718718,0.00168796015540488,0.032412510208633,0.00121185318906363,0.021731796838289,30.444
"100097",0.0136119220120751,0.0284429365026405,0.00577342379819509,0.00347691804471671,0.0323271832444148,0.00199125153572515,0.0213384238056943,30.469
"100098",0.0146709587771995,0.0283857728996851,0.00494948680535256,0.00186742572399945,0.0321168374877194,0.00140014983964494,0.0217761335556014,30.459
"100099",0.0162087141208078,0.0289348788408288,0.00355960114368693,0.00379424448806089,0.0326623242066961,0.00302346638828738,0.0223055821706517,30.411
"100100",0.016313069923394,0.0291076670567416,0.00343070036258192,0.00392013728451386,0.0328285798772438,0.00317061733376836,0.0222127462546578,30.393
"100101",0.015976267050398,0.0293213688159951,0.00381031717047377,0.00337849373190921,0.0331148050755806,0.00294177680304733,0.0219248645428653,30.393
"100102",0.0165914454119334,0.0301176409944813,0.00323579840959621,0.00424824771918661,0.033998854696091,0.00355525241570515,0.0219108370459969,30.393
"100103",0.0169664538987571,0.0303711922762113,0.00255070957068081,0.00480996177381905,0.0344210655644573,0.00388392136715498,0.0222776635994418,30.393
"100104",0.0173167422952065,0.0305504952518787,0.00193361399326248,0.00521577809839538,0.0345824460745239,0.00415951400372868,0.0224394378882315,30.393
"100105",0.0176589366372312,0.0305715737071311,0.0017126400916347,0.0054782425862199,0.0342932137263524,0.00439013804674822,0.0219948568471383,30.393
"100106",0.0189508367453301,0.0310582578610361,0.00247981555056263,0.00669351406221067,0.0344763645724026,0.00520131727187973,0.022083043919177,30.393
"100107",0.0192981740736845,0.0315794502486678,0.00251056011776669,0.00696983154672144,0.0349742492352395,0.00543052856892058,0.0220024091530815,30.393
"100108",0.0193881707191776,0.0314685327530273,0.00256815762622823,0.00704403203299125,0.0347937116654251,0.00545531486706907,0.0219366098379604,30.393
"100109",0.0193738412875744,0.0310715571777752,0.00268371972564934,0.0069894577416955,0.034163958693282,0.00536248898160882,0.0217409779796483,30.393
"100110",0.0191290747056859,0.0311016507741031,0.00301802952603029,0.00671801137350189,0.0341270043897001,0.00520707155886577,0.0216243717699272,30.393
"100111",0.0194820490895029,0.0317160549483946,0.00286843022206525,0.00699553921750505,0.034736012971577,0.00543788414131416,0.021718783031961,30.393
"100112",0.0140132005365375,0.0277889601340154,0.00534501978965926,0.00268994079617555,0.0315610221807382,0.00150499188848529,0.0216566598376991,30.735
"100113",0.0134962891794617,0.0274134551364086,0.00583976117904719,0.00365309208792558,0.0309960052396606,0.00230383673826656,0.0213056135275099,30.703
"100114",0.0140269026079042,0.0275941614775767,0.00547797524375383,0.00280113447025764,0.0311339261000498,0.0016136987088013,0.021377023115031,30.703
"100115",0.0142824095728845,0.0279074099143289,0.00518955021396772,0.00217976732998343,0.0316189341178653,0.00108415928068674,0.0215148189139945,30.703
"100116",0.0148892903348709,0.0289640491021234,0.00475428440713287,0.00212703347237713,0.032980459429209,0.00157878615476778,0.0216424441357592,30.703
"100117",0.0160352807589368,0.0294135538852591,0.00385883082564309,0.00340950772841671,0.0331289381372412,0.00298989937415202,0.021567741770299,30.703
"100118",0.0171540752611089,0.0298275651406236,0.00261702470444714,0.00489538911946664,0.033402285292785,0.0039030112434251,0.0218009347569489,30.703
"100119",0.0180587111582441,0.0308887510993732,0.000530741582556339,0.00592894393523161,0.0346941493393433,0.00460735159666077,0.0221258690995851,30.703
"100120",0.0180845906926096,0.0312037788707308,0.00130916903569369,0.00602454963406109,0.0352632180303349,0.00473416966611846,0.022272075340669,30.703
"100121",0.0188459556381613,0.0313526355773385,0.00259891594866135,0.00677025448532171,0.0353364647319575,0.00522047417699969,0.0225360467035447,30.703
"100122",0.0182816488812042,0.0314985382121408,0.00119674048661147,0.0061302269014483,0.0353882177948623,0.00485057366237372,0.0219241065480804,30.703
"100123",0.018507192920692,0.0315864231791983,0.00140688285782254,0.00625223261970528,0.0352114153477999,0.00500283174019744,0.0215561648461404,30.703
"100124",0.0192678884609115,0.0316442847800157,0.00278779635502714,0.00691885735810451,0.035002099213173,0.00540747953194707,0.0215542347046129,30.703
"100125",0.0198193309990097,0.0315982763445256,0.00332190237517225,0.00746657118995133,0.0349957701993684,0.00571405210326772,0.021954782687627,30.703
"100126",0.0198407144260313,0.0318594828341454,0.00332266895534221,0.00747998996799438,0.0353213136148934,0.00575462304602063,0.0219918351389387,30.703
"100127",0.0195575550606719,0.0313582232525373,0.00260655448173793,0.00714881277896776,0.0344858964578986,0.00548955923230253,0.0217053776469266,30.703
"100128",0.0190156214253954,0.0314901652605898,0.00261987368545768,0.00661815030308029,0.0346751158973196,0.00520898827717333,0.0213871478100407,30.703
"100129",0.0187922632878646,0.0308719288043483,0.00222132201710058,0.00660540133031328,0.0344217013217446,0.00504798145797158,0.0221277453440385,31.003
"100130",0.0185353422406842,0.0317049086493223,0.00183138306395587,0.00639415520627074,0.035644157870914,0.00499135723811402,0.022070254087304,31.011
"100131",0.0190691711620727,0.0317418272976735,0.00280569673075507,0.0069277154640492,0.0356743838837413,0.00530678654095078,0.0222377674422311,31.011
"100132",0.0191570152153461,0.0316038539490078,0.0026359655658574,0.00692635329830668,0.0352594282886309,0.00534943340652154,0.0219093199777291,31.011
"100133",0.018982035592459,0.0318288603084335,0.00229830180697124,0.00666049863129405,0.0353137373969259,0.00529312539337047,0.0213157749296296,31.011
"100134",0.0192551334129308,0.0318441724222311,0.00279407322073617,0.00686756554531471,0.0351602241522141,0.00540008358219379,0.0210969272525815,31.011
"100135",0.0193786180302302,0.0319735614837846,0.00288674992115936,0.00711425202803198,0.0356680873693344,0.00557629023204075,0.0217210801990953,31.011
"100136",0.0197155077600586,0.0320799037388811,0.00328569176199579,0.00740303615638256,0.0357209687505351,0.00574679240170112,0.0218979383405231,31.011
"100137",0.0188531654140776,0.0319763427133892,0.00266788712982468,0.00657130250055187,0.0356145548452185,0.00527185873120569,0.0214644695597992,31.011
"100138",0.0178132472412683,0.0317529705990842,0.0023647152093028,0.00545830243157686,0.0353894798087732,0.00463749532816887,0.0209127262411132,31.011
"100139",0.0182332365387134,0.0313365697285333,0.00145432148478193,0.0061415394572023,0.0353295206882051,0.00479219660244383,0.0219396397773928,31.315
"100140",0.0181880255213119,0.0320354306337802,0.00114382676959185,0.00607872160666354,0.0362047341826956,0.00486185961438658,0.0218058913345704,31.319
"100141",0.0187770308054518,0.0318358205712134,0.00230256972079668,0.00662310266546124,0.0357631327655967,0.0051623122770422,0.021880853872242,31.319
"100142",0.0193993141817812,0.0315717796139606,0.00293681244593733,0.00713487249155154,0.0351456847050583,0.00547953584631852,0.0217677323765359,31.319
"100143",0.0190795574797574,0.0323651661453731,0.00252040570466226,0.00678620793330302,0.0360855268399219,0.0054107121602581,0.0212523758933996,31.319
"100144",0.0191458401148839,0.0322680619860599,0.00275712602113408,0.0068414544271798,0.0359316546084046,0.00545760434245089,0.0211580734186077,31.319
"100145",0.0197051979737789,0.0322632050060808,0.00332803056839199,0.00741011820738022,0.0360057867091505,0.00577718676967293,0.0217513017514069,31.319
"100146",0.0196512500165266,0.0323284132177322,0.00315079956068422,0.00733514580939302,0.0360233713132274,0.00574025890863136,0.0217042281970323,31.319
"100147",0.018720887060506,0.0324566598462669,0.00264256600291918,0.00648539729846945,0.0363689409076465,0.00530113781555375,0.0213929866217158,31.319
"100148",0.0185385586918478,0.032029175459011,0.00233961489506628,0.00626854657924893,0.0357492893490161,0.00511765881187154,0.0212531598453007,31.319
"100149",0.0196369640869377,0.032399829876244,0.00299875160881793,0.00729089557547441,0.0360309068611218,0.00571974017956027,0.0217409779796483,31.329
"100150",0.017887857725379,0.0315110966748594,0.000830861433432173,0.00578939212595528,0.0356240033424782,0.00462567599037396,0.0215066941942332,31.632
"100151",0.0180425322022624,0.0318455643481674,0.000345673032228121,0.00590328151830532,0.0359215996132259,0.00475149308954997,0.0214077705659773,31.625
"100152",0.0186679167345316,0.0317599347033978,0.00206201612657752,0.00647819534817057,0.0355817948014821,0.00510936598047664,0.0215086289525429,31.625
"100153",0.0188932084140437,0.0319589591106271,0.00238751509462436,0.00665768245523989,0.0357102682767591,0.00526712143698739,0.0212813613032272,31.625
"100154",0.0189484363544695,0.032444879914534,0.00234905578467921,0.00667105039043048,0.0362335789332043,0.00535689753403741,0.0210173477374863,31.625
"100155",0.0193961304826398,0.0326283961607044,0.00270869436853771,0.00708890659195673,0.0364058910685961,0.00563116764826732,0.021208817394743,31.625
"100156",0.0193356177774078,0.0325397842258885,0.00277520432462565,0.00706817350290471,0.0363939929723935,0.00562450323339066,0.0213941541771359,31.625
"100157",0.0194526236508627,0.0327363168074545,0.0028288147706451,0.00714947603226073,0.0365629726347434,0.00569168382299472,0.0213548084907045,31.625
"100158",0.0193634907672684,0.0327563699081773,0.00274986477499233,0.00708088693314748,0.0366348812791265,0.00565951650486079,0.021444682181805,31.625
"100159",0.0194096603905014,0.0322194845752023,0.00271145655016449,0.00709358120659918,0.0358518220969536,0.00558972340353669,0.0214830749601514,31.625
"100160",0.0188787951406558,0.0323298002959774,0.00302887689341044,0.00660965328433469,0.0361074940844642,0.00534476316571027,0.021366893228428,31.628
"100161",0.017745875100092,0.0308936572031171,0.00162286545046281,0.00555740085683307,0.0346636944751687,0.00452069728259994,0.0208927720780083,31.924
"100162",0.0178813726463654,0.0312016811264515,0.00142668471420589,0.00568565927356754,0.0350002005415467,0.00464124987183142,0.0208235709965698,31.931
"100163",0.0182864885246132,0.0316631019553104,0.00119481836397822,0.00605893123150325,0.0354185027692583,0.00492398751393605,0.0208763942629431,31.931
"100164",0.0188571705765052,0.0322590417458474,0.00225630958157069,0.00657912993369882,0.0359938529757937,0.00530207967727158,0.0209107317519796,31.931
"100165",0.0188034854408883,0.0325155446911079,0.00223997037588067,0.00654420176164822,0.0363802149144074,0.00531383921408996,0.0208536019778215,31.931
"100166",0.0188844005972724,0.0328282611595497,0.00242237110459427,0.00662451705455314,0.0367804575536355,0.00540794145134351,0.0208648015547176,31.931
"100167",0.0187818413639769,0.0329249804213914,0.00225196288884125,0.00649618763802102,0.0368472579398382,0.00536481707436926,0.0206807838041483,31.931
"100168",0.0188443533812788,0.0326996606970407,0.00243557971463097,0.00652846866266028,0.036472250629148,0.00534523036882893,0.020711441950526,31.931
"100169",0.0197836803865772,0.032632548479283,0.00314999545620628,0.00741140524187037,0.0362849824350975,0.00581431631038496,0.0213130396832186,31.931
"100170",0.0194947704994403,0.032275000235736,0.00288848920176067,0.00714018577452169,0.0358279258566352,0.00561738602715862,0.0212519839057143,31.931
"100171",0.0181039948639691,0.0319860765766749,0.0020819443213325,0.00580521257574567,0.0357209687505351,0.00486237200531279,0.0208155548164625,31.931
"100172",0.0190092251557807,0.0329774576586892,0.00319712604393128,0.00677650089825811,0.0370412304637715,0.00553128330072153,0.0214799752710706,31.959
"100173",0.0180983357986319,0.0311149458002119,0.00111345650005449,0.00593437548318525,0.0348976308269874,0.00476196222661714,0.0208367903984074,32.224
"100174",0.0177076990322812,0.0306614707490733,0.00181824150790789,0.00549398538080366,0.0343167583149987,0.00450526915332139,0.0205271565149589,32.235
"100175",0.0177011991305847,0.0316233737731306,0.00204428743355122,0.00545247501128005,0.0354967065530491,0.00461975526538652,0.0203870413362955,32.235
"100176",0.0180117831679401,0.0323831923559293,0.00161847895841837,0.00575445855812666,0.0363589187744056,0.00487925147124581,0.020414083139011,32.235
"100177",0.0183526014205887,0.0328033798488863,0.00137161226982593,0.006132490815698,0.0369077869939595,0.00510497034044114,0.0206723037981126,32.235
"100178",0.0187048390195662,0.0325543259432025,0.00226064875442632,0.00646737978673685,0.0364922772832555,0.00529689741706971,0.020771405980468,32.235
"100179",0.0189420349769134,0.0326664545112987,0.00248977046295704,0.0066216880224513,0.0364121528018954,0.00538989799481555,0.0204815186590821,32.235
"100180",0.0193005645865097,0.03257025086324,0.00313952524242836,0.00695287505576439,0.0362172761423178,0.00555383121926259,0.0207569351997019,32.235
"100181",0.0197115426015434,0.032781950779416,0.00321138089583375,0.00738756460713374,0.0366023708005476,0.00582764365238714,0.0213458376107949,32.235
"100182",0.0197051979737788,0.032866265858245,0.00321533048520464,0.00738562874837785,0.0367236201704362,0.00583836990092543,0.0213696210167437,32.235
"100183",0.0189476362089456,0.0323103799482396,0.00331422780211288,0.0066907095704064,0.036110631967034,0.00538804405281125,0.0211450712332751,32.235
"100184",0.019053189720299,0.0319659128139722,0.00327561252190735,0.00679244201202807,0.035652344767291,0.00539591901689263,0.0212817527054289,32.237
"100185",0.0185289089607384,0.0309350014966513,0.00245778716203471,0.00644353186756305,0.0347816668250423,0.00499934221882774,0.0212488477225384,32.553
"100186",0.0175100231747949,0.0308326685378526,0.00190978038585834,0.00533735015814723,0.0347119113365146,0.00444023627905988,0.0205539989115237,32.539
"100187",0.0171696212605112,0.0317118751923799,0.00266414951580205,0.00490723088404374,0.0358373590980874,0.00434119317205485,0.0202003785815299,32.539
"100188",0.0177677976581026,0.0321306134814539,0.00183530901775398,0.00554673712203349,0.0361921910473851,0.0047394257080878,0.020332840960253,32.539
"100189",0.0182727754511771,0.0322180964004836,0.00150040714743345,0.00605740664442238,0.0361740014115856,0.00503214966179649,0.020483966333629,32.539
"100190",0.018041723168608,0.0325030770180682,0.001141824710447,0.00584382041326517,0.036642382588569,0.00496632349948363,0.0204798867001889,32.539
"100191",0.0184098021581492,0.0325009989650834,0.00196088482245447,0.00616260950727335,0.0364371968224072,0.00513420529116328,0.0204169489358587,32.539
"100192",0.0192710769253875,0.0324511164721212,0.00304051972617886,0.00696440924513005,0.0361683558490241,0.00555022955439914,0.0207186959008056,32.539
"100193",0.0195519937085917,0.0325619424339374,0.00314275018870499,0.00727979771008091,0.0364328144551051,0.00574635706083701,0.0212111743829193,32.539
"100194",0.019349157217557,0.0327632841124332,0.00288848920176067,0.00710425633008775,0.0367461081326168,0.00567936667516497,0.0212480635984795,32.539
"100195",0.0190420009124516,0.0323554587629543,0.00286054662633923,0.00682629911188153,0.0362768344142901,0.00547588654341109,0.0211974212872436,32.539
"100196",0.0187265031419294,0.0320486350756576,0.00324598881508279,0.00655633741504509,0.0360026463567763,0.00529312539337047,0.0212449267890742,32.539
"100197",0.0195361021651369,0.0320354306337802,0.00323972120865088,0.0072908955754744,0.0358210077191119,0.00568772757609178,0.0215646552480939,32.54
"100198",0.0198082412480525,0.0315201659561622,0.00346628255745737,0.00749721301050583,0.0350115921533508,0.00572804361472203,0.0214892728869083,32.602
"100199",0.0173191919195131,0.0307674429017352,0.000962832889589449,0.00535344056039326,0.0351501099264471,0.00435889785794609,0.02099710400193,32.841
"100200",0.0171508020143816,0.0308515990367534,0.00181428234958131,0.00509794825416655,0.0351539028533778,0.00422405655940636,0.0206848205800962,32.841
"100201",0.0179445795851047,0.0309609227572326,0.0016846068561011,0.00587204928272151,0.0349520915581726,0.00473942570808782,0.0207492934402724,32.841
"100202",0.0181646027136567,0.0318476522107017,0.00178634747603773,0.00605435650227734,0.0359643280869022,0.00493712933364278,0.0206872422365323,32.841
"100203",0.0184838618831995,0.0322645927318932,0.00224869790990731,0.00634518920455146,0.0363839727065859,0.00515263710006018,0.0207094264763913,32.841
"100204",0.0184428153181328,0.0326180148297496,0.00223559511809333,0.00630475460470054,0.0368491303754348,0.0051941156725409,0.0206674563899228,32.841
"100205",0.0183260014791084,0.0323880451701012,0.00219363919355456,0.00615809959803228,0.0364960319498139,0.00512885771418375,0.0204770304334706,32.841
"100206",0.0189132227374143,0.032408147895763,0.00307767451751942,0.00668018391420393,0.0363000236346079,0.0054000835821938,0.0206027063333513,32.841
"100207",0.0195551716677362,0.0324996135793627,0.0031836104297077,0.00729089557547439,0.0363758306907895,0.00574592168781257,0.0210070300393871,32.841
"100208",0.0194733020335729,0.0327079610252953,0.00320742693188911,0.00725297357805379,0.0367548524455865,0.00575853447462861,0.0212009587196225,32.841
"100209",0.0194518282294914,0.032781950779416,0.00325849148263876,0.00725428400611882,0.0369115301767711,0.0057724208461784,0.0214147696323739,32.841
"100210",0.0190699701548675,0.032361699300357,0.00286843022206525,0.00693520335550134,0.0364985350027889,0.00554977918604695,0.0214404117251602,32.841
"100211",0.0187305143961462,0.0316812197551511,0.0030595606655625,0.00661036171983881,0.0356504555286637,0.00527848397853327,0.0213228066770416,32.841
"100212",0.0186406157643381,0.0310190522127017,0.00365850828636596,0.00647098666203342,0.0346687707884808,0.00509812533330495,0.021106012666927,32.841
"100213",0.0189644376656213,0.0317494884145195,0.00345667825312427,0.00676539281329106,0.035530118142145,0.00536109165279359,0.0212778383328238,32.857
"100214",0.0165378352750551,0.0304823185497945,0.00245879230288045,0.00445660219813058,0.034987542018384,0.0037896796392753,0.0207303770436458,33.142
"100215",0.0168194716899196,0.030997344160008,0.00212588108335945,0.00477841037450591,0.0355483963567386,0.00404583592468641,0.0206023009529981,33.142
"100216",0.0171606213321107,0.0311457292416032,0.00164752358186369,0.00514097846679963,0.0356000658319351,0.00430730115831897,0.0206290375677034,33.142
"100217",0.0177507473071559,0.0314852808011773,0.00132852889328383,0.00570653256381367,0.0357530649700911,0.00469085356160604,0.0206266085159621,33.142
"100218",0.0178473172734302,0.0317188413816614,0.00131093964644674,0.00574011608050302,0.0358845152337699,0.00478283346349114,0.0203919609139938,33.142
"100219",0.0179494395763183,0.032227119289035,0.0015283819783658,0.00582493732603465,0.036476631713927,0.00491537626341374,0.0203640663016548,33.142
"100220",0.018104803269311,0.0321903300012643,0.00200961361900465,0.00598615339112831,0.0364021338887385,0.005018753709873,0.0203907311399768,33.142
"100221",0.0186663110444301,0.0324164654217701,0.00299033504838498,0.00652632077054064,0.0365604707761756,0.00533353832005928,0.0206209395244732,33.142
"100222",0.0188675831012994,0.0323547653527344,0.0030188651836154,0.00669141078597567,0.0363777096612747,0.00540794145134351,0.0206140534810825,33.142
"100223",0.0190843507348343,0.032604171866843,0.0027114565501645,0.00690862460720356,0.0367061269569502,0.00556147720566449,0.0208835862346961,33.142
"100224",0.0189636376723845,0.0329063325382004,0.00270777307808355,0.00683938945549597,0.0372299493679994,0.00557270272084502,0.0211379754843875,33.142
"100225",0.0190699701548675,0.0325937887529767,0.00288587992725454,0.00694132476159492,0.0368154225939944,0.00558524917993867,0.0212476715247078,33.142
"100226",0.0189572374524943,0.0317076953090057,0.00276346552854061,0.00681733039134699,0.0356315616521038,0.00539406709267976,0.0211769702686968,33.142
"100227",0.0181250107589644,0.0311730086856268,0.00330114420499512,0.00601151804135738,0.0350881430967807,0.00487976208147291,0.0209011553372838,33.142
"100228",0.0180740781395853,0.0310274543869688,0.0031987127381091,0.00593127225340411,0.0348412460783981,0.00480931619127553,0.0208967645601057,33.142
"100229",0.0179000158199492,0.0301472473372488,0.00276798574986221,0.00572414458409387,0.0336641558752699,0.0045519469829865,0.020761760005957,33.149
"100230",0.0159180363617155,0.0298932596272642,0.00324285637402786,0.00360619177912929,0.0343504767353586,0.00331511525931981,0.0203221466872517,33.443
"100231",0.0158922331416886,0.0305441710597639,0.00345075596216407,0.00365891906836513,0.0350818182865655,0.00340184251513608,0.0200569564579788,33.443
"100232",0.0159529805273491,0.0313295839829807,0.00346332993890153,0.00359083844987503,0.0360447209249085,0.00357328523051483,0.0200419266659567,33.443
"100233",0.0165287589156146,0.0314168799576407,0.00292565856341873,0.00430544948706618,0.0359473640144643,0.00395723780675645,0.0200502780554978,33.443
"100234",0.0170787548770963,0.0315117943333041,0.00234276566084719,0.00492721626960689,0.0358480492929477,0.00433317438946259,0.0200552870829626,33.443
"100235",0.0177426267944723,0.0318511319112793,0.00144947886740736,0.00567197646068859,0.0361714923021035,0.00477606006615727,0.020348460112136,33.443
"100236",0.0178310952793322,0.031665889465094,0.00186902282110925,0.0057584372500831,0.0358989730889724,0.00482947213906381,0.0202892029703261,33.443
"100237",0.0180530488955773,0.0320437704276302,0.00230363558772494,0.00599307997044869,0.0363614243777843,0.00501079889125332,0.0204770304334706,33.443
"100238",0.0190212177633627,0.032389431657562,0.00269206776295135,0.00686276187743982,0.036469121195697,0.00551000623411523,0.0207987099555903,33.443
"100239",0.0193419895448653,0.0316986384579981,0.00311767840228306,0.00714748611719489,0.0354967065530491,0.00556956180030034,0.0209147205244356,33.443
"100240",0.0189244286724812,0.0323714062500802,0.00263313225154914,0.00679521117053017,0.036520434735675,0.00547497384710921,0.0209195059650708,33.443
"100241",0.0184564997931624,0.032332574411197,0.0033433068265904,0.00632977616250711,0.0365047924320387,0.0052190397874147,0.0207231275178453,33.443
"100242",0.0181452131697973,0.0319992857245517,0.0032026763794342,0.00598153192677472,0.0360396977947544,0.00497985695817937,0.0204758061871803,33.443
"100243",0.0177158231529448,0.031580844863246,0.00280123128480657,0.00552618135252125,0.0355654117191734,0.00467544080313987,0.0204329075567392,33.443
"100244",0.0177491232716441,0.0311114472364749,0.00296665447652812,0.00558928938803691,0.0350090607707389,0.00463856835729007,0.0206444143805368,33.443
"100245",0.017554808500017,0.0304773972185742,0.00261322171727187,0.00537033402912418,0.0342047233085686,0.0044166634589488,0.0205629379518445,33.443
"100246",0.0173885655373228,0.0301430182713565,0.00241114377221161,0.00523649194803637,0.0339127106098085,0.0042969093369881,0.0208307827047324,33.46
"100247",0.0146980782736356,0.0302212338157974,0.00397125706334833,0.00273487409329696,0.0354500421688006,0.00228679289199839,0.0203287284987655,33.748
"100248",0.0157180217431433,0.0293490313628818,0.00321296125568761,0.00384255905509075,0.0338622729015982,0.00312284457983774,0.0203139161777115,33.742
"100249",0.0151977856719719,0.0302958824792165,0.00419291237933494,0.00369371852852406,0.0348488499557328,0.00285695256782927,0.0197077052904984,33.742
"100250",0.0149796267271807,0.0310624577874698,0.00438780964623055,0.00325581983544698,0.0358989730889724,0.00277225802624991,0.0197450962515206,33.742
"100251",0.0156746097431466,0.0306614707490733,0.00377424767509202,0.00429019046280934,0.0352044646392154,0.00327241927470313,0.0198120384393447,33.742
"100252",0.0164461948909946,0.030704290868945,0.00308587645499119,0.00416538896032391,0.0349856431330357,0.00385382855503994,0.0198892681190296,33.742
"100253",0.0170000797486179,0.0311821006071754,0.00229402675157694,0.00487620908440949,0.0355206628948738,0.00430095350991123,0.020047773033911,33.742
"100254",0.0172677333783539,0.0318511319112793,0.00177694813968025,0.00520106385820548,0.0363664354443997,0.00452179732776566,0.0201310920274551,33.742
"100255",0.0182049826192775,0.0319304452687238,0.00264727153510688,0.00618137101641222,0.0362699395483629,0.00508538934473286,0.0205332603938818,33.742
"100256",0.0189388341052098,0.031270190594616,0.00277610545909227,0.0068269886032406,0.0351355693471295,0.00534336131737077,0.0206128380385551,33.742
"100257",0.0182655146493105,0.0314343324206954,0.00311767840228304,0.00618961093339588,0.0354904015255404,0.00502173359916499,0.0204623342467557,33.742
"100258",0.01805790228809,0.0319374004068886,0.00305294984792668,0.00596147079867833,0.0361351049198602,0.00497184146666989,0.0204173582998768,33.742
"100259",0.0184935169105324,0.0319332273660123,0.00335624244669377,0.00635251769812918,0.0359454789838284,0.00517100484423949,0.0204798867001889,33.742
"100260",0.0184395951089501,0.0315780556198517,0.00360401965423961,0.00624331899897058,0.0353547699869564,0.00505045080484342,0.0202599168650669,33.742
"100261",0.0176052629079109,0.031243629821528,0.00277069469796998,0.00536442640166231,0.0350584138052897,0.00452894127091573,0.0201655600588351,33.742
"100262",0.0174285290313558,0.0309819363129958,0.00261227019232955,0.00519412739059437,0.0348120937207391,0.0044008798568115,0.0203073291710753,33.742
"100263",0.0176020087695489,0.0310715571777752,0.00295730474693035,0.0054541405224926,0.0350369032567766,0.0045644974366138,0.0206407736240417,33.742
"100264",0.0170156573737485,0.0304752880203863,0.00257008971955574,0.00480255359208685,0.0344178867303609,0.00412296406597828,0.0206290375677034,33.742
"100265",0.0176109573237208,0.0309230900448375,0.00316924328899959,0.00556968383550375,0.0350754931678043,0.0046202938188039,0.0211300882947751,33.789
"100266",0.0158181003391032,0.0295941848704672,0.00293595580846935,0.00385483675977394,0.034271574301562,0.00324212992881789,0.0205422091996714,34.045
"100267",0.016262567320102,0.0299850347483744,0.00236887532331733,0.00424824771918661,0.0346668671945584,0.00361524866600214,0.0205519667246973,34.04
"100268",0.0150732105530823,0.030255746508357,0.00401737230703571,0.00338098364757627,0.0350780232523398,0.00267305122560776,0.0199498116366739,34.04
"100269",0.0142286599194663,0.0307674429017352,0.00463294237337788,0.00154446072949469,0.0360277671013263,0.00175763642588271,0.0200444324781641,34.04
"100270",0.0151338435457028,0.0299949143474526,0.00396472321154116,0.00348299181348391,0.0347182543109389,0.00263607409022182,0.0200339893564674,34.04
"100271",0.0163660183922952,0.0303472667444432,0.00273894044739184,0.00422043580153043,0.0348228681873487,0.00372179523770525,0.020280545648707,34.04
"100272",0.0160651844908992,0.0311723092816567,0.0032686182117161,0.00385149155753829,0.0358662835173213,0.00364454629861296,0.0199031602777333,34.04
"100273",0.0157747505292232,0.0321917184526902,0.00365217724345228,0.00401694785111718,0.0372118983803003,0.0035753602330997,0.0196399512535308,34.04
"100274",0.0173518461180675,0.0317432202598006,0.00155134716049143,0.00530248905841464,0.0362254277859066,0.0045905819089402,0.0200419266659567,34.04
"100275",0.0180134018331233,0.0310449572276716,0.00259987186929004,0.00596224342942298,0.0350957324618785,0.00484543521144828,0.0201256876338618,34.04
"100276",0.0180676081908738,0.0311429310376595,0.0029538982459086,0.00600614518539364,0.0351855062735467,0.0048818040016376,0.0202078312481977,34.04
"100277",0.0181112702190765,0.0318733999145966,0.00309650974693089,0.00602684686802462,0.0360698337355123,0.00499884352188965,0.0203143277888884,34.04
"100278",0.0185707162880186,0.0321278353447462,0.00325380804698155,0.0064268666270445,0.036182782923979,0.00523813349040885,0.0204058927482159,34.04
"100279",0.0186614937872356,0.0315564370518443,0.00322400425723611,0.00651485529578089,0.0354267037439285,0.00520419519083647,0.0203422962076756,34.04
"100280",0.0179607784021809,0.03165473908554,0.00323108539615711,0.00581231996687291,0.0356737542458327,0.00484183513218253,0.0201319233332851,34.04
"100281",0.017632104377841,0.0314043127963935,0.00279048799557584,0.00541404948995292,0.0353048979200731,0.00458461699871577,0.0200552870829626,34.04
"100282",0.0179502495460049,0.0311212429857894,0.0032887874751654,0.0057838463779126,0.0349425942474016,0.00474100141275322,0.0203657083056861,34.04
"100283",0.0173363371030916,0.0308200467124697,0.00263879614317774,0.00516891714925408,0.0347873724164097,0.00437426113454055,0.0204173582998768,34.04
"100284",0.0163056209389342,0.0302487038411578,0.00351686388113884,0.00384814391146513,0.0342149124081743,0.0035857176831184,0.0199921578335966,34.04
"100285",0.0162989989751854,0.0297172927326898,0.00331115349298353,0.00392892128316832,0.0336731098870479,0.00353223536678441,0.0203739161779336,34.042
"100286",0.0162310888026343,0.029302923766152,0.00313952524242832,0.00393549846479121,0.0333208580037216,0.00346728036577876,0.0208903761924288,34.047
"100287",0.0147641348562533,0.0290387224934008,0.00415858871163119,0.00301857064631835,0.0336654350592592,0.0021536493841489,0.0198964259964348,34.34
"100288",0.0157664109491325,0.0295998475954642,0.00308259803585335,0.00438507569329917,0.0342327413573428,0.00316594954523823,0.0202838441474497,34.337
"100289",0.0151691874976843,0.0285079278331367,0.0034544584643738,0.0036495921469783,0.033141142650489,0.00240769484756465,0.0203307848420269,34.337
"100290",0.0139729332105431,0.0277666929177045,0.00451914466522156,0.00193605931012182,0.0324564428052745,0.000913962274771707,0.0201294293043465,34.337
"100291",0.01382792505659,0.0285386261052076,0.00472253612347142,0.00233191179446772,0.0334151035908954,0.00107527002652954,0.0200373317961966,34.337
"100292",0.0155241272592786,0.0295977241029409,0.00314677719001345,0.0040104831114271,0.0344344158004143,0.00287667807478256,0.0206278230805221,34.337
"100293",0.0164627151597015,0.0301479521682304,0.0022202206681415,0.00446054760008609,0.0347525009570987,0.00374367527299678,0.0206002739217504,34.337
"100294",0.0165955676495791,0.0312513190029934,0.00235741912284111,0.00454273446803202,0.0359951092086614,0.00400394373034395,0.0202846686814487,34.337
"100295",0.0174929165108491,0.0311002512212507,0.00170427368632066,0.00553605612792717,0.0355357909637175,0.00457647081419441,0.0202669332007829,34.337
"100296",0.0172873407040345,0.0312233562456817,0.00165040273656337,0.00523304442612069,0.0355698227498647,0.00449532380918976,0.019845840057303,34.337
"100297",0.0177661739741565,0.0309854382519245,0.00251154623871069,0.00573053767221621,0.0351191302096482,0.00471572854050439,0.0200319000251763,34.337
"100298",0.0183888600661878,0.0313135154014124,0.00317803015146495,0.00632536663941155,0.0353440396313445,0.00507950069501839,0.0201983078682648,34.337
"100299",0.0183477657145327,0.0316261620920314,0.00318599928567553,0.00628334654584217,0.0357555819908739,0.00510252672284427,0.020143557717084,34.337
"100300",0.0187112586083583,0.0324642816283722,0.00274531772435754,0.00669561678310047,0.0369339871173845,0.00545164975651086,0.0205617192394172,34.337
"100301",0.0176508066209696,0.0318358205712134,0.00279048799557585,0.00552123839929944,0.0360541387834908,0.00472469442419548,0.0198812648382945,34.337
"100302",0.017074659234152,0.0314420107947928,0.00285791441436946,0.00477002918784579,0.035459502508038,0.00425917753082815,0.0195496462005051,34.337
"100303",0.0176345440544444,0.0311834993099402,0.0027471373570646,0.00541991161883501,0.0350255138726933,0.00455249335637009,0.0197891870253091,34.337
"100304",0.0174733614174242,0.0312478239747325,0.00271237671502019,0.00531526540999929,0.0352979521967165,0.00452069728259995,0.0199888072192139,34.337
"100305",0.0171180617928371,0.0306235528749626,0.00245376289517229,0.00491632361510502,0.0345729213980857,0.0042075689660241,0.0199774944060851,34.337
"100306",0.0170590937699136,0.0300569974751745,0.00238028189874659,0.00488535032780773,0.0339254764296208,0.00409761378918713,0.0202061753570955,34.337
"100307",0.0156996584315314,0.0294440311655904,0.00392927163277393,0.00367171105394363,0.0334407361969166,0.00300550026719009,0.0201717824220015,34.337
"100308",0.0152473831485621,0.0286634823275675,0.00442112050575294,0.00451450261242337,0.0324267254579158,0.00232075851831644,0.02009822568351,34.364
"100309",0.0134055250926001,0.0277767495908884,0.00514006758473089,0.00319235074069001,0.0323944156330505,0.00171427684236498,0.0192157603909052,34.634
"100310",0.0152120802085377,0.0287055483602896,0.00359331854544905,0.00377500020240852,0.0332477199111925,0.0025691626951137,0.020004717229295,34.634
"100311",0.0135903655795378,0.0266138735456379,0.00473369768468706,0.00267936534836504,0.0311104062925665,0.00186238069972358,0.019761642766151,34.634
"100312",0.00840306428689938,0.0235779935824123,0.00771601802337372,0.00788640484953715,0.0282164870520841,0.0055816672832774,0.017469947823871,34.634
"100313",0.00822868434731455,0.023902751556292,0.00782914199937136,0.00801861451438623,0.028618915751161,0.0056227247553407,0.0175670574724381,34.634
"100314",0.0120584941420188,0.0262200084919111,0.00564626364688848,0.00470535722920243,0.0311090994955507,0.00340764440970558,0.0200928117234229,34.634
"100315",0.0155375167605737,0.0282305823448217,0.00299706999783056,0.00427284156820407,0.0327242134718712,0.00272309516900207,0.0208851840867088,34.634
"100316",0.016645016516903,0.029593477012231,0.00180766642320894,0.00470158522003391,0.0340250052800203,0.00383320804807714,0.0207444654963956,34.634
"100317",0.0169410194970771,0.0300372469709871,0.00140355813025436,0.0050091697996771,0.0344566630822782,0.00414097875376132,0.0204582499452738,34.634
"100318",0.0166260650381025,0.0307969035949135,0.00246682016300448,0.00453009709652261,0.0353061607391408,0.00407515403025441,0.0198001931203089,34.634
"100319",0.0164379333534448,0.0311296387750581,0.00293681244593732,0.00422043580153043,0.035654233978831,0.00397161788963612,0.0194868950862392,34.634
"100320",0.0173118428121582,0.0314399167357597,0.00207727080954624,0.00527685840523842,0.0358788573831404,0.00455631618129689,0.0198314819870386,34.634
"100321",0.0178497502857355,0.0317515777358523,0.00300966147237554,0.00586813543299101,0.0362135136778411,0.00491588321469805,0.020094061238925,34.634
"100322",0.0179866896604825,0.0312932522985383,0.00330653720857774,0.00599307997044867,0.0355572194122753,0.00490928886673817,0.0201439730963142,34.634
"100323",0.0177060741073009,0.0312890595537672,0.00292049769597916,0.00562346075100063,0.0354267037439285,0.00469880633449633,0.0199409947614721,34.634
"100324",0.0167380554520999,0.0315508575108194,0.00306038611443269,0.00443187659513794,0.0358191208915917,0.00412296406597828,0.0194010106597501,34.634
"100325",0.0174986191511251,0.0318511319112793,0.00271053610431037,0.00535344056039328,0.0360987076206972,0.00464017744732806,0.0197480672434635,34.634
"100326",0.0170959541600459,0.0316240708581839,0.00239575754077333,0.00492721626960689,0.0359498773470419,0.00439126997008104,0.0197696984601987,34.634
"100327",0.0171573483670056,0.030876134576726,0.00239575754077334,0.00496518224589421,0.0348982642233967,0.00427721318181423,0.0197259854554146,34.634
"100328",0.0171115120546532,0.0303331908652423,0.00245979707422572,0.00490632083203474,0.0341919857790516,0.00415055541232531,0.0198149985718942,34.634
"100329",0.0160751496118596,0.0296302804535654,0.00356967458114951,0.00359675009512313,0.0335937804805378,0.00334254551711313,0.0199468731468402,34.634
"100330",0.0151279510782328,0.0289818325138757,0.00446009217930783,0.00443187659513792,0.032934786791558,0.00233232279281968,0.0196885552169158,34.634
"100331",0.0155224533885516,0.028577880214924,0.00418046038040551,0.00430240132154285,0.032254089754014,0.00257297744274048,0.0198871623304165,34.648
"100332",0.0149264529302667,0.0287233686515793,0.00355743921195023,0.00329925510043602,0.0335918605930626,0.00228679289199839,0.0203237923563625,34.883
"100333",0.0154462491122094,0.0281919328745517,0.00320267637943419,0.00411605723380511,0.0326255624408705,0.00269044174339425,0.0201157061639244,34.884
"100334",0.00948267681220754,0.0225325949736142,0.00739572045025432,0.00723066577062579,0.0263177456495097,0.00535316673874707,0.0175226815475627,34.885
"100335",0.0112108514611472,0.0261216932373854,0.00615385981548308,0.00557377310500088,0.0311737681378315,0.00397847740468866,0.018528419191915,34.921
"100336",0.0106628899990337,0.026682044779904,0.00630669223596438,0.00589470652042656,0.032447399174853,0.00431594237216444,0.0193780674476161,34.929
"100337",0.00650521046882585,0.0213057033983159,0.00813950815210052,0.00887919023320184,0.026261670054803,0.00642559175211493,0.0182409082196274,34.929
"100338",0.00747320803705218,0.022126901383688,0.00791592571778826,0.00838789747160513,0.0268400271768598,0.00602909024560172,0.0186480426099636,34.929
"100339",0.0127460907881562,0.0265260617303754,0.00538188940895,0.00399536454472828,0.0311365391151911,0.00269135399855329,0.020060712002157,34.929
"100340",0.0152238499058726,0.0282169848527423,0.00365780532397187,0.0041674772880143,0.0325390958511755,0.00256534241663956,0.0201825629342209,34.929
"100341",0.0157980960676677,0.0296154187981559,0.00344704988279209,0.00431762405587887,0.0339567471972193,0.00326864807391901,0.0196813154971559,34.929
"100342",0.0158889030060436,0.0304443492347187,0.003384242588608,0.00374883178966255,0.0350039978569326,0.0035111831338267,0.0194756972778318,34.929
"100343",0.0169869592516877,0.0313477461726889,0.00176479714930926,0.00499125505421889,0.035999505930285,0.00440934220889782,0.0198103467201379,34.929
"100344",0.0173061263533906,0.0313463491675515,0.00221139211804345,0.00527000587651081,0.0357580989637156,0.0045377187613354,0.0197535835171341,34.929
"100345",0.0174758060738775,0.0309763330203676,0.00262745737891994,0.00545747026317926,0.0352467950201811,0.00457592723247697,0.0198411960295884,34.929
"100346",0.0173453163876286,0.0309020672476813,0.00247981555056263,0.00525456023488817,0.035048924297747,0.0044463899753905,0.0196974944249971,34.929
"100347",0.0167857646587321,0.0309651257320843,0.00282881477064509,0.00454564659008185,0.0351475812469698,0.00408245147696475,0.0193910577791935,34.929
"100348",0.0168367303678925,0.0310967522754181,0.00271145655016449,0.00462655935584098,0.0353415147136934,0.00414995750246387,0.0195084097862205,34.929
"100349",0.0172440344926239,0.0313002399179282,0.00251056011776667,0.00511906226262373,0.0355420938114329,0.00443855655453747,0.0197417002397222,34.929
"100350",0.0169500455923096,0.031248522987614,0.00267534826261743,0.00472887495927136,0.0354456271100523,0.00422288095576429,0.0195865073935735,34.929
"100351",0.0169926997501704,0.0307716519713262,0.00248579280173794,0.0048127373706065,0.0348817949055864,0.00418746323115693,0.0197026005735168,34.929
"100352",0.0161830160791662,0.0303036266021904,0.00337140363676575,0.00380327228815671,0.0345252873592596,0.00359535838659246,0.0196885552169158,34.929
"100353",0.0150597290905318,0.0296536310028117,0.00449759254244818,0.00433886041602324,0.0338571641524406,0.0024828076575946,0.0193503231981556,34.929
"100354",0.0147438168648532,0.0284107852473982,0.00487616005281687,0.00372250893581407,0.0321524606084115,0.0020107354682118,0.0192367301814652,34.929
"100355",0.0159113783697035,0.0275948808751153,0.00388221670299058,0.00418623281487673,0.0308028985376243,0.00263421195001774,0.0197493403776764,34.922
"100356",0.0160535567544844,0.027554587931361,0.003668337033444,0.00385372196354838,0.0307812764240365,0.00278728272584958,0.0200097385992024,34.908
"100357",0.00712794151320123,0.0217947238314176,0.00805005410628103,0.00859452335770323,0.026491238646159,0.0061849920160418,0.0166475226595265,35.222
"100358",0.00914836309174833,0.0244642049847687,0.00679370336228967,0.00705879339999561,0.0301082705475696,0.00519363521973171,0.0188558553547611,35.223
"100359",0.00658452706332368,0.0233397279706843,0.00785074199030012,0.00869459727427547,0.0293395979714256,0.0062615231683742,0.0184828884545628,35.223
"100360",0.00400395602993456,0.0201412003578627,0.00979814228726894,0.0110989148968815,0.02530609969918,0.00777903924279849,0.0159592497005581,35.223
"100361",0.00923125527598375,0.022849474466071,0.00764097393446834,0.00747998996799439,0.0265819607898027,0.00546858081438072,0.0171067875978547,35.223
"100362",0.0137324963298645,0.0278858822478924,0.00530339188783126,0.00297449146966271,0.0320235189806945,0.00148720571474976,0.0185670253436857,35.223
"100363",0.0149838450453642,0.0297123423962212,0.00422636782553326,0.00402770302935936,0.0342664821349682,0.00260612420027217,0.0190546031050952,35.223
"100364",0.0167578009069485,0.0300767449796293,0.00236679608855712,0.00465516985787488,0.0342747568017257,0.00400270513593444,0.0194057687805104,35.223
"100365",0.0171041429234028,0.0313763816076986,0.00219697769521448,0.00498137887143035,0.0357190804946615,0.00438504086627209,0.0193142781362104,35.223
"100366",0.0168704143929663,0.0308459902800543,0.00258069296602856,0.00469025389895628,0.0350539854549359,0.00414217701668296,0.0192109513252975,35.223
"100367",0.0165683566106658,0.0306663852351854,0.00300295192971863,0.00430138486293839,0.0348646899252668,0.00390998809351215,0.0191557724618777,35.223
"100368",0.016826046895033,0.0304759910901984,0.00270500751322669,0.00461315678222944,0.0345354507789343,0.00403109891673807,0.0191912642953432,35.223
"100369",0.0162203166764402,0.0305181684218702,0.00346037505415324,0.00379876064219922,0.034702396286798,0.00362822257549246,0.0190002602039411,35.223
"100370",0.0167076042461776,0.0306123158652388,0.00297851593333258,0.00442493262635057,0.034664963572353,0.00395285113593064,0.019223190022638,35.223
"100371",0.0169648132291781,0.0309798351057159,0.00261417293063777,0.00475603296842251,0.0351121745631678,0.00419042585578558,0.019434291035635,35.223
"100372",0.0169705554162044,0.0306291710223731,0.00247682205965373,0.00479699114659967,0.0347220599450887,0.00415593282668554,0.0195595117902237,35.223
"100373",0.0166376013005911,0.0304049620824029,0.00286492881107709,0.0044050420484836,0.0345392618526658,0.00391632016768952,0.0195835098705605,35.223
"100374",0.0161390593842175,0.0298388697983907,0.00352050377711027,0.00368446569051494,0.0338431140165968,0.00343147610909989,0.0194178746679051,35.223
"100375",0.0161515026943061,0.0289277631118326,0.00361327088079498,0.00368330771231926,0.0325481325800398,0.00319617134356123,0.0194079311453995,35.223
"100376",0.0169024412269455,0.0278234302697824,0.00285000465963188,0.00459587665812323,0.0308389262715741,0.00348859090987136,0.0197366050364288,35.224
"100377",0.0166277131860832,0.0277781861897701,0.00315883047612792,0.00425645893845363,0.0308605374459521,0.00327994899229594,0.0197781743026314,35.222
"100378",0.00944992798004203,0.0238283563819275,0.00676666772744431,0.00690247883760318,0.0290264769444887,0.00505489266518149,0.0176084299042481,35.484
"100379",0.0091841781327942,0.0247980260834286,0.00679974286586484,0.00704336044401463,0.0304984994509014,0.00509274082049399,0.0177495544861705,35.516
"100380",0.0126374894165021,0.0285942918735184,0.00484076163714806,0.0036751932805836,0.0345964143162129,0.00250833467487797,0.0187780491246782,35.516
"100381",0.0133812979535132,0.0276761449113532,0.00488212770367992,0.00301857064631839,0.0325642679076849,0.00161969553948129,0.0180810635168666,35.516
"100382",0.0127618381332038,0.0268971731471579,0.00593687875666847,0.00435397591002791,0.0309351627571481,0.00287753271456125,0.0173463903192357,35.516
"100383",0.0134669140143104,0.0281733195018412,0.00538387588907949,0.00331320510058544,0.0325797557873206,0.00164936072737813,0.018120701969122,35.516
"100384",0.0154638422250387,0.0291964575225912,0.00398038824319765,0.00471383497198009,0.033312519890609,0.00281185862171336,0.0185765499611023,35.516
"100385",0.0163114146598073,0.0303015146140281,0.00319236170524357,0.0039986082817668,0.0345189348108682,0.00369510465313273,0.0187039437228024,35.516
"100386",0.0158947306401642,0.0305828141762015,0.00374750667697306,0.00437907087184158,0.0348976308269874,0.00342427146031753,0.0184033743209098,35.516
"100387",0.0157797538000943,0.030441536257502,0.00384742585093695,0.00442294695246884,0.0347455255292836,0.00331139147676254,0.0184714867930068,35.516
"100388",0.0161987675823846,0.0301528858784476,0.00341652370667005,0.00379424448806089,0.0342760297794036,0.00355594763420003,0.0186782697257355,35.516
"100389",0.0158380989076756,0.0304773972185742,0.00380149843686568,0.00421009592737263,0.0347721569432784,0.00335948667712833,0.0185819902278282,35.516
"100390",0.0156946494151965,0.0308158391718084,0.00396929792374232,0.00424208054012259,0.0352246838516248,0.00331809135146689,0.0185838032671142,35.516
"100391",0.0161639438431249,0.0310946528642328,0.00347512686985581,0.00374769055017037,0.0355105765471041,0.00372312486927973,0.0188901761859167,35.516
"100392",0.0162062276152624,0.0305933512486335,0.00348688788480076,0.00377500020240852,0.0347962472775284,0.00363026695467678,0.0189137604630511,35.516
"100393",0.0164751029083193,0.0300555868243904,0.00325302688468485,0.00411500222564117,0.0339803546551844,0.0036863896472903,0.0190488674741317,35.516
"100394",0.0164751029083193,0.0292695739774478,0.00339854035041111,0.0040427198546974,0.0328298677899531,0.0034758198707443,0.0189798935795521,35.516
"100395",0.0163842105046766,0.029205688145253,0.00348688788480075,0.00392013728451387,0.0327725424308848,0.00339821142646569,0.0190880971694986,35.516
"100396",0.017055816422053,0.0285186374002232,0.00265103055026822,0.00478770833671879,0.0317281729185676,0.0037403681382526,0.0194100932496206,35.519
"100397",0.0164123166333441,0.0286634823275675,0.00342025953023979,0.00396824680245021,0.0320747236470186,0.00330915524610158,0.0192624717101719,35.538
"100398",0.0162874090785247,0.0282255729186616,0.00356607986354567,0.0039986082817668,0.0315102442484108,0.00310385226641224,0.0193338296645897,35.521
"100399",0.0165271085477106,0.0280372122181945,0.00320426060088791,0.0041549340926192,0.0312808162201611,0.00328295616427643,0.0195479298957839,35.558
"100400",0.0144595464741663,0.029308599451903,0.00399924314485077,0.00272295284284357,0.0344700095859202,0.00198512457323463,0.0175627217030665,35.8
"100401",0.0118783347029017,0.0277192715370953,0.00571392855176032,0.00485880091746374,0.0331694010665158,0.0031565937789933,0.0169608662565499,35.808
"100402",0.0105132646542525,0.0263735012255796,0.00696496476025767,0.00643701500541818,0.0310548543092758,0.00432054412901369,0.0156312173045523,35.808
"100403",0.0137109827628938,0.0279884630367435,0.00528473986238212,0.00298141492850967,0.0322036096879909,0.00143424266342689,0.017601702027613,35.808
"100404",0.0148673207876811,0.028895025544225,0.00437046966422447,0.00384367657198065,0.03317389612294,0.00220740376072678,0.0183359077322925,35.808
"100405",0.015308699221951,0.0294900876358992,0.00413031499973872,0.00446153349234003,0.033728738244989,0.00274912424188486,0.0181778955837326,35.808
"100406",0.0159113783697035,0.030348674249345,0.00362746207846447,0.00443980137888177,0.0346675017290084,0.00341994156786573,0.0182450698667994,35.808
"100407",0.0166046357598401,0.0303571189618989,0.00290669509883478,0.00436302407092815,0.0344827192419487,0.00388519687079062,0.0185097662474584,35.808
"100408",0.0159205329468224,0.0302494081249341,0.00377629761727453,0.00444079114098167,0.0344070781001416,0.00334992150316572,0.0181955258278842,35.808
"100409",0.0154596537981936,0.030456303717683,0.0040815272981171,0.00464564948082315,0.0348931969650211,0.00309033052921464,0.0182196215132479,35.808
"100410",0.0154797559151011,0.0305996730893883,0.00409932871013051,0.00457275117927115,0.0350444956229871,0.0031267871530464,0.0183124381021002,35.808
"100411",0.015171711354756,0.0311233419821895,0.00453539311417461,0.0044605476000861,0.0356454174265474,0.0029308850416292,0.0180787289143316,35.808
"100412",0.0159721093043137,0.030584219167678,0.00379130005122268,0.00395190114535343,0.0347835687169676,0.00344010226649976,0.0184408927204034,35.808
"100413",0.0160668454411649,0.0300464172211683,0.00379130005122268,0.00411816656858296,0.0339746127090844,0.00335654637745117,0.018342804380998,35.808
"100414",0.0164395857358428,0.0297243643112653,0.00351540697351071,0.00396498220261643,0.0333811321903787,0.00352453045101176,0.0184591644386844,35.808
"100415",0.0164313234492487,0.0291552665201899,0.00356176189486362,0.0040147939100701,0.0325971772710472,0.00338072927351683,0.0185411461200192,35.808
"100416",0.0160518954942761,0.0287276451411485,0.0039549042305595,0.00462177647259148,0.0321012895028788,0.00297173543289446,0.0185184128226261,35.808
"100417",0.0153984735733781,0.0284950751247881,0.00454985653324728,0.00395517481839895,0.0319203942402083,0.00227500303881493,0.0183965022401874,35.804
"100418",0.0153624102519625,0.0283836287471372,0.00452205002563703,0.00365658921275629,0.0318366607234894,0.00223380783744965,0.0185488685736447,35.807
"100419",0.0162493148835797,0.0282262885635528,0.00354227246459777,0.00391793869897023,0.0315694830198443,0.0030959052771184,0.0191535792757839,35.804
"100420",0.00881127082237644,0.0263306023032813,0.00747186875667384,0.00755691709267431,0.0318366607234893,0.00503363595512504,0.0144291733314517,36.064
"100421",0.0083386107988779,0.0249255187349866,0.00803205580711838,0.00807146708233036,0.0295213375460802,0.00555067988712161,0.0137183082794572,36.099
"100422",0.0134029298002009,0.0271870035899617,0.00540370454997548,0.00340703534451183,0.0313193031716077,0.00209739091653066,0.0172085796279323,36.099
"100423",0.0139712191272842,0.0280615794607634,0.00512088138398371,0.00252743181198671,0.0322178498217813,0.00122959792379663,0.0175660940682093,36.099
"100424",0.015171711354756,0.0297158783702953,0.00420905041807441,0.00419869735686642,0.0340957759353977,0.0027077233421802,0.0179493489955549,36.099
"100425",0.0154504383582583,0.0303500817391567,0.00412337713052137,0.00458721608727279,0.0347245969718234,0.00304213852078912,0.017858747105056,36.099
"100426",0.0157714148165132,0.0304872396973446,0.00386619438391083,0.00452522867271963,0.0347994167223554,0.00331139147676253,0.0179695723087638,36.099
"100427",0.0161564794130508,0.0302184160509881,0.00344779138535592,0.0038704155569209,0.0343822783583968,0.003544110836735,0.0182085047151252,36.099
"100428",0.0162053987609644,0.0298219124403213,0.00343367821104671,0.0037885929338131,0.0338188418817705,0.00348150152738908,0.018222862530408,36.099
"100429",0.0151473101007774,0.0307962022255705,0.00448414832759912,0.00433684167198744,0.0352884801597571,0.00285781295888374,0.0178184776563354,36.099
"100430",0.0158372657477081,0.0304464589282011,0.00384541005004054,0.0040255539260171,0.0346960525281379,0.00333663328198318,0.0180703216427148,36.099
"100431",0.0158972280501553,0.0299927973538429,0.0039529378017561,0.00437706772621289,0.0339420700525713,0.00321463165535903,0.0178828616811705,36.099
"100432",0.0159978833992795,0.0298741904756005,0.00398885035506908,0.00453204323513872,0.0336507236491887,0.00321463165535903,0.0178856963772582,36.099
"100433",0.0159770985703353,0.0296776846995205,0.00393651654066145,0.00444079114098167,0.0334554725382641,0.0031799328673645,0.0181141797390711,36.099
"100434",0.0158689188853161,0.0291602385615993,0.00403607167790811,0.00462464670145584,0.0327957334816675,0.00296427345372329,0.018217769223312,36.099
"100435",0.0160178311079362,0.0288693988572316,0.00390878920010311,0.00445364121902986,0.0323646828914623,0.00301122809715622,0.018450944588414,36.115
"100436",0.0164304971690699,0.0285935783684313,0.00350227027736755,0.00395953617646462,0.0318983307147539,0.00327317300646717,0.0187061940088379,36.141
"100437",0.00997461943912175,0.025354059355245,0.00694366628328945,0.00671801137350185,0.0302630771383978,0.00462621387173222,0.0145950185121437,36.365
"100438",0.0101020464788754,0.0258810056630975,0.00701326062802162,0.00668579933076609,0.0307308088332883,0.0045388147838831,0.0150892623884921,36.388
"100439",0.0116261416395024,0.0268580885662878,0.00660401950953211,0.00557377310500088,0.0311234734460099,0.00370379966338632,0.0152226318603483,36.388
"100440",0.0141919473517635,0.028877229791546,0.00496125681554104,0.00268541274781539,0.0332445111040736,0.00174932604307861,0.0173527372476125,36.388
"100441",0.0144144573032116,0.0295665754976231,0.00473871267025415,0.00305805516363789,0.0341588621911951,0.00191646863572556,0.0176664624716569,36.388
"100442",0.0151060602366977,0.0302444780588891,0.004277941328332,0.00413290656610146,0.0347962472775285,0.0027899259533105,0.0178322277041817,36.388
"100443",0.0162783014264297,0.0300647557809423,0.0031716418777558,0.00397476923968542,0.0342556606010401,0.00363911299040491,0.0182635536621974,36.388
"100444",0.0157046670875293,0.0303472667444432,0.00390547653399378,0.00434188705273915,0.0346503681955619,0.00323680088243777,0.0178804990629555,36.388
"100445",0.0153682823250503,0.0302036217890081,0.00434223472626385,0.00458817905139653,0.0344159793917718,0.00286983202318465,0.0174810894529586,36.388
"100446",0.0154939913535299,0.0304302837476392,0.00428099354700715,0.00460356344373841,0.0346433872099419,0.00301367963195517,0.0174631621965454,36.388
"100447",0.0158839075074557,0.0297151711832622,0.00399989188757153,0.00448808373307327,0.033548335175037,0.00312363348263761,0.0175848701494025,36.388
"100448",0.0155860319204691,0.0296904171849803,0.0043319813353628,0.00443782129810331,0.0335227248500663,0.00283969137480601,0.0175241305066125,36.388
"100449",0.0153431127322555,0.0296882951917397,0.00451623762353507,0.00393111470469884,0.0335944204364321,0.00262955097444478,0.0176266772775471,36.388
"100450",0.0147793692127991,0.0295757792838731,0.00489782923981484,0.00284314598734162,0.0336360104987079,0.00204081592677061,0.017672206529332,36.388
"100451",0.0149889066737446,0.0292376350951533,0.00466806227192943,0.00304176899759245,0.0332104925938904,0.00220740376072675,0.0180296266861728,36.39
"100452",0.0158047647924439,0.0290778194108565,0.00396733791386913,0.00404164877980851,0.0328131238581308,0.00289712157545413,0.0184203135927516,36.39
"100453",0.0167783635120806,0.0290714225654141,0.0029995920962736,0.00445758882377788,0.0325345772320979,0.00360771666408333,0.0186805233585409,36.379
"100454",0.012390600209967,0.0277429845697023,0.00600203822057471,0.00467036851771526,0.0323401154860781,0.00286382863893373,0.0157704641604866,36.688
"100455",0.0128963871677211,0.0270244689743589,0.00588941619671223,0.00421216560875957,0.0310273951685729,0.00275358776330891,0.015288284910085,36.708
"100456",0.0146879097857828,0.0279382595438076,0.00463066834779998,0.00331067241220528,0.0318373100495394,0.00201073546821184,0.0156988319001944,36.708
"100457",0.0143488936491717,0.0277968604127687,0.00475483969203042,0.00273189788027403,0.0318730174672591,0.00143086902906464,0.0154342075500105,36.713
"100458",0.0107484374716783,0.0272165967887811,0.00683587904708816,0.00622620459060796,0.032123315213654,0.00403663144223728,0.0134363154880267,36.697
"100459",0.0116663248950718,0.0271198499254342,0.00613269362953065,0.00526142966944865,0.0320662990838387,0.00345800603354011,0.0146067866562266,36.677
"100460",0.0116556124158882,0.0278212761756238,0.00648236012534512,0.00547243301656654,0.0325332861668873,0.00342499259015412,0.0137258597552368,36.677
"100461",0.0108746581636815,0.0257582750529369,0.00717021222583828,0.00636276566758956,0.0295803045778509,0.00442284913301845,0.0134710313339409,36.677
"100462",0.0113897633772291,0.0266066189122818,0.00678483667656586,0.00583045020255898,0.0307688254640556,0.00392579960615773,0.0155726170405946,36.677
"100463",0.0140577212424204,0.0299765659216255,0.00497566758702058,0.00225953823238905,0.0348120937207391,0.00163310989424366,0.0174330772029484,36.677
"100464",0.0151161645902587,0.0302430694344685,0.00420285007725415,0.00401156117609399,0.0348526517260561,0.00282928537840932,0.0176865578425098,36.686
"100465",0.01521460245935,0.0305462791574331,0.00431625731029317,0.00418415235761318,0.035048924297747,0.00290221050943042,0.0174820579271577,36.68
"100466",0.0148926696162506,0.0306059946282264,0.00477036405653857,0.00381003133556529,0.035013490657812,0.00252779977407922,0.0170008427790719,36.677
"100467",0.0156428684397467,0.0302846174833545,0.00421400478101581,0.00459299132630961,0.034358745923431,0.00307114221115264,0.0172233494163871,36.677
"100468",0.0163114146598073,0.0298487605618145,0.00348468541465676,0.00386374539455664,0.0337044438570885,0.0035118868572885,0.0176745992905286,36.677
"100469",0.0153489864694904,0.0296762699009701,0.00447360142190506,0.00397259609406658,0.0336136175798953,0.00265092529299011,0.0172444955772696,36.677
"100470",0.0153632491505292,0.0297752682050302,0.00444949399795897,0.0038313688231084,0.0337523887582337,0.00269864121472647,0.017491255538132,36.677
"100471",0.0151355270128122,0.0294667071998622,0.00456255021385852,0.00333340834215262,0.0334682853206447,0.00242996256232155,0.0177638381953985,36.682
"100472",0.0103393151961392,0.0250741925143374,0.00735006633059283,0.0067584424692664,0.0289205674814602,0.00476091632302846,0.0139849195635576,36.936
"100473",0.0127915711733685,0.0271234613146146,0.00583329658779176,0.00425748440483233,0.0313349552190396,0.00273927953445384,0.0148959977169863,36.965
"100474",0.0126707927679419,0.0275409140169263,0.00584760239562862,0.00435699371840842,0.0319891540644421,0.00269135399855328,0.0145850075106841,36.965
"100475",0.0108002372474947,0.0270873424172748,0.0069547172624803,0.00626706496713883,0.0317307726010835,0.00410547661249382,0.0130995591929476,36.965
"100476",0.0116297147512689,0.0275236394602545,0.00648278026975067,0.00549150219848923,0.0321660593462665,0.00349849251146854,0.0126944355201561,36.965
"100477",0.0130741355023096,0.0291225882263781,0.00577109190277166,0.00395408384717125,0.0337658100278802,0.00189732412241849,0.0130272164499361,36.965
"100478",0.013260013312191,0.0288871957252829,0.00563721824471271,0.00369487376367341,0.0334330469734741,0.00173958167894751,0.0140727806124938,36.964
"100479",0.012648008399965,0.0282942557236436,0.00588208369662226,0.00438907507081941,0.0329618064769783,0.00251028780700023,0.0150688055750933,36.965
"100480",0.0134228241482496,0.0293944132570086,0.00553102972324335,0.00345375591370657,0.0340632646288173,0.00122763863778328,0.0164522780855633,36.965
"100481",0.0134893786739695,0.0310687574309936,0.00549798554904699,0.00333718500015306,0.0362354598967351,0.00136345866291726,0.0166163479973073,36.965
"100482",0.0137015143822107,0.0309693285750603,0.00546867984633947,0.00309711575427604,0.035929769354806,0.00156336977245924,0.0165203829418295,36.965
"100483",0.0140054917937575,0.0306909549356944,0.00535051486828412,0.00265200879610545,0.0353957896956877,0.00156181997451707,0.0165054465740433,36.965
"100484",0.0155542499795129,0.030348674249345,0.00402382919602955,0.00431661061092574,0.0347042993532087,0.00312836282579633,0.0173366209041823,36.965
"100485",0.0152263717168998,0.0299984425933816,0.00438183731524858,0.00390582789179502,0.0342531142233422,0.00272850035765798,0.0171681387093235,36.965
"100486",0.0148478800845706,0.0298734841566936,0.00478915418774858,0.00317926721362632,0.0340728276490332,0.00225991104998872,0.0169903587937408,36.965
"100487",0.0154026657462453,0.0299476265887009,0.0043174686794602,0.00388040272480163,0.0340651772909687,0.00282928537840933,0.0175289594341013,36.965
"100488",0.0153666046415148,0.0297385063018622,0.00424300651403478,0.00365658921275627,0.0338948362772893,0.00275804424116043,0.0178998625715973,36.965
"100489",0.0160219861753793,0.0293752697470453,0.00356679906778668,0.00362031547833357,0.033313802713994,0.00319925527451897,0.0183905441891643,36.958
"100490",0.0122212683637392,0.0289334557273951,0.00611234751737256,0.00484961763671049,0.0339312206244932,0.0026913539985533,0.0149437067800978,37.187
"100491",0.0135204696700884,0.0284550803457442,0.00520390287702994,0.00311182391293966,0.033101312903183,0.00126435870700843,0.0154364238113825,37.249
"100492",0.0133847595785835,0.0283507470500359,0.00524674881621676,0.00328653012274681,0.0330518288651546,0.00149207699041285,0.0148890863324034,37.251
"100493",0.0120124030819921,0.0270439850375073,0.00642033002801214,0.00520885810199264,0.0312416638028664,0.00342859602097688,0.0128866007483583,37.251
"100494",0.0133310816590673,0.0283314428172991,0.00567853041291689,0.00366822604930974,0.0325778199113278,0.00195171503181179,0.0129992249612355,37.251
"100495",0.0125752116121867,0.0294808776728218,0.00618329525163376,0.00463229333577933,0.034213638815626,0.00240769484756469,0.0126971735715581,37.254
"100496",0.0134686423649059,0.0292106582011862,0.00551064113301425,0.00339589090179225,0.0337990374381778,0.00126435870700849,0.0145022795106883,37.251
"100497",0.0134167700509317,0.0293844873524766,0.00573929353981536,0.00362149036298612,0.0338105371746701,0.001495315910893,0.0153831381608236,37.247
"100498",0.0137961320289408,0.0303908923840826,0.00543480265611029,0.0029758772444317,0.0351140715946339,0.00177277345728828,0.0161107777611216,37.251
"100499",0.0143795551758656,0.030991741511445,0.00491025005695677,0.0028417060109215,0.0358933158550326,0.00228679289199841,0.0167157838706591,37.244
"100500",0.0144102019672505,0.0303965204440676,0.00495376971973346,0.00304584739997061,0.0350343723691172,0.0020669335608425,0.0166750672831779,37.251
"100501",0.0152683880533284,0.0305554138587393,0.0041823303061921,0.00414550577077124,0.0351273500385897,0.00298907607536388,0.0172935645209462,37.251
"100502",0.0147395831554699,0.0303697850126289,0.00472811986696012,0.00321189196921978,0.0348982642233967,0.00239852723923939,0.0169323206671112,37.251
"100503",0.0147302680293859,0.030378228368037,0.0048078782319158,0.00302950611598946,0.0348393450389073,0.00234696059640332,0.0169047272245658,37.251
"100504",0.0154764059712363,0.0302522252221341,0.00424608131491651,0.004021252823644,0.0344585698112844,0.00297587309341201,0.0175381304327718,37.253
"100505",0.0157522313795187,0.0299045585383539,0.00391871208054639,0.00410020816381534,0.034004595534253,0.00314642775877819,0.0179154313865262,37.252
"100506",0.0155182685336474,0.0295743633598585,0.00412527031761526,0.00393549846479123,0.0336289731589922,0.00287325703708258,0.0179766211614548,37.274
"100507",0.0165106028238677,0.0303810426992794,0.00350519337041963,0.00404057746629399,0.0341862534718975,0.00364793810925111,0.0172120271386003,37.272
"100508",0.0135860533680804,0.028431505908236,0.00519724357491921,0.00303632396726752,0.0330113270109766,0.00120188465905856,0.0159565774116891,37.551
"100509",0.0132704189134637,0.0282191319258642,0.00540370454997548,0.00352045235789639,0.0328156999980905,0.00179321404236352,0.0154884071853512,37.537
"100510",0.011762637768674,0.0264933873047927,0.00660029988189492,0.00548901807204788,0.0305122938470249,0.00372910249081134,0.0134066659910174,37.537
"100511",0.0134772833679268,0.0286720392863876,0.00545397389347126,0.00335100212348901,0.0331462810290943,0.00147741618922982,0.013596867172593,37.537
"100512",0.0132105615210549,0.0292802184809702,0.00560282177343197,0.00370871298449558,0.034040310415667,0.00156491807385201,0.0132925634002025,37.537
"100513",0.0113026348393484,0.027833482199515,0.00692428890129011,0.0059545133306396,0.032272205588698,0.00379033289975295,0.0123045916940966,37.537
"100514",0.0140688464490352,0.0287768142019299,0.00537990226900802,0.00267482225967116,0.0327731866866874,0.00180537006041944,0.0146578591436624,37.537
"100515",0.0121779688863002,0.0282041016207279,0.00656715325828677,0.00517936148167689,0.032409925436632,0.00319076747143109,0.0141253354687348,37.537
"100516",0.0140269026079042,0.0297915249306119,0.00527867782683748,0.00257474157849749,0.034271574301562,0.00200588178567008,0.0161456491101533,37.545
"100517",0.0150563582997376,0.030378931956498,0.0043016969500574,0.00404807165568141,0.035002099213173,0.00279080648668732,0.0171997111668789,37.537
"100518",0.0152053537452687,0.0305736813678477,0.00418357650566219,0.00412869965191427,0.0352145746380669,0.00296510346670688,0.0172960140142741,37.537
"100519",0.01441615935828,0.030714116489294,0.0049628598711492,0.00271547973535825,0.0354367965461186,0.00217732614551152,0.0166699701424953,37.537
"100520",0.0143037261561025,0.031287661943315,0.00505925615358359,0.0022542941082194,0.0362009713655783,0.00224145189129062,0.0167340713648711,37.537
"100521",0.0148157480779817,0.0311779044118532,0.00475706024850997,0.00307426875297383,0.0358587386253128,0.00266477499294145,0.0171715950064887,37.538
"100522",0.0155433738492156,0.0302085533957626,0.00414541590130296,0.00416329975226593,0.0344242443191234,0.0030380888802894,0.0175043168318864,37.537
"100523",0.015305340872812,0.0298678334664452,0.00439735019534581,0.00381565618589597,0.0339848204317659,0.00272309516900207,0.0174219023441496,37.533
"100524",0.0143420779708887,0.0276876468629898,0.00465053214611645,0.00320799172894694,0.0318425045289534,0.00197651571750649,0.0166954390081668,37.821
"100525",0.0122336332866837,0.0273226381866215,0.00603348414302386,0.00480903627569158,0.0319022245780472,0.00305506219514682,0.0155336006932143,37.821
"100526",0.0101969191524487,0.0272028837927014,0.00724924979942807,0.00675774710443044,0.0320241672794077,0.00440595916978263,0.0134581849115536,37.821
"100527",0.011218056266223,0.0272699900878035,0.00672328872342803,0.00589002482700117,0.0318996286834744,0.00382091328846444,0.013225947977484,37.821
"100528",0.0115233083338286,0.0283793403297037,0.00648446060248102,0.00555084059615753,0.0333926706957008,0.00335139480092204,0.0132030059148679,37.821
"100529",0.0119698220681093,0.0289363019380821,0.00621740536260494,0.00509089390149386,0.0340441364086347,0.00287411266873047,0.0132788780191685,37.821
"100530",0.0133735085586628,0.0294759181864316,0.00549018445557901,0.0034696177295868,0.0342677551958108,0.00117353382347087,0.0141728191890317,37.822
"100531",0.0132070896538413,0.0298890222810811,0.00563721824471273,0.00372824458049809,0.034802586089079,0.00129076362293331,0.0144743917949547,37.822
"100532",0.010718422396607,0.0278018875926285,0.00706125914450309,0.0063678844532563,0.032595241675062,0.00405379665855924,0.0136962574057785,37.823
"100533",0.013034973387463,0.0285429089780144,0.00584806334910953,0.00405021071161108,0.0329470107252162,0.00219853370457226,0.0160168534083002,37.821
"100534",0.0148115190130514,0.0308228516658064,0.00437346372826028,0.0036367348192865,0.0357656495946465,0.00276249370896182,0.0173975823747373,37.821
"100535",0.0145683107005456,0.0313225978773216,0.00465336360366069,0.00306211532471015,0.0363977503796182,0.00264072383907341,0.017023284937466,37.821
"100536",0.0142414616028829,0.0309230900448376,0.00507812837521632,0.00247289763920227,0.035764391186112,0.00206220889096805,0.016553808040099,37.821
"100537",0.0149171642391909,0.0306193391080372,0.00470518864771354,0.00355400199955769,0.0350716979484097,0.00258154052757739,0.0167665291798561,37.821
"100538",0.0154194318660759,0.0302754639609176,0.00430108930623131,0.00423075442758433,0.0344966983997771,0.00293088504162919,0.0170909163622951,37.82
"100539",0.0150369729485475,0.0300598187308293,0.00471079088631929,0.00369602869531747,0.0342053601513519,0.00247292117250246,0.0168145837657043,37.825
"100540",0.0139463595868674,0.0297109279793536,0.00570167958655576,0.00305670076942905,0.0337555844295822,0.00156491807385198,0.01584066862528,37.825
"100541",0.0155977373723029,0.0297385063018622,0.00451856339148281,0.00398345185503014,0.0333958756446107,0.00276693619996982,0.0159656612191953,37.829
"100542",0.0140363210313517,0.0286998453269841,0.0050545281956426,0.00299935301004731,0.0330672546104131,0.00222504042553176,0.0163542297984204,38.115
"100543",0.0138262069362329,0.0285521880261711,0.00512088138398371,0.00269747334114761,0.0330138989568749,0.00179727495556956,0.0165049312659962,38.105
"100544",0.0131897272290242,0.0286413741165094,0.00547308469963984,0.00364141462577357,0.0333721570512271,0.00173678778461879,0.0162392922921723,38.105
"100545",0.0122751235170235,0.0285100698209497,0.00605004614016019,0.00477654895682824,0.033402926239298,0.00274196787253204,0.0154081406376941,38.105
"100546",0.01085651733727,0.027356522498804,0.00680819007298787,0.00614831859143856,0.0322430895111552,0.00396349626731744,0.0142267899212529,38.105
"100547",0.00647566540780116,0.0241931254880273,0.00868329237480515,0.00914722259862727,0.0290996864768911,0.00627512220531059,0.0116829096968347,38.105
"100548",0.00796504972989751,0.0262454837139309,0.00799386240893039,0.00819938875494841,0.0316599106168299,0.00543512693910473,0.0120235483036524,38.105
"100549",0.0113322934492735,0.0294419050804283,0.00623396226436048,0.00551216664448368,0.0352960578443488,0.00302346638828742,0.0137811004628677,38.105
"100550",0.0121523263107158,0.029158817998339,0.00618110293199982,0.00493989884150088,0.0342053601513519,0.00270772334218021,0.0135171690901441,38.105
"100551",0.0134954254099157,0.0296189574438879,0.0053054047891614,0.0032014824561999,0.0345437079615524,0.00135457989459448,0.0147291553826699,38.102
"100552",0.014149231370607,0.0288423427589707,0.00499216712434638,0.00297449146966269,0.0332092086919586,0.00210667601799468,0.0158401298757876,38.106
"100553",0.0150959543588844,0.0300901433650088,0.00419850493813624,0.00417894740643794,0.0346757503909242,0.00278022214088109,0.0171893583711006,38.106
"100554",0.014400839230507,0.0309875393713643,0.00471638713794375,0.00301309040702646,0.0360629281843219,0.00241784132461337,0.0169683696177705,38.105
"100555",0.0139077646385964,0.0308768355259129,0.00529130001639642,0.00271098756251742,0.0358040253030935,0.00163013822833939,0.0163781518889621,38.105
"100556",0.0148521068123946,0.030643917526105,0.00472197742245074,0.0036132594289911,0.0351532707065791,0.00254615720356785,0.0165840846396612,38.105
"100557",0.0144731520669662,0.0305870291058707,0.0051669235948329,0.0030702221034156,0.0349945043594444,0.00201678655384114,0.0162156737176635,38.099
"100558",0.0149484028398282,0.0305694660128231,0.00472421186988907,0.00379085440530363,0.0349558902869676,0.00257202427302669,0.0167269621323499,38.076
"100559",0.0146065045942345,0.029159528281969,0.00518903695842395,0.0027408183679281,0.0329476540561502,0.00202522845531496,0.0157102515843061,38.106
"100560",0.0149256085576749,0.0289483976116146,0.00488863039324262,0.00309309424001012,0.0326642587262847,0.00190628155780638,0.0159485576379025,38.122
"100561",0.0144986547848822,0.0291801247679835,0.0047642706263033,0.00375339383066332,0.0335380916800509,0.00284660809856497,0.0163568318595808,38.35
"100562",0.0138021481921636,0.02937314251238,0.00523403003075113,0.00281132347451814,0.0339943894184056,0.00216833615157768,0.0160445087279757,38.387
"100563",0.0136541503147559,0.0292475725002367,0.00532449320100814,0.00305534587063068,0.0338763208866626,0.00185976683652814,0.0161503979820869,38.387
"100564",0.0126427491549179,0.0286071342614368,0.00589353712121663,0.00439806249096955,0.0333644635549643,0.00242592871123501,0.0157515050976001,38.387
"100565",0.0110565974478012,0.0280759108479858,0.0066530252653017,0.00593670201073075,0.0332124184216076,0.0036756358299034,0.0151397078296397,38.387
"100566",0.00809226251221654,0.0255490289877399,0.0079264505965387,0.00811568715965398,0.0307439194529953,0.00547406100243151,0.0138945947274571,38.387
"100567",0.00393908314058804,0.0224601934699758,0.0101542203744008,0.0113557999361693,0.0278630000644382,0.00774331512889771,0.00983601384759183,38.387
"100568",0.00607115778010476,0.0264853988063145,0.00859796510022917,0.00923421865493328,0.032595241675062,0.00603531868944319,0.011070921108272,38.387
"100569",0.0101987593657634,0.028264211744362,0.00692270492029909,0.00656560489624764,0.0338935594416701,0.00405257292272037,0.012356870400049,38.387
"100570",0.0122265679616869,0.0290181028554268,0.00619293316294362,0.00489630087895237,0.0339337735155353,0.00272038864795951,0.0130205577157472,38.387
"100571",0.0152625073371514,0.0302381391295474,0.00411516426728774,0.00444079114098165,0.0347759609804209,0.00293424055142479,0.015322952057729,38.384
"100572",0.0125532662595532,0.0277314879271715,0.00618986801916445,0.00467321364004599,0.0319197453718966,0.00291489494205099,0.0145561105806106,38.387
"100573",0.0142192703675228,0.030350785478404,0.00502818896511617,0.00286610283988856,0.0350875106296413,0.00203123743893094,0.0163172320673291,38.387
"100574",0.0144331774180931,0.0308726297756091,0.00488375410626162,0.00314371341924598,0.0357102682767591,0.0022942647656014,0.0163776322455458,38.387
"100575",0.0141757186986219,0.031298842422902,0.00523301132668724,0.00262749120046943,0.0361564366560576,0.00204201015732014,0.016050883403085,38.386
"100576",0.0142235385189423,0.0307653383170227,0.0053609914004574,0.00277184980162394,0.0352657444635824,0.00178370352552366,0.0158088484089192,38.398
"100577",0.0139009007872999,0.030668491387784,0.0054106291343144,0.00283160894946932,0.0354033611582659,0.00139496586444087,0.0163031386607936,38.389
"100578",0.0148639402077806,0.0296111722942493,0.00480237797772044,0.00367635340668456,0.0336961315314303,0.00217171165153145,0.0165064771379149,38.401
"100579",0.0143957317046572,0.0292986668350595,0.00507341624069535,0.00260587948240725,0.0334740506397119,0.00150659866013565,0.0163380870096763,38.387
"100580",0.0143233310878188,0.0288038845221627,0.00521413301480379,0.00212703347237713,0.0327383919669538,0.00155248951224223,0.0159158988365468,38.392
"100581",0.013876012915304,0.0301585241759082,0.00513851434785017,0.00270948878069463,0.0350590464144136,0.00254904396064059,0.0158756449118445,38.666
"100582",0.0140628561997661,0.0292532506669844,0.00489566620423026,0.00289458339625928,0.0339395173303929,0.0023903494764013,0.0162937357277866,38.668
"100583",0.0125234066875258,0.0289106837109666,0.00591364666709462,0.00449886271990827,0.0338565255441308,0.00240871137055891,0.0157368626458607,38.668
"100584",0.0111378438310951,0.0283107052538778,0.00669109897564651,0.00590873288830426,0.0333901066766466,0.0036200338020001,0.0152439886236473,38.668
"100585",0.0102217557215319,0.0273269643841883,0.00708805706008156,0.00665345631282111,0.0324047557252894,0.0042980651935664,0.0150511658749429,38.668
"100586",0.00494055738442024,0.022582339818556,0.00995492552677504,0.0109912405757965,0.0276675926168745,0.00752817759102739,0.0112136131308184,38.668
"100587",0.00500762866976396,0.0250741925143374,0.00964729902767219,0.0106944728411296,0.0311763802489912,0.00709266838760408,0.00987382917290985,38.668
"100588",0.00731392997205164,0.0270410939743799,0.00818492707918435,0.00855638588198644,0.0329592334318635,0.00554617495553517,0.0107171007490477,38.668
"100589",0.0125602897129188,0.0298148462166014,0.00585221046059423,0.00441996703593619,0.0350811857885754,0.00203483452373488,0.013086980127453,38.668
"100590",0.0134962891794617,0.030471069522767,0.00564340861313487,0.00345497822596491,0.0352752181521554,0.00187798937643415,0.0135235636423875,38.668
"100591",0.0131567244113397,0.0296868805101002,0.00568515311460499,0.00381228211274602,0.0345303691702722,0.0015017733168157,0.0143286685468797,38.668
"100592",0.012075325193904,0.0294808776728218,0.00652508944512372,0.00520799255909843,0.0342505677944243,0.00289032274105998,0.0143022195381089,38.668
"100593",0.0135075170496445,0.0306495348102877,0.00568326162255208,0.00347326949925958,0.0354525649927156,0.00189988759140629,0.0152759631986017,38.668
"100594",0.0127976907463989,0.0315041198940009,0.00622917354843125,0.00447236624785808,0.0365973684950889,0.00153524010311202,0.0148163061122462,38.669
"100595",0.0140054917937575,0.0308971614526633,0.00542938437586433,0.00272145960131113,0.0355792744601486,0.00204320370726814,0.0158395911064665,38.668
"100596",0.0137152860848851,0.030528710648886,0.00551501582442074,0.00312913130468742,0.0352846911523568,0.00204558877004495,0.0160269642235687,38.666
"100597",0.0146497638035667,0.0299222111115797,0.00475983463353827,0.00347083534495179,0.0343682866252152,0.00218068807623113,0.0167624756720376,38.67
"100598",0.0140953677881858,0.0295325865465765,0.00515041172706914,0.00236403859894774,0.0340014062120968,0.00156026867564032,0.0163786715145386,38.668
"100599",0.0136067491707109,0.0285136397179692,0.00570639352610289,0.00342677241170565,0.0325081076233564,0.00171286033186294,0.0155511986376164,38.663
"100600",0.0132044856183713,0.0299673907351102,0.00546378181850587,0.00360147353769367,0.0351096451447404,0.00179050177802027,0.0158965907180418,38.938
"100601",0.0121222470536981,0.029208528201154,0.00619905936000973,0.00497148620349033,0.0342773027442896,0.00272038864795947,0.0151730491796764,38.948
"100602",0.0117439242325577,0.028514353684974,0.00639825794934481,0.00535682283606127,0.0334721288965442,0.00318458067008882,0.0150841509995025,38.948
"100603",0.011562677594548,0.027831328285229,0.00645077916115976,0.00551134131722094,0.0326803785175951,0.00343866603884523,0.0152231942958162,38.948
"100604",0.00999680691696112,0.0262876872175535,0.00720314381989724,0.00684214263466867,0.0310823068820772,0.00458949794205244,0.0144553710972559,38.948
"100605",0.00709800240642513,0.0260415212308295,0.0083884022350245,0.00875182959913989,0.0314978719120929,0.00580958008817781,0.0123920587841911,38.948
"100606",0.00566677727973203,0.0241975750586198,0.00976273583603877,0.0106622821939187,0.0295451932139845,0.00718323093847914,0.00812257345912113,38.948
"100607",0.0142482881063837,0.0304119963671506,0.0045115828522241,0.00296199498660501,0.0356599014509495,0.00268221783412565,0.0146349884296664,38.948
"100608",0.0125190142206008,0.0297172927326899,0.00607948834686963,0.00460260318565913,0.0347112770218241,0.00228036943080024,0.0129998921832242,38.948
"100609",0.0138313611529071,0.0310253538927183,0.00520134251466623,0.00271847105033313,0.036172746862731,0.00239239647230081,0.0144761735989236,38.948
"100610",0.0143744459459332,0.0306095064638232,0.00480347848180377,0.00314768050159191,0.0355061635262019,0.00236978471147811,0.0155748119978438,38.948
"100611",0.0134634571630535,0.0302916582192611,0.00563149862584227,0.00348056337502099,0.0350862456861084,0.00179456867565143,0.0151436677362446,38.948
"100612",0.012427571847885,0.0314978404858317,0.00637569069856233,0.00484594022957797,0.0367567261537018,0.00195918737768432,0.0147623382459164,38.949
"100613",0.0125936390364854,0.0318065851023756,0.00615341952138066,0.00457178548462751,0.03728533245066,0.00145930247209839,0.0157200327406509,38.963
"100614",0.0129827159163367,0.0313128167241963,0.00583191047959818,0.00404700177138283,0.0366586340005344,0.00169147391381382,0.0161134223889921,38.949
"100615",0.014133846500751,0.0299391553172157,0.00510892216698979,0.00293125977720515,0.0345437079615523,0.00154936718442536,0.0164558973656943,38.948
"100616",0.0139875010048289,0.0294440311655904,0.00518646999535346,0.00254328389581287,0.033954194773644,0.00176865770369024,0.0163099260200122,38.948
"100617",0.0132504732266239,0.0281754673437474,0.00577389007561237,0.00381453177356802,0.0323375291497001,0.00213772286132421,0.0146935540558899,39.225
"100618",0.0118987776602649,0.027786805422428,0.00648782009338387,0.00531866807960223,0.0322424424064255,0.00334549781428178,0.0142642569597182,39.227
"100619",0.0114462715447766,0.0273341743616563,0.00662753352944514,0.00569449812900103,0.03189573473444,0.00368168862071701,0.0144029239949256,39.227
"100620",0.0117118282272093,0.0275718580025432,0.00644191153922484,0.00541321160743112,0.0322049043160027,0.00343579182741172,0.0145147212408063,39.227
"100621",0.00905774162395776,0.0265587268543653,0.00761593264818742,0.00751885409698151,0.03168071858123,0.0049743476605765,0.0137767150893508,39.227
"100622",0.00587600510978852,0.0241931254880272,0.00939036008925582,0.0101627894961435,0.0294331588146738,0.0068821952971718,0.0102056270154301,39.227
"100623",0.0099755441394155,0.0286185485985853,0.00713637333593398,0.00679728741711787,0.0342550240114172,0.00416309217700163,0.0124928024258695,39.227
"100624",0.0137032360156851,0.0307302570026648,0.00527311545420465,0.00293266270266977,0.0358329570023616,0.00226207305897929,0.0139744347808216,39.227
"100625",0.0131350018493826,0.0307225378712765,0.00569082419715775,0.00382127407550019,0.035904001538865,0.00155871587142225,0.0138467007680191,39.227
"100626",0.0144544436326858,0.0310302549948356,0.00480182764059554,0.00327632024794352,0.0359800336311363,0.00264999947041653,0.0151803849264006,39.228
"100627",0.0140508739746181,0.0308480935914425,0.0051115241378635,0.00261824739637758,0.0358191208915917,0.00262114085481259,0.0153981449184728,39.227
"100628",0.0130950111479561,0.0302663097986668,0.00598625955457805,0.00407686926153901,0.0349862760979169,0.00161069213033925,0.0145620129529218,39.227
"100629",0.0125708232329406,0.0301409036869739,0.00603482853078478,0.00452912376365182,0.0352733234695197,0.00206693356084249,0.0154153554066311,39.227
"100630",0.0131932001260828,0.0310120499988917,0.00561813248154112,0.00371101530287798,0.0363113034276479,0.00187150118689469,0.0164465889040325,39.205
"100631",0.0134790114186047,0.030099309886701,0.00550966855503913,0.00337226218405181,0.0349596889040686,0.00189860627875773,0.0160694605769936,39.226
"100632",0.0136377795753589,0.0296783920929488,0.00538288273144869,0.00311449184916504,0.0343937249942606,0.00165962137074247,0.0161535630574556,39.222
"100633",0.0122380486475811,0.0286506457819221,0.00653009988345978,0.00511027367013943,0.0329913925913863,0.00303565656766548,0.0140507177361455,39.246
"100634",0.0116770351566639,0.0278700928505673,0.00669354865260329,0.00558684185683084,0.0322851437861225,0.00352663341943503,0.0135879661380429,39.476
"100635",0.00942183717296965,0.027272875523291,0.00772032746172087,0.0074017478988883,0.0321142462983643,0.00482534427837837,0.012762015522299,39.505
"100636",0.010966165473196,0.0274004855493105,0.00691874354065922,0.00614982421267329,0.0320364842803859,0.00397847740468866,0.0136994098821165,39.505
"100637",0.0105205745474152,0.0266552162324477,0.00699994053152867,0.00645004319463334,0.0313669049166947,0.00428649295298072,0.0139355049647314,39.505
"100638",0.00697495216806129,0.0254977546350216,0.0084392433957538,0.00882820913167019,0.0308055191207838,0.00592392062061617,0.0119331541990849,39.505
"100639",0.0080418201930798,0.0272577261994333,0.00808490931162828,0.00820825093366767,0.032762878182567,0.00531759691044854,0.0110207855327069,39.505
"100640",0.0136214044035911,0.0299857404589761,0.00546035084749438,0.00318973764422911,0.0347264997089617,0.0019591873776843,0.0137459750798762,39.505
"100641",0.0138021481921636,0.0302029172585622,0.00534252034594772,0.00289032635566363,0.034965386620335,0.00222174394947293,0.0140052481332495,39.505
"100642",0.0132253146624479,0.0306958683300843,0.00571110396517948,0.00375567310430784,0.035756840483287,0.00169720264996501,0.014277526144642,39.505
"100643",0.0134046600077232,0.0305743839139558,0.00562815976694436,0.00352886489547835,0.035518771763702,0.00188316423369494,0.0146596168302087,39.505
"100644",0.0125717009364215,0.0290451210031292,0.00632561617985612,0.0047354423247822,0.0334573945402528,0.00264443789836281,0.0138597805185214,39.505
"100645",0.0128081799083123,0.0292851856098026,0.00592185558995749,0.00427795032234177,0.0340588016374518,0.00213429496013431,0.0149471492422197,39.505
"100646",0.0123298070012295,0.0289540892889987,0.00619468406108845,0.00482567240820191,0.0337466363434897,0.00269226595231435,0.0152994771483886,39.506
"100647",0.0122998260716593,0.0290493864952546,0.0062795073084379,0.00490085753760073,0.0337913703590173,0.0027383828499177,0.0155027522697015,39.51
"100648",0.0128090539176908,0.0298318045033359,0.00588712567299162,0.0042461928293616,0.0348184317515299,0.00189988759140623,0.0157303501551895,39.516
"100649",0.0141466674876771,0.0300457118402808,0.00482982288189242,0.00284458535103613,0.034965386620335,0.00185321645294127,0.0166009929555971,39.509
"100650",0.0137118434516536,0.0290323236577306,0.00530238517939372,0.00297726247702559,0.0335598580954369,0.00127762767833963,0.0158153259297333,39.505
"100651",0.011852547485614,0.0282305823448217,0.0066616396636659,0.00545247501128005,0.0326326576891486,0.00336609319485575,0.0141192353139255,39.505
"100652",0.0122380486475811,0.028374336986684,0.00645752809104193,0.00506613868901709,0.0327248579849758,0.00305667390819574,0.0141289941936972,39.507
"100653",0.00976978173804942,0.0283657593526677,0.00755428442909168,0.00713420809733402,0.0334862209866718,0.00447703473601111,0.0122171601747755,39.78
"100654",0.0108311086891593,0.0288473272177877,0.00690605339131482,0.00620606317160603,0.0340843023147827,0.00373241935814991,0.0132990748925331,39.781
"100655",0.0122715936659397,0.0278700928505673,0.00625742267670711,0.00491904867924583,0.0322935528621635,0.00304132901330386,0.0137547655255284,39.781
"100656",0.00688661536190904,0.0256917395259931,0.00864737210414763,0.00896836842289825,0.0307694808117224,0.0060045305862346,0.0108623953396805,39.781
"100657",0.00706103823511666,0.0266588420764999,0.00849771803469884,0.00881876160653683,0.0321479273499786,0.00578411218670361,0.0100509114315176,39.781
"100658",0.0104510841654644,0.0282377383114706,0.00713984075374954,0.00655348366657107,0.0333054641230442,0.00409458570641018,0.0116024720939648,39.781
"100659",0.0124610010179542,0.0298014193247645,0.00610392588809102,0.00466087423672382,0.0348475826740208,0.00230383673826657,0.0131002208869837,39.781
"100660",0.0116332876155101,0.0299582148991395,0.00672084879992245,0.00561127677307769,0.0350369032567766,0.00308314855543508,0.0127586116770182,39.781
"100661",0.0130819647496019,0.0301542954756606,0.00580134075164987,0.00395517481839892,0.0350786557657586,0.00146426424366124,0.0143226620492711,39.781
"100662",0.0105735370991411,0.0287654144112847,0.0071809490551628,0.00650696293418979,0.0338226746374013,0.00398034618105414,0.0132102209232174,39.781
"100663",0.0126032890703297,0.0297625441188683,0.00592959907319755,0.00443881143129262,0.0348760934976991,0.00209389865409756,0.014909234847684,39.781
"100664",0.0115510489177663,0.0291062459007566,0.00655177194172891,0.00556722906210446,0.0342282843556376,0.00321386453997327,0.0145076130945245,39.781
"100665",0.0118285273200323,0.0297526467379549,0.00644529097503408,0.00531866807960224,0.0349533578135158,0.0028715450280324,0.0147128253638955,39.781
"100666",0.0104355260194272,0.029379524109548,0.00710122836382409,0.00652990026082449,0.0348722924190014,0.0038608920518126,0.014493978603183,39.781
"100667",0.012418771329016,0.0296048022744063,0.00593141974754459,0.00458143473050945,0.0348456817280715,0.00225558097048261,0.0159416036357915,39.785
"100668",0.0140277588871313,0.0286855865973341,0.00511620468534827,0.00265963155627484,0.0329901063879003,0.00178506519552582,0.0160439773813351,39.781
"100669",0.0126681642741577,0.0280816429293399,0.00598851593933241,0.00444771429127699,0.0325274762018722,0.00263514318050063,0.015293322514152,39.781
"100670",0.0127128319729078,0.0274509148687485,0.00596455920157019,0.00440404553807759,0.0316800683883255,0.0027722580262499,0.0148896624137088,39.781
"100671",0.0117243123609656,0.0277099287518948,0.00662217729491068,0.00551464200332686,0.0321272016795676,0.0035034330795701,0.0142425148900984,39.791
"100672",0.0114803254269576,0.0295630354034802,0.00666450890369534,0.00567519844040874,0.034741720590771,0.00320310611690419,0.0128879477779528,40.051
"100673",0.0109217924302084,0.029865008028645,0.0068925470823577,0.00613701653816207,0.0353490893202399,0.0034793719662646,0.0127101706001124,40.057
"100674",0.0127093299042815,0.0287675519515725,0.00604512656711816,0.00444672582450508,0.0333189338738854,0.00245402987928689,0.0133872910754338,40.057
"100675",0.00897827985359123,0.0277343621910827,0.00785463138323221,0.00767577666439924,0.0329141963383487,0.00492651744156068,0.0117143200483198,40.057
"100676",0.00602146771140495,0.0256602858041737,0.00963053834058147,0.0103920686862723,0.0311913987392476,0.00687890821891691,0.00758147050138724,40.057
"100677",0.00982177719436792,0.0280429461273367,0.00718784368302775,0.00690794197086663,0.0335700997927133,0.00433489391756162,0.0118279806580793,40.057
"100678",0.0117269871424435,0.0295509983502447,0.006461321577108,0.00539643100236662,0.0347651825827105,0.00297752658782385,0.0125580941223649,40.057
"100679",0.0111522736241021,0.0289896564158783,0.00687463438970485,0.00600230495652556,0.0340109739357734,0.00357674291607177,0.0121139331290783,40.057
"100680",0.0117813445939496,0.0294036294746059,0.00645246698895013,0.00535682283606126,0.0345303691702722,0.00298660485128917,0.0133633534776029,40.057
"100681",0.0112531647692087,0.0288081582455355,0.00675007550391509,0.00587048400601238,0.0338501392817595,0.00350836686367533,0.013515250086059,40.057
"100682",0.0114776377914302,0.0298558249289758,0.00658540247470094,0.00562589488477557,0.0352354240309698,0.00308394735784665,0.0140740052305456,40.057
"100683",0.0123386217923938,0.0301599337121971,0.00609638187616407,0.00474200204392027,0.0354456271100523,0.00224689640445039,0.0147669890335407,40.057
"100684",0.0120452027269676,0.0296373568266637,0.00637569069856232,0.00513222142499835,0.0346846329715908,0.00275893469445668,0.0144142652812115,40.057
"100685",0.011334090377912,0.0284393645559836,0.00658291662523205,0.00572654269511975,0.0335195231872674,0.00346371618035359,0.0145844183966759,40.057
"100686",0.0111089715870716,0.028551474277988,0.00670700748652955,0.00593282403883052,0.0337114769301926,0.00358916368998008,0.0147163263043425,40.057
"100687",0.0120372262904488,0.0285942918735184,0.00635390699223062,0.00513397383766642,0.0333509987813079,0.00302020757194904,0.0150756278504198,40.057
"100688",0.0121558639425724,0.0288857720691312,0.00619030598043678,0.00494622987496939,0.0338322560124025,0.00278728272584959,0.0155336006932143,40.057
"100689",0.01285797701991,0.027905974856027,0.00568136956401981,0.00408855270988464,0.0324867985799139,0.00237700211177829,0.0154823337813906,40.057
"100690",0.0110068805898879,0.0279310859143824,0.0069112112925263,0.00611738475580048,0.0327061657100912,0.00385960871719012,0.0141861809428365,40.062
"100691",0.0118347558256762,0.0294454485359821,0.00650794426992894,0.00535597743544926,0.0344592053812759,0.00298989937415197,0.0126882725667845,40.331
"100692",0.0131254413560418,0.0298204992265446,0.00575193828915342,0.00388594182668916,0.0346567142159111,0.00153681603133342,0.0138061308275229,40.331
"100693",0.010672908848951,0.0280307612463596,0.00713328991393779,0.00643194249851974,0.0328330875119196,0.00406235274490079,0.0123427646469254,40.331
"100694",0.0083126052637401,0.0259999551113204,0.00814943093791798,0.00813831624258741,0.0307603056006563,0.00546309526635149,0.0111987268066513,40.331
"100695",0.00883218575253639,0.0265659845093117,0.00777437082395646,0.00770696296120684,0.0316462533791204,0.00509861455953268,0.0113582283365586,40.331
"100696",0.0107493467241674,0.0279274989399505,0.00694800962510789,0.00628408577502772,0.0328948896226727,0.00396099404009816,0.0117389358217808,40.331
"100697",0.0114991349059985,0.0291467425645499,0.00664645517342367,0.00565665099897392,0.0342028127609691,0.00328220462313354,0.0121928723944473,40.331
"100698",0.0116645396359537,0.0292787992655262,0.00646258562730456,0.00543997001958575,0.0344661964418637,0.00307274569987723,0.0129577845791829,40.331
"100699",0.0112891478523426,0.0289498205552118,0.00668660580451407,0.00580995164849356,0.0340906766774519,0.0034278756302879,0.0132174316700091,40.331
"100700",0.0112531647692087,0.029482294633507,0.00675493555933502,0.00586735239973631,0.0347284024178917,0.00336242446976146,0.0136089370724631,40.331
"100701",0.0102603633696177,0.0290358786066822,0.00729244843415046,0.00673406880463573,0.0343046683967009,0.00408366648188621,0.0131609427752649,40.331
"100702",0.010966165473196,0.0283671889999733,0.00689493227801877,0.0061272072555348,0.0333413801852592,0.00377790211783124,0.0136564687236483,40.331
"100703",0.0115814568123533,0.0285571841479712,0.00645077916115976,0.00549233003077382,0.0336155371310664,0.00326940265338876,0.0145661430737005,40.331
"100704",0.0110231571253681,0.0275229196326761,0.00681060182949395,0.00605283094677731,0.0322974337743547,0.00388073081975634,0.0140329175635527,40.331
"100705",0.0105561938998233,0.0277314879271716,0.00705658929386716,0.00645365821237461,0.0326642587262847,0.00411272159336013,0.0139163057575784,40.331
"100706",0.0116109531504738,0.0276445088439579,0.00637057114938774,0.00543412608153755,0.0324951935029045,0.00341705200094969,0.0151142244783496,40.331
"100707",0.0119431915867256,0.0283035535557733,0.00610082054656351,0.00504394959190313,0.0333901066766466,0.00297421870271042,0.0155879747183626,40.331
"100708",0.0119511821357713,0.0279698184571025,0.0061894300300142,0.00509618543547536,0.0328305117411812,0.00310702551259339,0.0153647750276215,40.323
"100709",0.0131341327784782,0.0293149842946789,0.00570120799976332,0.0038481439114651,0.0340441364086347,0.00171002387871685,0.0134131175669105,40.605
"100710",0.0124416497562074,0.0286599167537712,0.00616090067115305,0.00472605802626891,0.0332932759354119,0.00269864121472648,0.0131358988128609,40.605
"100711",0.0113197131489273,0.0280278940376029,0.00671800121499661,0.00581942006066503,0.0328066832687949,0.00363162925072039,0.0126388518469409,40.605
"100712",0.0101121880666108,0.0270136253092166,0.00718209857327423,0.00676539281329107,0.0319580224996102,0.00442846516235405,0.0128183765144509,40.605
"100713",0.0073991064109847,0.0265819497371348,0.00835100874995256,0.00861212100060141,0.0320027715462578,0.00566305038227979,0.0106104563335349,40.605
"100714",0.00844437125105417,0.0279117149868862,0.00794641331053923,0.0079594092115449,0.0334836589078352,0.00506868751326803,0.01038510741101,40.605
"100715",0.0102539310393275,0.0286798826467195,0.00728753391247206,0.00673755529346979,0.0338520551946984,0.00414876143068697,0.0112253504041171,40.605
"100716",0.0109915033214967,0.029159528281969,0.0067876590249429,0.00604290694720639,0.0345081347525678,0.00354620248259019,0.01230813160896,40.605
"100717",0.0100180595016398,0.0292979573326434,0.00730264600979185,0.00686207540845858,0.034858354171164,0.00411272159336015,0.0123201590874939,40.605
"100718",0.00960782361263636,0.0290479646806349,0.00752678030875222,0.00719247715895047,0.0345710163776029,0.00439013804674822,0.012366734069064,40.605
"100719",0.00747222110805907,0.0278937761715244,0.00846935199049924,0.0086364807188959,0.0334503470535562,0.00552404901516724,0.011005616764197,40.605
"100720",0.00692981165845843,0.0272064926307848,0.00863634261652065,0.00893652640107813,0.0327345252694584,0.00579923342174529,0.0110415062589141,40.605
"100721",0.00835497527341932,0.0271812284391599,0.00800290473637923,0.00803305783243118,0.0325158554293517,0.0052223860988934,0.0125164611173308,40.605
"100722",0.0100605342176595,0.0271054032567324,0.00725608601540268,0.00683181340498076,0.0320150907742276,0.00446313073275603,0.0133607628492999,40.605
"100723",0.010757529216426,0.0270259147203746,0.00685428244444175,0.0062336504902739,0.0318379593720062,0.00407880434486931,0.0140507177361455,40.605
"100724",0.0102925114002444,0.0271249058391623,0.00691279764251537,0.00651987352619795,0.0323284765315647,0.00422699417376214,0.0145850075106841,40.605
"100725",0.0108710305446237,0.0281790469961491,0.00657420949391757,0.00599846266147318,0.0336334515121818,0.0037337453006387,0.0154408553014969,40.605
"100726",0.0127224615402881,0.0282563418632999,0.00564198060889788,0.00416852112209124,0.0331302228801276,0.00236875190398792,0.0162654916332391,40.63
"100727",0.0116966648864587,0.0286898643882329,0.00657918626686766,0.00549564031172979,0.0335035136318292,0.00327091130312802,0.0146261816961988,40.658
"100728",0.0118374249589608,0.0291886464687629,0.00637782275290942,0.00527685840523846,0.0342944865186203,0.00296925013813087,0.0126532878005191,40.877
"100729",0.0105817500598505,0.0284465083456017,0.00701717397430047,0.00641161875374026,0.0336360104987078,0.00395096968044401,0.0120351585594291,40.877
"100730",0.0104419329478503,0.0279834436247459,0.00702733949882426,0.00649690645837488,0.0331462810290943,0.00408548832866678,0.01238432662199,40.877
"100731",0.00912667020542197,0.0274804420965641,0.00753338953550932,0.00743646498007661,0.0329540871785722,0.0047776239888955,0.0121434208611158,40.877
"100732",0.00807480975422372,0.0269333508706823,0.00802651056563129,0.00816623190084958,0.0324054019514105,0.00533026006534874,0.0110159978369672,40.877
"100733",0.00848179633966572,0.0283686186306228,0.0078443737874105,0.00788579409441962,0.0342110915920454,0.00494318329856469,0.0107195671957882,40.877
"100734",0.0087179677009012,0.0281675917383493,0.00779681904724003,0.0077584993814217,0.0338111760178869,0.0048950562382274,0.0102747284551052,40.877
"100735",0.0103796565805392,0.0293298810112117,0.00699052436588472,0.00649762521188923,0.0350191860040884,0.00382803600000472,0.0119507075808647,40.877
"100736",0.00802531396984296,0.0275193204294988,0.00813642645351021,0.00824067702266837,0.0330351154425698,0.00530772742530162,0.0105395481938261,40.877
"100737",0.00895838966276935,0.0286363813938972,0.00779859816222277,0.00764761766153511,0.0342034496133774,0.00476353066216313,0.0116963824527853,40.877
"100738",0.00933557383953888,0.0289306094519817,0.00760793288353397,0.00736754012268843,0.0345430728126202,0.00452454629977029,0.0119784435196947,40.877
"100739",0.00836748440778059,0.027333453383695,0.00791662776796506,0.00798059633700664,0.0328453216763998,0.00515796063721704,0.0116859050951562,40.877
"100740",0.00720664608493123,0.0250609526411182,0.00835067420119181,0.00869628509517262,0.0301827362752824,0.00589681191762018,0.0114527765045036,40.877
"100741",0.00734168627454401,0.0253819333270745,0.00841435578828636,0.00867544935325509,0.030372300824247,0.00585720157752174,0.0110812359999055,40.877
"100742",0.00869603745596,0.0260386048107818,0.00779717489945129,0.00778323371977441,0.0310430869108721,0.00521664828353605,0.0126443533607522,40.877
"100743",0.00835208795050171,0.0266668185321703,0.00780499995526883,0.00793331424006189,0.0321692969117053,0.00520755080293017,0.0130896294388224,40.877
"100744",0.00811551966429452,0.0270244689743589,0.00782665988230579,0.00804327532374972,0.032813767898251,0.00524480027367151,0.0139039039466886,40.877
"100745",0.0105580198021626,0.0283264375199069,0.00683948321680561,0.00632463146768886,0.0337555844295822,0.00396787146267621,0.0153117783864572,40.877
"100746",0.0119085519270966,0.0274818822614818,0.00639953319980218,0.00526057140247189,0.0319508870271235,0.00335875183749721,0.0147925400859322,40.874
"100747",0.0106209699533405,0.0264904824606914,0.00730075853661337,0.00657059052711663,0.0305996192239834,0.00443407425597614,0.0128494975456892,40.83
"100748",0.00958543640356368,0.0267617685415148,0.00784366592221518,0.00739723751277152,0.0310881887226102,0.00492246894881681,0.0117061023423482,40.847
"100749",0.0102208360914262,0.0269347977458842,0.00735269272407993,0.00680627833324277,0.031490708379513,0.00449532380918978,0.0125830023924529,40.875
"100750",0.0104593187167004,0.0284807927657373,0.00708379103956769,0.0065155723847247,0.0336986892291816,0.00401754369417076,0.011730736774256,41.148
"100751",0.00990521164188055,0.0281783310740789,0.00720849196519844,0.00687579384092546,0.0336385694325584,0.00429806519356644,0.0120626844615552,41.148
"100752",0.00861297066862913,0.0279483019097197,0.00777115917356081,0.00779249207917563,0.0336609578577554,0.00494167048529022,0.0116213198681669,41.148
"100753",0.00784128243537944,0.0276042326486422,0.00804002106355789,0.0082653667257863,0.0334676447130502,0.00529171020859612,0.0110955010290551,41.148
"100754",0.00867791175722421,0.027373821384144,0.00769227729954875,0.00772624530553366,0.0329766004319543,0.00497735346908917,0.0110008219243951,41.148
"100755",0.00842612496793256,0.0266356347036962,0.007883570629809,0.00794303241402719,0.0319333708571311,0.00523050416456839,0.0102549133927961,41.148
"100756",0.00837518024080714,0.0276459470285309,0.00794291434471733,0.00798966207379469,0.0332034309670499,0.00512253083305645,0.00992490069658763,41.148
"100757",0.00966746546878854,0.0280966883562561,0.00733880078250983,0.00706683412893572,0.0335585778238182,0.00444303444395173,0.0109607766416766,41.148
"100758",0.00921431375466807,0.0282384538850771,0.0076271922307889,0.00744031402635078,0.0337191489208235,0.00467969754217668,0.0108745433390943,41.148
"100759",0.00840210311570715,0.0281282060710286,0.00804659570762083,0.00803005060857555,0.0336417680258061,0.00509323055101088,0.0105177553010874,41.148
"100760",0.00920772348867294,0.0282219946312832,0.00773897674465907,0.00750422027834152,0.0335278473384617,0.0047378494924626,0.0109687983549414,41.148
"100761",0.00903599991578141,0.0270808398336183,0.00782985104566265,0.00764134826434551,0.0320442627787475,0.00500033946721866,0.0106453047064347,41.148
"100762",0.00940684768730436,0.0265376770614799,0.00750323843163341,0.00729546115987936,0.0315063373368615,0.00484132062206454,0.0115008780438789,41.148
"100763",0.00510893343736924,0.023900520480548,0.0091201379332127,0.0098381437191243,0.0290750670203269,0.00671330258796987,0.00860222398165879,41.148
"100764",0.00504216684081167,0.0246866224132913,0.00922069930395768,0.00990590568955475,0.0299671101608971,0.00667767087528612,0.00848029483708252,41.148
"100765",0.00836652231645167,0.0262622214618124,0.00789518997777089,0.00797757250068494,0.0314796365981565,0.00530207967727157,0.0117887422567658,41.148
"100766",0.00873607461111525,0.0266370853014078,0.00750176485788957,0.00760490014325517,0.0322599130010475,0.00500731478354501,0.0135669601228731,41.148
"100767",0.00901992237416311,0.027149460036747,0.00741286861020486,0.00742362271403984,0.0328060391910455,0.00487209744954827,0.0143202586868841,41.148
"100768",0.0106984018153167,0.0271306837595331,0.00674683371741163,0.00620456902893501,0.0321861308311624,0.00404889955146993,0.0147698949711098,41.148
"100769",0.00967119032608743,0.0269955502973633,0.00724696977168263,0.00702318768304498,0.0322521486084554,0.00466424884211407,0.0141958900347203,41.17
"100770",0.00998571456758545,0.0280465296829201,0.00720161512216401,0.00683250242859444,0.0334010033897756,0.00429517498346896,0.0118353683464142,41.418
"100771",0.008605323292691,0.0280608628469924,0.00775436778337835,0.00778570352038182,0.0338405592768895,0.00491841720688909,0.0116393826649216,41.418
"100772",0.00753335534383117,0.0278578905361942,0.0081777707579761,0.00846012309827218,0.0338424753365621,0.00538433430157529,0.0109028317227416,41.418
"100773",0.00650419217794111,0.0276811771511385,0.00852829739147096,0.00903503831078445,0.0339056888546794,0.00577155390236819,0.0100579598149651,41.418
"100774",0.00683530318376073,0.0274919629274764,0.00838906861295223,0.00884208713472933,0.0336155371310664,0.00567143473612733,0.00972343947094868,41.418
"100775",0.00663627150763642,0.0279439981407748,0.00847661654815204,0.00895849659695956,0.0342244639434743,0.00568860697391345,0.00924094035416333,41.418
"100776",0.00714589136837192,0.0280966883562561,0.00837706651496217,0.0087137098174999,0.0341569509498695,0.00552133377540907,0.00896026463475772,41.418
"100777",0.00785299573793641,0.0283135658161777,0.00811516837353854,0.00829467864880018,0.0342588435011431,0.00522143022327284,0.00910765873096968,41.418
"100778",0.00688762061967269,0.0271812284391599,0.0086971715620198,0.00898425384998102,0.0326320126838275,0.00583751250824408,0.00722943601084848,41.418
"100779",0.00790468249793184,0.0273867938897927,0.00830136365156411,0.00837861483519697,0.0326913387468803,0.00542730744954966,0.0081624227871162,41.418
"100780",0.00594156259491219,0.0260692234573505,0.00911519189848698,0.00954644225609211,0.031224040883835,0.00632764835120656,0.00593669067141662,41.418
"100781",0.00576637385839216,0.0240929600356551,0.00910250665042452,0.00961127516286395,0.0288032118466781,0.00657919069431907,0.00655743535838577,41.418
"100782",0.00935246554514161,0.0263807706301674,0.00768867446821729,0.00742362271403982,0.0310561617235084,0.00496381335546714,0.00985223964756915,41.418
"100783",0.00813682552502727,0.0259277247792348,0.0080952363313039,0.00818341651106051,0.0309174927472087,0.00548637190991372,0.00948738670390586,41.418
"100784",0.00617438600145898,0.0266022659127732,0.00872647829708279,0.00926199758660816,0.0324338324502609,0.00605644867967467,0.00836934323137013,41.418
"100785",0.00761600448892356,0.0264280104816713,0.00814703677815836,0.00842089693496237,0.0319547791564699,0.00555022955439915,0.0109100930513536,41.418
"100786",0.0103530719216461,0.027235359353531,0.00672125550917235,0.00638030141599489,0.032688115253254,0.0041535437027896,0.0140120172317314,41.418
"100787",0.0104236250839481,0.0277393919872409,0.00669150731116282,0.00632021892807558,0.0333214993736528,0.00406845349312364,0.0145259681086478,41.418
"100788",0.00962087738623143,0.0268327489441034,0.00713829986622269,0.00699080956502995,0.0322495603652028,0.00465356543287186,0.0140899147850665,41.418
"100789",0.0082209578134134,0.0265826753766324,0.00784543547747433,0.00801198734786081,0.0321123028692235,0.00535782983707468,0.013092278170089,41.418
"100790",0.00827308024492686,0.0260896312701817,0.00793766329459781,0.00804147302997238,0.0312684193900112,0.00537411961144052,0.0128041418712901,41.418
"100791",0.00915119174314715,0.0260648498741655,0.00758242858766767,0.0074620937576107,0.0309999294510085,0.00501079889125332,0.0131957866375876,41.418
"100792",0.0095639709261966,0.0254611155010974,0.00728715574884859,0.00711025516617481,0.0302788751028076,0.00486851659502758,0.013537620153255,41.42
"100793",0.0109562077072927,0.0253723982913136,0.00656922932947629,0.00597150844342665,0.0298733436427209,0.00417678081795767,0.0139966277934316,41.435
"100794",0.0106300861758782,0.0257458483596612,0.00672938505018825,0.00624480534500797,0.0304564489680721,0.00436231647850713,0.0136912118098416,41.451
"100795",0.00791247764529163,0.0274754013819409,0.0081093307890918,0.00827299622232438,0.033122514220581,0.0053260422755482,0.0107080518512472,41.687
"100796",0.00794753441954247,0.0271530705150973,0.00798376586860309,0.00819525031530073,0.0328781546553928,0.00530772742530162,0.0111421201121231,41.687
"100797",0.00700200486045146,0.027786805422428,0.00830573506193216,0.00873446880656506,0.0339975789186591,0.0055614772056645,0.0105813211330986,41.687
"100798",0.00622688251442468,0.028242747238693,0.0085273125005475,0.00913157576829476,0.0348691247677837,0.0057502739717044,0.0101682749454229,41.687
"100799",0.00544731503414763,0.0269355211767474,0.00884060611044587,0.00956826729635115,0.033268254293101,0.00619228187939506,0.00864694954229576,41.687
"100800",0.00489174785710507,0.0252689265094256,0.00950800599956642,0.0103576332883625,0.0309875023205315,0.00688365572957713,0.0059693137334262,41.687
"100801",0.00682825356652328,0.0270671109714468,0.00849607117896652,0.00890293416391734,0.0328852351150693,0.00577545415026769,0.00758505705925886,41.687
"100802",0.00649095112207151,0.0264788623477838,0.00873001487288077,0.00915153500807908,0.0319969356746365,0.00601536553612797,0.00636695998472452,41.687
"100803",0.00902843481805208,0.0280501131326576,0.00770954980307029,0.00757209724094856,0.0335131196134175,0.00479583300947852,0.00809366131173393,41.687
"100804",0.00872559269568693,0.027513561478052,0.00793030657009831,0.00783127666894131,0.0327345252694584,0.00505538597031725,0.00716364627704386,41.687
"100805",0.00919171412600565,0.0279088449555719,0.00769083634921244,0.00748764876432078,0.0332085667359563,0.004768755147945,0.00856458488416752,41.687
"100806",0.0102272731104757,0.0287832261253945,0.00712094421675653,0.00665697825477219,0.0342588435011431,0.00405012436949725,0.010479078476025,41.687
"100807",0.00889771035261727,0.0274934029528588,0.00780073261836472,0.00768514372122714,0.032759656595058,0.00495728118126512,0.00947893913284992,41.687
"100808",0.00708501995214838,0.0260546441868813,0.00840271888256541,0.00876357370846247,0.0315004767237359,0.00581646789555834,0.00858656272077323,41.687
"100809",0.00640831117925983,0.0264926611006703,0.00862140016787151,0.00912509462271503,0.0322773810360546,0.00598238470706021,0.00835859078652124,41.687
"100810",0.00757372140363017,0.0262913247170294,0.00806111201157016,0.00839369473718778,0.0319586711575506,0.0055398620506778,0.0108923338888332,41.687
"100811",0.0080486146524805,0.0257546202870428,0.00785074199030011,0.00809300491876017,0.0311776862823648,0.00542684713746246,0.0120771445147587,41.687
"100812",0.00882838386931094,0.0270092875614159,0.00767099859471151,0.0076494976384774,0.0323963544683615,0.00499035823960716,0.0125254943096386,41.687
"100813",0.00918135177588636,0.0279131499769601,0.00745373111203115,0.00736430608198219,0.0335925005588531,0.00475096904224805,0.0128987185350906,41.687
"100814",0.00832416554083633,0.0259255352556188,0.00776866039751819,0.00793209876472955,0.0312840783229359,0.0053778362330148,0.0123342928156962,41.687
"100815",0.00708202323959813,0.0251109614651213,0.00838140238939318,0.00876021959902245,0.0303058581343844,0.0059429092291929,0.0115229470104073,41.687
"100816",0.00895270492256648,0.0263814975451558,0.00775150641593541,0.00764197539859267,0.0313297381049924,0.00509274082049401,0.0124732823320454,41.687
"100817",0.00981064054599648,0.0258590993664689,0.00701012853610244,0.00683456914911632,0.0309848859107185,0.00478387469464159,0.013603221196019,41.687
"100818",0.0108982310427833,0.025068308325813,0.00645752809104191,0.00594445157434895,0.0296855711137215,0.00426325659985433,0.0139744347808216,41.687
"100819",0.0104721251141058,0.0251308115234655,0.0067415628236375,0.00634445596389809,0.0297834643738343,0.00456231716721347,0.0136583662670909,41.687
"100820",0.0122230349539554,0.0255482966645645,0.00590862505303249,0.00475696712639901,0.0297312213902601,0.00349495936511638,0.0143730322263926,41.703
"100821",0.0114157829070588,0.0252894818801169,0.00635818359842656,0.00555985927706061,0.0296332815194812,0.00413918072520418,0.0141363085697157,41.703
"100822",0.0107602564019539,0.025411999941558,0.00692310094611093,0.00622247883284629,0.0297675957116667,0.00458678693208926,0.0131220365368243,41.693
"100823",0.00899626718231279,0.0273327324013374,0.0076431479492431,0.00755628403030994,0.0327093887222892,0.00488435523137416,0.0113921479962957,41.941
"100824",0.00750477427834593,0.0265630815023429,0.00817129113335676,0.00847680547547367,0.0321900152434763,0.00556597006068555,0.0107785787588231,41.955
"100825",0.00712195596368282,0.0272295865750287,0.0081736789010853,0.00862402483237122,0.0333894656635592,0.00555473127969227,0.0109197666957192,41.955
"100826",0.00748011571744115,0.0274581173083596,0.00800186186003855,0.00839311516208596,0.0336583993845522,0.00539314089805596,0.0108858682381281,41.955
"100827",0.00675160868026383,0.0263116925648566,0.00832219334760003,0.00884707873594522,0.0322650889818735,0.00581603764061093,0.00952203042650762,41.955
"100828",0.0082672925274959,0.026722638292967,0.00775722820131172,0.00794424648314769,0.032395061914976,0.00519747762967137,0.00961776038442561,41.955
"100829",0.00819776837587356,0.0263567798367684,0.00795061024093197,0.00807805320838516,0.0316657632307259,0.00535036697770113,0.00780973904582451,41.955
"100830",0.00945367199753527,0.0268834226630149,0.00737105390262402,0.00719841413734985,0.0321200763948707,0.00471361650426583,0.00836181809095528,41.955
"100831",0.0110150195355414,0.028895025544225,0.00662753352944514,0.00593825260345138,0.0343600180584148,0.00350343307957011,0.00973986828855674,41.955
"100832",0.0114032234261986,0.0280866582786519,0.00662835721992575,0.00571454368313855,0.032927709216237,0.00354062208301123,0.00937882562937815,41.955
"100833",0.0111071665103398,0.0287454622640085,0.00671433843810491,0.00593670201073075,0.0339580233895401,0.00355247021516306,0.0100641227690023,41.955
"100834",0.0102180770891493,0.0289491090854343,0.00705269562696913,0.00662168802245129,0.034583715977751,0.00398594738427665,0.0104630581107775,41.955
"100835",0.00852110055839855,0.0270909548078225,0.00785745894478495,0.00788457246489364,0.0324848612066396,0.00513128910461291,0.00934837460012699,41.955
"100836",0.0078139360326436,0.0261136785988606,0.00806663585014219,0.00830111559406189,0.0315017791077023,0.00551680548026694,0.00920224188627572,41.955
"100837",0.00657843346298676,0.026024750784097,0.00847958679889092,0.00899355503022254,0.0317704106232141,0.00594922563268396,0.00866042203095942,41.955
"100838",0.0047151104690401,0.0245632788644225,0.00938132498901175,0.0103167681343335,0.0303624355864481,0.00691788934467551,0.00598478091241812,41.955
"100839",0.00245976603982755,0.0227539913484199,0.00992947458930517,0.0112116267421909,0.0286215889985975,0.00762691115925148,0.0063626249347477,41.955
"100840",0.00514439026419385,0.025227069696516,0.00925979505978078,0.00988975920125376,0.0305149211597214,0.00661685739583348,0.00785130909644869,41.955
"100841",0.00856036393967014,0.0280923898529407,0.0078074882661347,0.00783373373201436,0.0338380044849966,0.00505193184806363,0.0116581658803255,41.955
"100842",0.00887303274044452,0.0264192907484598,0.00740579000453402,0.00749338854329146,0.0319988809971742,0.0051118064102116,0.0123194519404798,41.955
"100843",0.00566677727973203,0.0244109329498279,0.00881960698181739,0.00949901017502346,0.0298343608994782,0.00651208863220813,0.01011678149435,41.955
"100844",0.00997739348202229,0.0255658710818946,0.0072420274964198,0.00687921985570458,0.0300904704778087,0.00473942570808782,0.0124572232061853,41.955
"100845",0.0101075785384541,0.0255241272761887,0.00688339694520927,0.00661461099353553,0.0304479055445938,0.00472364047560108,0.0131727877240358,41.955
"100846",0.00988390462836249,0.0249903126408819,0.00694761487678786,0.00677025448532171,0.0298673980126016,0.00489607419235385,0.0130916160416367,41.955
"100847",0.0099736947194976,0.0243983509097799,0.00707719354907077,0.00679936313080036,0.0288065475972198,0.00491030394383955,0.0128440910534763,41.955
"100848",0.01053884427307,0.0253811998921867,0.00687582987515137,0.00638103119304814,0.0298528629016176,0.0045905819089402,0.013237730001073,41.955
"100849",0.010148126151471,0.0259102073930613,0.00720811007320408,0.00666120251894213,0.0307275309419017,0.00487771932786098,0.0134691052157823,41.955
"100850",0.00786177812991351,0.0272793674951338,0.0079169787720518,0.00819525031530073,0.0332271820971829,0.0052907665470322,0.0111578753671135,42.214
"100851",0.00660482989218827,0.0259605625072803,0.00853551680094974,0.00901267910768676,0.0315649272596523,0.00597610247804546,0.00923224850160402,42.221
"100852",0.00655099648283808,0.0258605599196797,0.00851121143779513,0.0090208647071962,0.0315239174068603,0.00598824232285926,0.00850462082408411,42.221
"100853",0.00718574360956201,0.0259503473547272,0.0083006909430834,0.00867319432107686,0.0314529297302677,0.00576634957071297,0.00769534396405785,42.221
"100854",0.00870652738794877,0.0265804984444018,0.00775436778337836,0.00775230543543823,0.0318139320534367,0.00511668386484918,0.00782824411428751,42.221
"100855",0.0106492245088115,0.0271184053386338,0.00675493555933503,0.00623662675780438,0.0322049043160027,0.00404399666239563,0.00935409233925041,42.221
"100856",0.0117376848932067,0.0290380115277575,0.00620212041706686,0.0052364919480364,0.0344210655644573,0.00293759232390644,0.0100887338530983,42.221
"100857",0.011334090377912,0.0288530234983684,0.00661186587437281,0.00573931839302581,0.0340224542429881,0.003389481339779,0.00946201950490333,42.221
"100858",0.00866550504383864,0.0282913947101238,0.0079516591621579,0.00786316813327636,0.0337715615587151,0.00496180434878274,0.00768592421401716,42.221
"100859",0.00860914717212985,0.0279655154538233,0.00787228865179553,0.00784784929442141,0.0335246458080322,0.00498736007343658,0.00881223159492998,42.221
"100860",0.00961901280605723,0.028793911930819,0.00725190901672826,0.00703798579326804,0.0346440218607257,0.00429170422630108,0.0107368151578834,42.221
"100861",0.00915024888125643,0.0265188015513439,0.0074792605041628,0.00740303615638257,0.0317574160255285,0.00489607419235383,0.00995701039518572,42.221
"100862",0.00679802229781105,0.025596619594815,0.00846075937067899,0.00890514019603312,0.0310535468801499,0.0059538535092506,0.00788003762254595,42.221
"100863",0.00542186519920458,0.025518267233854,0.00896410153006347,0.00964742151424905,0.0312207770850002,0.00641660588264817,0.00546968377161273,42.221
"100864",0.00644608991972069,0.0256302867433009,0.00840338423910878,0.00900612612634332,0.0315030814770999,0.00606347605438407,0.00880613220510684,42.221
"100865",0.00399372878491695,0.0236622612593622,0.00972488008019593,0.0107261106414277,0.0291422581848614,0.00726161291000061,0.00338174844804994,42.221
"100866",0.0108556101165963,0.0281346518704008,0.00676383750095092,0.00611662862981266,0.0333279128892692,0.0038820073455309,0.0122207275020741,42.221
"100867",0.00679096397595014,0.0262585830307936,0.0084677001727969,0.00890734576891737,0.0319119586737456,0.00596645720078674,0.00940822338886918,42.221
"100868",0.00544519524003095,0.0239191113078841,0.00884632536212663,0.00959005057423519,0.0293316316212756,0.00663315271078423,0.00927273506971854,42.221
"100869",0.0090123542363858,0.0258247708726581,0.0075117064337584,0.00748956243477227,0.0309253464222106,0.00520898827717331,0.0121096113333968,42.221
"100870",0.00975584379556149,0.02543252851386,0.0071993215280653,0.00696779859924499,0.0301919586552502,0.00492449360084405,0.0120460321778147,42.221
"100871",0.00966746546878854,0.0242872677664757,0.00718899220933572,0.00701510493050382,0.0287858642583974,0.00507655387265136,0.0118619228059139,42.221
"100872",0.0106683550892755,0.025125665560185,0.00672694711589423,0.00619484971982905,0.0296888797428358,0.004569943672806,0.0130995591929476,42.221
"100873",0.0103016923915735,0.0256873511691984,0.00712287450077597,0.00658694954740508,0.0302736093625273,0.00476562112662285,0.0127803793370652,42.221
"100874",0.0101591782479596,0.0257911625546261,0.00735269272407992,0.00675148611238365,0.0303012517356423,0.00490421040843457,0.0128210859362092,42.193
"100875",0.00915779116323866,0.0273399420270993,0.00761956640697441,0.00746912870977773,0.0326068547845646,0.00483256577841109,0.0102359210094121,42.461
"100876",0.00822771862006854,0.0265950105476409,0.00802373665212741,0.00810256184063364,0.0318301672658873,0.00534569753213413,0.00865109734154802,42.487
"100877",0.00614964694354396,0.0259116672797911,0.00878386879117298,0.00930459820431178,0.031450975328339,0.00618701781815514,0.00693068554537391,42.487
"100878",0.00907191465982665,0.0276214955375444,0.00755721288628104,0.00747360259926928,0.0331527036992837,0.00481345745362732,0.00817565920146876,42.487
"100879",0.0108020537650061,0.0289910788910683,0.0066898738345723,0.0060961834427867,0.0346021281570858,0.00361935058880978,0.00963161578416644,42.487
"100880",0.00963765494392079,0.0286392344028852,0.00739945135211055,0.00711092144094116,0.0342028127609691,0.00438843962799224,0.00779582904700938,42.487
"100881",0.0116859586827928,0.030145132821447,0.00636800998641464,0.00535935836534144,0.035704602968825,0.002776685284087,0.0102436952263114,42.487
"100882",0.0106619790892597,0.0296508008596507,0.00686745754585874,0.00627150892082689,0.0353484581198024,0.00360085605995721,0.0102333281835441,42.487
"100883",0.00813295266869235,0.0275790531274603,0.00804555792725063,0.00814723422919975,0.0331668323888421,0.00523384332889314,0.00838008074891359,42.487
"100884",0.00821805994107157,0.0264105703498892,0.00796563290396754,0.00807745465617265,0.0316937216812577,0.0053620232447872,0.00867387187901859,42.487
"100885",0.00827983142824041,0.0259248054049141,0.00785745894478496,0.00799751205771201,0.0311776862823648,0.00537179544975577,0.00897820973180206,42.487
"100886",0.00827597376126176,0.0266247546386233,0.00780357774288478,0.00796546750899598,0.0321854834167784,0.00526048223706777,0.00910275448037061,42.487
"100887",0.00837806576706393,0.0255914954358832,0.00782914199937137,0.00794303241402719,0.0306980256598797,0.00536435153462989,0.00809477538382803,42.487
"100888",0.00838960563243588,0.0262010803368273,0.00777080224980946,0.00790288023818196,0.0315805462684052,0.0052968974170697,0.00776676327995553,42.487
"100889",0.0087475061946617,0.0274473134851217,0.00755465054208606,0.00762125707329011,0.0332246146289493,0.00500631888996055,0.0099579007320969,42.487
"100890",0.0105269697645604,0.0284200742513635,0.00692112061320404,0.0063868668861152,0.0337907314145082,0.00403109891673807,0.0112939433107205,42.487
"100891",0.00691475009704085,0.026024021577576,0.00850594801054107,0.00888195389616559,0.0314307779169472,0.00595511504880282,0.00786626209881002,42.487
"100892",0.0052215603790398,0.0233606640097655,0.00896033417416786,0.00972449732402933,0.0285768031854686,0.00676696390373182,0.00813920300286963,42.487
"100893",0.00686147314549737,0.0249881043975889,0.00840538002445425,0.00883154152400562,0.0303867682716228,0.00614393137808031,0.0103791504395493,42.487
"100894",0.00749392676582189,0.0246053942203901,0.00827104305469263,0.00854611562457226,0.0294656540210466,0.0059660374960127,0.00946013752482345,42.487
"100895",0.00845013138780116,0.023977093241234,0.00783445843938851,0.00792541085004583,0.028499887695863,0.00566525796419198,0.00983691604073552,42.487
"100896",0.0112279611699648,0.0249048943288499,0.0064642706816689,0.00569128533472839,0.0292858137387053,0.00431479118525839,0.0130816797629193,42.487
"100897",0.0104474238953265,0.0260189169996591,0.00714215152428986,0.00644787336635952,0.0307216304989657,0.00472205912265111,0.012704015906451,42.487
"100898",0.0108156754520081,0.0260087071491999,0.00717366492605694,0.00624108892208951,0.0303617778730932,0.00462190911193247,0.01244673778304,42.515
"100899",0.00854121615522838,0.0280307612463596,0.00796598196496663,0.00792723529708963,0.0335201635264466,0.00510203786238702,0.00871408668407439,42.736
"100900",0.00751364688669291,0.0272216485425891,0.00829732666474986,0.00853240578905246,0.032835663227984,0.00561293330494529,0.00749846703803713,42.751
"100901",0.00909363695816002,0.0283128506818665,0.00760793288353397,0.00748509656407236,0.0339573852950018,0.00477553864760525,0.00816904389524667,42.751
"100902",0.0125971483325561,0.0305343328258499,0.00572944138191035,0.00430036820240589,0.0361344774642804,0.00177414330628418,0.011164957383595,42.751
"100903",0.0111306273538288,0.0294071739958632,0.00666204962315824,0.00588534000376276,0.0348741929723624,0.0034054698286933,0.00971978454171095,42.751
"100904",0.0131749651150973,0.0305308189932943,0.00535550599245192,0.00354085365097572,0.035999505930285,0.000558872848597304,0.0119871878114612,42.751
"100905",0.0121187072116789,0.0298282717107482,0.00602541215038903,0.00485788324604051,0.0353137373969259,0.00247589115967506,0.0117931914316378,42.751
"100906",0.00740701853266205,0.0275632232796363,0.00829025768283999,0.00857063296407704,0.0333804911306657,0.0055412154063427,0.00816131870397439,42.751
"100907",0.00680507896754188,0.026741480435295,0.00846175122739703,0.00889024055197136,0.0326139511339083,0.00586403483953543,0.00807916324563215,42.751
"100908",0.00773372549063022,0.0264774097507894,0.00801506260661138,0.00828355038819952,0.0322010203897193,0.00553444540128028,0.00908507545571442,42.751
"100909",0.0084338086982778,0.0260028725329426,0.00763227230509835,0.00781036540986953,0.0315095931055883,0.00528699025852317,0.00954908856624689,42.751
"100910",0.0073803074686146,0.0254427913635252,0.00820432306821914,0.00855068146343219,0.03077996586085,0.00580570219520044,0.00775510396093157,42.751
"100911",0.010017135687743,0.0272404103026939,0.00689214947755454,0.00665063763065777,0.0327744751880123,0.00441272271907859,0.0104740222777795,42.751
"100912",0.0108238466074424,0.0282699349760596,0.00644951302956253,0.00592583831501503,0.0340339335021388,0.00382803600000472,0.0122996339611343,42.751
"100913",0.0106956710817305,0.0292624771445898,0.00681421802440951,0.00622545958898799,0.0348849622454616,0.00383643712562663,0.011418283978616,42.751
"100914",0.00800199802258629,0.0259627513476426,0.00800881206132703,0.00819406758131585,0.031231873624457,0.00557270272084501,0.00890318018588282,42.751
"100915",0.0046273320832163,0.023746459618102,0.00909383440769116,0.0099386353372747,0.0294722845042873,0.00692624053104306,0.00898716774202729,42.751
"100916",0.00453144469067687,0.0246201675883125,0.00920845126530642,0.0100118229942601,0.030585179083547,0.00692188461602363,0.00942997055986801,42.751
"100917",0.00848371457021109,0.0252300075402605,0.0078376467461369,0.00785459267717811,0.0302650520059586,0.005543921151278,0.0103082337334454,42.751
"100918",0.00743074347767714,0.0241144851653566,0.00829833607708152,0.00852611592303117,0.0290391257938672,0.00608739226887397,0.00935218684650198,42.751
"100919",0.00960129522617362,0.0251587425043341,0.00749586795712889,0.00710625641503206,0.0298112290298679,0.00517341691884568,0.0112807275765591,42.751
"100920",0.00993576453928522,0.0263785898574189,0.00746224963902143,0.00693996484133069,0.0312697243821176,0.0049512440241486,0.0117590345326103,42.751
"100921",0.00953502199209619,0.0256814997571949,0.00786311132366593,0.00738691936826044,0.0301774660015409,0.00531430906781353,0.0110907482253015,42.745
"100923",0.0118925567296009,0.0292035580614288,0.00626912325871065,0.00514797508345184,0.034532274797231,0.00306391638671862,0.0110550317064802,43.015
"100924",0.0124214116322911,0.0298529992284862,0.00598896712451221,0.00457275117927115,0.0351753940150388,0.00242390933118433,0.0107515752977505,43.015
"100925",0.0127819533673671,0.0307477988164497,0.00580876488326759,0.00416956473651936,0.0361978356038064,0.00170148685940639,0.0109687983549414,43.015
"100926",0.0133206867587872,0.0309735312861868,0.00534102017467428,0.00339216925096892,0.0365667253357481,0.00127951229193443,0.0121319226807036,43.015
"100927",0.0130758754263832,0.0303374137875206,0.00546867984633948,0.00372595121316761,0.0358310703451141,0.00128139420281978,0.01235475564802,43.015
"100928",0.0114552353050897,0.0297179999080516,0.00646047875337443,0.00557050189124733,0.0353364647319575,0.00316049529663387,0.0117620089589131,43.015
"100929",0.00908136057685381,0.0284757935489237,0.00766341199461592,0.0075226676792552,0.034175425070941,0.00475515984391735,0.0102867695780819,43.015
"100930",0.00901803047399846,0.0286021401578694,0.00756160365899801,0.00749593837032964,0.0345538699147878,0.00470515911583433,0.0108339926776828,43.015
"100931",0.00772784907846329,0.0276811771511385,0.00808663130542798,0.00833964952518928,0.0337038044671167,0.00540655557771494,0.00985223964756915,43.015
"100932",0.00690470494575745,0.0273255223359259,0.00841236191864338,0.00883431771051011,0.0334484249420065,0.00579189362950556,0.00910079197938096,43.015
"100933",0.00704604033401324,0.0262178246352639,0.00839872574757337,0.00875518641000651,0.0319015756097622,0.00590614421826598,0.00830026702760646,43.015
"100934",0.00693382682783426,0.0267566968483876,0.00839839290923064,0.00880874906359649,0.0327590122672699,0.00589341478136375,0.00845270465227132,43.015
"100935",0.00783347137487759,0.026968070919432,0.00806007591271796,0.00824303110054966,0.0327867152671222,0.00554707622723175,0.00881832641993843,43.015
"100936",0.00978928732938659,0.0268233356755988,0.00732601432519127,0.00697795835784016,0.0318840521154494,0.00476091632302844,0.00960851143939806,43.015
"100937",0.00865213948679389,0.0273183118306954,0.00789624551939089,0.00781036540986953,0.0327113224883625,0.00523432018281562,0.00803662195744319,43.015
"100938",0.00221476141215789,0.0225484256301511,0.0108118817683525,0.0122956098962011,0.0287871987886748,0.0084174653456451,0.00422197435613124,43.015
"100939",0.00321761732038831,0.025388534020621,0.00964788664626677,0.010718562480302,0.0319658061598107,0.00724773874822697,0.00878168879688495,43.015
"100940",0.00902276005665431,0.0258452231595969,0.00760647756775736,0.00753473331818555,0.0311776862823648,0.00529736873589286,0.0109952250848536,43.015
"100941",0.00749491304956568,0.0242524375601842,0.00832521311600067,0.00854497384447303,0.0292758507634789,0.00609356260024285,0.00968957444337284,43.015
"100942",0.00802045774176973,0.0255168021746638,0.0083043902330669,0.00831339267290608,0.0305142643372856,0.00583622618894606,0.0091867130981346,43.015
"100943",0.00975956101901624,0.025795546822194,0.00757731846304959,0.00709758595932672,0.0304465911141836,0.00509420987432924,0.0103228017774183,43.015
"100944",0.0080408494503711,0.0259379419910389,0.00848123653383475,0.0084399522986556,0.0308775615480753,0.00588236087793452,0.00968590568419959,43.019
"100945",0.0145020543827575,0.0313149127450334,0.0042350026344473,0.00137024405706174,0.0370131807350676,0.00297587309341203,0.0134870707440254,43.232
"100946",0.0131793073003029,0.03031770565387,0.00556823428326985,0.00370756137471163,0.0356397493313537,0.00141729620852046,0.0115457289493185,43.258
"100947",0.0126742972350775,0.0301979854390568,0.0061061431193459,0.00450571078729645,0.0353257328723222,0.00229426476560144,0.0100939992098418,43.258
"100948",0.0125989028979256,0.0311345360770615,0.00610170793207097,0.00454855714491519,0.0365986190887966,0.00198020969553561,0.0104639019496003,43.236
"100949",0.0115841389970749,0.0293589600376171,0.00654511049202308,0.00554509501778737,0.0346611562430833,0.00325427865272953,0.0110112078885714,43.214
"100950",0.0102456595631492,0.028960492116909,0.007085730426225,0.00662946541886738,0.0346262504493578,0.0040775879273592,0.0111987268066513,43.259
"100951",0.00830200515766217,0.027873681531504,0.00798167549485571,0.00804267459687532,0.0335899406758975,0.00517727395906709,0.010223815067451,43.277
"100952",0.00680911060942929,0.0268841464132352,0.00852074394406497,0.0089260746399414,0.0327029426119539,0.00585805616029361,0.00982879307631772,43.277
"100953",0.00650622872376938,0.0265413066114168,0.00855746942640398,0.00905952548734091,0.0324848612066396,0.0059953476398936,0.0098477353827048,43.277
"100954",0.00446615686123234,0.025013864430472,0.00934933807762621,0.0102493354993099,0.0310326259878729,0.00690843702069211,0.00781436975857931,43.277
"100955",0.00206692000424299,0.0243020856283343,0.00992775668411957,0.0112048090848629,0.0308107601061583,0.00755089436119346,0.00541318420849605,43.277
"100956",0.00183442886193017,0.0230686618641975,0.0106317959127017,0.0121676447573947,0.029596200353968,0.00824440125598481,0.00484172397444126,43.277
"100957",0.00346611861217,0.0247508227897884,0.00967283074699042,0.0106575413839604,0.030819276192971,0.00723070752754878,0.00395124216929258,43.277
"100958",0.00715187239355363,0.0261267931659281,0.00852993864900764,0.0088120876403342,0.031635846794215,0.00600786644623664,0.00661868772913531,43.277
"100959",0.00809613974987278,0.0276977101646402,0.00831245627020243,0.00831280839570407,0.0332252565010403,0.00552811943660517,0.00572215708119202,43.277
"100960",0.00141659788656888,0.0232664176007258,0.0103141458487699,0.0114530007458908,0.0289585470729672,0.00785450712005646,0.00543894456109002,43.277
"100961",0.00420953938245531,0.0255204647861819,0.00922008724965868,0.0101682167530449,0.0320300018080426,0.00688146496764204,0.00950893805259554,43.277
"100962",0.00852780694590813,0.0263771359857654,0.00781636927299685,0.00787479369517616,0.0319645089187263,0.00540655557771495,0.0105904872565026,43.277
"100963",0.00687052673275939,0.0243280118626053,0.00866389264832209,0.00899956913499557,0.0293714575222778,0.0063300258048949,0.00845057829260686,43.277
"100964",0.00656116134303404,0.0254193320144613,0.00899731819369944,0.00927959025850929,0.0304682772532943,0.00640134086628395,0.00630743511341975,43.277
"100965",0.00890814623423639,0.0250844890762506,0.00792083889346854,0.00777272970956545,0.0298746648503758,0.00555113018422287,0.0097280060429963,43.277
"100966",0.00847220371888239,0.0252065025749362,0.00815079874516594,0.00808642902892337,0.0300805803190608,0.00572979021128106,0.0105512626564887,43.277
"100967",0.00758946084772503,0.025243961218342,0.00852632750728256,0.00864835635974399,0.0302953289445461,0.00606264971665089,0.0104773933699772,43.3
"100968",0.00920207384261345,0.0276452279384064,0.00746298996710636,0.00736430608198219,0.033307388463396,0.00475096904224804,0.0114159804668738,43.489
"100969",0.00307728634497818,0.024314679168873,0.00991887657701791,0.0110166281398261,0.0302294990518348,0.00739929928054278,0.00674346133905745,43.538
"100970",0.00370603858247084,0.0228088866388755,0.011087436948018,0.0128153598978178,0.0294636647973541,0.00859183458952423,0.00471761333377121,43.538
"100971",0.00343087034809717,0.0248547900346925,0.00954960030942114,0.0107491991644494,0.0314881033492577,0.00719268074632987,0.00798592682700157,43.538
"100972",0.00242166060177639,0.0228877921158635,0.0106231775956281,0.0122926662468561,0.0297153451856732,0.00829477269313537,0.00525041284240001,43.538
"100973",0.00223810332468171,0.0210035356019291,0.0107077424041245,0.0123014954186484,0.0270383968219401,0.00847428803060205,0.00521827341241271,43.538
"100974",0.00220826771579864,0.0241768087768335,0.00999341954044494,0.011228882566592,0.0305398775788827,0.00760010785990425,0.00520392025594864,43.538
"100975",0.00525470714003265,0.0262032645160124,0.00918360398998972,0.00981682401987849,0.0321161896956838,0.00658986519247151,0.00317128966794778,43.538
"100976",0.00786665628067666,0.0268848701589514,0.00841634923299416,0.00846587876315538,0.0321660593462665,0.00570134337950123,0.00511505532287532,43.538
"100977",0.00525684401940649,0.0252850774830657,0.00952704081127354,0.0100278041061052,0.0303545427717258,0.00682647316137001,0.00648707013067705,43.538
"100978",0.00455904499556523,0.023330006191117,0.00922069930395771,0.0100721394451872,0.0289179017403607,0.00701710561313222,0.00785936453837061,43.538
"100979",0.00843957046024133,0.0266987188421244,0.00782914199937137,0.00791689209191099,0.0324034632625862,0.00536528257472248,0.0102643953259875,43.538
"100980",0.00673544795907882,0.0248746871792233,0.00865482605756817,0.00903994020577571,0.0301563824153834,0.00626672619773158,0.00781436975857927,43.538
"100981",0.0047643239180356,0.0252579131136256,0.00951157763690127,0.0101455047204472,0.0307288421098093,0.00691352829939243,0.00494922347338687,43.538
"100982",0.0086425898095777,0.0258532569629039,0.00781352833879587,0.00782697524870227,0.0312436217389313,0.00545714652229822,0.0109744097792833,43.538
"100983",0.00759536124138987,0.0245920964358636,0.00828082393012483,0.00852039447676881,0.0298198214338885,0.00602659711070738,0.0110748896045454,43.538
"100984",0.00702603192565203,0.0248783714318036,0.00866033179172806,0.00893707620916268,0.0300443088720219,0.00625190648386848,0.0104055033012921,43.538
"100985",0.00531766319337022,0.025068308325813,0.00915192045243371,0.00995069725088484,0.0308788709891886,0.00666939285336689,0.00777258584307604,43.797
"100986",0.00187496811954972,0.0229133289779632,0.0102447679816176,0.0114908862802316,0.0286249304628945,0.00780879520836253,0.0048533650762616,43.798
"100987",0.00491453923703649,0.0258758945774005,0.00885394586087414,0.00975875907738307,0.0324189718946525,0.00646956293371083,0.00833596179278793,43.798
"100988",0.00259962518899386,0.0239168805850166,0.00976244514197015,0.011103038680133,0.0305471007755504,0.00748758894628979,0.0049643750822492,43.798
"100989",0.00214701379600285,0.0233845856017534,0.00995578240374717,0.0112936202153401,0.0297675957116667,0.00766875218279576,0.00558249454944732,43.798
"100990",0.00380515886046182,0.0258247708726582,0.0096317153851163,0.0107162027635747,0.0324448151551828,0.00712309834482328,0.00513879383519502,43.798
"100991",0.00436503367247127,0.0258707832583102,0.00968747675234608,0.0105527911657842,0.0319132564924686,0.00704785366018575,0.00527880355313427,43.798
"100992",0.00839056712627414,0.0283793403297037,0.00800359991935974,0.00801740991749403,0.0342760297794035,0.00518690432428902,0.00752745015042084,43.798
"100993",0.00517443167574758,0.0268313007986435,0.00922620614892003,0.00985942465703015,0.0328652800351803,0.0065294076657534,0.00278334352497701,43.798
"100994",0.00372914263170853,0.0260225631503632,0.0096865985538201,0.0107966587899942,0.032759656595058,0.00716885800646193,0.0075718973591711,43.798
"100995",0.00578833745655786,0.0281461102264666,0.00882820296540583,0.00944560679739281,0.034776594975665,0.00611490607753817,0.00843461210382957,43.798
"100996",0.00437839861194289,0.0254039340964671,0.00944231070100356,0.0102257931131588,0.0312599365820695,0.00689751479943065,0.00514607415894517,43.798
"100997",0.00243818943699739,0.0251271358602675,0.0102908818253503,0.0114235109408538,0.0313238685706962,0.00765921756874151,0.00307767069290057,43.798
"100998",0.00332699862591705,0.0254904277824118,0.00994006243562728,0.0110580657004263,0.0320176841324606,0.00742002575021959,0.00853097700258938,43.798
"100999",0.00487979995941365,0.0252902159290517,0.00917838144811498,0.00994114925029823,0.0313369115762138,0.00677586716775688,0.0101882723918626,43.798
"101000",0.00544943464227318,0.0250315249088705,0.00916639020948857,0.00975263008189679,0.0306101199862853,0.00671105762140633,0.00938737072575739,43.798
"101001",0.0068332891747666,0.0248606858686805,0.0087303363158642,0.00904483986768928,0.0300568403471277,0.00631336529807605,0.0102290052266678,43.816
"101002",0.00631415594529404,0.0257553512498127,0.00891028148480564,0.00932159261315058,0.0313336509625629,0.00639153690325567,0.0104131406164866,43.84
"101003",0.00961714814437955,0.0282083961825289,0.00715638644181792,0.00699216116868923,0.0340989628668291,0.00436288599466759,0.0108793984292554,44.058
"101004",0.00708701760173725,0.0263909470187218,0.00841468805857278,0.00876860285053552,0.0320034199586629,0.0058035467185263,0.00730579603640545,44.057
"101005",0.00514009540831772,0.0250602170452,0.00899919508354215,0.00976182236216433,0.030888036656359,0.00655893902089446,0.00566182096340135,44.057
"101006",0.004633928413961,0.0244908309457005,0.00927533096501925,0.0103128691183685,0.0307229417350039,0.00695412767817346,0.00451510677400986,44.057
"101007",0.00472715107733017,0.0247213101622043,0.00899105934881907,0.00989379789960389,0.0308638115090517,0.00669044453791278,0.00442187621553888,44.057
"101008",0.00220176971073583,0.0235936592077548,0.0101570259108543,0.0114109807673042,0.029669688304712,0.00772767596476177,0.00724703825341322,44.057
"101009",0.00229106786822423,0.0219920468597141,0.0109783278841954,0.0124395470037103,0.027703332832857,0.00848322610674476,0.00955374538242652,44.057
"101010",0.00854408893949131,0.0287454622640085,0.00795410616109865,0.007920543931204,0.0346541758455041,0.00504402805129271,0.00666010142893852,44.057
"101011",0.0052536386268664,0.0273572433361724,0.00904382389530221,0.00973729341011515,0.0337709225128222,0.00636085385208728,0.00652516933013797,44.057
"101012",0.00414202002960987,0.0268226115463927,0.00917284878255554,0.0101539032717155,0.0337217061460747,0.00666411980115673,0.00922161308629287,44.057
"101013",0.00543035146462291,0.0272411318491854,0.00880685831949537,0.00955995793352412,0.033908880610328,0.00624829650664551,0.00878984477245262,44.057
"101014",0.00497520028439774,0.0265783214709545,0.00923965489430612,0.00993008403223274,0.0326242723508744,0.00656620605765151,0.00480857517582809,44.057
"101015",0.00521513940228307,0.0214056969498835,0.011651388695579,0.0134655067230542,0.0276810809575465,0.00912982120413826,0.008731553507572,44.057
"101016",0.00435611858556258,0.0225710363981561,0.0114038137900648,0.013129693085969,0.0290930331256483,0.00886295361421589,0.00440254293953923,44.057
"101017",0.00444730524449375,0.0249240456939831,0.00937831154893535,0.0101770924710035,0.0308002778941393,0.00694255147813958,0.00902686477006844,44.057
"101018",0.00545367330097062,0.0245573666018545,0.00915192045243372,0.00974496428190115,0.0299829501768738,0.00673347444449233,0.00896425579352626,44.057
"101019",0.00632338069073704,0.0247006464762298,0.00889543753596922,0.00931575372430875,0.0299519280194901,0.00647654031431533,0.00966937762598122,44.057
"101020",0.00598725212063067,0.0251771142405719,0.00904849376215564,0.00950945185489879,0.0305805841065763,0.00655434526580991,0.00945919638284315,44.057
"101021",0.00625874340738953,0.0251727053065875,0.00895310942289901,0.00936660808850887,0.0305753324755618,0.00648583210325881,0.0100755574336862,44.063
"101022",0.00536344065433832,0.024494528466468,0.00926802286912215,0.00983712937607446,0.0299024065607767,0.00684375027598134,0.00985404072971822,44.074
"101023",0.00961994510633079,0.0279626466999369,0.00734067945388166,0.00709224586667325,0.0334862209866718,0.00448036543631431,0.00945448915226189,44.28
"101024",0.00847316309113125,0.0278686573482821,0.00790398228297167,0.00792541085004583,0.0335329696151066,0.00506327247907457,0.00762438874109857,44.314
"101025",0.00585203036531795,0.0259153169134324,0.00898260368576129,0.00951049549289359,0.0314073184505225,0.00632170090297472,0.00634960056671474,44.314
"101026",0.00542823017878547,0.0248518419964579,0.00913403573718929,0.00992354062043345,0.0305963375358153,0.00667767087528613,0.00623696570531245,44.314
"101027",0.00494922323091312,0.0251477179739096,0.00906777292282747,0.00990943478583155,0.0311861751385162,0.00664374266258445,0.00570916988998374,44.314
"101028",0.00511430924236616,0.0252836093113034,0.00918851688407461,0.0100781046983918,0.0314346873673545,0.00674316583450333,0.00594136297737262,44.314
"101029",0.00519050911138804,0.0252402893707005,0.00938524115980261,0.0102542344439943,0.0312253463775223,0.00687781218577564,0.00512237216008511,44.314
"101030",0.00869126836185555,0.0296210805844153,0.00791276579859427,0.00782574590651562,0.035680050489621,0.00482586044923488,0.00606147671886061,44.314
"101031",0.00541762094336488,0.0278657862924294,0.00910033928673046,0.00970758478823362,0.0341480314410396,0.00627072566359518,0.00266386672982669,44.314
"101032",0.00440954779107544,0.0258919572039881,0.00918360398998971,0.0100820798856757,0.0322734994715894,0.00669719744769756,0.00756590748878008,44.314
"101033",0.00620013210933599,0.0268008855679297,0.00846241240710884,0.00912131216711255,0.0332958419699653,0.00599075102007105,0.00976536479198491,44.314
"101034",0.00590516202416862,0.0269398616676084,0.00885775389846743,0.00942459490631495,0.0330081120023567,0.00618863799430636,0.00614464709297416,44.314
"101035",0.00483738588776548,0.025576121535634,0.0091250815561247,0.00992203008727582,0.0316703150614141,0.00665205180671387,0.00691088818234765,44.314
"101036",0.00668488918105326,0.0209023342778793,0.0119845465144784,0.0139989046333018,0.0274900548763628,0.00946692950504976,0.00897422528794815,44.314
"101037",0.0039516211220791,0.0241152273319693,0.00987782055986782,0.0108808084993025,0.0299202368404464,0.00741561336989185,0.00543037246867539,44.314
"101038",0.00408556386079752,0.0256332138381451,0.00945757661334065,0.0103211530473995,0.0318165298380485,0.00695123539041033,0.00816573406735004,44.314
"101039",0.00518086399980155,0.0240127583218025,0.00929084349626057,0.00990741828876549,0.0292260221155742,0.00687781218577564,0.00817786301679688,44.314
"101040",0.00724841010783812,0.0257027096600051,0.00849672995571686,0.00876133775541866,0.0311469905825122,0.00603282806429513,0.0100843437832489,44.314
"101041",0.00675362815682243,0.0250727214971354,0.00873419280155532,0.00907527667659649,0.0304012338554984,0.00631336529807605,0.00981704706450212,44.314
"101042",0.00576323466271444,0.0244745603207813,0.00906373357489166,0.00959989126293827,0.0299314618379375,0.00670731438238887,0.0101325213796411,44.321
"101043",0.00672231093301347,0.025068308325813,0.00861229334726092,0.00902686351457433,0.0307681701126121,0.00593742971325463,0.0117961565394385,44.336
"101044",0.00636843589821972,0.0243672594358952,0.00865903660819128,0.00918489845656819,0.0301577002563426,0.0060203598693429,0.0125046378261483,44.338
"101045",0.00830104136036511,0.0279117149868862,0.00810658238209117,0.0081067400158762,0.0333836963959213,0.00517727395906709,0.00599404049279297,44.546
"101046",0.00761895249380203,0.0278248663111368,0.0083074158226026,0.00849460790072035,0.0335508959165485,0.00544063998109213,0.00578341557144484,44.571
"101047",0.00546638482416894,0.0254222647067261,0.00947311906772631,0.0102120389939515,0.0309632982480539,0.00680361664330784,0.00492640148162021,44.571
"101048",0.00514546385181774,0.0252894818801169,0.00894462149530385,0.00973115305379543,0.0312860355404237,0.00650591992086841,0.00464101403176924,44.571
"101049",0.00504108833197536,0.0247913893761432,0.00894493599219532,0.00976845670911859,0.0307511296490262,0.00658757921979444,0.00354369237175209,44.571
"101050",0.00848563270296095,0.0269637314786838,0.00766666422161535,0.00780358992113364,0.0328182760833316,0.00513128910461291,0.0071674596046131,44.571
"101051",0.0094639663223833,0.030080976197732,0.00771565880577595,0.00736107084712639,0.0358650260651444,0.00442678108298374,0.00467746712039627,44.571
"101052",0.00668084076012784,0.0278133775004697,0.00875986366661199,0.00909208878513498,0.0336276935998713,0.0058789555999403,0.00366402308784491,44.571
"101053",0.0029987007140747,0.0245898799768485,0.0101083913980906,0.0113242953607988,0.0308454755449003,0.00756755544684652,0.00456923129630891,44.571
"101054",0.00395162112207913,0.0261872462242986,0.0092219233029263,0.0102356079715909,0.032912909319317,0.00673533922929241,0.00884266027079493,44.571
"101055",0.00376719398149878,0.0262876872175534,0.00948386580385289,0.0105298202680542,0.0329675956297973,0.00691243761890325,0.00704043869700166,44.571
"101056",0.00471073034742347,0.0254933585818702,0.00917161889360161,0.00998480613614526,0.0315499570804067,0.00668180613633134,0.006100946531292,44.571
"101057",0.00269565157961389,0.0241159694933019,0.0102770117039334,0.0114494296245811,0.0300588188718558,0.00772245604776545,0.00714454659806835,44.571
"101058",0.00247750300080209,0.0223703707969634,0.0110713529227082,0.012525489449822,0.0281419920779389,0.00851710738125448,0.0100341500467436,44.571
"101059",0.00409573889195909,0.0244042720566018,0.00990109487207307,0.0108724181702968,0.0301886650356301,0.00738465473599161,0.00415837018772898,44.571
"101060",0.00421178580541876,0.0242539199320937,0.00981956235979135,0.010787744145045,0.0300706892803891,0.00735801768784947,0.00652094797908537,44.571
"101061",0.00590099874138043,0.0254193320144613,0.00899105934881906,0.00950736429004923,0.0310038535279515,0.00650128964218981,0.00840044112364489,44.571
"101062",0.00707403060764471,0.0256983217363118,0.00860317785561614,0.00888361174706578,0.0311313130255687,0.00612391417472492,0.00929770260855876,44.571
"101063",0.00745938835423101,0.0248739503135699,0.00834498502636436,0.00860701512299908,0.0302657102873971,0.00598824232285926,0.0107195671957882,44.571
"101064",0.00712993644449486,0.0255592810027752,0.00845679089735433,0.00878981033502886,0.031273639270026,0.00580095911570846,0.0111806778208421,44.575
"101065",0.00695289173115981,0.0253628624271174,0.00842995975440662,0.00884596969582499,0.0312710293594882,0.00561872117289625,0.0120728084665771,44.576
"101066",0.00638786932825797,0.0245255825497699,0.00861619733064259,0.00915530696574498,0.0304156975772402,0.00594880474256469,0.0121218520909401,44.579
"101067",0.00499358220095838,0.0248149846926243,0.00914575686329609,0.0098958167292371,0.0309397434250218,0.00640525835458448,0.0112128301732139,44.605
"101068",0.00779829982708009,0.0282570573279694,0.00816139225858884,0.00834198010527148,0.0341919857790515,0.00526522535566216,0.0065307932056408,44.787
"101069",0.00794461435523926,0.0285150676478463,0.00806421958959335,0.00822948742468071,0.0345735563986017,0.00516086212795854,0.00716491763024941,44.826
"101070",0.00746136294788253,0.0279418461988408,0.00817231453923194,0.00848657198258325,0.0340970507176417,0.00540932697877074,0.00723824292207429,44.826
"101071",0.00644098760756761,0.0257992002469156,0.00842896453301311,0.00902141019185879,0.0318022413122988,0.00601036715653131,0.00695173550559419,44.826
"101072",0.00875131597382993,0.0264432684147366,0.00747778268051593,0.00758788274376847,0.0321841885774392,0.00503264514046053,0.00871408668407439,44.826
"101073",0.00829140199885622,0.0283757665340713,0.0083590343064864,0.00824479628820592,0.0336078587484093,0.00526095673655414,0.0047987783599065,44.826
"101074",0.00736149772265697,0.0277480140044795,0.00847496600421795,0.00868559090759361,0.033436891645,0.00560758548776664,0.00431548211771845,44.826
"101075",0.00362723974693123,0.024690313134691,0.00992718398962874,0.0111204360366026,0.0310130091849464,0.00742070435090783,0.00450881637808188,44.826
"101076",0.00236680538155075,0.0252454299228276,0.0102750685429446,0.0116545918547203,0.0320436145900652,0.00768811459981544,0.00487462899085409,44.826
"101077",0.00348722878565363,0.0261501041954288,0.0098818468053302,0.0111979879391264,0.0332772370067853,0.00731926048361934,0.00764219438739294,44.826
"101078",0.00189516360174266,0.0252388205970685,0.0103635635944426,0.011790712438031,0.0321408033086712,0.00778065926602279,0.00296439613792754,44.826
"101079",0.00281184488483237,0.0242450253864081,0.0109280032056142,0.0125221772154757,0.0310404717695531,0.00832788540957214,0.00746693124876499,44.826
"101080",0.00247370464016138,0.0251976869067129,0.0103146991787423,0.0115597027846384,0.0316475541371249,0.00769073635284592,0.0068230408113583,44.826
"101081",0.0058645416851023,0.0212797331514955,0.0119385392493862,0.0137672986758974,0.0273514545708457,0.00931482726468899,0.0121261691661457,44.826
"101082",0.00224845987985332,0.0236965450425508,0.0103930028321604,0.0116030354359494,0.0296226881825002,0.00787918642963339,0.00358159756776758,44.826
"101083",0.00596130184695488,0.0262127288062052,0.00881004704087823,0.00938931149398213,0.0322683238558026,0.00632368399171433,0.00898517790823775,44.826
"101084",0.00594260187122372,0.0258780850712741,0.00894619388030271,0.00946815085212461,0.0316644626751553,0.00644196919395701,0.00822946890206732,44.826
"101085",0.00631005508303675,0.0261843335642945,0.00880175420382041,0.00926573171140686,0.0320714835012727,0.00629586533024274,0.00908605860030618,44.826
"101086",0.00752547335778487,0.0265993638216203,0.00835502239509222,0.00857632622612393,0.0323892452520443,0.00569300197624662,0.0101018916770679,44.826
"101087",0.00687656096319806,0.0260378756939712,0.00848684347465909,0.00890017597751331,0.0320533370478504,0.00570572881578192,0.0108413039099869,44.826
"101088",0.00538682760885443,0.0252997581170773,0.00897978353979846,0.0096808843542247,0.0315024302942222,0.00625110444237406,0.010708874820222,44.826
"101089",0.00444841466131063,0.0243413428674067,0.00939367100049411,0.0101918708942869,0.0302551773194161,0.00698550590753618,0.00955933032168392,44.826
"101090",0.00372914263170857,0.0240313290346839,0.00968718402746181,0.0105518348842903,0.029814533879936,0.00732441675511734,0.00834459019178633,44.827
"101091",0.00453807221308711,0.0234705071988894,0.0113635592492349,0.0131483837341996,0.0303354661763522,0.00874607020305796,0.00880002824045733,45.076
"101092",0.00162715408580485,0.024268001420906,0.0103362582601169,0.0118311613931513,0.0311469905825122,0.00790315247242862,0.00418575718643135,45.081
"101093",0.00207087523022155,0.0248820555582594,0.0102722920250804,0.0117063954925072,0.0318132825983158,0.00778810714075426,0.00496248386855646,45.081
"101094",0.00525791238564298,0.0218554824355916,0.0117985695767379,0.0135455548942305,0.0279202043460691,0.00914865193410321,0.0120619609664836,45.081
"101095",0.00329973028203987,0.0241167116493545,0.0100674656275789,0.011174769873457,0.0300865145198718,0.00758783366329424,0.00209875881828644,45.081
"101096",0.00360515361217547,0.0249203630034199,0.00966021920833177,0.0105647385451431,0.0308867273203945,0.00717622325858735,0.00609943357127035,45.081
"101097",0.00501734794481489,0.0257882396138629,0.0092121272150472,0.0099119549222621,0.0318119836773118,0.00672190152056541,0.00749725677695886,45.081
"101098",0.00601939528925297,0.0258999876534274,0.00896629849671579,0.00945400056113177,0.031648854880664,0.00646490726755608,0.00765167240184735,45.081
"101099",0.00600592061966924,0.0257166036094995,0.00888247033793671,0.00941775755956207,0.0316130791596259,0.00641230395276083,0.00884164780709817,45.081
"101100",0.00506372611564253,0.0255973515981607,0.00913712155542554,0.00986296772730401,0.031784053403217,0.00654553178231444,0.00919448103967983,45.081
"101101",0.00479161519701699,0.0249719092345942,0.00930026130639159,0.0100347891147898,0.0309030929408261,0.00692333688460489,0.00855409776893218,45.081
"101102",0.00436503367247127,0.0246511849935442,0.00946385613786386,0.0102493354993099,0.0304971856108529,0.00707207378031246,0.00816794078053696,45.065
"101103",0.00240765477423538,0.0232731524104543,0.010770175063864,0.0123572903145111,0.0298389866910029,0.00828807374855172,0.0058866029333499,45.326
"101104",0.00322596899038673,0.0249269917558659,0.0101463611599789,0.011363439965444,0.0312932117211344,0.00757420987504331,0.00499828457212558,45.334
"101105",0.00394706289539617,0.0243783645859193,0.00989908545514609,0.0110018631835104,0.0304459338932207,0.00741934708901343,0.00267865618566686,45.334
"101106",0.00247497090640693,0.0231038969682145,0.0103594305845427,0.0115260036501811,0.028712439279515,0.00787310373986907,0.00636407030644457,45.334
"101107",0.00403233422208065,0.0245041414166966,0.00973712487807375,0.0106399849528422,0.0302584689784764,0.00724843307127833,0.00509671349095096,45.334
"101108",0.00433939169400449,0.0254339946938481,0.00947968781991179,0.0102581521838297,0.0313401720980704,0.0069508737719319,0.00596776462952181,45.334
"101109",0.00432488328708341,0.0253408534223883,0.00946744275526341,0.0102576625351294,0.0312938640791185,0.00697578256419494,0.00658953049624476,45.334
"101110",0.0044916334778992,0.0250653661118172,0.00937710592898416,0.0101637764512988,0.0310130091849464,0.00695412767817346,0.00716491763024941,45.334
"101111",0.0046921045680098,0.0251058145616291,0.00930602927440599,0.0100661712210584,0.0310398179749087,0.00688912966252402,0.00758505705925893,45.334
"101112",0.00323669969465639,0.0234832024791781,0.0100635062493074,0.0113580474519793,0.0296332815194812,0.00765131809292044,0.00302645728176719,45.563
"101113",0.00336721638160296,0.0241842257792183,0.0101421486130198,0.0113580474519793,0.0302611022359668,0.00760275919978138,0.00644445168928188,45.586
"101114",0.00404140572546663,0.0251080204072769,0.0097618637304714,0.0108719518813386,0.0314346873673545,0.00723349080562365,0.00367451302110847,45.586
"101115",0.00227817536848513,0.0235750093809968,0.010348401965832,0.0116422710354279,0.0296259987103991,0.00785899988769841,0.00566018059547759,45.586
"101116",0.00113418737390608,0.022705838773136,0.0107080099069376,0.0120616324265169,0.028474459799395,0.0082041946754773,0.0077352394675914,45.586
"101117",0.00432041695476748,0.0249593931273223,0.00943302056194644,0.0102405124355586,0.0307432639579424,0.00694146524432481,0.00534732320018655,45.586
"101118",0.00408782547219209,0.0252395549863544,0.00951752768622805,0.0103513177893394,0.0311411117489252,0.00699305939406906,0.00547818932600042,45.586
"101119",0.00382123935497588,0.0253804664523994,0.00954604147204011,0.0104433015571815,0.0315017791077023,0.00704678325607587,0.00578020894986112,45.586
"101120",0.00416342783124864,0.0253401197128094,0.00941501622505706,0.0102777220507993,0.0314438089067617,0.00694834192877924,0.00681499390151902,45.559
"101121",0.00154174296675756,0.0226245277073536,0.0106608364512375,0.0121175031619532,0.0285360115200193,0.00816812186221682,0.00865420677934524,45.824
"101122",0.00257831736059957,0.0247663136626792,0.0103254837812046,0.0116589894949382,0.0312142492103522,0.00771625292449465,0.00589759896429917,45.837
"101123",0.00361445674550931,0.0249770625043039,0.00995092588994964,0.0111474024834059,0.031362341213451,0.00740270093999692,0.00386551623563428,45.837
"101124",0.00196213633391321,0.0241419418152936,0.0104437262607617,0.0117427185076339,0.0302801914991614,0.00786156605947955,0.00658674633183805,45.837
"101125",0.00176914093239312,0.0227570001018365,0.0105285007130592,0.0117483991030013,0.0282205122905837,0.00800903199885326,0.00790865325932475,45.837
"101126",0.00384418506862155,0.0244730810490858,0.00961610902770274,0.0104904805671996,0.0301188173934921,0.00711709318083322,0.00477911951668089,45.837
"101127",0.0037406825511871,0.0253276458983969,0.00956293533732966,0.0104731702609342,0.0313897207389381,0.00703571311612595,0.006044693972239,45.837
"101128",0.00160903812855722,0.0234667729908309,0.0104502903642447,0.0119608572406624,0.0299710703772345,0.00798884968421257,0.00527172138507287,46.082
"101129",0.00238980254930526,0.0237494388251531,0.010250055529171,0.0116638252894687,0.030183395041992,0.00779425449886781,0.00467746712039627,46.086
"101130",0.00411268462804158,0.0249652832408491,0.00980856811927768,0.0109491271026081,0.0312658093615872,0.00727338565771882,0.00371356490057824,46.086
"101131",0.00313262790610799,0.0246393699036004,0.0100538847770306,0.0112967811830269,0.0309979673621368,0.00752884668522579,0.00534208621147337,46.086
"101132",0.0034520290505838,0.0232514497429877,0.010077922962026,0.0111834244762515,0.0288012103461793,0.00761070781575734,0.00598941263889266,46.086
"101133",0.00438730346198887,0.0227118591351818,0.00962582886772704,0.0104673948127852,0.027693893234174,0.0072564131304099,0.00468351279515941,46.086
"101134",0.00580401423929151,0.024336899386715,0.00884600771319034,0.00946919831475058,0.0297933811260348,0.0065032193156182,0.00562065629694122,46.086
"101135",0.0029902100955697,0.0243702209236133,0.00998857949128308,0.0113970945717005,0.0311378456005118,0.00755656314909969,0.00685912553311336,46.335
"101136",0.00352351788078976,0.0254933585818702,0.00976854808314802,0.0109773720187535,0.0321608790581582,0.00722548606361551,0.00634235229954619,46.335
"101137",0.00369331751082063,0.0247641008180021,0.00997148007444849,0.0111510547301862,0.0310130091849464,0.00742104362856283,0.00524863290451022,46.335
"101138",0.00418818485091596,0.0240951869793155,0.00975837460708328,0.0107473159499319,0.0297682569516154,0.00726161291000061,0.00535778056254293,46.335
"101139",0.00490802985064683,0.0236458606082965,0.00921702642974484,0.00995471515866543,0.0288859076581268,0.00683971051014556,0.00307767069290057,46.335
"101140",0.00383615759081542,0.0239362119192893,0.00956737663077733,0.0104529444603808,0.0294271892523509,0.00711249766097042,0.00423995746791979,46.335
"101141",0.00349074434335679,0.0252674581207754,0.00983401161741423,0.0112166241437797,0.0323155430299843,0.0071576205559051,0.00577539540502978,46.58
"101142",0.00447834540718521,0.0264570714577915,0.00889922959774305,0.00991346674564698,0.0334080536916131,0.0059196928649076,0.00740710329361119,46.583
"101143",0.0039059851867961,0.0239793226679095,0.00988673383462095,0.0110911220127386,0.0301142032713812,0.00744204938797684,0.00476925720580247,46.583
"101144",0.00418481084052427,0.0237799707192083,0.00990855521100375,0.011004171305496,0.0295339286871852,0.00742579192870797,0.00606604511261865,46.583
"101145",0.00368868921769299,0.0251418377675086,0.00956915262892826,0.010488077794071,0.0310489707609116,0.00698982316011022,0.00457129916525592,46.583
"101146",0.0045844040368419,0.0251006674142009,0.00932391987024794,0.0101004480184072,0.0307852080230139,0.00676436496613922,0.0036979976960808,46.583
"101147",0.00239490624441745,0.0252549760205968,0.0102753461576105,0.0117383472467081,0.0322476191458786,0.00767170885162373,0.00515515892049873,46.803
"101148",0.00333883870254864,0.0258525266409988,0.00982794525688428,0.011110366673583,0.0327847827052601,0.00711214403952037,0.00707016886860123,46.829
"101149",0.00394592315328928,0.0239547963376817,0.00989937253717166,0.0111208935528347,0.0301168399360088,0.00745455758379032,0.00455887672510137,46.829
"101150",0.00354455030301325,0.0232057840087189,0.00957950671425694,0.0105441820083334,0.0285540687922466,0.00719652719930299,0.00469557888049914,46.829
"101151",0.0041262298870516,0.0242264926594531,0.00943901514157709,0.0103001887504315,0.0296974817116789,0.00695376620634972,0.00401126313523212,46.829
"101152",0.00413750994743437,0.0251249304026851,0.00942642256371165,0.010286029766144,0.03092861862752,0.00685072258233308,0.00456094967439961,46.829
"101153",0.00361794402821524,0.0248474197875158,0.00994978287092246,0.0112818729618633,0.0315362869771741,0.00737988063041975,0.00596776462952181,47.061
"101154",0.0032200040100869,0.0260509990746105,0.00936685252369071,0.0105130440677296,0.032882016775447,0.00645636337812954,0.0058042118958681,47.074
"101155",0.00387511290792688,0.0235854537039958,0.00937439277412248,0.0103454852220712,0.0291715164747201,0.00703142333849589,0.0053158175012572,47.073
"101156",0.00291598769169089,0.0247360674934926,0.00969274444029888,0.010762844185776,0.0307681701126121,0.00716745426461681,0.00514061496212203,47.074
"101157",0.00306763888805659,0.024943193657843,0.00960520050446079,0.0106779143126128,0.0310992980444206,0.00695087377193191,0.00701577613441968,47.07
"101158",0.00259837288004135,0.0241886757282437,0.0103456431587204,0.011786356142266,0.0307281865277477,0.00782105350145634,0.00502448749907111,47.309
