"","Andrena_carlini","Andrena_miserabilis","Osmia_atriventris","Osmia_bucephala","Osmia_lignaria","Osmia_pumila","Andrena_violae"
"100001",26.8836164383562,26.129095890411,7.98312328767123,12.5457534246575,23.9986849315068,9.24361643835616,30.1640547945205
"100002",26.0797808219178,26.1616438356164,7.97227397260274,11.9934246575342,25.1220821917808,8.88558904109588,30.6552328767123
"100003",26.9861917808219,24.9001643835616,8.26520547945205,12.6927123287671,22.313095890411,9.11638356164384,30.8584109589041
"100004",25.7375342465753,24.7443287671233,7.97523287671233,11.7478356164383,23.5114520547945,8.42301369863013,31.1247123287671
"100005",25.0836164383562,23.9266849315069,7.20098630136987,11.0554520547945,22.5133150684932,7.69315068493151,31.8940273972603
"100006",26.3717260273973,23.8901917808219,7.38147945205482,11.9924383561644,20.8790136986301,8.32635616438358,30.3198904109589
"100007",27.6519452054795,24.0568767123288,9.5385205479452,13.5320547945205,21.3070684931507,9.65490410958904,31.3545205479452
"100008",28.5711780821918,23.7876164383562,12.1975890410959,14.9769863013699,22.0280547945205,10.8917260273973,32.5242739726027
"100009",25.6980821917808,23.0064657534246,8.39638356164384,11.836602739726,21.3958356164384,8.16657534246576,32.7698630136986
"100010",25.502794520548,24.2294794520548,6.7305205479452,11.2004383561644,21.9747945205479,7.79276712328767,29.6156712328767
"100011",26.1281095890411,23.9493698630137,7.55901369863014,11.88,21.4530410958904,8.28789041095891,29.7655890410959
"100012",26.7346849315068,24.6151232876712,9.07890410958903,12.7686575342466,22.9541917808219,9.21008219178081,30.0476712328767
"100013",27.5375342465754,24.2038356164384,11.3079452054795,14.0005479452055,23.2431780821918,10.2220273972603,31.4058082191781
"100014",26.3687671232877,23.0261917808219,9.76635616438357,12.7163835616438,21.7311780821918,8.92800000000001,32.4986301369863
"100015",26.5808219178082,24.5342465753425,8.29676712328768,12.4224657534247,22.3515616438356,8.86487671232877,30.1157260273973
"100016",25.5353424657534,24.3438904109589,7.16547945205478,11.3572602739726,22.4817534246575,7.97621917808219,29.3927671232877
"100017",26.208,24.5559452054795,7.94761643835616,12.0604931506849,22.5774246575343,8.58575342465754,29.1018082191781
"100018",26.877698630137,25.7089315068493,9.19627397260274,12.9116712328767,24.4661917808219,9.55134246575341,29.0791232876712
"100019",25.7345753424658,25.4081095890411,8.61830136986302,11.9500273972603,25.0569863013699,8.78005479452054,29.548602739726
"100020",24.9810410958904,23.9178082191781,7.85589041095891,11.1876164383562,23.2175342465753,7.86279452054795,30.8791232876712
"100021",26.7662465753425,24.6437260273973,8.60942465753425,12.6463561643836,22.5369863013699,9.07594520547944,29.1629589041096
"100022",25.8085479452055,24.5273424657534,7.47221917808218,11.6403287671233,22.6533698630137,8.24153424657533,28.483397260274
"100023",26.8303561643836,24.7778630136986,8.68043835616439,12.7134246575342,22.7105753424657,9.1568219178082,28.5978082191781
"100024",28.8335342465754,27.0374794520548,12.1985753424658,15.1841095890411,26.4318904109589,11.7182465753425,29.0534794520548
"100025",27.6006575342466,25.8894246575342,10.893698630137,13.9305205479452,25.2591780821918,10.4794520547945,29.5821369863014
"100026",24.2669589041096,23.0735342465753,5.96810958904109,10.1105753424658,21.2745205479452,6.73150684931507,29.8938082191781
"100027",24.7038904109589,24.0115068493151,6.20778082191782,10.4912876712329,22.2687123287671,7.21183561643838,28.1845479452055
"100028",25.3844383561644,24.098301369863,7.23649315068494,11.2734246575342,22.3890410958904,7.87857534246575,28.1914520547945
"100029",26.3756712328767,24.6032876712329,8.21983561643836,12.2587397260274,22.6612602739726,8.76131506849316,28.0721095890411
"100030",27.4211506849315,25.1418082191781,9.56219178082193,13.3910136986301,23.2283835616438,9.79495890410959,28.2792328767123
"100031",28.5484931506849,26.0866849315069,11.2931506849315,14.702794520548,24.6230136986301,11.0820821917808,28.6530410958904
"100032",27.4951232876712,25.4258630136986,10.2437260273973,13.6543561643836,24.1476164383562,10.1164931506849,28.9785205479452
"100033",25.9091506849315,23.9878356164384,8.17545205479452,11.9204383561644,22.3505753424657,8.402301369863,29.8819726027397
"100034",24.9100273972603,24.4010958904109,6.51945205479451,10.7319452054794,22.8368219178082,7.4929315068493,27.7456438356164
"100035",24.9879452054795,23.8941369863014,6.53720547945206,10.7861917808219,22.0063561643836,7.4238904109589,27.7140821917808
"100036",26.4328767123288,24.1150684931507,8.10838356164385,12.2597260273973,21.7696438356164,8.64394520547945,28.1697534246575
"100037",26.993095890411,24.5470684931507,8.55320547945207,12.7834520547945,22.0408767123288,9.13808219178082,28.0790136986302
"100038",26.9309589041096,24.6269589041096,8.68734246575343,12.7824657534247,22.3614246575343,9.17161643835617,28.0494246575342
"100039",26.2957808219178,24.192,8.02849315068492,12.1413698630137,21.9984657534247,8.57194520547945,28.4222465753425
"100040",26.0363835616438,24.739397260274,8.11035616438356,11.9934246575342,23.2214794520548,8.60153424657535,28.1066301369863
"100041",25.8943561643836,23.7294246575342,7.64087671232876,11.7438904109589,21.5181369863014,8.16164383561642,28.2082191780822
"100042",26.8786849315068,23.9700821917808,8.78991780821917,12.772602739726,21.5595616438356,9.03945205479451,28.5879452054794
"100043",25.9347945205479,24.724602739726,7.50279452054794,11.7379726027397,22.7993424657534,8.35101369863013,27.3925479452055
"100044",25.9742465753425,24.3320547945205,7.27002739726026,11.6896438356164,21.9659178082192,8.20701369863013,27.366904109589
"100045",26.2523835616438,24.4938082191781,7.60043835616439,11.9825753424658,22.1187945205479,8.47627397260275,27.8186301369863
"100046",24.796602739726,23.4128219178082,6.59539726027398,10.6688219178082,21.6118356164384,7.25128767123289,27.4152328767123
"100047",26.1261369863014,23.04,7.86476712328768,11.9658082191781,20.3957260273973,8.19123287671235,28.1066301369863
"100048",27.5572602739726,23.7225205479452,9.61446575342465,13.4886575342466,21.0121643835616,9.56416438356165,28.5504657534247
"100049",27.0078904109589,24.7877260273973,9.11736986301369,12.9688767123288,22.8733150684931,9.38367123287672,27.8906301369863
"100050",26.9408219178082,24.3113424657534,8.91517808219177,12.8564383561644,22.0872328767123,9.18345205479453,27.7555068493151
"100051",27.1459726027397,25.0885479452055,8.8214794520548,12.9747945205479,22.8654246575343,9.41326027397263,27.7436712328767
"100052",24.8025205479452,22.2529315068493,6.76208219178082,10.7151780821918,20.0534794520548,7.05797260273971,27.3964931506849
"100053",25.6122739726027,23.0005479452055,7.62016438356164,11.5387397260274,20.814904109589,7.86969863013698,27.2574246575342
"100054",26.9191232876712,23.450301369863,8.89643835616438,12.8288219178082,20.8385753424657,8.97928767123287,27.9004931506849
"100055",26.8362739726027,23.9217534246575,8.5837808219178,12.6798904109589,21.3642739726027,8.94082191780822,28.0523835616438
"100056",26.8451506849315,22.7391780821918,8.82739726027398,12.7509041095891,19.8364931506849,8.76821917808219,28.3936438356164
"100057",26.0531506849315,24.1081643835617,7.99594520547946,11.9648219178082,22.1730410958904,8.43386301369861,27.4517260273973
"100058",24.7443287671233,21.6512876712329,6.90706849315069,10.7141917808219,19.3798356164384,6.94849315068494,27.1913424657534
"100059",25.4041643835616,22.7510136986301,7.67243835616438,11.4105205479452,20.7754520547945,7.73852054794521,26.9161643835617
"100060",26.6202739726028,22.6543561643836,8.94082191780822,12.6315616438356,20.116602739726,8.68635616438357,27.648
"100061",26.157698630137,22.4975342465753,8.04427397260274,12.0378082191781,19.7171506849315,8.14684931506849,27.5671232876712
"100062",26.6429589041096,22.2430684931507,8.79583561643835,12.5990136986301,19.3561643835616,8.55912328767123,28.0287123287671
"100063",23.8556712328767,20.1639452054794,6.8478904109589,10.0750684931507,18.3491506849315,6.20383561643833,27.1321643835616
"100064",24.4691506849315,21.0486575342466,6.89227397260275,10.5159452054795,18.8561095890411,6.6881095890411,26.9132054794521
"100065",25.9584657534247,21.5447671232877,8.31747945205478,11.9776438356164,18.8334246575343,7.93972602739726,27.158794520548
"100066",26.2967671232877,21.0062465753425,8.57293150684932,12.283397260274,17.8145753424657,8.06005479452055,27.4655342465753
"100067",25.7552876712329,21.0762739726027,7.93775342465753,11.7182465753425,18.0858082191781,7.62115068493151,27.4862465753424
"100068",26.092602739726,22.5626301369863,8.49797260273972,12.1334794520548,20.3030136986301,8.28197260273971,27.2081095890411
"100069",22.5813698630137,19.0750684931507,5.47693150684931,8.77315068493151,17.2592876712329,4.93742465753425,26.5512328767123
"100070",22.1671232876712,19.6421917808219,4.6454794520548,8.23956164383563,17.9122191780822,4.59912328767125,26.3510136986301
"100071",24.6249863013699,20.6255342465754,7.35386301369864,10.7615342465754,18.4339726027398,6.81928767123289,26.6390136986302
"100072",25.9693150684932,20.7162739726027,8.2642191780822,11.9608767123288,17.5591232876713,7.74641095890411,26.9270136986301
"100073",26.4082191780822,20.8859178082192,8.67550684931506,12.3889315068493,17.5798356164384,8.11726027397259,27.2485479452055
"100074",25.8470136986301,21.6009863013699,8.19715068493151,11.8652054794521,18.9606575342466,7.86180821917809,26.8836164383562
"100075",21.1088219178082,18.6726575342466,3.90772602739725,7.2798904109589,17.2691506849315,3.66608219178082,25.776
"100076",21.2192876712329,19.2595068493151,3.76175342465754,7.31539726027397,17.849095890411,3.79528767123287,25.4475616438356
"100077",22.211506849315,18.9133150684931,4.71747945205477,8.28493150684932,16.8499726027397,4.4847123287671,25.8608219178082
"100078",22.9650410958904,20.5239452054795,5.79747945205479,9.14695890410958,19.1460821917808,5.5331506849315,25.7552876712329
"100079",24.6289315068493,20.6620273972603,7.40219178082189,10.7792876712329,18.525698630137,6.84493150684931,26.0600547945205
"100080",25.2818630136986,20.8533698630137,7.78586301369864,11.3454246575343,18.2633424657534,7.30750684931509,26.0482191780822
"100081",26.1547397260274,20.8849315068493,8.21884931506851,12.0762739726027,17.5147397260274,7.85194520547947,26.6952328767123
"100082",25.4860273972603,21.931397260274,7.44361643835617,11.3888219178082,19.2634520547945,7.52153424657534,26.1448767123288
"100083",21.3435616438356,16.8933698630137,4.968,7.75134246575344,15.2866849315069,3.73610958904109,26.683397260274
"100084",20.1609863013698,16.6211506849315,3.36624657534244,6.4474520547945,15.0647671232877,2.61271232876712,26.1064109589041
"100085",19.9193424657534,17.4437260273973,2.54860273972604,6.03813698630137,15.8705753424658,2.41249315068495,25.358794520548
"100086",20.3641643835617,17.5689863013699,2.98454794520549,6.47802739726028,15.84,2.7843287671233,25.444602739726
"100087",21.6443835616438,18.1706301369863,5.13764383561643,8.02060273972603,16.9002739726027,4.20657534246575,25.8854794520548
"100088",22.3209863013699,18.6588493150685,5.51046575342465,8.6025205479452,17.0324383561644,4.7411506849315,25.7424657534247
"100089",22.6237808219178,18.8935890410959,5.47594520547945,8.80076712328767,16.9357808219178,4.91769863013698,25.7592328767123
"100090",23.3378630136986,19.7743561643836,6.25315068493151,9.53556164383562,17.949698630137,5.68898630136987,25.7148493150685
"100091",23.4739726027397,20.4578630136986,6.25216438356163,9.63419178082189,18.7683287671233,5.8980821917808,25.5235068493151
"100092",24.3221917808219,20.0574246575343,7.07178082191781,10.4626849315069,17.7603287671233,6.46520547945207,25.7030136986301
"100093",24.3300821917808,20.577205479452,6.84887671232877,10.4035068493151,18.3136438356164,6.50761643835615,25.4919452054795
"100094",25.257205479452,21.3593424657534,7.49983561643835,11.2448219178082,18.7841095890411,7.31243835616438,26.129095890411
"100095",25.7907945205479,21.715397260274,8.18728767123288,11.8247671232877,19.1944109589041,7.8588493150685,26.229698630137
"100096",19.5820273972603,16.0096438356164,1.92821917808217,5.60416438356162,13.6780273972603,1.74279452054793,26.2415342465753
"100097",18.6657534246575,15.8340821917808,0.770301369863006,4.61983561643835,13.6316712328767,0.907397260273953,25.4367123287671
"100098",19.5297534246575,15.5391780821918,1.95287671232877,5.57260273972602,13.0803287671233,1.62443835616438,25.891397260274
"100099",20.5002739726028,15.5963835616438,3.48953424657536,6.7098082191781,13.2154520547945,2.58410958904111,26.0304657534247
"100100",20.6501917808219,15.9060821917808,3.57534246575344,6.84000000000002,13.542904109589,2.7468493150685,25.8233424657534
"100101",20.4578630136986,16.4347397260274,3.15123287671234,6.58257534246577,14.2007671232877,2.63441095890411,25.3420273972603
"100102",20.9835616438356,17.4782465753425,3.70849315068494,7.1230684931507,15.5125479452055,3.28339726027399,24.9928767123288
"100103",20.980602739726,17.402301369863,4.04383561643836,7.22367123287673,15.7019178082192,3.37709589041096,25.1940821917808
"100104",21.355397260274,17.6656438356164,4.46991780821917,7.61326027397259,15.9593424657534,3.74498630136986,25.509698630137
"100105",22.2371506849315,18.2189589041096,5.00350684931506,8.38553424657533,16.0520547945205,4.43934246575341,25.0747397260274
"100106",23.7738082191781,19.0395616438356,6.57961643835617,9.92712328767124,16.5757808219178,5.83298630136987,25.4150136986301
"100107",24.0923835616438,20.0021917808219,6.89128767123287,10.2496438356164,17.8313424657534,6.28964383561643,25.3992328767123
"100108",24.0361643835617,20.0120547945206,6.933698630137,10.224,17.9575890410959,6.28076712328769,25.322301369863
"100109",24.0775890410959,19.7990136986301,6.89720547945207,10.2387945205479,17.5591232876712,6.24032876712329,25.2660821917808
"100110",23.9572602739726,20.3395068493151,6.5549589041096,10.0563287671233,18.2081095890411,6.19101369863016,25.2295890410959
"100111",24.3784109589041,21.4915068493151,6.8133698630137,10.4340821917808,19.5563835616438,6.71671232876713,25.6142465753425
"100112",18.8985205479452,14.2688219178082,1.490301369863,4.98772602739727,11.6649863013699,0.910356164383572,25.6813150684932
"100113",18.9024657534247,14.4473424657534,1.03364383561643,4.85161643835616,11.5150684931507,0.799890410958895,25.7720547945205
"100114",19.3324931506849,14.587397260274,1.51989041095891,5.2964383561644,11.570301369863,1.18454794520548,25.5185753424658
"100115",19.3186849315069,14.6870136986302,1.69545205479453,5.34082191780821,11.8908493150685,1.25852054794521,25.2522739726028
"100116",19.4843835616439,15.7334794520548,2.08898630136987,5.58443835616438,13.5468493150685,1.69150684931508,24.7206575342466
"100117",21.0082191780822,16.5678904109589,3.51221917808218,7.0717808219178,13.9729315068493,3.03189041095889,24.7857534246575
"100118",22.1523287671233,17.0521643835616,4.81709589041097,8.25928767123288,14.2924931506849,4.08526027397259,25.0648767123288
"100119",22.6721095890411,18.0138082191781,5.64953424657536,8.8796712328767,15.7374246575342,4.80526027397259,24.9859726027397
"100120",22.2973150684931,18.0858082191781,5.49764383561644,8.57687671232877,16.2138082191781,4.60109589041096,24.6733150684931
"100121",22.9739178082192,18.1193424657534,6.40504109589043,9.31956164383563,16.1536438356164,5.21457534246575,24.9780821917808
"100122",22.9374246575343,19.0671780821918,5.74126027397261,9.09863013698632,17.0018630136986,5.18498630136988,24.3744657534247
"100123",23.6002191780822,19.8562191780822,6.07167123287672,9.65983561643837,17.5551780821918,5.76493150684932,24.2314520547945
"100124",24.458301369863,20.1757808219178,7.04021917808221,10.5465205479452,17.7238356164384,6.54213698630137,24.4908493150685
"100125",24.4356164383562,19.749698630137,7.53534246575344,10.6806575342466,17.5670136986301,6.60328767123286,24.7689863013699
"100126",24.1781917808219,20.2132602739726,7.3311780821918,10.4459178082192,18.4142465753425,6.52043835616439,24.8074520547945
"100127",24.2886575342466,20.3316164383562,7.04712328767123,10.4340821917808,18.1854246575343,6.50169863013699,25.0964383561644
"100128",23.7866301369863,20.9983561643836,6.20482191780825,9.83835616438358,19.0938082191781,6.141698630137,24.7009315068493
"100129",23.9434520547945,18.0355068493151,6.85380821917808,10.1194520547945,15.12,5.78268493150684,25.1891506849315
"100130",23.3447671232877,18.9488219178082,6.25512328767124,9.53358904109591,16.7345753424658,5.51243835616438,24.5480547945206
"100131",23.6633424657534,18.7367671232877,6.83901369863013,9.92909589041095,16.5106849315068,5.80339726027395,24.4602739726027
"100132",24.2659726027398,19.1204383561644,7.07769863013701,10.418301369863,16.4712328767123,6.23835616438357,24.386301369863
"100133",24.5539726027397,20.2635616438356,6.89128767123285,10.5672328767123,17.589698630137,6.55495890410958,23.897095890411
"100134",24.8912876712329,20.6077808219178,7.22071232876715,10.9025753424658,17.9309589041096,6.8912876712329,23.7205479452055
"100135",23.9207671232877,20.0268493150685,6.91397260273973,10.1391780821918,18.1193424657534,6.22553424657536,23.8418630136987
"100136",24.0519452054795,20.2300273972603,7.17435616438357,10.3117808219178,18.4694794520548,6.41589041095891,24.1969315068493
"100137",23.234301369863,20.7665753424658,5.94739726027397,9.37873972602739,19.2723287671233,5.75605479452057,23.8675068493151
"100138",22.4186301369863,21.2429589041096,4.60799999999999,8.41315068493149,19.8838356164383,5.04789041095889,23.3635068493151
"100139",22.9512328767123,18.2100821917808,5.92668493150687,9.15780821917808,15.8932602739726,5.06564383561644,23.990794520548
"100140",22.8417534246575,19.2151232876712,5.67912328767123,9.01479452054794,17.2928219178082,5.15342465753422,23.5735890410959
"100141",23.6741917808219,19.1046575342466,6.55298630136984,9.85117808219178,16.782904109589,5.79353424657533,23.9237260273973
"100142",24.7009315068493,19.1145205479452,7.48010958904111,10.8394520547945,16.2325479452055,6.56580821917811,24.0588493150685
"100143",24.4967671232877,20.613698630137,6.91002739726028,10.5366575342466,18.1982465753425,6.6111780821918,23.1899178082192
"100144",24.3823561643836,20.6511780821918,6.88142465753425,10.4508493150685,18.3807123287671,6.55890410958905,23.0153424657534
"100145",24.3369863013699,20.1925479452055,7.3627397260274,10.5632876712329,18.1982465753425,6.59736986301371,23.6298082191781
"100146",24.2314520547945,20.5929863013698,7.16350684931506,10.4340821917808,18.7495890410959,6.57172602739725,23.7659178082192
"100147",23.0528219178082,21.0614794520548,5.79747945205477,9.21106849315066,19.8157808219178,5.68898630136984,23.2727671232877
"100148",23.0094246575343,20.930301369863,5.58246575342467,9.11441095890412,19.4922739726027,5.56964383561645,23.428602739726
"100149",23.8635616438356,21.2922739726027,6.75123287671234,10.0612602739726,19.9045479452055,6.4208219178082,24.1071780821918
"100150",22.6484383561644,18.475397260274,5.47693150684933,8.81358904109591,16.2927123287671,4.83780821917807,22.9265753424658
"100151",22.9591232876712,19.1510136986301,5.61304109589041,9.07397260273973,16.9831232876712,5.17019178082191,22.8930410958904
"100152",23.8458082191781,19.252602739726,6.46915068493151,9.94487671232876,16.6921643835616,5.87539726027396,23.3526575342466
"100153",24.2787945205479,19.7487123287671,6.78575342465753,10.3423561643836,17.1152876712329,6.28372602739726,22.996602739726
"100154",24.4198356164384,20.6738630136987,6.76898630136986,10.4419726027397,18.2643287671233,6.54312328767124,22.5557260273973
"100155",24.6111780821918,20.8277260273973,7.16942465753425,10.6974246575342,18.5848767123288,6.79561643835616,22.7243835616438
"100156",24.1880547945206,20.6541369863014,6.93567123287673,10.3344657534247,18.6963287671233,6.48986301369865,22.9068493150685
"100157",24.3014794520548,21.0999452054795,7.0244383561644,10.4429589041096,19.274301369863,6.66739726027399,22.9699726027397
"100158",23.9345753424658,21.1581369863014,6.74728767123288,10.1076164383562,19.6066849315068,6.42279452054794,23.0981917808219
"100159",24.1140821917809,20.772493150685,6.88734246575343,10.2693698630137,18.9261369863014,6.46619178082194,23.6209315068493
"100160",23.3763287671233,21.0466849315068,6.05095890410958,9.51090410958903,19.5820273972603,5.91583561643837,23.4138082191781
"100161",23.1070684931507,18.1084931506849,5.60219178082193,9.16273972602741,15.2472328767123,5.00646575342466,22.2992876712329
"100162",23.334904109589,18.648,5.75112328767123,9.36887671232876,15.861698630137,5.27572602739727,22.1621917808219
"100163",23.8546849315068,19.4459178082192,6.15747945205479,9.85610958904108,16.6862465753425,5.81819178082191,22.3653698630137
"100164",24.5667945205479,20.3444383561644,6.82717808219178,10.5573698630137,17.6340821917808,6.5569315068493,22.435397260274
"100165",24.2886575342466,20.6768219178082,6.59145205479453,10.2969863013699,18.288,6.42575342465753,22.0625753424657
"100166",24.198904109589,21.0940273972603,6.56383561643835,10.230904109589,18.9941917808219,6.46717808219178,21.9452054794521
"100167",24.1535342465754,21.4806575342466,6.39419178082193,10.1510136986302,19.4735342465754,6.47506849315069,21.794301369863
"100168",24.3034520547945,21.4175342465753,6.51057534246574,10.289095890411,19.2802191780822,6.56679452054794,22.1878356164383
"100169",24.9169315068493,21.0200547945205,7.57084931506849,11.0307945205479,18.8097534246575,7.10827397260272,23.0498630136986
"100170",24.7088219178082,20.8444931506849,7.28482191780823,10.8,18.5799452054795,6.88142465753425,23.3289863013699
"100171",23.1997808219178,20.7981369863014,5.45621917808218,9.20416438356165,18.9300821917808,5.58542465753423,22.7796164383562
"100172",23.2599452054795,21.4569863013699,6.11605479452055,9.45468493150685,20.3967123287671,5.97402739726027,23.0784657534247
"100173",23.4276164383562,18.237698630137,5.99572602739727,9.50498630136984,15.3517808219178,5.30926027397258,21.8939178082192
"100174",23.3398356164383,18.0305753424658,5.68109589041096,9.3461917808219,14.8882191780822,5.12087671232875,21.6946849315068
"100175",23.2707945205479,19.3798356164384,5.40986301369863,9.22684931506849,16.7158356164383,5.29347945205478,21.2676164383562
"100176",23.616,20.5160547945205,5.65643835616437,9.54838356164383,18.1331506849315,5.77775342465753,21.2528219178082
"100177",23.6554520547945,20.9105753424658,5.86553424657534,9.64208219178083,18.842301369863,5.95035616438356,21.3484931506849
"100178",24.0420821917808,20.5880547945205,6.35769863013698,10.0563287671233,18.2840547945206,6.21764383561644,21.6394520547945
"100179",24.6634520547945,21.1867397260274,6.78476712328768,10.6175342465754,18.698301369863,6.76997260273973,21.5664657534247
"100180",24.9780821917808,21.074301369863,7.25128767123287,10.9755616438356,18.5237260273973,7.04219178082191,22.1868493150685
"100181",24.789698630137,20.8178630136986,7.52646575342467,10.9292054794521,18.6470136986301,6.99287671232878,22.7184657534247
"100182",24.6476712328767,20.9312876712329,7.45446575342466,10.8108493150685,18.9399452054794,6.92975342465755,22.7362191780822
"100183",23.9838904109589,20.5209863013699,6.60821917808221,10.0928219178082,18.4862465753425,6.26005479452057,22.7697534246575
"100184",23.8290410958904,20.1777534246575,6.56679452054794,9.97150684931506,18.1578082191781,6.10224657534245,23.0547945205479
"100185",23.4394520547945,17.3273424657534,6.42476712328767,9.63616438356163,14.3832328767123,5.25797260273973,21.9876164383562
"100186",22.7983561643835,17.849095890411,5.256,8.84317808219177,14.976,4.69578082191778,21.1837808219178
"100187",22.4669589041096,19.245698630137,4.61490410958902,8.43090410958902,16.9012602739726,4.63758904109588,20.4470136986301
"100188",23.205698630137,19.9163835616439,5.33884931506852,9.16471232876714,17.5275616438356,5.35758904109591,20.7438904109589
"100189",23.7856438356164,20.0672876712329,5.98882191780818,9.76241095890408,17.5403835616438,5.86652054794519,21.0644383561644
"100190",23.321095890411,20.3592328767123,5.55386301369863,9.31364383561646,18.209095890411,5.57654794520548,20.8326575342466
"100191",24.0075616438356,20.6294794520548,6.17030136986303,9.97545205479452,18.2258630136986,6.14958904109589,21.1305205479452
"100192",24.9435616438356,20.5436712328767,7.32427397260273,10.9696438356164,17.8589589041096,6.9356712328767,21.7785205479452
"100193",24.7532054794521,20.238904109589,7.52843835616439,10.8996164383562,17.8500821917808,6.85084931506849,22.2282739726027
"100194",24.3675616438356,20.4805479452055,7.12898630136988,10.5149589041096,18.3708493150685,6.59638356164383,22.2401095890411
"100195",24.0687123287671,20.0416438356164,6.8163287671233,10.2111780821918,17.8540273972603,6.26301369863013,22.363397260274
"100196",23.406904109589,19.7694246575342,6.23441095890409,9.57599999999998,17.8333150684931,5.71167123287671,22.4087671232877
"100197",23.8911780821918,19.8236712328767,6.9869589041096,10.1401643835616,17.9260273972603,6.19199999999999,22.8950136986301
"100198",24.2127123287671,19.5228493150685,7.2956712328767,10.4528219178082,17.3253698630137,6.37446575342466,23.0972054794521
"100199",21.4224657534247,16.4475616438356,4.60208219178084,7.68920547945207,14.2027397260274,3.55364383561647,20.369095890411
"100200",21.6088767123288,17.0294794520548,4.47879452054795,7.7838904109589,14.694904109589,3.72328767123288,20.1866301369863
"100201",22.9433424657534,17.6084383561644,5.68010958904111,9.07101369863015,14.8053698630137,4.84964383561646,20.8671780821918
"100202",23.1859726027397,18.9064109589041,5.75210958904108,9.26926027397258,16.4416438356164,5.26487671232874,20.6827397260274
"100203",23.5913424657534,19.526794520548,6.11901369863016,9.66575342465754,17.1281095890411,5.70476712328768,20.7458630136986
"100204",23.5311780821918,20.0347397260274,6.04898630136987,9.60756164383562,17.8895342465754,5.76493150684932,20.6235616438356
"100205",23.6169863013699,19.9449863013699,6.01742465753425,9.65490410958904,17.6153424657534,5.77380821917808,20.5870684931507
"100206",24.4642191780822,20.1067397260274,6.87747945205479,10.5011506849315,17.4683835616438,6.47605479452055,21.139397260274
"100207",24.9682191780822,19.9292054794521,7.71484931506848,11.1008219178082,17.2721095890411,6.9415890410959,21.6621369863014
"100208",24.5638356164383,19.9617534246575,7.46038356164382,10.7467397260274,17.64,6.68219178082191,21.7420273972603
"100209",24.3350136986301,19.8631232876713,7.3627397260274,10.5593424657534,17.7179178082192,6.52536986301371,22.046794520548
"100210",23.6071232876712,19.483397260274,6.68416438356165,9.84920547945207,17.5433424657534,5.88920547945206,22.0911780821918
"100211",23.1011506849315,19.0060273972603,6.09139726027398,9.31660273972604,17.0008767123288,5.36054794520548,22.1079452054795
"100212",23.1435616438356,18.8304657534247,5.95528767123287,9.30279452054793,16.5678904109589,5.29742465753424,22.254904109589
"100213",23.0843835616438,19.9765479452055,5.94739726027396,9.26926027397261,18.3175890410959,5.51736986301371,22.4058082191781
"100214",20.6048219178082,16.0569863013699,3.66312328767123,6.83802739726028,13.902904109589,2.7892602739726,19.8177534246575
"100215",20.8878904109589,16.8401095890411,3.87715068493148,7.10432876712328,14.8576438356164,3.15813698630136,19.4291506849315
"100216",21.462904109589,17.2770410958904,4.36339726027397,7.6507397260274,15.1515616438356,3.67298630136985,19.6747397260274
"100217",22.4649863013699,18.1203287671233,5.19090410958907,8.5975890410959,15.7670136986302,4.58334246575345,20.0860273972603
"100218",22.8723287671233,18.741698630137,5.3763287671233,8.9388493150685,16.2897534246575,4.9630684931507,20.0051506849315
"100219",23.0074520547945,19.4478904109589,5.44734246575342,9.05917808219176,17.2040547945205,5.20175342465753,19.9459726027397
"100220",23.1761095890411,19.3709589041096,5.68701369863014,9.24657534246575,17.0768219178082,5.33983561643838,19.9962739726027
"100221",23.8172054794521,19.5672328767123,6.45435616438355,9.92317808219177,17.1774246575342,5.92668493150686,20.4568767123288
"100222",24.2373698630137,19.6441643835616,6.85578082191782,10.3344657534247,17.0807671232877,6.26498630136986,20.7192328767123
"100223",24.3024657534247,19.7585753424658,7.08065753424658,10.4498630136986,17.3579178082192,6.39419178082193,21.0782465753425
"100224",23.8004383561644,19.8404383561644,6.7384109589041,10.0020821917808,17.8520547945205,6.07265753424656,21.2104109589041
"100225",23.6850410958904,19.5632876712329,6.72460273972601,9.91627397260274,17.589698630137,5.95528767123288,21.4441643835616
"100226",23.5548493150685,18.9379726027397,6.53227397260274,9.7624109589041,16.6803287671233,5.69687671232877,21.7242739726027
"100227",22.564602739726,18.7870684931507,5.35068493150688,8.72087671232877,16.7483835616439,4.82597260273975,21.4875616438356
"100228",22.3712876712329,19.001095890411,5.07550684931508,8.50586301369863,17.0797808219178,4.69380821917809,21.4550136986301
"100229",22.1335890410959,18.2870136986301,4.74312328767122,8.23463013698631,16.0609315068493,4.32098630136986,21.7489315068493
"100230",20.0682739726027,15.4967671232877,2.99638356164382,6.26104109589041,13.2154520547945,2.20339726027396,19.1776438356164
"100231",20.2201643835617,16.6734246575342,2.88295890410959,6.33994520547944,14.6327671232877,2.49041095890411,18.8058082191781
"100232",20.2724383561644,17.7494794520548,2.80504109589042,6.36164383561645,16.0688219178082,2.72317808219178,18.6519452054794
"100233",21.1058630136986,18.1489315068493,3.56547945205482,7.16843835616439,16.2039452054795,3.43824657534246,18.8728767123288
"100234",21.9560547945206,18.453698630137,4.3732602739726,8.00087671232876,16.2177534246575,4.15528767123287,19.1727123287671
"100235",22.5064109589041,18.6805479452055,5.12778082191784,8.61139726027399,16.4751780821918,4.70268493150685,19.5110136986302
"100236",22.6859178082192,18.4300273972603,5.34772602739726,8.79978082191779,16.0619178082192,4.802301369863,19.4942465753424
"100237",22.8476712328767,18.8048219178082,5.58443835616438,8.98619178082193,16.6004383561644,5.03506849315069,19.7309589041096
"100238",24.1535342465753,19.4015342465753,6.92580821917808,10.2969863013699,16.9002739726027,6.19791780821917,20.7389589041096
"100239",24.6861369863014,18.5158356164384,7.60043835616439,10.8611506849315,15.4819726027397,6.46915068493151,21.2597260273972
"100240",23.8911780821918,19.1431232876712,6.80449315068492,10.0780273972603,16.769095890411,5.98389041095889,20.8829589041096
"100241",23.3832328767123,19.4912876712329,6.11112328767125,9.5207671232877,17.3480547945206,5.6002191780822,20.7705205479452
"100242",23.1031232876712,19.6362739726028,5.61895890410959,9.1785205479452,17.5038904109589,5.34279452054795,20.6807671232877
"100243",22.5458630136986,19.4814246575342,4.9758904109589,8.59857534246576,17.4595068493151,4.84471232876713,20.6048219178082
"100244",22.2647671232877,18.9902465753425,4.83583561643835,8.35890410958903,16.9959452054794,4.56460273972603,20.7606575342466
"100245",21.9274520547945,18.4901917808219,4.47583561643837,8.01271232876712,16.4002191780822,4.18389041095892,20.9914520547945
"100246",21.2843835616438,18.0364931506849,4.00438356164385,7.4248767123288,16.1852054794521,3.63945205479455,21.4816438356165
"100247",17.6607123287671,14.8043835616438,1.0020821917808,3.99550684931506,13.6859178082192,0.306739726027388,17.6281643835617
"100248",19.5869589041096,14.4226849315069,2.75671232876712,5.84876712328767,12.0821917808219,1.67375342465753,18.7002739726027
"100249",19.7447671232877,16.6379178082192,2.14816438356162,5.78860273972602,14.572602739726,2.02586301369861,18.4724383561644
"100250",19.2821917808219,17.5818082191781,1.57709589041093,5.30432876712328,16.0727671232876,1.83353424657534,18.222904109589
"100251",20.1846575342466,17.1784109589041,2.55747945205479,6.21961643835618,15.1328219178082,2.47660273972603,18.4714520547945
"100252",21.3317260273973,17.4516164383562,3.70158904109591,7.35879452054796,14.997698630137,3.43232876712331,18.9734794520548
"100253",21.7489315068493,17.8441643835617,4.31704109589042,7.83616438356164,15.5539726027397,3.90969863013699,18.9803835616438
"100254",21.7607671232877,18.4684931506849,4.42947945205479,7.88449315068493,16.5521095890411,4.08920547945206,18.713095890411
"100255",22.8161095890411,18.4191780821918,5.72646575342465,9.0049315068493,16.2049315068493,4.98378082191782,19.5021369863014
"100256",24.091397260274,17.8224657534246,7.06093150684931,10.2831780821918,14.7905753424657,5.87145205479452,20.3059726027397
"100257",23.3398356164384,18.0473424657534,6.16931506849316,9.49610958904111,15.3468493150685,5.28558904109589,20.0741917808219
"100258",23.0745205479452,18.7318356164384,5.79057534246574,9.20416438356166,16.3706301369863,5.18991780821918,20.0357260273973
"100259",23.5952876712329,18.986301369863,6.30443835616438,9.72000000000001,16.494904109589,5.65052054794519,20.4105205479452
"100260",23.7412602739726,19.1135342465753,6.2294794520548,9.79890410958905,16.4179726027397,5.71857534246577,20.4973150684932
"100261",22.8387945205479,19.101698630137,5.10805479452053,8.83528767123286,16.625095890411,4.93742465753425,20.1698630136986
"100262",22.3466301369863,18.9034520547945,4.6721095890411,8.36383561643835,16.6122739726027,4.52810958904109,20.1757808219178
"100263",21.9649315068493,18.8294794520548,4.59221917808219,8.07780821917808,16.9476164383562,4.31309589041095,20.3957260273973
"100264",21.1186849315068,18.2968767123288,3.71934246575341,7.22564383561642,16.538301369863,3.52701369863013,20.7123287671233
"100265",21.0506301369863,18.3442191780822,4.12668493150684,7.30454794520548,17.0590684931507,3.64142465753423,20.7734794520548
"100266",19.3206575342466,14.2441643835617,2.73205479452055,5.65841095890413,12.1571506849315,1.5070684931507,18.6657534246575
"100267",19.771397260274,14.8231232876713,3.18969863013702,6.11210958904111,12.8031780821918,1.98739726027398,18.5306301369863
"100268",18.9557260273973,15.9376438356165,1.7151780821918,5.11002739726028,14.2293698630137,1.37391780821919,17.9970410958904
"100269",17.6488767123288,16.3913424657534,0.32054794520549,3.79134246575342,15.4208219178082,0.42115068493149,17.6705753424657
"100270",19.1125479452055,15.796602739726,1.77928767123288,5.23627397260276,13.867397260274,1.43506849315069,18.2485479452055
"100271",20.5900273972603,16.315397260274,3.38794520547945,6.74531506849316,14.0577534246575,2.7468493150685,18.864
"100272",20.3454246575343,17.5581369863014,2.92339726027396,6.4454794520548,15.7946301369863,2.75276712328767,18.1568219178082
"100273",19.9163835616438,18.820602739726,2.35528767123287,5.98882191780821,17.718904109589,2.64624657534247,17.3924383561644
"100274",21.9185753424658,18.2495342465754,4.65928767123289,8.06104109589043,16.2226849315068,4.18882191780821,18.5227397260274
"100275",23.0084383561644,17.496,5.84383561643835,9.16471232876714,14.6968767123288,4.90882191780823,19.1894794520548
"100276",23.1534246575342,17.5768767123288,6.01150684931507,9.31660273972602,14.7688767123288,5.04690410958904,19.5001643835617
"100277",23.1228493150685,18.5819178082192,5.90991780821919,9.2722191780822,16.1921095890411,5.2185205479452,19.728
"100278",23.7471780821918,19.1707397260274,6.47210958904108,9.87780821917808,16.7089315068493,5.81424657534245,20.2093150684931
"100279",23.774794520548,18.5848767123288,6.56778082191779,9.92120547945206,15.8991780821918,5.73139726027397,20.1442191780822
"100280",22.8940273972603,19.0178630136986,5.46706849315066,8.98323287671232,16.7454246575342,5.06268493150684,19.7605479452055
"100281",22.708602739726,19.1973698630137,5.04394520547945,8.7277808219178,16.8844931506849,4.87923287671232,19.7477260273973
"100282",22.7608767123288,18.7653698630137,5.33786301369864,8.85106849315071,16.4406575342466,4.90586301369865,20.1698630136986
"100283",21.7706301369863,18.4211506849315,4.39495890410957,7.88054794520548,16.4386849315068,4.07145205479451,20.1106849315068
"100284",20.7498082191781,18.1716164383562,3.09106849315069,6.7788493150685,16.2966575342466,3.12460273972603,19.7260273972603
"100285",20.2773698630137,17.3322739726027,2.9283287671233,6.39912328767123,15.5628493150685,2.67484931506851,20.0968767123288
"100286",19.5662465753424,16.6181917808219,2.56635616438355,5.79550684931506,15.1535342465753,2.07912328767122,20.8129315068493
"100287",18.6618082191781,14.0143561643836,1.67671232876712,4.8802191780822,11.7764383561644,0.809753424657544,18.2386849315068
"100288",19.4488767123288,14.5282191780822,2.69161643835616,5.73534246575345,12.3642739726027,1.61260273972604,18.2761643835616
"100289",18.5947397260274,12.9797260273973,1.98936986301371,4.9226301369863,10.627397260274,0.657863013698631,18.100602739726
"100290",17.4535890410959,12.3080547945206,0.585863013698642,3.7045479452055,9.94290410958907,0.468493150684907,17.9881643835617
"100291",17.28,13.5054246575342,0.179506849315061,3.47079452054794,11.5693150684931,0.420164383561669,17.7613150684931
"100292",18.798904109589,14.493698630137,2.05347945205477,5.09424657534244,12.6266301369863,1.10071232876713,18.4497534246575
"100293",20.1925479452055,15.48,3.36821917808219,6.46027397260275,13.3535342465754,2.3789589041096,18.8324383561644
"100294",20.5328219178082,17.142904109589,3.47572602739727,6.74038356164384,15.422794520548,2.93030136986302,18.3491506849315
"100295",21.7292054794521,16.9742465753425,4.81315068493153,7.96832876712331,14.7471780821918,3.87616438356166,18.504
"100296",21.9550684931507,17.5808219178082,4.74410958904112,8.10641095890414,15.2689315068493,4.08723287671236,18.2633424657534
"100297",22.658301369863,17.2701369863014,5.55879452054795,8.83627397260275,14.587397260274,4.60701369863015,18.8935890410959
"100298",23.4473424657534,17.6942465753425,6.42476712328769,9.64504109589041,14.9099178082192,5.34180821917808,19.3561643835616
"100299",23.2283835616438,18.100602739726,6.20087671232876,9.43002739726026,15.602301369863,5.25797260273973,19.1056438356164
"100300",22.8851506849315,18.7022465753425,6.18805479452055,9.19726027397262,16.9347945205479,5.2293698630137,19.0129315068493
"100301",22.492602739726,18.8817534246575,5.1149589041096,8.59956164383564,16.776,4.73621917808221,18.9853150684932
"100302",22.3426849315069,19.1164931506849,4.51923287671232,8.31550684931508,16.7947397260274,4.52219178082191,19.1214246575342
"100303",22.8299178082192,18.7752328767123,5.21457534246575,8.85994520547945,16.2522739726027,4.89797260273973,19.4695890410959
"100304",22.132602739726,18.5907945205479,4.73720547945207,8.2346301369863,16.5008219178082,4.38509589041097,19.389698630137
"100305",21.787397260274,18.0207123287671,4.35353424657534,7.87561643835615,15.7916712328767,3.97775342465754,19.5208767123288
"100306",21.4145753424658,17.323397260274,4.18487671232879,7.56295890410959,15.126904109589,3.60197260273974,19.8138082191781
"100307",19.7358904109589,17.0146849315068,2.30695890410959,5.8349589041096,15.2768219178082,2.15605479452056,19.8364931506849
"100308",19.2851506849315,16.5195616438356,1.67967123287671,5.32898630136987,14.6031780821918,1.6372602739726,20.1925479452055
"100309",17.3352328767123,12.477698630137,0.227835616438355,3.51517808219178,10.0346301369863,0.602630136986321,17.5689863013699
"100310",18.9517808219178,13.3860821917808,2.20142465753425,5.23528767123288,10.9301917808219,0.977424657534243,18.1883835616438
"100311",17.1882739726027,10.7644931506849,0.451726027397257,3.46882191780823,7.92098630136987,0.968547945205486,17.7780821917808
"100312",12.7676712328767,8.02356164383562,5.02027397260275,1.26147945205479,5.02915068493149,5.37139726027397,15.7601095890411
"100313",12.6128219178082,8.64690410958907,5.36252054794519,1.46761643835616,5.84778082191782,5.41873972602738,16.1092602739726
"100314",15.1860821917808,10.2101917808219,1.69446575342467,1.43408219178082,7.91112328767123,2.70345205479452,17.7415890410959
"100315",18.9212054794521,12.6522739726028,2.37402739726029,5.26093150684933,10.0494246575342,0.861041095890428,19.2979726027397
"100316",20.454904109589,14.6781369863014,3.78345205479454,6.76010958904109,12.1946301369863,2.46082191780822,19.2614794520548
"100317",20.9638356164384,15.336,4.25983561643837,7.26115068493151,12.8919452054795,2.99145205479452,18.7683287671233
"100318",21.0101917808219,16.7395068493151,3.91561643835617,7.19802739726028,14.5795068493151,3.20350684931506,17.8747397260274
"100319",21.0585205479452,17.4289315068493,3.74794520547945,7.18619178082191,15.3744657534246,3.31989041095891,17.6123835616438
"100320",21.9018082191781,17.553205479452,4.84767123287669,8.10246575342467,15.3912328767123,4.09216438356165,18.0996164383562
"100321",22.2055890410959,17.740602739726,5.36153424657535,8.4693698630137,15.7117808219178,4.44032876712329,18.2761643835616
"100322",22.4916164383562,17.2987397260274,5.66038356164384,8.75342465753425,14.9424657534247,4.57150684931507,18.6539178082192
"100323",22.5892602739726,17.8412054794521,5.40394520547946,8.74553424657535,15.379397260274,4.64942465753424,18.9705205479452
"100324",21.7617534246575,18.7209863013698,4.09610958904109,7.78487671232874,16.6250958904109,4.03397260273972,18.4152328767123
"100325",22.4067945205479,18.9231780821918,5.0163287671233,8.51079452054795,16.8647671232877,4.67408219178083,18.8127123287671
"100326",21.8100821917808,18.6568767123288,4.4344109589041,7.92197260273971,16.7651506849315,4.15430136986302,18.7880547945205
"100327",22.0970958904109,17.934904109589,4.67802739726027,8.18630136986299,15.5362191780822,4.20657534246574,19.1411506849315
"100328",21.8958904109589,17.5482739726028,4.51134246575343,7.99397260273973,15.0943561643836,3.97676712328769,19.3739178082192
"100329",20.4164383561644,16.9604383561644,3.03583561643836,6.52438356164382,14.9247123287671,2.69260273972603,19.505095890411
"100330",19.2447123287671,16.6004383561644,1.69052054794518,5.30531506849313,14.7866301369863,1.64021917808219,19.2713424657534
"100331",19.5504657534247,16.4465753424658,2.03276712328768,5.61797260273974,14.4522739726027,1.85720547945208,20.1254794520548
"100332",17.9733698630137,12.5832328767123,1.63134246575341,4.38410958904109,10.5701917808219,0.172602739726017,17.7514520547945
"100333",19.0553424657534,12.4737534246575,2.52295890410957,5.3970410958904,9.73972602739725,0.932054794520525,18.3333698630137
"100334",14.7521095890411,7.41304109589042,3.19561643835617,0.65194520547945,3.07430136986302,4.00438356164382,17.1557260273973
"100335",14.3615342465754,10.0780273972603,2.62553424657533,0.582904109589052,8.00580821917809,3.41161643835613,15.2117260273973
"100336",12.5191232876712,9.77917808219178,3.99945205479453,1.10268493150684,8.83923287671234,4.76284931506849,14.3595616438356
"100337",10.0543561643836,4.36438356164385,7.14871232876712,3.80219178082191,1.44887671232877,8.09654794520546,15.5569315068493
"100338",11.3898082191781,5.73238356164386,6.05687671232874,2.54169863013698,2.61665753424658,6.83506849315066,16.9476164383562
"100339",16.3459726027397,10.8325479452055,0.658849315068508,2.55156164383561,8.17643835616438,1.70136986301371,18.3284383561644
"100340",19.302904109589,13.176,2.40460273972603,5.5361095890411,10.3285479452055,1.15791780821918,18.7367671232877
"100341",20.3345753424657,15.3715068493151,3.12164383561642,6.47999999999999,12.7854246575342,2.33753424657532,18.1203287671233
"100342",20.2832876712329,16.2946849315068,3.08515068493149,6.44252054794518,14.1721643835616,2.50421917808218,17.4131506849315
"100343",21.139397260274,17.0077808219178,4.29632876712328,7.40613698630138,15.1338082191781,3.44613698630137,17.4545753424658
"100344",21.9037808219178,17.3628493150685,4.88810958904111,8.11430136986301,15.1476164383562,4.06454794520549,17.9595616438356
"100345",22.1651506849315,16.9515616438356,5.22147945205478,8.39243835616439,14.4867945205479,4.20361643835618,18.2722191780822
"100346",22.3564931506849,17.2129315068493,5.18893150684931,8.51473972602739,14.5824657534247,4.33578082191781,18.5207671232877
"100347",21.9609863013699,17.6271780821918,4.49950684931507,8.03539726027397,15.1121095890411,4.01917808219177,18.3156164383562
"100348",21.8909589041096,17.7356712328767,4.49654794520548,7.98805479452055,15.3626301369863,4.01030136986301,18.4073424657534
"100349",22.2085479452055,17.9102465753424,4.94235616438354,8.34410958904108,15.5845479452055,4.33873972602738,18.705205479452
"100350",22.0842739726027,18.1459726027397,4.60701369863015,8.15769863013699,15.8005479452055,4.22334246575343,18.7781917808219
"100351",21.7864109589041,17.5571506849315,4.49950684931508,7.91605479452055,15.2452602739726,3.9254794520548,18.8718904109589
"100352",20.4825205479452,17.258301369863,3.19956164383561,6.62202739726025,15.4158904109589,2.84153424657534,18.8018630136986
"100353",19.2259726027397,17.0955616438356,1.65501369863014,5.28558904109589,15.5066301369863,1.72799999999999,18.5414794520548
"100354",19.0957808219178,16.2631232876712,1.30290410958905,5.08142465753426,14.1514520547945,1.3709589041096,19.1342465753425
"100355",20.109698630137,15.4188493150685,2.61369863013699,6.17030136986303,12.7075068493151,2.07813698630137,20.3710684931507
"100356",19.7260273972603,15.5184657534246,2.39178082191781,5.84186301369863,13.1740273972603,1.85424657534246,20.6314520547945
"100357",11.2053698630137,5.38915068493154,6.28273972602736,2.74093150684931,2.16295890410962,7.06783561643834,14.0942465753425
"100358",11.1235068493151,6.80153424657536,5.23331506849311,2.4608219178082,5.26980821917809,6.44942465753422,13.5478356164384
"100359",8.53742465753423,5.24613698630135,7.95156164383565,5.07945205479453,4.07441095890408,8.85501369863016,12.6453698630137
"100360",7.28580821917805,3.84460273972603,10.8907397260274,6.85183561643836,1.11057534246575,10.699397260274,13.485698630137
"100361",15.0154520547946,8.24153424657536,3.25972602739725,0.818630136986314,3.87517808219181,3.72723287671232,16.6882191780822
"100362",18.8945753424658,13.8230136986301,1.11156164383561,4.86443835616437,10.6806575342466,0.685479452054793,17.2918356164384
"100363",19.4695890410959,15.4464657534247,2.13336986301368,5.58641095890411,13.1858630136986,1.63726027397259,16.8243287671233
"100364",21.5161643835616,15.8025205479452,4.47090410958904,7.70794520547945,13.0162191780822,3.41161643835616,17.5107945205479
"100365",21.9876164383562,17.7139726027397,4.71846575342467,8.12219178082192,15.3971506849315,4.1227397260274,17.4604931506849
"100366",21.9560547945205,17.1991232876712,4.62969863013697,8.06893150684931,14.6071232876712,3.96690410958904,17.6153424657534
"100367",21.7351232876712,17.0817534246575,4.32591780821919,7.82334246575343,14.465095890411,3.74104109589042,17.7208767123288
"100368",22.0921643835616,16.898301369863,4.71057534246575,8.18432876712328,14.0557808219178,3.98958904109588,17.9033424657534
"100369",21.5092602739726,17.070904109589,3.9649315068493,7.55802739726028,14.4355068493151,3.51715068493151,17.6912876712329
"100370",22.0753972602739,17.2632328767123,4.56065753424656,8.1300821917808,14.4798904109589,4.01227397260273,18.2426301369863
"100371",22.197698630137,17.5758904109589,4.77863013698631,8.28295890410959,14.9661369863014,4.20756164383562,18.4418630136987
"100372",21.8396712328767,17.2060273972603,4.58630136986301,7.97621917808218,14.7363287671233,3.90180821917808,18.5286575342466
"100373",21.0693698630137,17.2277260273973,3.84558904109586,7.22169863013697,15.1515616438356,3.31298630136985,18.5148493150685
"100374",20.4598356164383,17.0985205479452,3.08515068493149,6.56975342465753,15.1111232876712,2.75868493150683,18.6184109589041
"100375",20.5555068493151,16.4840547945206,3.09501369863014,6.63287671232878,14.0912876712329,2.67090410958906,19.1529863013699
"100376",21.3642739726027,15.5648219178082,4.01030136986301,7.45939726027399,12.4648767123288,3.13841095890412,20.2684931506849
"100377",20.678794520548,15.7433424657534,3.31890410958906,6.77983561643838,13.038904109589,2.63934246575342,20.2527123287671
"100378",12.0900821917808,6.39320547945206,4.42652054794522,1.55539726027396,4.08230136986302,5.83495890410958,12.5230684931507
"100379",11.1807123287671,7.00076712328769,5.1435616438356,2.39276712328765,5.56471232876714,6.35079452054796,11.0761643835616
"100380",13.9078356164384,11.1077260273973,1.95287671232879,0.489205479452039,10.721095890411,3.16898630136987,11.635397260274
"100381",16.7010410958904,11.7241643835616,0.0167671232876643,2.99934246575341,9.5710684931507,1.13424657534247,13.219397260274
"100382",18.1459726027397,12.7538630136986,0.196273972602754,4.06158904109589,9.3146301369863,0.187397260273983,15.8843835616438
"100383",18.2850410958904,13.7727123287671,0.660821917808221,4.30816438356165,11.0307945205479,0.250520547945229,15.6427397260274
"100384",20.5841095890411,15.1209863013699,3.11473972602738,6.64668493150684,12.0752876712329,2.39375342465753,16.5915616438356
"100385",21.3652602739726,16.488,3.97479452054795,7.45742465753425,13.7845479452055,3.32876712328768,16.5412602739726
"100386",21.0841643835617,17.0610410958904,3.48164383561645,7.11813698630138,14.5666849315069,3.16306849315069,16.2266301369863
"100387",20.9677808219178,16.9071780821918,3.37709589041093,7.00471232876711,14.4049315068493,3.04273972602738,16.4396712328767
"100388",21.4698082191781,16.4899726027397,3.99846575342464,7.53632876712327,13.6661917808219,3.38399999999999,16.92
"100389",21.0555616438356,16.948602739726,3.4934794520548,7.10136986301372,14.4493150684932,3.12953424657536,16.7266849315069
"100390",20.8247671232877,17.3825753424658,3.2054794520548,6.85873972602741,15.141698630137,3.02498630136988,16.6980821917808
"100391",21.1117808219178,17.5670136986301,3.63452054794521,7.1891506849315,15.4030684931507,3.33665753424658,17.0215890410959
"100392",21.1867397260274,17.3224109589041,3.69369863013699,7.2562191780822,14.9986849315068,3.33665753424658,17.4387945205479
"100393",21.3563835616438,17.0778082191781,3.88602739726028,7.42882191780821,14.5804931506849,3.42345205479452,17.9792876712329
"100394",21.5132054794521,16.653698630137,3.93041095890412,7.54619178082191,13.7884931506849,3.41654794520548,18.4803287671233
"100395",21.0979726027397,16.8973150684931,3.52701369863013,7.14082191780822,14.3467397260274,3.1492602739726,18.6657534246575
"100396",21.5704109589041,16.2443835616438,4.23024657534246,7.6744109589041,13.3772054794521,3.45304109589041,19.3344657534247
"100397",20.4795616438356,16.740493150685,3.02104109589042,6.56087671232876,14.5045479452055,2.66893150684933,18.9409315068493
"100398",20.0732054794521,16.5373150684932,2.60975342465753,6.15452054794522,14.3911232876712,2.30498630136987,19.1934246575343
"100399",20.0524931506849,16.2996164383562,2.76657534246577,6.1870684931507,14.2096438356165,2.29512328767126,19.4064657534247
"100400",17.4595068493151,13.3910136986301,0.951780821917794,3.82980821917808,11.8435068493151,0.108493150684922,11.5949589041096
"100401",14.6051506849315,11.2596164383562,2.04657534246573,0.937972602739706,9.92021917808219,2.85336986301368,10.2486575342466
"100402",15.2048219178082,11.4973150684931,2.68175342465756,1.15397260273971,8.8954520547945,2.7419178082192,12.0358356164383
"100403",18.7929863013699,13.7174794520548,1.09676712328766,4.78947945205481,10.6490958904109,0.611506849315063,15.2482191780822
"100404",19.6727671232877,14.4828493150685,2.27046575342465,5.75901369863014,11.6235616438356,1.56427397260273,15.746301369863
"100405",20.3454246575343,15.4425205479452,2.84054794520547,6.40208219178082,12.6246575342466,2.26553424657533,15.6545753424657
"100406",20.9332602739726,16.509698630137,3.47178082191782,7.0076712328767,13.9541917808219,2.97172602739725,15.6101917808219
"100407",21.772602739726,16.5826849315068,4.40186301369864,7.86772602739727,13.752,3.67397260273972,16.2305753424658
"100408",21.2863561643836,16.7572602739726,3.65424657534247,7.30652054794521,14.0015342465753,3.24493150684931,16.1043287671233
"100409",20.5042191780822,16.7720547945205,2.97665753424658,6.56383561643835,14.4769315068493,2.67189041095889,15.7739178082192
"100410",20.5604383561644,17.0176438356165,2.99934246575343,6.61117808219178,14.7826849315069,2.757698630137,16.0540273972603
"100411",20.4470136986301,18.0305753424658,2.58805479452054,6.41589041095892,16.0530410958904,2.79123287671233,16.027397260274
"100412",21.1315068493151,17.4072328767123,3.52405479452057,7.16646575342467,15.0460273972603,3.27353424657534,16.7030136986301
"100413",21.2281643835616,17.2750684931507,3.54082191780823,7.2374794520548,14.7373150684932,3.29424657534247,16.9012602739726
"100414",21.6157808219178,17.2928219178082,3.90476712328768,7.61424657534246,14.5617534246575,3.59408219178083,17.4368219178082
"100415",21.4984109589041,16.998904109589,3.77161643835618,7.48997260273971,14.1721643835617,3.43232876712327,17.8648767123288
"100416",20.886904109589,16.8302465753424,3.08317808219176,6.85873972602739,14.140602739726,2.89183561643836,17.9842191780822
"100417",19.9854246575342,16.9032328767123,2.0288219178082,5.91879452054793,14.5301917808219,2.15210958904107,17.8934794520548
"100418",19.4735342465754,16.8884383561644,1.63134246575345,5.44635616438357,14.846794520548,1.78619178082192,17.9477260273973
"100419",19.8818630136986,16.4840547945205,2.47956164383562,5.98389041095891,14.4552328767123,2.16394520547944,18.6016438356164
"100420",12.4145753424658,10.3749041095891,5.03210958904108,1.48635616438355,8.93786301369863,5.02323287671234,8.06005479452057
"100421",13.7322739726027,10.2821917808219,4.65238356164383,0.469479452054799,7.35879452054796,4.32295890410958,10.3689863013699
"100422",18.4487671232877,12.5536438356164,0.869917808219171,4.47484931506848,9.21106849315068,0.128219178082176,14.5104657534246
"100423",19.1401643835617,13.7648219178082,1.48832876712328,5.14750684931506,10.5978082191781,0.908383561643817,14.954301369863
"100424",20.0347397260274,15.5756712328767,2.57424657534247,6.10915068493151,13.0043835616438,2.06630136986301,14.9454246575343
"100425",20.5476164383562,16.646794520548,2.92931506849314,6.57764383561644,14.1948493150685,2.64821917808219,15.0687123287671
"100426",20.9480547945205,16.8184109589041,3.37906849315068,6.99189041095889,14.3033424657534,3.01512328767122,15.3626301369863
"100427",21.3997808219178,16.5136438356164,3.96493150684931,7.47813698630138,13.7667945205479,3.34652054794522,15.8804383561644
"100428",21.6374794520548,16.0727671232877,4.20558904109592,7.7118904109589,13.0132602739726,3.43824657534248,16.2059178082192
"100429",20.3838904109589,17.4378082191781,2.65709589041096,6.38926027397261,15.3320547945205,2.65610958904109,15.3912328767123
"100430",20.9026849315069,17.0462465753425,3.39780821917807,6.96821917808219,14.7146301369863,3.05063013698629,15.7758904109589
"100431",21.117698630137,17.1350136986301,3.39879452054795,7.11616438356164,14.5548493150685,3.16701369863013,15.9869589041096
"100432",21.3228493150685,17.5581369863013,3.45205479452055,7.27693150684931,14.9444383561644,3.36920547945205,16.4278356164383
"100433",20.908602739726,17.4506301369863,3.14630136986301,6.8981917808219,15.076602739726,3.05753424657532,16.6665205479452
"100434",20.5831232876712,17.042301369863,2.85238356164385,6.58158904109588,14.6574246575342,2.72416438356164,16.9959452054795
"100435",20.5407123287671,16.9111232876712,2.84547945205479,6.55002739726027,14.5144109589041,2.67484931506849,17.5078356164384
"100436",20.7330410958904,16.8006575342466,3.12657534246574,6.76701369863014,14.3437808219178,2.83068493150684,17.9792876712329
"100437",13.9699726027397,9.33731506849315,3.32284931506848,0.0936986301369984,6.83309589041096,3.98071232876711,8.8727671232877
"100438",14.4039452054794,10.3906849315068,3.18378082191779,0.442849315068486,7.91210958904108,3.51024657534248,10.1914520547945
"100439",17.1113424657534,12.7084931506849,1.04054794520547,2.97369863013699,9.54936986301369,1.07408219178083,12.4135890410959
"100440",19.145095890411,14.6268493150685,1.55342465753426,5.17808219178083,11.9115616438356,1.12043835616439,14.0981917808219
"100441",19.0336438356164,15.2255342465754,1.59583561643836,5.12087671232877,12.974794520548,1.21413698630137,14.2027397260274
"100442",19.8917260273973,16.171397260274,2.45983561643837,5.9809315068493,13.9670136986301,2.09293150684931,14.6219178082192
"100443",21.3031232876712,15.9613150684931,4.08032876712328,7.4426301369863,13.1898082191781,3.22126027397259,15.6032876712329
"100444",20.9046575342466,16.6172054794521,3.41654794520548,6.97216438356165,14.1001643835616,2.96383561643835,15.2649863013699
"100445",20.8987397260274,16.7414794520548,3.18969863013696,6.89917808219178,14.0893150684931,2.91353424657534,15.083506849315
"100446",20.8474520547945,17.229698630137,3.11671232876714,6.84591780821918,14.8083287671233,2.97271232876713,15.0272876712329
"100447",21.3366575342466,16.8105205479452,3.59506849315068,7.32427397260273,13.9581369863014,3.25972602739725,15.6565479452055
"100448",20.9549589041096,17.2277260273973,3.04471232876712,6.89720547945204,14.5962739726027,2.99638356164384,15.768
"100449",20.3621917808219,17.4249863013699,2.42432876712327,6.30246575342466,15.1357808219178,2.56635616438356,15.8261917808219
"100450",19.3295342465753,17.4249863013699,1.40646575342465,5.28361643835616,15.6279452054794,1.76350684931506,15.7305205479452
"100451",19.2269589041096,17.0275068493151,1.48339726027396,5.23331506849316,15.2531506849315,1.65600000000001,16.2394520547945
"100452",19.8453698630137,16.9929863013699,2.28920547945205,5.90400000000001,15.0815342465753,2.1945205479452,16.9032328767123
"100453",20.742904109589,17.1162739726027,3.35046575342467,6.84493150684931,14.9907945205479,2.97764383561645,17.3756712328767
"100454",17.3312876712329,12.8712328767123,0.28306849315068,3.35835616438355,10.1618630136986,0.688438356164411,12.3346849315069
"100455",18.6953424657534,12.765698630137,0.785095890410972,4.61884931506853,9.11342465753425,0.257424657534273,12.5605479452055
"100456",20.1876164383562,13.5941917808219,2.61764383561643,6.20975342465751,9.93599999999998,1.71813698630135,12.8436164383562
"100457",19.518904109589,13.1513424657534,2.08306849315066,5.58443835616436,9.71605479452053,1.1431232876712,12.2133698630137
"100458",15.3478356164384,12.3189041095891,2.47758904109588,1.32164383561644,10.0859178082192,2.43024657534247,9.06904109589043
"100459",15.5766575342465,11.4953424657534,1.67473972602741,1.71813698630135,9.28405479452051,2.2408767123288,8.58180821917806
"100460",16.4889863013699,13.4107397260274,1.45775342465751,2.42531506849318,11.0475616438356,1.34038356164385,8.84317808219178
"100461",17.2898630136986,12.1541917808219,1.35123287671234,2.9944109589041,8.2237808219178,1.21709589041097,10.9420273972603
"100462",17.121205479452,12.5368767123288,1.11747945205481,2.95495890410959,9.21797260273972,1.13227397260276,12.6759452054794
"100463",18.4813150684932,15.545095890411,1.06027397260276,4.58038356164386,13.7135342465754,0.857095890410974,13.4975342465754
"100464",19.7674520547945,15.9810410958904,2.47364383561646,5.89906849315071,13.867397260274,2.00021917808219,14.1208767123288
"100465",20.2872328767123,16.7740273972603,2.76361643835617,6.34980821917809,14.5854246575343,2.50323287671235,14.3694246575342
"100466",20.4095342465754,17.3194520547945,2.55550684931508,6.37446575342466,15.0351780821918,2.60876712328768,14.2283835616438
"100467",21.2143561643836,17.1221917808219,3.43824657534248,7.19408219178084,14.4414246575343,3.22126027397262,14.8172054794521
"100468",21.6384657534247,16.6655342465754,4.12175342465754,7.6911780821918,13.8062465753425,3.53884931506849,15.4484383561644
"100469",20.5781917808219,16.9712876712329,2.72219178082192,6.53819178082192,14.4443835616438,2.66400000000002,15.0134794520548
"100470",20.3138630136987,17.2277260273973,2.46871232876714,6.28076712328766,14.9533150684932,2.51704109589042,15.3271232876712
"100471",19.7122191780822,16.926904109589,1.95189041095891,5.70871232876713,14.8655342465754,2.0081095890411,15.6861369863014
"100472",16.8943561643836,10.9883835616439,1.59484931506847,2.63934246575346,6.83309589041099,1.72997260273971,11.3483835616439
"100473",18.187397260274,12.4974246575343,0.490191780821931,4.17797260273974,9.14597260273973,0.12821917808219,11.3681095890411
"100474",17.6972054794521,12.8367123287671,0.059178082191778,3.71342465753426,9.92120547945207,0.417205479452065,10.7141917808219
"100475",16.0727671232877,12.7499178082192,2.06531506849319,1.94794520547944,10.1046575342466,1.87298630136985,9.09863013698629
"100476",16.6497534246575,13.0842739726027,1.3019178082192,2.58016438356162,10.4922739726027,1.28712328767125,8.1705205479452
"100477",18.1094794520548,15.1880547945205,0.15090410958905,4.04383561643834,12.888,0.31068493150687,8.3598904109589
"100478",18.3027945205479,14.7945205479452,0.460602739726028,4.26772602739726,12.3258082191781,0.414246575342474,9.14202739726026
"100479",17.3707397260274,13.6760547945206,0.262356164383533,3.39879452054797,11.3049863013699,0.488219178082204,9.76043835616439
"100480",18.3333698630137,15.2373698630137,0.609534246575336,4.33775342465752,13.0655342465753,0.574027397260267,12.4550136986301
"100481",18.021698630137,17.1912328767123,0.308712328767129,4.04876712328767,16.0786849315068,0.759452054794508,12.1857534246575
"100482",18.6312328767123,17.3658082191781,0.792986301369851,4.61589041095888,15.940602739726,1.23287671232875,12.6009863013698
"100483",19.2950136986301,17.2849315068493,1.39956164383561,5.256,15.4622465753425,1.7151780821918,13.1148493150685
"100484",20.5663561643836,16.5856438356164,3.16208219178083,6.66246575342467,14.284602739726,2.72021917808219,14.1159452054794
"100485",20.2586301369863,16.6201643835616,2.67386301369864,6.30147945205479,14.3181369863014,2.42728767123289,14.1652602739726
"100486",19.9094794520548,16.9338082191781,2.08602739726027,5.88427397260273,14.7274520547945,2.14323287671233,14.2313424657534
"100487",20.1797260273972,17.0334246575342,2.51112328767121,6.20087671232876,14.8842739726027,2.42827397260274,14.9996712328767
"100488",19.7378630136986,16.7375342465754,2.20832876712329,5.80339726027397,14.7807123287671,2.06334246575345,15.3872876712329
"100489",20.2083287671233,16.3262465753425,2.91254794520546,6.33797260273973,14.1672328767123,2.41939726027397,16.2207123287671
"100490",16.9160547945206,14.2017534246576,0.744657534246556,2.94312328767126,12.261698630137,0.739726027397239,10.5208767123288
"100491",18.1351232876712,13.4067945205479,0.844273972602736,4.25983561643834,10.8601643835616,0.164712328767081,11.210301369863
"100492",17.8224657534247,13.2006575342466,0.565150684931524,3.95802739726031,10.7339178082192,0.114410958904102,10.2486575342466
"100493",17.6991780821918,12.9511232876713,0.453698630136984,3.55758904109592,9.63123287671235,0.562191780821905,8.85698630136989
"100494",18.9014794520548,14.3921095890411,0.904438356164405,4.81019178082192,11.3217534246575,0.743671232876721,8.65775342465751
"100495",17.8796712328767,15.8153424657534,0.310684931506842,3.74893150684929,13.708602739726,0.19035616438353,8.10641095890409
"100496",18.510904109589,15.0391232876712,0.758465753424673,4.50345205479452,12.6670684931507,0.659835616438386,9.72098630136988
"100497",19.0139178082192,15.7887123287671,0.928109589041085,4.90586301369862,13.2351780821918,1.10663013698631,11.8602739726027
"100498",18.9971506849315,16.7424657534247,1.10169863013698,4.95616438356163,14.8073424657534,1.36405479452054,12.161095890411
"100499",19.1007123287671,16.9959452054794,1.5544109589041,5.16821917808217,15.4395616438356,1.61556164383562,12.484602739726
"100500",19.4814246575342,16.4850410958904,1.86608219178082,5.52032876712327,14.4542465753425,1.78027397260274,12.9757808219178
"100501",20.0771506849315,16.5205479452055,2.75868493150683,6.20284931506849,14.4927123287671,2.3513424657534,13.6730958904109
"100502",19.6688219178082,16.8371506849315,2.0643287671233,5.71265753424659,14.8921643835617,2.00712328767123,13.4955616438356
"100503",19.6037260273972,17.1922191780822,1.88580821917807,5.616,15.3409315068493,1.99528767123287,13.6444931506849
"100504",20.2793424657534,17.2208219178082,2.6482191780822,6.31331506849314,15.1466301369863,2.55945205479451,14.9030136986301
"100505",20.3109041095891,16.7138630136986,2.8533698630137,6.39320547945206,14.5449863013699,2.53084931506851,15.4208219178082
"100506",19.9627397260274,16.5964931506849,2.47857534246573,6.03912328767122,14.5114520547945,2.22410958904108,15.6841643835616
"100507",21.1670136986301,18.6558904109589,3.40273972602738,7.1644931506849,16.7187945205479,3.52109589041095,14.6495342465753
"100508",18.3244931506849,13.2933698630137,1.02871232876713,4.44427397260273,10.6027397260274,0.286027397260256,11.9214246575342
"100509",17.9654794520548,13.169095890411,0.596712328767126,4.06553424657535,10.5208767123288,0.0463561643835817,11.2635616438356
"100510",17.7899178082192,12.4145753424658,0.44975342465753,3.61578082191781,8.72778082191782,0.637150684931498,9.7308493150685
"100511",18.5602191780822,14.2648767123288,0.859068493150687,4.56164383561645,11.5545205479452,0.547397260273982,8.74356164383563
"100512",18.0433972602739,14.8122739726027,0.3757808219178,4.06454794520548,12.6266301369863,0.273205479452031,8.04032876712326
"100513",17.2681643835617,14.1415890410959,1.16482191780818,3.0545753424658,11.3266849315069,0.732821917808195,8.20997260273977
"100514",20.1609863013699,15.163397260274,2.09884931506851,6.04504109589041,11.8089863013699,1.87594520547945,11.4706849315069
"100515",18.446794520548,14.7836712328767,0.0108493150684978,4.22038356164383,11.6975342465753,0.320547945205504,11.1846575342466
"100516",19.4528219178082,15.9139726027397,1.64909589041093,5.42958904109587,13.4649863013698,1.57117808219176,12.4865753424657
"100517",19.8986301369863,15.9662465753425,2.6452602739726,6.04109589041096,13.8230136986301,2.11364383561643,13.3831232876712
"100518",19.9144109589041,16.2946849315069,2.67879452054794,6.06476712328767,14.3112328767123,2.20241095890412,13.4787945205479
"100519",19.2604931506849,17.1251506849315,1.62246575342466,5.29939726027396,15.473095890411,1.73884931506849,12.8653150684931
"100520",18.8630136986301,17.956602739726,1.17961643835616,4.89895890410959,16.8341917808219,1.59386301369864,12.7814794520548
"100521",19.4429589041096,18.1242739726027,1.7309589041096,5.46608219178081,16.7868493150685,2.07419178082192,13.8683835616439
"100522",20.2675068493151,17.0630136986301,2.71627397260274,6.3251506849315,14.9927671232877,2.54169863013698,14.6939178082192
"100523",20.0781369863014,16.8874520547945,2.4184109589041,6.10224657534246,14.7274520547945,2.31978082191782,14.8211506849315
"100524",19.4015342465754,12.3090410958904,2.28624657534246,5.55978082191781,8.82049315068492,0.974465753424681,13.0931506849315
"100525",17.0570958904109,11.9727123287671,0.40142465753425,3.12657534246574,9.11342465753422,1.04646575342466,11.2408767123288
"100526",15.4661917808219,12.5575890410959,2.65709589041091,1.34926027397262,10.1164931506849,2.38487671232875,8.76821917808221
"100527",16.3883835616438,12.4875616438356,1.51890410958904,2.33063013698631,9.77917808219176,1.60668493150683,8.25435616438357
"100528",16.1358904109589,13.4324383561644,1.55243835616437,2.15506849315068,11.4736438356164,1.52580821917809,7.62608219178082
"100529",16.4939178082192,14.0025205479452,1.05534246575343,2.55747945205479,12.2656438356164,1.07605479452056,7.61720547945202
"100530",18.2002191780822,14.8990684931507,0.655890410958904,4.25884931506852,12.7903561643836,0.455671232876711,9.22586301369863
"100531",18.0069041095891,15.4671780821918,0.370849315068511,4.0438356164384,13.6287123287672,0.397479452054824,9.63024657534248
"100532",16.1556164383562,13.4225753424657,1.91835616438357,2.0554520547945,11.1067397260274,1.64021917808222,9.55627397260274
"100533",18.5967123287671,14.2796712328767,0.8186301369863,4.57446575342466,11.491397260274,0.554301369863026,12.6147945205479
"100534",19.1381917808219,16.171397260274,2.044602739726,5.33786301369864,14.616,1.61654794520545,13.0980821917808
"100535",18.8245479452055,17.0768219178082,1.5415890410959,4.97687671232879,15.918904109589,1.50509589041098,12.4550136986301
"100536",18.9872876712329,17.2967671232877,1.35419178082192,5.03210958904108,15.8567671232877,1.56427397260273,12.5368767123288
"100537",19.9775342465754,17.3391780821918,2.25665753424659,5.9868493150685,15.3813698630137,2.31879452054795,13.464
"100538",20.4923835616438,17.0097534246575,2.86915068493153,6.52536986301369,14.7461917808219,2.68273972602739,14.1376438356164
"100539",20.1925479452055,17.0935890410959,2.35824657534245,6.16339726027397,14.8211506849315,2.39671232876712,14.0340821917808
"100540",19.5761095890411,17.5048767123288,1.13720547945208,5.36942465753427,15.1732602739726,1.80295890410962,13.3722739726028
"100541",20.8139178082192,18.0276164383562,2.67090410958905,6.69205479452056,15.6269589041096,2.98356164383561,13.2174246575343
"100542",19.389698630137,13.7579178082192,2.00021917808218,5.47594520547945,10.7043287671233,1.18947945205478,12.434301369863
"100543",18.9182465753425,13.4383561643835,1.60372602739724,5.02915068493151,10.5228493150685,0.776219178082187,12.4530410958904
"100544",17.8984109589041,13.3880547945206,0.586849315068491,4.01819178082194,10.9242739726027,0.0315616438356017,11.8030684931507
"100545",16.9042191780822,13.3831232876712,0.611506849315106,2.96876712328763,11.1974794520548,0.878794520547956,10.5721643835616
"100546",15.6733150684932,12.1315068493151,2.01895890410958,1.68361643835618,9.77917808219179,2.17282191780822,9.0779178082192
"100547",12.1571506849315,8.84810958904109,6.12295890410959,2.0110684931507,6.08449315068492,5.83298630136989,6.68613698630134
"100548",12.5940821917808,10.5425753424657,5.17315068493153,1.40547945205483,8.81457534246576,4.95221917808223,6.00460273972601
"100549",14.4749589041096,13.2854794520548,2.44405479452058,0.743671232876693,12.7084931506849,2.60284931506854,6.62005479452051
"100550",16.9150684931507,14.3270136986301,0.686465753424642,2.9618630136986,12.4974246575343,0.693369863013714,8.03835616438356
"100551",18.0996164383562,14.6051506849315,0.829479452054812,4.24010958904108,12.6493150684932,0.40438356164384,9.25939726027396
"100552",19.4439452054795,14.0567671232877,2.08306849315069,5.54104109589042,11.1412602739726,1.30586301369864,11.6275068493151
"100553",19.8956712328767,15.3379726027397,2.7784109589041,6.0746301369863,13.0241095890411,2.0189589041096,13.2203835616438
"100554",18.6775890410959,16.4248767123288,1.48931506849317,4.85457534246576,15.1160547945206,1.27923287671234,12.2863561643836
"100555",18.7426849315069,17.0275068493151,1.11452054794522,4.78849315068494,15.5796164383562,1.31572602739726,12.24
"100556",19.9607671232877,17.085698630137,2.30005479452056,5.9868493150685,15.0706849315068,2.27046575342466,13.0162191780822
"100557",19.9124383561644,17.5443287671233,1.92032876712329,5.84087671232876,15.4721095890411,2.22312328767126,13.0684931506849
"100558",20.088,17.3460821917808,2.35528767123286,6.09336986301368,15.3281095890411,2.40263013698628,13.5941917808219
"100559",19.8581917808219,17.0077808219178,1.70630136986301,5.73336986301371,14.5696438356164,2.01008219178082,12.8741917808219
"100560",19.7881643835617,16.8371506849315,1.79704109589042,5.71167123287671,14.4946849315069,1.97161643835616,12.9491506849315
"100561",19.9558356164384,14.2954520547945,2.59200000000001,6.04997260273973,11.2507397260274,1.7575890410959,12.4362739726027
"100562",18.9616438356164,14.493698630137,1.52087671232877,5.04197260273973,11.9342465753425,0.998136986301375,11.6413150684932
"100563",18.8176438356165,14.4542465753425,1.35320547945209,4.8910684931507,11.923397260274,0.867945205479444,11.886904109589
"100564",17.6252054794521,13.5932054794521,0.10849315068495,3.6858082191781,11.1688767123288,0.269260273972577,11.1905753424658
"100565",15.558904109589,12.6374794520548,1.94597260273974,1.63232876712328,10.7398356164383,2.08997260273972,9.91035616438354
"100566",12.8386849315069,9.58389041095893,4.83090410958903,1.14115068493146,7.38542465753426,4.93742465753425,8.43682191780823
"100567",8.51178082191782,6.99484931506851,10.2230136986301,5.78071232876709,4.65830136986304,9.23868493150684,5.12580821917808
"100568",10.2881095890411,10.2230136986301,7.37950684931508,3.66410958904109,9.50597260273969,6.79265753424656,4.13063013698627
"100569",14.1524383561644,12.3080547945206,3.09698630136987,0.313643835616432,11.1373150684931,3.17687671232878,5.33786301369864
"100570",17.3973698630137,14.3378630136986,0.267287671232879,3.42049315068493,12.2350684931507,0.334356164383536,7.38936986301368
"100571",20.3681095890411,15.5549589041096,3.18378082191779,6.5243835616438,13.0635616438356,2.41446575342464,10.4064657534246
"100572",18.5365479452055,13.4649863013699,0.583890410958901,4.45413698630138,10.173698630137,0.271232876712332,10.8009863013699
"100573",19.2180821917808,16.0047123287671,1.71517808219178,5.28953424657534,13.9729315068493,1.50608219178082,12.0713424657534
"100574",19.3186849315068,16.7000547945206,1.84931506849314,5.40591780821916,14.9740273972603,1.74772602739726,12.0348493150685
"100575",19.2881095890411,17.7238356164384,1.48734246575344,5.28263013698633,16.193095890411,1.83649315068494,11.966794520548
"100576",19.8483287671233,17.5768767123288,1.78816438356165,5.75704109589041,15.4878904109589,2.15704109589041,12.4283835616439
"100577",18.9310684931507,17.0393424657534,1.1332602739726,4.92361643835615,15.3586849315068,1.40942465753423,12.6098630136986
"100578",20.1027945205479,16.3686575342466,2.35528767123289,6.09435616438356,13.8792328767123,2.19649315068494,13.5438904109589
"100579",19.0849315068493,16.2562191780822,1.36602739726027,5.0932602739726,14.2116164383561,1.38575342465752,12.9639452054794
"100580",18.9971506849315,16.322301369863,1.08789041095891,4.94827397260272,14.1810410958904,1.26838356164383,12.606904109589
"100581",18.7969315068493,15.1505753424657,1.47747945205477,4.92164383561642,13.0813150684931,1.05139726027396,10.8562191780822
"100582",18.8620273972603,13.9019178082192,1.76054794520549,5.04197260273973,11.4164383561644,0.903452054794542,11.4835068493151
"100583",17.3066301369863,13.7145205479452,0.0798904109588818,3.4106301369863,11.6107397260274,0.448767123287666,10.7605479452055
"100584",16.0155616438356,13.125698630137,1.59780821917809,2.05643835616436,11.1461917808219,1.66191780821919,10.2654246575342
"100585",15.0608219178082,11.8563287671233,2.55846575342463,1.09676712328769,9.72690410958904,2.68767123287668,10.1253698630137
"100586",9.73972602739724,7.43178082191778,9.10158904109591,4.59320547945208,4.63561643835615,8.2188493150685,7.26213698630136
"100587",8.68931506849316,9.21106849315069,9.57895890410961,5.44241095890411,8.23364383561642,8.46246575342465,3.75682191780822
"100588",11.714301369863,11.0396712328767,5.91090410958904,2.23002739726024,10.0780273972603,5.48482191780823,3.64931506849314
"100589",17.0245479452055,14.6169863013698,0.298849315068509,3.15813698630137,13.1178082191781,0.451726027397257,6.41589041095889
"100590",19.0809863013699,16.4968767123288,1.2003287671233,5.04197260273975,14.421698630137,1.38180821917808,8.25830136986302
"100591",18.3570410958904,15.1180273972603,0.770301369863034,4.40284931506851,12.9994520547945,0.612493150684941,9.21304109589043
"100592",17.8816438356164,15.6447123287671,0.300821917808236,3.75287671232876,13.4630136986301,0.157808219178065,10.1362191780822
"100593",18.9803835616438,16.8075616438356,1.06126027397261,4.93249315068493,14.8892054794521,1.35715068493151,11.0071232876712
"100594",18.3156164383562,18.2485479452055,0.0473424657534309,4.17895890410961,16.9969315068493,1.03561643835617,10.5317260273973
"100595",19.5376438356164,17.3056438356165,1.61457534246576,5.48876712328767,15.3567123287671,1.90060273972603,12.1857534246575
"100596",18.9448767123287,16.588602739726,1.18257534246575,4.9443287671233,14.7244931506849,1.33347945205479,12.1867397260274
"100597",19.4370410958904,16.0135890410959,2.00712328767125,5.52920547945207,13.9492602739726,1.70334246575342,13.1769863013699
"100598",18.5779726027397,16.0047123287671,1.05534246575343,4.64942465753424,14.2520547945205,0.999123287671239,12.5240547945206
"100599",18.582904109589,15.9731506849315,0.514849315068489,4.48569863013697,13.7204383561644,0.81567123287671,12.318904109589
"100600",17.6922739726027,14.565698630137,0.524712328767123,3.86728767123287,12.8712328767123,0.110465753424648,10.4390136986301
"100601",17.0215890410959,14.1307397260274,0.484273972602722,3.09501369863014,12.2449315068493,0.62038356164382,9.99320547945206
"100602",16.8055890410959,13.3752328767123,0.742684931506858,2.86224657534245,11.2014246575343,0.967561643835609,10.1174794520548
"100603",16.6231232876712,12.477698630137,0.864000000000004,2.69161643835616,10.0287123287671,1.28613698630136,10.3808219178082
"100604",15.2985205479452,10.7289863013699,2.33654794520547,1.31868493150685,7.95156164383565,2.75178082191778,9.62728767123289
"100605",12.340602739726,10.411397260274,5.60515068493149,1.71320547945206,8.58180821917807,5.23824657534249,6.60526027397262
"100606",10.3887123287671,9.32942465753425,8.47430136986304,3.93928767123288,7.09150684931507,7.30454794520551,3.73906849315068
"100607",18.281095890411,14.6021917808219,1.56131506849317,4.59024657534246,13.0487671232877,0.727890410958935,7.7602191780822
"100608",17.805698630137,15.170301369863,0.0680547945205205,3.81008219178082,13.1996712328767,0.14202739726025,7.11221917808217
"100609",18.6401095890411,16.315397260274,1.22301369863015,4.74509589041097,14.7718356164384,1.15002739726026,8.66564383561644
"100610",19.2910684931507,15.7630684931507,2.01205479452054,5.42958904109591,13.7835616438356,1.58597260273973,10.2052602739726
"100611",18.9606575342466,16.0875616438356,1.18947945205478,4.95320547945204,13.9768767123288,1.23386301369864,10.627397260274
"100612",17.8875616438356,17.906301369863,0.301808219178099,3.7755616438356,16.7661369863014,0.651945205479436,10.2101917808219
"100613",17.4664109589041,17.7287671232877,0.393534246575342,3.45797260273973,16.992,0.393534246575356,11.0169863013699
"100614",17.6774794520548,16.8341917808219,0.101589041095878,3.7469589041096,15.8360547945205,0.457643835616437,11.4519452054795
"100615",19.0267397260274,15.6595068493151,1.58498630136987,5.11594520547945,13.6099726027397,1.30191780821917,12.585205479452
"100616",18.5069589041096,15.5401643835616,1.0533698630137,4.59616438356163,13.6661917808219,0.864986301369854,12.2814246575342
"100617",19.4074520547945,13.6504109589041,1.63134246575345,5.37336986301369,10.195397260274,1.05139726027394,10.850301369863
"100618",17.8412054794521,13.1227397260274,0.0216986301369957,3.78936986301372,10.0740821917808,0.317589041095886,10.0563287671233
"100619",17.1330410958904,12.2824109589041,0.592767123287672,3.12263013698632,9.29391780821919,1.00898630136987,9.91528767123287
"100620",17.2109589041096,12.3790684931507,0.38761643835619,3.24000000000001,9.5118904109589,0.884712328767137,9.73972602739725
"100621",14.270794520548,10.8838356164384,3.4530410958904,0.273205479452088,8.57589041095892,3.55167123287671,8.36876712328771
"100622",10.9824657534247,8.8964383561644,7.57183561643834,3.25972602739728,6.45632876712327,6.83210958904107,5.32701369863017
"100623",14.4660821917808,12.9225205479452,3.02498630136989,0.556273972602725,11.6758356164383,2.8780273972603,5.43747945205479
"100624",18.6706849315069,15.9228493150685,1.25753424657535,4.77369863013701,14.1859726027397,1.08986301369865,7.7602191780822
"100625",18.1617534246575,16.0875616438356,0.584876712328793,4.22136986301371,14.5173698630137,0.673643835616446,7.77106849315071
"100626",19.4725479452055,16.2838356164383,2.12449315068494,5.59134246575343,14.4009863013699,1.81775342465752,9.75945205479452
"100627",19.1066301369863,16.1477260273973,1.67572602739726,5.2027397260274,14.2974246575343,1.47452054794522,10.2575342465754
"100628",19.0277260273973,16.4041643835617,0.970520547945213,4.93347945205481,14.1544109589041,1.26049315068494,10.3640547945206
"100629",17.6044931506849,15.3468493150685,0.0177534246575135,3.65819178082189,13.6839452054794,0.0729863013698662,10.540602739726
"100630",17.8530410958904,16.1615342465754,0.455671232876725,3.96986301369863,14.9286575342466,0.506958904109595,11.8089863013699
"100631",18.2929315068493,15.6940273972603,0.815671232876724,4.37819178082191,13.9699726027397,0.723945205479453,11.7340273972603
"100632",18.1193424657534,15.5904657534247,0.683506849315052,4.21742465753424,13.9344657534247,0.578958904109584,11.8158904109589
"100633",17.0689315068493,16.3903561643836,1.30783561643835,2.8938082191781,14.76,0.380712328767117,9.89654794520547
"100634",17.9536438356164,13.521205479452,0.10553424657536,3.84361643835615,10.4311232876712,0.208109589041129,9.52964383561643
"100635",15.6289315068493,12.7321643835617,2.65709589041094,1.46268493150686,10.1529863013699,2.27342465753424,8.37468493150689
"100636",16.8470136986301,12.5132054794521,1.03561643835616,2.79221917808218,9.62531506849317,1.23386301369862,9.10849315068492
"100637",15.9948493150685,11.1471780821918,1.65008219178083,2.00909589041098,8.23167123287672,2.1195616438356,8.89841095890411
"100638",12.4214794520548,9.63320547945207,5.51441095890411,1.63627397260274,7.41501369863016,5.34082191780823,6.0460273972603
"100639",13.3397260273973,11.8454794520548,4.64547945205479,0.721972602739697,10.1835616438356,4.15726027397261,4.58235616438358
"100640",19.2279452054795,15.4168767123288,1.58005479452058,5.25008219178085,12.9787397260274,1.33841095890412,8.1547397260274
"100641",19.3265753424658,15.6318904109589,1.7201095890411,5.36252054794522,13.2854794520548,1.47550684931505,8.44964383561643
"100642",18.4990684931507,16.1753424657534,0.822575342465768,4.52515068493149,14.4009863013699,0.923178082191782,8.69128767123287
"100643",18.7900273972603,16.1053150684932,1.0938082191781,4.80624657534248,14.1484931506849,1.12931506849316,9.49610958904111
"100644",19.0139178082192,15.0884383561644,0.814684931506889,4.86542465753426,12.110794520548,0.916273972602767,10.0119452054795
"100645",18.2465753424657,14.4414246575342,0.656876712328739,4.28646575342464,12.0595068493151,0.377753424657527,10.245698630137
"100646",17.7761095890411,14.076493150685,0.129205479452082,3.79923287671234,11.692602739726,0.0887671232876528,10.8769315068493
"100647",17.8698082191781,14.3644931506849,0.105534246575331,3.85841095890412,11.9667945205479,0.00789041095890752,11.3523287671233
"100648",17.5630684931507,15.2630136986301,0.0463561643835817,3.63846575342467,13.6425205479452,0.0453698630136898,11.0495342465753
"100649",18.1854246575343,15.3103561643836,1.16975342465756,4.40975342465755,13.8683835616439,0.709150684931501,11.6551232876712
"100650",18.1065205479452,15.1377534246575,0.694356164383564,4.20854794520547,13.3002739726027,0.478356164383527,11.2635616438356
"100651",16.7247123287671,15.4809863013698,1.52482191780825,2.58312328767123,13.701698630137,0.80580821917809,9.89753424657533
"100652",16.6734246575342,15.9327123287671,1.56131506849314,2.5407123287671,14.4,0.742684931506858,9.61446575342464
"100653",15.6624657534246,13.8062465753424,2.52197260273974,1.53665753424656,11.8001095890411,1.9795068493151,7.08164383561643
"100654",16.084602739726,13.7115616438356,1.62246575342465,2.10082191780822,11.8898630136986,1.512,7.45545205479453
"100655",18.2988493150685,13.0181917808219,0.552328767123271,4.27857534246573,9.81073972602739,0.0562191780821593,9.1301917808219
"100656",13.1986849315069,10.590904109589,5.20668493150683,1.0020821917808,8.04131506849319,4.67999999999995,5.96317808219183
"100657",12.765698630137,11.2566575342466,5.39901369863014,1.35221917808221,9.42904109589043,4.79441095890411,4.0073424657534
"100658",16.0717808219178,13.2341917808219,1.86016438356165,2.01402739726029,10.9972602739726,1.70038356164383,5.5785205479452
"100659",17.7997808219178,14.9217534246575,0.12230136986301,3.81994520547946,12.8909589041096,0.102575342465741,6.96328767123285
"100660",17.4476712328767,15.7433424657534,0.691397260273959,3.33665753424657,13.8486575342466,0.145972602739732,7.40317808219179
"100661",18.5681095890411,15.5559452054795,0.877808219178092,4.58334246575343,13.4511780821918,0.838356164383583,9.06312328767125
"100662",16.3647123287671,14.1711780821918,1.73293150684933,2.2615890410959,12.0851506849315,1.32263013698628,8.2326575342466
"100663",17.5719452054794,14.5489315068493,0.1676712328767,3.67594520547945,12.6927123287671,0.0650958904109586,9.43199999999999
"100664",16.7089315068493,13.9699726027397,0.914301369863011,2.74684931506849,12.0506301369863,0.939945205479461,9.09863013698632
"100665",16.854904109589,14.8073424657534,0.805808219178061,2.88789041095887,13.176,0.65490410958904,9.23572602739726
"100666",15.0499726027397,14.5183561643835,2.69753424657532,1.06915068493149,13.5123287671233,2.15901369863013,8.80175342465753
"100667",16.416,14.6416438356164,0.821589041095905,2.58213698630135,13.5123287671233,0.894575342465771,10.5534246575343
"100668",18.7140821917808,14.5647123287671,1.32065753424659,4.8111780821918,12.1946301369863,0.835397260273993,11.9145205479452
"100669",17.0758356164384,14.3763287671233,0.571068493150648,3.10783561643838,12.456,0.572054794520511,10.8098630136987
"100670",16.9880547945206,14.0192876712329,0.676602739726007,3.01216438356164,11.9569315068493,0.723945205479424,10.252602739726
"100671",15.8715616438356,14.9355616438356,2.2024109589041,1.78717808219179,13.4531506849315,1.533698630137,9.49906849315069
"100672",16.8657534246575,14.7126575342466,0.901479452054787,2.86520547945202,12.938301369863,0.702246575342485,7.0313424657534
"100673",16.005698630137,14.8714520547945,1.73786301369861,2.02093150684934,13.5912328767123,1.33249315068494,6.33600000000001
"100674",18.6706849315068,14.0242191780822,0.932054794520553,4.65731506849318,11.1195616438356,0.569095890410978,8.3707397260274
"100675",14.9138630136986,12.816,3.28241095890411,0.782136986301367,10.6865753424657,2.7843287671233,6.38728767123288
"100676",11.1323835616438,10.893698630137,7.7917808219178,3.20843835616438,8.98224657534243,6.40306849315067,3.22224657534247
"100677",14.4749589041096,11.9342465753425,2.93128767123289,0.581917808219174,10.2999452054794,3.05852054794522,4.53994520547943
"100678",16.9347945205479,14.378301369863,0.709150684931501,2.96876712328768,12.5260273972603,0.68054794520549,6.06180821917806
"100679",16.8864657534246,14.2382465753425,1.09873972602742,2.81490410958904,12.0397808219178,0.862027397260277,6.37939726027395
"100680",17.0689315068493,14.3536438356165,0.618410958904121,3.0881095890411,12.3889315068493,0.595726027397262,7.54027397260273
"100681",16.7444383561644,13.7539726027397,1.03068493150684,2.73402739726026,11.5841095890411,1.00898630136984,8.11331506849315
"100682",16.5037808219178,14.7432328767123,1.13030136986305,2.54761643835616,13.2687123287671,0.935013698630172,8.31846575342462
"100683",17.222794520548,15.0006575342466,0.264328767123288,3.30805479452056,13.442301369863,0.267287671232879,9.04142465753425
"100684",17.4161095890411,14.8241095890411,0.330410958904139,3.41753424657534,12.8653150684931,0.241643835616458,9.08087671232873
"100685",16.0984109589041,13.0704657534246,1.38082191780825,2.17873972602737,11.1461917808219,1.5652602739726,9.02367123287671
"100686",15.5658082191781,13.5803835616438,1.97753424657535,1.63528767123287,12.0812054794521,1.89172602739728,9.19627397260273
"100687",16.754301369863,14.4453698630137,0.973479452054789,2.76460273972603,12.6335342465754,0.835397260273993,10.446904109589
"100688",16.2098630136987,14.7728219178082,1.30684931506846,2.29315068493152,13.5517808219178,1.11945205479449,10.5563835616439
"100689",16.6901917808219,13.6977534246576,0.554301369862998,2.84350684931508,11.9963835616439,0.887671232876698,10.2802191780822
"100690",15.1081643835617,14.731397260274,2.87013698630136,1.05830136986305,13.5941917808219,2.14323287671232,9.11243835616442
"100691",17.4180821917808,14.5706301369863,0.359013698630122,3.40865753424657,12.4658630136986,0.304767123287661,6.9356712328767
"100692",18.6805479452055,14.8527123287671,1.12339726027398,4.73128767123288,12.4875616438356,0.817643835616451,8.29084931506851
"100693",16.8055890410959,13.1779726027397,1.22597260273972,2.7113424657534,10.4853698630137,1.17073972602739,7.36372602739726
"100694",14.8566575342466,10.9716164383562,3.4638904109589,0.670684931506855,7.90421917808217,3.2725479452055,6.6318904109589
"100695",14.544,10.8295890410959,3.31101369863012,0.503013698630127,8.25336986301369,3.39386301369865,5.44734246575342
"100696",16.2966575342466,12.4885479452055,1.43309589041095,2.29413698630134,9.97939726027397,1.61950684931512,5.65052054794518
"100697",17.0728767123288,14.1465205479452,0.729863013698605,3.0545753424658,11.9825753424658,0.675616438356144,6.27386301369864
"100698",16.826301369863,13.9492602739726,0.753534246575356,2.87704109589041,12.0042739726027,0.837369863013691,6.85380821917809
"100699",16.6053698630137,13.7026849315069,1.06915068493151,2.62652054794523,11.664,1.0957808219178,7.48306849315068
"100700",16.6122739726027,14.4917260273972,1.17271232876715,2.60679452054796,12.7173698630137,0.954739726027412,8.0985205479452
"100701",15.8893150684931,14.2214794520548,2.15309589041098,1.80789041095889,12.4283835616438,1.66487671232878,7.85786301369863
"100702",16.509698630137,13.2568767123288,1.29501369863016,2.48843835616438,10.9390684931507,1.31079452054797,8.46246575342465
"100703",16.3775342465753,13.0931506849315,1.06323287671233,2.46772602739725,11.0830684931507,1.32854794520549,8.94575342465751
"100704",16.0796712328767,12.5477260273972,1.59682191780823,2.0958904109589,10.2141369863013,1.75857534246578,8.87769863013698
"100705",15.3468493150685,13.1385205479452,2.44504109589039,1.33841095890412,11.3168219178082,2.24186301369863,8.64789041095891
"100706",15.7354520547945,12.7587945205479,1.59484931506853,1.86213698630132,10.9883835616438,1.8670684931507,9.73676712328765
"100707",15.4326575342466,13.5123287671233,1.68953424657533,1.63232876712328,12.4165479452055,1.87101369863012,9.82356164383562
"100708",15.5786301369863,13.7490410958904,1.74969863013695,1.71616438356168,12.5141917808219,1.7733698630137,9.96164383561646
"100709",18.6706849315069,14.054794520548,1.25753424657537,4.75791780821922,11.4509589041096,0.683506849315108,7.68131506849318
"100710",18.3126575342466,13.5172602739726,0.678575342465734,4.33084931506846,10.634301369863,0.213041095890389,7.84799999999998
"100711",17.1162739726027,12.6956712328767,0.583890410958929,3.11671232876714,9.92909589041096,0.923178082191811,7.16646575342466
"100712",15.6585205479452,11.1027945205479,1.92230136986305,1.69446575342465,8.37863013698626,2.37106849315072,7.10827397260275
"100713",13.1217534246576,10.7812602739726,4.88909589041094,0.955726027397247,8.70410958904114,4.56854794520544,4.66027397260279
"100714",13.7924383561644,12.2508493150685,4.13358904109589,0.251506849315064,10.620493150685,3.69567123287669,3.99945205479455
"100715",16.0540273972603,13.6839452054795,1.96076712328767,1.97556164383562,11.5900273972603,1.64416438356164,5.55189041095889
"100716",16.0589589041096,13.6247671232877,1.53961643835615,2.10772602739723,11.8701369863014,1.51495890410962,5.94936986301369
"100717",15.1722739726028,14.0370410958904,2.66005479452056,1.15989041095892,12.6769315068493,2.19649315068494,6.12197260273976
"100718",14.9878356164384,13.924602739726,2.98257534246574,0.93402739726028,12.4767123287671,2.4105205479452,6.49775342465753
"100719",13.4541369863014,13.0142465753425,4.95419178082193,0.72887671232877,11.4657534246575,3.95408219178083,5.57556164383561
"100720",12.9452054794521,12.1857534246575,5.44142465753424,1.23386301369862,10.5090410958904,4.5251506849315,5.67320547945204
"100721",13.7470684931507,11.8563287671233,4.24898630136985,0.321534246575339,10.001095890411,3.83967123287673,6.87057534246577
"100722",15.1959452054795,11.8859178082192,2.56142465753425,1.18849315068493,9.58487671232878,2.62060273972602,7.92394520547947
"100723",15.4730958904109,11.7912328767123,2.04361643835617,1.53665753424656,9.53063013698628,2.34542465753427,8.54531506849314
"100724",14.140602739726,11.5081643835616,3.0555616438356,0.311671232876733,10.0168767123288,3.34257534246575,8.3648219178082
"100725",14.1258082191781,12.7952876712329,2.90169863013699,0.359999999999957,12.0575342465753,3.01808219178085,9.12032876712328
"100726",16.3351232876713,13.3939726027397,0.673643835616417,2.56142465753426,11.9263561643836,1.15298630136985,11.0741917808219
"100727",16.0727671232877,15.2758356164384,1.82367123287668,2.04361643835618,14.0163287671233,1.24372602739723,9.77326027397262
"100728",17.0876712328767,13.608,0.321534246575339,3.18575342465752,11.5338082191781,0.650958904109586,6.32515068493151
"100729",15.9563835616438,12.8416438356165,1.6352876712329,2.00120547945204,10.778301369863,1.76350684931509,5.80438356164382
"100730",15.7699726027397,12.096,1.7220821917808,1.84043835616438,9.86005479452055,2.03868493150685,6.14071232876714
"100731",14.1169315068493,11.1580273972603,3.3465205479452,0.203178082191783,9.27912328767124,3.52602739726026,5.59232876712329
"100732",13.4541369863013,10.7546301369863,4.28942465753425,0.544438356164392,8.74849315068491,4.22531506849316,4.78257534246572
"100733",13.3308493150685,12.2666301369863,4.33972602739726,0.631232876712346,11.0830684931507,3.96887671232875,3.82389041095888
"100734",13.8368219178082,12.2932602739726,3.94126027397263,0.161753424657547,10.7911232876712,3.60197260273972,3.77358904109587
"100735",15.0223561643836,13.3456438356164,2.42432876712331,1.12438356164381,12.0762739726027,2.33556164383563,5.01731506849313
"100736",13.564602739726,11.9391780821917,4.45315068493153,0.508931506849365,10.1884931506849,3.9718356164384,4.51134246575339
"100737",14.443397260274,13.3969315068493,3.58421917808218,0.371835616438375,11.9056438356165,2.97073972602738,5.80241095890415
"100738",14.5647123287671,13.579397260274,3.34158904109589,0.530630136986304,12.2242191780822,2.79616438356163,5.71857534246575
"100739",13.5872876712328,11.4450410958904,4.17205479452053,0.410301369863021,9.68252054794522,3.97578082191782,5.24909589041096
"100740",12.7844383561644,9.02465753424659,5.04789041095893,1.24964383561647,6.44745205479452,5.15539726027399,5.63276712328766
"100741",13.1138630136986,10.0592876712329,5.0261917808219,1.00898630136987,7.53632876712328,4.77468493150684,5.86849315068491
"100742",13.7431232876712,10.5741369863014,4.03495890410963,0.269260273972606,8.31945205479451,4.04975342465755,6.91298630136987
"100743",12.4767123287671,10.8660821917808,5.00153424657535,1.43013698630136,9.59868493150685,4.87726027397258,6.3626301369863
"100744",11.6906301369863,11.188602739726,5.63769863013698,2.16098630136986,10.5682191780822,5.37336986301369,6.96723287671233
"100745",14.1652602739726,13.3091506849315,3.14432876712331,0.316602739726022,12.5408219178082,2.96876712328771,9.4448219178082
"100746",16.5718356164384,13.4245479452055,1.12635616438357,2.58410958904111,11.2497534246575,1.19046575342466,10.2032876712329
"100747",16.0471232876712,13.6178630136986,2.42136986301372,1.82860273972602,11.094904109589,1.8138082191781,8.87473972602739
"100748",14.8783561643835,14.4966575342465,3.95112328767124,0.566136986301331,12.6039452054794,2.65610958904114,7.53830136986298
"100749",14.4670684931507,14.1751232876712,3.74597260273973,0.345205479452034,12.8692602739726,2.84449315068491,7.37950684931506
"100750",15.9001643835617,12.7962739726028,1.677698630137,1.9499178082192,10.7477260273972,1.81282191780821,5.4858082191781
"100751",14.8428493150685,11.8819726027397,2.5121095890411,0.962630136986292,10.0987397260274,2.76460273972603,5.16920547945205
"100752",13.5961643835616,11.6413150684932,3.91758904109588,0.32449315068493,10.1825753424658,3.84460273972601,4.78947945205479
"100753",12.7055342465753,11.0909589041096,4.81906849315072,1.21610958904111,9.7811506849315,4.66520547945208,4.16613698630135
"100754",13.5912328767123,10.7319452054794,3.83178082191782,0.309698630137007,8.9358904109589,4.0162191780822,4.17008219178081
"100755",13.8851506849315,10.3167123287671,3.7864109589041,0.0976438356164522,7.96931506849313,3.96000000000004,4.14147945205477
"100756",13.7046575342466,11.5979178082192,4.08624657534244,0.302794520547963,9.8235616438356,3.86136986301372,3.68580821917809
"100757",14.716602739726,11.9500273972603,2.81884931506849,0.782136986301367,10.0957808219178,2.90860273972604,4.3387397260274
"100758",14.6002191780822,12.5457534246575,3.21435616438356,0.585863013698628,10.7743561643836,2.9628493150685,4.62082191780823
"100759",14.155397260274,12.8357260273972,3.97479452054796,0.0503013698629786,11.1274520547945,3.35145205479455,4.7253698630137
"100760",15.0341917808219,13.0566575342466,3.07627397260273,0.929095890410991,11.0603835616438,2.6097534246575,5.21852054794522
"100761",15.1821369863014,11.8928219178082,2.97665753424658,1.05139726027397,9.24460273972602,2.76361643835614,5.29545205479451
"100762",14.8596164383562,10.7112328767123,2.8375890410959,0.864000000000004,8.07484931506852,3.1196712328767,5.39408219178085
"100763",11.2241095890411,8.02553424657535,6.94060273972602,2.90761643835617,5.41380821917809,6.70389041095891,3.32186301369862
"100764",11.1323835616438,9.42706849315067,7.29271232876712,3.06641095890413,7.27791780821914,6.55594520547945,3.68383561643833
"100765",13.1740273972603,10.7033424657534,4.54684931506847,0.814684931506832,8.82246575342467,4.44821917808216,5.39506849315069
"100766",12.3761095890411,10.3561643835616,4.71747945205482,1.41534246575344,9.23868493150684,4.94038356164387,6.25610958904107
"100767",12.5309589041096,11.217205479452,4.61983561643837,1.2723287671233,10.3778630136986,4.65041095890413,7.43868493150683
"100768",14.6524931506849,11.822794520548,2.57621917808217,0.811726027397299,10.2121643835616,2.88493150684931,8.89446575342467
"100769",13.3574794520548,11.9628493150685,4.03989041095889,0.522739726027396,10.8690410958904,3.92350684931506,7.95550684931507
"100770",15.242301369863,11.6965479452055,2.138301369863,1.34926027397262,9.61939726027398,2.5012602739726,5.17709589041098
"100771",13.5310684931507,11.4578630136987,3.8899726027397,0.361972602739712,10.0257534246576,3.90575342465749,4.61194520547949
"100772",12.4579726027397,11.2546849315068,5.10016438356166,1.46958904109587,10.1056438356164,4.83386301369862,3.86038356164383
"100773",11.3345753424657,10.8966575342466,6.27879452054793,2.60383561643835,10.0543561643836,5.80931506849313,2.88
"100774",11.5673424657534,10.6530410958904,5.97797260273975,2.35430136986301,9.64898630136983,5.65841095890411,2.53183561643837
"100775",11.318794520548,11.2073424657534,6.28964383561643,2.61567123287671,10.5208767123288,5.75210958904111,2.00810958904111
"100776",12.1768767123288,11.8632328767123,5.62487671232876,1.81873972602742,10.9114520547945,5.00252054794521,2.31978082191782
"100777",12.9106849315069,12.1492602739726,4.85063013698627,1.07605479452056,11.0258630136987,4.35254794520549,2.37501369863014
"100778",13.3160547945205,11.9983561643836,5.14454794520549,0.890630136986317,9.99813698630138,4.30027397260275,2.24975342465751
"100779",14.1849863013699,12.2153424657534,4.13161643835616,0.0167671232876785,10.0405479452055,3.52602739726026,2.93917808219177
"100780",13.1276712328767,11.2724383561644,5.70871232876712,1.19934246575343,8.68931506849316,4.73030136986301,2.37304109589041
"100781",13.0724383561644,8.83035616438355,5.56865753424657,1.21512328767122,5.31320547945205,5.24021917808219,2.88394520547945
"100782",15.6910684931507,11.1560547945206,2.39572602739727,1.57117808219181,7.99495890410958,2.50224657534244,4.67704109589044
"100783",13.9620821917808,10.3275616438356,4.03002739726026,0.120328767123283,7.66553424657536,4.00339726027397,3.81797260273973
"100784",11.2162191780822,10.7358904109589,6.74728767123287,2.83068493150685,9.5631780821918,6.05293150684932,2.04164383561644
"100785",12.3366575342466,10.483397260274,5.34378082191779,1.63430136986298,8.92504109589041,5.13764383561644,3.93041095890413
"100786",13.9423561643836,10.7299726027397,2.88887671232877,0.220931506849325,9.29490410958905,3.5467397260274,6.54410958904108
"100787",13.8545753424658,11.4637808219178,2.97468493150683,0.141041095890415,10.4104109589041,3.45501369863013,7.24931506849316
"100788",13.3278904109589,10.8798904109589,3.74301369863011,0.460602739726028,9.58586301369863,4.07441095890408,7.2355068493151
"100789",12.0466849315069,11.2546849315068,5.45424657534249,1.86016438356165,10.3482739726027,5.13764383561644,6.29161643835616
"100790",12.4027397260274,11.4134794520548,5.38224657534249,1.59386301369867,10.1628493150685,4.91868493150687,6.69106849315068
"100791",13.0763835616438,11.7152876712329,4.63068493150686,0.898520547945196,10.3620821917808,4.29928767123289,7.2798904109589
"100792",12.8692602739726,10.9548493150685,4.51331506849314,1.01095890410957,9.63221917808221,4.52021917808216,7.24241095890412
"100793",13.9275616438356,10.9459726027397,3.14926027397263,0.132164383561616,9.39747945205477,3.59210958904109,7.67736986301369
"100794",13.1947397260274,11.6452602739726,3.90673972602738,0.595726027397234,10.7408219178082,4.02115068493151,6.99189041095892
"100795",13.5478356164383,11.0406575342466,4.13852054794523,0.431013698630153,9.17358904109591,4.07046575342468,4.39693150684928
"100796",13.0753972602739,10.2003287671232,4.32789041095893,0.819616438356206,8.41413698630134,4.53008219178085,4.34761643835614
"100797",11.7320547945206,10.7171506849315,5.68602739726026,2.15112328767123,9.78016438356164,5.47298630136984,3.20843835616438
"100798",10.5297534246575,10.944,6.82915068493153,3.32284931506851,10.7220821917808,6.34487671232878,2.2507397260274
"100799",10.3453150684932,9.72000000000003,7.21972602739726,3.58027397260275,8.83331506849316,6.82323287671232,1.51397260273973
"100800",10.692493150685,9.17753424657536,7.66750684931506,3.48558904109586,7.17435616438357,6.93369863013697,1.26838356164384
"100801",12.2804383561644,10.6333150684931,5.52131506849315,1.72602739726028,9.06312328767123,5.18893150684931,1.49819178082194
"100802",12.6670684931507,10.612602739726,5.50356164383564,1.45676712328768,8.52558904109591,5.01336986301371,1.12241095890414
"100803",14.5972602739726,12.1729315068494,3.18673972602735,0.588821917808247,10.2585205479452,3.03583561643836,1.78421917808222
"100804",14.8625753424658,12.0575342465754,3.20646575342462,0.76339726027399,9.71210958904109,2.94805479452054,1.76350684931506
"100805",15.0351780821918,12.2607123287671,2.88295890410959,0.983342465753452,10.0652054794521,2.71824657534245,2.51112328767124
"100806",15.3221917808219,12.7903561643836,2.23298630136986,1.38378082191781,11.0288219178082,2.25863013698626,3.34553424657537
"100807",14.6613698630137,11.9263561643835,3.27550684931509,0.603616438356141,9.73183561643833,3.09008219178085,3.29917808219179
"100808",12.5358904109589,9.91627397260274,5.31616438356167,1.49424657534249,7.85095890410958,5.16230136986303,2.4292602739726
"100809",11.4361643835616,10.324602739726,6.4346301369863,2.58805479452053,8.94279452054798,5.93950684931505,2.0534794520548
"100810",11.945095890411,9.69238356164385,5.47101369863012,1.94794520547941,8.18235616438358,5.52821917808217,3.22027397260274
"100811",12.4392328767123,9.18542465753424,4.87627397260275,1.43210958904112,7.300602739726,5.21950684931508,4.852602739726
"100812",13.4866849315069,11.3868493150685,4.11879452054794,0.463561643835618,9.7811506849315,4.0162191780822,5.98487671232877
"100813",13.276602739726,12.2981917808219,4.14641095890411,0.607561643835623,11.3730410958904,3.92153424657533,5.73731506849313
"100814",12.4037260273972,10.1441095890411,4.97983561643838,1.47945205479454,8.66071232876712,5.06071232876712,5.3003835616438
"100815",11.5870684931507,10.0375890410959,6.26202739726028,2.43320547945203,8.47134246575342,5.87736986301366,5.25205479452057
"100816",13.3781917808219,12.1492602739726,4.56065753424659,0.666739726027402,10.6510684931507,4.04580821917807,6.71079452054795
"100817",12.6966575342466,10.4981917808219,4.24109589041095,1.04843835616438,9.4379178082192,4.60701369863014,6.36164383561646
"100818",13.730301369863,9.80186301369864,3.01610958904109,0.0286027397260398,8.10641095890412,3.88602739726028,7.09347945205479
"100819",13.1986849315068,10.4074520547945,3.75090410958904,0.55528767123289,9.06115068493148,4.23813698630136,6.86761643835615
"100820",15.1121095890411,11.5081643835617,1.82367123287668,1.35517808219177,9.79791780821918,2.49632876712329,8.35200000000003
"100821",13.9857534246576,11.4213698630137,3.00328767123287,0.220931506849354,10.1460821917808,3.41457534246572,7.92000000000002
"100822",13.3673424657534,12.2439452054794,4.04087671232878,0.513863013698625,11.2635616438356,3.8584109589041,6.84887671232877
"100823",14.6889863013699,10.605698630137,2.81095890410958,0.754520547945191,8.17347945205478,3.21139726027397,5.33293150684929
"100824",12.9797260273973,9.47638356164387,4.49654794520546,0.942904109588994,7.33315068493152,4.78652054794517,4.44032876712333
"100825",11.6955616438356,9.58093150684931,5.46904109589042,2.1195616438356,8.35791780821916,5.66531506849316,3.43528767123289
"100826",11.7764383561644,9.74958904109587,5.28756164383566,2.00613698630139,8.65775342465753,5.53117808219179,3.17884931506848
"100827",11.5505753424657,8.72087671232876,5.70673972602739,2.29906849315068,7.08361643835619,5.99572602739727,2.36613698630137
"100828",13.0832876712329,9.34126027397258,4.06849315068493,0.740712328767131,7.3755616438356,4.62673972602741,2.45687671232875
"100829",13.845698630137,9.76438356164385,3.72328767123287,0.110465753424648,7.27002739726029,4.07638356164381,1.86509589041094
"100830",14.8398904109589,10.1273424657534,2.47167123287673,0.957698630136974,7.56986301369864,3.13446575342465,1.76547945205476
"100831",15.9297534246575,12.4333150684932,1.22597260273972,2.1067397260274,10.577095890411,1.72800000000001,2.17380821917808
"100832",17.3638356164383,12.2774794520548,0.182465753424651,3.40569863013698,9.33830136986302,0.770301369863006,3.15123287671233
"100833",16.5166027397261,12.7627397260274,0.954739726027356,2.59397260273974,10.5070684931507,1.30191780821914,3.28142465753425
"100834",15.0391232876712,12.5388493150685,2.32865753424662,1.15791780821917,10.9568219178082,2.47265753424662,2.94115068493147
"100835",13.9946301369863,10.8789041095891,3.71934246575344,0.00197260273969846,8.70608219178081,3.765698630137,2.80602739726027
"100836",13.0793424657534,9.61249315068494,4.53402739726025,0.885698630137,7.36471232876713,4.72438356164383,2.69950684931507
"100837",11.4953424657534,9.30772602739722,6.11802739726028,2.45786301369861,7.65369863013697,6.02926027397262,1.99035616438357
"100838",9.61742465753423,8.08175342465753,8.40032876712331,4.45413698630136,6.37150684931507,7.89928767123288,0.888657534246562
"100839",7.67243835616438,5.85468493150685,10.3344657534246,6.39912328767124,4.0241095890411,9.90246575342465,0.998136986301375
"100840",11.570301369863,10.2871232876712,7.07868493150684,2.69457534246575,8.13501369863016,6.1012602739726,4.0665205479452
"100841",13.0813150684932,12.6108493150685,4.64153424657533,0.890630136986289,11.6551232876712,4.10597260273971,4.50246575342464
"100842",12.5053150684932,9.87780821917804,4.49161643835617,1.2614794520548,8.56602739726026,4.91079452054797,4.27758904109587
"100843",10.3413698630137,8.69720547945204,7.47616438356167,3.67101369863016,7.1141917808219,7.1329315068493,3.40668493150682
"100844",14.6495342465753,10.7191232876712,2.99934246575344,0.670684931506827,8.22575342465751,3.26663013698629,6.69304109589041
"100845",13.3535342465754,9.82454794520547,3.56745205479453,0.398465753424659,8.16164383561642,4.2341917808219,5.92076712328767
"100846",12.8209315068493,9.34224657534244,4.01424657534247,0.903452054794514,7.77895890410957,4.72734246575345,5.69884931506846
"100847",13.4265205479452,9.57599999999999,3.78147945205478,0.416219178082201,7.509698630137,4.32591780821917,6.46027397260275
"100848",13.8782465753425,11.1964931506849,3.41161643835616,0.0197260273972688,9.60065753424658,3.64734246575341,7.09545205479455
"100849",12.8357260273973,11.9125479452055,4.39989041095893,0.990246575342439,11.1787397260274,4.28843835616439,6.88438356164383
"100850",12.6108493150685,9.57205479452057,4.54783561643836,1.21019178082193,7.9259178082192,4.94926027397261,4.06257534246575
"100851",12.405698630137,8.95561643835615,5.26882191780822,1.57709589041096,6.66246575342464,5.41479452054796,3.35934246575343
"100852",12.059506849315,8.66860273972603,5.50849315068496,1.88975342465756,6.49479452054794,5.71265753424657,2.34641095890407
"100853",12.7933150684932,8.94180821917809,4.76679452054793,1.1579178082192,6.56284931506849,5.07649315068491,1.77139726027397
"100854",14.4798904109589,9.96065753424659,3.045698630137,0.533589041095894,7.30454794520551,3.52306849315067,1.96767123287671
"100855",15.8764931506849,10.0928219178082,1.14115068493152,2.07616438356163,7.29863013698628,2.23397260273973,2.36219178082192
"100856",16.6093150684931,12.2755068493151,0.332383561643837,2.84449315068491,10.2210410958904,1.15989041095892,2.34443835616435
"100857",16.9111232876712,12.7903561643836,0.510904109589035,3.00032876712331,10.4094246575343,0.971506849315062,2.71430136986299
"100858",14.681095890411,12.7144109589041,3.35835616438357,0.598684931506853,10.786191780822,2.93720547945205,1.94104109589043
"100859",14.1692054794521,11.8681643835616,3.6394520547945,0.154849315068503,9.9892602739726,3.44515068493149,2.35528767123287
"100860",14.1198904109589,12.0447123287671,3.13347945205481,0.278136986301377,10.7625205479452,3.26071232876711,2.88887671232877
"100861",14.3072876712328,9.74663013698628,3.05161643835618,0.412273972602748,7.21676712328767,3.65030136986303,3.19857534246574
"100862",12.2666301369863,9.05621917808219,5.48087671232875,1.73687671232878,6.80942465753424,5.52526027397261,1.93709589041097
"100863",10.9923287671233,9.17457534246577,6.97709589041096,3.06739726027396,7.37556164383562,6.56975342465753,0.457643835616437
"100864",10.8384657534247,8.34805479452055,6.48493150684931,3.02794520547945,6.8104109589041,6.65654794520549,0.813698630136969
"100865",9.71112328767123,7.72175342465755,8.75342465753425,4.50246575342467,5.40591780821916,8.05216438356163,1.10367123287671
"100866",15.667397260274,12.4145753424658,1.78027397260271,1.75561643835616,10.4123835616438,2.03473972602737,5.25797260273976
"100867",11.6028493150685,10.4015342465753,6.22849315068493,2.40953424657536,9.01183561643836,5.77972602739726,2.34049315068492
"100868",10.2269589041096,7.63200000000001,7.46827397260276,3.75484931506853,5.716602739726,7.41402739726033,2.35430136986298
"100869",13.1809315068493,10.145095890411,4.18389041095892,0.70323287671232,8.31649315068492,4.44624657534249,5.20865753424658
"100870",13.8427397260274,10.0139178082192,3.44909589041094,0.0256438356163926,7.88252054794523,3.93336986301367,5.32208219178085
"100871",13.5774246575342,8.7494794520548,3.58717808219177,0.260383561643863,6.2669589041096,4.37326027397262,5.10509589041098
"100872",14.0488767123288,9.8235616438356,2.8987397260274,0.283068493150665,7.81347945205479,3.69863013698628,6.2876712328767
"100873",13.9186849315069,11.3059726027397,3.45106849315067,0.0364931506849473,9.66969863013699,3.61775342465754,6.54312328767125
"100874",13.7756712328767,12.0772602739726,3.87419178082192,0.185424657534242,10.6175342465753,3.65523287671232,6.9761095890411
"100875",15.019397260274,10.6717808219178,2.59594520547944,1.04646575342466,8.01468493150685,2.97665753424656,4.51627397260273
"100876",14.2737534246575,10.0356164383562,3.51024657534245,0.250520547945229,7.2779178082192,3.75386301369861,3.28142465753427
"100877",12.3761095890411,9.32153424657537,5.59923287671234,1.69545205479452,6.94454794520553,5.45720547945203,1.32065753424658
"100878",14.4374794520548,10.8453698630137,2.94805479452054,0.542465753424665,8.74158904109589,3.31791780821916,1.75758904109588
"100879",15.6417534246575,12.1384109589041,1.37983561643833,1.85917808219179,10.3975890410959,1.97358904109589,2.11660273972603
"100880",15.155506849315,12.3899178082191,2.38487671232878,1.22005479452054,10.5317260273972,2.47068493150684,1.30783561643835
"100881",16.789808219178,13.9561643835616,0.446794520547968,2.94706849315065,12.3366575342466,0.750575342465766,2.8178630136986
"100882",15.6161095890411,13.3150684931507,1.69742465753424,1.75463013698629,11.873095890411,1.83452054794523,2.73600000000002
"100883",13.7983561643836,11.2951232876713,3.97676712328763,0.208109589041044,9.35210958904111,3.84854794520544,2.12843835616442
"100884",13.9512328767124,9.87780821917809,3.72920547945205,0.0384657534246173,7.28975342465753,4.00635616438356,2.60876712328772
"100885",13.7598904109589,9.05227397260273,3.70849315068497,0.170630136986318,6.35769863013698,4.26575342465756,2.670904109589
"100886",13.2085479452055,9.60854794520549,4.13556164383562,0.674630136986309,7.53830136986301,4.53501369863017,2.17084931506849
"100887",13.8466849315068,8.87178082191781,3.6591780821918,0.0976438356164522,6.02038356164383,4.24997260273972,2.08602739726027
"100888",13.4156712328767,9.39945205479452,3.99254794520547,0.490191780821903,7.07868493150687,4.43934246575341,1.47452054794522
"100889",13.1454246575342,10.5879452054795,4.10498630136985,0.699287671232867,9.08383561643836,4.33972602739726,1.71813698630137
"100890",15.4721095890411,12.5230684931507,2.01106849315067,1.5524383561644,10.6303561643836,2.17578082191778,4.09315068493152
"100891",12.4145753424658,10.3068493150685,5.62980821917807,1.67079452054793,8.30761643835618,5.23528767123287,2.01205479452057
"100892",10.5879452054795,6.99978082191782,7.24142465753425,3.44416438356163,4.50542465753426,7.31342465753423,1.86213698630138
"100893",11.3710684931507,8.8451506849315,6.18213698630134,2.56635616438356,7.08756164383561,6.20778082191782,3.2538082191781
"100894",12.5467397260274,9.34520547945209,5.31419178082191,1.49128767123287,7.00175342465755,5.28065753424659,3.43627397260275
"100895",13.1464109589041,8.58575342465753,4.43934246575344,0.818630136986314,5.85567123287672,4.88613698630138,3.58224657534245
"100896",14.9483835616439,9.17063013698632,1.8473424657534,1.21610958904111,6.57665753424658,3.0871232876712,6.32317808219179
"100897",14.1918904109589,11.2507397260274,3.07824657534246,0.337315068493155,9.55134246575344,3.38301369863012,6.22356164383564
"100898",14.9681095890411,12.096,2.67583561643838,0.999123287671239,10.0977534246575,2.71528767123289,6.71572602739727
"100899",14.609095890411,11.9441095890411,3.35046575342466,0.545424657534227,9.76142465753423,3.13446575342465,3.45106849315067
"100900",13.4225753424658,10.6974246575342,4.43539726027396,0.610520547945214,8.57687671232875,4.30027397260272,2.20734246575341
"100901",14.5420273972603,11.7448767123288,2.99441095890413,0.606575342465732,9.8768219178082,3.09008219178085,1.95780821917805
"100902",17.2415342465753,13.7204383561644,0.411287671232856,3.51813698630133,12.1413698630137,0.31364383561646,3.37413698630135
"100903",16.4781369863014,12.9915616438356,0.797917808219154,2.61764383561646,11.0327671232877,1.21808219178078,2.79616438356166
"100904",17.8934794520548,13.7963835616438,1.15298630136988,4.1917808219178,12.0299178082192,0.241643835616429,4.23517808219179
"100905",16.9456438356164,13.0783561643835,0.00986301369866283,3.17983561643834,11.2280547945205,0.7269041095891,4.27561643835611
"100906",12.9471780821918,10.9745753424658,4.79441095890411,1.04350684931507,9.30575342465752,4.57347945205481,1.80295890410957
"100907",12.0476712328767,9.64405479452054,5.52723287671233,1.89567123287671,7.9249315068493,5.51145205479452,1.41435616438358
"100908",12.6078904109589,9.05030136986301,4.64646575342468,1.24668493150685,7.08065753424657,5.09621917808221,1.97654794520545
"100909",13.1868493150685,8.33523287671233,3.85545205479451,0.613479452054776,5.95232876712328,4.72832876712332,2.3148493150685
"100910",12.9432328767123,8.50586301369864,4.63265753424656,1.01786301369864,5.84087671232876,5.0587397260274,1.93906849315067
"100911",14.3526575342465,9.75945205479451,2.5042191780822,0.611506849315049,7.65961643835612,3.44515068493152,2.80109589041095
"100912",14.6002191780822,10.5918904109589,2.01205479452057,0.938958904109597,8.98126027397259,2.98947945205478,3.1305205479452
"100913",15.4661917808219,13.1523287671233,1.94498630136988,1.57315068493151,11.6186301369863,2.01895890410958,4.22926027397261
"100914",13.3239452054794,9.65095890410959,4.36536986301371,0.665753424657538,7.24043835616439,4.54980821917806,2.68767123287671
"100915",9.43002739726029,6.49972602739729,8.06202739726024,4.49260273972598,4.60898630136987,8.21687671232874,1.45873972602743
"100916",9.10158904109591,7.80361643835619,8.46049315068493,4.82794520547944,6.60723287671235,8.21293150684929,1.77238356164384
"100917",13.0477808219178,9.17753424657531,4.34564383561647,0.852164383561671,6.93863013698629,4.76975342465755,3.30115068493146
"100918",12.0723287671233,8.19912328767123,5.46509589041096,1.87200000000001,5.83002739726027,5.79452054794521,2.67682191780821
"100919",14.0035068493151,9.75846575342467,3.35638356164381,0.110465753424648,7.37457534246576,3.88504109589039,4.73523287671233
"100920",14.0222465753425,11.4292602739726,3.36230136986302,0.13610958904107,9.79101369863014,3.5151780821918,5.12482191780825
"100921",14.0952328767123,11.7014794520548,3.81895890410959,0.0473424657534167,9.68547945205481,3.57435616438354,5.42663013698632
"100923",16.9436712328767,12.1877260273973,0.0996164383561506,3.14432876712328,9.84821917808222,0.95079452054793,4.21249315068494
"100924",17.6202739726027,13.1809315068493,0.573041095890375,3.82191780821918,10.9844383561644,0.207123287671237,3.85249315068495
"100925",17.9743561643836,14.3881643835616,0.879780821917791,4.16909589041097,12.5457534246575,0.316602739726022,3.9225205479452
"100926",17.8402191780822,13.9985753424658,1.1677808219178,4.16219178082193,12.4106301369863,0.266301369863015,4.32986301369863
"100927",17.6755068493151,13.2401095890411,1.02476712328766,3.99945205479452,11.3967123287671,0.0197260273972688,4.77271232876711
"100928",16.2522739726027,12.8061369863013,0.761424657534263,2.47265753424654,11.0998356164383,1.34827397260278,4.46893150684929
"100929",14.515397260274,11.844493150685,2.99342465753423,0.58980821917811,10.0592876712329,3.08021917808219,3.73512328767123
"100930",13.8220273972603,11.3483835616438,3.36526027397261,0.00295890410961874,9.93895890410957,3.62367123287672,3.41852054794518
"100931",12.5881643835616,10.3167123287671,4.69972602739728,1.26641095890412,8.91320547945207,4.84767123287671,2.67978082191777
"100932",11.7912328767123,9.95967123287673,5.61994520547947,2.09687671232876,8.64986301369862,5.5893698630137,2.1698630136986
"100933",12.4362739726027,9.08778082191779,5.13764383561644,1.51495890410959,6.92876712328763,5.328,2.29512328767123
"100934",11.7872876712329,9.37578082191783,5.64164383561643,2.11068493150685,7.78093150684933,5.72547945205477,1.8966575342466
"100935",12.7696438356164,9.8008767123288,4.63956164383558,1.12832876712326,7.96536986301373,4.85852054794518,2.47956164383564
"100936",15.4444931506849,10.3739178082192,2.1175890410959,1.48241095890413,7.42684931506852,2.6906301369863,4.30915068493152
"100937",14.2145753424658,11.3158356164384,3.60690410958904,0.190356164383587,9.14695890410962,3.53391780821914,2.7123287671233
"100938",6.03024657534243,5.73139726027395,12.4076712328767,8.16065753424658,4.2233424657534,11.3572602739726,0.710136986301364
"100939",7.66553424657533,8.02257534246576,9.83736986301372,6.23243835616441,7.64679452054793,9.26926027397261,0.357041095890423
"100940",13.0379178082192,8.94476712328768,3.91660273972605,0.72887671232877,6.98991780821919,4.6829589041096,2.93720547945205
"100941",12.1916712328767,7.90816438356163,5.21556164383566,1.71616438356168,5.46410958904107,5.72054794520551,2.79616438356163
"100942",12.9747945205479,10.2545753424658,4.81216438356162,1.03660273972602,8.19912328767126,4.72339726027397,2.95101369863016
"100943",14.5124383561644,10.7240547945206,3.03386301369864,0.566136986301387,8.38750684931509,3.3386301369863,4.04876712328769
"100944",12.8692602739726,11.6768219178082,5.1751232876712,1.20821917808217,10.1036712328767,4.58235616438355,3.79134246575344
"100945",18.3945205479452,13.2144657534247,2.33654794520547,4.89501369863012,11.5495890410959,0.733808219178059,5.10213698630136
"100946",18.353095890411,13.4521643835616,1.45183561643836,4.59517808219175,11.1708493150685,0.473424657534224,4.59616438356164
"100947",18.6864657534246,14.1849863013698,1.26443835616433,4.77271232876711,11.627506849315,0.720986301369862,4.21939726027395
"100948",18.2209315068493,15.134794520548,0.866958904109623,4.33972602739729,13.2943561643836,0.585863013698656,3.98761643835618
"100949",17.2859178082192,12.8130410958904,0.0611506849315333,3.43232876712329,10.4429589041096,0.607561643835595,4.78060273972605
"100950",15.4306849315069,11.8099726027397,1.69742465753424,1.61457534246577,9.92021917808219,2.24482191780822,4.33479452054797
"100951",13.9334794520548,10.8552328767123,3.55561643835614,0.0108493150684978,8.89742465753429,3.74399999999997,3.92350684931509
"100952",12.5921095890411,9.65687671232877,4.96701369863013,1.35123287671232,7.70400000000001,5.07747945205477,3.6808767123288
"100953",11.8444931506849,8.82049315068491,5.52230136986302,2.04065753424658,6.99682191780823,5.78071232876709,3.25479452054796
"100954",10.0573150684932,7.27298630136988,7.57873972602741,3.90871232876711,5.32208219178085,7.60536986301366,2.11758904109587
"100955",7.60339726027394,5.9375342465753,9.93205479452058,6.32120547945209,4.59419178082189,9.7821369863014,0.0512876712329273
"100956",6.20778082191782,5.03999999999999,11.7695342465753,7.84898630136985,3.53589041095893,11.2152328767123,1.08789041095892
"100957",9.52964383561647,7.41797260273975,8.40032876712328,4.52120547945205,5.51934246575343,8.08372602739726,0.295890410958918
"100958",13.003397260274,9.40043835616439,4.81117808219179,1.0237808219178,6.91298630136987,4.89600000000002,2.20635616438358
"100959",14.04,11.8997260273973,4.025095890411,0.0522739726027339,9.86794520547946,3.62465753424658,2.02980821917808
"100960",8.77117808219177,7.04515068493151,9.76931506849314,5.4641095890411,4.78454794520547,8.96054794520546,0.147945205479459
"100961",8.50093150684933,7.48109589041096,8.56898630136988,5.27572602739727,6.84986301369861,8.58969863013698,0.301808219178071
"100962",12.7686575342466,9.30378082191783,4.17797260273971,0.990246575342468,7.64876712328768,4.81315068493149,2.18564383561645
"100963",12.2133698630137,8.1675616438356,5.45523287671236,1.77238356164386,5.60317808219176,5.7343561643836,2.15408219178082
"100964",12.5418082191781,10.605698630137,5.7866301369863,1.62936986301372,8.43386301369864,5.16526027397262,1.7112328767123
"100965",13.6632328767124,9.33731506849315,3.74695890410962,0.246575342465746,6.87254794520547,4.25983561643838,3.08021917808219
"100966",13.1572602739726,9.86991780821916,4.36635616438357,0.778191780821942,7.78586301369859,4.57742465753427,3.93041095890408
"100967",12.2104109589042,10.2013150684932,5.43353424657531,1.75068493150681,8.6035068493151,5.28558904109588,3.66608219178084
"100968",14.3447671232877,9.72591780821921,2.59890410958903,0.576986301369885,7.53632876712331,3.48756164383562,4.4728767123288
"100969",9.66575342465751,6.84098630136984,8.33621917808222,4.41271232876713,4.54783561643836,8.12712328767122,2.32471232876713
"100970",5.421698630137,4.7125479452055,12.7252602739726,8.68339726027395,3.2725479452055,11.9579178082192,0.57501369863013
"100971",8.08372602739723,5.7974794520548,8.96153424657535,5.69589041095892,4.6020821917808,9.27419178082192,0.788054794520548
"100972",5.33687671232877,3.85446575342465,12.1315068493151,8.56602739726029,2.65709589041094,11.9865205479452,1.54652054794522
"100973",6.5579178082192,2.72219178082196,11.3128767123287,7.48799999999997,0.0759452054794849,11.4105205479452,1.02378082191777
"100974",8.13797260273972,6.09336986301369,9.53457534246576,5.83200000000002,4.45216438356164,9.37578082191783,1.42126027397262
"100975",11.5180273972603,9.35506849315067,6.42378082191783,2.53676712328766,7.42191780821915,6.1101369863014,0.54641095890409
"100976",14.3437808219178,10.9548493150685,3.72821917808218,0.238684931506839,8.33819178082192,3.59408219178084,2.17676712328765
"100977",12.9294246575342,10.4015342465754,5.97106849315068,1.42323287671232,7.44953424657535,5.09621917808218,0.659835616438357
"100978",10.0977534246575,5.65742465753425,7.2374794520548,3.78936986301369,3.20547945205479,7.82531506849318,0.820602739726013
"100979",12.8534794520548,9.36986301369862,4.01917808219176,0.882739726027381,7.77106849315069,4.70761643835615,1.54849315068495
"100980",12.1522191780822,8.35002739726025,5.35068493150686,1.78027397260271,6.04504109589041,5.68701369863015,1.0849315068493
"100981",11.0643287671233,9.8837260273973,7.23550684931502,3.09205479452052,8.08865753424661,6.46915068493146,0.460602739726056
"100982",12.7666849315069,8.94082191780819,4.05764383561643,0.957698630136974,7.22564383561644,4.85358904109589,2.64328767123288
"100983",11.8859178082192,7.96438356164384,5.1307397260274,1.8986301369863,6.03419178082194,5.81917808219177,3.26761643835619
"100984",11.7290958904109,9.2633424657534,5.75802739726026,2.18761643835617,7.5915616438356,5.81424657534248,3.16602739726028
"100985",11.153095890411,7.01654794520547,6.31528767123288,2.77249315068494,4.58728767123287,6.74827397260276,2.10378082191778
"100986",9.33238356164384,5.42465753424656,8.76526027397261,4.78454794520547,2.54465753424657,8.72679452054794,0.548383561643817
"100987",9.59868493150685,6.52339726027398,7.0698082191781,4.07145205479449,5.29545205479451,7.80657534246575,0.30772602739728
"100988",7.36175342465751,4.40679452054792,9.5710684931507,6.38827397260275,3.00032876712328,10.1046575342466,1.26641095890412
"100989",7.70498630136984,4.41665753424658,9.5523287671233,6.14860273972604,2.56734246575343,9.94191780821919,1.85030136986302
"100990",8.81161643835617,7.45446575342464,8.58871232876712,5.06860273972603,6.3734794520548,8.46147945205482,2.20931506849314
"100991",10.6441643835616,8.99506849315068,7.46728767123287,3.45797260273972,7.14871232876715,6.92876712328766,0.743671232876693
"100992",13.8466849315069,11.4134794520548,3.52898630136983,0.035506849315027,9.85610958904113,3.65326027397256,1.36405479452054
"100993",11.3651506849315,10.1963835616438,6.54016438356163,2.6689315068493,8.75539726027398,6.03517808219178,0.0808767123287737
"100994",8.16854794520549,8.06991780821917,9.15386301369861,5.67715068493149,7.6428493150685,8.8047123287671,1.17468493150685
"100995",10.4429589041096,10.835506849315,6.73446575342467,3.35441095890414,10.7644931506849,6.37643835616439,0.86597260273976
"100996",10.3946301369863,8.84120547945204,7.40021917808224,3.60986301369863,7.32032876712327,7.05304109589045,0.786082191780849
"100997",8.32142465753429,8.94476712328768,9.91824657534247,5.80043835616436,8.03934246575346,8.79879452054794,1.18553424657532
"100998",7.72964383561646,8.39342465753427,9.82158904109588,6.18115068493151,8.11627397260276,9.15386301369861,0.311671232876705
"100999",9.52471232876712,8.23857534246577,7.64975342465755,4.28646575342466,7.39134246575341,7.65863013698632,1.61950684931506
"101000",10.5504657534246,8.99704109589038,7.04613698630138,3.39189041095895,7.65172602739722,6.8301369863014,1.90257534246572
"101001",11.7379726027397,9.11243835616438,5.75802739726029,2.18268493150686,7.35978082191778,5.84284931506849,2.88690410958904
"101002",10.9272328767124,10.2851506849315,6.5815890410959,2.98158904109587,9.44087671232879,6.22652054794517,2.51605479452058
"101003",14.3358904109589,9.44186301369862,2.15013698630136,0.706191780821911,7.53139726027396,3.40471232876712,2.73501369863013
"101004",13.3121095890411,8.5818082191781,4.00241095890411,0.571068493150648,6.01446575342467,4.66717808219178,1.65304109589042
"101005",11.3010410958904,6.70191780821918,5.94443835616437,2.55945205479452,4.25490410958906,6.62695890410959,0.346191780821897
"101006",9.42509589041094,5.32504109589038,7.52646575342467,4.34071232876715,3.3701917808219,8.29676712328768,1.12339726027398
"101007",10.1105753424658,5.54104109589039,6.71375342465754,3.61972602739726,3.48065753424655,7.67145205479451,1.23189041095893
"101008",8.76328767123286,5.61106849315067,9.03846575342467,5.256,3.34257534246572,9.03452054794522,2.49534246575342
"101009",8.17249315068494,5.10706849315071,10.4932602739726,6.1121095890411,2.11364383561644,9.89260273972602,2.21128767123287
"101010",14.2619178082192,11.714301369863,3.07627397260273,0.389589041095888,10.1372054794521,3.24986301369864,1.14213698630138
"101011",10.7891506849315,9.71013698630136,6.57665753424658,3.07923287671233,8.7899178082192,6.41194520547947,0.179506849315089
"101012",8.68142465753428,7.99397260273975,8.08668493150682,4.9985753424657,7.78290410958908,8.23660273972601,1.18257534246573
"101013",9.85315068493153,8.91616438356166,6.91791780821916,3.82980821917806,8.58673972602742,7.12010958904111,1.32854794520546
"101014",10.987397260274,9.89457534246574,6.68909589041098,2.97665753424658,8.69227397260272,6.3202191780822,1.22202739726029
"101015",4.67210958904107,4.61687671232878,13.9837808219178,9.5838904109589,3.02794520547943,12.7341369863014,2.78334246575344
"101016",4.77073972602741,5.66235616438357,13.636602739726,9.40142465753425,4.73424657534247,12.3475068493151,1.80197260273971
"101017",9.87386301369861,7.96832876712327,7.58663013698634,4.03002739726031,6.57961643835614,7.5392876712329,1.18652054794521
"101018",10.9775342465753,8.21490410958901,6.61808219178084,2.97567123287672,6.31035616438353,6.66641095890415,1.75068493150684
"101019",11.5860821917808,8.65183561643838,5.97895890410959,2.35923287671233,6.69402739726027,6.08547945205481,2.40263013698629
"101020",11.1254794520548,9.5227397260274,6.56284931506852,2.84646575342467,8.07386301369863,6.29753424657534,2.14126027397259
"101021",11.0238904109589,9.58783561643835,6.53424657534245,2.90663013698631,8.33128767123287,6.31923287671231,2.419397260274
"101022",10.2299178082192,9.00690410958902,7.41895890410962,3.72624657534249,7.76909589041094,7.09742465753425,2.35627397260271
"101023",15.3981369863014,9.91528767123287,1.50904109589041,1.63430136986298,7.35879452054792,2.60975342465755,2.56635616438356
"101024",14.6406575342466,10.1776438356165,2.56635616438359,0.792986301369865,7.82728767123288,3.24493150684933,1.56427397260273
"101025",13.1621917808219,8.73271232876715,4.61983561643834,0.862027397260277,5.88920547945207,4.90684931506848,0.639123287671254
"101026",11.4460273972603,6.63484931506849,5.91090410958904,2.44997260273971,3.99156164383561,6.56482191780822,0.559232876712315
"101027",10.8305753424657,6.46915068493149,6.25019178082192,2.97764383561645,4.27758904109587,6.99090410958902,1.26936986301371
"101028",10.4755068493151,6.60131506849316,6.63682191780822,3.3386301369863,4.60898630136987,7.25030136986302,1.87002739726026
"101029",10.8493150684932,7.19210958904114,6.63189041095887,3.07627397260273,4.97293150684933,6.95145205479452,1.40252054794519
"101030",14.5844383561644,12.6424109589041,2.74487671232876,0.720000000000027,11.3533150684932,2.79320547945204,0.749589041095902
"101031",11.6965479452055,10.713205479452,5.95923287671232,2.25961643835618,9.57994520547945,5.58049315068493,0.166684931506865
"101032",9.84526027397263,7.32131506849316,7.16646575342463,3.92547945205479,6.04405479452058,7.55309589041093,0.500054794520537
"101033",10.5297534246575,7.7996712328767,5.90893150684931,3.06641095890413,6.93369863013697,6.72361643835617,0.824547945205495
"101034",11.6541369863014,9.67167123287669,5.68109589041097,2.21227397260276,8.35890410958905,5.73435616438357,1.06520547945206
"101035",10.2950136986301,7.72668493150687,6.86465753424656,3.52208219178081,6.29753424657537,7.16252054794521,1.31375342465751
"101036",3.25084931506848,3.60295890410956,15.3281095890411,10.9785205479452,2.27145205479451,14.0409863013699,3.61676712328767
"101037",9.42410958904111,7.1970410958904,8.39638356164383,4.59320547945205,5.34180821917809,8.1784109589041,0.513863013698625
"101038",9.46750684931507,8.49304109589039,7.94169863013698,4.41271232876716,7.58169863013697,7.72569863013697,0.181479452054788
"101039",11.2586301369863,7.80854794520548,6.54410958904111,2.76361643835619,5.40197260273973,6.60427397260275,1.68361643835615
"101040",12.1364383561644,9.2505205479452,5.14356164383562,1.72010958904107,7.56887671232877,5.42958904109588,2.05052054794524
"101041",11.6817534246575,8.8875616438356,5.73534246575346,2.21621917808221,7.12504109589037,5.90991780821921,2.09391780821915
"101042",10.5396164383562,8.1419178082192,6.8636712328767,3.35046575342466,6.57567123287672,6.96131506849315,2.28131506849317
"101043",10.5573698630137,8.27704109589038,6.26104109589042,3.15221917808219,7.28482191780819,6.72460273972604,2.83265753424655
"101044",9.7604383561644,7.28876712328767,6.79265753424659,3.8692602739726,6.44252054794521,7.47517808219177,3.26663013698632
"101045",15.3498082191781,10.9380821917808,2.23594520547945,1.38575342465754,8.27605479452052,2.65019178082196,1.32756164383559
"101046",14.3270136986301,10.4962191780822,3.15320547945205,0.400438356164386,8.19813698630136,3.51123287671234,0.702246575342457
"101047",12.4865753424658,8.47232876712329,5.5804931506849,1.62246575342465,5.5686575342466,5.58641095890408,0.145972602739704
"101048",11.2438356164384,6.51254794520548,5.76986301369863,2.54663013698629,4.20953424657534,6.63583561643836,0.865972602739731
"101049",10.9844383561644,5.68898630136985,5.904,2.77249315068494,3.23506849315069,6.97709589041094,1.12339726027398
"101050",13.6987397260274,7.97720547945204,2.78630136986303,0.0621369863013399,5.68405479452053,4.22136986301371,0.0670684931506287
"101051",16.1161643835617,13.7381917808219,1.46663013698634,2.1698630136986,12.0230136986301,1.44000000000003,0.738739726027376
"101052",13.6395616438356,11.0958904109589,4.13753424657534,0.366904109589029,9.13117808219178,4.01720547945206,0.499068493150702
"101053",8.94279452054792,6.62005479452051,8.74356164383562,5.03408219178084,4.83879452054791,8.6350684931507,0.958684931506866
"101054",9.05424657534246,7.00964383561643,7.65172602739727,4.61884931506847,6.22553424657536,8.13895890410959,1.37687671232877
"101055",9.03747945205481,7.7582465753425,8.01172602739723,4.73424657534244,7.02542465753424,8.10246575342467,2.13139726027396
"101056",10.5662465753425,7.45052054794522,6.62202739726027,3.2636712328767,5.74224657534248,7.01950684931509,1.70235616438356
"101057",9.09468493150686,7.13194520547947,9,5.0054794520548,5.15638356164382,8.5413698630137,2.87309589041095
"101058",7.69019178082192,6.03024657534246,11.0150136986301,6.59441095890409,3.65424657534248,10.0819726027397,3.19463013698629
"101059",9.83145205479451,7.64482191780823,8.10936986301371,4.22235616438357,5.70082191780821,7.80164383561643,1.00602739726028
"101060",9.52372602739726,7.33808219178081,8.26323287671229,4.48372602739724,5.53117808219179,8.05808219178081,0.131178082191752
"101061",11.5032328767123,8.72284931506852,6.02827397260273,2.43024657534247,6.86761643835618,6.12394520547946,0.89950684931506
"101062",12.3159452054794,9.1459726027397,5.068602739726,1.57512328767123,7.2394520547945,5.34673972602741,1.53567123287672
"101063",11.9510136986301,7.63594520547946,4.96800000000002,1.80690410958906,5.6110684931507,5.80734246575341,2.18761643835617
"101064",11.2270684931507,8.34706849315069,5.62882191780821,2.49928767123288,7.04317808219176,6.19693150684932,2.15112328767123
"101065",10.4538082191781,7.83517808219176,6.07561643835621,3.16997260273973,6.94158904109585,6.80547945205481,2.38389041095886
"101066",9.71210958904112,6.97315068493151,6.77490410958904,3.8988493150685,6.05983561643836,7.56,2.39375342465752
"101067",8.65972602739726,7.73063013698629,8.15868493150683,5.03802739726027,7.36471232876713,8.32734246575342,1.41139726027399
"101068",14.1731506849315,10.5603287671233,3.06542465753427,0.322520547945174,8.57687671232875,3.53786301369865,0.699287671232867
"101069",13.9975890410959,10.5475068493151,3.09402739726028,0.194301369863012,8.77117808219177,3.62860273972603,0.755506849315054
"101070",13.2065753424658,9.47736986301373,3.69073972602737,0.539506849315046,7.74345205479455,4.41665753424658,0.459616438356193
"101071",11.9973698630137,6.4642191780822,4.63265753424656,1.68164383561643,4.12865753424657,5.92964383561645,0.0858082191781193
"101072",13.8535890410959,6.94454794520547,2.38389041095891,0.284054794520557,4.32000000000002,4.2430684931507,0.420164383561655
"101073",16.4169863013698,12.6779178082191,1.75660273972605,2.27736986301369,9.80778082191779,1.63134246575345,0.455671232876711
"101074",14.2993972602739,10.656,3.26071232876717,0.350136986301351,8.37468493150683,3.52504109589043,0.893589041095879
"101075",9.14991780821919,6.1841095890411,8.24153424657536,4.74213698630138,4.36536986301371,8.47134246575342,0.422136986301354
"101076",7.63495890410957,6.60821917808218,9.78509589041099,6.24920547945209,5.6633424657534,9.57304109589046,1.80690410958906
"101077",7.42684931506849,6.83309589041096,9.46454794520548,6.29063013698629,6.55693150684931,9.5118904109589,2.55452054794523
"101078",7.08854794520545,6.7058630136986,10.3433424657535,6.79364383561648,6.05095890410956,9.98334246575345,3.61972602739729
"101079",6.24821917808217,6.26991780821919,11.6955616438356,7.7878356164384,5.34772602739724,10.9055342465754,4.90783561643838
"101080",8.37271232876711,7.75134246575342,9.53753424657538,5.65939726027398,6.56087671232874,8.91024657534248,4.49753424657536
"101081",5.49961643835616,5.00745205479453,13.6277260273973,8.90531506849314,2.79715068493152,12.1581369863014,4.59221917808219
"101082",8.70904109589043,6.74926027397262,9.43002739726026,5.40493150684929,4.7342465753425,8.94082191780819,1.68854794520544
"101083",11.0455890410959,8.41709589041099,6.01347945205478,2.74093150684931,7.05008219178086,6.39123287671234,0.00295890410959032
"101084",11.4440547945206,8.76624657534248,5.95824657534246,2.44800000000001,7.07079452054796,6.11704109589039,0.299835616438372
"101085",11.376,8.98520547945208,5.87539726027396,2.46772602739725,7.55802739726028,6.07364383561642,0.650958904109586
"101086",12.0851506849315,9.42608219178084,4.96997260273972,1.70038356164383,8.04821917808221,5.35758904109588,1.27824657534251
"101087",10.8266301369863,8.31846575342465,5.91978082191781,2.86323287671232,7.28482191780822,6.48098630136988,1.15989041095889
"101088",9.26827397260271,7.55901369863011,7.51265753424656,4.42454794520549,6.8636712328767,7.87660273972602,0.808767123287652
"101089",8.98323287671229,7.38542465753423,8.27506849315071,4.85556164383564,6.31923287671231,8.29578082191784,0.708164383561609
"101090",8.67649315068493,7.75232876712332,8.98224657534246,5.28065753424656,6.64569863013699,8.58871232876712,0.261369863013726
"101091",5.41873972602741,5.3408219178082,12.6946849315069,8.67057534246575,4.22136986301371,11.8129315068493,5.15736986301371
"101092",6.62597260273975,5.02520547945207,10.5169315068493,7.17731506849313,4.05961643835619,10.6155616438356,4.47978082191781
"101093",6.82619178082192,5.91780821917808,10.3670136986301,6.98794520547946,5.22936986301369,10.2812054794521,4.57150684931509
"101094",6.25413698630138,5.57654794520548,12.8732054794521,8.15276712328767,3.28142465753425,11.4440547945206,4.55375342465754
"101095",9.28208219178083,6.6555616438356,8.56405479452053,4.7460821917808,4.59221917808222,8.41512328767124,2.02487671232876
"101096",10.0237808219178,7.50575342465757,7.6339726027397,3.94619178082189,5.65841095890414,7.58761643835612,1.15989041095887
"101097",10.6579726027397,8.30663013698631,6.73939726027396,3.23013698630135,6.76701369863014,6.83112328767123,0.42410958904108
"101098",11.5910136986301,8.86093150684934,5.94739726027396,2.34345205479451,7.02147945205479,6.02728767123287,0.233753424657522
"101099",10.900602739726,8.24350684931505,6.32416438356168,2.93720547945207,6.71572602739724,6.59736986301371,0.272219178082167
"101100",9.58980821917808,7.9673424657534,7.53336986301369,4.20756164383565,7.00964383561643,7.64975342465752,0.121315068493175
"101101",9.68745205479453,7.95057534246573,7.72076712328766,4.19868493150682,6.68712328767123,7.67145205479451,0.0552328767123242
"101102",9.38761643835616,8.07287671232876,8.21391780821918,4.55473972602741,6.83408219178079,7.94367123287671,0.0157808219177866
"101103",6.72361643835612,4.80723287671231,10.9104657534247,7.23452054794524,3.26169863013695,10.749698630137,4.64449315068495
"101104",8.85106849315068,7.04515068493151,8.80076712328767,5.1110136986301,5.53512328767121,8.60350684931507,4.23221917808218
"101105",9.46060273972606,6.47013698630138,8.08865753424655,4.47978082191779,4.50049315068497,8.2178630136986,3.17293150684927
"101106",9.51682191780822,6.18509589041093,8.70410958904111,4.63364383561645,3.46290410958903,8.45852054794523,2.15901369863016
"101107",10.3186849315068,7.27495890410955,7.52449315068495,3.7124383561644,5.02027397260272,7.46827397260273,1.15397260273974
"101108",10.5179178082192,8.23561643835615,7.19210958904114,3.46586301369865,6.45139726027395,7.05895890410963,0.764383561643854
"101109",10.1697534246575,8.15178082191781,7.49293150684932,3.7972602739726,6.53326027397259,7.33512328767125,0.641095890410952
"101110",9.8876712328767,7.78882191780824,7.62312328767123,4.03397260273974,6.26597260273971,7.58367123287672,0.700273972602758
"101111",9.84624657534246,8.02947945205477,7.64383561643837,4.0665205479452,6.6555616438356,7.55704109589041,0.580931506849311
"101112",8.82641095890412,4.77764383561646,8.46739726027397,5.04394520547945,2.54367123287673,8.99704109589041,3.67101369863013
"101113",9.40734246575343,6.27879452054793,8.26520547945205,4.57249315068495,4.13556164383562,8.3421369863014,4.23616438356166
"101114",9.3560547945205,6.76306849315066,7.95945205479455,4.50936986301372,5.1849863013698,8.15769863013702,3.88997260273976
"101115",8.54038356164381,5.76986301369863,9.30082191780824,5.4877808219178,3.64438356164382,9.1864109589041,3.73512328767123
"101116",8.37665753424656,5.64361643835616,9.99221917808219,5.81424657534248,3.06739726027399,9.51780821917808,3.12657534246574
"101117",10.6885479452055,7.50082191780825,6.95835616438356,3.28438356164381,5.35463013698632,7.06487671232873,1.1293150684931
"101118",10.2733150684932,8.02750684931507,7.44756164383563,3.7144109589041,6.25216438356165,7.29961643835614,1.19243835616436
"101119",9.54049315068494,8.04230136986303,8.07090410958901,4.40679452054795,6.71079452054795,7.83419178082193,1.58991780821916
"101120",9.49906849315067,8.05709589041095,7.99298630136985,4.4107397260274,6.85676712328765,7.82334246575343,1.30980821917808
"101121",8.49797260273971,4.64547945205476,9.40931506849316,5.55978082191783,1.95780821917808,9.48624657534251,4.49161643835617
"101122",8.44569863013697,6.68021917808221,9.22586301369864,5.52131506849315,5.17019178082191,9.00591780821915,4.67704109589044
"101123",8.8875616438356,6.68219178082191,8.56504109589042,5.01632876712333,5.16230136986297,8.58772602739728,4.14641095890414
"101124",8.5206575342466,6.624,9.54542465753426,5.56964383561643,4.70465753424659,9.09073972602738,4.00043835616435
"101125",9.47441095890412,6.07758904109588,9.03846575342465,4.7658082191781,3.0664109589041,8.61139726027398,2.42136986301369
"101126",10.627397260274,7.28284931506849,7.22958904109592,3.4106301369863,4.87627397260272,7.22958904109592,1.59484931506853
"101127",9.78410958904112,7.91605479452056,7.88153424657531,4.18191780821914,6.36361643835616,7.68821917808216,2.09687671232874
"101128",7.5215342465753,4.40087671232874,9.80284931506853,6.35079452054796,2.56931506849313,10.1105753424658,4.86147945205482
"101129",8.03934246575344,4.83386301369862,9.2505205479452,5.82312328767125,2.9944109589041,9.59967123287672,4.59221917808219
"101130",9.45271232876712,6.57468493150685,7.90224657534247,4.42750684931508,4.82991780821916,8.13698630136986,4.04383561643834
"101131",8.66169863013695,6.30542465753425,8.83824657534248,5.25797260273973,4.67309589041093,8.86191780821918,4.59221917808219
"101132",10.1362191780822,5.87342465753423,7.8430684931507,3.94816438356168,2.93326027397259,7.96142465753425,2.97567123287669
"101133",11.657095890411,5.59232876712332,6.29654794520548,2.43419178082189,1.83945205479452,6.82421917808219,1.67375342465752
"101134",11.6886575342466,6.28668493150684,5.49567123287673,2.16,3.52109589041095,6.39419178082193,1.59583561643836
"101135",7.6349589041096,4.57249315068495,9.19627397260274,6.08547945205478,3.20449315068493,9.8215890410959,4.54093150684932
"101136",8.68734246575343,6.36164383561643,8.36778082191782,5.09523287671234,5.13764383561644,8.68241095890411,4.5655890410959
"101137",9.26334246575342,6.42082191780824,8.24646575342464,4.6632328767123,4.55375342465757,8.36975342465752,4.442301369863
"101138",10.728,6.29457534246575,6.96821917808219,3.27057534246578,3.5250410958904,7.31342465753426,3.37808219178083
"101139",12.0111780821918,5.72449315068494,5.44438356164383,1.9282191780822,2.30893150684932,6.35375342465753,2.49238356164383
"101140",11.0041643835616,6.29753424657534,6.66345205479453,2.98750684931505,3.42739726027398,7.08756164383561,2.93326027397262
"101141",7.5175890410959,5.06268493150685,9.09567123287673,6.1308493150685,4.1710684931507,9.73380821917809,4.60701369863011
"101142",9.01873972602738,5.86553424657535,7.09446575342469,4.48076712328768,5.09227397260273,8.2188493150685,4.41764383561645
"101143",9.34816438356165,5.02224657534245,7.89435616438357,4.50936986301372,2.70443835616436,8.51967123287673,4.54093150684935
"101144",10.3196712328767,5.63769863013695,7.2887671232877,3.65424657534248,2.83167123287669,7.74641095890414,4.02904109589042
"101145",10.8660821917808,7.08361643835616,6.61413698630139,3.05950684931508,4.80723287671233,6.96131506849318,3.93534246575345
"101146",11.570301369863,7.20197260273972,5.89512328767123,2.35627397260276,4.66717808219178,6.38038356164384,3.35342465753425
"101147",7.44263013698628,5.74915068493149,9.68449315068497,6.35769863013701,4.7549589041096,9.81369863013703,5.23331506849317
"101148",8.3115616438356,6.1712876712329,8.5541917808219,5.41183561643834,5.20175342465754,8.95561643835617,5.11693150684931
"101149",9.43890410958903,4.80230136986302,7.7385205479452,4.40186301369863,2.3996712328767,8.47528767123285,4.54191780821915
"101150",11.4134794520548,4.63956164383558,5.94739726027399,2.50126027397263,1.08197260273968,7.02641095890414,3.29917808219184
"101151",11.7251506849315,5.88624657534251,5.6426301369863,2.18367123287672,2.75671232876715,6.51353424657532,3.28339726027394
"101152",11.3848767123287,6.86465753424653,5.96416438356167,2.50717808219181,4.36142465753423,6.55989041095893,3.45698630136988
"101153",8.48120547945209,5.0755068493151,8.42597260273971,5.26487671232874,3.48164383561644,9.07495890410956,5.03112328767122
"101154",8.98323287671232,5.69095890410961,7.44361643835614,4.61490410958905,4.57545205479454,8.38947945205479,4.80131506849315
"101155",11.2369315068493,4.07539726027392,5.69983561643841,2.55057534246578,0.71408219178079,7.14575342465756,3.38893150684933
"101156",10.4419726027398,5.61304109589045,6.68613698630136,3.38399999999996,3.16306849315069,7.49687671232874,3.87320547945205
"101157",10.1510136986302,5.55287671232878,6.81534246575342,3.62367123287669,3.35539726027397,7.68427397260274,3.85939726027397
"101158",8.37271232876716,4.74805479452056,8.86389041095887,5.4769315068493,2.7606575342466,9.34027397260272,4.98969863013696
