"","Andrena_carlini","Andrena_miserabilis","Osmia_atriventris","Osmia_bucephala","Osmia_lignaria","Osmia_pumila","Andrena_violae"
"100001",0,0,0.154008565541706,0.138325818052206,0,0.203880299528064,0.0943022979631553
"100002",0,0,0.134023331191393,0.111202992306666,0,0.171254087311179,0.0119343453501354
"100003",0,0,0.130667427633617,0.11747916679885,0,0.194294334409717,0.0618734085597155
"100004",0,0,0.115870832663589,0.0942676108517277,0,0.16376098881263,0
"100005",0,0,0.113762628658708,0.0939643583548874,0,0.166472612279187,0
"100006",0,0,0.196778218339058,0.183543966291176,0,0.261426940483936,0.119600931372458
"100007",0,0,0.0589906020766005,0.0459640464207836,0,0.13778241601605,0
"100008",0,0,0,0,0,0,0
"100009",0,0,0.0276877953303699,0.00980315937783183,0,0.0971067981694949,0
"100010",0,0,0.222743151536969,0.199970833650291,0,0.263837314248317,0.0935322491346356
"100011",0,0,0.186638799229236,0.167725335307148,0,0.243142931371336,0.0804599706359793
"100012",0,0,0.0912853656531856,0.069180818194388,0,0.146931483544435,0
"100013",0,0,0,0,0,0.00830923614706869,0
"100014",0,0,0,0,0,0.035993837835834,0
"100015",0,0,0.129091399152961,0.104339799082211,0,0.174761547972042,0
"100016",0,0,0.183407720777431,0.156979162599698,0,0.220567649482287,0.0330863066863732
"100017",0,0,0.149023119890151,0.125517070999913,0,0.196470716024591,0.0297299989634591
"100018",0,0,0.0885358667041797,0.0623236506484548,0,0.131321426516279,0
"100019",0,0,0.0899025133871001,0.0603966170752116,0,0.123177220040727,0
"100020",0,0,0.0742463381330386,0.0487487308626877,0,0.121041990076916,0
"100021",0,0,0.0993878907725801,0.0731909557383997,0,0.146162432145382,0
"100022",0,0,0.141845790517033,0.114557636800861,0,0.180388784943768,0.0200803891815606
"100023",0,0,0.0860172546617826,0.0626017980903089,0,0.138301330828697,0
"100024",0,0,0,0,0,0,0
"100025",0,0,0,0,0,0.0270078780631424,0
"100026",0,0,0.162263987565838,0.14101390628964,0,0.215043220926717,0
"100027",0,0,0.236445651677295,0.206214816746113,0,0.268845522554307,0.0662687931077351
"100028",0,0,0.162537560889273,0.131857738961327,0,0.197611553696117,0.000370010748686811
"100029",0,0,0.0319031062941688,0.004516918601144,0,0.0765140935314805,0
"100030",0,0,0,0,0,0.0407749708935221,0
"100031",0,0,0,0,0,0.017140241021237,0
"100032",0,0,0.00202997655558534,0,0,0.059201800234982,0
"100033",0,0,0.0624334925130789,0.0402597655094603,0,0.122553733402114,0
"100034",0,0,0.259365037712022,0.227452235616619,0,0.289307622654978,0.0885562116143973
"100035",0,0,0.20990101559846,0.179429392366097,0,0.244248482462577,0.0585192411259925
"100036",0,0,0.0145154794398697,0,0,0.0675427344331517,0
"100037",0,0,0.0233543428110399,0.00151580463214585,0,0.0822002099294284,0.00577653913051357
"100038",0,0,0.0960259306462037,0.0744264236741188,0,0.155928426442079,0
"100039",0,0,0.106027013625835,0.0851578832715638,0,0.167842155929767,0
"100040",0,0,0.0743158083088955,0.0423152174098371,0,0.112996678718789,0
"100041",0,0,0.143503125299395,0.115557079712765,0,0.191651661553983,0
"100042",0,0,0.103436795808379,0.0788804466806692,0,0.164256445417819,0
"100043",0,0,0.209583594356716,0.182403558447455,0,0.251055393048037,0.0174277106926713
"100044",0,0,0.2368103439195,0.214571339366974,0,0.289267622405816,0.0469269741221545
"100045",0,0,0.145418028508887,0.124508329526993,0,0.202833242697072,0.0135063890022007
"100046",0,0,0.216459870538355,0.185838993173104,0,0.25624345223968,0.00396799791625113
"100047",0,0,0.191885328203821,0.166961043491499,0,0.253119596673236,0
"100048",0,0,0.105558004683656,0.083583592671538,0,0.178320213568512,0
"100049",0,0,0.162802034362604,0.136461963887239,0,0.214993792081306,0
"100050",0,0,0.160075147724607,0.137734892256606,0,0.223349884643088,0
"100051",0,0,0.0907961343096773,0.0685739771748429,0,0.150201959175302,0
"100052",0,0,0.324194447543138,0.296677635521449,0,0.379627290049322,0
"100053",0.128624816325311,0.19067488524788,0.522306645103275,0.494166856625296,0.163921398830407,0.574595742021042,0
"100054",0,0,0.190806750423822,0.167217442414787,0,0.257930349763909,0
"100055",0,0,0.133691736479836,0.110959378039653,0,0.198033413176342,0
"100056",0,0,0.0712356357092353,0.0537085674581308,0,0.1552125255204,0
"100057",0,0,0.0963400235253379,0.0721837724708141,0,0.152582046118985,0
"100058",0,0.00798542582936157,0.305833204131093,0.28010845329177,0,0.366854911109015,0
"100059",0,0.00712897567394633,0.344047177727471,0.31493735149235,0,0.394668700949338,0
"100060",0,0,0.154913885396742,0.131495532309474,0,0.227998642019725,0
"100061",0,0,0.103764916312553,0.0825082670050421,0,0.178654643798894,0
"100062",0,0,0.0289868478580669,0.0110324520331996,0,0.116459544404631,0
"100063",0,0,0.163284226679932,0.138417201853264,0,0.231868426270933,0
"100064",0,0,0.226503451759642,0.200766473016606,0,0.289581911423259,0
"100065",0,0,0.187583986863696,0.16454871021036,0,0.263757627607305,0
"100066",0,0,0.1036455848001,0.0848622044016334,0,0.194323406881824,0
"100067",0,0,0.0904395384573368,0.0713406693615979,0,0.178452266580379,0
"100068",0,0,0.0376007515528723,0.0143154013495804,0,0.110663131477673,0
"100069",0,0,0.259737378466551,0.234768304595811,0,0.323792182628793,0.00710500199653563
"100070",0,0,0.295065337335015,0.265853032342796,0,0.344118908437737,0.0117685360738435
"100071",0,0,0.238434969375031,0.213164209078847,0,0.307130965916354,0
"100072",0,0,0.0979359255781097,0.0774331929698616,0,0.18302566937688,0
"100073",0,0,0.058089656935729,0.0398019935715243,0,0.150888991549792,0
"100074",0,0,0.0788700829761595,0.05708067172586,0,0.156618876316925,0
"100075",0.118000387543867,0.173015578104951,0.519719946378849,0.490717569178058,0.151994199613386,0.56809803367032,0.268806348795593
"100076",0,0.0158213191583805,0.38751440938099,0.356486722260746,0.00692969883394789,0.425866348217411,0.109861130525882
"100077",0,0.028098188047501,0.334302168247289,0.308070513987003,0,0.391649760328048,0.0816616757774404
"100078",0,0,0.283770994698043,0.252544247410557,0,0.32609590755234,0.00653376323742438
"100079",0,0,0.22433117159761,0.197513578094528,0,0.287919753295621,0.0509574995362952
"100080",0,0,0.149176287018533,0.124397865547597,0,0.218406252059083,0
"100081",0,0,0.0755995055358109,0.056297604972865,0,0.162075007972729,0
"100082",0,0,0.124619538363497,0.100753482633845,0,0.190088357392574,0
"100083",0.0708296765441176,0.152188246726341,0.436625822167102,0.41107651202361,0.108955356446884,0.499682087217994,0.148591837487394
"100084",0.163174163778021,0.231800332603774,0.559603154945684,0.531151633687667,0.199789439157068,0.615756392598714,0.237845163951675
"100085",0.181804341161638,0.226299114768737,0.6017872061777,0.570659502891273,0.213917091377193,0.643958083136291,0.292654326218846
"100086",0.157343870856666,0.209883378539534,0.565084673548999,0.535437812715259,0.190908534374411,0.612041561935414,0.266242647939947
"100087",0.0272595239131523,0.0916820204586415,0.426026962052033,0.396719379370364,0.0628603431471696,0.479149411329136,0.0887240852837093
"100088",0,0.0168132377811824,0.33534243172539,0.307338378563186,0,0.391510704764752,0.0292758085121408
"100089",0,0,0.295948793163143,0.26878637247022,0,0.354472450222239,0.0286140988970653
"100090",0,0,0.293747664727715,0.265675314465142,0,0.348391336564084,0.0248544156723377
"100091",0,0,0.273292483176949,0.242797675013883,0,0.318670091906623,0.0200783726251523
"100092",0,0,0.160170779627033,0.133793121570755,0,0.223508461037962,0
"100093",0,0,0.170261428073476,0.142250556896468,0,0.226686265119591,0
"100094",0,0,0.064905887067927,0.0392433212272204,0,0.128416388224168,0
"100095",0,0,0.0435082578774286,0.0194671460532791,0,0.112340186659256,0
"100096",0.12406732398467,0.166157335403891,0.505738447798377,0.478560101167189,0.15426620299812,0.546370267221724,0.229433051340854
"100097",0.156259701302563,0.182566640837253,0.556175965358915,0.526928611212328,0.183605453733476,0.587762263190958,0.29349167856177
"100098",0.105058988581979,0.161307792811069,0.482895574561192,0.456632998832824,0.138351923273241,0.531897260006771,0.262429439071439
"100099",0.103543494565406,0.18306667840593,0.467390629332102,0.442610565029336,0.141368732859918,0.529847629686891,0.226110871999721
"100100",0.166966445684754,0.246451678514624,0.536019786581237,0.510869315565092,0.205081826289867,0.598742854160821,0.26546436665227
"100101",0.2129104616632,0.278769037542267,0.610384806627321,0.582350896223522,0.249166851020051,0.665464116112748,0.297241621828651
"100102",0.173250048821078,0.229083682952706,0.587508804512822,0.557172679726382,0.20764204635721,0.636227075658481,0.234039199141015
"100103",0.0877539021080204,0.145504223142737,0.499737327410535,0.469176311531965,0.122235238971494,0.54905350697324,0.154160958692554
"100104",0.0519979534683621,0.115232072592421,0.464174973447421,0.433809490236419,0.0878667959282409,0.516920507651786,0.082956303119715
"100105",0.0388436261169036,0.110175801191955,0.43439559468465,0.406296443202115,0.0758405449508947,0.49215589994122,0.0632538462901239
"100106",0,0,0.27106415642771,0.245614213381295,0,0.339046484289999,0.0255963145598319
"100107",0,0,0.310242865477691,0.282216617558709,0,0.367986535127936,0.0729053977779057
"100108",0,0,0.255970862124491,0.227693063350549,0,0.311936111552111,0.0281185889216556
"100109",0,0,0.155589552704998,0.128116063642946,0,0.214647258355506,4.05595392103386e-05
"100110",0,0,0.180166448604872,0.15051300966736,0,0.230781980698094,0
"100111",0,0,0.00747327910050954,0,0,0.0525829760319259,0
"100112",0.154332781249286,0.204184162005133,0.535463980062691,0.508116533097408,0.186017921865216,0.580307080940163,0.21344965183827
"100113",0.167340366915921,0.218257170388798,0.542992832636683,0.517405062254642,0.199623726858885,0.589677932727561,0.249724018896575
"100114",0.146568773139147,0.205798027007365,0.513672650973771,0.489065841615427,0.180369605506241,0.565077968423466,0.260996340781306
"100115",0.11663832857257,0.174920899086914,0.496331939077501,0.469891166391036,0.150434150176117,0.546526423782613,0.26942779246825
"100116",0.126957444451943,0.16675767421402,0.539742398843776,0.508693076498841,0.157480013922566,0.578418445526329,0.300538384476985
"100117",0.200809238178058,0.260348845914735,0.594771255630731,0.566868215322522,0.235548158092183,0.645997454424079,0.345622660372901
"100118",0.157460343196378,0.23455000471278,0.539670796701027,0.513486239752497,0.19558765448079,0.601294889972471,0.243009062920719
"100119",0.0670747921171592,0.135941362247386,0.46931907679909,0.440259983383826,0.103843743500559,0.525408328948345,0.106908630693656
"100120",0,0.0307257453534957,0.385113250973704,0.354335785887261,0.00601868535357308,0.435600389064259,0.0553533401227611
"100121",0,0,0.308156557807906,0.279875623728641,0,0.369503017744563,0
"100122",0,0,0.311787715243624,0.280900068090914,0,0.361646364638971,0.0257131328683643
"100123",0,0,0.315543747503091,0.284780759030107,0,0.365101490676822,0.0757979706266445
"100124",0,0.011307772402171,0.342979379882944,0.314047522743553,0,0.40011263749663,0.127976442305411
"100125",0,0,0.250731939877255,0.222991209461499,0,0.311664483766536,0.010928591693263
"100126",0,0,0.198536475434846,0.168759683903161,0,0.249330096405558,0
"100127",0,0,0.191598160618248,0.161439887285534,0,0.24480114736524,0
"100128",0,0,0.238385700628778,0.205525401415475,0,0.279616130640888,0.0245824671070379
"100129",0,0.0338854377290649,0.303535687383386,0.279122197680836,0,0.376961503113253,0.0590609983351825
"100130",0,0,0.29921403905037,0.269012864772548,0,0.351705926297155,0.0308958300146633
"100131",0,0,0.27241106286751,0.243850510744844,0,0.333239319672561,0.00404807487805559
"100132",0,0,0.230135065844609,0.203238286954437,0,0.297361643671148,0.00644039979133559
"100133",0,0,0.243004140163089,0.213955041497276,0,0.300055053845334,0.0469986483463892
"100134",0,0,0.254739290787559,0.225727178230038,0,0.312707411898923,0.0658145838938159
"100135",0,0,0.232154558991687,0.201338199744469,0,0.281298066086175,0
"100136",0,0,0.257183482099516,0.225805616364254,0,0.307292371317255,0
"100137",0,0,0.324018046030456,0.288358743375495,0,0.354310361809881,0.00395508093711483
"100138",0,0,0.362215888139974,0.322854929022591,0,0.37998557653998,0.0716142734106479
"100139",0,0,0.281431948455613,0.250972431546271,0,0.338126931536327,0.0123242633818226
"100140",0,0,0.291456309122986,0.258280578641414,0,0.332391309178196,0.0205202799075198
"100141",0,0,0.281465711340994,0.251979999068169,0,0.337135202032411,0.0388787949935353
"100142",0,0,0.230636245659579,0.205434038708318,0,0.304002196279712,0.0342304995219141
"100143",0,0,0.255278393062788,0.224305554700392,0,0.305522491036216,0.0517353951323126
"100144",0,0,0.196341020773112,0.165010072188005,0,0.24455522609046,0
"100145",0,0,0.172357067948234,0.142808223783383,0,0.224825953844326,0
"100146",0,0,0.230624777265313,0.199530581691928,0,0.277217594192863,0
"100147",0,0,0.324829372389445,0.287851183054467,0,0.348929865641542,0
"100148",0,0,0.250337207214013,0.214532471531453,0,0.280540633985461,0
"100149",0,0,0.119880263638678,0.0868601548943387,0,0.161047790695984,0
"100150",0,0,0.263049321256398,0.230889629129765,0,0.309959178388289,0.00580921732410933
"100151",0,0,0.288268210274095,0.255735599910516,0,0.331226558531978,0.0434964627605686
"100152",0,0,0.257313587682149,0.228499808673616,0,0.314071580792234,0.0441651111978043
"100153",0,0,0.261629754193293,0.232720122542459,0,0.319756252203442,0.0641209456498479
"100154",0,0,0.246536619458574,0.215270449417771,0,0.293747114270082,0.0496618739721711
"100155",0,0,0.132769619777876,0.101616162827236,0,0.180631831779115,0
"100156",0,0,0.144862800316161,0.113147630290279,0,0.188817970135391,0
"100157",0,0,0.180843285389353,0.148406749375634,0,0.220960080297821,0
"100158",0,0,0.187118978981846,0.1533237237175,0,0.222118459198281,0
"100159",0,0,0.106145614812312,0.0748523687967241,0,0.154709456976286,0
"100160",0,0,0.15252956226343,0.118754193035538,0,0.191515604633107,0
"100161",0,0,0.288408608330261,0.260678989749503,0,0.348028362013385,0.0914201958616376
"100162",0,0,0.284556292285553,0.255751813020668,0,0.341145989490936,0.0889556650853512
"100163",0,0,0.270347233829225,0.241108850869664,0,0.325304214034758,0.0834169491238212
"100164",0,0,0.231765517693329,0.202422119621109,0,0.284517427253874,0.0546149684126844
"100165",0,0,0.200260162972895,0.168894593270009,0,0.245444808477946,0.00489865078357554
"100166",0,0,0.132600702225358,0.0991031926874005,0,0.170201940743053,0
"100167",0,0,0.148103707977092,0.113669714145494,0,0.18073384831141,0
"100168",0,0,0.164763583842278,0.131402319065754,0,0.201057667771617,0
"100169",0,0,0.109453659070642,0.0796754484191299,0,0.161679182720443,0
"100170",0,0,0.120774107693138,0.0914581644382617,0,0.178141306352903,0
"100171",0,0,0.243436351677988,0.209603667361988,0,0.2850167438567,0
"100172",0,0,0.0817101605263428,0.0472316307615247,0,0.116419280618551,0
"100173",0,0,0.253047160954832,0.225769549113072,0,0.314463812052227,0.0602328894708412
"100174",0,0,0.258864294739218,0.232686788256956,0,0.324525762460792,0.0821245093320141
"100175",0,0,0.284061329762889,0.252971438022366,0,0.331588383507291,0.0932231100304045
"100176",0,0,0.275452903191645,0.241774770178507,0,0.312107176846822,0.0802239879271284
"100177",0,0,0.229235082377998,0.194084870570419,0,0.261918335221808,0.0108298523611224
"100178",0,0,0.0885611587231708,0.0560918549084017,0,0.132757107596938,0
"100179",0,0,0.100743296975483,0.0694508598013921,0,0.145946383571147,0
"100180",0,0,0.0776626066825797,0.0480203960138995,0,0.129948790858356,0
"100181",0,0,0.0744002458903518,0.0447650148243801,0,0.128869926882225,0
"100182",0,0,0.132926798812675,0.102914952700114,0,0.187368220651909,0
"100183",0,0,0.14009710075582,0.110084047128168,0,0.196073499782564,0
"100184",0,0,0.0918646932022941,0.0640847156691196,0,0.154155985790636,0
"100185",0,0,0.165508362303856,0.140262958648367,0,0.240471955317541,0
"100186",0,0,0.219546010616012,0.191659400298895,0,0.28045796224699,0.0179117409454632
"100187",0,0,0.267821822045276,0.233501053289471,0,0.305919067220749,0.0472516072179412
"100188",0,0,0.269215377128461,0.235533615108998,0,0.309885013592624,0.0643902870375349
"100189",0,0,0.213540934150639,0.181454388358897,0,0.262554824408995,0.019259691316989
"100190",0,0,0.182328037022244,0.148568603967679,0,0.220505465953342,0
"100191",0,0,0.1331891928906,0.10146489910494,0,0.177745920569053,0
"100192",0,0,0.0417662934634031,0.0138643690987239,0,0.10240920642183,0
"100193",0,0,0.0115603983106068,0,0,0.074743325492607,0
"100194",0,0,0.0727748478987765,0.0432317366023696,0,0.130361050073321,0
"100195",0,0,0.076759985948626,0.0486812833374904,0,0.139173628233253,0
"100196",0,0,0.108326109225089,0.0800027603686099,0,0.168624778095283,0
"100197",0,0,0.0475108986330316,0.0226635749981315,0,0.116371265806868,0
"100198",0,0,0,0,0,0.0534799525540901,0
"100199",0,0,0.206712719968725,0.177635824785,0,0.264676703098399,0
"100200",0,0,0.203013832461425,0.173038693639266,0,0.257639026608092,0
"100201",0,0,0.127842080275785,0.100935796804911,0,0.196961504624515,0
"100202",0,0,0.188109095737662,0.157846730840902,0,0.243262910032444,0
"100203",0,0,0.167121484615107,0.136465011055438,0,0.220096731530366,0
"100204",0,0,0.178225694736626,0.146254438206804,0,0.222764304490079,0
"100205",0,0,0.147519993953585,0.117009521182356,0,0.196351777933781,0
"100206",0,0,0.0640262102043979,0.0362308301310471,0,0.124118090623186,0
"100207",0,0,0,0,0,0.0471617780373231,0
"100208",0,0,0,0,0,0.0472261744862609,0
"100209",0,0,0.0134015544930165,0,0,0.0823963997502843,0
"100210",0,0,0.0395432660798443,0.0135286060492691,0,0.10511295465473,0
"100211",0,0,0.0378522503002219,0.0127067718017727,0,0.105577002052945,0
"100212",0,0,0,0,0,0.0658308670243477,0
"100213",0,0,0,0,0,0,0
"100214",0,0,0.253822598379846,0.223640442588436,0,0.305281638330755,0
"100215",0,0,0.227191230366514,0.19553015352201,0,0.273649120787252,0
"100216",0,0,0.179429064569553,0.148608967806335,0,0.22798809030814,0
"100217",0,0,0.180912408343768,0.150788441800106,0,0.23417763672762,0
"100218",0,0,0.192913142935647,0.162570856600528,0,0.244482267570227,0
"100219",0,0,0.215896081233663,0.184457559037327,0,0.260037881367924,0
"100220",0,0,0.163701745245048,0.133593954402852,0,0.210618708603083,0
"100221",0,0,0.0967407144666734,0.068612447804832,0,0.152283298474115,0
"100222",0,0,0.00896198678337456,0,0,0.0725425424389693,0
"100223",0,0,0.0133095999166336,0,0,0.0768836680714026,0
"100224",0,0,0.077620701092838,0.0492460275613192,0,0.1348453108584,0
"100225",0,0,0.040800218801497,0.0143558433460995,0,0.10123338431612,0
"100226",0,0,0,0,0,0.0484042917616322,0
"100227",0,0,0,0,0,0.0343854960866516,0
"100228",0,0,0,0,0,0.0553084626180513,0
"100229",0,0,0,0,0,0.0619638567804819,0
"100230",0,0,0.276649833174243,0.246690926119449,0,0.327481661602137,0.0741379622387819
"100231",0,0,0.286571665186346,0.253506819340433,0,0.324347184367182,0.167823669921968
"100232",0,0,0.287794322891615,0.2510656156304,0,0.312616142285837,0.137011329867923
"100233",0,0,0.258655585066871,0.223910935128937,0,0.29206637408089,0.063624393527177
"100234",0,0,0.231359274241777,0.19881086842351,0,0.274417861902746,0.0268380537616906
"100235",0,0,0.176044329114386,0.145349072785595,0,0.224446551864454,0
"100236",0,0,0.16560989782788,0.137270030547101,0,0.220737377321703,0
"100237",0,0,0.164012249000157,0.134921407557003,0,0.216422049382116,0
"100238",0,0,0.0628770661745098,0.0356239101688207,0,0.129140806126305,0
"100239",0,0,0,0,0,0.0312765074645613,0
"100240",0,0,0.0401616711487469,0.0144738714957253,0,0.107462087691133,0
"100241",0,0,0.078691856644997,0.0506129643056711,0,0.135358797098462,0
"100242",0,0,0.0640288084455256,0.0346495058213914,0,0.115590850400858,0
"100243",0,0,0.045157752009431,0.0150379038733809,0,0.0917017129157551,0
"100244",0,0,0.0318866426398781,0.00358091423934748,0,0.0842022878445586,0
"100245",0,0,0.00659026834768384,0,0,0.063295420272335,0
"100246",0,0,0,0,0,0.00765192811700766,0
"100247",0,0,0.293811747484156,0.257966746685204,0,0.315856584655851,0
"100248",0,0,0.244779452958992,0.216906372322772,0,0.303595245976433,0.0952629970506985
"100249",0,0,0.365177502965039,0.329963969103592,0,0.397795261056431,0.507197701744155
"100250",0,0,0.430518172994961,0.388916568908228,0,0.444929843626634,0.450643801777095
"100251",0,0,0.304255289961266,0.269843789306948,0,0.339271660158368,0.13747579144179
"100252",0,0,0.223834412089582,0.192546895101737,0,0.273778234941666,0.0233821289799848
"100253",0,0,0.199988022775169,0.169254326119802,0,0.250540181413552,0
"100254",0,0,0.225105233342808,0.192523826056733,0,0.266840219363413,0
"100255",0,0,0.126697043081011,0.0986445133175895,0,0.186122547461921,0
"100256",0,0,0.101395233125103,0.0800898530645278,0,0.190561885214246,0
"100257",0,0,0.0374249751009478,0.0130047649041678,0,0.112011544650234,0
"100258",0,0,0.0709606475220586,0.0435984874727572,0,0.132482553062707,0
"100259",0,0,0.0570137791996558,0.0309925772507677,0,0.123183355483697,0
"100260",0,0,0.0340887704763092,0.00798689281186515,0,0.101513405075399,0
"100261",0,0,0.0404794389892102,0.011854087432102,0,0.0960109417506527,0
"100262",0,0,0.0506238312623908,0.0220219003312689,0,0.102801741874322,0
"100263",0,0,0.0174187764678913,0,0,0.0663858876552911,0
"100264",0,0,0,0,0,0.0291548912653165,0
"100265",0,0,0,0,0,0,0
"100266",0,0,0.183464735389715,0.155369704003485,0,0.236283984363694,0
"100267",0,0,0.195162954979006,0.166762085367646,0,0.248651643992876,0.03388316148419
"100268",0,0,0.359065682267972,0.322754665936558,0,0.387742693923778,0.534983015597868
"100269",0,0,0.452357958700037,0.410259986814994,0,0.456709055421547,0.395149699938617
"100270",0,0,0.319580394957012,0.285756963414526,0,0.356811407409505,0.0918727798545144
"100271",0,0,0.227892467623393,0.197598566059552,0,0.281618225810485,0
"100272",0,0,0.312978576415717,0.277538540794242,0,0.345835744057647,0
"100273",0,0,0.385617319010676,0.343927001489514,0,0.393915412695777,0
"100274",0,0,0.19569708742228,0.164639142175748,0,0.24431993064627,0
"100275",0,0,0.0944731990719794,0.0706746989611376,0,0.171835580078572,0
"100276",0,0,0.0502599468897879,0.0266271378545716,0,0.129871609543507,0
"100277",0,0,0.0572844236374264,0.0302941666058971,0,0.120780398501901,0
"100278",0,0,0.0044004757267434,0,0,0.070115482221711,0
"100279",0,0,0.000904220354288499,0,0,0.0746356283939005,0
"100280",0,0,0.0154699514003065,0,0,0.0712095002739873,0
"100281",0,0,0.0238702560570808,0,0,0.0749076168495398,0
"100282",0,0,0,0,0,0.0468328257201637,0
"100283",0,0,0,0,0,0.0287793668153912,0
"100284",0,0,0,0,0,0.0275867308183877,0
"100285",0,0,0,0,0,0,0
"100286",0,0,0,0,0,0,0
"100287",0,0,0.17941467791941,0.147804937654362,0,0.224527903364939,0
"100288",0,0,0.185050698139084,0.155224061522342,0,0.236298430287992,0
"100289",0,0,0.251287105896538,0.224788778762493,0,0.314992879651757,0.0983317192265228
"100290",0,0,0.299768760737965,0.271727927262545,0,0.360949956823309,0.0711721685389364
"100291",0,0,0.347125151666773,0.314136964009417,0,0.390123063032953,0
"100292",0,0,0.237544423419596,0.207823873814939,0,0.288097722659773,0
"100293",0,0,0.275795660050934,0.247756351559926,0,0.334948786545811,0
"100294",0,0,0.345187362209077,0.31236870923731,0,0.387239115260075,0
"100295",0,0,0.204000694351505,0.176551208420956,0,0.267540381196819,0
"100296",0,0,0.140957835036354,0.112885771033916,0,0.200640822741296,0
"100297",0,0,0.0781494764634101,0.0538382672475585,0,0.152341850015629,0
"100298",0,0,0.0350257207333948,0.0122047469715627,0,0.114733748600312,0
"100299",0,0,0.014643361251609,0,0,0.085715509614551,0
"100300",0,0,0.0657324646691593,0.039035415546998,0,0.122992848432734,0
"100301",0,0,0.114021384816288,0.084033835312589,0,0.163680596944887,0
"100302",0,0,0.0177234455596307,0,0,0.06604181933387,0
"100303",0,0,0,0,0,0.0517632070426657,0
"100304",0,0,0,0,0,0.0373630287481225,0
"100305",0,0,0,0,0,0,0
"100306",0,0,0,0,0,0,0
"100307",0,0,0,0,0,0,0
"100308",0,0,0,0,0,0.0280919253038714,0
"100309",0,0,0.158068413475225,0.127337705191021,0,0.205428974162421,0
"100310",0,0,0.178366610259847,0.150663748902531,0,0.238496095365159,0
"100311",0,0.00142556582184228,0.269267492370021,0.244886773276643,0,0.344230294264567,0
"100312",0.179241273198404,0.250051567049274,0.587181705702928,0.558016977292139,0.216585244993509,0.642463452014587,0.117878910962471
"100313",0.117987151589748,0.175131730056463,0.548224416775417,0.51659976259573,0.153219035818622,0.595579138458792,0.0206741022570472
"100314",0,0.0411401656218747,0.367112702246971,0.338584834880712,0,0.429920475634402,0
"100315",0,0,0.234550299820315,0.211794356490859,0,0.316800139640489,0
"100316",0,0,0.203497781735093,0.178849924574542,0,0.280398901746697,0
"100317",0,0,0.151776072136602,0.127397071029693,0,0.226706752232384,0
"100318",0,0,0.131181844199081,0.102759277607962,0,0.188475946689902,0
"100319",0,0,0.108899988187294,0.0785187712527831,0,0.15699082700644,0
"100320",0,0,0.0577254415813707,0.0303045367682845,0,0.116296275201242,0
"100321",0,0,0.0217065722377734,0,0,0.0816450127225974,0
"100322",0,0,0,0,0,0.0497660258681388,0
"100323",0,0,0,0,0,0,0
"100324",0,0,0,0,0,0,0
"100325",0,0,0.000392087159206134,0,0,0.0502510098162933,0
"100326",0,0,0.0118499618396227,0,0,0.0603586721798296,0
"100327",0,0,0,0,0,0.0183388288435308,0
"100328",0,0,0,0,0,0,0
"100329",0,0,0.0969785272738485,0.0696343330633382,0,0.153451741903639,0
"100330",0,0,0.0734971944276093,0.0432996380840407,0,0.122190120252492,0
"100331",0,0,0,0,0,0.00563340931959144,0
"100332",0,0,0.180160958584049,0.152384313949592,0,0.230637554480632,0
"100333",0,0,0.160450641973639,0.136282217349466,0,0.233118805186173,0
"100334",0.118959855571417,0.248011802572521,0.453116625574998,0.433882379569407,0.167007074560504,0.544130193603654,0.0911378240925237
"100335",0.0665868611650473,0.117278257984393,0.487871278198328,0.456394126733266,0.0998490377855854,0.530996581140379,0
"100336",0.0467437475594203,0.0598374349485871,0.511096072836951,0.475117526020404,0.0733224075159007,0.533271949771221,0
"100337",0.327387136809316,0.425881057015988,0.712452268159284,0.686891130133948,0.370116556364727,0.784645828944247,0
"100338",0.227349100744424,0.32882127494096,0.602875190825714,0.577785405315133,0.27078115094547,0.676100037040125,0
"100339",0,0.0196436484497541,0.305609711854249,0.278921723521757,0,0.379091660608056,0
"100340",0,0,0.157307694874526,0.133612482098441,0,0.242626594051936,0
"100341",0,0,0.0980990364358508,0.0723708244816724,0,0.166133915649052,0
"100342",0,0,0.0815455500162624,0.0525556216700593,0,0.134305556932509,0
"100343",0,0,0.0302394748551406,0.00214053558587068,0,0.0845649055783595,0
"100344",0,0,0.00805539506913577,0,0,0.0696536441124226,0
"100345",0,0,0,0,0,0.03756501998029,0
"100346",0,0,0,0,0,0.0185210058042536,0
"100347",0,0,0.0114310752805866,0,0,0.0715269355301126,0
"100348",0,0,0.0967450633932697,0.068173025382441,0,0.156335656802546,0
"100349",0,0,0.020809465163836,0,0,0.0842536244283707,0
"100350",0,0,0.0214014428640282,0,0,0.0804962839000698,0
"100351",0,0,0,0,0,0.0367577249169059,0
"100352",0,0,0.070481087764434,0.0417082008567956,0,0.120730910881239,0
"100353",0,0,0.0812188066732495,0.048681936077041,0,0.118819697641797,0
"100354",0,0,0.0080269744652518,0,0,0.0607665327837779,0
"100355",0,0,0,0,0,0.0665797770452841,0
"100356",0,0,0.0411195675296899,0.020168075003599,0,0.11715728244611,0
"100357",0.371600059927555,0.466245058972369,0.750053143218463,0.724613721288,0.413151865320657,0.82014393581923,0.042145904119728
"100358",0.373933623621978,0.428558811163983,0.789201952076744,0.76029503276779,0.408340491221313,0.836467440778339,0
"100359",0.369357404532831,0.402961658454126,0.812814971309878,0.77999264513182,0.399879975508963,0.847035140433319,0
"100360",0.455906305968776,0.505593360864916,0.892912681009974,0.860495951485393,0.489895067298244,0.935974008080964,0.0643302598135964
"100361",0.0302110847211086,0.16798482383857,0.358588915212459,0.341115117092127,0.0808199961231814,0.456173377165373,0
"100362",0,0,0.16638464665464,0.141241873892592,0,0.238692468758732,0
"100363",0,0,0.146064522399706,0.11663517977443,0,0.19923876432694,0
"100364",0,0,0,0,0,0.0182006125008846,0
"100365",0,0,0,0,0,0.0563814388225592,0
"100366",0,0,0.00446892352147277,0,0,0.0686232482237683,0
"100367",0,0,0.0229312378162687,0,0,0.0875087400540393,0
"100368",0,0,0.10717552730774,0.0818198679878052,0,0.180120716549547,0
"100369",0,0,0.217209701678101,0.189013020192355,0,0.281779117638663,0
"100370",0,0,0.129279849211826,0.102649405278307,0,0.19900915707653,0
"100371",0,0,0.0844041850676758,0.0581920813078775,0,0.152240186211589,0
"100372",0,0,0.0227457856104171,0,0,0.0895099407666398,0
"100373",0,0,0,0,0,0.00422786781300544,0
"100374",0,0,0,0,0,0.0276112452766455,0
"100375",0,0,0,0,0,0.0138290215743526,0
"100376",0,0,0,0,0,0.0157229317254164,0
"100377",0,0,0,0,0,0.079777152102346,0
"100378",0.141145679023679,0.229552213138869,0.549941211377599,0.522960238776047,0.183065429900005,0.618091668881909,0
"100379",0.421752784388913,0.468418460646718,0.838234204677798,0.809348778303439,0.454847656288334,0.880700484310838,0
"100380",0.0665779975999591,0.0804430178905952,0.504405251811703,0.473751214471233,0.0941279471265482,0.529547097217603,0
"100381",0,0,0.183503610255281,0.156029736518692,0,0.244816478186814,0
"100382",0,0.000997833317508801,0.276910387931229,0.252454514065856,0,0.350456443476438,0
"100383",0,0,0.274903546593385,0.246491973573028,0,0.333937836067855,0
"100384",0,0,0.101267875876841,0.0762884975879238,0,0.174004379964351,0
"100385",0,0,0.0431121410099566,0.0162118613854703,0,0.107224825899106,0
"100386",0,0,0.072916239829357,0.0429994918764269,0,0.125473159068743,0
"100387",0,0,0.141172581610507,0.111449046612294,0,0.19419900127605,0
"100388",0,0.0857075902750682,0.374072851426879,0.347909246940645,0.0352782682847957,0.442308566243951,0
"100389",0,0,0.3058721365503,0.276505545040408,0,0.362076110147731,0.00288994772583206
"100390",0,0,0.303087510395017,0.270456165958062,0,0.351556306526183,0.00966724993133306
"100391",0,0,0.265209405110813,0.234300447930438,0,0.313912955717325,0
"100392",0,0,0.14224789341435,0.112841652303753,0,0.196957594467014,0
"100393",0,0,0,0,0,0.0560855875895949,0
"100394",0,0,0,0,0,0.0240587967780539,0
"100395",0,0,0,0,0,0,0
"100396",0,0,0,0,0,0.0158139854142577,0
"100397",0,0,0.039922269679701,0.0159698364566679,0,0.10664802982017,0
"100398",0,0,0.0870892563570507,0.0639615568273878,0,0.154719408930069,0
"100399",0,0,0.099171124998093,0.0775933196153481,0,0.172478558784589,0
"100400",0.00294546249901129,0.0467996310492501,0.429449431362279,0.398459442861003,0.0361003933975292,0.469710404138111,0
"100401",0.0611361577902533,0.091223495065018,0.504697464117164,0.471281971333365,0.0910001110613761,0.536758330108643,0
"100402",0.164135282972394,0.214678600200781,0.596156015945353,0.563926325313906,0.198431823452209,0.639685941367659,0.104547674876542
"100403",0,0.0271688025949823,0.335504719818796,0.308293410348774,0,0.401871201304873,0
"100404",0,0,0.206926012382249,0.180179537532049,0,0.272387943516933,0
"100405",0,0,0.140873693784559,0.113379925673776,0,0.203190881086735,0
"100406",0,0,0.111437822594148,0.0822316008462244,0,0.166945210919982,0
"100407",0,0,0.110571304041622,0.0842815239410252,0,0.178408929685881,0
"100408",0,0,0.250004793443143,0.221660346492627,0,0.30877137519017,0
"100409",0,0.0415538584981748,0.399443382268521,0.368411021792911,0.0181782318529,0.447827702602839,0.0713775937147764
"100410",0.044288988653318,0.101438426729676,0.47389433412313,0.441652704181896,0.0807079388589396,0.520817029378797,0.139332492832028
"100411",0.0872475738252279,0.117871058780225,0.535659870282507,0.500113150962952,0.117581220255405,0.566375502034877,0.156738543460281
"100412",0,0,0.279899798046581,0.249378049503921,0,0.329866271643306,0
"100413",0,0,0.0219894618806455,0,0,0.0777226314404073,0
"100414",0,0,0.00408459286545948,0,0,0.0691276278234985,0
"100415",0,0,0,0,0,0.0593357019659122,0
"100416",0,0,0.0184674326814781,0,0,0.0861176865161515,0
"100417",0,0,0.128763713957766,0.102764117220892,0,0.185771002183759,0
"100418",0,0,0.164478411401703,0.137896865059502,0,0.21806625940588,0
"100419",0,0,0.149252152268599,0.12576032338529,0,0.216620675579878,0
"100420",0.253123514109301,0.252252682783273,0.738106428744275,0.698137518272655,0.277110817799489,0.750578333722756,0.207847923830172
"100421",0.247212502399856,0.288825157437448,0.686916130705378,0.654698920499571,0.280209362630823,0.725856222370156,0.319910118435851
"100422",0,0.0409342190726393,0.314520309266868,0.289747767949787,0,0.388605025863464,0.0419063291825268
"100423",0,0,0.234078168719853,0.208182537568064,0,0.301255545818442,0.0147680583907198
"100424",0,0,0.183691935838395,0.153963318743628,0,0.237077122031392,0
"100425",0,0,0.153521335710319,0.12167860976583,0,0.200714351010381,0.019844840192212
"100426",0,0,0.267744324351613,0.237360531468878,0,0.318618876487784,0.0248219399518776
"100427",0.0123898326399579,0.0973885312370582,0.404995109713622,0.377514107329189,0.0542998075644431,0.468556401172393,0.0720804158637218
"100428",0.0994817301866527,0.205304039561099,0.480770508047578,0.455330586035237,0.145970027032929,0.557243970933421,0.168556480915518
"100429",0.12120623691525,0.160190813619298,0.564551974546902,0.530029744941629,0.153839709426106,0.600270959188562,0.183535162312114
"100430",0,0,0.332907963692641,0.302342362050695,0,0.382419107077834,0.0280853444084607
"100431",0,0,0.101167222037209,0.0716619807966479,0,0.154525762059115,0
"100432",0,0,0.102280754891001,0.0736107668985561,0,0.155591826509019,0
"100433",0,0,0.124954305507411,0.0961273311815529,0,0.176384280522972,0
"100434",0,0,0.114306968694799,0.0873106841141882,0,0.171423273755536,0
"100435",0,0,0.122859675912879,0.097447322037171,0,0.183924758589965,0
"100436",0,0,0.121411874679216,0.0983212530742507,0,0.189529220876655,0
"100437",0.157018277137626,0.216084708815466,0.57622279823816,0.54543671565644,0.192448776002473,0.624633696363493,0.200039605285975
"100438",0.0934070399982374,0.141422713874797,0.523876821531735,0.491480859086848,0.126817233185875,0.565482964225887,0.16746881808472
"100439",0.019467966730441,0.0816346059658887,0.429912883386228,0.400842182988371,0.056037747306291,0.48044306920573,0.188391289955036
"100440",0,0,0.294819727917823,0.265151469793233,0,0.346620234139635,0.0558579026767076
"100441",0,0,0.296740000596681,0.263259244046429,0,0.340303129666941,0.024824363153542
"100442",0,0,0.299097806902896,0.266407356055678,0,0.34182431472632,0.0142800641326905
"100443",0,0,0.287880672110107,0.261499461033211,0,0.354918472645948,0.0119742397502602
"100444",0,0.047051843130956,0.387581095056434,0.357873900161212,0.0173483928283373,0.440537618599738,0.107736063172997
"100445",0.0055886748158479,0.0702977509609862,0.412315271044082,0.382708493160742,0.0425982786965867,0.46357855148436,0.162483901540026
"100446",0,0,0.345086437776725,0.313598158823391,0,0.389654898014401,0.111450327037422
"100447",0,0,0.110578680824282,0.0822438177623863,0,0.173376174710252,0
"100448",0,0,0.201451363244587,0.172604129954812,0,0.251830091109376,0.0443141452778314
"100449",0,0,0.244731566348458,0.213605429584155,0,0.288148365148949,0.0592009531234323
"100450",0,0,0.260431454801851,0.226639836016132,0,0.292259619592844,0.0293763259668425
"100451",0,0,0.229486607407072,0.197823628561138,0,0.268380659796672,0
"100452",0,0,0.214779714319036,0.186960244348322,0,0.265040340562629,0
"100453",0,0,0.119413384395127,0.0951196827868648,0,0.184177087389277,0
"100454",0.05389108674289,0.0874980446989148,0.47051266852455,0.438319652792124,0.0830065448073236,0.502449521749641,0.180289158701093
"100455",0,0.0656215956692878,0.375610685545987,0.349399904004141,0.0306704428223592,0.431610695189139,0.209396993411985
"100456",0,0.036364672905623,0.309234251615867,0.285061303256636,0,0.377230038761317,0.131967537476775
"100457",0.00852375704833364,0.0995221849522742,0.375704010663918,0.351021586761203,0.0495054648470514,0.442792966783593,0.147101311486088
"100458",0.0825729810687695,0.0971545109077465,0.537608244488571,0.501045842121179,0.108333942452132,0.559157171958208,0.245164252605953
"100459",0.0288136668618753,0.0697789135485819,0.457549222708125,0.424883584209185,0.0602301887663337,0.494759398159415,0.116453322979053
"100460",0.0290275616761643,0.0516938749568525,0.478509992757662,0.443434060671005,0.0572166887377453,0.50468383476154,0.191327763649347
"100461",0.15280685545403,0.231109890628139,0.531009146264193,0.507446069031951,0.19276342171099,0.592671966923054,0.339051128112854
"100462",0.146667418596704,0.216216752345839,0.555231922298576,0.527040842246814,0.185465140313692,0.610669200816484,0.291477972714954
"100463",0,0,0.277706825775844,0.241590808261741,0,0.305705285332549,0
"100464",0,0,0.34305421619749,0.310659613015749,0,0.383865425019397,0.0434853370041705
"100465",0,0.00732971869564825,0.394108863385128,0.361213552926144,0,0.432606524165014,0.137312344928632
"100466",0,0.0306560402365484,0.435024871061631,0.401190673998755,0.0269982004021725,0.468483779296947,0.213571412920705
"100467",0,0,0.338914907005374,0.309465701437173,0,0.388722444447507,0.160219653464535
"100468",0,0,0.220530468131103,0.194003506528476,0,0.282601060164292,0.0561970891102236
"100469",0,0,0.279465483831513,0.249480119824963,0,0.325685142884998,0.106460254456365
"100470",0,0,0.284883229144886,0.254100784742326,0,0.32684837157027,0.092642794423114
"100471",0,0,0.290017032987346,0.2591230900163,0,0.330653561454342,0.0578814048524526
"100472",0.124985912597123,0.195377004100873,0.509069166458652,0.484153545028812,0.162200809424362,0.565049470356024,0.363215312876542
"100473",0.0844485617980942,0.150246509020959,0.482686771020195,0.454269648062387,0.120857805039013,0.534632607103792,0.247503925137595
"100474",0.15509569921354,0.204362127727175,0.569463383277389,0.538467117963941,0.188059876095835,0.611376683875412,0.258054784452867
"100475",0.199783082248621,0.2160452729406,0.650923047620447,0.615214497254706,0.22629272604681,0.673560611543812,0.328261486368468
"100476",0.116724808691863,0.142344888999264,0.56007100282734,0.525503103913802,0.145238877688759,0.588110781841469,0.251863047947983
"100477",0,0.00534670669789616,0.451222132805557,0.414706346951475,0.0188786268894207,0.471135421365957,0.176794271785522
"100478",0.0779432326770012,0.108614700435922,0.521177273545522,0.486997708565926,0.108465723667656,0.552036471531006,0.254590617827461
"100479",0.219251435155185,0.254979144391145,0.656257457734913,0.622546858695134,0.251096867334886,0.690064246424715,0.253794627913584
"100480",0.0633761474200398,0.0877567324072016,0.510648921965245,0.475264166671801,0.0923598139108379,0.537563269784811,0.130007806424607
"100481",0,0,0.499980190438581,0.455865015878837,0.0102413077161201,0.494493090815497,0.14107739537131
"100482",0,0,0.488679805067351,0.446511051117947,0.0137310716357509,0.490796563155261,0.205703895166844
"100483",0,0,0.459602652748671,0.420849560641172,0.0122477578732705,0.473224064686329,0.231462227090458
"100484",0,0,0.321172906230809,0.289869025366911,0,0.36328329956581,0.117627120598861
"100485",0,0,0.310306833253943,0.278128600226752,0,0.349108577488025,0.106587275840094
"100486",0,0,0.333055534710653,0.299255982916635,0,0.365274961707127,0.123369947226955
"100487",0,0,0.310385324522134,0.27801625128876,0,0.348339960145734,0.0792679776750381
"100488",0,0,0.31622615042961,0.284065583822716,0,0.354362042684547,0.047424270994291
"100489",0,0,0.312668478261418,0.284241615864221,0,0.366641510738436,0
"100490",0.154388253008725,0.144030133245623,0.640305569670091,0.599540498438089,0.175820384589272,0.64669406097925,0.265564401313294
"100491",0.240653555160673,0.28047726184856,0.668330590768815,0.635662943277311,0.271983730996828,0.704710420291928,0.222992891241701
"100492",0.218072664827732,0.257097186240372,0.644787174471013,0.612143697680638,0.249153075837822,0.680680431204721,0.210594684705772
"100493",0.225342907872791,0.274288795443603,0.644832391983449,0.613977371622735,0.258788143144814,0.687159566210719,0.361187224038836
"100494",0.11778733460116,0.165099978654438,0.542502467905235,0.510949883877735,0.151193962128214,0.583572878884374,0.289667440992498
"100495",0.194406123285697,0.183183954353684,0.689966524158311,0.648734466181814,0.216611549047885,0.696140602685861,0.374225121258034
"100496",0.300058221750293,0.325267166521512,0.75256127023339,0.71685310872749,0.330557264835561,0.780103124152423,0.243275666879375
"100497",0.330785859355573,0.353796702571689,0.780486592604662,0.745176209254779,0.360089626951647,0.806868682339122,0.214369560614304
"100498",0,0,0.4665576390251,0.427135471945762,0.0138795576234899,0.478821130543388,0.19633556598977
"100499",0,0,0.404902649549367,0.364475267087974,0,0.414329444350835,0.13928841544229
"100500",0,0,0.357441603934413,0.321035041638652,0,0.380784367543949,0.178557689133047
"100501",0,0,0.299529688086569,0.265512997367002,0,0.330587766605916,0.0972808184257524
"100502",0,0,0.321491175346813,0.284775241810032,0,0.343525858107885,0.0929168856439831
"100503",0,0,0.351099413528479,0.313457678102564,0,0.369900597889464,0.104541836304997
"100504",0,0,0.358756328672831,0.324556194360946,0,0.390796490422165,0.0755734354488804
"100505",0,0,0.294923409662289,0.263278774335095,0,0.337713713961243,0.0308211534294105
"100506",0,0,0.339043438168906,0.307286024593224,0,0.381001429447657,0.0432246911971174
"100507",0.103016389609995,0.144051003095674,0.509389450200938,0.479183568323729,0.133856449024065,0.546695681597426,0.0710739484950336
"100508",0.252275951197179,0.296352872060244,0.678177416284161,0.645863522213098,0.284671061722789,0.717184829585431,0.228529060856599
"100509",0.260828649201785,0.299264389482536,0.694080813064156,0.660774154037376,0.292116620297866,0.729653391526579,0.261454722588307
"100510",0.325535691512232,0.386601502829429,0.736836083898231,0.707384454534495,0.361655904061001,0.786589964349459,0.442236034207024
"100511",0.194789632909809,0.227447529684216,0.638022667020026,0.60356846852077,0.225273512526192,0.670089858363741,0.300321527523827
"100512",0.225224087614357,0.234745747631666,0.688822881966135,0.651197295810996,0.251026972583169,0.706915782959549,0.255785173921031
"100513",0.277783356824442,0.290466084449205,0.736335784573535,0.700136237239971,0.304652082184546,0.757063489749397,0.365710364862861
"100514",0.0406513553778703,0.10144459109218,0.457554897361812,0.427395272502822,0.0772335658339505,0.506998190788772,0.203357730003106
"100515",0.116620114649697,0.145599983047553,0.557508522471167,0.523944751871574,0.146410464883012,0.588419963525959,0.461074886380022
"100516",0,0,0.28633889869734,0.250849608357707,0,0.313869913451049,0.17381636507765
"100517",0,0,0.1196776526596,0.0857732500331196,0,0.151784130505119,0.103473632864087
"100518",0,0,0.250831304738892,0.215756226906374,0,0.279011098029528,0.0921260331463487
"100519",0,0,0.344463592946652,0.303939560744577,0,0.352042684002647,0.105369570960207
"100520",0,0,0.395468427334611,0.350564724649682,0,0.387764211823423,0.0938014729596396
"100521",0,0,0.418271940206845,0.375383905113964,0,0.419582831181677,0.0849649460768339
"100522",0,0,0.317018299721939,0.282195488288132,0,0.350051264066556,0.0538306059520374
"100523",0,0,0.321133621654664,0.287735765056857,0,0.3564141541079,0.0632790796045244
"100524",0.124053790987019,0.211534945819294,0.509700431437734,0.483095552174598,0.165491163363393,0.57509348275561,0.180335498767323
"100525",0.258656169015021,0.300286194962082,0.690950099720926,0.657827652819482,0.290681777120943,0.728412772226419,0.296771684575253
"100526",0.403450350125261,0.396066504307569,0.895302299528386,0.854150602116232,0.426049485747628,0.903564516112674,0.453962297633354
"100527",0.347331681604915,0.366308966434958,0.807819890930685,0.771025693531167,0.375129112828329,0.831746176277548,0.386183660812596
"100528",0.311791985653901,0.300882366206178,0.796283348553003,0.755609547658519,0.333171385124759,0.802323024031289,0.272869072705575
"100529",0.241206381200798,0.227487133538864,0.727762488215369,0.686751790198154,0.262095498968615,0.732178349068852,0.161737499951626
"100530",0.0097258087939347,0.0167187516315158,0.479103890083495,0.425080015037197,0.0348729463577999,0.495816060454016,0.043058975178594
"100531",0,0,0.359149589405027,0.303290523398982,0,0.36639227003809,0.0574328206249152
"100532",0,0,0.385758925220158,0.331150062075174,0,0.397293935518811,0.274649933419676
"100533",0,0,0,0,0,0.0243595615479723,0.268660414652503
"100534",0,0,0.228814258956672,0.176147475029302,0,0.242911750668736,0.0991939822628117
"100535",0,0,0.310766068529973,0.253929193293529,0,0.30778604759085,0.0266146990080275
"100536",0,0,0.359558467344636,0.302360966509495,0,0.358863010609306,0.0662168197172093
"100537",0,0,0.343783707465355,0.289891704579028,0,0.359977203546388,0.0830864469496995
"100538",0,0,0.301288270284091,0.249712692572189,0,0.332931757074059,0.0525330076052085
"100539",0,0,0.265949901435075,0.213967899187677,0,0.295381261568986,0.0485205833625688
"100540",0,0,0.346193553886862,0.293726919455952,0,0.365439548076368,0.166757450872724
"100541",0.208171718745391,0.248477191683048,0.614757955418975,0.568912337645504,0.239069096281545,0.651989309314128,0.180531212064447
"100542",0.0190532428457445,0.0633725369883773,0.459694569312439,0.409033011793251,0.0524158183755393,0.499837992672929,0.125987229517332
"100543",0.0505494226151046,0.092597113421795,0.485585025139107,0.435498395922092,0.0832107660140716,0.523964119601924,0.156507740006252
"100544",0.117588299493873,0.138261383613532,0.570444900301792,0.518677201680122,0.145574462190645,0.595701179108576,0.172700417816773
"100545",0.215158296465219,0.213917422302736,0.690262584889731,0.636024215976078,0.238498705818456,0.702131036109742,0.254288373982235
"100546",0.318734113697002,0.321181726873631,0.79689061959084,0.742130368446053,0.342997108705272,0.810989729119033,0.327575343686723
"100547",0.636182452596476,0.636555143283753,1,1,0.659278689352534,1,0.473776713140145
"100548",0.459522596653398,0.428658535317377,0.965893074145738,0.907942057044179,0.476259701891884,0.960090941845233,0.286747973046672
"100549",0.0493592317363765,0,0.564680389665088,0.507065909423295,0.061312421413289,0.547057844105724,0
"100550",0,0,0.414874199729309,0.35894350670773,0,0.418363907222359,0.0189735044760347
"100551",0,0,0.308235175276771,0.254363467403672,0,0.324870969577239,0.0579347786355082
"100552",0,0,0.22863796087917,0.181193209868722,0,0.273423111073596,0.273758357797863
"100553",0,0,0.249079208848957,0.199465821040688,0,0.280432521422615,0.2656502116729
"100554",0,0,0.265373721403798,0.209645552042343,0,0.265520598646145,0
"100555",0,0,0.324332891721765,0.266039599453843,0,0.318852304983766,0.0126030805678432
"100556",0,0,0.342645738007053,0.287988367711545,0,0.357213919458444,0.071023480974613
"100557",0,0,0.401159706753536,0.345658244425861,0,0.412049124376578,0.124255126571728
"100558",0,0,0.21636530792613,0.162322473109328,0,0.235457058809027,0.0171537656891718
"100559",0,0.0277640992912308,0.412977999038163,0.365214980357321,0.0222270024490752,0.446912013632745,0.272277270804194
"100560",0.219147842660477,0.267262318055612,0.627502737708477,0.580901719844814,0.251885286317179,0.669343079086837,0.199549080516782
"100561",0.00463745367474688,0.0425849278569522,0.433795797928225,0.384603260437963,0.0357528265758564,0.470000209595403,0.117417257394398
"100562",0,0,0.448030059836375,0.395005454543154,0.00847969610884625,0.467490757172032,0.125658741774829
"100563",0.0540758367896919,0.064054272360254,0.517493064467332,0.464605711886774,0.0794945925531417,0.536143159875503,0.0918542858312589
"100564",0.166901460457841,0.171120687122938,0.633390811529584,0.580223369698574,0.191201870682306,0.64851316359102,0.221210785928636
"100565",0.257829398937161,0.237019402925888,0.746894554606953,0.691431181024033,0.2767586350457,0.747252366186747,0.257094320641653
"100566",0.443869963001705,0.432738986970682,0.923175911796197,0.868456187191507,0.464362501273668,0.92896534082042,0.330827428499041
"100567",0.620653954271908,0.574645610892584,1,1,0.6336307635209,1,0.517035468291611
"100568",0.308098685966909,0.222106184203807,0.869689878915989,0.805431414611404,0.312863580849408,0.831800291767403,0.192959370525921
"100569",0.068376064748954,0.025257347202028,0.58231910017986,0.524359699998105,0.082761314844756,0.570126736608039,0.0174528322583932
"100570",0,0,0.475715711367122,0.420413278302782,0.0125242356450425,0.482492654658615,0.160877748768454
"100571",0,0,0.358508882097988,0.308729185247474,0,0.390012620083319,0.152186319290927
"100572",0,0.00537497194692726,0.391149579673604,0.342045886966083,0,0.428971460722554,0.398202874824337
"100573",0,0,0.26723488548675,0.21247407679498,0,0.277504003384127,0.00871339066364407
"100574",0,0,0.278263604468511,0.222071980370675,0,0.280750234261863,0
"100575",0,0,0.4020069278985,0.342519181759999,0,0.392673640965896,0.135955922499231
"100576",0.0302297062870486,0.0155050647512787,0.527310557232741,0.469965950184805,0.0505590021099722,0.531097916140324,0.28509906053154
"100577",0,0,0.215149537488064,0.157232425105167,0,0.215573630688954,0.103666959126266
"100578",0,0,0.322760434098817,0.272648093580259,0,0.356901074995545,0.220307844194806
"100579",0,0.0264837735731276,0.437353069364707,0.386171850126097,0.0267144714887666,0.466467537493149,0.271051233162615
"100580",0,0.0154702164437553,0.391593065139726,0.343807345913986,0.00730692194877713,0.427615308855554,0.189227958131731
"100581",0,0,0.473618458086411,0.418647339013581,0.00416649887535414,0.476794725384389,0.0810491520457635
"100582",0.0477429492141566,0.0623508388668966,0.492599114857389,0.442671432271541,0.0740744110390237,0.5148631993448,0.0721282012655153
"100583",0.140474240419771,0.125671575367209,0.61739427139773,0.563616978509286,0.160597792001972,0.621464276060166,0.179552122345352
"100584",0.217300023211787,0.189341856039091,0.710132521627228,0.654286695281389,0.234504046718222,0.706031163581176,0.251430502748678
"100585",0.240583425189334,0.221974034422627,0.723398814985283,0.668427851067224,0.259553175562269,0.72476293447479,0.249945561655386
"100586",0.512530478735403,0.479044462167762,1,0.953553524588356,0.528210953444863,1,0.504912076308365
"100587",0.376874451654296,0.270165550017699,0.961761030440183,0.894029881522739,0.376594176430381,0.911415284018101,0.395575682003229
"100588",0.189054120624305,0.112114542880498,0.737221785111787,0.674723888864352,0.195595753706202,0.70462630755305,0.186629209351514
"100589",0,0,0.486917574068722,0.430384087917973,0.0010337207694453,0.479388599888966,0.0512079255844787
"100590",0.0815641098367571,0.0530995163626742,0.586860041271602,0.52902134999124,0.0991312288509889,0.582589311418349,0.229256574799249
"100591",0,0,0.332282602749254,0.276043057995151,0,0.337351107793619,0.211497216155623
"100592",0,0,0.447870620393549,0.388877129053114,0,0.440383529844909,0.187608122548843
"100593",0,0,0.33647116719951,0.277365485018128,0,0.329572237713187,0.0688884662145958
"100594",0,0,0.446945157665468,0.381384861605523,0,0.411551468342359,0.212975895670791
"100595",0,0,0.399266738738916,0.340115884997532,0,0.398176139055252,0.304369636114993
"100596",0,0,0.122885054873029,0.0646514318453508,0,0.125813096494486,0.153712337448922
"100597",0,0,0.249107123096321,0.197187731690642,0,0.273744458159413,0.255940102634454
"100598",0,0,0.183301817157707,0.131018022810021,0,0.205060849991583,0.176568360905115
"100599",0,0,0.344781020916118,0.296798519258165,0,0.378480377289677,0.202008954665939
"100600",0.0421446649486,0.00679596087385692,0.52923698192667,0.475252817800365,0.0579931549140517,0.521998822850955,0.0751337845014619
"100601",0.106540989323915,0.0688810912237247,0.60490521654808,0.548711673744991,0.121739460767814,0.595286177733672,0.198165606421208
"100602",0.153386210753055,0.130365480477799,0.63896413201271,0.584129769235715,0.171588067120818,0.637812348399999,0.246745263140826
"100603",0.152044768513292,0.14864184118059,0.616340005575634,0.563559399597749,0.174189159055646,0.626866194550127,0.21166564215555
"100604",0.186983965712169,0.197483051672654,0.653987115909724,0.600318897617229,0.212361384342766,0.673050632456416,0.227994230738944
"100605",0.339468059732589,0.286562460712059,0.869118582159536,0.808383700275286,0.351470259842038,0.850306251208566,0.269581075119743
"100606",0.32471382477527,0.255109047909308,0.86991820439487,0.807926242217277,0.333041273488267,0.841794965028609,0.400419878797608
"100607",0,0,0.368086311386477,0.316625904357202,0,0.374304032037496,0
"100608",0.524391598945306,0.489587369256775,1,0.975307028691782,0.54000273926986,1,0.256319616727984
"100609",0.0266731378391749,0,0.548674462114242,0.489663581732806,0.0409579002308612,0.535447410431784,0.294764904253571
"100610",0,0,0.434826929161742,0.379014973394049,0,0.439798636615588,0.0782002698800004
"100611",0,0,0.278624678199328,0.220261582928519,0,0.276800748962926,0.0680318968034288
"100612",0,0,0.286890713977582,0.218362376442114,0,0.244641347316178,0.241747145249186
"100613",0,0,0.458768471213073,0.387663578681208,0,0.413449185625467,0.337033222506981
"100614",0,0,0.370198417963511,0.304500581173831,0,0.345130149641695,0.175741145937171
"100615",0.0220420624682023,0.0342321363432028,0.484003934544438,0.43027249889973,0.0468697362299292,0.504481666138066,0.371100166460579
"100616",0,0,0.0353270746309025,0,0,0.0597408295912385,0.0545935472144762
"100617",0.014154765331389,0.0393463683666196,0.44854680112785,0.398572291732733,0.0418747899987136,0.475595642797139,0.260003146090008
"100618",0.0355972670057922,0.0374464423519539,0.497080276982545,0.444328699124381,0.0586298754111853,0.510148213157334,0.406566644540083
"100619",0.174987451962078,0.181406718788415,0.630023401112726,0.577957056393454,0.199047030251987,0.646135751112121,0.266965690678678
"100620",0.167373656012289,0.175238440007258,0.625940715548008,0.573424708832176,0.192037509789177,0.643230664490743,0.182768485534395
"100621",0.272691502470703,0.248582724788621,0.770069745469241,0.713209566588329,0.290898508661855,0.768355202301373,0.162356464365559
"100622",0.405103338884929,0.350343983671253,0.944032206257434,0.8822763571091,0.416946285397614,0.92411137299291,0.266388332710104
"100623",0.0970484835987728,0.0255599349016152,0.647277028623791,0.584993589598227,0.105826427664483,0.61833083571806,0
"100624",0.289499345729418,0.247763178431719,0.804914049917761,0.746553938276812,0.304072801155833,0.79346906066507,0.0807651385191918
"100625",0.583948125350158,0.524881272945136,1,1,0.595309804677793,1,0.959037558448006
"100626",0.0320869305248483,0.00124448765173424,0.540094937494902,0.482646565774107,0.0494477753590649,0.535618573295581,0.311119188182884
"100627",0,0,0,0,0,0,0
"100628",0,0,0.375745916678335,0.313285981651128,0,0.36810970974632,0.359950820709233
"100629",0,0,0.463732625539158,0.400722084912725,0,0.452775704938322,0.135525500614913
"100630",0.0712202229076306,0.0200795441597893,0.622276316537748,0.559533571334172,0.0847588336532257,0.606194939024618,0.092813851186658
"100631",0,0,0.291914482682256,0.236664172889679,0,0.297802776106777,0.12550425572024
"100632",0,0,0,0,0,0,0
"100633",0,0,0.326811146415357,0.276311637504636,0,0.343423187783221,0.113200200069813
"100634",0.0736663952281975,0.0637178041189552,0.543826995899424,0.489973689379252,0.0941462185296215,0.549768564498963,0.325887807578475
"100635",0.341361699467659,0.296213202415708,0.854149604001668,0.795460449423782,0.3547730292007,0.839530619439855,0.357114459429238
"100636",0.289967585634819,0.280666042661748,0.772715767171162,0.717459307629983,0.311442356603415,0.779787028095739,0.232629868708076
"100637",0.215047581084255,0.218879682190783,0.690141780662943,0.635788182113772,0.239568511005729,0.705325031289254,0.123104695158325
"100638",0.468452010850152,0.421481908056943,1,0.942406422554065,0.482245402376727,0.988504179486394,0.129070512401272
"100639",0.147519754660952,0.0660696164500505,0.729792882994854,0.66287437398836,0.154573911932444,0.694639317206534,0.0606229200532089
"100640",0.0692801811535603,0.0463357569593725,0.579144293492777,0.520857894447591,0.0885428458072972,0.578613310634473,0.0955936860443045
"100641",0.368092199095385,0.341917422367918,0.884371391845564,0.82551900534351,0.386811855816387,0.881982670673573,0.5691842517373
"100642",0.206583054737574,0.147316379853752,0.750878044093972,0.68898022808785,0.217880089811295,0.729196112129535,0.528921200812559
"100643",0,0,0.280903293830342,0.219368476771346,0,0.266300400190449,0.169011747500432
"100644",0,0,0.487947983523738,0.430006637331564,0.00474964481620421,0.496232307306857,0.297785563793682
"100645",0.0388831621216756,0.030178742856926,0.533223588397398,0.476699582810101,0.0603101161192501,0.541370159676003,0.0539378269971521
"100646",0,0,0.450328128434795,0.392536183565362,0,0.459899095373364,0.0077761485884229
"100647",0,0,0.254257732858305,0.198267331129229,0,0.26365918624042,0.308934622744119
"100648",0,0,0.140453367987663,0.0842936906730852,0,0.138438670552082,0.0157596258121024
"100649",0,0,0.0250842724308953,0,0,0.0412658614170869,0
"100650",0,0,0.0732493366764837,0.0233673421804093,0,0.106345792721954,0
"100651",0,0,0.302352010188001,0.252215078618129,0,0.327273817652928,0.0461228820003398
"100652",0,0,0.359906332644401,0.311551017509795,0,0.390105207071472,0.0905270916175537
"100653",0.449606534255578,0.371257194894623,0.998986643689993,0.936031840916467,0.456033550624896,0.96500132422179,0.295488458237034
"100654",0.33796352026898,0.270976833265576,0.887353192711864,0.825058525329467,0.348034389710449,0.861048703446687,0.151546410661339
"100655",0.071226975910567,0.0790845708916681,0.550871728803925,0.495926043069904,0.0973484041087157,0.568614656737249,0.0492476739623238
"100656",0.220458549619762,0.160296487829325,0.788301979024838,0.723362449024352,0.232591051297828,0.765910572302335,0.18514389234759
"100657",0.0997567241026495,0.0101176121731581,0.692671820620043,0.624497719155112,0.105227390119642,0.652796639932319,0.134201059552975
"100658",0.0211534220642843,0,0.578306076229009,0.514603361442567,0.0341457907105681,0.558787687407136,0.129055529326442
"100659",0.306346043545423,0.2491151787049,0.871762354064339,0.807779156322624,0.319441046550094,0.85178944085089,0.26662822708346
"100660",0.146514423871259,0.0625370324240564,0.729750365148005,0.663140644451678,0.153035155216084,0.693196561658827,0.303176449010865
"100661",0.0448136767796561,0,0.577274864383966,0.516999861641732,0.0588912206082477,0.562746760088137,0.120724096137216
"100662",0.161780699548908,0.100967917941837,0.715234281211056,0.652177948675864,0.172807076211018,0.692253649345073,0.220445644655099
"100663",0.304590330355917,0.267457935134474,0.818371894654483,0.760379597310618,0.320101324980045,0.809895818261554,0
"100664",0.220106877104833,0.181678793684359,0.73951378986881,0.680361620984728,0.235420865711159,0.72995390967691,0
"100665",0.119045578291901,0.070301457621508,0.64305047187336,0.583468395692149,0.132149092786523,0.627098693703052,0
"100666",0,0,0.439677078639917,0.3765745662178,0,0.407068074057475,0
"100667",0,0,0.21824738700216,0.161528838279105,0,0.215563332887625,0
"100668",0,0,0.000520882825014946,0,0,0.0488212567011007,0
"100669",0,0,0.278994552686792,0.228945441231668,0,0.32080631884604,0
"100670",0,0,0.262903419237579,0.217650000069076,0,0.322366552898042,0
"100671",0,0,0.337478352990998,0.292171846443234,0,0.380216962303199,0.105189372254214
"100672",0.110809691285686,0.0289776994811897,0.66019764461272,0.597613567245247,0.116511446702541,0.624541755770975,0.145103341615706
"100673",0.177260785554394,0.0712989508106446,0.762128944804081,0.69553862162575,0.178752832559845,0.712897572426987,0.102938136790756
"100674",0.00367991277131163,0,0.510408070592632,0.452596311281839,0.0245226585253208,0.511959619028194,0.00691002121076267
"100675",0.0866354407615542,0.00148742982559846,0.681602972490958,0.613569890598813,0.0937955853292833,0.644572348412984,0.128558101827985
"100676",0.273682070594405,0.142164921642034,0.920758249010194,0.846255831816646,0.270733775450183,0.857015935852767,0.391640955454354
"100677",0,0,0.552863022644966,0.488987521756862,0,0.522342681111663,0.0202414917556336
"100678",0.26098465525567,0.185689578094065,0.839029675080328,0.773440732506115,0.270084883508628,0.808368347433916,0.0823009459520259
"100679",0.138188704299509,0.0681826232817696,0.704745514346661,0.64007502126122,0.147858220493531,0.676459956421827,0.167933316670396
"100680",0.0793156470620801,0.0145437490921136,0.625897415210772,0.563898870923008,0.089506331818702,0.600624695425843,0.0799346497008345
"100681",0.152479471078429,0.0999297089418939,0.688146412406678,0.627254740687833,0.165244161141016,0.669972394177273,0.10870052280401
"100682",0.24718713833722,0.167628343357107,0.804308980668199,0.740839283822656,0.253702780852384,0.770609526431574,0
"100683",0.274184666642881,0.211871881981907,0.809429431136108,0.748930860000159,0.284375670479892,0.786040780612392,0
"100684",0.152531657774531,0.103776034892033,0.685234435863677,0.624754415273701,0.165876034515321,0.669512436145003,0
"100685",0,0,0.394249921657456,0.336242964190422,0,0.389134575942141,0
"100686",0,0,0.291678117605517,0.231461707484325,0,0.283454001757165,0
"100687",0,0,0,0,0,0,0
"100688",0,0,0.313383586066586,0.257590991727018,0,0.323290603095112,0
"100689",0,0,0.276883315548026,0.228319061122024,0,0.322188918963819,0
"100690",0,0,0.37592105158765,0.324677758155056,0,0.396046254712904,0.102168195991219
"100691",0.0125117149603716,0,0.576217555045236,0.511938114106381,0.0214877946365212,0.545812814368533,0.0641132955076418
"100692",0,0,0.506759397922932,0.445172373073953,0,0.489677397051041,0
"100693",0.0304537335128617,0,0.591059385983024,0.526902013891691,0.0444238261112035,0.571680347464402,0.0453602010175551
"100694",0.0685737596022546,0.0196090417039898,0.638654635275633,0.573698094596124,0.0844982471887202,0.623318779495889,0.194114780189645
"100695",0,0,0.43369947867615,0.369921395464011,0,0.41487858504625,0.134668013478261
"100696",0.0945578592123829,0.041995172183903,0.652654184968029,0.589014213095346,0.108706588120131,0.635065346274196,0.109923315410613
"100697",0.116825934399147,0.0437005372109281,0.678793513661885,0.614606650943371,0.125567868366851,0.648600626449527,0.0818635956399413
"100698",0.080202677307755,0.00804804036861095,0.630238554877478,0.567773366471197,0.0887806651871423,0.600640705278778,0.0333429021385712
"100699",0.0694115766571504,0.00343764431789062,0.611073702603437,0.549325956584849,0.0794010840907509,0.584854441967372,0.0505281556222068
"100700",0.366225529969271,0.286021374644817,0.919340854813734,0.855960355392723,0.372441818555055,0.884757161005093,0
"100701",0.418571759450107,0.332886459927901,0.978927695503788,0.91484890200326,0.423328710391294,0.940962890872102,0.0384601750506266
"100702",0.19174489751673,0.146415170651001,0.718229067668249,0.658294338824797,0.205768683988174,0.704271646962233,0.00803040915520314
"100703",0,0,0.423048205617418,0.363569734895394,0,0.413760010710818,0
"100704",0,0,0.398535282203149,0.339387818986617,0,0.404260857031275,0
"100705",0,0,0.368440830477887,0.308377840749078,0,0.36692552664738,0.0287906542426003
"100706",0,0,0.32018138925959,0.266304325687777,0,0.340246941945044,0
"100707",0,0,0.328028991262403,0.273459204166048,0,0.344109206383036,0
"100708",0,0,0.329253888267676,0.277188885285999,0,0.357071385172871,0
"100709",0,0,0.471213220008434,0.409899404082986,0,0.459895532070153,0
"100710",0,0,0.46091008681343,0.398966720488418,0,0.452937433475431,0
"100711",0,0,0.443051554593887,0.381298708974899,0,0.429064507532254,0.000174536972126438
"100712",0.0648265828876854,0.0218529547610603,0.612544768879653,0.550213982050486,0.081550145847658,0.600592351407181,0.0210578285501747
"100713",0.159801029759624,0.0579725755048603,0.780173074665803,0.708904087817748,0.163870966697745,0.733615699532933,0.224957945140462
"100714",0.148706289257503,0.0291885303007432,0.770327945980518,0.698708662821755,0.147752148642533,0.713136952058321,0.152824668755722
"100715",0.279591089702298,0.181154065599042,0.875468399069351,0.806812359621566,0.282796124840872,0.830468231697346,0.117706153899149
"100716",0.157428744938754,0.0643676053263634,0.730989365920935,0.665655241930754,0.161361961947627,0.689202958660815,0.024575231476757
"100717",0,0,0.570580181017074,0.502096599529842,0,0.513248200152702,0.0697464233850233
"100718",0.0470148354791268,0,0.635754716005074,0.567784531639212,0.0454967229896819,0.580623369041818,0.0874749973197005
"100719",0.371429893131038,0.246007833493081,0.971444787584539,0.902146322375653,0.367253804719906,0.91006867167762,0.202932211175005
"100720",0.277593893139806,0.163229650339262,0.87137761775039,0.802976448408562,0.276207986479735,0.816536737806898,0.211999920150952
"100721",0.0947348311887289,0.00900409460115403,0.674014307782986,0.607614856461728,0.100598413234007,0.636341398649945,0.128577594660398
"100722",0,0,0.328884646717923,0.262495720840611,0,0.321037090769023,0
"100723",0,0,0.356132018910017,0.297604853247951,0,0.365415429438477,0.108684036864615
"100724",0,0,0.46427557460989,0.407123002815874,0,0.467624050091807,0.0521179117546889
"100725",0,0,0.410992807885147,0.351370856449898,0,0.404193629607443,0
"100726",0,0,0.333656397122569,0.278015631917584,0,0.359781680195787,0
"100727",0.15549870031649,0.148191160856275,0.646373717916044,0.590342699926978,0.177300107152015,0.655388810146586,0.0706027201574404
"100728",0,0,0.563532912110684,0.497994687508823,0,0.530013095397499,0.0241932295757165
"100729",0,0,0.571641535443995,0.502579920136006,0,0.531195570431467,0.0161573925811983
"100730",0,0,0.493687012387304,0.428078581544022,0,0.462369936508067,0.00790369899593413
"100731",0,0,0.583645050712231,0.516807919897414,0.000998343216657038,0.54211192935479,0
"100732",0.117006440240017,0.0168698531860868,0.710810196475416,0.642688052676124,0.120241022065683,0.664782164703261,0.102576589708171
"100733",0.124925644069158,0,0.76055982502769,0.687254264811316,0.118434340823215,0.690333008445387,0.0633604472686313
"100734",0.439006593201223,0.309464905067453,1,0.989843294933354,0.434189201929021,0.999275202202583,0.112857888980726
"100735",0.231046388832848,0.107814805856355,0.834052240254416,0.765606237882943,0.227666430686206,0.775339500872818,0.0156436290266271
"100736",0.175113078738406,0.0592015896119903,0.765837659854294,0.697763470987407,0.173236994992882,0.710133245920429,0.200439190638738
"100737",0.126063285761988,0,0.735451302847663,0.665050058790382,0.121612634710428,0.672458671812568,0.15772075413318
"100738",0.279569605880968,0.155942191383626,0.871371980150002,0.803351478918018,0.275576875682122,0.811124668430766,0.0991377693121474
"100739",0.209453376604073,0.113736228426031,0.776123526632456,0.711397988392505,0.212073282830455,0.732366315179723,0.117830423381141
"100740",0.186004051090795,0.133306919355739,0.728634328581951,0.66664722637975,0.198812107105448,0.710412932215199,0.201198227510044
"100741",0,0,0.480758408999339,0.412881777483718,0,0.460108933333292,0.15068759297647
"100742",0.00785999910877,0,0.543630445636553,0.482266968601476,0.0247156434594162,0.53526395183826,0.600710193445313
"100743",0.127813325877807,0.066782928180388,0.670970788052646,0.608823398313878,0.138391882139984,0.647557674225068,0.23027059459667
"100744",0.12993799180178,0.0542284738161819,0.693874509454568,0.629330565336792,0.13761204441398,0.662201414480468,0.102938085310255
"100745",0.132797450551948,0.0807333567381554,0.677378818035594,0.614836920935142,0.145495615911616,0.659451629412987,0
"100746",0.325493127594082,0.356837085329337,0.791066910289285,0.737628626354632,0.355824867530287,0.823661822650426,0.0334114443613485
"100747",0.37687221986792,0.427578649835066,0.791335472319972,0.746842662381379,0.410559518852483,0.83758371967866,0.27506908234261
"100748",0.0140067602772881,0.0411111429769285,0.435335534810342,0.391634421056712,0.0438008089335212,0.469070779379043,0.319632992935219
"100749",0,0.0376163186381715,0.390872323383238,0.347855785425553,0.0233603207298861,0.43515498931612,0.265694546813443
"100750",0.0444761822887416,0,0.646514388979088,0.577879744009031,0.0487251734702059,0.602078941850728,0.0976765882344702
"100751",0.0360239149108318,0,0.634439862009883,0.566610777328809,0.0388012958920899,0.587299785161493,0.0390805867176893
"100752",0.0866467106270814,0,0.708174287555325,0.637171214711419,0.0837670719608703,0.646736142108526,0.0939852465298695
"100753",0.114536822553064,0,0.740501581903386,0.668759249802058,0.109539664066201,0.67411453473372,0.0780528408030094
"100754",0.118857205779002,0.0141559375184944,0.707919409844429,0.640709823578934,0.120683183710226,0.659487834555578,0.0621699634704502
"100755",0.17225165021059,0.0847465227231036,0.746490179675462,0.680619646089765,0.177578145792886,0.707667365476895,0.14695546677923
"100756",0.243101440387842,0.120811909088412,0.850840408759653,0.78073741777937,0.240326776627712,0.791622869800223,0.165738853359837
"100757",0.216598487828186,0.111916068872755,0.796777290032999,0.730570061752935,0.217395755065518,0.748165558218969,0.110518553181523
"100758",0.211459879204932,0.0947395253872831,0.798200234086425,0.730770354086495,0.209248659240448,0.742135624645416,0.154332179723769
"100759",0.391728795597156,0.261497846644382,0.991557028966811,0.922267327713154,0.386119096685009,0.927557427442443,0.212580366570292
"100760",0.413872856434083,0.302653578025828,0.993144456575322,0.926402740383628,0.412506628786753,0.940028194035152,0.179175561644244
"100761",0.214062817602578,0.13637480501005,0.76353501813514,0.700587643410926,0.220621450274596,0.730056709957817,0.20297861590361
"100762",0.0807500230254659,0.0239333651535325,0.617724548413223,0.556522940780343,0.092415704557305,0.597022846724207,0.123230237442044
"100763",0.200162636446509,0.13265213884892,0.765920751142447,0.701137441172847,0.210063616020932,0.739154580347035,0.378506634359296
"100764",0.215052623617003,0.125574828548913,0.794504594194306,0.728177864371448,0.219801911148084,0.754708171028243,0.606631710568892
"100765",0.136598037687138,0.0794712208428673,0.670178268689692,0.609105080522888,0.147593673093283,0.648848081978198,0.267515081251598
"100766",0.0423969055576794,0,0.571827164678141,0.51180119256953,0.0529625835561977,0.550051516156768,0.0645290744703231
"100767",0.245522655190066,0.181231709914265,0.788234987330925,0.726501795239352,0.255138027105619,0.763111316489539,0.0277147171001575
"100768",0.0265301821481307,0.0231628876662099,0.518526423386613,0.461868385875915,0.0490113676039222,0.52949833195902,0.0597446642242093
"100769",0.0178635443923073,0.00951644074280056,0.536638838642313,0.476901230972384,0.0402063707189266,0.545217000830424,0.183279215081171
"100770",0.0961313592142842,0.00113208083451311,0.680216766192251,0.613916661284852,0.10078528049965,0.637709426531566,0.124214122147576
"100771",0.143949062447798,0.0113271138228432,0.767649340293424,0.696514269699198,0.139951058991505,0.7034130015692,0.123506130419527
"100772",0.155313871297065,0.00110015488297655,0.799250006219787,0.725201504398738,0.146025251611297,0.72227357750671,0.123167923750427
"100773",0.243752590367409,0.0699007594651441,0.911067644902812,0.833865454366003,0.229960369330839,0.82281526947872,0.166222702539725
"100774",0.218792506634428,0.0588094320078658,0.862408831567777,0.788200458832864,0.207738003531139,0.781891029840771,0.146142169663603
"100775",0.211900485355595,0.0343361731430722,0.864926618908756,0.789205778163986,0.19620379245216,0.774024952013671,0.134949083955855
"100776",0.223600886382399,0.0471181555437478,0.888685960954717,0.811316892836855,0.208629068608158,0.798350414472807,0.171647719846853
"100777",0.262348104148543,0.0993496011852626,0.907494490758441,0.832812329029037,0.250220028442425,0.8249517365405,0.187110518301061
"100778",0.389415550348947,0.248021018336973,1,0.932595865417631,0.381666552635628,0.93320177277386,0.340031013653742
"100779",0.66179454737587,0.537897301580196,1,1,0.657604305040473,1,0.285204893118872
"100780",0.573081560298741,0.449472301152363,1,1,0.569215584373261,1,0.408170019106729
"100781",0.411979098583346,0.34530327624708,0.950126260559265,0.889062120512919,0.421067396203962,0.923668476500216,0.412318089254816
"100782",0.099046383230101,0.0406481595370562,0.632803578783144,0.571753925610828,0.110074089810377,0.610808157954479,0.192009689781271
"100783",0.0645661338222314,0,0.614638960160149,0.551592711198739,0.0731383575108315,0.585915632719127,0.22592488165838
"100784",0.145992510813712,0.010187120383861,0.762355882333234,0.691144307437009,0.139767610324608,0.695153231068611,0.279913249037856
"100785",0.244100940036096,0.154779485872017,0.804863903835172,0.740736033948713,0.247436366705853,0.764558644428737,0.200945992518282
"100786",0.0136143912402819,0,0.523253745159109,0.466038741003832,0.0261729558049409,0.507535431777778,0
"100787",0.0443285932928608,0,0.567280804560446,0.508604138337233,0.0553550980815073,0.546749474910601,0
"100788",0,0,0.501537449333616,0.443114881240947,0.00179587732809172,0.494109980278235,0.0688475904565227
"100789",0.235362465048031,0.193587190170504,0.786627223537084,0.72368888736006,0.250580761329069,0.775233562635637,0.236054528237208
"100790",0.117760973634941,0.115639429139095,0.625684535286529,0.568280402970601,0.14113308085728,0.638877330807578,0.362098715306799
"100791",0.217481119277095,0.258263868010466,0.681869893925258,0.629040384956967,0.250017113193813,0.720740560120266,0.457508628648849
"100792",0.122592981828295,0.210914838824229,0.524517795881422,0.477703799413316,0.164529071239189,0.591944736371222,0.352425038021693
"100793",0,0,0.158886207572208,0.117455574309044,0,0.261290424577937,0
"100794",0.00638888660578862,0.114687377215407,0.37805841799695,0.334868431111225,0.0518135496117299,0.457436579376366,0.0311506579936486
"100795",0.14805155008091,0.0197616552431567,0.768173798912925,0.696935775099837,0.145261752402859,0.705798784341205,0.176519820498389
"100796",0.202577029804861,0.0809528097005908,0.817347840337185,0.747186880367754,0.201019750256529,0.759374895939036,0.157898582408462
"100797",0.173407072790646,0.00836477540997116,0.824553358704537,0.749747981321416,0.161510692442455,0.741578971526336,0.0943639495995359
"100798",0.241871513306836,0.0410899860732048,0.926331864497447,0.847225413601343,0.221450959776085,0.823533412177126,0.0662746528709368
"100799",0.260323992424266,0.0884048219625523,0.90815299444281,0.833176327177416,0.245964975867753,0.82054890882178,0.177553896668629
"100800",0.358868272696295,0.209867705544866,0.985195894224522,0.912435072171235,0.349553605610511,0.910163730583154,0.390977451038787
"100801",0.24737958820946,0.0978862727285131,0.874421528864163,0.801801648712195,0.238139537091399,0.799304630477845,0.220420629529828
"100802",0.34442834009019,0.204692135632185,0.970184117501449,0.897741689524247,0.33780108253868,0.900781066493775,0.336642036609694
"100803",0.30703058070815,0.180081153776724,0.901198734038633,0.832857059957298,0.302572526246628,0.839100609083163,0.178904650141455
"100804",0.657971201158219,0.542014614427623,1,1,0.655573525528646,1,0.235669183743829
"100805",0.37916356211631,0.26271978114951,0.960640702654377,0.894002920960064,0.37674793051639,0.904500368060761,0.176311590747512
"100806",0.110462863187907,0,0.695672781673904,0.629091051610296,0.107269747758678,0.637100084384755,0.0440062556092451
"100807",0.0762828841708298,0,0.668605463682357,0.600557025174072,0.0744041228762833,0.612340038345022,0.130079907880168
"100808",0.103539361557573,0,0.688223308588592,0.621051104243031,0.103295300559308,0.636544557110933,0.17366674687489
"100809",0.143572379328593,0.0122010575019583,0.745726602414901,0.676251178139289,0.137943345394524,0.680915677777509,0.200964000607339
"100810",0.133674807808122,0.0389604983807976,0.695045575719228,0.631095065235185,0.136213248784735,0.651888004994611,0.115064787103733
"100811",0.124944267050354,0.0642498630486242,0.65146167196487,0.591588676841783,0.134845323196339,0.628163707548053,0.104792785536965
"100812",0.0779992597568356,0.0017238197974877,0.627182362694849,0.564486856138098,0.0847203574652169,0.594565729260361,0.118152550275306
"100813",0,0,0.563083471506238,0.498248544106305,0,0.524892358526713,0.102065010854856
"100814",0.114957590442634,0.0868620364398125,0.644203409472425,0.583711093316259,0.132782430182605,0.640399855349593,0.239754715554034
"100815",0.158753816852224,0.143881207919381,0.679502605467205,0.620681645830089,0.179667425693144,0.684700318052767,0.492735868176922
"100816",0.115395366135596,0.120195929552289,0.618788366354636,0.562370921667452,0.140886482947326,0.635944860761805,0.490967566287281
"100817",0,0.0187764251564077,0.41095721465424,0.358629395771664,0,0.458619354277563,0.321858324276172
"100818",0,0.0355152212752495,0.272623753920171,0.228795910516514,0,0.362732514570434,0
"100819",0,0,0.25286901084107,0.207188170187035,0,0.331209843224451,0
"100820",0,0.0841935324651018,0.296859649080918,0.25616882393771,0.00360897576834107,0.388496975157411,0
"100821",0.157700824323205,0.266556650901088,0.51941895736156,0.47716646532855,0.202993172672605,0.598883705748266,0
"100822",0.172456839159079,0.253326638302062,0.552302358543467,0.510126784400339,0.212071256113895,0.616297164714789,0.045267568492495
"100823",0.188374493261188,0.0940085208160477,0.76243849365803,0.696795544367918,0.192108176177251,0.719639142310934,0.152482533723407
"100824",0.217325848118241,0.104209224709304,0.82173231792154,0.752507634223474,0.217278038413751,0.768354241965875,0.136070490309671
"100825",0.142033200184753,0,0.773244888028264,0.701390981314948,0.134269907239399,0.700830430815948,0.0372081446448168
"100826",0.119275933754226,0,0.742728400850783,0.671907601453648,0.110740192501679,0.669401570009739,0.0220402829768778
"100827",0.206644583999203,0.0798512142817327,0.803626999551366,0.735498527548055,0.20254211998359,0.742237944214036,0.131191950535117
"100828",0.177025040391681,0.0713668131256963,0.743905224060425,0.679555242094618,0.177374473233817,0.694703592479704,0.1119362632191
"100829",0.223767336017311,0.125403789852982,0.787837142639627,0.723185173714177,0.225686977457227,0.7422696297664,0.208892341364383
"100830",0.211802176714996,0.128017592036695,0.757498553537232,0.695458780676409,0.217034299073443,0.720799251041343,0.146193743118815
"100831",0.166349015065924,0.0540756623392711,0.731343607616576,0.667592912042661,0.165223465413335,0.678541180129825,0.0155576693014016
"100832",0.286748420042317,0.212984597908435,0.818450929360589,0.758028600749278,0.293878302465165,0.787350396910363,0.0975165506853176
"100833",0.185150281145712,0.0805596130578986,0.748585633837223,0.685275947975308,0.185280360187926,0.699701438273448,0.0497515180240523
"100834",0.0424665354962308,0,0.63660013166495,0.56937556731051,0.0359449197961115,0.569999345953062,0.00129289572068425
"100835",0.0841975698496761,0,0.675120587415088,0.607423694430708,0.0810841486372331,0.616320666162834,0.113579990660714
"100836",0.0755178377204402,0,0.65101779418443,0.585207358336529,0.0765816784449906,0.602920053798502,0.0968421708484027
"100837",0.154795296256907,0.0350494383190091,0.738544226653867,0.671587756421069,0.151618071313921,0.68057500511563,0.148309974704013
"100838",0.288594059881199,0.16416255539436,0.880766365884726,0.812467993003244,0.284209223189161,0.819762370339677,0.284782596421484
"100839",0.388713789487774,0.281026995278834,0.965189398400687,0.899017308826926,0.387968812424406,0.913966462619704,0.328066556443241
"100840",0.291903501004651,0.183020596715744,0.876422060833019,0.81040901653895,0.29152645725378,0.825488286535751,0.35640582714243
"100841",0.0339342398842171,0,0.635424747171149,0.566389317732289,0.0320967069557321,0.579188508748269,0.151282276108674
"100842",0.215061580839397,0.169815428824542,0.776235295761448,0.712217379382187,0.230167808488935,0.763035978020695,0.191345396251355
"100843",0.407012450838594,0.363564648432219,0.964392760828134,0.90111136502089,0.421831595954615,0.952621079574108,0.594769809019809
"100844",0,0.0117769599511365,0.429042330920722,0.375523674010689,0,0.468003955630352,0.450083947179785
"100845",0,0.0158376666832841,0.406237238654893,0.353241324400985,0,0.451488419720881,0.344017278064052
"100846",0.203514308875676,0.2825942127511,0.629633997337177,0.579552009819213,0.242111519051039,0.687119931083139,0.105263898591455
"100847",0,0.0211019288311936,0.318595060036739,0.272926244201546,0,0.388479822663575,0.0745111582913415
"100848",0,0,0.162892610889576,0.11551588451169,0,0.220753218522787,0.0534925637669238
"100849",0.0257347831434206,0.0712150197153709,0.473185934981522,0.422316553874682,0.0570906779567809,0.508235126231367,0.0772390253727598
"100850",0.144976052212917,0.0517060172422972,0.739709919822686,0.671924514070899,0.140117001521979,0.676779231821851,0.0697523725882014
"100851",0.207202734439822,0.123312126926122,0.797066753087472,0.729083032540296,0.204653379550854,0.73972280144458,0.221453141191968
"100852",0.223113685533365,0.137138604739252,0.813663942374816,0.745699107775983,0.219994192154127,0.754981853556793,0.214052357534537
"100853",0.231198150052098,0.154572313957989,0.804563448053526,0.738689922439272,0.230461384501434,0.752404049946894,0.225445014993258
"100854",0.197762734407656,0.133601483216001,0.750669315267009,0.687313523760333,0.200346988202894,0.707270549733628,0.201008548084859
"100855",0.140799452036409,0.0990395348087867,0.657664632866406,0.599362411865042,0.149405496854887,0.630773419104012,0.0815983996327677
"100856",0.0837119018134592,0.0134303800564887,0.629179993682545,0.568082476807918,0.0850582591978196,0.582996101255886,0
"100857",0.101379000901657,0.0264342730949323,0.662735589915214,0.598986058733552,0.101330315137102,0.612230294094962,0.0545572769706152
"100858",0.104236024527595,0,0.731528717224916,0.659528826164776,0.0923988044364062,0.650818041479261,0.186960599889998
"100859",0.0203751220617786,0,0.643246991254915,0.571690427475871,0.00980845676762765,0.565462211782094,0.132199088668147
"100860",0,0,0.604360423367144,0.534880470710793,0,0.526179440109086,0
"100861",0.0700364161274007,0.00944793644858544,0.620441327406251,0.557881569014457,0.0736016184403991,0.579971878641353,0.075236978935238
"100862",0.184888375617098,0.107540988288901,0.758254040360937,0.692379772984221,0.183727260677145,0.70553965145094,0.196511588258092
"100863",0.252080012064778,0.158440128930596,0.84625766754523,0.777676304483135,0.246413065955402,0.782058702492926,0.255619784100388
"100864",0.222536042137418,0.148614674404291,0.79036078558265,0.725829727534954,0.222325428833769,0.740518245489797,0.140796870555366
"100865",0.356704361662328,0.282381066159402,0.94959451582225,0.882263012349104,0.357033593208711,0.899245203025937,0.387104866906372
"100866",0,0,0.490530094446668,0.428582821738955,0,0.464614414925375,0.0744248805705113
"100867",0.119565189375063,0.0509932053730729,0.733059119168091,0.66241983672839,0.122143644136229,0.686358990543126,0.285199045308954
"100868",0.255269061454735,0.232897679784822,0.812753184566149,0.7490039352379,0.269921707932446,0.798731970627382,0.485208333491801
"100869",0.112390433986094,0.114689526834501,0.650637758130065,0.589040937097486,0.134035944746262,0.653777581992682,0.415127502545132
"100870",0.247636316073825,0.284415237883425,0.731098478266607,0.675630797295612,0.276977310272844,0.758768884707545,0.421372039666649
"100871",0.0296061896334407,0.103039703588205,0.457794511301421,0.408212112977144,0.0673046384193251,0.511937822647542,0.203878778172596
"100872",0,0,0.302754302826764,0.252220909128925,0,0.353634867303158,0.0684768466103119
"100873",0,0,0.393272880159628,0.339047264335795,0,0.427359234209376,0.0333016436923347
"100874",0,0,0.413990750067769,0.362419121265741,0,0.442715156403062,0.0720484643319346
"100875",0.116203677277491,0.0462283548804105,0.677975147234769,0.61336839910264,0.117038905701386,0.630289981784809,0.176543743127399
"100876",0.167423009528297,0.0944752315600909,0.7335367661906,0.668301477034217,0.167424511116755,0.683655139983074,0.240985371846039
"100877",0.269912465527306,0.1733658276191,0.863555073448237,0.794733908394439,0.263502804540083,0.797187053027588,0.321803738999262
"100878",0.156922878493471,0.0695548984234787,0.730397020926009,0.664558921851934,0.153326549097121,0.671002229897217,0.151633579017303
"100879",0.0781612441579046,0,0.646617118067807,0.582173775325248,0.0742367034671583,0.58614128418175,0.0184971215568204
"100880",0.137051023670867,0.031603121160211,0.732355951629092,0.663774544665524,0.12881807547356,0.660418260022635,0.122956365694753
"100881",0,0,0.580743522754839,0.51328376366247,0,0.508757924074525,0
"100882",0,0,0.561940241364576,0.491709277507461,0,0.479770242468906,0
"100883",0,0,0.611813949922999,0.538173799468763,0,0.528571057792523,0.151967980684271
"100884",0.0924832503069337,0.00204191540878529,0.685656180892676,0.617507833258608,0.088068711674177,0.623982144767527,0.170018657570441
"100885",0.13787389080548,0.0688176847628295,0.700368639153689,0.636102199441403,0.139102792665534,0.653721618889747,0.150245116549508
"100886",0.135595698372581,0.0544302809531573,0.706575842961322,0.641461221185668,0.133463944024724,0.651768820490622,0.104164891282674
"100887",0.171569241053274,0.126104646801162,0.701354845694496,0.640917123094762,0.178771712497575,0.671076534337752,0.168443049909132
"100888",0.176243137547217,0.119379890185181,0.722027794126629,0.659953970901984,0.180533958475823,0.683874701373738,0.144166290809522
"100889",0.20497239808243,0.12781137222955,0.781275686805749,0.716600347671292,0.203825615937459,0.729265594584811,0.0794159877910994
"100890",0,0,0.505889620447492,0.44139935231175,0,0.465414933308746,0.0957768727473979
"100891",0.124955408170618,0.0593080071504083,0.721555994445864,0.652841520598425,0.127877850736948,0.676756379407294,0.35066294709722
"100892",0.314405882372355,0.289572783031037,0.875571320743776,0.811430741923996,0.328438142229821,0.859918335210919,0.468961121418702
"100893",0.335175282840589,0.296591247570853,0.936648039654919,0.867705398698162,0.346864667662465,0.911249335588123,0.537956326850237
"100894",0.263334999000718,0.255224738491393,0.803776858063136,0.742393712411752,0.282011747434131,0.800194718275222,0.638235310155767
"100895",0.0359099576429638,0.0697567625972058,0.51181649850299,0.457481317753066,0.0644718691320861,0.538227526386232,0.312503836049475
"100896",0.025501613550077,0.0953774093230081,0.466076465098775,0.414369734634616,0.0621046845366644,0.5173245156013,0.0189554927284196
"100897",0.32691102101695,0.345378141126539,0.855644128023724,0.79455042472198,0.352849114553854,0.870393638159219,0.103761099066961
"100898",0.0294139720111661,0.0523297256590035,0.519194732048534,0.46444005295597,0.0555940196254742,0.538756108830513,0.00861163827543343
"100899",0.116444987630346,0.0103409804073926,0.716635873847625,0.646735532413112,0.107036015195535,0.643392807442207,0.243578013212282
"100900",0.192876657021237,0.0843802388234749,0.793918018860994,0.723951780996236,0.182922463530667,0.719163549846741,0.267457158590864
"100901",0.139296666279982,0.0316143921102895,0.734151861565692,0.665221257459216,0.130183693826471,0.660414008035756,0.165969626168386
"100902",0,0,0.53765654192879,0.473813415773663,0,0.474067174416181,0
"100903",0.0717245727850194,0,0.653939506778308,0.587194098186719,0.0651159084106472,0.586167986382299,0.0482346900606072
"100904",0,0,0.533191677853751,0.470110405560471,0,0.47251992819449,0
"100905",0,0,0.460332671870315,0.394706484674455,0,0.393882001006724,0
"100906",0.0338164373641741,0,0.691723037219362,0.615305422848171,0.0156499042824725,0.595464179701263,0.170080654452669
"100907",0.141828987916233,0.00921724493668996,0.788153078033346,0.713261332797406,0.125877548999726,0.697473379385355,0.16036153804228
"100908",0.16275960232538,0.0611934010266805,0.763985290521418,0.695291087886739,0.15537969580333,0.695199685258156,0.119610973541506
"100909",0.156561715181105,0.0892423566505149,0.707531810074688,0.645290985793371,0.158206878156966,0.662829973370347,0.0908327868383902
"100910",0.219292473236908,0.151994679276125,0.776171073941527,0.71237784358845,0.220678092443984,0.730510381939477,0.213217423912639
"100911",0.0998040959781784,0.0430423112665339,0.634109775470524,0.574353655570105,0.10425173699421,0.597130190762368,0.0238950860663323
"100912",0.0577534421540252,0,0.597858601263316,0.538396882456766,0.0610009505517044,0.558011154603318,0
"100913",0.169244049059321,0.0837798207835424,0.760290314704277,0.693269853141642,0.165108974960089,0.701714713303888,0.0817117205716182
"100914",0.179897380204146,0.129204831302942,0.749433362898656,0.683862388586439,0.186226599492243,0.71492044685384,0.320033403691034
"100915",0.411203016389748,0.348918151666838,1,0.950460973761509,0.415164905030777,0.97958634621878,0.398725423441499
"100916",0.287426458699313,0.197080200497725,0.939551469768706,0.86372755323901,0.284673034810235,0.877753266272266,0.452906910425789
"100917",0.672517414813934,0.650353494446328,1,1,0.687041669862167,1,0.533609387589312
"100918",0.0120305360544606,0,0.565138482325674,0.501512010968967,0.0294124305035364,0.558518596871973,0.35508925723441
"100919",0,0,0.483397724945956,0.423491679864425,0,0.489108142430633,0.144167869132373
"100920",0.132856784360614,0.114004866394544,0.686349414721603,0.623261757258831,0.148637199550429,0.674782486201319,0.109584551330536
"100921",0.259130990271874,0.249148508208889,0.784859683782062,0.726491753186076,0.27715757305677,0.78101142896773,0.0462806222226919
"100923",0.0106627675750991,0,0.558757289775376,0.496290462904337,0.00869375063420663,0.505511310619725,0.0341958262126766
"100924",0.00716015412388515,0,0.562550389376041,0.499190345731446,0.00392350272968034,0.504985228069053,0.00699471815234387
"100925",0,0,0.575652783206329,0.509609133350609,0,0.506308094922682,0
"100926",0.0139128096851248,0,0.581921527777824,0.51800739820854,0.00732728505792446,0.514393801578927,0
"100927",0,0,0.547834232101117,0.484738702968621,0,0.486309480261019,0
"100928",0,0,0.572254686200404,0.503568892208674,0,0.494585597073185,0
"100929",0.0322344905606298,0,0.688401507491549,0.612328580526331,0.01528472936229,0.594366718270667,0.103092198143151
"100930",0.0261245623697386,0,0.678436396453088,0.603376865068475,0.00821267688798544,0.582898301349689,0.00280382869438955
"100931",0.138834387962778,0.00182346531381528,0.785960724705488,0.71118881242581,0.121683199850769,0.692623037595457,0.0978690073666082
"100932",0.180627573908926,0.044726769038661,0.821300197917342,0.74698548969139,0.163362859854186,0.728430174426869,0.136584992329722
"100933",0.221347680983589,0.122760037048193,0.81609181734576,0.747465559953075,0.214240039750436,0.748608122621629,0.21650881996199
"100934",0.219766901136478,0.109962222032269,0.826884537937085,0.756936861137372,0.209548569605237,0.751835547400154,0.186018628343929
"100935",0.190906824383339,0.0980441649727489,0.782920086119646,0.715008093500928,0.185440938255324,0.719464066608117,0.193803717957701
"100936",0.102023821661566,0.0583677418294067,0.643125027068141,0.581174108234389,0.109860917118658,0.613553381928773,0.237755612398028
"100937",0.173432893905229,0.0919556841771637,0.776589706522912,0.706784899054626,0.171678662776008,0.720586581856208,0.321613022842067
"100938",0.581839338776878,0.449983577685059,1,1,0.566578943441742,1,0.628061669522947
"100939",0.32649963461634,0.183049406117673,1,0.951373625934284,0.308543249853499,0.935444336455254,0.443291409533387
"100940",0.395088024993833,0.355096519007563,0.975077539875332,0.908400266519595,0.405368331119069,0.948376870090236,0.361796319021019
"100941",0.0876708023923771,0.0625366145919346,0.640197053120012,0.57684809875479,0.101331145113674,0.624198777387348,0.368885562644863
"100942",0.0561176386659262,0.0101844321281335,0.62941974697015,0.563981352738016,0.0645084021807625,0.59896949846128,0.304602107593617
"100943",0.0708501419371972,0.0580981556629806,0.607088773568215,0.546186918704628,0.0880782890475311,0.600112467389398,0.193599470362721
"100944",0.0646798507989538,0.00719944736403122,0.657678269731041,0.590642551124602,0.0706147207805876,0.620131258541621,0.21776012605533
"100945",0,0,0.403626781397152,0.347798287257184,0,0.355326648068859,0
"100946",0,0,0.515402410861007,0.453425164869183,0,0.459675225806303,0
"100947",0.016639465484762,0,0.581152866804432,0.515997325607734,0.0114253527838452,0.518901398719172,0.0697904973300219
"100948",0.01844985090428,0,0.615582732223388,0.546274916120624,0.00599167767195674,0.534520982410745,0.0159265575506129
"100949",0.0305667209698023,0,0.616429672088108,0.549186891399479,0.0230810499906019,0.547905149713678,0.0671660810113692
"100950",0.0484717907451447,0,0.660724547518127,0.590424725128559,0.0357853251729137,0.579170559729277,0.0564570664821482
"100951",0.107814662285907,0,0.74799039562881,0.673527428109126,0.0911817794884082,0.656137375295036,0.149846972098249
"100952",0.162414917156983,0.0243835416575409,0.811091610034718,0.735415273319049,0.144608373637736,0.716307712432126,0.184521076096582
"100953",0.187225576119469,0.0561420162677687,0.82750972058076,0.753236787425498,0.171472301663346,0.737792614498548,0.159706135369335
"100954",0.308736362874785,0.181628682441371,0.944198124556086,0.870130085419441,0.29377263714152,0.856776736413014,0.276596700814539
"100955",0.403222573791018,0.262436190200566,1,0.970896341153138,0.38394100393027,0.949295357370009,0.298253838527896
"100956",0.512201667242307,0.368919590702614,1,1,0.492076024979269,1,0.439558529528201
"100957",0.399823360460343,0.278208442958573,1,0.956878390703269,0.386221696145901,0.946648157225198,0.411946003845865
"100958",0.258119090219149,0.170196042660038,0.855704802843076,0.786544204538213,0.254253748157563,0.795266162158377,0.36796377098954
"100959",0.182618179687715,0.068513693333292,0.833207131517338,0.757280789968166,0.172392439822519,0.754671405930952,0.411246491912852
"100960",0.495466737597723,0.375832736915464,1,1,0.484460574531202,1,0.675617465485635
"100961",0.210557642573695,0.0827382153897928,0.878687953190845,0.801817334767086,0.196464874967508,0.791560559977,0.217595658363978
"100962",0.317957458322518,0.247737773251888,0.918094469638671,0.849498807646322,0.319721298780841,0.870527835191862,0.219065948778102
"100963",0.243397140037634,0.196358548855334,0.812641400268594,0.747790858653618,0.251221544270794,0.781318659925358,0.385615729542088
"100964",0.17111238394683,0.0905829335762974,0.782559964137079,0.714108494680383,0.170449570569171,0.728989326798791,0.367745667337636
"100965",0.0706213569068951,0.0497439068748642,0.610530792649436,0.549073785997881,0.0853163461698229,0.597715573392774,0.218947794849326
"100966",0,0,0.48013126842253,0.41520282698093,0,0.459014400382348,0.189559186382991
"100967",0.199504138961732,0.15010765850892,0.770697242981762,0.705217206611645,0.20697510708579,0.737641541389584,0.219237347620707
"100968",0.0887861418842896,0,0.683943775270808,0.615950454016591,0.0787119600020636,0.609730378509997,0.0676348928866845
"100969",0.35169754430554,0.207363506729349,1,0.925836148780434,0.33143311537031,0.90278890829943,0.378309150882696
"100970",0.515602885687299,0.337319808631534,1,1,0.485262802766996,1,0.447909456698407
"100971",0.34193366216178,0.196918992504431,0.982305735142749,0.908216624403291,0.321605185024916,0.883586179707252,0.181436160397877
"100972",0.514059521605557,0.361183402284711,1,1,0.49098937726554,1,0.341225587045734
"100973",0.576122883479598,0.473411212061209,1,1,0.567281476051934,1,0.48891216873207
"100974",0.473848786645981,0.339080991029101,1,1,0.456423022511646,1,0.412068865008118
"100975",0.360062675162327,0.231456501442939,1,0.932840542816478,0.344866255739302,0.920493635540079,0.433445134573217
"100976",0.145453638698091,0.0439648654917718,0.776634031014431,0.702756353484054,0.13815930053744,0.706901998899884,0.459901107364803
"100977",0.48328275182925,0.368081281037899,1,1,0.473761905875462,1,0.740499127605418
"100978",0.388783335277502,0.31619637833222,0.998151156735531,0.928574062602847,0.38993487107576,0.948981506455575,0.406644695297368
"100979",0.284243962717534,0.198080098088708,0.901839800087514,0.832009350268912,0.281434446356244,0.843681356818728,0.154200687348326
"100980",0.234769924941357,0.164075565688114,0.835097362796972,0.766463993940162,0.236438356453492,0.787040067992536,0.341510427822067
"100981",0.382191088631824,0.270046215471633,1,0.955525825866209,0.372541165545112,0.953417479439,0.488871549772989
"100982",0.0999626795682671,0.047842947813761,0.684390795626708,0.617487386816493,0.106863556612246,0.649553202146792,0.182921379212658
"100983",0,0,0.546801970045408,0.481758826049065,0,0.521933947586626,0.178978064174976
"100984",0.149091508250129,0.0940022608028761,0.729606435200304,0.662770880042784,0.155117898124817,0.692331727308736,0.224039864108157
"100985",0.267386523504489,0.140887880049604,0.886614071731675,0.814379552443715,0.251943337809162,0.799484492322435,0.275583327328127
"100986",0.450354365549714,0.324468919392579,1,1,0.435107125028543,0.986396024348377,0.466339255353808
"100987",0.283054505074323,0.145815632769558,0.901474394083293,0.830975907398731,0.264935129440576,0.809106927374558,0.0974751844352978
"100988",0.449475359926771,0.314402929237328,1,0.999857941186662,0.431565279529682,0.979938273492918,0.228037076498323
"100989",0.461644217453906,0.33531335906724,1,1,0.446288459605175,0.997349037939265,0.338722464240916
"100990",0.405560411401064,0.245100393441095,1,0.99881313270377,0.380690284158733,0.96855457976109,0.324521010404178
"100991",0.509812431033996,0.357608624889353,1,1,0.487664832363096,1,0.50027262792998
"100992",0.179353222018625,0.0427707868648309,0.851059694973351,0.771495270733873,0.162428032770935,0.757080900177224,0.285797427599701
"100993",0.334871393778586,0.158761022663817,1,1,0.309205259475654,0.999443163199718,0.426763399147605
"100994",0.275080032495334,0.0992711714379069,1,0.915685062814212,0.247515433244762,0.880215208986005,0.297344400119021
"100995",0.141853131565334,0,0.866087393435237,0.782926430519036,0.112543466674058,0.743658310004004,0.161344572110095
"100996",0.183282828543127,0.0498163685411636,0.860652976442481,0.782266523780143,0.167738460566632,0.76911988046611,0.387777557847881
"100997",0.471004352746287,0.302971117209914,1,1,0.444970301787502,1,0.560792436764505
"100998",0.329087792556518,0.164957289791024,1,0.972519081627503,0.305142397872965,0.945455689898634,0.431426498075938
"100999",0.0770174377069218,0,0.731323011563577,0.655564221191741,0.0677832393809183,0.654754460357206,0.270050346165082
"101000",0.0994298997500492,0.00877521949999827,0.725941614291016,0.653645102360831,0.0962562586964543,0.663931130132399,0.275827020354411
"101001",0,0,0.480288639938078,0.411911211631862,0,0.439409438274537,0.163605098026111
"101002",0,0,0.601235894556789,0.529071992189512,0,0.539116566578727,0.155376638805348
"101003",0.052646732470659,0,0.636427207445105,0.570537527102191,0.0399371487587815,0.557771986613996,0
"101004",0.225333312465227,0.106630145741692,0.830739386898775,0.760405447205978,0.212124989157276,0.749307235466605,0.227085941567657
"101005",0.321185266283056,0.202087725227285,0.927618573531085,0.857274997435248,0.307833487905162,0.846092066333824,0.263208123244346
"101006",0.403376752787526,0.280610159442435,1,0.940750474183074,0.388915679768501,0.927438296727506,0.232913112401363
"101007",0.317241373918529,0.204386100242704,0.916556956516279,0.84786092284813,0.30581116922156,0.840428354708624,0.219851935550725
"101008",0.43913273842245,0.302061550195209,1,1,0.420935786485002,0.994486641911247,0.482534685718742
"101009",0.734798519803409,0.602377461705673,1,1,0.718204898658934,1,0.703499792980681
"101010",0.196988091443371,0.0479063101524628,0.88018095266509,0.798997164536798,0.176201034124184,0.778233298033047,0.239877031476924
"101011",0.212755738255394,0.0277515063361977,0.968845756072169,0.878061911424639,0.181880646127117,0.842411976764932,0.294126107828124
"101012",0.0727462028187088,0,0.779674753188054,0.69698335862052,0.0461722689024284,0.660635231818912,0.14862651036099
"101013",0,0,0.487261401370381,0.406764496967156,0,0.373897512919677,0.128375357516888
"101014",0,0,0.697983921885599,0.614401916155554,0,0.586686489105543,0.330025114188849
"101015",0.705232529668776,0.53730963596205,1,1,0.679688535981061,1,0.661799280823329
"101016",0.561851599540378,0.382922597171791,1,1,0.532958235081018,1,0.547295919669921
"101017",0.0239977317968101,0,0.687032593089572,0.609955397763236,0.014394407402519,0.608538143138253,0.261307686996238
"101018",0.0964962005636137,0.0128905964691967,0.716041301671207,0.644754681547766,0.0954514695407189,0.658996101479518,0.281591278857617
"101019",0,0,0.549016767167437,0.47877796677286,0,0.501596470315983,0.214382836090791
"101020",0,0,0.588507328889891,0.5174901278157,0,0.53100385327092,0.217240044766617
"101021",0.148339269946602,0.072795351750663,0.754698541736261,0.684940808139944,0.14960265047037,0.70356948687318,0.153211003221614
"101022",0.374918450146346,0.303347026227455,0.977257790646156,0.908413955942808,0.376645289275342,0.929311667136078,0.223451851753094
"101023",0.106679934238266,0,0.693072033720104,0.625687844197591,0.0948368022307501,0.615907584687329,0.0889665054573218
"101024",0.165382958865825,0.0342592306334266,0.779631827370589,0.708125723027274,0.148581116588936,0.689853615952161,0.159719563950592
"101025",0.296382945157986,0.16692529319612,0.917988654871735,0.845102568292583,0.280072453645322,0.828861532809322,0.351118370823325
"101026",0.330974910012397,0.210864446459471,0.940857351932729,0.869853460535632,0.317302769049616,0.858542943141137,0.308633724066946
"101027",0.281005127617412,0.153956812769346,0.901770540363858,0.829685437818985,0.265526627820943,0.815322250182208,0.255686653893492
"101028",0.242545487579955,0.106730242545583,0.881378099485627,0.806321260532868,0.224627548361215,0.789088845301237,0.27954787708621
"101029",0.379190734098589,0.241400255663051,1,0.956216784862471,0.360966508125843,0.938791939413801,0.388097083324992
"101030",0.228254238969822,0.0533362208112967,0.94064637987477,0.85586780327854,0.199382260155384,0.821672935642636,0.195494162532008
"101031",0.403483736209656,0.204153795026939,1,1,0.366827329955103,1,0.345746053083292
"101032",0,0,0.583473244916096,0.502735547214314,0,0.477393164738405,0.239753131004404
"101033",0,0,0.230071841698661,0.154718471027493,0,0.130769263626142,0.0609178974497455
"101034",0.0439961188490671,0,0.757674422154516,0.673964398390731,0.0207175971780612,0.646981252264494,0.284445423549062
"101035",0.322523579063846,0.182806109589355,1,0.927942478583917,0.305681552189025,0.912240441192191,0.158502731784685
"101036",0.6883782268256,0.502937442641148,1,1,0.657649479145797,1,0.421858081180614
"101037",0.235930772259878,0.111420337897484,0.908879065853902,0.830574839953186,0.223477949355289,0.823158258420878,0.314043011483611
"101038",0.130636505255335,0,0.825215916479549,0.743961969153034,0.113909450544443,0.728263060549739,0.207673982076956
"101039",0.150569886991393,0.0735622071945805,0.766717339014564,0.696257565876281,0.152000972004245,0.714657401919089,0.353967186279394
"101040",0,0,0.579265804507381,0.509272147502056,0,0.526526832603972,0.208014815698053
"101041",0.167869145019122,0.102894932020423,0.757608658918418,0.689913091140372,0.171828495501765,0.713700909218199,0.203949106235765
"101042",0.316178052269957,0.252907671445446,0.914030910063776,0.84588548287068,0.320006885562614,0.871627601817566,0.17353161268936
"101043",0.457853695630893,0.404034149455686,1,0.960416962066666,0.463611307626302,0.988980616561152,0.0849616817774177
"101044",0.440464111004862,0.403189651630955,0.979986986001406,0.918020137083964,0.44974656948126,0.955441812513672,0.0178738843206362
"101045",0.189531444881009,0.0527560544810221,0.812563402641958,0.739413875768119,0.171010190722024,0.718475970183786,0.233956801389088
"101046",0.19071701592532,0.0444676434603718,0.826312840728489,0.751552459233791,0.169510201544912,0.725874185960924,0.222198544871413
"101047",0.312416485957794,0.171485348571143,0.950040834569044,0.874891942317649,0.292811800805964,0.853118653916482,0.429888626976778
"101048",0.270373036813715,0.14280060782362,0.891003962952517,0.819085750028201,0.254939055892773,0.804136699639206,0.22808591324385
"101049",0.270734552243471,0.153580953731741,0.885097921175951,0.81414382444603,0.258421597057109,0.805661797462282,0.232027077235645
"101050",0.199341304156082,0.0920339048399039,0.79878458127653,0.730690154614337,0.190084925828321,0.727148057976811,0.0992849427997549
"101051",0.234499962354853,0.0588710833441025,0.950334898434865,0.86535995040281,0.20526307738739,0.830570315460375,0.199254202479947
"101052",0.51184374467844,0.333850927633818,1,1,0.481724412955119,1,0.373478461980531
"101053",0.377827433889544,0.201281520675487,1,1,0.349272935746279,0.988398369343973,0.403911224340391
"101054",0.313010825984425,0.13791129755324,1,0.942352447838032,0.285383308188982,0.904612794815706,0.103592364184705
"101055",0.258064875978716,0.0676535981692947,0.999714811957534,0.913483271399853,0.225751629084531,0.869711930927098,0.181495287411089
"101056",0.262900395085808,0.119926656637972,0.947323068108021,0.867137668151651,0.244341748511043,0.848888785698244,0.128494211662297
"101057",0.271034197408157,0.113391701955102,0.989606793405204,0.905167634531869,0.249006498002257,0.880817676339375,0.321339792809879
"101058",0.445016374447434,0.29828967696192,1,1,0.426294906869582,1,0.53910597112456
"101059",0.295068158602076,0.164806928620485,0.968536138954998,0.890145341953433,0.281010044478453,0.879066162112155,0.391487257588627
"101060",0.336441026591642,0.215151075536398,1,0.925301196743015,0.325230562096603,0.919322764580598,0.44999987305533
"101061",0.184906316815064,0.0867435174694721,0.818133371157595,0.74525068578056,0.180084428758537,0.750954817489152,0.343923895292159
"101062",0.171152388512545,0.0947065096461822,0.772536480125457,0.703410062670404,0.171853448494406,0.720466993336288,0.256046068881305
"101063",0.0663372705208752,0.0242192904423454,0.626220053242114,0.56215245035985,0.0755040108010564,0.598070268448481,0.132287042745367
"101064",0.43003094245505,0.368923052288995,1,0.948350741996922,0.434207314464291,0.973952918147367,0.157652361847528
"101065",0.385120295006565,0.33121939970198,0.946497623173701,0.882141263674059,0.390519149044574,0.910192791077633,0.0687197737143842
"101066",0.455513732111049,0.418040855024609,0.980290590269684,0.920144095451144,0.464431646726026,0.955363581404903,0.0954879152994547
"101067",0.544942018202808,0.477728438931888,1,1,0.545469196425341,1,0.19424328119175
"101068",0.167530896573596,0.0130295785487596,0.807786096504434,0.732613859729032,0.143892243244354,0.702075186289974,0.158551314055301
"101069",0.136989760782656,0,0.781530783639608,0.706024311795848,0.112665580012645,0.674190954564463,0.122168383741468
"101070",0.166727164833545,0.0146990434616499,0.808865805501187,0.734193821108734,0.14429991499037,0.705553208531121,0.107974245513063
"101071",0.241642235379139,0.123913033915329,0.845963513657915,0.776881665122599,0.22915853269109,0.766623465037535,0.146208184838363
"101072",0.200388591232337,0.107435729879603,0.773422235173715,0.709205583366792,0.195043507310955,0.712213487534216,0.0631451305188819
"101073",0.326134819282263,0.171085208352637,1,0.928475827514641,0.302848612307535,0.90355161229338,0.368710986482608
"101074",0.20359863332524,0.0421101232369961,0.905473807135937,0.821734382002506,0.178187005411133,0.79580683164722,0.299546961970701
"101075",0.402162062565712,0.232281922168556,1,1,0.374641379062796,0.996495147127654,0.355466643947181
"101076",0.449206500841884,0.239947682965086,1,1,0.41119338247605,1,0.303860828339265
"101077",0.197386890205167,0,0.962195839625734,0.872731385976359,0.157903825431805,0.816144810838974,0.0411243440093547
"101078",0.42166957308675,0.211997674754937,1,1,0.382826960944736,1,0.184692472822278
"101079",0.394980417250035,0.185696614839552,1,1,0.357306020637413,1,0.359024946193329
"101080",0.346229132686354,0.161916238870688,1,0.989289560526353,0.315842193587547,0.94913678307091,0.349549402598604
"101081",0.681410345379862,0.510567739498769,1,1,0.655467603570031,1,0.759036431624774
"101082",0.481451491515526,0.343297163341119,1,1,0.464859823938237,1,0.570865604006876
"101083",0.2280763660887,0.110284586991744,0.870691385626055,0.796247510162785,0.217125098339213,0.78988191519682,0.257543398482798
"101084",0.224882924668082,0.121495264318669,0.852978672799027,0.780236083103978,0.217856089012725,0.781971001127449,0.286920576409406
"101085",0.174723032626115,0.0768382449206776,0.79844590374177,0.726300052858141,0.169090437104248,0.73121355155754,0.199107656127046
"101086",0.445211118554974,0.360469716485657,1,0.999743207036197,0.443607262531769,1,0.286676955180927
"101087",0.431708719281101,0.358159860612401,1,0.954532176410633,0.432121599660551,0.972496157964384,0.13231354432105
"101088",0.459125201581518,0.383808624972464,1,0.966825073728006,0.458267305271803,0.981664623613683,0.152463765880074
"101089",0.524559067543194,0.457029511210128,1,1,0.525134362572935,1,0.275236946600024
"101090",0.576329649689301,0.504384444707151,1,1,0.575287927170188,1,0.354604951705854
"101091",0.382826732930555,0.164539510016406,1,1,0.342063103105046,1,0.400628190431625
"101092",0.386951041896263,0.210479102846286,1,1,0.358302145798171,0.970461885991744,0.241868304703069
"101093",0.508516732351343,0.324509408849384,1,1,0.477911916146733,1,0.337782679119317
"101094",0.708226893064568,0.536310608739827,1,1,0.681984507067757,1,0.818754957380951
"101095",0.40180661502625,0.271900240901917,1,0.977617879767243,0.387099592196307,0.964352537216913,0.471742666431454
"101096",0.33899993393908,0.218391009020495,0.979513718327189,0.904899175257089,0.326742891812644,0.896509736508191,0.383736269617576
"101097",0.311469104778599,0.196625661855613,0.949616590757771,0.875355814750725,0.300879597208514,0.870524857294459,0.306374127164059
"101098",0.428728723769394,0.332985423632148,1,0.979198262546724,0.423480612415776,0.985694162078807,0.366113226623402
"101099",0.473333753282512,0.388293226675568,1,1,0.470217897407723,1,0.248039731894881
"101100",0.441737686602123,0.349816568945487,1,0.962949937095704,0.436238593695058,0.968164487846965,0.226221778059711
"101101",0.407596728357651,0.326852144944646,0.972190624441976,0.906875709570298,0.404717467907846,0.916940033151135,0.287682888633626
"101102",0.385318734220996,0.304319320396072,0.940230294371893,0.875831802312984,0.381514417978865,0.885025983180657,0.326197510629842
"101103",0.620671282008629,0.445944090712349,1,1,0.592179999406583,1,0.449492733477986
"101104",0.405510366861647,0.234620446216095,1,1,0.378915741790941,0.984798717226303,0.414349023314917
"101105",0.320471741185234,0.179969834258657,0.98036520187113,0.90288023276806,0.302844090971559,0.883540148433235,0.386000474726165
"101106",0.46420543539361,0.345712652622128,1,1,0.452387011789831,1,0.539134310447703
"101107",0.433942162714105,0.318181471582346,1,0.994533557303513,0.422911114526512,0.988737615157787,0.4554485813094
"101108",0.421058779978745,0.3003877946765,1,0.987848914802032,0.408591388874498,0.979610615037292,0.388851410108277
"101109",0.465705511976008,0.353600324372489,1,1,0.455032957448405,1,0.344197890418795
"101110",0.458399228553198,0.360431712154029,1,0.983516715560846,0.451115336498123,0.985137376736733,0.305900918138227
"101111",0.362080565000724,0.267470132977618,0.943013586673724,0.875551590243342,0.355444152246413,0.877986447644161,0.289466536853921
"101112",0.488026213015755,0.34242586538472,1,1,0.467848428397084,1,0.344417120399455
"101113",0.380591022570814,0.221038835554468,1,0.97662176772667,0.357028563630888,0.946656380161591,0.401794255238674
"101114",0.247716462526812,0.085101294635696,0.927980456533471,0.847623946418719,0.223784792441813,0.816126116879702,0.283854498986353
"101115",0.470530767679496,0.323995596570762,1,1,0.450360248319985,1,0.46114043976459
"101116",0.576227417942679,0.442140551174609,1,1,0.559650817046116,1,0.584207343210209
"101117",0.396975079056636,0.279289537758306,1,0.952128065601273,0.384875804003491,0.944402680221424,0.363234244338355
"101118",0.407415160448565,0.28336039498727,1,0.964965567443287,0.393254033834502,0.953325316496272,0.345605982287706
"101119",0.398431981605043,0.272549990385289,1,0.951409443818385,0.383392251909544,0.937966535318088,0.308499040454831
"101120",0.348812334478887,0.23050404268068,0.958565297957137,0.887303719332397,0.335626405952854,0.877042340252998,0.274780489287035
"101121",0.487150147781693,0.332807152928669,1,1,0.464452507249307,1,0.480149610275284
"101122",0.395666778595597,0.208688199131533,1,1,0.3635432116562,0.970332308156024,0.371268334629045
"101123",0.4200907627033,0.250507891112417,1,1,0.392918541261986,0.985711803809742,0.329480197540154
"101124",0.56361750409851,0.39772851665331,1,1,0.537250377225868,1,0.484777433586156
"101125",0.543275579023605,0.420116362259827,1,1,0.529429815528972,1,0.563568193204131
"101126",0.409425973173942,0.291757912252619,1,0.957129016383807,0.396933740376825,0.948499869229772,0.38133396548597
"101127",0.373573534897724,0.239526050942574,1,0.934603163198231,0.35625068622963,0.916796834324434,0.313748665258382
"101128",0.467306271048276,0.297355262692354,1,1,0.439507345130698,1,0.339780504901195
"101129",0.445617714731974,0.281453590282801,1,1,0.419643015141255,0.99927603123135,0.325654874922245
"101130",0.410686787230746,0.2478032601728,1,0.999767497320873,0.385160508704019,0.966660904081998,0.306010365870989
"101131",0.466962149386053,0.302637663585491,1,1,0.440870978162956,1,0.347737884229028
"101132",0.48176443886321,0.361267807618973,1,1,0.468400354542811,1,0.463500855714584
"101133",0.444042929933892,0.367407597377412,1,0.945846042971131,0.442925467651083,0.958912747162592,0.442412555768035
"101134",0.328478888223011,0.244755235494749,0.90168533368186,0.835591499689081,0.325270674570618,0.844463512948415,0.253772247139737
"101135",0.413428984364686,0.245346311254065,1,0.994764975216332,0.38606220528674,0.957153631951815,0.204443608100427
"101136",0.386937803844449,0.210440826783251,1,0.980786248581737,0.357107820160205,0.939458758749261,0.217019612568408
"101137",0.434483442108344,0.271729943254865,1,1,0.408726962391238,0.988702111423798,0.340137611103564
"101138",0.42683798788169,0.298493194261669,1,0.982709541858236,0.411222007793019,0.968033285137816,0.388390044098125
"101139",0.386265324193919,0.297172323655308,0.972038660173952,0.904302598026832,0.381808480979289,0.910986260086474,0.340407454554552
"101140",0.410495793668843,0.297302487093048,1,0.958024780827811,0.399547108832876,0.952298749693167,0.376639801661487
"101141",0.379949575918282,0.199476321206647,1,0.965948092354103,0.348764495210839,0.920961836113217,0.124789339397019
"101142",0.285492639869317,0.122563833280495,0.915484752909477,0.843976950523281,0.259804328515165,0.80665245307289,0
"101143",0.435608285294566,0.290962873058635,1,0.999648151848502,0.414956110147737,0.975190542207013,0.310777007511685
"101144",0.441077319172395,0.306713061811709,1,1,0.423681645312604,0.984096672959019,0.382331574387505
"101145",0.376716154111602,0.225166328761107,1,0.965739328037875,0.354957690400761,0.93998911784068,0.310915793518694
"101146",0.382862763938781,0.242385416560003,1,0.975930136223696,0.365102119613465,0.957901255606728,0.329796395982437
"101147",0.427162482643502,0.228430248563526,1,1,0.390122212209085,0.982912562518557,0.239069701282945
"101148",0.377989711658466,0.188928533021674,1,0.975341243867719,0.34403567922027,0.926454181174309,0.165944683145899
"101149",0.430571069350509,0.284390628361545,1,0.993503067527462,0.40935583457123,0.967896281443632,0.300455937862334
"101150",0.413329191132237,0.307236862203291,1,0.942219734233781,0.403820920355491,0.938821228773137,0.347379740793209
"101151",0.371155088875815,0.245144189200743,1,0.934859297419675,0.356773759525683,0.922651762537943,0.313149257681276
"101152",0.391297724801763,0.237120474468082,1,0.999330800999407,0.369647599723838,0.974194529553043,0.321849076061891
"101153",0.410949334528565,0.237852305565025,1,0.991938460370665,0.381602010641227,0.951175182869905,0.218403307056659
"101154",0.325445922071003,0.150821688166124,0.978248467942916,0.902506317407356,0.295996147483226,0.860135300499774,0.0643212617107406
"101155",0.376783468818303,0.266563045703606,0.974143074143863,0.904984805242448,0.366002057169083,0.898669667739482,0.258078784173382
"101156",0.373537760402569,0.217604299309505,1,0.959347556974514,0.350155106395977,0.930281455071941,0.2670967789076
"101157",0.377565294416905,0.218062015376411,1,0.96743842195158,0.353266394326857,0.936513572530827,0.243811397066466
"101158",0.456912612797259,0.281059767976224,1,1,0.426628953426806,1,0.315258942860158
