"","Andrena_carlini","Andrena_miserabilis","Osmia_atriventris","Osmia_bucephala","Osmia_lignaria","Osmia_pumila","Andrena_violae"
"100001",0.151010456401615,0.236220137102684,0.37996796924304,0.365381769131203,0.187593802630405,0.447570196759261,0.401692946296503
"100002",0.0684033389332933,0.159091552376119,0.346836176734527,0.32528483691246,0.112707080863703,0.381996595737201,0.262909150818393
"100003",0.148830721463623,0.268814199986365,0.359257745542088,0.346985893785875,0.197630655726095,0.442525835723767,0.374761468830488
"100004",0.0492302371558823,0.178284081277497,0.326059143683934,0.305585209189272,0.0958825676952031,0.37144588870158,0.198365418404307
"100005",0.0486436693436608,0.194718623608064,0.323326663300453,0.304559859660816,0.0957039985873238,0.373290518590532,0.167304407571869
"100006",0.22375490061382,0.342912239352986,0.427283561627324,0.415035398420059,0.272355124535183,0.52350405594562,0.453869858759022
"100007",0.0806634012291551,0.249144710755913,0.284912561530715,0.272674865462937,0.132723587260624,0.381272311621609,0.26971936812289
"100008",0,0.0343121741386748,0.0636783033562357,0.0638168162082794,0,0.17001221376908,0
"100009",0,0.115481542911392,0.223875031391845,0.212272320891342,0.0019298002423096,0.295651439779072,0.0490883823530356
"100010",0.191453406632762,0.290364357288559,0.443070972460817,0.421751363878791,0.236026690590057,0.512806332638946,0.41253653250352
"100011",0.172823471582939,0.298703548039482,0.411157087960895,0.393475738752441,0.220115387120482,0.490915480090293,0.385586375551938
"100012",0.0209853793966869,0.168350341070753,0.302750225021151,0.28177774115229,0.0688862732390485,0.355546479367198,0.172931390006176
"100013",0,0,0.122651324720107,0.103151616812477,0,0.190332275952995,0
"100014",0,0.0192179141561479,0.14095704799961,0.131985592233301,0,0.222153318076101,0
"100015",0.0927720426913033,0.223751987698926,0.346797992717408,0.323429753107479,0.139156788176586,0.423050808370888,0.295468068821326
"100016",0.118707066687183,0.23090785363109,0.399921074161598,0.37501021828609,0.162329822545592,0.455782965129696,0.318960818804694
"100017",0.086100285037547,0.216003131222131,0.367791154752965,0.34564133333862,0.131186932010951,0.420878170275641,0.282549971769374
"100018",0,0.104521899402341,0.297137524201848,0.272226378668297,0.0191118388681588,0.337799378390283,0.161657635859491
"100019",0,0.0326114575655423,0.283391171281091,0.255188160396004,0,0.315196573971813,0.0813263970947494
"100020",0,0.0418953706302115,0.26716785024835,0.242775304881467,0,0.311935386704257,0.0512433072957661
"100021",0.0384984939905797,0.175827632961711,0.318924368095485,0.294179328132705,0.0852030338531741,0.382471234004697,0.239991420100204
"100022",0.0610987397439983,0.181801976833183,0.36192643418708,0.336210154119922,0.104246216925916,0.409771761662392,0.275631862567599
"100023",0.0176317548161954,0.149213362667017,0.306386874545867,0.284280121077893,0.062844696909889,0.359697604129319,0.224145539202688
"100024",0,0,0.125836365499777,0.0999520283761716,0,0.170648186595057,0
"100025",0,0,0.166794338776927,0.141975101451888,0,0.215027344950336,0
"100026",0.0593789234546934,0.193549346448245,0.375843268604111,0.355768405905183,0.104367862285723,0.425703589103734,0.216606366841768
"100027",0.141694575047042,0.23849281169538,0.460385600359779,0.432056175795079,0.185151811029151,0.503115152835203,0.339244792291225
"100028",0.0597230506247781,0.182908368134934,0.380187366877356,0.351233482226171,0.103749050111623,0.421667606217117,0.251024657336398
"100029",0,0.0709741268025927,0.256390461805196,0.23054079639484,0,0.301645646506731,0.198072549622313
"100030",0,0.0375866007741137,0.205657137566906,0.182384882741103,0,0.256995469917775,0.154979793420486
"100031",0,0,0.164371675474929,0.141437350585244,0,0.22027924672002,0.0426508947576951
"100032",0,0.0147733620198424,0.204846269830787,0.181616474663143,0,0.259372925821662,0.0506069857858114
"100033",0,0.0929675921059552,0.271129717290943,0.250041483685677,0,0.328306829828945,0.110773580311875
"100034",0.138022023363728,0.237074758616316,0.479828630751723,0.449863057946571,0.180279456151225,0.509561336276835,0.327262182641198
"100035",0.111835538350473,0.227916123311482,0.431494957920804,0.402855974581279,0.154519633635951,0.477766980567843,0.318914015606232
"100036",0,0.0789838530144071,0.243435773561146,0.219944102861199,0,0.30723549368057,0.237476286464535
"100037",0,0.11159449691398,0.254477651646949,0.233947623731767,0.0265774270162613,0.329011327575768,0.260845405296585
"100038",0.0464002433361973,0.181017090707048,0.318706663901093,0.298348565813893,0.0923235696315595,0.388670380794845,0.230079352286585
"100039",0.0463741902477915,0.185009595436923,0.326496486406038,0.306806019657956,0.0929826662881795,0.385878400057318,0.205504349611461
"100040",0,0.0550206801970538,0.299278117149275,0.269120588389164,0,0.335731177204701,0.135214492769158
"100041",0.0523329683108975,0.180362963549619,0.366881575727382,0.34057554768184,0.0975345244204463,0.41923432193679,0.202936245052353
"100042",0.0220499936361587,0.155464765686774,0.324693684957613,0.301520298247446,0.0681698820600233,0.384997832634699,0.180133478275337
"100043",0.109364576681471,0.219445402308372,0.427600831386529,0.402009384052138,0.150412690311068,0.471289570996839,0.246675861559454
"100044",0.181791089954129,0.304037763811974,0.45802601201322,0.437184511150927,0.225346309148227,0.527586680416334,0.310903770605059
"100045",0.0965082789628348,0.227443074543218,0.369034791985119,0.349392201495049,0.141686488991118,0.435944276199707,0.263859748711455
"100046",0.0711366713516592,0.188252071336972,0.436834790578137,0.408034723462765,0.114070833862181,0.474252719836698,0.236978329249814
"100047",0.113567465555027,0.25043915268744,0.414243241456746,0.390808160346259,0.160674320953851,0.479600691357854,0.173848377391725
"100048",0.0323281943328114,0.175109416585314,0.323504899425894,0.302737285063505,0.0803160211374219,0.392271130506068,0.11079366176621
"100049",0.0480862591899806,0.168884376222648,0.37264525462158,0.347692378054208,0.0913306151191169,0.422088345117751,0.112479909771663
"100050",0.0833309170287387,0.21844079811323,0.372498587361275,0.351353607692077,0.129427678807523,0.433958652906838,0.137151870036822
"100051",0.0192853726878506,0.151823625453318,0.309694989249727,0.288694345315185,0.0647887608150297,0.365835379584972,0.160369294721605
"100052",0.197180218923885,0.32949059284966,0.537033951966195,0.512755517041782,0.243474079575587,0.590747615116815,0.229864687972139
"100053",0.378608844688895,0.506916475499855,0.716684214964737,0.690111422241308,0.423808125526104,0.766061534740202,0.138519721499026
"100054",0.104785670807039,0.240394109247265,0.404897092923101,0.382618436203881,0.151375936470452,0.468895377770101,0.116103840014327
"100055",0.0685637648635998,0.200167492491937,0.355557119121198,0.334136308447109,0.114159458948845,0.428319714230418,0.131107495718494
"100056",0.0484160861127996,0.204560538999706,0.287339367982976,0.27618734692032,0.0987362678371477,0.391370652009324,0.127042530881457
"100057",0.00757703905574902,0.140742144287864,0.309754815140083,0.286865446906754,0.0531638508082563,0.363047205686424,0.140604688784077
"100058",0.191725983317119,0.327205779181571,0.491914096042608,0.479751547167978,0.23817916053585,0.569702114412174,0.185483863058304
"100059",0.196490039665532,0.322741125073657,0.536232800213508,0.512457300341883,0.241117956515803,0.587931597168448,0.0981730063776018
"100060",0.0608833769380692,0.202687670015152,0.349208129138315,0.342114612296585,0.108741810139692,0.433430371603733,0.0758829642789628
"100061",0.0487326617729562,0.191108620494665,0.321318293205517,0.307524822310629,0.0966924655835991,0.409699956809018,0.128157495969289
"100062",0,0.15957494479064,0.229979451850895,0.22715198092165,0.0496462636400322,0.345143978830364,0.0877405134288655
"100063",0.0442668504499084,0.186101997564962,0.31878775287446,0.305306775870777,0.0917964392218596,0.421810732052164,0.103193096214517
"100064",0.116005877732631,0.253648821597862,0.399047366443327,0.386937353309524,0.16278916937873,0.491048835292487,0.164366408100324
"100065",0.104742606810865,0.254096328912467,0.362444100963215,0.355633190613782,0.15403279523879,0.468795198229683,0.110142441997844
"100066",0.0578033888664967,0.216358759985785,0.300671201891879,0.291788427469277,0.108863087668622,0.413394042268651,0.118785127997702
"100067",0.0452431248487586,0.201236170175361,0.291393278104055,0.282299579855209,0.0959097688320757,0.402656133391423,0.135267515936942
"100068",0,0.0944921782936167,0.231141796911174,0.224278481660116,0,0.322058614804104,0.070900948714028
"100069",0.114548351782686,0.227707242208615,0.40941881714485,0.396520988764708,0.153275118720095,0.503946461289844,0.15513492880072
"100070",0.141290391306163,0.238092009285703,0.466198009386355,0.446097903365023,0.180302780467589,0.539343295675281,0.21891520144742
"100071",0.120512119364045,0.261770488538388,0.394348741061657,0.382720078752714,0.167843358466259,0.502594439517378,0.176243831643305
"100072",0.0509476440914886,0.20815325324978,0.297719744951351,0.288548038061721,0.101496643260642,0.406711541159511,0.173232401980651
"100073",0.0206584508698412,0.179881276998274,0.262944693821409,0.254149281286742,0.0717666693289034,0.376047887472932,0.147988894490839
"100074",0,0.141984068047175,0.254538788462244,0.249198040447992,0.0443383554129764,0.363849857247652,0.133801580530166
"100075",0.271586780338013,0.39007688237078,0.630392381427427,0.602493665984622,0.315019705694583,0.674927145899233,0.24327902174307
"100076",0.181941512095029,0.234126313361516,0.536572252211781,0.508736645720158,0.219983271110969,0.57846902929819,0.195562508178837
"100077",0.180063970738956,0.275398041835886,0.484001244383436,0.46513302508827,0.214433884854805,0.562598664398448,0.230073729953912
"100078",0.0889548702578049,0.179954847443535,0.441092710998844,0.417934501678745,0.128486234630985,0.503507465711042,0.174505946133263
"100079",0.072410829156073,0.203167545341875,0.375741151316863,0.362010856434184,0.117033722341751,0.479494820708849,0.258820471280612
"100080",0.0372932103863546,0.173714181812306,0.309015204648765,0.298543454965706,0.0835411262769935,0.41741484745193,0.189791727550164
"100081",0.0261756718062012,0.175055083320378,0.279232091100276,0.269066728800622,0.0751626360078429,0.385439770197963,0.209404450848883
"100082",0.0257860278350068,0.155585177528451,0.305742502294479,0.296837202132165,0.0709031434096736,0.402538842543983,0.222054876638709
"100083",0.189270457911714,0.307195496970097,0.501100822902263,0.481427109663099,0.227537503524195,0.573346839255846,0.0899510382545824
"100084",0.290489505979721,0.410678809259322,0.645096592404091,0.620375176562161,0.330602614884994,0.703300664442931,0.196618860002876
"100085",0.323495611640501,0.430433178956666,0.716971000798921,0.686988782311527,0.363216988202999,0.755232103032455,0.283755421788154
"100086",0.306573407507854,0.411026814636569,0.683573039119849,0.655820732136893,0.342916265587856,0.729877625783391,0.272361850093465
"100087",0.15851510185389,0.232388065167884,0.510508673282934,0.486068339662614,0.192466540025086,0.566988629252438,0.0426346708144252
"100088",0.102127975697809,0.188927016405409,0.441827978568112,0.418857901467757,0.138150776473576,0.505134802721747,0.0362178724267629
"100089",0.0972563951302451,0.193722420065698,0.425685284149846,0.404418202918815,0.135840794277256,0.497084625588516,0.102696703567477
"100090",0.102309750411874,0.185403072241754,0.423347182132986,0.402984549070189,0.141677889070397,0.49768829156795,0.129779653249616
"100091",0.0820853800086466,0.15305734281269,0.415816732839279,0.394289055153487,0.113067955955616,0.485323598653805,0.16998644662732
"100092",0.00335231354646104,0.121226081348319,0.303843954077925,0.290549471028434,0.0419173664770724,0.408599569659743,0.205736163263324
"100093",0.0155347206979364,0.13263151801752,0.330618092317171,0.316626587213379,0.0577696261106252,0.422594042733725,0.207658157924677
"100094",0,0.0591062969975183,0.234630194170494,0.223887806341629,0,0.337120138227727,0.201145986865165
"100095",0,0.0430658723943514,0.197688948319733,0.189009770859418,0,0.316772674710082,0.158271560903658
"100096",0.293811919658458,0.379711115649678,0.639122547869963,0.613393582728095,0.336335816552377,0.682645798103173,0.285984286718246
"100097",0.323468057761488,0.399580458174228,0.695318509540765,0.665710365318518,0.363079244080863,0.724051239258437,0.340317038809612
"100098",0.266593015061779,0.379556522707484,0.603849023267635,0.579982266759393,0.308896499576568,0.658938839248816,0.295905834955866
"100099",0.244928613882432,0.366015657532858,0.555668699790357,0.536237789218699,0.284296351172071,0.63146561689771,0.222637893499692
"100100",0.308954684944381,0.419827549253588,0.627088491577586,0.606913167763888,0.348057228800022,0.701329665480071,0.26596519359798
"100101",0.360966150317294,0.45755440824601,0.714319038546201,0.690044986383141,0.396605561274383,0.775781441264236,0.305973373548668
"100102",0.320117204643082,0.392405257076829,0.691338464039925,0.66472124358672,0.353176109671228,0.744247449273696,0.236107060803434
"100103",0.228719531010954,0.296937923255987,0.595472906541669,0.56929327403802,0.261692319117501,0.648461066128747,0.134480534193995
"100104",0.198094383447877,0.27205321206646,0.562480125734216,0.536886569345581,0.232569997444269,0.619503206087603,0.0688047799509941
"100105",0.201372225764185,0.289878683986365,0.546332583675988,0.523241747416444,0.238609478837706,0.61304316310899,0.0931967063200512
"100106",0.0817541437709857,0.198613888402193,0.388838244817969,0.370665986579092,0.125052827834672,0.475189799759654,0.0899439095432214
"100107",0.113631422948846,0.205524938580323,0.431858132184154,0.412201869883536,0.155043624333697,0.511734670522868,0.165060767488905
"100108",0.0748605880002459,0.144644594692972,0.380706435807351,0.362591130078401,0.113540912453777,0.466141200620982,0.157418645910105
"100109",0,0.069707141797647,0.288930911258839,0.273973412058555,0.0229707740856522,0.387505033833072,0.180568444367091
"100110",0,0.0968180738853621,0.329599483192909,0.313349457244634,0.0303299800178763,0.422007524973578,0.203134970776012
"100111",0,0,0.176524424626778,0.158233944742172,0,0.260693497853124,0.18841050553453
"100112",0.31517089702794,0.411665353715806,0.651328062397752,0.628116787547164,0.357788887883239,0.707139631350188,0.270131586177029
"100113",0.350768156110658,0.434986577777849,0.677050320748684,0.654334696289239,0.393942859651955,0.733256577421461,0.332291836134175
"100114",0.319551255443537,0.421125108944833,0.63882936711793,0.617679468257799,0.362616072487418,0.701919818419245,0.331816128340554
"100115",0.276979469805428,0.390671446713848,0.613995951146545,0.591100214321141,0.313754524613418,0.673931305243066,0.312784924092116
"100116",0.271342979698726,0.35342421559958,0.645905054543326,0.618027617767087,0.300787413686459,0.689006707181606,0.299745869689897
"100117",0.352687084429151,0.434931799417013,0.70173585336192,0.677737131957042,0.38765184581426,0.761637703802014,0.365075930334922
"100118",0.313260018492581,0.416179590165019,0.637377726826855,0.617008281851048,0.353419172046202,0.714003749450928,0.267269528772556
"100119",0.216311924122134,0.305006240938565,0.56143605563515,0.538369403707749,0.253686068797297,0.628269538179091,0.106530690556337
"100120",0.116217079300496,0.188981352445606,0.478032944235316,0.452713313621461,0.150316561270212,0.53427424694164,0.0291704883212813
"100121",0.0617316375141117,0.156044732440297,0.395977684786185,0.374478473257034,0.100603020324973,0.467282366130841,0
"100122",0.0613575332833061,0.130718250556697,0.431167748905177,0.404761325174795,0.0950612489651039,0.485197040249915,0.0365339447417803
"100123",0.0840160576320635,0.161315924878755,0.448117230378826,0.422731127132394,0.119619647575628,0.507645412501888,0.132548070875159
"100124",0.141361061479078,0.232477920481011,0.470120530783069,0.449548888354548,0.182935702754681,0.549134836927835,0.225258970140082
"100125",0.062022785598812,0.14600566483824,0.359892716046605,0.343031040355056,0.107485617781731,0.452893884457696,0.116648125871652
"100126",0.00179917528632312,0.0586588008980159,0.315333642865792,0.296776682127311,0.0348758826936614,0.400250115377374,0.0792055456823243
"100127",0.00186069360017227,0.0802013180723511,0.324985739378302,0.308627380252458,0.0359438070892938,0.422034281191554,0.165067462876727
"100128",0.0344348012593311,0.0955931684531801,0.386083623973038,0.365783618887511,0.0647886572117584,0.464496660154995,0.226527182135327
"100129",0.10102283544126,0.219250448253171,0.408447721927729,0.390328384803229,0.144640478441958,0.495713830492206,0.0756438918251855
"100130",0.0459725601355262,0.114902708717767,0.414643171403276,0.388355715201815,0.0795627520195852,0.468402486989875,0.018440609047265
"100131",0.0303835631111218,0.117153423049504,0.376759557066579,0.353648249613613,0.0678722653055907,0.442919524211433,0
"100132",0.0176174327845733,0.11770744520926,0.353074717524537,0.331520131760101,0.0580139957648458,0.428193245460409,0.0288836563253394
"100133",0.0339858280848555,0.120425800088088,0.390502400933374,0.366395863362942,0.071786190536051,0.456417107243346,0.120635522028068
"100134",0.065435579334009,0.153824359764844,0.408581785122585,0.386438496642919,0.105753624185541,0.482518990958377,0.184064695908834
"100135",0.0135144301888523,0.0876160483688775,0.355096783423874,0.332445527814466,0.0517655398299789,0.423715747830278,0.0478826299478149
"100136",0.0392675871206267,0.101552277296779,0.377385761081598,0.355700233756938,0.0800654877825346,0.453327659214956,0.0627610092171884
"100137",0.0848859815731525,0.114576254258149,0.46257683933375,0.436549263747643,0.111940559666492,0.51879146144035,0.161539600796476
"100138",0.11017021908355,0.139670443065268,0.52765961105193,0.496802958988279,0.133480481635578,0.565053048681259,0.251382480808764
"100139",0.0217462387910456,0.0965441185678815,0.393641979518686,0.367526096780986,0.0570919153130126,0.451713665873588,0
"100140",0.0106211892360283,0.049718501208228,0.413866142675206,0.382677715456234,0.0378546863769408,0.447573072143119,0
"100141",0.0359536913171712,0.10797197322232,0.40042693333734,0.374716714747355,0.0703277385170417,0.456445283157844,0.0281180073102771
"100142",0.0317824751066721,0.14274236036735,0.35250454672073,0.332849329439933,0.074407633314154,0.435112479497428,0.0589227589739151
"100143",0.0210674011790019,0.0844619571791994,0.403478782752194,0.375603594899345,0.0539508006336337,0.453669963566814,0.0943079045820263
"100144",0,0.0466286202220643,0.347334189657563,0.320886359668024,0.0105536706905985,0.402189368514288,0.0562230215907048
"100145",0,0.0434415632006986,0.298286936690986,0.27578056339746,0,0.365497598270768,0
"100146",0.0131547033261715,0.0777604877842802,0.358984189136974,0.335601103102247,0.0500885388555948,0.42357675801719,0.0396243124440001
"100147",0.0745532997958795,0.0891620217661978,0.474264872993686,0.443536225713499,0.0996440866299279,0.510594260874548,0.112936810231408
"100148",0.0185344258989959,0.0520004479743876,0.411916030820762,0.383394785930311,0.0456717410696685,0.458069206471163,0.105716117055528
"100149",0,0,0.266695915209355,0.242416197148269,0,0.33024524057076,0
"100150",0,0.0455860975392955,0.386742644669159,0.357294672302932,0.0238315344116278,0.429320171543962,0
"100151",0.0188882018035159,0.0620374952829874,0.419190153589979,0.388463433439278,0.0470773840891245,0.45563109130803,0.0304054207908706
"100152",0.0247062537682055,0.0970211836068452,0.388456654880812,0.36275717880696,0.0591131082522117,0.444618468195235,0.0537423063697954
"100153",0.033707578951905,0.107285582349191,0.401497477702675,0.375534417684269,0.068652217446597,0.458606724665776,0.0865528068918291
"100154",0.00859731737111924,0.0622184537498739,0.398377727461543,0.369222041460534,0.0392247584416227,0.441910034536937,0.0862509826371555
"100155",0,0,0.285559864488926,0.258084857230312,0,0.334641195672987,0
"100156",0,0,0.289636695918436,0.262643979373244,0,0.338708441816078,0
"100157",0,0.0127166013260621,0.329606982698539,0.302011572484477,0,0.375897234147493,0.00342050833455187
"100158",0,0,0.339551030483353,0.311052296607668,0,0.382889157403243,0
"100159",0,0,0.269903895821075,0.24550270506255,0,0.333111549039855,0
"100160",0,0,0.330378707497659,0.301545905159794,0,0.375823774169185,0.0104215538881298
"100161",0.0660711444457892,0.142851854181377,0.425511222064552,0.400477604493732,0.101412187033657,0.484759277540201,0.115945243299319
"100162",0.0556716913952969,0.124277702390874,0.428331539194907,0.401647866010051,0.0894506268694557,0.482072194438678,0.11396290476531
"100163",0.0422870318527269,0.106226108215559,0.421190644114095,0.39367099996439,0.0751362213746288,0.471764622215787,0.116442711535826
"100164",0.00765695631493268,0.0662045540943385,0.388335204686468,0.360294894033567,0.0392138636101298,0.435174934892367,0.0925128872796467
"100165",0,0.00794713731713115,0.361064619621814,0.330628953093689,0,0.397915163080103,0.041481615407283
"100166",0,0,0.300523236144237,0.268107303343375,0,0.329546620582955,0
"100167",0,0,0.324431469293769,0.290816373135973,0,0.348212205957861,0
"100168",0,0,0.342911973847074,0.311727119612085,0,0.375915112103353,0.0469443081729262
"100169",0,0,0.271202451970539,0.246464119166008,0,0.330500759972183,0
"100170",0,0.0109072988528615,0.300254213075071,0.276055504245348,0,0.364753197978534,0.029131673478539
"100171",0.0381839412154507,0.0864979565492033,0.448605653649012,0.416722450958721,0.0713895214656838,0.487790131575545,0.152059867588147
"100172",0,0,0.273081048768133,0.24058732468813,0,0.305792088914825,0
"100173",0.0358347725925009,0.115098573895564,0.38882520420862,0.36449901764756,0.0716077105020462,0.449757061566207,0.0827166542313056
"100174",0.0580265728212533,0.144785990576187,0.406319944273984,0.382904043593607,0.0955356328773748,0.472450213727931,0.128624864607263
"100175",0.0442421138765114,0.0870625142903581,0.448715374791839,0.417614437014426,0.0725443628729672,0.485037968935733,0.131809472478621
"100176",0.0170567208471127,0.0427953416759733,0.447277897782551,0.412315698233881,0.0402175697077253,0.467931571602101,0.113981994460311
"100177",0,0,0.397419512163878,0.361200503413802,0,0.413112281601673,0.0301264661364383
"100178",0,0,0.264137598669131,0.232292886530613,0,0.297261254240529,0
"100179",0,0,0.283586432619518,0.253070294810506,0,0.320437986171048,0
"100180",0,0,0.258674263042869,0.231339924659916,0,0.307940662780313,0
"100181",0,0,0.245699149195895,0.219032196379334,0,0.297865057597053,0
"100182",0,0,0.310703212854311,0.283060232341651,0,0.360407438548313,0
"100183",0,0.0173867380091584,0.340111263573454,0.311811009303435,0,0.391604285652576,0.0231722977802161
"100184",0,0.00907479820534052,0.287757842834938,0.261539833576889,0,0.34654671996152,0
"100185",0,0.0654756866569622,0.290624802035174,0.270039133399945,0.00382378816338558,0.36770553164325,0
"100186",0.00374342603184763,0.0733328603325992,0.371798918923763,0.345583019634194,0.0375906878822726,0.426219552756812,0.0488005156811164
"100187",0.00317145320653722,0.020011058408228,0.442417731115336,0.406482172047398,0.025879488461207,0.461283722542899,0.0745250912671571
"100188",0.00883243950084345,0.030030137573192,0.443491464863615,0.408251948699618,0.0325604019052731,0.465217049996497,0.089734058010597
"100189",0,0.00753675626021799,0.389121711510225,0.35638357305158,0,0.421964931302706,0.0509613580666741
"100190",0,0,0.363633987673035,0.327722152520831,0,0.38023265756454,0
"100191",0,0,0.323661087376247,0.290596069433707,0,0.350817273893814,0
"100192",0,0,0.229619298209396,0.20275805870583,0,0.281249763902964,0
"100193",0,0,0.193198492390785,0.16705945313728,0,0.24762904895468,0
"100194",0,0,0.264572513411154,0.235188270230825,0,0.307551668497606,0
"100195",0,0,0.275505778815969,0.249025454964593,0,0.326631208728708,0
"100196",0,0,0.299802020662656,0.273113919497148,0,0.35661934770642,0
"100197",0,0,0.225260524508735,0.203326261672491,0,0.294503036071029,0
"100198",0,0,0.148689323214923,0.133492148092112,0,0.235329014696708,0
"100199",0,0.01538367223453,0.328729653241099,0.302013717504238,0,0.376370924342977,0
"100200",0,0.00674578727594877,0.342000889565744,0.313293412183714,0,0.383795935842689,0
"100201",0,0,0.279602853868096,0.254890455478001,0,0.340649051929393,0
"100202",0,0,0.345418401840377,0.315308654449942,0,0.38477134398391,0
"100203",0,0,0.329875797850265,0.298710876870873,0,0.364721035295186,0
"100204",0,0,0.346153913500595,0.31237794346958,0,0.368405176181033,0
"100205",0,0,0.329532769324393,0.29695551364792,0,0.356354314626875,0
"100206",0,0,0.25490036317027,0.226090106489556,0,0.297191991287723,0
"100207",0,0,0.166056723046255,0.140542984545416,0,0.222020910142083,0
"100208",0,0,0.177619477771166,0.149732451660646,0,0.224552863885913,0
"100209",0,0,0.207901541638298,0.183195706222054,0,0.262184439217879,0
"100210",0,0,0.223969873931695,0.199493847103851,0,0.284087945595048,0
"100211",0,0,0.220350474636916,0.196667010061909,0,0.28413755902609,0
"100212",0,0,0.181576919849795,0.158940631134761,0,0.251551338091357,0
"100213",0,0,0.123881535971021,0.0980444285908633,0,0.191677191353759,0
"100214",0,0.0348069241242551,0.382261783881945,0.352880354728142,0.0207055720457641,0.418128284759651,0
"100215",0,0,0.363473396976045,0.331870459875169,0,0.391170568468608,0
"100216",0,0,0.326956427742428,0.29607983172358,0,0.346444012043608,0
"100217",0,0,0.334856415028446,0.304825123910046,0,0.35958690568524,0
"100218",0,0,0.359101449066704,0.327844852159587,0,0.380484115507869,0
"100219",0,0,0.389004796895386,0.354879650373227,0,0.398810470361908,0.000425186704086089
"100220",0,0,0.33876281294047,0.306413927897178,0,0.352861905589108,0
"100221",0,0,0.280459469577578,0.250025623049373,0,0.301160216902059,0
"100222",0,0,0.211989287529294,0.182654839736717,0,0.239838837601528,0
"100223",0,0,0.216207721852016,0.190109656339481,0,0.245269484591205,0
"100224",0,0,0.268671997185191,0.241971238526471,0,0.30217235598889,0
"100225",0,0,0.224012906080586,0.199138920972838,0,0.269074322307801,0
"100226",0,0,0.164594982846805,0.141987959170659,0,0.222113666555174,0
"100227",0,0,0.163038951456285,0.138026778812998,0,0.220017582944804,0
"100228",0,0,0.187728913012085,0.164309153822029,0,0.242518381744616,0
"100229",0,0,0.183597606253163,0.160707033873637,0,0.243834669873686,0
"100230",0.0247484881216486,0.0705922745074616,0.414388363073098,0.385116707107238,0.0532819489970968,0.439214052729452,0.0520245829822454
"100231",0.0152456603572382,0.0318301714618587,0.439940028695499,0.405472547361526,0.0373041013958457,0.447379372533153,0.140646774650499
"100232",0,0,0.454838319754164,0.414243722386257,0.00259600578086139,0.442709694785462,0.100203184165701
"100233",0,0,0.425528891342214,0.387893778945266,0,0.42424112220165,0.04063247046786
"100234",0,0,0.404052959175257,0.369146632796776,0,0.413154071214864,0.0233722218507385
"100235",0,0,0.345281267135952,0.312666649561346,0,0.359893919734635,0
"100236",0,0,0.337167926525713,0.306976017549393,0,0.358617565576866,0
"100237",0,0,0.337868093471265,0.306206837826174,0,0.353964607330679,0
"100238",0,0,0.253413809114252,0.224478465851911,0,0.283022134035815,0
"100239",0,0,0.140646015025769,0.119421163592849,0,0.197215640701871,0
"100240",0,0,0.231997316716834,0.207803311481703,0,0.276117822046474,0
"100241",0,0,0.266967297251024,0.240509657894172,0,0.319633164364319,0
"100242",0,0,0.254191869909566,0.226491212918123,0,0.302807810738937,0
"100243",0,0,0.233306035448165,0.204893038523085,0,0.277212412802361,0
"100244",0,0,0.215580372584611,0.189473373706522,0,0.264843874465664,0
"100245",0,0,0.199487749179121,0.178758984313247,0,0.244860701857464,0
"100246",0,0,0.136191870860917,0.116762920952923,0,0.184678137930096,0
"100247",0,0,0.421613874506523,0.383382849061152,0,0.409781642725412,0
"100248",0.00596857850833521,0.0668518179206982,0.37587705670567,0.34958691614206,0.0377584977192845,0.409855985197238,0.0641573945869915
"100249",0.0824595777044532,0.0969182412750874,0.53324187178976,0.495369441602306,0.101727531285626,0.532341794818925,0.470589474456901
"100250",0.0898417062328313,0.0814345823868392,0.606774225054224,0.559634377654433,0.0992029202615524,0.579295561442613,0.392078529971113
"100251",0.0256049336334216,0.0423224509199295,0.473095189005203,0.435654099774176,0.045309582922842,0.473007662789053,0.121511169114618
"100252",0,0.0137585542786209,0.401035472444603,0.367962513922293,0.007050780867349,0.417777185782876,0.0366153246054278
"100253",0,0,0.37542683869593,0.342682249376945,0,0.391267735795832,0
"100254",0,0,0.395709571508586,0.359827479450841,0,0.399145757038072,0
"100255",0,0,0.297830558212291,0.267767669977572,0,0.320186496856414,0
"100256",0,0.0467604411274676,0.271741100209649,0.251176087561509,0,0.329442846807776,0
"100257",0,0,0.237759714330732,0.211601649741978,0,0.275828881426741,0
"100258",0,0,0.26504232353769,0.239255388426308,0,0.312398747051923,0
"100259",0,0,0.247127531066781,0.222622751556991,0,0.309440981470865,0
"100260",0,0,0.227373487140588,0.202774277241916,0,0.290916530295051,0.0124301824596192
"100261",0,0,0.237615044923628,0.212775830714476,0,0.285909725519916,0.00478565183612834
"100262",0,0,0.242628815189213,0.218530541622793,0,0.286010952340034,0
"100263",0,0,0.194461672364791,0.168312930351352,0,0.240549379466719,0
"100264",0,0,0.164158809417754,0.142111519269179,0,0.204453561583676,0
"100265",0,0,0.0916040211356547,0.0668566104709392,0,0.135117325096257,0
"100266",0,0,0.309575783596992,0.28284552857556,0,0.338177321208961,0
"100267",0,0,0.318822452088606,0.291864304434448,0,0.347192003946063,0
"100268",0.0501262320288931,0.0609809076077349,0.503863884080872,0.465818135162509,0.0679803362714826,0.500012791071701,0.442829338454286
"100269",0.0809665865633811,0.0626980668972054,0.591370232122177,0.544119502018385,0.0859719429005124,0.555488061538437,0.270955597536074
"100270",0.0301991172881668,0.0496708208121034,0.463959287019546,0.428549527724976,0.0513900009190049,0.468617616140505,0.0447541322834422
"100271",0,0.0181618643411071,0.376739811049408,0.346357315564101,0.00341378286523797,0.3998170751211,0
"100272",0.0171529554329137,0.0176611053321599,0.477386897686749,0.438347546165803,0.0346940940777096,0.471657456097195,0
"100273",0.0337456536018729,0.0027936906798266,0.560464139131879,0.51103751955568,0.0375909800745544,0.520677517033416,0
"100274",0,0,0.372615854512186,0.33799023651727,0,0.380750244589089,0
"100275",0,0,0.275854174399842,0.251061322933466,0,0.318362840170288,0
"100276",0,0,0.251768472973829,0.226313980912823,0,0.293274259520188,0
"100277",0,0,0.252782767402415,0.22734525597013,0,0.297202959146263,0
"100278",0,0,0.203131103259732,0.177786404274064,0,0.26477090997264,0
"100279",0,0,0.191244834440126,0.168512586599356,0,0.260629546567557,0
"100280",0,0,0.204851770078835,0.178020428631179,0,0.257254511260379,0
"100281",0,0,0.214604437684283,0.186942503429028,0,0.26271773822007,0
"100282",0,0,0.174218463555028,0.150574518325423,0,0.228413181675327,0
"100283",0,0,0.158434186287373,0.132587295849456,0,0.208328009204311,0
"100284",0,0,0.176518058254522,0.153346970065912,0,0.215297697916582,0
"100285",0,0,0.069594374425397,0.0447952898437213,0,0.118994514235366,0
"100286",0,0,0.0240536529374281,0,0,0.074458159432358,0
"100287",0,0,0.326178393456704,0.295809354231434,0,0.347880775175149,0
"100288",0,0,0.314877784714204,0.287035946537626,0,0.343191982233365,0
"100289",0.00914857310468431,0.0843335767297575,0.358963932055909,0.335769884166624,0.0439993251254815,0.401877962091675,0.0400918280088927
"100290",0.0474593477013198,0.113175369028193,0.415969357631741,0.390274995376575,0.0804052562666798,0.45299080679453,0.0225782926852818
"100291",0.052142331623827,0.078747271537204,0.470055053112009,0.437402228652466,0.0767376909229819,0.483906929842935,0
"100292",0,0.00383154936945662,0.352953930723244,0.324212613533824,0,0.37506588001307,0
"100293",0.0195250285188948,0.0717188745846704,0.398554518638631,0.371211095226732,0.0496335206034838,0.427734231244204,0
"100294",0.0515121108721777,0.0603271596439519,0.487353465741985,0.451869314378388,0.072228251020429,0.490765449458891,0
"100295",0,0.0200478121500092,0.355453821184835,0.326942275094678,0,0.383042396898629,0
"100296",0,0,0.322513597111063,0.291620888271205,0,0.343189326903602,0
"100297",0,0,0.266741548146089,0.240850441917914,0,0.304513986254597,0
"100298",0,0,0.229181672905604,0.207648228893929,0,0.276967421745346,0
"100299",0,0,0.20549627919137,0.182339673142942,0,0.257737310560488,0
"100300",0,0,0.238492864166164,0.213546700701405,0,0.279351606073238,0
"100301",0,0,0.298229492426748,0.270004180939799,0,0.34497044838093,0
"100302",0,0,0.22471000695894,0.194489227337853,0,0.270132077263565,0.0132439693858549
"100303",0,0,0.188191185693255,0.162387695024724,0,0.244600628333662,0
"100304",0,0,0.170927793510329,0.14454828296921,0,0.221723112450784,0
"100305",0,0,0.1276385270805,0.102504283709281,0,0.184298478736238,0
"100306",0,0,0.0177905036455719,0,0,0.0804077948851254,0
"100307",0,0,0.112709637885937,0.0853159156150383,0,0.158325742742815,0
"100308",0,0,0.172095201747659,0.144919662307713,0,0.221164931897993,0
"100309",0,0,0.33195356303804,0.303092035891064,0,0.338584201639686,0
"100310",0,0.0165253708391205,0.32697220467227,0.300110473334108,0,0.347965245117532,0
"100311",0.061863556094189,0.157599555373156,0.41517463836921,0.390531119608826,0.0956115007434242,0.437598126507366,0
"100312",0.37816176016635,0.418245091727588,0.76567863826643,0.736703506188891,0.403787720241845,0.774782108745358,0.168423506928843
"100313",0.329236113515305,0.360357477397641,0.732232684314123,0.701325088772102,0.353080721444272,0.737009061196238,0.0725463501514474
"100314",0.100192289686927,0.164778941381005,0.477149784022154,0.450861259937984,0.133160129289324,0.513607765230588,0
"100315",0.0186004303636736,0.120254547602384,0.340007780036615,0.320973186169411,0.059295822024098,0.398577249812968,0
"100316",0,0.0681404379872355,0.329835596676153,0.307325324505812,0.0207303843260315,0.378045590855938,0
"100317",0,0.0187024077300928,0.295683097800759,0.271848255854542,0,0.338363728965131,0
"100318",0,0,0.31172332963891,0.280007974678728,0,0.328300491261428,0
"100319",0,0,0.306663191057978,0.277979601478727,0,0.317685554131342,0
"100320",0,0,0.248383860255536,0.222518884549984,0,0.27840681728795,0
"100321",0,0,0.205499461817498,0.180541358187042,0,0.241810696971896,0
"100322",0,0,0.166100932957855,0.143348479759212,0,0.2184053243731,0
"100323",0,0,0.089300576007094,0.0642726226596799,0,0.15035496845601,0
"100324",0,0,0.107974732003526,0.0774308642648777,0,0.147189253795681,0
"100325",0,0,0.191767921617145,0.16385437712933,0,0.238736001484323,0
"100326",0,0,0.204164357642585,0.175627600376569,0,0.249780060652312,0
"100327",0,0,0.150160386282359,0.125557518363702,0,0.210686309238017,0
"100328",0,0,0.0688609543334949,0.0452927594828624,0,0.133928875392401,0
"100329",0,0,0.281043812627688,0.25523192755132,0,0.334352391212787,0
"100330",0,0,0.267651529821218,0.239144397124398,0,0.313618682993927,0
"100331",0,0,0.150564591233128,0.124720057883565,0,0.205908238103741,0
"100332",0,0,0.294391206504944,0.267509232579695,0,0.32240796426937,0
"100333",0,0.0518901402083698,0.320351097511441,0.295332989701672,0,0.337011623530914,0
"100334",0.342490489973668,0.462295204700381,0.656306748088339,0.638243313045359,0.387613018766994,0.741780214198608,0.291389788257267
"100335",0.208218019116802,0.233062840233845,0.594193864932447,0.564220728221606,0.229942185902959,0.607789390056507,0
"100336",0.137062770572402,0.128745007568744,0.576039842182439,0.540423970545138,0.152994110870216,0.56983810311686,0
"100337",0.460074898956454,0.544013819831158,0.834036974963415,0.807141062130802,0.49154401519645,0.853038624051883,0
"100338",0.381398309340831,0.463595954881194,0.75205237820161,0.725197776538509,0.412689433532345,0.773043752464217,0.0181416397480146
"100339",0.0777588668927391,0.156297448298074,0.442787251074786,0.417412745281671,0.114323337216303,0.4861520191701,0
"100340",0,0.0645597458290725,0.313519062579603,0.291301019389654,0.00852616426067254,0.368292725019808,0
"100341",0,0,0.286996167894543,0.258919925860403,0,0.317070227719762,0
"100342",0,0,0.277509754174466,0.249690943743289,0,0.292936505393133,0
"100343",0,0,0.217192995043634,0.190753661929387,0,0.238493116359439,0
"100344",0,0,0.201007886533014,0.175801423375975,0,0.239965324957679,0
"100345",0,0,0.161435496541691,0.13829134923926,0,0.212419302349471,0
"100346",0,0,0.147348369145141,0.12374664796603,0,0.210672584896257,0
"100347",0,0,0.212660817080292,0.186170004718256,0,0.269272533794554,0
"100348",0,0,0.292617494811589,0.265746047626892,0,0.348661291298745,0
"100349",0,0,0.216077266583187,0.190612258073884,0,0.275765766375547,0
"100350",0,0,0.219721375838145,0.193424117053599,0,0.275448772591252,0
"100351",0,0,0.16579642341018,0.14131813742784,0,0.225959774984426,0
"100352",0,0,0.25371808979112,0.226586099593976,0,0.301102202222725,0
"100353",0,0,0.273225802103236,0.242485939381436,0,0.308749999895177,0
"100354",0,0,0.217760529360369,0.190286650264868,0,0.267605886906003,0.0121015179256495
"100355",0,0.00755082004883489,0.188735838734885,0.16987591419102,0,0.243232153521057,0
"100356",0,0.0448248010611368,0.211123717416595,0.195834411677255,0,0.268537430292714,0
"100357",0.551256252070241,0.601416016760387,0.920596115751916,0.896670404946492,0.578258435874568,0.941233356252129,0.11694056146185
"100358",0.43483481708655,0.467155642401814,0.823168777044784,0.795248595099591,0.460108142438374,0.842043502288048,0
"100359",0.429252373447677,0.428243999836897,0.859976086199698,0.82572121183313,0.447139584617535,0.85879983617771,0
"100360",0.639381159767604,0.656472001741857,1,1,0.66011191020426,1,0.15998104152214
"100361",0.272615742815545,0.383361307310826,0.579184778407422,0.562871480308516,0.31986352789797,0.670288292749098,0.166140375993391
"100362",0.0090555177012227,0.0584484118947696,0.387459890165463,0.359047173094761,0.0352703651498028,0.420420292038767,0.0148662958986839
"100363",0,0,0.343858271154801,0.316119625622269,0,0.362078047231626,0
"100364",0,0,0.14451398914388,0.122683296224135,0,0.191450446210733,0
"100365",0,0,0.202388749824056,0.175580729963894,0,0.237261441376081,0
"100366",0,0,0.209203703226993,0.183910204424201,0,0.256533640573338,0
"100367",0,0,0.229318555809819,0.203638635906736,0,0.286353500559072,0
"100368",0,0.0109530227996132,0.307957323458165,0.2840847227604,0,0.37176600595631,0
"100369",0.0392523131704207,0.0734773709655286,0.417444339365369,0.390937272990785,0.0664293895416087,0.478144595723547,0.0600491949122633
"100370",0,0.0204202717842894,0.331433624093027,0.30635734059295,0.00168105191933732,0.397093509322301,0.0443522087570352
"100371",0,0,0.282433459351883,0.257729198885136,0,0.346367215170904,0
"100372",0,0,0.215167618344433,0.191148533829518,0,0.278159801732876,0
"100373",0,0,0.139460562778198,0.11354003240458,0,0.192483307309032,0
"100374",0,0,0.17153812562465,0.144423250055674,0,0.221270095305808,0
"100375",0,0,0.151364175541773,0.128174186894967,0,0.209956929685813,0
"100376",0,0,0.128916978259953,0.112178841043463,0,0.186833931456652,0
"100377",0,0.0131765967992223,0.190463180456489,0.174202879965288,0,0.236441666147823,0
"100378",0.265727333375807,0.338742593861847,0.650615702963007,0.622569627833037,0.298796626217702,0.673941352777979,0
"100379",0.480236775206395,0.499639934880648,0.879733900644165,0.850175751048974,0.502864114384424,0.890848483151367,0
"100380",0.132701240007059,0.106096554993982,0.566169819927073,0.531747983812952,0.145141354049946,0.552080532632552,0
"100381",0,0,0.333397343865415,0.305197347620581,0,0.359370928266477,0
"100382",0.138670209328922,0.182782833939533,0.491372164191122,0.468426432208585,0.165521996327373,0.537148767881136,0.0819905024191581
"100383",0.0666288065895599,0.101752631995837,0.476798570712101,0.449360422866741,0.0934088521135865,0.500066404601878,0.0283736176523052
"100384",0,0,0.309720243626109,0.286193082868045,0,0.348913357873649,0
"100385",0,0,0.250225756439733,0.224875633092897,0,0.285457164562201,0
"100386",0,0,0.28256843445249,0.25438485768374,0,0.318410495726334,0
"100387",0,0,0.34508166181805,0.317067272823855,0,0.385047357073777,0
"100388",0.189201624346469,0.238396457544899,0.562598987064531,0.537942370980954,0.219100730158391,0.612576329388237,0.0337056179225634
"100389",0.10459640772224,0.125014833689524,0.500065340963151,0.472400298466894,0.12837370814076,0.547465305882548,0.106162190242327
"100390",0.0801592751209348,0.0793684524948342,0.502423969262519,0.471783354298658,0.099537866786273,0.547014833948408,0.113446319010332
"100391",0.0495502369217596,0.0533607658115219,0.454675713700922,0.425535356261504,0.0692073993375932,0.498087242046572,0.0688440730470422
"100392",0,0,0.339972611180901,0.312237198937387,0,0.391573769816176,0.0176891466164993
"100393",0,0,0.197699853640345,0.172055995656464,0,0.254863284430235,0
"100394",0,0,0.162027695588934,0.13941406379887,0,0.227380986816343,0
"100395",0,0,0.111496367116628,0.0906101365486344,0,0.169360622483872,0
"100396",0,0,0.137712176083464,0.117859681672051,0,0.187058106169042,0
"100397",0,0,0.217825095373902,0.196463373997124,0,0.268192063799136,0.00450836252002751
"100398",0,0.0491120557313429,0.253813606006683,0.234539539116512,0,0.30155854582734,0.0423180777926025
"100399",0,0.0806260314776451,0.251642795586205,0.234290816463717,0.018634790789601,0.302621570829877,0.0367057117911699
"100400",0.123569450570642,0.135138058748382,0.542892097846388,0.510059021064217,0.144995538209504,0.548872206133644,0
"100401",0.174934529254105,0.164171699269864,0.622062585490186,0.585126053928271,0.190823885403746,0.614921549769053,0
"100402",0.355723442661519,0.367826581595348,0.783789097831007,0.746837776694646,0.375465924514892,0.786936157828154,0.173687553021222
"100403",0.14531192319174,0.190913614820095,0.540530558374815,0.513209950383457,0.170189818236083,0.565910571452094,0.0438316344208751
"100404",0.0117429562445338,0.0657911614740412,0.400957393450206,0.372158577838176,0.0429161415164901,0.430485240796023,0
"100405",0,0,0.346226518699158,0.320337963866306,0,0.37681071572603,0
"100406",0,0,0.316023981679125,0.288514792700942,0,0.34453991814322,0
"100407",0,0,0.31464023371742,0.289875549968464,0,0.352693718642953,0
"100408",0.0587234129208232,0.0933755907969047,0.450537936397852,0.423824216763193,0.0857668196213903,0.49113443650476,0.0967711921973864
"100409",0.170590156632253,0.176727418054352,0.587620504135689,0.558373970238093,0.191176898346574,0.619679114194416,0.149600037436367
"100410",0.231459831604865,0.232042673274843,0.662587369545965,0.632254193956074,0.251042796372979,0.690944585859883,0.212200748755395
"100411",0.274010168217898,0.239859910214311,0.722758546847718,0.689241671713849,0.284888250840854,0.747233610181103,0.239606114588423
"100412",0.0775542299162177,0.099013303981673,0.475763194544945,0.446953874376761,0.100873736479875,0.5152234542907,0.0992588078999086
"100413",0,0,0.236571810747425,0.209175932681775,0,0.282118606544305,0.0460732445320808
"100414",0,0,0.222328487369813,0.19745166258933,0,0.26968845799092,0.0453522765410168
"100415",0,0,0.197357514467142,0.173288869719284,0,0.253703033644352,0.0184894624882648
"100416",0,0,0.225140098751417,0.200520232568767,0,0.272302063362188,0.0341060441914683
"100417",0,0.0594827856050202,0.318865324943468,0.29444009092493,0.0218655774883634,0.362012028572003,0.11420242391092
"100418",0.00205735262487117,0.0825319571459247,0.332520176069415,0.30909640609674,0.0415656246490933,0.377408995261431,0.115117876650501
"100419",0,0.107839607717288,0.292033334751329,0.272542874927749,0.0437749689622715,0.347519826150973,0.0752183662095534
"100420",0.382067950124997,0.365047174123299,0.887207963424788,0.84044956003356,0.394561369695052,0.854847906608554,0.187445138324167
"100421",0.470534764018044,0.485998889196458,0.897931826717326,0.859811756764619,0.498827238371823,0.902739724446742,0.425460624483042
"100422",0.145199866371405,0.213163367195923,0.516645433525311,0.493350449669377,0.171767273799415,0.544391581273872,0.129571312199937
"100423",0.0579561096690627,0.114519412539806,0.438938760092721,0.414551424507287,0.087127395324666,0.470731918467068,0.107302571356325
"100424",0,0,0.384421568514927,0.35627482183096,0,0.403959876449062,0.019469105449315
"100425",0,0,0.361886580952456,0.331935521897611,0,0.385498238316809,0.0948429904966995
"100426",0.0529513052551775,0.0702370270383615,0.465547501981808,0.436919714293728,0.0761134912143795,0.495752094161232,0.108308358912095
"100427",0.20112521319406,0.245647190870137,0.595819560992045,0.569932759595066,0.230762478257872,0.629404189257771,0.15417772119046
"100428",0.291998469375107,0.358779348591285,0.674424229533604,0.65052448830748,0.32697700729886,0.716874746586717,0.258621532561259
"100429",0.301235987150348,0.280737084081522,0.7516516936552,0.71913359309089,0.315740808634115,0.769269345965882,0.254455930138955
"100430",0.118060320405437,0.140058679950113,0.526598911988168,0.497756630947954,0.141868641083472,0.555288998796355,0.119328540580535
"100431",0,0,0.315571066942403,0.287760149814501,0,0.345411955926348,0.0794695949173293
"100432",0,0,0.31577733901253,0.287602899844031,0,0.34713208341029,0.102594653109987
"100433",0,0.0109191013142469,0.31797846474,0.291311256448762,0,0.353620971213618,0.0774526719216381
"100434",0,0.0334299900285305,0.295742171733708,0.272570683984419,0,0.342761996534949,0.0651065465913531
"100435",0,0.0620516770444285,0.284675711767018,0.264848279937465,0.00467050229799248,0.342389151047207,0.0638640423981252
"100436",0,0.088449641731304,0.276760550851735,0.254718867551949,0.0181496365538445,0.3300761077396,0.0634850829560484
"100437",0.310031340033787,0.333841435707316,0.716598639604097,0.684401075894039,0.330458367155157,0.732988641257968,0.208617346906716
"100438",0.264025524419754,0.272323001766189,0.688724032950708,0.6532215467021,0.282573165014795,0.694928592936181,0.196944808262821
"100439",0.246660757295894,0.261714911885071,0.639057704464796,0.607534908435384,0.267257872034739,0.657842018257113,0.291065867228141
"100440",0.0730250235509057,0.10321974598396,0.489738962441088,0.456939164282758,0.0987370942225766,0.505090473395594,0.119570886968909
"100441",0.0419719346919456,0.048173322682725,0.494696122457489,0.461038874900064,0.0629165517275976,0.500279016608361,0.0721022981923851
"100442",0.0511981952701693,0.0527274500193626,0.492834211108319,0.462068237920448,0.0707068192357574,0.503903506119593,0.0650393475947794
"100443",0.0880689779933649,0.142848123842657,0.475837742318389,0.447139576838794,0.119503848978049,0.505745745992552,0.0718151091684359
"100444",0.161744486918699,0.182746829339455,0.581188439710422,0.553185069285496,0.185607808178823,0.600970368603294,0.169545144613913
"100445",0.196156617624377,0.2123563711816,0.609689047255473,0.581774704990993,0.218750474518484,0.636896545178627,0.246011092213178
"100446",0.121258286814166,0.132179223023391,0.546515607003205,0.516834976153918,0.142614053065361,0.567087824412426,0.200819267634587
"100447",0,0,0.334127412908754,0.305139862872693,0,0.368037144859904,0.0739050913874613
"100448",0.0144827911201203,0.0642877093597205,0.4052225123859,0.376009919451921,0.0441815071878948,0.432200178302034,0.16366333403314
"100449",0.0327274995299671,0.0738420947404057,0.439841803447477,0.408648280797269,0.060750663847688,0.46168090787016,0.165295864291401
"100450",0.0217710955315471,0.0459749274785159,0.44605261938063,0.412163736617027,0.0458733894879773,0.45794341011892,0.120902883538356
"100451",0.00127992406356481,0.0478778558270571,0.394985902049186,0.365241286412018,0.0300815828994783,0.420052590229079,0.0530286937534288
"100452",0.00855294226885384,0.0913504607836209,0.349659019847918,0.326751358143974,0.0447025205954711,0.396081253274912,0.0529319187966955
"100453",0,0.0632838348543363,0.240136319501838,0.223224708963384,0,0.308402230288961,0.0178066781442742
"100454",0.247959293366982,0.279812223950096,0.642836400104321,0.612323614724344,0.275555146161379,0.673106392709812,0.367760348172132
"100455",0.210125235576964,0.278594979848524,0.571390108408762,0.5466331430773,0.24558243964843,0.624284002285361,0.414395682004258
"100456",0.158190759341957,0.245578864745813,0.503436900625882,0.480593793619217,0.197537273842375,0.567691993495957,0.309293907267005
"100457",0.217385091403021,0.2854841717181,0.56439794878285,0.541071208411598,0.256115876578705,0.62780204018612,0.241473780290723
"100458",0.291222759223997,0.281236347215688,0.722115701563073,0.686185781077422,0.304798004880116,0.708541270969691,0.259323985182976
"100459",0.185827012733805,0.189782662784317,0.596768904510197,0.562132567069536,0.202855111774594,0.601981404880726,0.101698100569846
"100460",0.22239443898585,0.212833994568441,0.664562674815955,0.624288039009265,0.236562266305254,0.653475259979049,0.23693480082902
"100461",0.386866944619241,0.433685139223983,0.752677675942051,0.725665500194992,0.424165241207924,0.797468278104147,0.493815009071892
"100462",0.350625241150735,0.384625329801694,0.763129346805298,0.732286576778263,0.377692834415887,0.789921459577182,0.411973979006698
"100463",0,0,0.470313615263868,0.436325315060628,0.00931824383448787,0.461581343408529,0
"100464",0.0836904345958344,0.0849586415527877,0.529973134138527,0.49254021915967,0.10276093782291,0.528509760612534,0.0670165840603427
"100465",0.137062917409995,0.129918241892063,0.587231927564195,0.556198739729844,0.15422550964607,0.589515871233816,0.176201286400386
"100466",0.181109975966713,0.16105733928354,0.634421067130668,0.60254681758151,0.195331631392151,0.643695113078825,0.280083775991706
"100467",0.126605894792225,0.150480585566137,0.544202407308892,0.516344194500544,0.150759933022656,0.561941346897063,0.244944013993158
"100468",0.0351809393851328,0.103734191770613,0.404143519882931,0.377896201020216,0.0689697876014853,0.442104915778489,0.141885315768078
"100469",0.0668199938970552,0.107894532145571,0.469830236595707,0.438955786203401,0.0946735129698518,0.491694286839137,0.197542625575157
"100470",0.0590435164348048,0.0958053697569184,0.46495104306532,0.43350575002963,0.0858203838481477,0.484300938817949,0.169116725488534
"100471",0.0571917788047274,0.0986345249267123,0.454822385285683,0.424378201565035,0.0848104764122944,0.476922966395082,0.122821278840841
"100472",0.350584150490489,0.415878865265645,0.715136707022491,0.690870435862601,0.384726815693309,0.762996884875697,0.573477027625672
"100473",0.292262231263139,0.354377096010214,0.668208800221629,0.641382344024652,0.326633443662712,0.717246934672503,0.446190465616909
"100474",0.356371660177388,0.402911320882061,0.74780517799319,0.718524474797896,0.387511356189374,0.78739868715745,0.388413259816676
"100475",0.410828616170238,0.426151710495553,0.835916500960655,0.802270020247305,0.435807401633042,0.857246808412047,0.462835121708685
"100476",0.328616193068903,0.344273674988034,0.746649779499345,0.714055515808034,0.355502266941132,0.769112688882268,0.321753145230702
"100477",0.20954149549079,0.194304264121406,0.642103993150821,0.607647593511048,0.222987037243167,0.632089610238521,0.228740086474445
"100478",0.261134602525002,0.252183645134824,0.705824063588618,0.667320627006669,0.275894779825361,0.70079172361831,0.309990163484481
"100479",0.374230967265484,0.372936242339261,0.824220856912623,0.786329897918645,0.393106837491321,0.821114359999637,0.295958855970638
"100480",0.232702902165756,0.211239592870347,0.694091288359362,0.660695918452745,0.246471655198544,0.690631446287434,0.186256076183209
"100481",0.148323620179158,0.0527280155578,0.680720447302788,0.63906763369856,0.144127752430915,0.648126451020516,0.152508315279027
"100482",0.161409553388092,0.0787795630038481,0.676835564157374,0.63704451595072,0.160651111570658,0.657427143067615,0.238409192305121
"100483",0.168382233162434,0.110936834870007,0.65331057095413,0.616748040346262,0.173655131649095,0.649401271240235,0.289529333991205
"100484",0.0833290080099492,0.0980075664042704,0.510491320486678,0.475563305282722,0.10510410996163,0.516836414945736,0.166733988281411
"100485",0.0719626343430305,0.0912721593540715,0.496876688001846,0.462465742672067,0.0948257893529357,0.505904330153586,0.1698577737586
"100486",0.0854455677786549,0.0976115850053557,0.522331110214368,0.486431346167883,0.106829307862193,0.527206397599018,0.198543184758624
"100487",0.0684993818315738,0.0977573830712423,0.483561787281493,0.450748378872887,0.0935977244242173,0.498595169919455,0.1453797215473
"100488",0.066109288917805,0.102381824721686,0.469459688826105,0.438101420015907,0.0925581911613714,0.488587226601488,0.092793618675801
"100489",0.0874230567568151,0.164397012378911,0.442743270221874,0.41820442147477,0.122644456765806,0.485838781073211,0.0233657758166135
"100490",0.347802376925764,0.338031484105015,0.820117391330175,0.774276273547197,0.368019468964004,0.812198174109726,0.434931704299248
"100491",0.424105141469711,0.461666731362124,0.827488722606885,0.796676704342421,0.453655660843458,0.861802058821737,0.339990404582629
"100492",0.401914838330254,0.429327628721257,0.804457121990146,0.773662810109865,0.431234627890606,0.836790171601225,0.274671246560457
"100493",0.437223246490841,0.483300539797378,0.832127516444283,0.803080830528476,0.468708341394997,0.871974002400538,0.557599909121251
"100494",0.332186507745532,0.37676832045053,0.732387572488787,0.702656167287914,0.363664943189547,0.771087446626606,0.417378990189941
"100495",0.406668527017819,0.378368169469086,0.878243817758477,0.837086939454942,0.420550841536559,0.85856077137001,0.450088267909068
"100496",0.459639975518644,0.44799063934281,0.923038904202568,0.886169336056662,0.476645741378686,0.916963621783889,0.31015210076373
"100497",0.505565907702061,0.486586258432208,0.957184682204489,0.923906443023635,0.520215096826267,0.965754282395009,0.319078774689715
"100498",0.173051282151512,0.120892658807597,0.655661366170444,0.618471743992259,0.179642736043272,0.652117086434885,0.264687223122451
"100499",0.0941151071284343,0.0344814997648945,0.58867186890502,0.550534923735244,0.0992453381976756,0.576277541373463,0.176521819674039
"100500",0.0887450496750227,0.0586369762351038,0.547860375497137,0.513478767032786,0.100537220464083,0.552366186124055,0.240066140476055
"100501",0.0415061767751114,0.0351694050520988,0.486403385476498,0.453075124925531,0.0584737966702347,0.485552043099198,0.140542770530793
"100502",0.0508592708374604,0.0344798779849174,0.516572501483548,0.477751722258618,0.0656439334770982,0.506588102813962,0.153908146973452
"100503",0.0742595454850418,0.0578079772958705,0.544119778960451,0.503169886176166,0.0891204639268732,0.532191637974644,0.172605482913833
"100504",0.103281984132229,0.121088884537803,0.532512277413692,0.497682291933497,0.125846112891702,0.541027609793191,0.147891731864596
"100505",0.0580825923751354,0.101764859341226,0.456848449238498,0.426405139886682,0.0863665995968992,0.480403530063231,0.0967275983413519
"100506",0.100174403467946,0.150226317347181,0.491812441171901,0.462392625885389,0.129791122918117,0.518976492697312,0.11121789100957
"100507",0.266425989924675,0.317674502379766,0.639919011229758,0.612254990967524,0.295632511878388,0.6678700421783,0.134192572737608
"100508",0.432729557697431,0.474242705603292,0.833858088621978,0.803423760685281,0.463240378062002,0.870596601342307,0.401193439857949
"100509",0.443936382765887,0.480148186176608,0.852120069887724,0.820740573092921,0.473413995273822,0.88563437737041,0.412117385775683
"100510",0.534797388384168,0.592195515242881,0.921394595397151,0.893711865536498,0.568748178479608,0.968160199263756,0.644488571223896
"100511",0.392672884397467,0.423469762135637,0.810648164780745,0.778157348054918,0.421419631930412,0.840887998596157,0.429747903906763
"100512",0.41657666157886,0.410049201595307,0.86236504949057,0.820367255149464,0.440930112684368,0.857912863422483,0.321904593386841
"100513",0.490411665087303,0.502336006729614,0.95470145393576,0.912920091523652,0.515673727804927,0.941032400347006,0.521139655554399
"100514",0.265691386772061,0.30449873832398,0.676806916581449,0.644500687978721,0.300079792886212,0.70407179534286,0.352722866274278
"100515",0.34234575652944,0.349001576299993,0.794577581585664,0.75551917550878,0.370312870407358,0.787697244874197,0.599397980935839
"100516",0.0435543120316697,0.0275619885704246,0.484500918969516,0.451026560489066,0.058940576876519,0.502300455557444,0.271724391727726
"100517",0,0,0.312055447462625,0.280059723339476,0,0.327549391710501,0.161195309212301
"100518",0,0,0.436006510086635,0.40291415050921,0.00724392173028687,0.441190055366901,0.14427532499846
"100519",0.0501599387331566,0.00574335669163129,0.533127541015034,0.494836605431973,0.0583872955642074,0.522099708193015,0.174263809183268
"100520",0.0618389031757199,0,0.58170611265503,0.539284218737463,0.0628578876446446,0.553381482365802,0.148071734567479
"100521",0.0995298049732865,0.0487904573461773,0.607674239212581,0.565003436452242,0.106881099887415,0.58049608989297,0.14975479074966
"100522",0.0651435005406485,0.0874054793994121,0.495773339987168,0.461070574105385,0.0890102297416751,0.506607367485725,0.136120431010296
"100523",0.0813847625131761,0.110672391260608,0.497781845111787,0.46479445369171,0.106477449359419,0.512712512724765,0.151431591453642
"100524",0.314212023016776,0.402678255669502,0.672379268570993,0.647414546832698,0.352648859470498,0.733740920079435,0.363319271976234
"100525",0.441281974028258,0.480460456872369,0.853940940819675,0.820530525116755,0.471421631864303,0.883375165207858,0.477152911854959
"100526",0.595927355050508,0.58897419172865,1,1,0.617208335828659,1,0.643493058533555
"100527",0.538772918172695,0.556655716902388,0.988080427121305,0.948872024304326,0.564967174739043,0.995249542071136,0.575384168446037
"100528",0.493920933954797,0.483628900654529,0.969717496345271,0.923996256321483,0.514090060141846,0.956683343403362,0.392636584088227
"100529",0.425668389294102,0.407447370489069,0.904561665010564,0.859266807579074,0.44536984413409,0.87761743466157,0.229846131185834
"100530",0.211658681733139,0.207856751737193,0.673908308220691,0.616055891682627,0.235355189165854,0.662135521903165,0.131598490890058
"100531",0.0829367213408898,0.0584948252679677,0.552253667865536,0.497514386322024,0.101770340230652,0.541301279145796,0.140582109391594
"100532",0.132153990436381,0.113984629831658,0.605827906203114,0.551249185490197,0.154170686986545,0.593158786358122,0.391566863399264
"100533",0,0,0.236531667200437,0.185503098507307,0,0.237794994002615,0.389225835016133
"100534",0,0,0.402785576844625,0.353152782802672,0,0.403439265061812,0.134442077258874
"100535",0,0,0.484087844474065,0.430496750561452,0,0.469519543065571,0.0728121449071858
"100536",0.0521181725685081,0,0.543843989039168,0.489813208078724,0.0565129310387913,0.534967921643082,0.149207151363201
"100537",0.0760958215717485,0.0557897905254646,0.535194682734662,0.484271970254693,0.0901161125247727,0.536716882855776,0.187162852458808
"100538",0.0621765822376079,0.0768995162235344,0.497827584067088,0.44882332593316,0.0842430000319379,0.506406555360288,0.163796680189568
"100539",0.0332325313106507,0.0446011069563559,0.469991705615229,0.420961067180691,0.0545346580283579,0.480688691701467,0.177023708436013
"100540",0.110451809342593,0.0996270224701218,0.559569213592286,0.510270937633192,0.126772371676041,0.568977806980127,0.320425576932226
"100541",0.39511608378397,0.44316291927109,0.772544627793937,0.729770544608519,0.423791531099139,0.79872632933129,0.304857651233997
"100542",0.2423164437591,0.275366526688109,0.66849556983272,0.619134109328214,0.268935576213818,0.685695082892683,0.313199669727167
"100543",0.255933489754918,0.28634995185723,0.676839378626798,0.627984357515268,0.281778762678137,0.69240039605259,0.338773636004199
"100544",0.304244133973923,0.318231350098234,0.753511179574822,0.700647592384198,0.32509713659758,0.752077465579424,0.350563979043744
"100545",0.394039855028025,0.392872009302491,0.870178634881231,0.813056155027848,0.416006625003198,0.853034915700229,0.430867033117246
"100546",0.501176823021801,0.503480781742998,0.979571649180261,0.922054662110146,0.524015782823725,0.964541144246904,0.509499146637083
"100547",0.816777273582117,0.817128668325005,1,1,0.838553766673143,1,0.663651571738674
"100548",0.635264467439955,0.606168069003192,1,1,0.651042996305457,1,0.440691821553059
"100549",0.208739046736215,0.150563690565656,0.702140172095533,0.648189489671188,0.209983648369352,0.66405306949706,0
"100550",0.129318839986126,0.114812932661396,0.629394244456268,0.566828627977944,0.148368733420548,0.593506341921217,0.118125107722128
"100551",0.0406093968121221,0.021577863602851,0.498494334016996,0.445221244025037,0.0590882753604551,0.496046320654445,0.141211581232657
"100552",0.0254301490715713,0.0552675633914208,0.438483007561448,0.391178422865057,0.0509011340834873,0.45368439648072,0.37949987079314
"100553",0.00820118896748989,0.0147765100861893,0.422434887917294,0.375673270242385,0.0272665828220346,0.442456696768459,0.323661992408189
"100554",0,0,0.435631887309356,0.383194088911721,0,0.435770092445316,0.0532097472397839
"100555",0.0185091932779505,0,0.507130545818988,0.452123416124657,0.020346452069103,0.501958915709085,0.122285014590363
"100556",0.0752939315927367,0.0508091688115324,0.530060414969673,0.478470078929157,0.0883549878986909,0.541385589494599,0.191905425897822
"100557",0.136787310009738,0.102345953827122,0.594375540512069,0.541986258110152,0.147420970898903,0.604654346711405,0.267577671609197
"100558",0,0,0.414822444415406,0.363799335713007,0,0.432847414495515,0.151249996483567
"100559",0.204728176031178,0.24221448839555,0.600457150753824,0.555181128534049,0.230902317258995,0.619928572711328,0.418415233817164
"100560",0.40812322876609,0.466293444016296,0.78136932886938,0.739073262249979,0.439258937013791,0.813266026058617,0.32611905272213
"100561",0.224151707690678,0.251760913056384,0.642694186148655,0.59400882825003,0.24884325494408,0.656832651576631,0.304238129971593
"100562",0.199623491768595,0.192083720999485,0.663924293509226,0.60895452110453,0.216706032105377,0.657287369824526,0.305850240578563
"100563",0.260622374399907,0.253155455742009,0.721711449625089,0.6671685492546,0.277315067796669,0.714616350051634,0.276510724531281
"100564",0.359948060694717,0.351567012050905,0.827111832667741,0.771713431501961,0.37483841967824,0.815562910287335,0.398743618112605
"100565",0.431262737401884,0.409909558236292,0.932978245156589,0.872436336291745,0.447336519211077,0.9020005852316,0.428816394675775
"100566",0.613158447011698,0.602659583433664,1,1,0.632487242894948,1,0.506535438845028
"100567",0.808704509469448,0.765274861004195,1,1,0.820802645388188,1,0.711041491518223
"100568",0.483134015544481,0.402163174928101,1,0.971975773467098,0.487620657242004,0.976483146423513,0.293767742672016
"100569",0.249585868685387,0.209074223253178,0.753909258664981,0.696594282846284,0.263101348377021,0.718896695014312,0.085702830753176
"100570",0.193177243878305,0.183689371904229,0.6980276586266,0.63687811207446,0.213372004233989,0.667319166418633,0.285716607300418
"100571",0.116232475868242,0.123120209407682,0.553606232300552,0.502887514896431,0.1362199584597,0.557180902984572,0.258581477380868
"100572",0.194312205930259,0.218296202043805,0.615928422787274,0.56746332164478,0.217812953537649,0.627876629508925,0.557515161609967
"100573",0,0,0.447484240013125,0.395882506673339,0.00840172887571866,0.45716094669505,0.134310603941667
"100574",0,0,0.45693066664327,0.403958737379201,0,0.459274816320988,0.0929927978278948
"100575",0.090498904929281,0.00996237060409044,0.583555731832913,0.527405791155489,0.0902558748228441,0.574746127475556,0.258034089987541
"100576",0.243476590122665,0.193297865656871,0.712563440037006,0.658448297543554,0.251526795637534,0.716137507024444,0.428559118234105
"100577",0,0,0.408871844814324,0.35421983676608,0,0.4092720295624,0.226077759830931
"100578",0.107781089408902,0.136455747202111,0.514414550783912,0.466995208622286,0.135106590713645,0.541468182187312,0.365875568692408
"100579",0.198057912177027,0.218809220513063,0.620657329378589,0.570968138686969,0.220616623746897,0.630132272550393,0.388610106677763
"100580",0.17325779862816,0.213768731425542,0.563662669687577,0.518599568710167,0.200422585359013,0.584992054261908,0.305261055864437
"100581",0.194775500719514,0.153185365504824,0.6958181701114,0.635505197754709,0.203808431205219,0.669242547737862,0.256329998139563
"100582",0.243929395206356,0.249706939948596,0.680135317918201,0.629111047362633,0.263484444470178,0.681378903728725,0.243050126697822
"100583",0.330917084672465,0.299566027437735,0.812393958746156,0.754822956737111,0.341276852302163,0.790272451764418,0.350310539298835
"100584",0.406082137562887,0.365907245537476,0.913292686626425,0.851911072222257,0.411273923585438,0.878527834221471,0.424506055536866
"100585",0.425677433072133,0.39903245192031,0.918552328190763,0.859178381285306,0.434503953530712,0.89064232452715,0.425435186075284
"100586",0.722092245545916,0.677595890935743,1,1,0.72436571762173,1,0.701937840551709
"100587",0.563498333958096,0.462810261005016,1,1,0.563233872682985,1,0.581144386131872
"100588",0.369358158890927,0.296818227179568,0.929218110023867,0.868349419293537,0.375525720904611,0.86588278250368,0.312007495794382
"100589",0.169782744473993,0.136732882941216,0.686503676359978,0.626462990440191,0.184887648146599,0.64569777969247,0.151840734189545
"100590",0.285429131941728,0.253053614846905,0.814400512691923,0.750229619796229,0.296520248695218,0.773467577242443,0.371785864998242
"100591",0.053576637677198,0.029979989726758,0.535525741540863,0.479687793648384,0.0685069828184574,0.517410466357433,0.334472645520799
"100592",0.161406858189286,0.117830340014188,0.656186897975573,0.597873999853519,0.16552311468154,0.629315748477856,0.354433990931192
"100593",0.0363201144556652,0,0.524151748932241,0.468401613287237,0.0455193386898385,0.51764448532453,0.222470971618096
"100594",0.0949776553974885,0,0.63514160723823,0.573315118654754,0.0844025001756326,0.601763668754526,0.361503642412782
"100595",0.103666373809883,0.0417969299776789,0.588323929545956,0.532628370630961,0.112625707038982,0.587297037200501,0.439703704798757
"100596",0,0,0.323244749863758,0.268426811145451,0,0.32600104764886,0.287812155274725
"100597",0.0096771856090726,0.0136626504434036,0.432216362031161,0.383148357847471,0.0313196623126164,0.455500626873652,0.373617384654366
"100598",0,0,0.375528521740494,0.326010767506565,0,0.38483704509021,0.279748104682688
"100599",0.133140028667022,0.161174923879348,0.538919031983289,0.49194409963242,0.157496537699272,0.55332571631752,0.328423284367126
"100600",0.235040563943031,0.17841739287945,0.736767419312722,0.676003444371635,0.239841637892239,0.701446476163058,0.240201537484996
"100601",0.306617524646203,0.246365518518809,0.817611945888637,0.755526497188827,0.310579862325764,0.779872684246213,0.366535695548373
"100602",0.352473072279678,0.309645555173881,0.844510554123529,0.785472443229044,0.36057144597836,0.816970032486449,0.418035301302467
"100603",0.348770759368432,0.329444170822056,0.812343807925284,0.757293652649216,0.362307527252957,0.798732338769431,0.386409476236322
"100604",0.393157868141132,0.388140913217476,0.854013842696615,0.799580437848735,0.410124954635178,0.84844378777595,0.416848228895556
"100605",0.525310368772706,0.473497295572614,1,1,0.53472316832861,1,0.457479187310867
"100606",0.545225492736888,0.468584841829341,1,1,0.541804585625336,1,0.605108875749618
"100607",0.072935223122553,0.0594490794375961,0.54599439104592,0.488765227253866,0.0924252159153304,0.520189986687746,0
"100608",0.692135221610667,0.659280694330621,1,1,0.706871839552099,1,0.383635156556718
"100609",0.213051067639214,0.170966911518022,0.710241226585807,0.652066262573243,0.226488299636107,0.691639212644424,0.386534764126885
"100610",0.134462827568431,0.0933226120524894,0.597385003114045,0.544972273942254,0.145809461030017,0.602053908776202,0.194221575487768
"100611",0,0,0.473364938676269,0.415904713461174,0.00304296236571155,0.464816947458563,0.220653698955924
"100612",0,0,0.483549528844025,0.419074415206155,0,0.443799072104692,0.388065305306764
"100613",0.0609446392774482,0,0.639131311580227,0.572674458829738,0.039081021985094,0.596774492213639,0.445202656160836
"100614",0.0133788195652051,0,0.547868240428177,0.486432568636447,0.00342878646971678,0.524426282819489,0.290783943082891
"100615",0.218259327846593,0.201145526810295,0.653609210395064,0.602973052714016,0.234768052752625,0.672907292299698,0.485653784305479
"100616",0,0,0.230921129889465,0.182119778339153,0,0.251549054362357,0.169663660750445
"100617",0.252702435102754,0.281777336362744,0.660483222935025,0.613507007781966,0.277218757035816,0.675231661629733,0.479281454554778
"100618",0.26834699434093,0.265733311745405,0.714532256552608,0.662302270610798,0.285676953772072,0.710500677930961,0.598157571671404
"100619",0.390048987745453,0.390331066195456,0.831696922910105,0.779897239969068,0.408119881926823,0.829646435434928,0.454892470733256
"100620",0.375875040352861,0.374163854243472,0.823940876421204,0.771191789564228,0.393678729775663,0.820748519908126,0.366630813964585
"100621",0.468373430911934,0.431087564970863,0.975394748588857,0.914023787549492,0.475065538846199,0.944027459874553,0.349792184222454
"100622",0.620913276599072,0.551964862532463,1,1,0.618711411016474,1,0.472991674859989
"100623",0.28065679603621,0.211356657677368,0.86212959906139,0.789422963863769,0.286776390997241,0.793880168499979,0.172332129427959
"100624",0.46179085161681,0.419121947569551,0.996756228740708,0.931138701697984,0.472105803889439,0.951263935924473,0.208710045139636
"100625",0.741220028894379,0.685331443148109,1,1,0.751594814692294,1,1
"100626",0.22535152689009,0.182901539094936,0.708938684105786,0.651554251764573,0.232942431536364,0.689605186126696,0.424484585034141
"100627",0,0,0.188468735984548,0.129622836415337,0,0.152855084437348,0.0258421595720574
"100628",0.0842968678617676,0.0291676910279041,0.603362298598004,0.542198338757508,0.085805486063127,0.56595353684441,0.529384733100802
"100629",0.125097243945944,0.0413626913865868,0.640055850206823,0.581141906279688,0.131038730600498,0.629811287956218,0.277956441041788
"100630",0.263019190593212,0.1531623433059,0.777787643941444,0.71917657642833,0.255604898057502,0.762765242545589,0.209827219540452
"100631",0.0132143413641621,0,0.465733072759968,0.413604439020285,0.02962376494478,0.471288674030458,0.259678198398654
"100632",0,0,0.151603400468588,0.101507655237708,0,0.165471129608732,0.0389796376565736
"100633",0.0775960079987158,0.0512748653972506,0.539834069886322,0.492317862668411,0.0897264380753022,0.532732209726203,0.226402257035026
"100634",0.316680461825501,0.303927147757746,0.770863502310978,0.71736407281917,0.331663660855871,0.761099118720199,0.552865571123366
"100635",0.566564190908029,0.502438371140863,1,1,0.569622696432413,1,0.578560366202435
"100636",0.509501436084288,0.490465236349433,0.982722122262407,0.926583154719616,0.52362028082723,0.969386934477669,0.442479953852919
"100637",0.429258799330374,0.426183282103648,0.889333698847713,0.835139497929843,0.447242373426726,0.88525525238088,0.317587300274878
"100638",0.664003443707866,0.601162300283036,1,1,0.665507094021903,1,0.326152852980127
"100639",0.363325677541938,0.269602707000402,0.970354162965454,0.893974370145034,0.353864992957186,0.898082587890074,0.264489016155533
"100640",0.28353050695489,0.242384307672159,0.79455971674127,0.732898690952274,0.292597695444682,0.767406192701692,0.288713416960276
"100641",0.559728373851952,0.519851852164989,1,1,0.567865889397558,1,0.704238125325866
"100642",0.40251446617136,0.33287457001355,0.937280253597833,0.876301249573325,0.399616257732243,0.895837494631664,0.655514133243301
"100643",0,0,0.509955860422005,0.449372684970192,0,0.4706521945308,0.321092520295231
"100644",0.235875750320142,0.201132040003767,0.746410815109052,0.685505025332554,0.246786377534565,0.723771931458106,0.502246635843629
"100645",0.237047559207956,0.215423372203462,0.705510858463948,0.649096530339076,0.25720604907913,0.709787597374012,0.228914278018113
"100646",0.158582947266694,0.136031269625839,0.629238596430721,0.575009151874262,0.179858842539448,0.638219575044946,0.1870628010968
"100647",0,0,0.440631590353322,0.387837800769886,0.00582162842366529,0.449496294593801,0.473546055371014
"100648",0,0,0.320221945258764,0.267243727375562,0,0.318321380924801,0.165351985792156
"100649",0,0,0.204279169933591,0.155587013200543,0,0.219512172433208,0
"100650",0,0,0.273200474578217,0.226026945892201,0,0.293192163497566,0
"100651",0.0699359532826497,0.047620782436003,0.516123431843349,0.468945444000257,0.0830745401777684,0.528050074349796,0.173932364256957
"100652",0.118329596248224,0.103298581371693,0.573241521586574,0.527607462492243,0.133141312480301,0.57159897477729,0.184276011991387
"100653",0.665590866387905,0.563638909907922,1,1,0.659432989459304,1,0.526180122046251
"100654",0.543899865237486,0.451794922257834,1,1,0.540944712791659,1,0.35607951751914
"100655",0.311093485178061,0.317868345944569,0.767181762367229,0.713853166278853,0.332011840876943,0.76892376986447,0.276837020729921
"100656",0.46639354217436,0.383028946766869,1,0.967699100166222,0.466049751547392,0.986330881868249,0.424175439738447
"100657",0.331812801127211,0.222098428750045,0.946275761763765,0.869004640213813,0.321192095288082,0.871339705457961,0.340748334423988
"100658",0.252792185592602,0.177335203635974,0.816750724298691,0.747626266826379,0.253402643947851,0.767981237781321,0.330713721894783
"100659",0.507475062761819,0.437198545261031,1,1,0.508050974681193,1,0.453580321781924
"100660",0.369165036546679,0.269157078439992,0.970121267971703,0.895219838774299,0.36079759034316,0.900711964343678,0.495577154299795
"100661",0.258031696086052,0.195391480933455,0.799592025072936,0.733753972220085,0.260243038376876,0.756271524816281,0.289527107066411
"100662",0.381362244571159,0.305930295282919,0.932943783401983,0.871301921733761,0.3770655268322,0.890383081542883,0.40340069227274
"100663",0.474376968532403,0.414466580624395,0.958239926910728,0.903624645815021,0.486556056194751,0.950257430682934,0.127330561876369
"100664",0.401645391467156,0.33997059820003,0.890773141958616,0.835069287058037,0.416066641192547,0.881770561172101,0.139423928859185
"100665",0.301805698044875,0.224220517589186,0.795518685573416,0.739380956336723,0.314151718792976,0.780489054832705,0.172336569650619
"100666",0.0835524056117658,0,0.603812606770534,0.544331489999058,0.087477052836613,0.573075003227985,0.14889376532903
"100667",0,0,0.391977224645904,0.338689922360111,0,0.389455545121785,0
"100668",0,0,0.208660407130628,0.162948519373473,0,0.247829632122076,0
"100669",0.0546253649803936,0.0655306473144969,0.485165947165251,0.438022042935011,0.0755693819469442,0.503406117946132,0.000743318247441449
"100670",0.0697919713469033,0.111301187926666,0.473399196513392,0.426873512662805,0.0973660476521759,0.495220472902364,0.0840222963117789
"100671",0.111676219014563,0.107011188894718,0.551844463642824,0.507605141401839,0.128553693614738,0.55545943146157,0.174120776277207
"100672",0.330081609162135,0.231878295503016,0.889698491406122,0.820061646280393,0.324721095725747,0.829757344862802,0.361465875512098
"100673",0.384932106661403,0.253135251448178,0.994702664385255,0.917533872803573,0.37131070382434,0.913544266497642,0.302211574624096
"100674",0.240715994153819,0.222161198721155,0.725621040976327,0.668131874415964,0.256093029989374,0.71241198287017,0.227478834628398
"100675",0.329049080341921,0.221139845225631,0.930978731438992,0.856413770592113,0.322905625688288,0.865363152402652,0.351230520975861
"100676",0.518040174207558,0.371419557338411,1,1,0.496577044056323,1,0.615647898712019
"100677",0.187932515437341,0.105840208339703,0.762083668484161,0.691288422340143,0.184891637920764,0.704267956224026,0.209046084616407
"100678",0.459478770587374,0.373687011235162,1,0.97184678417631,0.456228231866595,0.985535107655342,0.276654676308794
"100679",0.355654375908175,0.272498903586341,0.923624861405074,0.853856980198352,0.354166671381841,0.87026565183469,0.366387596191876
"100680",0.281228405615521,0.20835189600688,0.833441731199796,0.765807888273543,0.280263770725643,0.782538721750536,0.241479092975326
"100681",0.356480767974998,0.293432133802797,0.900761592435875,0.835641652761369,0.357616292586078,0.856080391870302,0.275047571246837
"100682",0.426389759649199,0.347505417165358,0.949769063932959,0.889730343040064,0.423067947191592,0.91789129820045,0.120892133672305
"100683",0.442746522116395,0.355238979797578,0.947281023583344,0.890253625180973,0.447600894506598,0.925234322868503,0.0330384305547254
"100684",0.340231666784672,0.277563276969853,0.842018556283183,0.785048548509784,0.352801590525405,0.827208997069264,0.138723571162038
"100685",0.0815241755450368,0.0433982452700145,0.561840299424832,0.507344052564382,0.0976555602857553,0.557034545855757,0.0512474403854997
"100686",0,0,0.475553187200389,0.419015760598595,0,0.467831532169725,0
"100687",0,0,0.199887025024301,0.146385125823497,0,0.210300580256887,0
"100688",0.0198704342274615,0,0.504873186545412,0.452240106158706,0.0276225200613803,0.496496725606394,0
"100689",0.0413792602516505,0.0645634240815272,0.46119547139933,0.412170667695313,0.0645968174328312,0.47212895339296,0
"100690",0.0961855206125788,0.055062405782531,0.584377249797399,0.531855806016873,0.104591597432439,0.565089034591578,0.151920978002643
"100691",0.242557674230269,0.159254513165038,0.803333098397954,0.734379771395955,0.242098089003613,0.752118840179526,0.277557333651281
"100692",0.189288061706834,0.135528199862963,0.719553215814984,0.655464402391402,0.196550390251217,0.685475690318647,0.100625897387752
"100693",0.276328890190279,0.216246903146765,0.821966124434147,0.755845628853619,0.282191924143352,0.784266593204882,0.274320794366904
"100694",0.328650948479469,0.279065753062468,0.871932147203692,0.806946851424434,0.337628635028501,0.840670479830616,0.42678649563089
"100695",0.115662649705252,0.0559597952889634,0.658924964447654,0.593065549541814,0.1215006389098,0.621525370345638,0.338577771495937
"100696",0.313577559430338,0.258870487555741,0.852830581543056,0.78764653471823,0.320490481521154,0.818449452984749,0.311538374489403
"100697",0.3237019114225,0.242466378947107,0.879100197144748,0.810915728564149,0.323374791364461,0.829027882617175,0.27845015316808
"100698",0.273810579162871,0.198186967791778,0.820565222291207,0.753516303304064,0.274417075807681,0.770559773210409,0.222071116849308
"100699",0.267721964742409,0.195426238794921,0.811637412985995,0.744902028854363,0.26783378409391,0.762869444349091,0.205341212787623
"100700",0.545755219192853,0.463047607545083,1,1,0.545046201528417,1,0.148872079432536
"100701",0.607047196259403,0.513330832409285,1,1,0.599032446251621,1,0.219147309282416
"100702",0.385474179397631,0.335910460006608,0.877115209427436,0.820567334649307,0.393613470714567,0.863946509184027,0.196851421181475
"100703",0.0971005162038245,0.060445674838681,0.589366895276669,0.533595214921891,0.112210151862261,0.580657555054645,0.0565610343216407
"100704",0.104759635388275,0.0898658166917983,0.587349096308202,0.531939591879471,0.125456228714106,0.592712830381372,0.149838415471715
"100705",0.0665723784424413,0.0153267185287153,0.564332202955406,0.507940845759238,0.0738470986948633,0.562150836676141,0.166897451244847
"100706",0.0453625665297172,0.0350641206733819,0.507633852892568,0.45544981730696,0.0614511278993473,0.502050232513771,0.0522038761517626
"100707",0.0237649264167279,0,0.506560736428539,0.448934140956039,0.0350797566267002,0.487030179831279,0
"100708",0.0470803076247774,0.0341245825799558,0.511458439439806,0.456288927832116,0.0621363478599254,0.501552481768967,0.0118841696977201
"100709",0.16501599843922,0.134659647078005,0.674430438438318,0.613613115164535,0.177837886661011,0.654227903865721,0.21107601624557
"100710",0.159424096834702,0.134437043624313,0.671407927756404,0.610546992749376,0.17393950780256,0.654136413880443,0.168886502543357
"100711",0.139710328263423,0.102718090422584,0.652775059874714,0.591506849382331,0.150813981535581,0.628655678440234,0.210266569518227
"100712",0.288978163738329,0.25346649663433,0.805393263207509,0.743598187744491,0.300904920287308,0.782132716752713,0.226650379515317
"100713",0.380547626558366,0.27282234608926,0.991929930704843,0.91574489190491,0.373996582286977,0.924089205149888,0.428941028601068
"100714",0.350691092998981,0.233074180421913,0.975806147474766,0.896722856172676,0.34450955226691,0.894228451599147,0.349277103838885
"100715",0.479538724383123,0.380782761614914,1,0.994184022381879,0.476544211084861,1,0.321005696534335
"100716",0.342299220928968,0.251493768648626,0.911549834054769,0.840979225116628,0.34299379672844,0.850470396847074,0.213955467953272
"100717",0.173876228562139,0.0547792289769127,0.783264826559688,0.705844883399455,0.165980600278794,0.69973968142975,0.257059463172683
"100718",0.245690258559723,0.129692263843615,0.834739142878681,0.770249107956332,0.23711397653304,0.770238284100879,0.242893757244588
"100719",0.567424545191439,0.438132927516055,1,1,0.553094840575202,1,0.383369779809468
"100720",0.485352798774102,0.362706782879504,1,0.970574935693156,0.469554580936964,0.980563498918034,0.399148407816787
"100721",0.296213476445818,0.21280275591036,0.841248145965917,0.778773978539912,0.301730425744697,0.805802316433154,0.309022348545386
"100722",0,0,0.535565044451028,0.474045151244199,0.0159332168414252,0.528293036393493,0.123069826069826
"100723",0.0675061991675365,0.0549820337264613,0.547936290814049,0.493125126410549,0.0839396017608808,0.545065276426038,0.240260644118229
"100724",0.141333224075419,0.105880930570467,0.635890037619183,0.576909299327389,0.151580859522243,0.613114688876242,0.121517092357774
"100725",0.050942999908354,0,0.577592364297906,0.513852835158459,0.0541184799114685,0.538104165385038,0
"100726",0.0329658239482556,0.0330671023757603,0.496715466037651,0.441812049147112,0.0512513837743993,0.494358851845638,0
"100727",0.315883913772102,0.263144979554834,0.838594100289238,0.774911973723036,0.321504391191073,0.805306968027328,0.12094582658504
"100728",0.210230323361694,0.135990409025515,0.768150656991698,0.700001442312509,0.212377841176731,0.722309172421267,0.228064399363636
"100729",0.199436846876582,0.112278032711432,0.783467834103952,0.711736060957325,0.198832572972724,0.729959804368063,0.222408971485545
"100730",0.143146832704624,0.0739073527479154,0.695836497753392,0.628571332915201,0.146430761715379,0.652846600412299,0.207793574386903
"100731",0.202085681343811,0.109696483200107,0.773196897070042,0.70269365067128,0.199511797849077,0.716727169780757,0.189840580536306
"100732",0.318251319152361,0.217593500013869,0.89844011329619,0.826307701512626,0.314742092067539,0.836420112534683,0.298140995731302
"100733",0.311409076105971,0.177881935277093,0.947932236761632,0.866245888726738,0.30531031962418,0.855318968211502,0.253566894218281
"100734",0.612697920327999,0.490773386638176,1,1,0.608163795499719,1,0.305727019697458
"100735",0.402566401507447,0.286600325355468,0.998381999728322,0.922892774795467,0.399385719458603,0.919789710275553,0.199863391096556
"100736",0.368953074292181,0.253564809553842,0.960227547133882,0.885693593026775,0.361591319874764,0.884977148767846,0.38736014367886
"100737",0.322859487580061,0.195979767288381,0.941806689351416,0.862980714819477,0.313557935546595,0.854750721439708,0.347362600782398
"100738",0.460110594376385,0.336271184989302,1,0.95761687409861,0.449659842989692,0.966668691847952,0.253413594754071
"100739",0.401537571482426,0.297403439616181,0.923544212352323,0.862360523234094,0.394247077034306,0.882181441257557,0.281406909298141
"100740",0.402306843703575,0.343427724183401,0.899629309546581,0.839796202157437,0.406091381122872,0.87458298282096,0.388243725017543
"100741",0.149702343203594,0.0924143131404238,0.702459796125871,0.637637355002339,0.156510318435793,0.665280528529464,0.354515818638185
"100742",0.222041387699661,0.182304237543605,0.72607467495789,0.668521050682768,0.231835868477559,0.711341507602796,0.710924802274888
"100743",0.296702784453708,0.216482274527416,0.830835554323207,0.772290717899992,0.295944656605295,0.791928055197424,0.305746132049673
"100744",0.278011610423865,0.172138845066929,0.852095967325425,0.78169290190081,0.270961258158354,0.789213420062577,0.134737789224613
"100745",0.277956264793075,0.196882014441442,0.829456803327452,0.761706678169162,0.277151399597904,0.779812319425345,0.0110210746568665
"100746",0.492484104931308,0.503310454373315,0.954057413445573,0.899994919435401,0.513591245452047,0.958099423732421,0.120099952816526
"100747",0.566882820974123,0.580941500847111,0.998158873731836,0.956375283622021,0.588343077227744,1,0.39534797570759
"100748",0.207403290379437,0.173470372318512,0.664263316368443,0.623730804405187,0.217902365221341,0.677229432195467,0.428253847139608
"100749",0.151233143750602,0.128273064999096,0.615528193083596,0.571143461101929,0.164132929104001,0.612435400691897,0.30370189667831
"100750",0.271017795176692,0.179616036485589,0.850525511434323,0.779088423263188,0.269054641371023,0.794603745288711,0.300842285131491
"100751",0.243682391484467,0.146022425443393,0.822831382547638,0.751242653585266,0.239795636441552,0.763354577155573,0.227553995042196
"100752",0.287008437632171,0.155882274820461,0.901696244810514,0.824266400141845,0.274519332405194,0.82259886689567,0.280905181597271
"100753",0.302035899321525,0.17130462582617,0.923052341802511,0.844343297730975,0.294143535778757,0.838437658414674,0.264581314061616
"100754",0.302808011683259,0.203366699561925,0.874683014515033,0.80365063305634,0.303458725203585,0.813024846296945,0.248480238947828
"100755",0.365226957171555,0.289736629325118,0.909840141559601,0.843038012004403,0.367438874851755,0.866687139247801,0.338597844359117
"100756",0.427333253784288,0.311976292532394,1,0.944550100311679,0.424715885179934,0.945715524972875,0.354356336959867
"100757",0.392975166408618,0.294262879880069,0.953810888195734,0.884294052331216,0.39372747974732,0.894569837233939,0.292876546941563
"100758",0.395022009068062,0.280575930318667,0.973426459795544,0.900881328014866,0.389036642350225,0.902777411085148,0.337020874959274
"100759",0.571419540164964,0.44525560446169,1,1,0.563483111199322,1,0.398847855356606
"100760",0.597826514706497,0.483553729743451,1,1,0.588153632294173,1,0.366430695366217
"100761",0.427421344415977,0.357524875440698,0.953959864838584,0.889837621645531,0.429168994096813,0.910999155546637,0.397126435495625
"100762",0.29727146906138,0.260425398029332,0.794699161065912,0.73509445511532,0.307260757598167,0.770951965947458,0.312528987346829
"100763",0.422228703480246,0.362935128334589,0.957461361937595,0.892719019938083,0.427213988347003,0.917941180034466,0.556936254846926
"100764",0.426900278456037,0.342797246460661,0.971545657615883,0.909203049863919,0.431364285206292,0.934139730834943,0.750105366967842
"100765",0.321980650369372,0.262271800187333,0.835429003497628,0.7773660011911,0.325979920584452,0.803053102441996,0.381271376682894
"100766",0.197608220006037,0.130455861084864,0.715841554266549,0.652871414656672,0.199657719886395,0.674594829771195,0.114856919580372
"100767",0.378464487932761,0.297845736557917,0.917996064159192,0.852032031566447,0.377497617984399,0.868727513352151,0.058807364849502
"100768",0.186559426724685,0.1648238151193,0.672274480615014,0.614356986387254,0.1995593133981,0.657155420499566,0.0958496352217005
"100769",0.170268308907113,0.116370700386732,0.713935891592685,0.647933745296993,0.17645468320671,0.679936929828398,0.173876615517285
"100770",0.30149760781165,0.214267871775847,0.864004864864688,0.794801606375242,0.30031707563541,0.810610723568386,0.307808711630223
"100771",0.337345558711372,0.200910041437355,0.956353023465297,0.878198851362957,0.323547847380932,0.874208610833313,0.304286011134115
"100772",0.341684134448441,0.190582567099804,0.986763318150271,0.904113403368846,0.326648066496207,0.889759817401335,0.305188058530252
"100773",0.419530648356924,0.25630086315052,1,1,0.406581108132731,0.979057120831138,0.346737702366589
"100774",0.392581042741674,0.242097976510722,1,0.946487350264307,0.382182970779839,0.929665157065578,0.324244779698842
"100775",0.382725617704485,0.215284009098906,1,0.94838175973917,0.367923772239089,0.921638038028873,0.310161112628688
"100776",0.404910971794995,0.238551097053791,1,0.975062873809344,0.390797921086096,0.951886493668694,0.355937781975284
"100777",0.438652284898277,0.284810767813755,1,0.994177111560966,0.427205544394376,0.976313422166064,0.367641421987707
"100778",0.582518895289054,0.442565516898779,1,1,0.569180920964419,1,0.529735528199543
"100779",0.836496325139046,0.717648562884934,1,1,0.826715006272882,1,0.473503448573435
"100780",0.771457359856023,0.651982204777574,1,1,0.76073833716341,1,0.603137093979387
"100781",0.63272352430185,0.591041086928978,1,1,0.641341298038013,1,0.622262325206953
"100782",0.329147559377771,0.30049221202293,0.811010333122894,0.753781733980669,0.340961830440927,0.792325315339341,0.401848953143958
"100783",0.283514305407285,0.232589592546056,0.794733590153547,0.733028979076457,0.290026524129766,0.762864880844619,0.405752316918996
"100784",0.329479899200882,0.208552985131412,0.918854883351137,0.851607053631495,0.315999300164801,0.855392834442127,0.401899900037229
"100785",0.411862915089855,0.320780955834338,0.955861283450703,0.892805833485739,0.407607578841747,0.904883596014729,0.306940782503947
"100786",0.166798777885252,0.12746919857535,0.644905040416799,0.587931629659547,0.175399357520284,0.620242430702013,0.0345401848078259
"100787",0.188086251572336,0.12898114414261,0.692142220388769,0.631616001467666,0.192155194047591,0.655921231523843,0
"100788",0.139726129937815,0.0928173394178644,0.645514537599702,0.585131729964794,0.146949807608494,0.615980714978408,0.0903145102698951
"100789",0.369867650562104,0.284056522355572,0.946692274006397,0.876036041501067,0.368098131600959,0.894124073025637,0.227912190421679
"100790",0.274573205890564,0.215212096619758,0.825505621210185,0.759123883689418,0.279196705932493,0.788284574958834,0.374735403919992
"100791",0.368089016707835,0.341953404445159,0.88281984874443,0.821115650020063,0.380758773313437,0.864587155618458,0.454472634486364
"100792",0.265357798566442,0.280946300081229,0.721178799748687,0.66759319856801,0.287675737227422,0.727508262645718,0.315572699106443
"100793",0,0.0517465413688132,0.377176973433982,0.331768113206272,0.0154156444555755,0.415982165336598,0
"100794",0.140479816739695,0.180015639639231,0.559025355477592,0.510665645188365,0.167849841042237,0.579855041012974,0
"100795",0.348610795340288,0.217401278930601,0.960976600315732,0.883798619087615,0.33654791781713,0.881794454699144,0.364434106094718
"100796",0.389294342706647,0.271613472565631,0.987573436443345,0.912770283212118,0.381070603711254,0.916397202715829,0.340641752247152
"100797",0.34760171725821,0.19274167347134,1,0.917274392705811,0.336439281865197,0.897083443807985,0.273435144732908
"100798",0.405741199320173,0.21753271166454,1,1,0.3865993910569,0.965180695150491,0.241140302041103
"100799",0.429188440904326,0.26712726114404,1,0.988045613264967,0.415652782506858,0.96438247942533,0.351164452474149
"100800",0.549296873940702,0.408412077169429,1,1,0.540489558609888,1,0.579657127943474
"100801",0.427603837485787,0.28632782196798,1,0.959528333556688,0.418871690493524,0.950950470452411,0.402126750082149
"100802",0.535381743594986,0.406571714495636,1,1,0.527493902416746,1,0.526399546676364
"100803",0.488886683236187,0.374842406229322,1,0.989660084922239,0.479610642251446,0.992413940517843,0.358288083491928
"100804",0.831406675998413,0.732983463766127,1,1,0.825789789981774,1,0.420200054669672
"100805",0.562741923251103,0.461474538454222,1,1,0.556438749226014,1,0.358702006384816
"100806",0.298375904677206,0.191242824136116,0.861332095575637,0.791373717175916,0.290779181106531,0.796517444827063,0.220535345377258
"100807",0.288844972816528,0.194097836577809,0.846323451789914,0.77740058720908,0.284629142197877,0.788672464380492,0.318309784065888
"100808",0.302447436266799,0.21110032485088,0.855412087874963,0.787083233578142,0.298905713494094,0.799733389287211,0.330901979514704
"100809",0.328145550991194,0.203890977590113,0.897679411737351,0.831967663654177,0.322821457418771,0.834987499524313,0.322591366299089
"100810",0.297688578872053,0.210502178724624,0.836629638918139,0.770304631270323,0.294707763639298,0.783480793029957,0.209572313665387
"100811",0.288134910550316,0.238717917811273,0.783964439017116,0.724240082861683,0.294307728184042,0.75296674459349,0.189188197787549
"100812",0.247834680479499,0.17027245261792,0.782826480987574,0.717416038035814,0.24743211178743,0.735179214647791,0.200859673942135
"100813",0.14949656997091,0.0411833547352111,0.72496425615767,0.653650136894907,0.14176179064667,0.659391236984792,0.131018381610138
"100814",0.267782370705717,0.217069209195271,0.795255404414962,0.731660121386107,0.274367192388873,0.762920845011916,0.254607229356375
"100815",0.321894936728727,0.268023122552137,0.864279026381254,0.798835542549875,0.327891205741937,0.830232487789564,0.515931169872144
"100816",0.281548840987799,0.234693985924564,0.821984279232724,0.756881415317595,0.289475610808933,0.79144210030856,0.506758609479117
"100817",0.0997877885476882,0.103007589970336,0.567909826476787,0.512962546165203,0.119198378397379,0.567165407439697,0.235936623868848
"100818",0.0604520056347022,0.139599245482814,0.434922948870057,0.392658413815294,0.0962162798253605,0.478802077003047,0
"100819",0.0189802498573747,0.0810851509666052,0.418710729107879,0.373050812030264,0.0515291097751319,0.452896500624923,0
"100820",0.106184295990945,0.213057577788516,0.439893798230746,0.402465198027073,0.147776622564736,0.500191777336933,0
"100821",0.284286525086243,0.372761688219649,0.639600749433334,0.599287930405474,0.322320791909242,0.688963973298335,0
"100822",0.292621556669311,0.353656724379064,0.681010932419171,0.636155527179045,0.324418520398229,0.713674335402287,0.017050475196191
"100823",0.377204692335771,0.290458088811638,0.929200193461016,0.861162182465866,0.375333374931565,0.876146247470449,0.337185053685681
"100824",0.40234640499034,0.297793788347964,0.983231804241473,0.911012608590032,0.400765294452369,0.91972702218866,0.324483729812585
"100825",0.31484946546612,0.176999938199879,0.930028016006736,0.851134762537457,0.307581194120241,0.841704269102291,0.216708515115007
"100826",0.287695040318204,0.148157763458572,0.885994244358236,0.808794911302291,0.279694644720801,0.803317830196502,0.196557826879634
"100827",0.3756942583073,0.256271430815063,0.940766730946755,0.873805740080795,0.371830271937024,0.880153392136208,0.304627712398039
"100828",0.3444712973006,0.256927501760679,0.879232647093209,0.818528667298999,0.344800931646103,0.83281872811332,0.283070381657552
"100829",0.406002810469933,0.337782181889911,0.936476981530681,0.87528271999846,0.407991839550472,0.893346503890434,0.388495223654006
"100830",0.390989131021654,0.340149799593842,0.899741184098358,0.841089825694675,0.397198754215632,0.865046280416484,0.321823892070566
"100831",0.33839269954947,0.253157042360384,0.867037032835652,0.802126114361712,0.336175297312507,0.815297897904631,0.185436288723415
"100832",0.475022769322571,0.440243750283693,0.961883127668405,0.904605516663769,0.484943432629818,0.932401241738778,0.278470226334088
"100833",0.366644162875676,0.291899491818104,0.888572050719875,0.828647380728482,0.366714493212773,0.842326406774204,0.227102905853625
"100834",0.223509533867941,0.108855077157752,0.790077235763961,0.719641820055921,0.213890506918175,0.720972012774394,0.173304341741413
"100835",0.283173968097164,0.193257161676879,0.830274714195328,0.762824774202137,0.279922937039,0.775453468009238,0.294959050384298
"100836",0.26985757221914,0.198477578175621,0.804597025801744,0.742481893387372,0.271159665999488,0.759200008225247,0.25271721925725
"100837",0.33140211786613,0.22234741902884,0.883361410415925,0.816119369259316,0.328397917360599,0.821875062520966,0.268610515542951
"100838",0.471886376117331,0.35408090384094,1,0.962779068809969,0.466611962600885,0.963731605838874,0.403191178062817
"100839",0.546718564993582,0.444630883255299,1,1,0.539811495962403,1,0.424493374396847
"100840",0.484007081731526,0.377344442126003,1,0.986312571701081,0.473018901112509,0.990340852041554,0.486500884858381
"100841",0.19238318580467,0.0565340756589177,0.800816008390403,0.724178307396292,0.177644618759528,0.719029370924357,0.196210041570483
"100842",0.347073918606918,0.28972450126567,0.88649456655763,0.821459515652005,0.352478028097069,0.850638761140095,0.178063568814998
"100843",0.548707389553613,0.479201895307392,1,1,0.5507312407473,1,0.603215562327115
"100844",0.148919177312064,0.182074900265216,0.602601619129827,0.549940340102417,0.174642532245794,0.616582049577383,0.488286868063387
"100845",0.102854795085879,0.136234861296612,0.539498765124585,0.488497631676374,0.127579847190174,0.553880507468669,0.28978106919876
"100846",0.324169916036497,0.372627165178315,0.738314249127138,0.690635105018997,0.352726477964157,0.762364379231562,0.0666655519219365
"100847",0.0933390709173585,0.172765822536696,0.468170623235588,0.425504385266598,0.128948834383231,0.51191282916853,0.0950222989004424
"100848",0,0,0.324760386787782,0.278043208445849,0,0.354518228204322,0.0560954997374854
"100849",0.147239713261105,0.16677802367205,0.593540892803882,0.541141298454896,0.169439581764026,0.599989739752868,0.0185246375605133
"100850",0.312834464070387,0.225020147848497,0.878825107467478,0.808959708119149,0.308259637717565,0.813530454982109,0.242010903298488
"100851",0.389725980163949,0.310384962182051,0.94760025354735,0.883303453771178,0.387314882925741,0.893366202402724,0.403203553063713
"100852",0.400497748675437,0.31921846945513,0.958793231227954,0.89454051151549,0.397548636315728,0.903316250709692,0.391931333829172
"100853",0.407770359918469,0.335221034726993,0.950632501182743,0.888263461249162,0.407072790453003,0.90124799423417,0.40232329287777
"100854",0.37864416868825,0.326807876430534,0.899577737165742,0.839512601326675,0.382359216482332,0.858433073276006,0.378465967254027
"100855",0.315964313824308,0.300812890339399,0.796463649861782,0.74132893746259,0.328886927099362,0.771033412190045,0.251694590523905
"100856",0.253439153406375,0.195743231733572,0.75917642215562,0.701480477151796,0.255717190273927,0.715563793462724,0.140852190794397
"100857",0.287955718983755,0.226422491771821,0.805846899369754,0.745440292828903,0.289327387149521,0.75799002142426,0.22956049575632
"100858",0.305785390966161,0.184047503199873,0.902120131953026,0.827473347476375,0.291124070786108,0.82091246046346,0.369954980768088
"100859",0.218949276587428,0.107136686194998,0.804098350413484,0.730920073852675,0.207071582304603,0.729043640153906,0.3115453806218
"100860",0.170048002723623,0.0550642535537845,0.74843429945025,0.675798219838734,0.157031368613937,0.671725661509834,0.137137451097015
"100861",0.255842586838264,0.218517928873872,0.766988865117576,0.707885806251907,0.263170386560144,0.72875552991776,0.238464035359601
"100862",0.365613849107973,0.296362891374648,0.908596912298461,0.846207320972657,0.364607560104294,0.858671056390625,0.330894683194129
"100863",0.433444417828269,0.344697321309481,0.99657563900535,0.92570110756671,0.428073575869668,0.926980306650586,0.382147197175234
"100864",0.368253853622159,0.28533636609703,0.909043292827792,0.842475032026357,0.363507323966245,0.852236199299816,0.211654749257475
"100865",0.554270101285221,0.465608757137204,1,1,0.544015647867882,1,0.506121064732572
"100866",0.119704754258418,0.0696797721424521,0.636287378585397,0.573798571303603,0.124053587777346,0.59953240700035,0.142545604797555
"100867",0.285285572906688,0.181209087269042,0.894306489296083,0.818056430957474,0.275924979985836,0.823518896060661,0.330552633034364
"100868",0.410750220987658,0.365665205386031,0.949224594043234,0.883989047080703,0.416910701060363,0.915188618893526,0.509496712266027
"100869",0.270308380505595,0.255249302480961,0.778878759225265,0.718421803135155,0.284694239567672,0.76327936765314,0.407781897928748
"100870",0.394643832391897,0.422830528835922,0.842999916430832,0.790842770393073,0.419032507730294,0.8541949278287,0.420130225858135
"100871",0.197064955836879,0.27116398043608,0.581765868905015,0.538137419087949,0.231895101504831,0.62198416876548,0.231814813331781
"100872",0.0355032490981019,0.105776012047778,0.420698550523552,0.376556536103432,0.0691995189248586,0.458810679491016,0.0700715388143924
"100873",0.0819272261877005,0.118583445855318,0.52630060887462,0.474487034037939,0.108243223568396,0.543198962399217,0.042797334919589
"100874",0.102866867732474,0.130962174028043,0.546475214816945,0.494640023878728,0.12702992065183,0.557959113126325,0.0734560544937277
"100875",0.298717198081695,0.232375236574545,0.831319549296807,0.770067407100708,0.299509058555495,0.786110362652526,0.355924198904609
"100876",0.351906148066332,0.282711448282861,0.88889401152962,0.827015001994453,0.351907572399814,0.841578736873202,0.421683812550611
"100877",0.451758274528729,0.360115853072818,1,0.949920705643707,0.445674200900612,0.952249239492572,0.501013660903989
"100878",0.327575894630998,0.244681808016407,0.871683875563461,0.809217179151181,0.324163724174078,0.815330541675555,0.322557446813426
"100879",0.241155245128193,0.156889902099895,0.77800342316819,0.717010345544339,0.23665835628659,0.720765435913016,0.183512664714923
"100880",0.314774889102864,0.209957355759937,0.876852453427282,0.807844788267809,0.304863701302119,0.806331845002256,0.294384436352266
"100881",0.165479459193192,0.0627784598272757,0.723339234796985,0.653948194401264,0.15634251652189,0.654287658377316,0.142888179977294
"100882",0.125931007672424,0.00846040756311117,0.711247726171984,0.638420367942813,0.112373486008979,0.632844820273151,0.155355858227485
"100883",0.176889594138503,0.0648090954709004,0.767875751059309,0.698269277388967,0.16502574445876,0.691030762559887,0.33321807922144
"100884",0.287155660890395,0.226678623575884,0.8374063235474,0.772918930907189,0.28864490278176,0.779045439954665,0.349469042880536
"100885",0.321515145802847,0.281960753642861,0.847867739252466,0.787070451067209,0.32824392753485,0.80373876078926,0.327440304793842
"100886",0.305630859006661,0.237329117279768,0.845560780784101,0.783987128924072,0.304584777893357,0.793734195156025,0.224354970181247
"100887",0.350758329442471,0.327979535311313,0.852019107473948,0.794776170722248,0.361573691546549,0.823341331618277,0.299419463417208
"100888",0.352492065408653,0.292470659580583,0.843220682729182,0.78331153797443,0.349106870689242,0.803910960860531,0.244810286793914
"100889",0.346891229117393,0.258315490082812,0.897700341065215,0.830474677808732,0.34052668937628,0.837310373095973,0.139824093932571
"100890",0.111874037027667,0.0401815453810924,0.652325676381065,0.58610171221109,0.11018444876576,0.601797427621796,0.165441443167876
"100891",0.303627564592489,0.217205229706233,0.882364484495395,0.810445152337572,0.298675989551199,0.822559141281391,0.42873548270388
"100892",0.480355268593447,0.453547367335213,0.997741838258815,0.93572628424304,0.491175733077492,0.974949146287474,0.529163947134036
"100893",0.480672843936042,0.430722724465099,1,0.973149106167653,0.486523161676451,1,0.536869689278237
"100894",0.433863780080152,0.425047158335279,0.931369411788634,0.87229384603775,0.449486467770864,0.919589728499929,0.677536658580059
"100895",0.220167459561461,0.268603014624259,0.636352836381008,0.588489615386045,0.249200377279617,0.660756741147166,0.37570415111143
"100896",0.187916550227118,0.288188905977988,0.542027634574454,0.502260623243726,0.228668082053913,0.598106908427427,0.0524173133517606
"100897",0.460032887487976,0.487158200318532,0.928733749471344,0.873364074995717,0.484879939290438,0.938517086466176,0.104217982819606
"100898",0.186888574922085,0.229577860809399,0.622304123103797,0.572091863543396,0.214886269535096,0.642827788818875,0.0336910311933788
"100899",0.301321395899418,0.200419446761487,0.872086175281324,0.805612901738235,0.292373725750989,0.80243406359796,0.422221354503852
"100900",0.371187286791356,0.268016014435249,0.942728753963346,0.876196550390326,0.361721658111992,0.871643331876438,0.442107279982926
"100901",0.310393281403435,0.208035998247614,0.875832320744487,0.810310400660316,0.301730954116909,0.805740874299252,0.335747238022134
"100902",0.131290482992878,0.0413499677284781,0.665344458889533,0.604977651961243,0.127084172693137,0.605217593203188,0.0820720117376803
"100903",0.243366009063951,0.154050158659597,0.791228061551443,0.727890328992247,0.237574251577697,0.726916605159917,0.216447406213348
"100904",0.133201937123332,0.0619463593620883,0.660284397609132,0.600780782159216,0.13187990937482,0.603053648622117,0.0393617727856106
"100905",0.053918228838008,0,0.59761680234336,0.535767721292425,0.0509178514173344,0.534990690668376,0.09135319897977
"100906",0.22507452445922,0.0925528647573637,0.840039697966684,0.767762381552273,0.207429815252043,0.748996134780705,0.346659842227437
"100907",0.319743421037945,0.202564293030952,0.92634856947031,0.855606131184318,0.306223002841564,0.840692894533263,0.333339231333362
"100908",0.329902754342994,0.25018449567664,0.897242533277099,0.832420030676202,0.326101658960888,0.83233377962587,0.289186041806967
"100909",0.320463963174195,0.278079608700287,0.840397083173599,0.781662378223469,0.324395333118721,0.798213368226455,0.197505940019364
"100910",0.395941125801877,0.343322140279738,0.923663364303104,0.863210141140006,0.397254198469319,0.880393318436109,0.336324934901206
"100911",0.254706669641465,0.206362668040705,0.729025211023061,0.671140432286833,0.253790220326318,0.697451462802707,0.096463801442516
"100912",0.190343538354511,0.132149452314469,0.687553213867969,0.628173839266363,0.192029107949879,0.646990027111017,0
"100913",0.312908600173292,0.212666068298842,0.881902378597366,0.811462861795571,0.302782134961106,0.81359016834557,0.137408677834815
"100914",0.34746814488863,0.297073427643429,0.873939814084672,0.809771294068728,0.351557003552141,0.836569441940646,0.391131524288951
"100915",0.546729938616185,0.482907339714544,1,1,0.547741366082873,1,0.422548157131723
"100916",0.423698506729947,0.319135552455868,1,0.960875656260265,0.414572359549609,0.96701448950717,0.445794153193941
"100917",0.793539582852087,0.7872439435058,1,1,0.809351709654985,1,0.55719048397794
"100918",0.194332199573604,0.203033396993052,0.671828184511807,0.615355449043376,0.213962483621438,0.671411456544479,0.400607312948475
"100919",0.141813656483386,0.176875249470417,0.576676283195348,0.52562251396683,0.167360465193359,0.591996931526766,0.189118998609912
"100920",0.281230901923231,0.27438879776818,0.773974785265435,0.715579445707041,0.297236714729169,0.763541191097131,0.121876903003991
"100921",0.408627000583102,0.42209945670164,0.873072726339676,0.818956646291924,0.429528938866206,0.875328898246141,0.0877829734233739
"100923",0.174981313509074,0.10801626659648,0.694911678360923,0.6356547458964,0.17311347565445,0.644401774962955,0.197305112175036
"100924",0.171801540961759,0.100328389211724,0.699058776700415,0.63890820265735,0.168728840437265,0.644409548285744,0.171644485062123
"100925",0.162888783562528,0.0700527111397061,0.709891454553935,0.64718811012438,0.155947989533407,0.64405402910412,0.134057206905822
"100926",0.165317818975529,0.0793748731551756,0.701688034888536,0.641333969211372,0.159099112899938,0.637921652564267,0.0343416687183079
"100927",0.140530275344038,0.0722565927085485,0.67245929079026,0.612949825284512,0.138168264774471,0.614431326721846,0.0561353728759327
"100928",0.134426236852384,0.0424723608801678,0.704300533181507,0.63946110926713,0.127548213959305,0.63098087416192,0.137995745672145
"100929",0.216229825904404,0.0979591689041496,0.833239493299251,0.76137801588616,0.202729664530046,0.744410534677337,0.280333309833444
"100930",0.196326555504749,0.0714880043348033,0.810507481303811,0.739835557130264,0.18009945440925,0.720554068482258,0.17436903603223
"100931",0.30605049034586,0.176767911714559,0.916674518684661,0.8461202486906,0.289866745409026,0.828601709307388,0.267395834675416
"100932",0.346842075091471,0.218282369511223,0.951154730973225,0.882606428919575,0.330509967581708,0.865053435987468,0.261412561894231
"100933",0.394890572171357,0.301424670268358,0.958737063350685,0.893676019335495,0.388152181114005,0.894759224553049,0.341096871576956
"100934",0.387888698860135,0.283891784403285,0.929105921971838,0.862379042419463,0.378210833045895,0.866247613669571,0.240307614127301
"100935",0.36531093335387,0.27654385563336,0.886074223803437,0.817042531777242,0.354393475556511,0.821758560876192,0.239581523373339
"100936",0.296905384826513,0.243260421236849,0.803080319068919,0.74230879710586,0.303317925061427,0.757335429506893,0.305487275035245
"100937",0.35079263023026,0.260995607474404,0.900643754530797,0.830158876410023,0.339883999492004,0.841191720916288,0.382220764801538
"100938",0.717115543369925,0.579327640264375,1,1,0.691940681212819,1,0.668942134980361
"100939",0.433510720289784,0.261899871381227,1,1,0.405442385273527,1,0.394895231634861
"100940",0.516275777427493,0.498728654636791,1,0.954686432357947,0.529447647319309,0.997333841447092,0.354596296422133
"100941",0.25196005172209,0.255779523972421,0.721181685750105,0.665813499574914,0.269988888515058,0.717891979476443,0.398250462369935
"100942",0.223238974455406,0.19218230315915,0.735140870310773,0.673605828771749,0.232791085295579,0.709899831230038,0.344000192181696
"100943",0.239003059359519,0.253001030742402,0.699323580166243,0.645491758102526,0.259971911457,0.70225339878926,0.238995969815812
"100944",0.221842324928382,0.176764944794413,0.761781709656431,0.696430688190479,0.228157418406815,0.727595450941765,0.242784940440975
"100945",0.0311163543758451,0,0.516338418155151,0.463939337867295,0.0302645445523984,0.471005249077758,0
"100946",0.13102830741815,0.0600761239900728,0.649408505156031,0.59057407360565,0.128053366263517,0.596507199166589,0.128614306067405
"100947",0.190713988841877,0.110360300318172,0.728754305431619,0.666654259744314,0.185744394069144,0.669422145170284,0.241372481508734
"100948",0.185956076070203,0.073077151144468,0.754562256761843,0.688565468041693,0.174093064466526,0.677373052477317,0.183553327466871
"100949",0.202928991365111,0.126124557574545,0.759229422941822,0.695379698623022,0.195821045746735,0.694162633349275,0.237681555506078
"100950",0.214778798938081,0.112306900363578,0.794169738924549,0.727643161911068,0.202773261794005,0.716993048216487,0.222335476085112
"100951",0.281426410921598,0.165090153830617,0.88786112588896,0.817322793785022,0.265670178666878,0.800849298817459,0.321243371316774
"100952",0.336489581695493,0.214703552767971,0.95082190669293,0.879152274667799,0.319625810574293,0.861056368905225,0.357425323903032
"100953",0.355864992586388,0.231989861880447,0.960939207642929,0.89075062478074,0.340978008020921,0.87615574391135,0.329858876153985
"100954",0.480071239960858,0.359654884511711,1,1,0.465895249095504,0.999261144106998,0.429780303144089
"100955",0.562239382036077,0.428764861994113,1,1,0.543959217312864,1,0.361240665022415
"100956",0.679850150592673,0.543875374974882,1,1,0.660750904148387,1,0.512948574815584
"100957",0.578234567687529,0.462990801806217,1,1,0.565345466168984,1,0.461290255143384
"100958",0.449214256028393,0.366068953901758,0.985123456225731,0.919875558015436,0.445558956963409,0.927767833515087,0.409836704365836
"100959",0.387321061613876,0.280158531622143,0.954221564039884,0.876625296279621,0.371761244785504,0.879217291798865,0.45823566476158
"100960",0.679381431155868,0.564128794555745,1,1,0.661746150666765,1,0.736544639342387
"100961",0.316024852459165,0.180308090592443,0.938771960313095,0.860339185717824,0.29750423210662,0.84918664861568,0.17105067468163
"100962",0.433253166035624,0.385093954848912,0.954423770384152,0.891580507181763,0.438278880928346,0.918959191043357,0.205902252889196
"100963",0.397532367756191,0.382924391487619,0.8828977934026,0.82534246932265,0.410962256760188,0.868242758844906,0.424386718319543
"100964",0.339988538284294,0.272509910272196,0.89564995634567,0.828618503160304,0.340241944489206,0.848163816567218,0.430053049351977
"100965",0.230450099730659,0.246399844763634,0.680526685376867,0.627950186962975,0.251497741249458,0.684886663541687,0.249405399346156
"100966",0.0754447688953872,0.0781605233786233,0.553677992598167,0.497044517000757,0.0935869298028851,0.549323063524109,0.195192480995481
"100967",0.321077231348571,0.301956932419358,0.814727406214679,0.755461691592473,0.333610468734281,0.796600805245873,0.189466889332446
"100968",0.249358996228376,0.168033074527635,0.8119093580456,0.747641229188595,0.239836754817119,0.741761936828932,0.220527041991633
"100969",0.526887922354109,0.389766040718058,1,1,0.507636076618054,1,0.552169786760429
"100970",0.682274263788013,0.512890315170957,1,1,0.653448627999809,1,0.617959801154073
"100971",0.490604257560812,0.35351290459239,1,0.97324091281517,0.471386488482241,0.973883039518285,0.214493496599766
"100972",0.665399989815267,0.520363605117928,1,1,0.643512919785058,1,0.388240578292004
"100973",0.745879015184798,0.648461544621461,1,1,0.737493331883877,1,0.612194555464528
"100974",0.641592592473442,0.513890819037544,1,1,0.625080480115706,1,0.426464766726107
"100975",0.546874039580149,0.425236782685982,1,1,0.532501084380788,1,0.452500267832654
"100976",0.3588062267884,0.263298288804345,0.923595495042574,0.854815622585444,0.3519417512935,0.861668722869303,0.510327209378156
"100977",0.703570954773557,0.596876165722905,1,1,0.694753145038619,1,0.854306392567177
"100978",0.520006594542596,0.482465883819637,1,0.975263425642483,0.527804107659299,1,0.420205329179464
"100979",0.396841824245695,0.337583691343348,0.928896181657713,0.865118154555813,0.398769775880603,0.886916009261218,0.138250453064028
"100980",0.38057840495525,0.345277581626558,0.891036919377382,0.829869936885401,0.38893227231513,0.863485444215979,0.366974667692048
"100981",0.522449340074531,0.417303389745931,1,1,0.512512462204484,1,0.519563448136239
"100982",0.225768383931149,0.208370474067203,0.7122365176564,0.654609368847876,0.23879588076064,0.69620060118406,0.143665361478211
"100983",0.118246484677739,0.122960160429085,0.580353224717557,0.526024601645553,0.13673988996923,0.577767553011976,0.140676083762839
"100984",0.267037410031039,0.250690659637782,0.755355233933268,0.696833910739374,0.280285967951592,0.739147478845095,0.17733297187989
"100985",0.432332270436276,0.328300629377131,1,0.951967850164457,0.417661464179012,0.937817755388629,0.440119117217623
"100986",0.62730209396799,0.514144951542993,1,1,0.61281709845299,1,0.642487861963095
"100987",0.42320422449843,0.293763105330529,0.951706197061488,0.88803330719513,0.406114370718173,0.889946188545824,0.114654027340835
"100988",0.590336240979602,0.462584549645049,1,1,0.573396862225646,1,0.24113836947662
"100989",0.616635939597035,0.496901758534086,1,1,0.602082020514247,1,0.373655563553399
"100990",0.559223817989483,0.413930468032698,1,1,0.538706013512601,1,0.3057943748455
"100991",0.691825957239819,0.547908681323419,1,1,0.670884154603317,1,0.557988279198996
"100992",0.336037108802727,0.225697085592784,0.910904408227754,0.83312722829118,0.319007728610273,0.828344081519099,0.276009033048948
"100993",0.501668160612277,0.365665278108075,1,1,0.478345698245978,1,0.439322867248833
"100994",0.373455918860085,0.199619763876237,1,0.961017768704829,0.343185752162041,0.931636999307117,0.247657874745527
"100995",0.24403790882909,0.0610932584488114,0.917710771325,0.832010022473067,0.212009259460911,0.799160060972533,0.111233190855333
"100996",0.321802091793777,0.206703370875335,0.930064731027933,0.854064624644012,0.309306238161194,0.852889379174363,0.396226938060326
"100997",0.582259892215282,0.409347537644203,1,1,0.553110472382517,1,0.545714654044286
"100998",0.415714574074876,0.245249677028096,1,1,0.387963762084981,0.983804987511622,0.340818670702928
"100999",0.182754506925551,0.0900863629937739,0.757902734563543,0.686826581451341,0.176365863451029,0.694845483468624,0.178682121805751
"101000",0.213321672739716,0.147695916983826,0.761905145604317,0.694676382757002,0.214305223794397,0.715244848421983,0.211603749424554
"101001",0.0183790678583035,0.000366262892726454,0.515339234792559,0.456039971854363,0.0321262151208965,0.498314773138245,0.10949026700204
"101002",0.0809087782931736,0.0165975185458116,0.625418137575137,0.558794954702029,0.082657898053024,0.579743573804656,0.0575245260791117
"101003",0.198608235697982,0.112807923266221,0.738784940419151,0.678549022861979,0.186622352759794,0.674970979162724,0.0698490966574752
"101004",0.38988083396165,0.295281800823539,0.965351604762052,0.898495442926687,0.377325618023125,0.887946000603798,0.391546801422327
"101005",0.480134118550413,0.380131678987329,1,0.989186710162719,0.467455723515142,0.978567778800675,0.424715174867553
"101006",0.549504378727604,0.433256850564904,1,1,0.535811207423936,1,0.311758880196185
"101007",0.468875280573606,0.362181307374268,0.987588420988555,0.924885593974878,0.458069104540536,0.931353899537451,0.245385609329522
"101008",0.615613510715225,0.485763389717747,1,1,0.59837519505296,1,0.60239560709207
"101009",0.91804814398058,0.793521213311623,1,1,0.902443732269266,1,0.8886152543702
"101010",0.364441133638965,0.240025984921359,0.925377431699842,0.847497863496092,0.346365890072937,0.847701584710265,0.230230018735745
"101011",0.34255183937396,0.208427848156268,1,0.922800485766514,0.317964263804602,0.900065422801077,0.264636891490965
"101012",0.170758895655934,0.0123960440169493,0.809744601848016,0.727483463643753,0.144893492300648,0.702319674221497,0.0782033091245277
"101013",0,0,0.542399837487169,0.46351486767319,0,0.444060698936714,0.0745325771425394
"101014",0.130960839896169,0.00410186199653362,0.7671426124762,0.686208363201199,0.111945422920598,0.674575937577865,0.330218376620681
"101015",0.822361754950634,0.685349162130775,1,1,0.796631691856376,1,0.681910708742878
"101016",0.662487269339342,0.488936405157221,1,1,0.630193465344146,1,0.52591253546237
"101017",0.147386353178898,0.0585348715944602,0.726655639662839,0.654869506133512,0.14236611250393,0.665507171392134,0.203239596443825
"101018",0.221097488691996,0.176043364239715,0.745797526138475,0.682336016428674,0.227554714385663,0.712026949957364,0.238684322788546
"101019",0.0724620142531582,0.0466123496407294,0.581904772407224,0.520935348767916,0.084429497280185,0.560022746988323,0.167020757116061
"101020",0.0925804957278203,0.039676893457838,0.62616630467076,0.561189357804044,0.0978053163941558,0.587495633545939,0.156214177747545
"101021",0.244712339370015,0.201236334181201,0.765957788470798,0.702777860498923,0.251506404780739,0.733157770703686,0.0665998058530323
"101022",0.45209169496125,0.410930427439308,0.97467684336331,0.911376393431821,0.459009259029825,0.943176850997365,0.122339082827791
"101023",0.262526183137714,0.18880563678825,0.819083013462029,0.755127290034374,0.251285622398509,0.745844644109249,0.245714002712348
"101024",0.326623896594318,0.217336068371077,0.91087894281043,0.842864487367418,0.310642489644565,0.825484608769314,0.321237045714161
"101025",0.471536904644384,0.361016959976516,1,0.993962708022746,0.456007987374536,0.978499918553746,0.523649490965098
"101026",0.494674947653871,0.39474931980447,1,1,0.48168348127071,0.995977734531234,0.473446029157464
"101027",0.441776316985103,0.321370130838412,1,0.94605337034892,0.427107038372523,0.948159160376906,0.361023965146827
"101028",0.408628753986659,0.280091199973813,0.970979085451268,0.904107519591842,0.391670951646098,0.907309707479193,0.347785072141523
"101029",0.552986665986253,0.422585864076027,1,1,0.535739801703457,1,0.462722909331427
"101030",0.402398694139841,0.241895057621998,0.97308884177183,0.896806619591079,0.37969018644889,0.89316673571338,0.177111378532016
"101031",0.556779837855813,0.398515967456646,1,1,0.529462766039988,1,0.332386872593419
"101032",0.048519363815887,0,0.624621250537516,0.549248237771415,0.0317688390774701,0.543630690791688,0.205965243492469
"101033",0,0,0.278787531606009,0.209535994335623,0,0.206850891822577,0.0145577884893365
"101034",0.179112456678253,0.0566495101948636,0.799240387089603,0.72097291361851,0.163683357244157,0.715004123457207,0.274024405561943
"101035",0.430057971475414,0.327979011431713,1,0.943843780581331,0.421462590690139,0.948081471819361,0.142076764322457
"101036",0.792280069691188,0.638883342997621,1,1,0.760750478814322,1,0.430197399945897
"101037",0.357962505292626,0.263827344979108,0.945476485636575,0.872419650389209,0.351510341260203,0.880891195434643,0.293315795697268
"101038",0.232387992792747,0.109798669819729,0.848138069087193,0.770571014773894,0.218391138152862,0.766186370320338,0.128888056841573
"101039",0.282643093020937,0.253133237036534,0.795822217487273,0.734387725401977,0.293495015456931,0.77171765197988,0.329463070216165
"101040",0.0925018280628256,0.0533485713604287,0.602087943565874,0.540731667350523,0.10131778814176,0.572247417225745,0.13916683563434
"101041",0.269601337842391,0.24160981599399,0.766826008792051,0.707219829083009,0.280255586657278,0.743831371315931,0.129851541669611
"101042",0.395981763328305,0.362332527955784,0.908171344445258,0.846907195547846,0.404757859460351,0.8814141544009,0.0742792205673602
"101043",0.490065463710489,0.463486429575752,0.968201471936115,0.9117506519126,0.500379804641355,0.946724221842808,0
"101044",0.461142548816818,0.449995499502821,0.91080144452383,0.858363705575637,0.474801251652606,0.899629987791738,0
"101045",0.360030441337651,0.247801259038174,0.954169488995414,0.884412248308068,0.342368104485792,0.864445331476818,0.40239558598035
"101046",0.357861281121389,0.225389459112817,0.963427087376956,0.892198912286551,0.337656425854505,0.867733861304585,0.387855401149321
"101047",0.494695323948042,0.366200877921063,1,1,0.476045775743903,1,0.606444242107665
"101048",0.429747260605673,0.316628166736348,0.998684247052256,0.93385568827751,0.415123976031298,0.935474070619199,0.326705767577343
"101049",0.431136226488404,0.328503445974663,0.972453733144989,0.90831689461057,0.419501183715208,0.914683957085989,0.28336420893555
"101050",0.34930324974317,0.258984201359627,0.847297898003275,0.785381556831535,0.340108711701555,0.793099557952095,0.0976501784938589
"101051",0.421011492054536,0.255113219587809,1,0.944629006523148,0.39339445813773,0.940977708274798,0.252858387448172
"101052",0.688480777746326,0.528795214646695,1,1,0.665442962194311,1,0.405412275553736
"101053",0.530888147080802,0.400040819208183,1,1,0.508911732278218,1,0.397748173844846
"101054",0.396699109445007,0.256638930157004,1,0.933427838472757,0.376967569301445,0.917828083602196,0.0528883321772693
"101055",0.354011920794981,0.194032985198967,1,0.921257019011899,0.328669277385668,0.89893286874617,0.136879910464549
"101056",0.376132354497688,0.278050666706732,0.954842758329771,0.882733327822992,0.367926173364908,0.888084504758116,0.119415218732992
"101057",0.408925309653478,0.292460136299685,1,0.955634617119832,0.390662763514135,0.950599614372445,0.33094036621987
"101058",0.611728942533196,0.497000268030331,1,1,0.59437705100413,1,0.569657066977866
"101059",0.411534456672652,0.31036943538769,1,0.930044585295241,0.403216174928592,0.935229291550305,0.366472503840052
"101060",0.442983444770275,0.349873996302105,1,0.954765643034206,0.437050081035662,0.96354059087123,0.401729762790108
"101061",0.295183725953722,0.228375152460107,0.842036148168714,0.775434080054186,0.296160856701583,0.794857917718068,0.286106578845702
"101062",0.274241501538458,0.229246188903833,0.789245947688227,0.727071003865975,0.280529333161826,0.755781186117542,0.184505516293194
"101063",0.166757756768478,0.163231526549414,0.625027872532437,0.571267287049763,0.182929892952842,0.617633642612495,0.0350462244864692
"101064",0.474424507978908,0.435855897620858,0.973597927911382,0.914142448533745,0.481867859286833,0.944631913688145,0.0113544965273545
"101065",0.410704441825783,0.377747368798356,0.884908113594593,0.829018626261229,0.419131842521267,0.860206212934408,0
"101066",0.46809253220586,0.450737711605844,0.911522763869026,0.859819213863765,0.479972786467465,0.896626918372441,0
"101067",0.541734677764085,0.485377822023915,1,0.966905135981789,0.543222165997083,0.985878541884514,0
"101068",0.327669948892461,0.185122514973371,0.921908269207375,0.855659487532385,0.305161029516854,0.836667401172579,0.286299553207437
"101069",0.295442498656817,0.145869109003465,0.872480005576852,0.805734735095963,0.272320120980069,0.803923865645111,0.199691609048197
"101070",0.322435449602777,0.178335712352888,0.875183068981318,0.808765849088838,0.301177798186211,0.807498531165597,0.132682055500215
"101071",0.393719331773689,0.293449419984909,0.897436038770769,0.834803701340004,0.381930685538125,0.839964295808073,0.157957680297732
"101072",0.323692759639718,0.26220745129817,0.800793876622396,0.74207219298806,0.321396351190295,0.752165296052038,0.0666834000184423
"101073",0.524113044687799,0.377665836283253,1,1,0.502118794039036,1,0.563723400814963
"101074",0.39601141746264,0.243707742902372,0.967111445699329,0.895024079386513,0.372045103662594,0.895503056040512,0.315456166915256
"101075",0.516237578871792,0.397039976276642,1,1,0.495886811977987,1,0.329924871712919
"101076",0.53254105401314,0.367340556982331,1,1,0.50142203924216,1,0.254668879164783
"101077",0.279898481028859,0.0923731179442226,0.953630224928069,0.867191524169574,0.24646428914325,0.832011823592898,0
"101078",0.501397121947457,0.312444640467632,1,1,0.467293342924547,1,0.136184739937391
"101079",0.488483075518036,0.329672460201593,1,1,0.452294973046123,1,0.318400748813527
"101080",0.446486787376633,0.295877740079895,1,1,0.417990294668458,1,0.316770097872932
"101081",0.842514453523252,0.714115202718347,1,1,0.82104205897977,1,0.784315863570155
"101082",0.584983690785869,0.468378119115,1,1,0.572297384873431,1,0.539858599428276
"101083",0.313359129542581,0.220647351106847,0.872141537813082,0.803200725838289,0.30695540684808,0.809439008586139,0.166451308448473
"101084",0.318694416459662,0.235520058997123,0.873564948437135,0.805076797877751,0.314808084758204,0.81637219330613,0.209965559534766
"101085",0.261077470420783,0.17335775624441,0.820701590188478,0.751525135750026,0.25588579716726,0.760721549038733,0.0987910330103237
"101086",0.500510178013893,0.427237694583334,1,0.986198901100384,0.499374898782663,1,0.155396029018704
"101087",0.46199099110165,0.396545823004862,0.983150413826537,0.920083058457564,0.462227816192576,0.937830196460576,0
"101088",0.473265125221714,0.401474584107927,0.986985649215471,0.924458712355028,0.471289428058567,0.937869940497308,0
"101089",0.554583498192172,0.496684396189783,1,0.988724829606691,0.555690831842094,1,0.118915148941925
"101090",0.617468943473492,0.555996368075871,1,1,0.617228345774417,1,0.228107840268142
"101091",0.481979015331598,0.335743737226267,1,1,0.454358177312615,1,0.364221328705782
"101092",0.456887484022509,0.305186038660574,1,0.999527747958066,0.433620290726619,0.979739499262867,0.162039005349606
"101093",0.562009386144507,0.395546474734511,1,1,0.534789359772073,1,0.235915458648258
"101094",0.861977475388483,0.733020382609131,1,1,0.840404901608271,1,0.84092126177569
"101095",0.501187420367584,0.394232976614676,1,1,0.490796929939499,1,0.432080186850349
"101096",0.432054212435254,0.327184225243578,1,0.937099602948112,0.422080964847657,0.938655753747183,0.325461995479262
"101097",0.394212642326207,0.288416459341508,0.973095338372815,0.900593677791149,0.38400720556407,0.901757238430776,0.222478031595257
"101098",0.512417849023803,0.421896883432508,1,1,0.506334895465476,1,0.294942593915487
"101099",0.529432485970284,0.450044479853438,1,1,0.525702764072269,1,0.139715131425294
"101100",0.477914293981654,0.384817812804382,1,0.952183397294109,0.470155769944693,0.956563427487585,0.0773134968695635
"101101",0.460333973842376,0.38483918498394,0.977385120069358,0.913529795115627,0.456922406835824,0.92533722128275,0.165258650045959
"101102",0.444683992553153,0.373297247995419,0.951176664921819,0.888385429108299,0.441619746690956,0.901659377580567,0.217634713830562
"101103",0.695143818319409,0.555666184676496,1,1,0.67520649403805,1,0.396245007365511
"101104",0.493764491984679,0.353490744014271,1,1,0.474230483585851,1,0.361906523329567
"101105",0.420078039799174,0.3190058795611,0.987604647869409,0.916615067722324,0.411352676197499,0.91930535397264,0.343503206693239
"101106",0.581746901227256,0.498128540282626,1,1,0.577315675733551,1,0.542925440093198
"101107",0.536321211177979,0.444316266712765,1,1,0.529676349844376,1,0.426875597940176
"101108",0.510814129056695,0.402262488865137,1,1,0.499671353104749,1,0.337192177811989
"101109",0.544021725562983,0.438602976060739,1,1,0.533272290987299,1,0.280637617681487
"101110",0.527165290715956,0.438521372449778,1,1,0.52050560611137,1,0.226470975532288
"101111",0.433977260220051,0.351403933642333,0.959606766161362,0.89438422845305,0.428727914778975,0.90307550217839,0.206177647052611
"101112",0.58019512155543,0.496962785536842,1,1,0.57538948931414,1,0.317398771775695
"101113",0.486409819391463,0.380186571618088,1,0.98424360211799,0.475999255980457,0.984299940442199,0.385265128934066
"101114",0.347861453699504,0.228887504536261,0.929424140409768,0.85601279569558,0.33433326612479,0.850210714171511,0.24574283206977
"101115",0.573355582834767,0.465732127723631,1,1,0.562243141741563,1,0.447151210317907
"101116",0.6942113681236,0.591069329680408,1,1,0.684304681187519,1,0.604362622729079
"101117",0.502177880200843,0.415004293224822,1,0.983445448737446,0.496425279903624,0.992068479497027,0.347997720485108
"101118",0.504497589821908,0.401720802669866,1,0.998155682887827,0.494370086342075,0.999617617760217,0.318906858197356
"101119",0.482319580418317,0.368025656268577,1,0.980778316905108,0.468787597317494,0.976440722592587,0.258865017670898
"101120",0.42954659537105,0.328061409228439,0.977335751685949,0.908623897390521,0.419270268243924,0.909020317920398,0.214703296961608
"101121",0.601598177861926,0.514264723705865,1,1,0.595753787729288,1,0.491309356078534
"101122",0.495187248736971,0.34943185014853,1,1,0.473548418536383,1,0.354379635380662
"101123",0.515903376052484,0.385564226540839,1,1,0.498336245799753,1,0.31037765131518
"101124",0.669743726694586,0.534388838784589,1,1,0.650633997857522,1,0.493620458051934
"101125",0.676701091030638,0.594013735129024,1,1,0.672024116312976,1,0.613642725992695
"101126",0.525057749266509,0.44689171305789,1,0.992479645137022,0.521436935576346,1,0.392117338896024
"101127",0.47104604507724,0.35904214220112,1,0.96738673120166,0.45817948046919,0.964064951165846,0.292030429786067
"101128",0.558117003655076,0.442081186026034,1,1,0.544075240258263,1,0.317325960142709
"101129",0.538995463885391,0.428159592254197,1,1,0.526465156691585,1,0.305309001652309
"101130",0.509486887430127,0.392763300683969,1,1,0.4954351221605,1,0.293946071426826
"101131",0.563510355388747,0.43567632171438,1,1,0.546301598660409,1,0.337056353315028
"101132",0.603496394555522,0.538085184569518,1,1,0.603202770027107,1,0.488722670265403
"101133",0.576831388363175,0.558980445717054,1,0.967442880721096,0.591999826388255,1,0.481505393221771
"101134",0.438569678901541,0.417326836414751,0.894040686208028,0.839827041582483,0.449459543101758,0.875966869076316,0.250755101346503
"101135",0.491463487761737,0.372083762183139,1,0.978010473433368,0.476306345840902,0.969119187696232,0.16403859973681
"101136",0.468994058475383,0.333697996834253,1,0.975606070303231,0.449506620446502,0.960513422471922,0.180893626928553
"101137",0.531968688144474,0.41378335783275,1,1,0.517325625733156,1,0.328296012766068
"101138",0.540701642618674,0.47057973208647,1,0.996519893366439,0.539138519303656,1,0.398099844287515
"101139",0.506949477752187,0.47961053335177,0.958287755321784,0.90476357979116,0.520359369178095,0.945835938413153,0.356278581535041
"101140",0.526226284686599,0.47725302561513,1,0.966142701957191,0.530411998680462,0.991211332358384,0.383962856129335
"101141",0.44567086219156,0.307586946151274,1,0.941986289792644,0.425158224333356,0.923867096666008,0.0650601881334244
"101142",0.350425911849986,0.236154988169133,0.876788503659481,0.812295816292734,0.336574286476487,0.802896099728924,0
"101143",0.528736750039595,0.445080300001396,1,0.98776712733187,0.523254087893443,0.995593201268417,0.290286089482537
"101144",0.548657435816637,0.479865639576675,1,1,0.547373997725092,1,0.381123409435509
"101145",0.478177374417546,0.387264262588347,1,0.959962538981251,0.471436734116233,0.966537156268354,0.29161477686281
"101146",0.491823979132232,0.421101975681441,1,0.965523530107441,0.490987134226995,0.982398456252509,0.316798233329968
"101147",0.498345490190426,0.336508053110771,1,1,0.470990254541829,0.997854112167137,0.188322605622054
"101148",0.446148210021509,0.297732003934477,1,0.956081006783367,0.422674303700495,0.934125062230636,0.106962905938635
"101149",0.520150901611817,0.438590693438796,1,0.974358100069634,0.515136975771008,0.982757017093308,0.272552619276828
"101150",0.523152134561651,0.484282148228797,0.971884322947031,0.918593360527879,0.535191257370814,0.956900014388144,0.346012253452824
"101151",0.480505643518632,0.428886603606062,0.969388395652803,0.910527665393711,0.487269991841417,0.939892298869938,0.303093533201944
"101152",0.494043626707289,0.417078517207779,1,0.973680487964762,0.491583215567708,0.987742729193942,0.297003330837353
"101153",0.483787015432109,0.363488520269798,1,0.966684371285762,0.468076360236954,0.956916009414161,0.166127547312715
"101154",0.389601664858543,0.269766669286262,0.930750201061509,0.863589165472041,0.374153233710405,0.852750024615168,0
"101155",0.474826231984885,0.43320396695584,0.909243597730807,0.858095982819982,0.487921230145628,0.897681412155499,0.23657649106483
"101156",0.460483805385812,0.384823938193018,0.981579942391667,0.917642065725135,0.45749088799437,0.929682955905652,0.220059314738679
"101157",0.460120432283954,0.382825790235359,0.981570166027657,0.917729423970927,0.456745808793563,0.928849471561623,0.19069020741494
"101158",0.533692747531759,0.417921704730015,1,1,0.51921153066403,1,0.265934060584749
