"","Andrena_carlini","Andrena_miserabilis","Osmia_atriventris","Osmia_bucephala","Osmia_lignaria","Osmia_pumila","Andrena_violae"
"100001",0,0,0.154008565541706,0.138325818052206,0,0.233370450228493,0.184367130478439
"100002",0,0,0.134023331191393,0.111202992306666,0,0.173401381404698,0.0506439119942315
"100003",0,0.0302647713589533,0.130667427633617,0.11747916679885,0,0.226883501798697,0.154536333951702
"100004",0,0,0.115870832663589,0.0942676108517277,0,0.16376098881263,0
"100005",0,0,0.113762628658708,0.0939643583548874,0,0.166472612279187,0
"100006",0,0.101469981390974,0.196778218339058,0.188194390603661,0.0278236943999884,0.306893302414542,0.232135069723715
"100007",0,0.0161685868511144,0.0589906020766005,0.0459640464207836,0,0.167135864266195,0.0489069726746846
"100008",0,0,0,0,0,0,0
"100009",0,0,0.0105504160823418,0.00481750149143712,0,0.0971067981694949,0
"100010",0,0.0478620345677183,0.222743151536969,0.199970833650291,0.0045701715155807,0.299806580436802,0.192850391404651
"100011",0,0.0568831589849697,0.186638799229236,0.167725335307148,0,0.276741610135537,0.164510962758886
"100012",0,0,0.0912853656531856,0.069180818194388,0,0.146931483544435,0
"100013",0,0,0,0,0,0.00830923614706869,0
"100014",0,0,0,0,0,0.035993837835834,0
"100015",0,0,0.129091399152961,0.104339799082211,0,0.208186399772255,0.0728082137767013
"100016",0,0,0.183407720777431,0.156979162599698,0,0.244316454129122,0.099255163573046
"100017",0,0,0.149023119890151,0.125517070999913,0,0.2106407494051,0.0643516907196729
"100018",0,0,0.0885358667041797,0.0623236506484548,0,0.131321426516279,0
"100019",0,0,0.0899025133871001,0.0603966170752116,0,0.123177220040727,0
"100020",0,0,0.0742463381330386,0.0487487308626877,0,0.121041990076916,0
"100021",0,0,0.0993878907725801,0.0731909557383997,0,0.166504987451462,0.0156225685188266
"100022",0,0,0.141845790517033,0.114557636800861,0,0.19645665148274,0.0544297107755457
"100023",0,0,0.0860172546617826,0.0626017980903089,0,0.149023542454326,0.0059889706206282
"100024",0,0,0,0,0,0,0
"100025",0,0,0,0,0,0.0270078780631424,0
"100026",0,0,0.162263987565838,0.14101390628964,0,0.215043220926717,0
"100027",0,0,0.236445651677295,0.206214816746113,0,0.285405807543128,0.110875037148057
"100028",0,0,0.162537560889273,0.131857738961327,0,0.207214808639596,0.0264672028005523
"100029",0,0,0.0319031062941688,0.004516918601144,0,0.0845532746807006,0
"100030",0,0,0,0,0,0.0441043514221338,0
"100031",0,0,0,0,0,0.017140241021237,0
"100032",0,0,0.00202997655558534,0,0,0.059201800234982,0
"100033",0,0,0.0624334925130789,0.0402597655094603,0,0.122553733402114,0
"100034",0,0,0.259365037712022,0.227452235616619,0,0.295446140875423,0.10180306555776
"100035",0,0,0.20990101559846,0.179429392366097,0,0.261953107601334,0.0931850142486729
"100036",0,0,0.0145154794398697,0,0,0.0878944316792983,0.014072453001619
"100037",0,0,0.0233543428110399,0.00151580463214585,0,0.110204463348218,0.0380205080228005
"100038",0,0,0.0960259306462037,0.0744264236741188,0,0.176903706450823,0.0093145540943177
"100039",0,0,0.106027013625835,0.0851578832715638,0,0.17744421418089,0
"100040",0,0,0.0743158083088955,0.0423152174098371,0,0.112996678718789,0
"100041",0,0,0.143503125299395,0.115557079712765,0,0.203280163593397,0
"100042",0,0,0.103436795808379,0.0788804466806692,0,0.173790125531058,0
"100043",0,0,0.209583594356716,0.182403558447455,0,0.263300406711996,0.0174277106926713
"100044",0,0.0701942090108076,0.2368103439195,0.214571339366974,0,0.31826998238655,0.0883238701440329
"100045",0,0.00147504762696438,0.145418028508887,0.124508329526993,0,0.224845760882935,0.0427099258082477
"100046",0,0,0.216459870538355,0.185838993173104,0,0.25624345223968,0.00396799791625113
"100047",0,0.024058217118381,0.191885328203821,0.166961043491499,0,0.267004436144779,0
"100048",0,0,0.102081455663246,0.083583592671538,0,0.184904470364667,0
"100049",0,0,0.162802034362604,0.136461963887239,0,0.214993792081306,0
"100050",0,0.0043596676530554,0.160075147724607,0.137734892256606,0,0.231327678018899,0
"100051",0,0,0.0907961343096773,0.0685739771748429,0,0.158276722160771,0
"100052",0,0.110871514410672,0.312575741814832,0.296677635521449,0.0197881136409993,0.379627290049322,0
"100053",0.168595768639618,0.30414259136159,0.50909781948527,0.494166856625296,0.216345219456214,0.574595742021042,0
"100054",0,0.0238503355221811,0.176643307501902,0.167217442414787,0,0.265009884485774,0
"100055",0,0,0.133691736479836,0.110959378039653,0,0.218003747027905,0
"100056",0,0,0.0632573311385211,0.0537085674581308,0,0.181414267638935,0
"100057",0,0,0.089349359354274,0.0721837724708141,0,0.152925559153848,0
"100058",0,0.116314406730286,0.274194057443874,0.261250550149232,0.0223505509047417,0.366854911109015,0
"100059",0,0.116988750984454,0.321026500928945,0.306232275598138,0.0309554195698023,0.394668700949338,0
"100060",0,0,0.119445107997444,0.11190176715627,0,0.227998642019725,0
"100061",0,0,0.0898037706211188,0.0788371066675042,0,0.19826060278352,0
"100062",0,0,0.0135196512361235,0.00584432269803126,0,0.13498879543223,0
"100063",0,0,0.110566463295664,0.0963342641515802,0,0.219330357460998,0
"100064",0,0.0424315599381033,0.182094707735656,0.169254313346426,0,0.289581911423259,0
"100065",0,0.0416149688470352,0.155906668056795,0.144544045078289,0,0.268092155486236,0
"100066",0,0.00212477657720811,0.0910175880911139,0.0816522468126776,0,0.200982095217532,0
"100067",0,0,0.0776756483135613,0.0680758080018236,0,0.192107548991036,0
"100068",0,0,0,0,0,0.110663131477673,0
"100069",0,0.020855399972206,0.212650136729392,0.199077254675111,0,0.312125220986559,0
"100070",0,0.0165863790373978,0.258123314135566,0.236839709138773,0,0.339041460140834,0
"100071",0,0.0546308165056821,0.189439042405256,0.176326255025445,0,0.299911855849212,0
"100072",0,0,0.084410467910412,0.0747280853011969,0,0.184048770349766,0
"100073",0,0,0.0508438299971941,0.0398019935715243,0,0.153329509100471,0
"100074",0,0,0.0448698758394213,0.0334070647793371,0,0.156618876316925,0
"100075",0.0758430656418564,0.173015578104951,0.454342462046068,0.424935310538353,0.121519475156205,0.501285145441927,0.0462985418076518
"100076",0,0.0158213191583805,0.3480654328559,0.31873284980607,0.00692969883394789,0.392215384960489,0
"100077",0,0.0655468692606088,0.285685956576207,0.266483759169685,0,0.372386484458992,0.0177160951926459
"100078",0,0,0.24447290429612,0.220042364334481,0,0.31031677581985,0
"100079",0,0,0.16522096110207,0.150693549198533,0,0.274998085675145,0.0509574995362952
"100080",0,0,0.107119110861566,0.0934963989065231,0,0.21498155570102,0
"100081",0,0,0.0669941731898971,0.0562733669524149,0,0.162075007972729,0
"100082",0,0,0.0892039446251635,0.0756288393912187,0,0.190088357392574,0
"100083",0.0117260157333152,0.139408989699212,0.340381017398465,0.319645819729139,0.0520577388478088,0.416525028023302,0
"100084",0.102359492627337,0.231800332603774,0.476877963050588,0.450768426038299,0.147870808955775,0.538350225921003,0.00321795796883884
"100085",0.128984741576907,0.226299114768737,0.540074283980529,0.508413455694997,0.171396552870235,0.580477504587452,0.0826043318005674
"100086",0.108074364361181,0.209883378539534,0.504216349814932,0.474921686592275,0.150745368867143,0.55309435022066,0.0701517762530168
"100087",0,0.0603143333764431,0.343637487225504,0.317807744021311,0.0075149629677439,0.403328274656632,0
"100088",0,0.00707168007114167,0.263930564112941,0.239702968466427,0,0.330703180093214,0
"100089",0,0,0.235616545574573,0.213188797566947,0,0.310912559178941,0
"100090",0,0,0.23330922821148,0.211851697736155,0,0.311647654109094,0
"100091",0,0,0.220110223468705,0.197409024524147,0,0.293406062058377,0
"100092",0,0,0.0943713797991023,0.0803311938421905,0,0.205002858836253,0
"100093",0,0,0.116379005524156,0.101580794595025,0,0.222060585185762,0
"100094",0,0,0.0190561730039585,0.00324453088915344,0,0.125531456588156,0
"100095",0,0,0,0,0,0.101278757347533,0
"100096",0.098838446786116,0.166157335403891,0.458271549676921,0.43126126381466,0.143404013128011,0.503962288654242,0.0875467525459271
"100097",0.127100394672892,0.182566640837253,0.514516131214593,0.483392766158753,0.168660901713152,0.544719281717418,0.141347171823215
"100098",0.0697821662958107,0.161307792811069,0.420354315370978,0.39525583020181,0.114179039503385,0.478287236792386,0.096518626088262
"100099",0.0538546413846579,0.18306667840593,0.380678078850968,0.360241459070888,0.0963561476257424,0.460398108939762,0.0304101931481144
"100100",0.118391927269861,0.241595302791888,0.453328000513306,0.432087115094404,0.159559675619026,0.531490228926056,0.0731319419364006
"100101",0.163448077370636,0.274124538971203,0.536652011325094,0.511014264862411,0.201089678206763,0.601567316247703,0.105365856132826
"100102",0.121515569826469,0.210222448098985,0.513919402375024,0.485783353985452,0.156460877253044,0.569847472377588,0.0327116514593038
"100103",0.0344753858277235,0.108258850395499,0.422145862031168,0.394473122591935,0.0693287159396093,0.478156103328991,0
"100104",0.000262317385022914,0.0785515838611131,0.385983576236536,0.358891465752823,0.0367565477765004,0.446345472394963,0
"100105",0,0.0909048785091783,0.361974530025978,0.337567707023163,0.0367137525796836,0.432487060899063,0
"100106",0,0,0.196663031965581,0.177477971221512,0,0.287827256308206,0
"100107",0,0,0.240042362425056,0.219298892294058,0,0.324336953220403,0
"100108",0,0,0.186343397668932,0.167237158838717,0,0.276451566162268,0
"100109",0,0,0.0846144182363149,0.0688321382548878,0,0.18862407790994,0
"100110",0,0,0.119793762329505,0.102621976903909,0,0.217443518096551,0
"100111",0,0,0,0,0,0.0424048747741073,0
"100112",0.125064025993654,0.204184162005133,0.473508137074266,0.449133908843333,0.169726761974333,0.532116030364479,0.0732125922565041
"100113",0.151877299531859,0.218257170388798,0.491315636463777,0.467401981094983,0.197235488945378,0.550486233074159,0.128374454668045
"100114",0.12356221899086,0.205798027007365,0.454236504413627,0.431993963623873,0.168752014969477,0.520586322244617,0.131362407867795
"100115",0.0768541030505259,0.174920899086914,0.430109323444629,0.406013463703303,0.120856549411331,0.493186301349706,0.113109756416447
"100116",0.0734764461317501,0.16675767421402,0.468060463631149,0.438692858794707,0.104494810873284,0.513466083690072,0.103397591901672
"100117",0.154795959148664,0.252351762647462,0.522793728460623,0.497492175413074,0.191658871553673,0.585947503238322,0.167857365070858
"100118",0.11403375772711,0.222663674922259,0.456134674449664,0.43463505989554,0.156421084590864,0.53701218255997,0.0654915513336429
"100119",0.018695027983039,0.112487518533752,0.38365698953412,0.35926446010729,0.058217448777387,0.454332079043492,0
"100120",0,0,0.302790887319016,0.275985325050365,0,0.362332820009753,0
"100121",0,0,0.220397246889916,0.197606277443805,0,0.295986196358474,0
"100122",0,0,0.244433114855861,0.216494312168538,0,0.301597755006648,0
"100123",0,0,0.251580970027633,0.224712138180228,0,0.314586020472743,0
"100124",0,0.011307772402171,0.273042632959937,0.251281922362765,0,0.356624070612611,0.014027749921896
"100125",0,0,0.168136808544559,0.150326371985263,0,0.266370901064573,0
"100126",0,0,0.122838026524875,0.103243651515079,0,0.212501696688847,0
"100127",0,0,0.116224434961172,0.0989128280077914,0,0.218928269639522,0
"100128",0,0,0.176071878988122,0.154579449726221,0,0.259090904168221,0.00714307699868921
"100129",0,0.0212327581984078,0.221136196817625,0.201991535130168,0,0.31334045979746,0
"100130",0,0,0.230367325381347,0.202555077818002,0,0.287244924433603,0
"100131",0,0,0.195838994035328,0.171350963180105,0,0.265940061234611,0
"100132",0,0,0.160819818373795,0.138002060441712,0,0.24034054799427,0
"100133",0,0,0.185974287526086,0.160432979337102,0,0.255812099079509,0
"100134",0,0,0.200607010859768,0.177135130733988,0,0.278980430137866,0
"100135",0,0,0.165263692102951,0.141318383150191,0,0.237802818898526,0
"100136",0,0,0.185900299911146,0.162919191370897,0,0.266379274557547,0
"100137",0,0,0.269580748557448,0.242061821363225,0,0.329016407014548,0
"100138",0,0,0.32473808387666,0.292027167769335,0,0.364378599598658,0.0318586745643904
"100139",0,0,0.205500137283292,0.177766135747511,0,0.267169897969853,0
"100140",0,0,0.232115060538108,0.199102382254653,0,0.267793551493573,0
"100141",0,0,0.216441063762369,0.189237712574434,0,0.27571270463941,0
"100142",0,0,0.160555560226235,0.139760263993806,0,0.247955073988843,0
"100143",0,0,0.206266699404257,0.176756481657998,0,0.259401863285494,0
"100144",0,0,0.147676664859813,0.119698711810018,0,0.205705456605624,0
"100145",0,0,0.110522528788786,0.0867496706904539,0,0.181515287132967,0
"100146",0,0,0.170810180088329,0.146115054157874,0,0.239027079273474,0
"100147",0,0,0.287291119256448,0.254823472878141,0,0.325676463983832,0
"100148",0,0,0.213928884531464,0.183764214334987,0,0.26274145661104,0
"100149",0,0,0.0666962936862695,0.0410124815295814,0,0.133920671298897,0
"100150",0,0,0.199814951339618,0.168597086264228,0,0.24495148816773,0
"100151",0,0,0.233458564970074,0.200943528194344,0,0.272020390776186,0
"100152",0,0,0.200124103769948,0.172953729798567,0,0.259500313085604,0
"100153",0,0,0.208589814513882,0.181113679928828,0,0.269027272752503,0
"100154",0,0,0.203058686202583,0.172225800421294,0,0.249095217526358,0
"100155",0,0,0.0888848071963232,0.0598451098309912,0,0.140761299546508,0
"100156",0,0,0.0985186740319931,0.0700173613194632,0,0.1503329911585,0
"100157",0,0,0.139733614897964,0.110619396864422,0,0.188571608718602,0
"100158",0,0,0.150417730662965,0.120331607311615,0,0.196169806457486,0
"100159",0,0,0.0680115700468072,0.0421999971977112,0,0.134872608174911,0
"100160",0,0,0.130587919086787,0.100086936229283,0,0.178662302674746,0
"100161",0,0,0.234753785782141,0.208286958540862,0,0.297393875422381,0
"100162",0,0,0.234940999697881,0.206705888364136,0,0.29180623610834,0
"100163",0,0,0.225964860498189,0.19684710185649,0,0.279475759109552,0
"100164",0,0,0.193309139165344,0.163682457559811,0,0.242798811033712,0
"100165",0,0,0.166598909191478,0.134446579224435,0,0.205527934505937,0
"100166",0,0,0.103702408688103,0.0694531460105831,0,0.134367252533221,0
"100167",0,0,0.126542441626651,0.0910494370944427,0,0.15165168987142,0
"100168",0,0,0.143291200486084,0.110369941176049,0,0.178131987760339,0
"100169",0,0,0.0746996503768377,0.0485814466026065,0,0.137305538335885,0
"100170",0,0,0.0962514903380183,0.0706539022916602,0,0.164479033244737,0
"100171",0,0,0.243436351677988,0.209603667361988,0,0.2850167438567,0
"100172",0,0,0.0817101605263428,0.0472316307615247,0,0.113208672146989,0
"100173",0,0,0.200456998476687,0.174753396436561,0,0.264838984907402,0
"100174",0,0,0.210693069608935,0.185929208499984,0,0.280630196102958,0
"100175",0,0,0.253649689530238,0.220732146921997,0,0.292093885294709,0
"100176",0,0,0.252807531682594,0.21583263021747,0,0.274650195022684,0
"100177",0,0,0.204997663254373,0.166694889483089,0,0.221593274740275,0
"100178",0,0,0.0636159995498978,0.0299141741680511,0,0.098671353519496,0
"100179",0,0,0.0798240046885461,0.0475785997013941,0,0.118763836331455,0
"100180",0,0,0.0547761683492312,0.025903642581888,0,0.106814940093225,0
"100181",0,0,0.050536302852657,0.022345535809571,0,0.1056830975181,0
"100182",0,0,0.117670302182735,0.0884212565362097,0,0.170262357713187,0
"100183",0,0,0.14009710075582,0.110084047128168,0,0.194731642848911,0
"100184",0,0,0.0888238089244523,0.0626067978318098,0,0.15347623873991,0
"100185",0,0,0.104732497618173,0.082901335607534,0,0.18647683761461,0
"100186",0,0,0.180403094588605,0.152667946663996,0,0.237977481522229,0
"100187",0,0,0.248254552111166,0.210160103140483,0,0.268253950099101,0
"100188",0,0,0.249158205386644,0.211824555313063,0,0.272174849236695,0
"100189",0,0,0.190271292256839,0.155553817875313,0,0.225100201151357,0
"100190",0,0,0.170437125589346,0.132463286552378,0,0.187988866290325,0
"100191",0,0,0.124816882893052,0.0898787070364113,0,0.153511487619875,0
"100192",0,0,0.0273288506321403,0,0,0.0818822864951665,0
"100193",0,0,0,0,0,0.0536950058384051,0
"100194",0,0,0.0699496250206063,0.0388285677631492,0,0.115469148464312,0
"100195",0,0,0.076759985948626,0.0486812833374904,0,0.134137252683017,0
"100196",0,0,0.108326109225089,0.0800027603686099,0,0.167598658795767,0
"100197",0,0,0.0361999073447652,0.0130237924810941,0,0.109362721768831,0
"100198",0,0,0,0,0,0.0494881744663277,0
"100199",0,0,0.156129665535728,0.127736334539793,0,0.206762156674581,0
"100200",0,0,0.162866264486323,0.132420654893733,0,0.207191847153108,0
"100201",0,0,0.0887436650782717,0.0625319598485208,0,0.153493549881889,0
"100202",0,0,0.158027558994035,0.126120493399156,0,0.199729566322202,0
"100203",0,0,0.141714321874966,0.108708062864984,0,0.17861834396865,0
"100204",0,0,0.161602527337045,0.125908735704132,0,0.185117231221357,0
"100205",0,0,0.141010751010681,0.106620139482511,0,0.169325270632694,0
"100206",0,0,0.0599821191148515,0.0295643678135253,0,0.104633447301942,0
"100207",0,0,0,0,0,0.0290352783755308,0
"100208",0,0,0,0,0,0.0335724938487661,0
"100209",0,0,0.0134015544930165,0,0,0.075785287596366,0
"100210",0,0,0.0395432660798443,0.0135286060492691,0,0.101661466835383,0
"100211",0,0,0.0378522503002219,0.0127067718017727,0,0.103806709071814,0
"100212",0,0,0,0,0,0.0658308670243477,0
"100213",0,0,0,0,0,0,0
"100214",0,0,0.213393339976195,0.182228818306026,0,0.251436497713189,0
"100215",0,0,0.192561683416085,0.159024122983258,0,0.221954380676633,0
"100216",0,0,0.149563445331858,0.116790717334202,0,0.170247762322115,0
"100217",0,0,0.151188120210261,0.119330853742782,0,0.177422284689532,0
"100218",0,0,0.171766947830662,0.138657774753492,0,0.194416963318777,0
"100219",0,0,0.20592331980309,0.169852483469941,0,0.216288076552707,0
"100220",0,0,0.156129741182982,0.12198184313939,0,0.171012924254934,0
"100221",0,0,0.0957197200328588,0.0635774010954905,0,0.117582550356613,0
"100222",0,0,0.00896198678337456,0,0,0.0447963949218324,0
"100223",0,0,0.0133095999166336,0,0,0.0553238911155156,0
"100224",0,0,0.077620701092838,0.0492460275613192,0,0.119304719363664,0
"100225",0,0,0.040800218801497,0.0143558433460995,0,0.0877717946009955,0
"100226",0,0,0,0,0,0.0336523207743177,0
"100227",0,0,0,0,0,0.0288672401460263,0
"100228",0,0,0,0,0,0.051551937402374,0
"100229",0,0,0,0,0,0.0467798857435988,0
"100230",0,0,0.241869591357584,0.210827250466758,0,0.268197022988415,0
"100231",0,0,0.265237742927979,0.228750572862729,0,0.273113009506009,0
"100232",0,0,0.279693988716174,0.236709052953147,0,0.266851191916183,0
"100233",0,0,0.245057330305042,0.2052012748629,0,0.243693566654713,0
"100234",0,0,0.218436200815397,0.181464376676131,0,0.228075849231895,0
"100235",0,0,0.163308805842848,0.128786627398169,0,0.178776121975188,0
"100236",0,0,0.156897781715916,0.124988947534255,0,0.179567198753327,0
"100237",0,0,0.159554692596094,0.12607929008235,0,0.17657351479797,0
"100238",0,0,0.0626246365053538,0.0319426866547846,0,0.0940201907991604,0
"100239",0,0,0,0,0,0.0029644957695355,0
"100240",0,0,0.0401616711487469,0.0144738714957253,0,0.0918604183205841,0
"100241",0,0,0.078691856644997,0.0506129643056711,0,0.133319041984174,0
"100242",0,0,0.0640288084455256,0.0346495058213914,0,0.115590850400858,0
"100243",0,0,0.045157752009431,0.0150379038733809,0,0.0917017129157551,0
"100244",0,0,0.0318866426398781,0.00358091423934748,0,0.0842022878445586,0
"100245",0,0,0.00801106930851403,0,0,0.063295420272335,0
"100246",0,0,0,0,0,0,0
"100247",0,0,0.267777168394231,0.227077491048587,0,0.255180906322783,0
"100248",0,0,0.205879129696225,0.177934402219013,0,0.241996543917238,0
"100249",0,0,0.354519920886698,0.314392041222217,0,0.353566240856247,0.288136331335663
"100250",0,0,0.428896424736051,0.378779168055206,0,0.399682175784626,0.2006402921377
"100251",0,0,0.293367926292732,0.253714476010194,0,0.293275228229406,0
"100252",0,0,0.211193310364229,0.176120955360114,0,0.228947129188178,0
"100253",0,0,0.190549662155811,0.155850664991444,0,0.207336045951801,0
"100254",0,0,0.21862754740075,0.180611315196653,0,0.222268105113357,0
"100255",0,0,0.11848166903028,0.0866075550706217,0,0.1421845059119,0
"100256",0,0,0.0850136602518432,0.0632181508646297,0,0.146167960575205,0
"100257",0,0,0.0374249751009478,0.0130047649041678,0,0.0877341369104202,0
"100258",0,0,0.0709606475220586,0.0435984874727572,0,0.125320499040749,0
"100259",0,0,0.0570137791996558,0.0309925772507677,0,0.122295911878435,0
"100260",0,0,0.0340887704763092,0.00798689281186515,0,0.101513405075399,0
"100261",0,0,0.0484204339412717,0.0222758864933406,0,0.0960109417506527,0
"100262",0,0,0.0553320646784227,0.0299879585552673,0,0.102801741874322,0
"100263",0,0,0.0174187764678913,0,0,0.0663858876552911,0
"100264",0,0,0,0,0,0.0291548912653165,0
"100265",0,0,0,0,0,0,0
"100266",0,0,0.144763603896734,0.116324338928873,0,0.17519379268404,0
"100267",0,0,0.153869400573437,0.125148371576482,0,0.184094130105365,0
"100268",0,0,0.334622533906225,0.294210543719315,0,0.330531923593114,0.269791967310817
"100269",0,0,0.434111027187074,0.383979420891134,0,0.396041121287282,0.0941607179062726
"100270",0,0,0.292780420206334,0.25521500605248,0,0.297722336394976,0
"100271",0,0,0.198377750448396,0.166086644391248,0,0.222904714733081,0
"100272",0,0,0.302091399124782,0.260682938968905,0,0.296014265552284,0
"100273",0,0,0.385617319010676,0.338742404163416,0,0.348955877526009,0
"100274",0,0,0.193598615221962,0.156898312270202,0,0.202220398671256,0
"100275",0,0,0.0890269421441628,0.0627717847829354,0,0.134042809340097,0
"100276",0,0,0.0502599468897879,0.0266271378545716,0,0.104841840360652,0
"100277",0,0,0.0572844236374264,0.0302941666058971,0,0.109807536040899,0
"100278",0,0,0.0044004757267434,0,0,0.0694251663657148,0
"100279",0,0,0.000904220354288499,0,0,0.070927000264267,0
"100280",0,0,0.0154699514003065,0,0,0.0712095002739873,0
"100281",0,0,0.026105116533945,0,0,0.0749076168495398,0
"100282",0,0,0,0,0,0.0468328257201637,0
"100283",0,0,0,0,0,0.0287793668153912,0
"100284",0,0,0,0,0,0.0275867308183877,0
"100285",0,0,0,0,0,0,0
"100286",0,0,0,0,0,0,0
"100287",0,0,0.147370320239294,0.11507005770926,0,0.170452796501813,0
"100288",0,0,0.142828480421031,0.113166738842111,0,0.172993457478271,0
"100289",0,0,0.194109796649575,0.169371212090761,0,0.239881555243285,0
"100290",0,0,0.247994785010656,0.220605375684238,0,0.287458524756636,0
"100291",0,0,0.302958027953917,0.268172542994792,0,0.317714615099274,0
"100292",0,0,0.190855413521451,0.160220919004983,0,0.214423866727797,0
"100293",0,0,0.234174782468759,0.205071276976987,0,0.265232778143693,0
"100294",0,0,0.322915243874827,0.285207885163122,0,0.326541000416489,0
"100295",0,0,0.182556906842015,0.152258837489598,0,0.211874172824989,0
"100296",0,0,0.140171692739748,0.107451101883156,0,0.162070778984016,0
"100297",0,0,0.0781494764634101,0.0538382672475585,0,0.121570968639257,0
"100298",0,0,0.0350257207333948,0.0122047469715627,0,0.0926633882170771,0
"100299",0,0,0.014643361251609,0,0,0.0720549924815349,0
"100300",0,0,0.0657324646691593,0.039035415546998,0,0.105461304835894,0
"100301",0,0,0.114021384816288,0.084033835312589,0,0.163680596944887,0
"100302",0,0,0.0218459718252667,0,0,0.06604181933387,0
"100303",0,0,0,0,0,0.0517632070426657,0
"100304",0,0,0,0,0,0.0373630287481225,0
"100305",0,0,0,0,0,0,0
"100306",0,0,0,0,0,0,0
"100307",0,0,0,0,0,0,0
"100308",0,0,0,0,0,0.0280919253038714,0
"100309",0,0,0.151492319048174,0.121052288992423,0,0.158485602435262,0
"100310",0,0,0.156620548875127,0.128284436919519,0,0.175819995591311,0
"100311",0,0,0.248062896361125,0.222049179889009,0,0.270143945066885,0
"100312",0.179241273198404,0.225515268825348,0.587181705702928,0.558016977292139,0.210242390136354,0.602163722136348,0
"100313",0.117987151589748,0.159796145160557,0.548224416775417,0.51659976259573,0.152097896959647,0.55826455552479,0
"100314",0,0,0.311302918432372,0.283197588002795,0,0.350280519661622,0
"100315",0,0,0.179079675715122,0.154375468264625,0,0.236665283137357,0
"100316",0,0,0.158080255309115,0.134048517169068,0,0.209548755871637,0
"100317",0,0,0.122297574526601,0.0969372757055548,0,0.167709814416495,0
"100318",0,0,0.131181844199081,0.0985226568228428,0,0.149700991796934,0
"100319",0,0,0.108899988187294,0.0785187712527831,0,0.13438132934805,0
"100320",0,0,0.0577254415813707,0.0303045367682845,0,0.0981539414466863,0
"100321",0,0,0.0217065722377734,0,0,0.0639136399502661,0
"100322",0,0,0,0,0,0.0337732352212239,0
"100323",0,0,0,0,0,0,0
"100324",0,0,0,0,0,0,0
"100325",0,0,0.000392087159206134,0,0,0.0502510098162933,0
"100326",0,0,0.0118499618396227,0,0,0.0603586721798296,0
"100327",0,0,0,0,0,0.0183388288435308,0
"100328",0,0,0,0,0,0,0
"100329",0,0,0.0969785272738485,0.0696343330633382,0,0.153451741903639,0
"100330",0,0,0.0734971944276093,0.0432996380840407,0,0.122190120252492,0
"100331",0,0,0,0,0,0,0
"100332",0,0,0.136353129770175,0.108012563769638,0,0.163914542936092,0
"100333",0,0,0.152177221371405,0.125777328422344,0,0.169757931580727,0
"100334",0.118959855571417,0.258248204341864,0.453116625574998,0.433882379569407,0.167007074560504,0.544130193603654,0.0778809507837881
"100335",0.030813455794948,0.0569766450207181,0.437270763057424,0.405707128778824,0.0536903959717685,0.454393656553338,0
"100336",0,0,0.440907937690907,0.402703024671931,0,0.434255372677766,0
"100337",0.283065897698587,0.372148398609875,0.678473472812107,0.65003516755088,0.316214357170318,0.70157608231235,0
"100338",0.197657200366379,0.281400162110555,0.589234786222223,0.560864235426228,0.227525968003866,0.610465737870885,0
"100339",0,0,0.267717354502429,0.240615535563451,0,0.314034082908183,0
"100340",0,0,0.137448736816043,0.110380480558323,0,0.186362676201415,0
"100341",0,0,0.0980990364358508,0.0712607782296881,0,0.132858929244225,0
"100342",0,0,0.0815455500162624,0.0525556216700593,0,0.110418206938099,0
"100343",0,0,0.0302394748551406,0.00214053558587068,0,0.0616602635089962,0
"100344",0,0,0.00805539506913577,0,0,0.0562264281143711,0
"100345",0,0,0,0,0,0.0241831064739283,0
"100346",0,0,0,0,0,0.0163542151242316,0
"100347",0,0,0.0114310752805866,0,0,0.0715269355301126,0
"100348",0,0,0.0967450633932697,0.068173025382441,0,0.156335656802546,0
"100349",0,0,0.020809465163836,0,0,0.0842536244283707,0
"100350",0,0,0.0214014428640282,0,0,0.0804962839000698,0
"100351",0,0,0,0,0,0.0367577249169059,0
"100352",0,0,0.070481087764434,0.0417082008567956,0,0.120730910881239,0
"100353",0,0,0.0812188066732495,0.048681936077041,0,0.118819697641797,0
"100354",0,0,0.0080269744652518,0,0,0.0607665327837779,0
"100355",0,0,0,0,0,0.038589371074172,0
"100356",0,0,0.0243994337344846,0.00838285996193056,0,0.0730464863471415,0
"100357",0.369050724444461,0.427128170487398,0.750053143218463,0.724613721288,0.397569775938049,0.780935081505295,0
"100358",0.288311942526335,0.323007852414163,0.705182488054487,0.675210601279533,0.315442469374562,0.725444215897449,0
"100359",0.279757443997476,0.278673465105638,0.742775721990891,0.705952504525685,0.298985792632046,0.741511279742772,0
"100360",0.451430728456328,0.469559857439745,0.896138563984384,0.860878816650011,0.47342089425128,0.905738246784345,0
"100361",0.0319544064050115,0.164792537057489,0.362127346658474,0.34386564268507,0.0808199961231814,0.456173377165373,0
"100362",0,0,0.187089893762459,0.15694900649648,0,0.222055073425934,0
"100363",0,0,0.146064522399706,0.11663517977443,0,0.178057371966549,0
"100364",0,0,0,0,0,0,0
"100365",0,0,0,0,0,0.0459240902587323,0
"100366",0,0,0.00446892352147277,0,0,0.0621862447731745,0
"100367",0,0,0.0229312378162687,0,0,0.0875087400540393,0
"100368",0,0,0.10717552730774,0.0818198679878052,0,0.178448492193507,0
"100369",0,0,0.217209701678101,0.189013020192355,0,0.281779117638663,0
"100370",0,0,0.129279849211826,0.102649405278307,0,0.19900915707653,0
"100371",0,0,0.0844041850676758,0.0581920813078775,0,0.152240186211589,0
"100372",0,0,0.0227457856104171,0,0,0.0895099407666398,0
"100373",0,0,0,0,0,0.00422786781300544,0
"100374",0,0,0,0,0,0.0274718540314685,0
"100375",0,0,0,0,0,0.00285519748232377,0
"100376",0,0,0,0,0,0,0
"100377",0,0,0,0,0,0.0450618986914282,0
"100378",0.0865731617950394,0.165159408016581,0.495739852012972,0.465924662359824,0.122044255026932,0.52695176466583,0
"100379",0.338636610416711,0.3594599099157,0.767373395127843,0.735651850184144,0.362920070867461,0.779301466856327,0
"100380",0,0,0.450046348350631,0.412904988526723,0,0.434843926047145,0
"100381",0,0,0.161022766918114,0.130878073851953,0,0.188787512799648,0
"100382",0,0,0.291026507142476,0.262719852462613,0,0.347809530488466,0
"100383",0,0,0.27629498780879,0.246491973573028,0,0.3133183835642,0
"100384",0,0,0.117482720881252,0.0880178127129728,0,0.155210111867984,0
"100385",0,0,0.0465296150790475,0.0162118613854703,0,0.091854006033646,0
"100386",0,0,0.072916239829357,0.0429994918764269,0,0.121482420169613,0
"100387",0,0,0.141172581610507,0.111449046612294,0,0.191951766144811,0
"100388",0,0.0367613833141576,0.374072851426879,0.347909246940645,0.0163233753082811,0.433092190812984,0
"100389",0,0,0.3058721365503,0.276505545040408,0,0.362076110147731,0
"100390",0,0,0.303087510395017,0.270456165958062,0,0.351556306526183,0
"100391",0,0,0.265209405110813,0.234300447930438,0,0.313912955717325,0
"100392",0,0,0.14224789341435,0.112841652303753,0,0.196957594467014,0
"100393",0,0,0,0,0,0.0537919671336895,0
"100394",0,0,0,0,0,0.0178806446304245,0
"100395",0,0,0,0,0,0,0
"100396",0,0,0,0,0,0,0
"100397",0,0,0.0322818285852109,0.00988216530248753,0,0.0678286338546619,0
"100398",0,0,0.0681685934039006,0.0479692921740769,0,0.103507933075536,0
"100399",0,0,0.068481062007074,0.0503049215363648,0,0.108617961512157,0
"100400",0,0,0.396828069684835,0.36174055926402,0,0.403218793077552,0
"100401",0.00116958098093711,0,0.478879874134682,0.439416993032878,0.0181457221074098,0.471250412685807,0
"100402",0.161408715987825,0.174192520223108,0.60290751492748,0.567442511570501,0.182261490174094,0.612978818753636,0
"100403",0,0,0.345241744593518,0.313766833306918,0,0.37680666414988,0
"100404",0,0,0.211459384721999,0.180635446821333,0,0.245254539268182,0
"100405",0,0,0.149894399996626,0.118379506326792,0,0.185186239925564,0
"100406",0,0,0.111437822594148,0.0822316008462244,0,0.152832806382412,0
"100407",0,0,0.110571304041622,0.0842815239410252,0,0.161232174126561,0
"100408",0,0,0.250004793443143,0.221660346492627,0,0.301764550687667,0
"100409",0,0,0.399443382268521,0.368411021792911,0,0.441275517569224,0
"100410",0.0255800331721054,0.0261981332874802,0.47389433412313,0.441652704181896,0.0463476505303712,0.512860875032295,0.0051558906571687
"100411",0.0693144401751389,0.0331836992962928,0.535659870282507,0.500113150962952,0.0808233776615671,0.566375502034877,0.032915185248927
"100412",0,0,0.279899798046581,0.249378049503921,0,0.327340263575221,0
"100413",0,0,0.0219894618806455,0,0,0.0745091708113548,0
"100414",0,0,0.0108281418760924,0,0,0.0587828314888155,0
"100415",0,0,0,0,0,0.0395311406250513,0
"100416",0,0,0.0184674326814781,0,0,0.0580673775172315,0
"100417",0,0,0.126525746239361,0.100862512113625,0,0.153594450103532,0
"100418",0,0,0.143090690086906,0.11849822199217,0,0.17380437829046,0
"100419",0,0,0.10851209020929,0.0880702955418351,0,0.151289465704147,0
"100420",0.206348813982316,0.18841544295717,0.737751097323002,0.688102195424455,0.219512087413578,0.703390615147043,0
"100421",0.247212502399856,0.283979929611457,0.717031308184556,0.676466387498625,0.280209362630823,0.725664816585047,0.214257916929042
"100422",0,0.00576046673507258,0.314520309266868,0.289747767949787,0,0.360847688141473,0
"100423",0,0,0.245670983058053,0.216087036930334,0,0.280342771492966,0
"100424",0,0,0.183691935838395,0.153963318743628,0,0.21634757929372,0
"100425",0,0,0.153521335710319,0.12167860976583,0,0.190367473132632,0
"100426",0,0,0.267744324351613,0.237360531468878,0,0.309355554505387,0
"100427",0,0.0435152384957148,0.404995109713622,0.377514107329189,0.0277430332383637,0.450153532776722,0
"100428",0.0852312870926381,0.156163179342746,0.480770508047578,0.455330586035237,0.122384045669571,0.536517323882337,0.0497796830780425
"100429",0.0980200445784785,0.0763130899771159,0.564551974546902,0.530029744941629,0.113379671402989,0.593635777655533,0.0484831220228661
"100430",0,0,0.332907963692641,0.302342362050695,0,0.371489904328463,0
"100431",0,0,0.101167222037209,0.0716619807966479,0,0.142575314922127,0
"100432",0,0,0.102280754891001,0.0736107668985561,0,0.140460787518465,0
"100433",0,0,0.113220753500379,0.0850414073636259,0,0.150884333284674,0
"100434",0,0,0.0938539473994967,0.0652639322699621,0,0.13907995854528,0
"100435",0,0,0.0986598240975557,0.0725611966932085,0,0.140178075836558,0
"100436",0,0,0.0948880414939201,0.0717590803215039,0,0.129703616232531,0
"100437",0.129357623418191,0.148649702909888,0.555641984938563,0.52162530945714,0.150912571489449,0.573069754050811,0.015496787309476
"100438",0.077361389000897,0.0861122254183546,0.519707834231626,0.482012153150109,0.0969224389441968,0.526295685933779,0
"100439",0.019467966730441,0.0598599331313429,0.449200726099232,0.414295499081883,0.056037747306291,0.47774102803885,0.0801214484540135
"100440",0,0,0.294819727917823,0.265151469793233,0,0.322417214034479,0
"100441",0,0,0.296740000596681,0.263259244046429,0,0.316958480131637,0
"100442",0,0,0.299097806902896,0.266407356055678,0,0.323864751529385,0
"100443",0,0,0.287880672110107,0.261499461033211,0,0.327619628770236,0
"100444",0,0,0.387581095056434,0.357873900161212,0,0.422586435796996,0
"100445",0,0.0057797796325888,0.412315271044082,0.382708493160742,0.0125432633335049,0.454845175659185,0.041378697129419
"100446",0,0,0.345086437776725,0.313598158823391,0,0.379932245622982,0
"100447",0,0,0.110578680824282,0.0822438177623863,0,0.156439031414442,0
"100448",0,0,0.201451363244587,0.171577268603818,0,0.230996382721002,0
"100449",0,0,0.236632568709457,0.203599040618425,0,0.259759891568097,0
"100450",0,0,0.245837395886278,0.209980854363568,0,0.258418590575389,0
"100451",0,0,0.196299004840998,0.164865169200662,0,0.222789249862344,0
"100452",0,0,0.154872254205014,0.130729254251966,0,0.20379789288141,0
"100453",0,0,0.0612884267719306,0.0380054623114076,0,0.112657310695103,0
"100454",0.05389108674289,0.0874980446989148,0.474601162413324,0.439004818397826,0.0830065448073236,0.502449521749641,0.180289158701093
"100455",0,0.0656215956692878,0.375610685545987,0.349399904004141,0.0306704428223592,0.431610695189139,0.209396993411985
"100456",0,0.036364672905623,0.309234251615867,0.285061303256636,0,0.377230038761317,0.109593597525317
"100457",0.00852375704833364,0.0917213694312814,0.375704010663918,0.351021586761203,0.0495054648470514,0.442792966783593,0.0454233925512084
"100458",0.0825729810687695,0.0885158645220444,0.537916360090745,0.501045842121179,0.108333942452132,0.53818348485791,0.0644553633236888
"100459",0.00508689446425536,0.00925201166915535,0.435851666304028,0.400560277618434,0.0230166980049784,0.441287277899478,0
"100460",0.0290275616761643,0.0198677617477235,0.484669075295595,0.445951169351369,0.0448416147754628,0.476846989857854,0.0359225430627623
"100461",0.15280685545403,0.229683194671865,0.557638264899488,0.528918866300551,0.19276342171099,0.592671966923054,0.282414966271374
"100462",0.145647760168256,0.171630779417916,0.583479740410045,0.548849167262935,0.167070501052339,0.602329024062169,0.200693517353538
"100463",0,0,0.277706825775844,0.241590808261741,0,0.283588745381501,0
"100464",0,0,0.34305421619749,0.310659613015749,0,0.35571277772983,0
"100465",0,0,0.394108863385128,0.361213552926144,0,0.412499196991024,0
"100466",0,0,0.435024871061631,0.401190673998755,0,0.460384871962175,0.075827971678978
"100467",0,0,0.338914907005374,0.309465701437173,0,0.373409952020438,0.0382212182769469
"100468",0,0,0.209676917138822,0.181929591904869,0,0.249807766455595,0
"100469",0,0,0.272489231643498,0.239836564609981,0,0.2956125437521,0
"100470",0,0,0.269778213237111,0.236549920904855,0,0.290225279573471,0
"100471",0,0,0.26197013295262,0.229821849863648,0,0.285307784060469,0
"100472",0.134375272083554,0.202351797947899,0.521246588795777,0.495494679757941,0.168863624673286,0.565049470356024,0.363215312876542
"100473",0.0844485617980942,0.150246509020959,0.482686771020195,0.454269648062387,0.120857805039013,0.534632607103792,0.247503925137595
"100474",0.15509569921354,0.204362127727175,0.569463383277389,0.538467117963941,0.188059876095835,0.611376683875412,0.195048046334734
"100475",0.199783082248621,0.2160452729406,0.657264770488084,0.615441336489806,0.22629272604681,0.673560611543812,0.266613225798683
"100476",0.116724808691863,0.142344888999264,0.56054295363276,0.525503103913802,0.145238877688759,0.588110781841469,0.125304236426028
"100477",0,0,0.461274202712863,0.417577049602098,0.0188786268894207,0.458237803792305,0.0283722049998306
"100478",0.0726200523942251,0.0632024703701785,0.526767399356518,0.48850890500912,0.0881496962475331,0.526692642685269,0.113069466984034
"100479",0.185870696980585,0.184499872613602,0.656257457734913,0.622191373523837,0.205856025392445,0.659020345645449,0.10299802244948
"100480",0.0352259480545373,0.0125266446675963,0.510648921965245,0.475264166671801,0.0497875936073948,0.519524935200067,0
"100481",0,0,0.499980190438581,0.455865015878837,0,0.479355669496044,0
"100482",0,0,0.488679805067351,0.446511051117947,0,0.4822210413905,0.0393913106548672
"100483",0,0,0.459602652748671,0.420849560641172,0,0.469033901489223,0.0888247162995554
"100484",0,0,0.321172906230809,0.289869025366911,0,0.338333414425936,0
"100485",0,0,0.310306833253943,0.274733803790458,0,0.320626602171003,0
"100486",0,0,0.331227048520335,0.293274127024867,0,0.336381160372934,0
"100487",0,0,0.294377210372209,0.25970744321475,0,0.310261079221091,0
"100488",0,0,0.284609691407167,0.251494374495384,0,0.304808972145775,0
"100489",0,0,0.258282928367805,0.232351170688118,0,0.30382468772239,0
"100490",0.154388253008725,0.144030133245623,0.659965669885654,0.611468269516064,0.175820384589272,0.64669406097925,0.242648936566262
"100491",0.240653555160673,0.28047726184856,0.668330590768815,0.635662943277311,0.271983730996828,0.704710420291928,0.149610663517199
"100492",0.218072664827732,0.248598712079079,0.644787174471013,0.612143697680638,0.249153075837822,0.677110948989074,0.0859527132500428
"100493",0.225342907872791,0.274288795443603,0.644832391983449,0.613977371622735,0.258788143144814,0.687159566210719,0.361187224038836
"100494",0.11778733460116,0.165099978654438,0.549822243475977,0.514387224959689,0.151193962128214,0.583572878884374,0.220578728548245
"100495",0.194406123285697,0.182499877309137,0.70927919014682,0.665907219246711,0.216611549047885,0.684748043191076,0.251971382848815
"100496",0.276034525674975,0.261195010693027,0.75256127023339,0.71685310872749,0.290774576080343,0.755751749047186,0.113173085658452
"100497",0.311817405902122,0.292524356149494,0.780486592604662,0.745176209254779,0.327318075435689,0.7987541133761,0.114490755493182
"100498",0,0,0.4665576390251,0.427135471945762,0,0.473545390272333,0.0638610949908229
"100499",0,0,0.404902649549367,0.364475267087974,0,0.402407558982554,0
"100500",0,0,0.357441603934413,0.321035041638652,0,0.372746298834888,0.0426915381508411
"100501",0,0,0.299529688086569,0.265512997367002,0,0.309602202257342,0
"100502",0,0,0.321491175346813,0.284775241810032,0,0.323032843254984,0
"100503",0,0,0.351099413528479,0.313457678102564,0,0.346675793125665,0
"100504",0,0,0.34743342587503,0.310631851384674,0,0.356430777856485,0
"100505",0,0,0.270272643009274,0.238087790271811,0,0.295175218442251,0
"100506",0,0,0.30469883072543,0.273601964827713,0,0.333411345039266,0
"100507",0.0672007016653688,0.121124652166462,0.460191995042086,0.431083769499166,0.0979319554851007,0.489602214717135,0
"100508",0.252275951197179,0.296352872060244,0.678177416284161,0.645863522213098,0.284671061722789,0.717184829585431,0.20990016291112
"100509",0.260828649201785,0.299264389482536,0.694080813064156,0.660774154037376,0.292116620297866,0.729653391526579,0.221380256534186
"100510",0.325535691512232,0.386601502829429,0.741022773394945,0.710446607252018,0.361655904061001,0.786589964349459,0.442236034207024
"100511",0.194789632909809,0.227447529684216,0.638148847491257,0.60356846852077,0.225273512526192,0.670089858363741,0.237727939548825
"100512",0.225224087614357,0.226311580790375,0.703781623378231,0.659359671604507,0.251026972583169,0.697230678890912,0.132125213957069
"100513",0.277783356824442,0.290466084449205,0.778909707163375,0.734617016874901,0.304652082184546,0.761558441134069,0.324225219575044
"100514",0.0419354629403859,0.100097247167476,0.485427505031803,0.451144901629869,0.0772335658339505,0.506998190788772,0.141517198997653
"100515",0.116985118777114,0.145599983047553,0.606140696664749,0.564685290584662,0.146410464883012,0.59883811622201,0.398982995770334
"100516",0,0,0.299739566600809,0.259928941475661,0,0.313338450240398,0.0693917742922928
"100517",0,0,0.1196776526596,0.0857732500331196,0,0.142819211937012,0
"100518",0,0,0.250831304738892,0.215756226906374,0,0.263137203813582,0
"100519",0,0,0.344463592946652,0.303939560744577,0,0.340794943544057,0
"100520",0,0,0.395468427334611,0.350564724649682,0,0.374544991971159,0
"100521",0,0,0.418271940206845,0.375383905113964,0,0.399377171398264,0
"100522",0,0,0.30710053208012,0.270364880643271,0,0.31856921613833,0
"100523",0,0,0.308690548773974,0.273832444479508,0,0.324467933599935,0
"100524",0.124053790987019,0.217326908870645,0.509700431437734,0.483095552174598,0.165491163363393,0.57509348275561,0.180335498767323
"100525",0.258656169015021,0.300286194962082,0.694746566298862,0.659336343251782,0.290681777120943,0.728412772226419,0.296771684575253
"100526",0.403450350125261,0.396066504307569,0.925803409740037,0.87773104680696,0.426049485747628,0.903564516112674,0.453962297633354
"100527",0.347331681604915,0.366308966434958,0.826183445415318,0.784648405293365,0.375129112828329,0.831746176277548,0.386183660812596
"100528",0.311791985653901,0.300882366206178,0.818059083891522,0.769695886434695,0.333171385124759,0.802323024031289,0.203960734557607
"100529",0.241206381200798,0.226128986219958,0.748711388811851,0.704002634665621,0.262095498968615,0.720386754443169,0.0381036369035452
"100530",0.0097258087939347,0.0157230797573003,0.504283865269604,0.443013689588704,0.0348729463577999,0.493716418859392,0
"100531",0,0,0.382110891616725,0.324539282526407,0,0.363253219798631,0
"100532",0,0,0.428339758476849,0.370881103849147,0,0.402218159410838,0.189937474316564
"100533",0,0,0.033667054418189,0,0,0.0313690450705744,0.189562300962198
"100534",0,0,0.228814258956672,0.176147475029302,0,0.231437008701142,0
"100535",0,0,0.310766068529973,0.253929193293529,0,0.298367488342585,0
"100536",0,0,0.359558467344636,0.302360966509495,0,0.354925541321473,0
"100537",0,0,0.343783707465355,0.289891704579028,0,0.35124997570083,0
"100538",0,0,0.301288270284091,0.249712692572189,0,0.316981134481835,0
"100539",0,0,0.265949901435075,0.213967899187677,0,0.284376141388512,0
"100540",0,0,0.346193553886862,0.293726919455952,0,0.364948508461816,0.101376806388525
"100541",0.19292605901936,0.243572435325539,0.590775113485104,0.545686768098836,0.223152971588063,0.618373357884618,0.0977842563722915
"100542",0.0372959048980817,0.0724137430341083,0.49013862842632,0.437688902842317,0.0655804446638113,0.508414216931065,0.125987229517332
"100543",0.0588534921422826,0.092597113421795,0.505440552743432,0.453604689072618,0.0862756897650111,0.523964119601924,0.156507740006252
"100544",0.117588299493873,0.138261383613532,0.592286106016383,0.536246085229468,0.145574462190645,0.595701179108576,0.172700417816773
"100545",0.215158296465219,0.213917422302736,0.714465575531196,0.653991135186501,0.238498705818456,0.702131036109742,0.254288373982235
"100546",0.318734113697002,0.321181726873631,0.822977226835104,0.762033615729666,0.342997108705272,0.810989729119033,0.327575343686723
"100547",0.636182452596476,0.636555143283753,1,1,0.659278689352534,1,0.473776713140145
"100548",0.459522596653398,0.428658535317377,1,0.931356715731238,0.476259701891884,0.960090941845233,0.250346977158141
"100549",0.0401305854362988,0,0.564680389665088,0.507065909423295,0.041437759181232,0.522965536831771,0
"100550",0,0,0.457904134663635,0.391711112065029,0,0.419619018315764,0
"100551",0,0,0.330703982731364,0.274625083721598,0,0.319988822633341,0
"100552",0,0,0.252947048129218,0.202895247285893,0,0.269031258478229,0.190538462712186
"100553",0,0,0.249079208848957,0.199465821040688,0,0.267850597167118,0.142206574217298
"100554",0,0,0.265373721403798,0.209645552042343,0,0.263682041193674,0
"100555",0,0,0.324332891721765,0.266039599453843,0,0.318852304983766,0
"100556",0,0,0.342645738007053,0.287988367711545,0,0.356432208902417,0
"100557",0,0,0.401159706753536,0.345658244425861,0,0.412049124376578,0.0583485684396278
"100558",0,0,0.21636530792613,0.162322473109328,0,0.235457058809027,0
"100559",0,0.0277640992912308,0.406238397709339,0.358424124060852,0.0159656866688126,0.426801420964386,0.213990898809075
"100560",0.205218056342277,0.266626085503153,0.599239417630688,0.554589108513165,0.238086810081546,0.632911517737372,0.118649443656882
"100561",0.0257391725458994,0.0549637633011499,0.468770128511616,0.417236241841792,0.0518753961001973,0.483735820590284,0.117417257394398
"100562",0,0,0.491060062646312,0.432804221958142,0.0171072946163426,0.484026386647275,0.125658741774829
"100563",0.064292790923598,0.064054272360254,0.552378268813448,0.494641924529369,0.0819628283883734,0.544867756740928,0.0918542858312589
"100564",0.171461292174469,0.171120687122938,0.665555947721815,0.60696396010626,0.191201870682306,0.653341257354474,0.221210785928636
"100565",0.257829398937161,0.237019402925888,0.782805747930134,0.718794131324124,0.2767586350457,0.750052732248112,0.257094320641653
"100566",0.443869963001705,0.432738986970682,0.954838984165832,0.892776666809158,0.464362501273668,0.92896534082042,0.330827428499041
"100567",0.622770460226203,0.574645610892584,1,1,0.6336307635209,1,0.517035468291611
"100568",0.308098685966909,0.222106184203807,0.883115190776876,0.817913874698283,0.312863580849408,0.831800291767403,0.104532153512192
"100569",0.068376064748954,0.025257347202028,0.597619733902418,0.537370991276831,0.082761314844756,0.5643135994241,0
"100570",0,0,0.524565195385919,0.459876921935115,0.0125242356450425,0.492079601408259,0.088393685720927
"100571",0,0,0.382547084610973,0.328417674605385,0,0.384685830436369,0.0685913138304229
"100572",0,0.00357023175066851,0.42461186637785,0.373293526608366,0.00305853342656759,0.437263488219613,0.362759698251201
"100573",0,0,0.26723488548675,0.21247407679498,0,0.277504003384127,0
"100574",0,0,0.278263604468511,0.222071980370675,0,0.280750234261863,0
"100575",0,0,0.4020069278985,0.342519181759999,0,0.392673640965896,0.0571209683903326
"100576",0.0302297062870486,0,0.527310557232741,0.469965950184805,0.0401201765056224,0.531097916140324,0.227418114311245
"100577",0,0,0.215149537488064,0.157232425105167,0,0.215573630688954,0.0218006852402892
"100578",0,0,0.322760434098817,0.272648093580259,0,0.352665123138731,0.167340866826646
"100579",0,0.0131535706932807,0.437276311506513,0.384832825323594,0.0150611591486618,0.447276455288252,0.192366600800603
"100580",0,0.00548191067710835,0.374317644852415,0.326815015867824,0,0.396801713190545,0.10192724729381
"100581",0,0,0.530570941425533,0.466667721304755,0.00927335952315633,0.502413353098775,0.0810491520457635
"100582",0.0578259571484787,0.0639404582127969,0.519472157684792,0.465472064126514,0.0785214904365659,0.520788271553445,0.0721282012655153
"100583",0.147020280875801,0.125671575367209,0.655567051390263,0.594759256201121,0.160597792001972,0.63220181509284,0.179552122345352
"100584",0.222284738061877,0.189341856039091,0.757654259445938,0.692864902075486,0.234504046718222,0.72095935547087,0.251430502748678
"100585",0.242547141833022,0.221974034422627,0.762963259391735,0.700271571828225,0.259553175562269,0.733493680211462,0.249945561655386
"100586",0.526993079169343,0.479044462167762,1,1,0.529407682902972,1,0.504912076308365
"100587",0.376874451654296,0.270165550017699,1,0.950095063244671,0.376594176430381,0.932511275472825,0.395575682003229
"100588",0.189054120624305,0.112114542880498,0.771636701285389,0.707656147710597,0.195595753706202,0.711781339147235,0.12287169095203
"100589",0,0,0.525382477925514,0.463698377167279,0.0010337207694453,0.484038595906982,0
"100590",0.0843297993017947,0.0530995163626742,0.644032251390465,0.57559336294343,0.0991312288509889,0.600154356498914,0.175603189787289
"100591",0,0,0.363712329543113,0.305016726756294,0,0.337351107793619,0.139829406876184
"100592",0,0,0.482015857867622,0.4206965534779,0,0.44528134373114,0.147376637404867
"100593",0,0,0.33647116719951,0.277365485018128,0,0.329572237713187,0.0145787671361934
"100594",0,0,0.446945157665468,0.381384861605523,0,0.411551468342359,0.156214247869854
"100595",0,0,0.399266738738916,0.340115884997532,0,0.398176139055252,0.239409496217166
"100596",0,0,0.122885054873029,0.0646514318453508,0,0.125813096494486,0.0829975416142512
"100597",0,0,0.249107123096321,0.197187731690642,0,0.273304577322363,0.185160907519756
"100598",0,0,0.183301817157707,0.131018022810021,0,0.196644034603428,0.0858520777753767
"100599",0,0,0.34437288535615,0.294821326221941,0,0.359569792195384,0.122331214117664
"100600",0.0546546557306945,0.00679596087385692,0.584564112432365,0.52038695188484,0.0597254117820821,0.547259149394583,0.0751337845014619
"100601",0.120255144073943,0.0688810912237247,0.659315595301898,0.593820144472052,0.124435110524983,0.619503529721004,0.198165606421208
"100602",0.165223134472052,0.130365480477799,0.684429099059453,0.622131122898124,0.173768670295983,0.655367892079376,0.246745263140826
"100603",0.161557507604866,0.14864184118059,0.650905503628657,0.592794525760109,0.17584692813428,0.636537228391147,0.21166564215555
"100604",0.196166913510433,0.197483051672654,0.684684086763262,0.626983515359231,0.214152387476355,0.678779709615216,0.227994230738944
"100605",0.339468059732589,0.286562460712059,0.924986054629095,0.852179844629511,0.351470259842038,0.86612228806726,0.269581075119743
"100606",0.336957036066889,0.255109047909308,0.95300194558511,0.876300305305645,0.333041273488267,0.879937710178325,0.400419878797608
"100607",0,0,0.393015794339012,0.332292243268213,0,0.373798040213786,0
"100608",0.524391598945306,0.489587369256775,1,1,0.54000273926986,1,0.19260792699108
"100609",0.0266731378391749,0,0.552439770795812,0.491347264974899,0.0409579002308612,0.535447410431784,0.20457624456368
"100610",0,0,0.434826929161742,0.379014973394049,0,0.439798636615588,0
"100611",0,0,0.299837591203763,0.239435692797503,0,0.276800748962926,0.0136119238412015
"100612",0,0,0.286890713977582,0.218362376442114,0,0.244641347316178,0.18281654242521
"100613",0,0,0.458768471213073,0.387663578681208,0,0.413449185625467,0.246637740058148
"100614",0,0,0.370198417963511,0.304500581173831,0,0.345130149641695,0.0897234577100519
"100615",0.0220420624682023,0.00026893441796727,0.484003934544438,0.43027249889973,0.0358345432035261,0.504481666138066,0.301219237785734
"100616",0,0,0.0353270746309025,0,0,0.058585843006663,0
"100617",0.0479552103921836,0.078636810551645,0.478270243041899,0.428698090158464,0.0738263210179642,0.493833690530886,0.287055141194569
"100618",0.0638238770318996,0.061064810622026,0.534827805227596,0.479692571880225,0.0821178003387332,0.530571973562038,0.411979880018495
"100619",0.196328756912863,0.196626442429594,0.662412549528536,0.607746851448351,0.215399492277831,0.660248611008625,0.266965690678678
"100620",0.182602356932182,0.180794262649533,0.656043131141517,0.600306749319732,0.201414307823319,0.652669984569205,0.182768485534395
"100621",0.27993013661775,0.248582724788621,0.816193432794445,0.751282959192875,0.290898508661855,0.783017065151502,0.162356464365559
"100622",0.42015046418342,0.350343983671253,1,0.937999144199924,0.417809849528247,0.95422116675462,0.266388332710104
"100623",0.0970484835987728,0.0255599349016152,0.706943145806167,0.629963889353218,0.105826427664483,0.634683022590804,0
"100624",0.289499345729418,0.247763178431719,0.849389428216706,0.7799910064564,0.304072801155833,0.801275860607722,0.0159358696798486
"100625",0.583948125350158,0.519644503187167,1,1,0.588935634349444,1,0.873292544361561
"100626",0.0321580500589951,0,0.551596398249164,0.491306858654595,0.0494477753590649,0.535618573295581,0.243044874353304
"100627",0,0,0.00330105165140204,0,0,0,0
"100628",0,0,0.420119971792839,0.355582557976446,0,0.380647956835885,0.324413669704836
"100629",0,0,0.463732625539158,0.400722084912725,0,0.452775704938322,0.0703276958599865
"100630",0.0647902679021541,0,0.622276316537748,0.559533571334172,0.0566369228669918,0.606194939024618,0.00795382872452
"100631",0,0,0.291914482682256,0.236664172889679,0,0.297802776106777,0.0668320423740806
"100632",0,0,0,0,0,0,0
"100633",0,0,0.326811146415357,0.276311637504636,0,0.333989868633409,0.0104015092838862
"100634",0.111472510645844,0.0980140306915719,0.590768583295602,0.53431102288776,0.127284172048501,0.580464300022709,0.360716945629189
"100635",0.372040493275754,0.304284898305992,0.918979293017611,0.85258722781395,0.375272122318087,0.876982440212075,0.384715699571522
"100636",0.314868749950954,0.294735585288405,0.815358875566966,0.755984888465167,0.329801196028107,0.801255244841524,0.24398514101184
"100637",0.233179588013336,0.229921008206248,0.720639311628887,0.663219334514933,0.252233590020018,0.716318105691357,0.123104695158325
"100638",0.478422996195431,0.421481908056943,1,0.985156958310617,0.482245402376727,1,0.129070512401272
"100639",0.157324094013652,0.0660696164500505,0.802044199305911,0.720921831489802,0.154573911932444,0.725285136739469,0.0606229200532089
"100640",0.0805420407291612,0.0463357569593725,0.622061808459857,0.556721777549977,0.0901502230227236,0.59328816940089,0.0955936860443045
"100641",0.373429233720423,0.341917422367918,0.922519342688175,0.856238710140602,0.386811855816387,0.891198080197636,0.526698361423065
"100642",0.211095120591137,0.147316379853752,0.779658801233016,0.715545054346745,0.217880089811295,0.736085597617592,0.478929480040259
"100643",0,0,0.330875723599614,0.267132049417887,0,0.289521666899349,0.120847729555399
"100644",0.00869368837768481,0,0.551322289895934,0.486587806781732,0.0202901854557002,0.527260268258838,0.291809327372139
"100645",0.0482946168584216,0.00762246518685439,0.542795575935359,0.48347122704554,0.0598834151442263,0.541370159676003,0.0219123324907123
"100646",0,0,0.455147180502635,0.395201873211146,0,0.459899095373364,0
"100647",0,0,0.268955645948029,0.210720771152472,0,0.26365918624042,0.280513733902082
"100648",0,0,0.140453367987663,0.0842936906730852,0,0.138438670552082,0
"100649",0,0,0.0250842724308953,0,0,0.0412658614170869,0
"100650",0,0,0.0732493366764837,0.0233673421804093,0,0.100883847042646,0
"100651",0,0,0.311299857966023,0.255514743410917,0,0.327273817652928,0
"100652",0,0,0.359906332644401,0.311551017509795,0,0.376952040846196,0
"100653",0.480537585706678,0.372919205889295,1,1,0.474037457989158,1,0.333378482996081
"100654",0.35811050785811,0.270976833265576,0.956117035469435,0.882193543832641,0.354983299701151,0.896459608076076,0.159354831393027
"100655",0.0994657707497748,0.106653917509746,0.583376744705922,0.526794950865743,0.121660206314293,0.585225019671075,0.0631195634375491
"100656",0.248612519743712,0.160296487829325,0.857948676084534,0.783516297241249,0.248245687774463,0.803396807750341,0.203564899361824
"100657",0.117628082780586,0.0101176121731581,0.770635552908773,0.688517308474594,0.10634115306264,0.690998849503667,0.134201059552975
"100658",0.037164773525698,0,0.636266199413253,0.56283427455867,0.0378132723886,0.584457658701384,0.129055529326442
"100659",0.312695825370864,0.2491151787049,0.920022013224928,0.845950609461577,0.319441046550094,0.867459007353167,0.26662822708346
"100660",0.160519191122265,0.0625370324240564,0.798001686141038,0.718547730148254,0.153035155216084,0.724373668424361,0.303176449010865
"100661",0.0551353874018283,0,0.628045065759079,0.558395839874759,0.0588912206082477,0.582216867975936,0.0884539759480799
"100662",0.174463428947868,0.100967917941837,0.764960466422357,0.700138059008454,0.172807076211018,0.720203752704307,0.19778103443556
"100663",0.304590330355917,0.230222252357127,0.818371894654483,0.760379597310618,0.306368116595318,0.809895818261554,0
"100664",0.220106877104833,0.146960419313469,0.73951378986881,0.680361620984728,0.227270520626088,0.72995390967691,0
"100665",0.119045578291901,0.0292024645242883,0.64305047187336,0.583468395692149,0.123320361083527,0.627098693703052,0
"100666",0,0,0.439677078639917,0.3765745662178,0,0.407068074057475,0
"100667",0,0,0.21824738700216,0.161528838279105,0,0.215563332887625,0
"100668",0,0,0.0268309878678693,0,0,0.0467066600549859,0
"100669",0,0,0.278994552686792,0.228945441231668,0,0.310676572355107,0
"100670",0,0,0.265615043919608,0.217650000069076,0,0.301861470277845,0
"100671",0,0,0.337478352990998,0.292171846443234,0,0.364571218560671,0
"100672",0.137162282944961,0.0336175153502724,0.727217728682327,0.653793210955767,0.131510201591722,0.664016275931645,0.170253595694518
"100673",0.194674327704923,0.0712989508106446,0.838587189101345,0.757097558668306,0.180290234596547,0.752884566125853,0.107322103486025
"100674",0.0282359020071929,0.00858292019809515,0.54184059783511,0.48094887047917,0.0445230449536468,0.527849746811302,0.014215286350107
"100675",0.109350529603128,0.00148742982559846,0.74985181955627,0.670508737651787,0.102813402509873,0.680031595652695,0.13295335646697
"100676",0.294741749447573,0.142164921642034,1,0.920566359876575,0.271779824352998,0.904689735961334,0.399165533067709
"100677",0,0,0.59624307012603,0.521141260730146,0,0.534910355872661,0.0202414917556336
"100678",0.265503044962712,0.185689578094065,0.885555625441323,0.809045933002717,0.270084883508628,0.82356711832048,0.0823009459520259
"100679",0.148808870262853,0.0681826232817696,0.751014872386256,0.677041597557787,0.147858220493531,0.694439333529279,0.167933316670396
"100680",0.0835626205253789,0.0145437490921136,0.666715806040248,0.595292518836293,0.089506331818702,0.612960761137589,0.0446279019139511
"100681",0.158982600582684,0.0999297089418939,0.733422209598121,0.66346171172832,0.165244161141016,0.684980406734505,0.0732465816221929
"100682",0.24718713833722,0.167628343357107,0.804308980668199,0.740839283822656,0.2501254393928,0.770609526431574,0
"100683",0.273518406955177,0.180062542709867,0.809429431136108,0.748930860000159,0.268155710997791,0.786040780612392,0
"100684",0.152531657774531,0.0815011707643795,0.685234435863677,0.624754415273701,0.163169651242441,0.669512436145003,0
"100685",0,0,0.394249921657456,0.336242964190422,0,0.389134575942141,0
"100686",0,0,0.291678117605517,0.231461707484325,0,0.283454001757165,0
"100687",0,0,0,0,0,0,0
"100688",0,0,0.313383586066586,0.257590991727018,0,0.313475300064956,0
"100689",0,0,0.276883315548026,0.228246701630654,0,0.291618598321069,0
"100690",0,0,0.37592105158765,0.324677758155056,0,0.376714059909218,0
"100691",0.0343633354957245,0,0.627864748699649,0.55488741186015,0.0338769295839233,0.573661705344207,0.071405521070917
"100692",0,0,0.541404796805132,0.473630789884181,0,0.505367767478766,0
"100693",0.0543619262729138,0,0.634005852662739,0.563764415187802,0.0605903722216684,0.593956708408372,0.0522286764237884
"100694",0.0940187517454927,0.0409518069805698,0.675447807778508,0.605899405828121,0.103626829160691,0.641991023716351,0.199045133437928
"100695",0,0,0.467209198028134,0.397205687359773,0,0.427456295752036,0.134668013478261
"100696",0.103543706609741,0.045429933359964,0.676376921356644,0.607133754305699,0.110887107985709,0.639854822098821,0.109923315410613
"100697",0.122140807639176,0.0437005372109281,0.709746790929996,0.637608286481134,0.125567868366851,0.656770769271305,0.0818635956399413
"100698",0.080202677307755,0.00804804036861095,0.65709486444722,0.586341054677892,0.0887806651871423,0.604326287635847,0.0333429021385712
"100699",0.0721680278223397,0.00343764431789062,0.644159355360747,0.573979217829255,0.0794010840907509,0.592874077084404,0.00656730028521113
"100700",0.366225529969271,0.286021374644817,0.919340854813734,0.855960355392723,0.372441818555055,0.884757161005093,0
"100701",0.423513569439167,0.332886459927901,0.978927695503788,0.91484890200326,0.423328710391294,0.940962890872102,0.0149267510063005
"100702",0.203386983335219,0.143588033879241,0.718229067668249,0.658294338824797,0.206977678874043,0.704271646962233,0
"100703",0,0,0.423048205617418,0.363569734895394,0,0.413760010710818,0
"100704",0,0,0.398535282203149,0.339387818986617,0,0.404260857031275,0
"100705",0,0,0.368440830477887,0.308377840749078,0,0.36692552664738,0
"100706",0,0,0.32018138925959,0.266304325687777,0,0.320656760415951,0
"100707",0,0,0.328028991262403,0.272936109083799,0,0.313298136767225,0
"100708",0,0,0.329253888267676,0.274368558249514,0,0.322214468491508,0
"100709",0,0,0.491624576298604,0.426986853636195,0,0.470152966624126,0
"100710",0,0,0.478911804349696,0.414620134709501,0,0.460666694178925,0
"100711",0,0,0.463716263444237,0.398713428805774,0,0.438126677093214,0.000174536972126438
"100712",0.0771702143323674,0.0393606774042525,0.627001223854797,0.561207545938969,0.0898687210189337,0.602235546490929,0.0210578285501747
"100713",0.166097041801199,0.0579725755048603,0.818637623395938,0.737323805200416,0.163870966697745,0.746229857896018,0.224957945140462
"100714",0.148706289257503,0.0291885303007432,0.81073642871347,0.726821273779178,0.147752148642533,0.724174465043601,0.152824668755722
"100715",0.280022530179242,0.181154065599042,0.90309045828042,0.825420612093686,0.282796124840872,0.835382804662904,0.117706153899149
"100716",0.157428744938754,0.0643676053263634,0.753990056879232,0.679454602087545,0.161361961947627,0.689479013270604,0.024575231476757
"100717",0,0,0.61619167800039,0.534688059659123,0,0.528260826172199,0.0673919469642602
"100718",0.0478581637086419,0,0.669625236841213,0.602128907241751,0.0454967229896819,0.599629580070113,0.0449165274496611
"100719",0.376367140351914,0.246007833493081,0.987275989435446,0.918881874079582,0.367253804719906,0.927748209713263,0.182375763383657
"100720",0.286773526005691,0.163229650339262,0.877811640962915,0.80960571054357,0.276207986479735,0.819950751055602,0.19566788222195
"100721",0.103757581290812,0.00900409460115403,0.674014307782986,0.607614856461728,0.100598413234007,0.636341398649945,0.100681450931796
"100722",0,0,0.33057037134086,0.264087894707219,0,0.321037090769023,0
"100723",0,0,0.356132018910017,0.297604853247951,0,0.352626631601387,0.0278955746529918
"100724",0,0,0.46427557460989,0.404717422313256,0,0.443136480542714,0
"100725",0,0,0.410992807885147,0.344218199600679,0,0.369996321108942,0
"100726",0,0,0.316530184449504,0.258044555268129,0,0.314019811296728,0
"100727",0.109694440275958,0.0540537108056649,0.646373717916044,0.590342699926978,0.115624166922965,0.626046470564487,0
"100728",0.000973164168504792,0,0.594484655899641,0.521988029362681,0.00325767761082563,0.545718826352713,0.0241932295757165
"100729",0,0,0.602566366881995,0.526142974381709,0,0.545558642424048,0.0161573925811983
"100730",0,0,0.515101185538468,0.443554684564642,0,0.469375039778205,0.00790369899593413
"100731",0,0,0.604645557793487,0.52974050042174,0.000998343216657038,0.544650190510016,0
"100732",0.117006440240017,0.0168698531860868,0.732276128276672,0.655736716939072,0.120241022065683,0.666466955505814,0.102576589708171
"100733",0.124925644069158,0,0.792089076813674,0.705498025777452,0.118434340823215,0.693915018888721,0.0633604472686313
"100734",0.439006593201223,0.309464905067453,1,0.996520759654883,0.434189201929021,0.999275202202583,0.112857888980726
"100735",0.231046388832848,0.107814805856355,0.852941250245339,0.773104132956921,0.227666430686206,0.775339500872818,0.0156436290266271
"100736",0.175113078738406,0.0592015896119903,0.797662776819108,0.719114984171018,0.173236994992882,0.718359957609386,0.200439190638738
"100737",0.126063285761988,0,0.777440472367939,0.694336929768683,0.121612634710428,0.68566032780482,0.152541773160709
"100738",0.279569605880968,0.155942191383626,0.871371980150002,0.803727616219546,0.275576875682122,0.813201539445876,0.0602652520283304
"100739",0.21383219599688,0.113736228426031,0.776123526632456,0.711397988392505,0.212073282830455,0.732366315179723,0.0870904437271797
"100740",0.198723247652526,0.150640465990094,0.739596195218729,0.676526435039787,0.2073712233603,0.710412932215199,0.183784926624461
"100741",0,0,0.506220458477398,0.433334200133605,0,0.467668868779399,0.122209755187789
"100742",0.00558806400506195,0,0.543630445636553,0.482266968601476,0.0160135199840419,0.52640963446247,0.525966084349827
"100743",0.10543324431284,0.0204890620676784,0.670970788052646,0.608823398313878,0.104630475168392,0.629819161195133,0.115009096760098
"100744",0.0900049948462016,0,0.693874509454568,0.623973347076986,0.082530695034862,0.63194608451773,0
"100745",0.0867748259707115,0.000846902009909001,0.671292057199965,0.599485934075952,0.0859217758963735,0.61867550608402,0
"100746",0.290090695780907,0.301547368415665,0.778537362029465,0.721327284060809,0.312426719617683,0.782814703056632,0
"100747",0.35221135694317,0.366990890058549,0.801659040993392,0.746842662381379,0.374771979336621,0.82962341711647,0.171881130423889
"100748",0,0,0.472018543691202,0.411574459707664,0,0.469070779379043,0.205951673359985
"100749",0,0,0.390872323383238,0.347855785425553,0,0.416372740966997,0.0909849612376725
"100750",0.0608177934651276,0,0.677179940476997,0.601199732092917,0.0587297907334458,0.617701768091658,0.0976765882344702
"100751",0.0426531628115498,0,0.658261625534236,0.582166133588556,0.0388012958920899,0.595040545466652,0.0390805867176893
"100752",0.08885295006847,0,0.741483688665259,0.659274319737778,0.0837670719608703,0.657503854403381,0.0939852465298695
"100753",0.114536822553064,0,0.767119266970751,0.683659893961013,0.109539664066201,0.677397831444892,0.0780528408030094
"100754",0.118857205779002,0.0141559375184944,0.717918574909611,0.642631796934938,0.120683183710226,0.659487834555578,0.0621699634704502
"100755",0.17225165021059,0.0889212994466065,0.746490179675462,0.680619646089765,0.177578145792886,0.707667365476895,0.14695546677923
"100756",0.243101440387842,0.120811909088412,0.863568018408347,0.784305174028343,0.240326776627712,0.791622869800223,0.165738853359837
"100757",0.216598487828186,0.111916068872755,0.801299155697719,0.730570061752935,0.217395755065518,0.748165558218969,0.110518553181523
"100758",0.211459879204932,0.0947395253872831,0.817323406350313,0.740904481362497,0.209248659240448,0.742901812215194,0.154332179723769
"100759",0.391728795597156,0.261497846644382,1,0.939875574341968,0.386119096685009,0.933483987532397,0.212580366570292
"100760",0.415471074771956,0.302653578025828,1,0.943972973175465,0.412506628786753,0.947016675840141,0.179175561644244
"100761",0.22859837619969,0.154776694775278,0.784705994827282,0.71698280539277,0.2304441695548,0.739332718585836,0.20297861590361
"100762",0.0951230890821608,0.0561052614870321,0.62186983260318,0.5587519457974,0.105701159606623,0.597022846724207,0.111507946452424
"100763",0.209011701035791,0.145861820368865,0.779054550157164,0.710101528496336,0.214321216335769,0.739824493657842,0.352480293928735
"100764",0.215052623617003,0.125574828548913,0.794504594194306,0.728177864371448,0.219801911148084,0.754708171028243,0.558455976339114
"100765",0.125786960611747,0.0626687577321906,0.670178268689692,0.607174642235359,0.130014587639164,0.63432846722443,0.18846316490849
"100766",0.0128001687653546,0,0.561099908910228,0.494476423112563,0.0149685747275666,0.517460168222955,0
"100767",0.20201641394818,0.116774369578599,0.772488838479355,0.702741926040547,0.200994096315714,0.720394853862902,0
"100768",0,0,0.499936846486352,0.438857450813678,0.00141464479418729,0.483992388472355,0
"100769",0,0,0.534480641734787,0.465117759385483,0,0.49875050086498,0
"100770",0.104103026256483,0.0115558657609091,0.700900079236739,0.627478269641777,0.102850530195509,0.644251092450352,0.124214122147576
"100771",0.145567240908123,0.0113271138228432,0.80247426431148,0.719534998655433,0.139951058991505,0.715300450320812,0.123506130419527
"100772",0.155313871297065,0.00110015488297655,0.834862937523343,0.747254467252459,0.146025251611297,0.732039742435853,0.123167923750427
"100773",0.243752590367409,0.0699007594651441,0.946678386165343,0.85357175850686,0.229960369330839,0.827722930675399,0.166222702539725
"100774",0.218792506634428,0.0588094320078658,0.88436530400086,0.796859783355939,0.207738003531139,0.781891029840771,0.146142169663603
"100775",0.211900485355595,0.0343361731430722,0.892679691581064,0.801597466421728,0.19620379245216,0.774024952013671,0.134949083955855
"100776",0.223600886382399,0.0471181555437478,0.911723286998385,0.820314797763807,0.208629068608158,0.798350414472807,0.171647719846853
"100777",0.262348104148543,0.0993496011852626,0.929608389448202,0.841951732622005,0.250220028442425,0.8249517365405,0.187110518301061
"100778",0.390574401253581,0.248021018336973,1,0.950864530137626,0.381666552635628,0.94217205697591,0.340031013653742
"100779",0.66179454737587,0.537897301580196,1,1,0.657604305040473,1,0.285204893118872
"100780",0.582169369965709,0.455662723359143,1,1,0.570819498815914,1,0.408170019106729
"100781",0.430973047616842,0.386698961269352,0.952226368863486,0.89059909716086,0.440126640414329,0.924916935241468,0.419861412568188
"100782",0.119784918099714,0.0894501694710471,0.632803578783144,0.571753925610828,0.132291587046835,0.610808157954479,0.19674711567986
"100783",0.0747433255057955,0.0208112565641668,0.616152636626661,0.551592711198739,0.0816401229420601,0.585915632719127,0.204200095976002
"100784",0.145992510813712,0.010187120383861,0.762355882333234,0.691144307437009,0.138174788323628,0.69392206632798,0.210920852540578
"100785",0.227183755171103,0.131022645378671,0.804863903835172,0.734946271017057,0.222691121728622,0.747697545342843,0.116410680088855
"100786",0,0,0.493727901013838,0.433425049163774,0,0.467624045195843,0
"100787",0.0102254397194012,0,0.543165054669105,0.479170534612304,0.0145275426011642,0.504868514100212,0
"100788",0,0,0.480855924950242,0.417191109392684,0,0.449716840109024,0
"100789",0.17301075285018,0.0826426213314072,0.780467670433423,0.706059235943494,0.171147263515547,0.725107833088073,0.0235167424590974
"100790",0.0590111001670461,0,0.625684535286529,0.568280402970601,0.0639029106302053,0.602534108161599,0.164985899321367
"100791",0.154011307655415,0.126154841387575,0.681869893925258,0.629040384956967,0.167515282383787,0.683200504357753,0.246082704742143
"100792",0.0554303299008566,0.0720190972639138,0.524517795881422,0.477703799413316,0.0791803415436561,0.547235557495564,0.108867365040314
"100793",0,0,0.158886207572208,0.117455574309044,0,0.216681453450273,0
"100794",0,0,0.377154940736995,0.32585388928226,0,0.399251532363489,0
"100795",0.149997492631087,0.0197616552431567,0.799211485405802,0.717389435676218,0.145261752402859,0.715264673721444,0.176519820498389
"100796",0.202577029804861,0.0809528097005908,0.834241137511237,0.75481694941002,0.201019750256529,0.759374895939036,0.157898582408462
"100797",0.173407072790646,0.00836477540997116,0.856908579154041,0.767179236995896,0.161510692442455,0.74577833260836,0.0943639495995359
"100798",0.241871513306836,0.0410899860732048,0.962781233783059,0.864578301931208,0.221450959776085,0.825005684430932,0.0662746528709368
"100799",0.260323992424266,0.0884048219625523,0.932572168412225,0.842977525323799,0.245964975867753,0.82054890882178,0.177553896668629
"100800",0.358868272696295,0.209867705544866,1,0.919868522616947,0.349553605610511,0.910163730583154,0.390977451038787
"100801",0.24737958820946,0.0978862727285131,0.884961099929731,0.802499216821908,0.238139537091399,0.799304630477845,0.220420629529828
"100802",0.34442834009019,0.204692135632185,0.9792910494405,0.898907460282956,0.33780108253868,0.900781066493775,0.336642036609694
"100803",0.307077297698009,0.186914492081487,0.910188349744154,0.834717425760759,0.302572526246628,0.839100609083163,0.178904650141455
"100804",0.660492097299314,0.556777039483495,1,1,0.655573525528646,1,0.235669183743829
"100805",0.382020155037463,0.275350224034589,0.967775109312161,0.89522337878659,0.37674793051639,0.904500368060761,0.176311590747512
"100806",0.11377166650132,0.000839288606566901,0.707201641329198,0.633456295947189,0.107269747758678,0.63887846239618,0.0440062556092451
"100807",0.0876565128501253,0,0.67648078440433,0.603682538264005,0.0832036353191494,0.615588208374765,0.130079907880168
"100808",0.104596112976417,0.008050824500071,0.689027639920447,0.621051104243031,0.103295300559308,0.636544557110933,0.134669883714753
"100809",0.143572379328593,0.0122010575019583,0.745726602414901,0.676251178139289,0.137943345394524,0.673693155437696,0.133080354961647
"100810",0.115483856029206,0.023348000752601,0.685019878012682,0.614929688539031,0.112333823909209,0.628853843349115,0.0223653484997298
"100811",0.104236304420796,0.0520489261078685,0.627862728178738,0.564790141272472,0.110755178825175,0.595127259748741,0
"100812",0.0540541563601432,0,0.617803557745398,0.548877084436126,0.0536299482527393,0.567595091276964,0.00455408590979733
"100813",0,0,0.561517348954846,0.486332442750292,0,0.492385158204556,0
"100814",0.0663726662490863,0.0126350788166184,0.625303078453447,0.557915106963013,0.0733501928001165,0.591040154169904,0.052411787275892
"100815",0.10552751617464,0.0482547492731636,0.679502605467205,0.612577604621698,0.111902332443986,0.64595665364048,0.31181334710722
"100816",0.0563153044203618,0.006360294645675,0.618788366354636,0.562370921667452,0.0647665495125087,0.599945686352795,0.296426092750733
"100817",0,0,0.39025241501191,0.331502511063868,0,0.389456478494613,0.035305024423251
"100818",0,0,0.2488014050382,0.2036997588438,0,0.295626027852779,0
"100819",0,0,0.225651988689471,0.176974034985722,0,0.262097376892977,0
"100820",0,0.0108359179064883,0.261270502984565,0.21120980323956,0,0.314594526472787,0
"100821",0.0876301208846837,0.180899465793552,0.462197669199753,0.419700429420846,0.127725341114132,0.514235725863591,0
"100822",0.0919340429010985,0.155805839011335,0.498373935673166,0.451433861525035,0.125208780407776,0.532555380467832,0
"100823",0.188374493261188,0.0947837734755649,0.770676621640341,0.698681359859029,0.192108176177251,0.719639142310934,0.152482533723407
"100824",0.217325848118241,0.104209224709304,0.827226588934694,0.752507634223474,0.217278038413751,0.768354241965875,0.136070490309671
"100825",0.142033200184753,0,0.786014057304211,0.702251597497113,0.134269907239399,0.700830430815948,0.0372081446448168
"100826",0.119275933754226,0,0.74531813576037,0.671907601453648,0.110740192501679,0.669401570009739,0.0220402829768778
"100827",0.206644583999203,0.0798512142817327,0.803626999551366,0.735498527548055,0.20254211998359,0.742237944214036,0.131191950535117
"100828",0.177025040391681,0.0763109753697421,0.743905224060425,0.679555242094618,0.177374473233817,0.694703592479704,0.1119362632191
"100829",0.223767336017311,0.148062008243304,0.787837142639627,0.723185173714177,0.225686977457227,0.7422696297664,0.208892341364383
"100830",0.211802176714996,0.156176322483587,0.757498553537232,0.695458780676409,0.217034299073443,0.720799251041343,0.146193743118815
"100831",0.166349015065924,0.074895551316043,0.731343607616576,0.667592912042661,0.165223465413335,0.678541180129825,0.0155576693014016
"100832",0.293700946883401,0.257080952387582,0.818450929360589,0.758028600749278,0.304146745693889,0.787350396910363,0.0975165506853176
"100833",0.185950403939265,0.107227047360191,0.748585633837223,0.685275947975308,0.186024477985312,0.699701438273448,0.0497515180240523
"100834",0.0424665354962308,0,0.63904342637714,0.56937556731051,0.0359449197961115,0.569999345953062,0.00129289572068425
"100835",0.0896499166609656,0,0.675120587415088,0.607423694430708,0.0862189278248107,0.616320666162834,0.113579990660714
"100836",0.0755178377204402,1.38637712467915e-05,0.65101779418443,0.585207358336529,0.0768362803762991,0.602920053798502,0.0616963299618055
"100837",0.154795296256907,0.0350494383190091,0.732886329098888,0.659559482657365,0.151618071313921,0.665630538401791,0.0820518531896421
"100838",0.288594059881199,0.16416255539436,0.880089217514774,0.804044870000609,0.284209223189161,0.805049683341728,0.213746161300574
"100839",0.363991379483089,0.259622694498422,0.953298809507163,0.88019901229791,0.356701966076987,0.887841348928245,0.235000350310313
"100840",0.291903501004651,0.183020596715744,0.876422060833019,0.809204085290228,0.285847268690175,0.813469824122494,0.279929570812226
"100841",0,0,0.635424747171149,0.555928568344548,0,0.55049446769277,0
"100842",0.157016623286292,0.0957209324463988,0.733555371233795,0.664045190330862,0.162792595212949,0.695232290275344,0
"100843",0.347690754984339,0.273547204028474,0.947734298288387,0.874588301741817,0.349849656460165,0.901665880810308,0.405836222898379
"100844",0,0,0.399578472101538,0.343474043774077,0,0.414472984208313,0.277789486409785
"100845",0,0,0.358768839705099,0.304306962640738,0,0.374126472576342,0.0921062473900092
"100846",0.131113667032745,0.182890759752643,0.57363134836248,0.522685669253301,0.161626661081637,0.599329171462136,0
"100847",0,0,0.275464155248152,0.226750642471159,0,0.318657839110992,0
"100848",0,0,0.125248923855131,0.0686094689907073,0,0.149330505200398,0
"100849",0,0,0.412395758627002,0.357242707204186,0,0.419183475055233,0
"100850",0.144976052212917,0.0517060172422972,0.739709919822686,0.671924514070899,0.140117001521979,0.676779231821851,0.0697523725882014
"100851",0.207202734439822,0.123312126926122,0.797066753087472,0.729083032540296,0.204653379550854,0.73972280144458,0.221453141191968
"100852",0.223113685533365,0.137138604739252,0.813663942374816,0.745699107775983,0.219994192154127,0.754981853556793,0.214052357534537
"100853",0.231198150052098,0.154572313957989,0.804563448053526,0.738689922439272,0.230461384501434,0.752404049946894,0.225445014993258
"100854",0.197762734407656,0.139418591224212,0.750669315267009,0.687313523760333,0.200346988202894,0.707270549733628,0.201008548084859
"100855",0.140799452036409,0.12305911673469,0.657664632866406,0.599362411865042,0.152638663417158,0.630773419104012,0.0815983996327677
"100856",0.0837119018134592,0.0202043923981715,0.629179993682545,0.568082476807918,0.0850582591978196,0.582996101255886,0
"100857",0.104506265985184,0.039760775341379,0.662735589915214,0.598986058733552,0.10594954033332,0.612230294094962,0.0545572769706152
"100858",0.109154552328944,0,0.737590495184434,0.659528826164776,0.0937040009228494,0.652011346273557,0.186960599889998
"100859",0.0232194346536372,0,0.643246991254915,0.571690427475871,0.010695336453818,0.565462211782094,0.132199088668147
"100860",0,0,0.604360423367144,0.534880470710793,0,0.526179440109086,0
"100861",0.0700364161274007,0.0298727511849486,0.620441327406251,0.557881569014457,0.076988808974902,0.579971878641353,0.0519214460989202
"100862",0.184888375617098,0.107540988288901,0.758254040360937,0.692379772984221,0.183727260677145,0.70553965145094,0.141977227334058
"100863",0.252080012064778,0.158440128930596,0.841952019850946,0.766615861569377,0.246413065955402,0.773299190348993,0.193800621187878
"100864",0.195482144627728,0.107928355954329,0.766509628578761,0.696219227693203,0.190470214492966,0.706526187083491,0.030126858315733
"100865",0.356704361662328,0.276287097102473,0.944245980349133,0.86929461858614,0.357033593208711,0.877983452816483,0.302247952530524
"100866",0,0,0.466267165934747,0.400209229366057,0,0.427412886469944,0
"100867",0.0754686545839108,0,0.723988580402856,0.642793204600972,0.0655009656863909,0.648609946470051,0.123671581094356
"100868",0.205780272464112,0.157644245558393,0.78069449980905,0.711044306681815,0.212357647021374,0.744355228463436,0.311209176005392
"100869",0.0576779966672271,0.0415779386658346,0.601404019056009,0.536767890732208,0.0730582984971538,0.584726297572211,0.204654564591739
"100870",0.191694045363888,0.221756050518437,0.669880019950102,0.614252770543723,0.217705340628358,0.68181985443962,0.218876091804642
"100871",0,0.0618354640059143,0.393134166635077,0.34659855510559,0.0199499213656099,0.43603239443209,0.0198642832270298
"100872",0,0,0.228927234389592,0.181883055021597,0,0.269545086900292,0
"100873",0,0,0.325008135584237,0.269876063982668,0,0.342988775588393,0
"100874",0,0,0.346989943141801,0.292313026472142,0,0.359103415467064,0
"100875",0.116203677277491,0.0462283548804105,0.677975147234769,0.61336839910264,0.117038905701386,0.630289981784809,0.176543743127399
"100876",0.167423009528297,0.0944752315600909,0.7335367661906,0.668301477034217,0.167424511116755,0.683655139983074,0.240985371846039
"100877",0.269912465527306,0.1733658276191,0.863555073448237,0.794733908394439,0.263502804540083,0.797187053027588,0.321803738999262
"100878",0.156922878493471,0.0695548984234787,0.730397020926009,0.664558921851934,0.153326549097121,0.671002229897217,0.151633579017303
"100879",0.0781612441579046,0,0.646617118067807,0.582173775325248,0.0742367034671583,0.58614128418175,0.0184971215568204
"100880",0.137051023670867,0.031603121160211,0.732355951629092,0.663774544665524,0.12881807547356,0.660418260022635,0.122956365694753
"100881",0,0,0.580743522754839,0.51328376366247,0,0.508757924074525,0
"100882",0,0,0.561940241364576,0.491709277507461,0,0.479770242468906,0
"100883",0,0,0.611813949922999,0.538173799468763,0,0.528571057792523,0.151967980684271
"100884",0.0938176040687898,0.0300112330374919,0.685656180892676,0.617507833258608,0.0953888305192792,0.623982144767527,0.170018657570441
"100885",0.13787389080548,0.0933149380924474,0.700368639153689,0.636102199441403,0.142134602793769,0.653721618889747,0.150245116549508
"100886",0.135595698372581,0.0550352972400497,0.706575842961322,0.641461221185668,0.133463944024724,0.651768820490622,0.0413583333234492
"100887",0.171569241053274,0.141959838828924,0.701354845694496,0.640917123094762,0.178771712497575,0.671076534337752,0.111856776771926
"100888",0.176243137547217,0.113944011163583,0.696373678287167,0.633657596330807,0.179109035993838,0.648683154146519,0.0590569059031358
"100889",0.173139207700631,0.0795454769009376,0.755152751223381,0.684118620453083,0.166414104126151,0.691341571472358,0
"100890",0,0,0.485180282409712,0.4151972992263,0,0.431783938238422,0
"100891",0.104759541224579,0.0130710418901779,0.707773581706859,0.631321412936938,0.0942093704997767,0.644198906364955,0.225553850747863
"100892",0.273922003352388,0.24525226090236,0.827241696547439,0.760919087239039,0.285493962192395,0.802866024529458,0.326120503697694
"100893",0.276083439640642,0.222460006120029,0.877822696817487,0.80477623132894,0.282363987670358,0.837778768654145,0.336412981034999
"100894",0.217861422099527,0.20842057616956,0.750590868157663,0.68733270299888,0.234590209130201,0.737977173451168,0.478786543965707
"100895",0,0.0483850676861196,0.454114398527331,0.39293882078746,0.0276445123585444,0.467579938846733,0.162871413408177
"100896",0,0.0840013983887924,0.35548836675986,0.312956537960322,0.0203423652245359,0.415466574699113,0
"100897",0.252107775186385,0.281106880202644,0.753186070680037,0.693991508948529,0.27867123895416,0.763645231785195,0
"100898",0,0.00728944017490796,0.433349141524536,0.372309360889712,0,0.442465437646248,0
"100899",0.116444987630346,0.0103409804073926,0.716635873847625,0.646735532413112,0.107036015195535,0.643392807442207,0.243578013212282
"100900",0.192876657021237,0.0843802388234749,0.793918018860994,0.723951780996236,0.182922463530667,0.719163549846741,0.267457158590864
"100901",0.139296666279982,0.0316143921102895,0.734151861565692,0.665221257459216,0.130183693826471,0.660414008035756,0.165969626168386
"100902",0,0,0.53765654192879,0.473813415773663,0,0.474067174416181,0
"100903",0.0717245727850194,0,0.653939506778308,0.587194098186719,0.0651159084106472,0.586167986382299,0.0482346900606072
"100904",0,0,0.533191677853751,0.470110405560471,0,0.47251992819449,0
"100905",0,0,0.460332671870315,0.394706484674455,0,0.393882001006724,0
"100906",0.0338164373641741,0,0.691723037219362,0.615305422848171,0.0156499042824725,0.595464179701263,0.170080654452669
"100907",0.141828987916233,0.0114502723095522,0.788153078033346,0.713261332797406,0.125877548999726,0.697473379385355,0.16036153804228
"100908",0.16275960232538,0.0686847329993291,0.763985290521418,0.695291087886739,0.15537969580333,0.695199685258156,0.111560888381282
"100909",0.156561715181105,0.10301567495726,0.707531810074688,0.645290985793371,0.158206878156966,0.662829973370347,0.0179545006010455
"100910",0.219292473236908,0.158801682408143,0.776171073941527,0.71237784358845,0.220678092443984,0.730510381939477,0.154077006207715
"100911",0.0932388955736498,0.0343814960476126,0.589395240765748,0.528845425073609,0.0894154512060962,0.553249809565531,0
"100912",0.0252327869156066,0,0.552317680704648,0.48937045160492,0.0270196352311208,0.50931722428462,0
"100913",0.133930102313146,0.0396462294610903,0.73476972479249,0.66038779956294,0.1232368719724,0.662634168702406,0
"100914",0.157281812001357,0.0958515349233177,0.708109759261283,0.640004379841054,0.153677780697907,0.668446644492364,0.195680272721792
"100915",0.358736840815325,0.290422689080417,0.957988707634437,0.884065088843843,0.359819448083241,0.909427351166169,0.225815693619254
"100916",0.225540888558623,0.11359962926592,0.883367038045851,0.800623019693423,0.215770770499603,0.807195029149518,0.249195676310531
"100917",0.618057290146986,0.611324949430507,1,1,0.634966236043333,1,0.365313672837966
"100918",0,0,0.479667979195292,0.419109171904943,0,0.479221098971472,0.188822983678724
"100919",0,0,0.383370078652017,0.328822232410907,0,0.399739259265413,0
"100920",0.0686130638159033,0.0613234947487955,0.593581770608593,0.53136745009231,0.0856656364280803,0.582465832647919,0
"100921",0.191723774867601,0.206031388808468,0.684960500386951,0.627489763462383,0.213921424719953,0.687356532434702,0
"100923",0.0106627675750991,0,0.558757289775376,0.496290462904337,0.00869375063420663,0.505511310619725,0.0341958262126766
"100924",0.00716015412388515,0,0.562550389376041,0.499190345731446,0.00392350272968034,0.504985228069053,0.00699471815234387
"100925",0,0,0.575652783206329,0.509609133350609,0,0.506308094922682,0
"100926",0.0139128096851248,0,0.581921527777824,0.51800739820854,0.00732728505792446,0.514393801578927,0
"100927",0,0,0.547834232101117,0.484738702968621,0,0.486309480261019,0
"100928",0,0,0.572254686200404,0.503568892208674,0,0.494585597073185,0
"100929",0.0322344905606298,0,0.688401507491549,0.612328580526331,0.01528472936229,0.594366718270667,0.103092198143151
"100930",0.0261245623697386,0,0.678436396453088,0.603376865068475,0.00821267688798544,0.582898301349689,0.00280382869438955
"100931",0.138834387962778,0.00182346531381528,0.785960724705488,0.71118881242581,0.121683199850769,0.692623037595457,0.0978690073666082
"100932",0.180627573908926,0.044726769038661,0.803617600602727,0.733376071686987,0.163362859854186,0.728430174426869,0.0819948124526185
"100933",0.221347680983589,0.122760037048193,0.81609181734576,0.747465559953075,0.214240039750436,0.748608122621629,0.160484804327289
"100934",0.219766901136478,0.109962222032269,0.788488907555865,0.716322400762594,0.209548569605237,0.720367246071126,0.0627000342517535
"100935",0.190906824383339,0.0980441649727489,0.740691236034853,0.668272134779848,0.185433657217074,0.674451236528927,0.0587957213300774
"100936",0.102023821661566,0.0581999977237564,0.643125027068141,0.581174108234389,0.109860917118658,0.597436763957848,0.115095953563443
"100937",0.169496058910515,0.0751496099849285,0.736653499901883,0.661989948573922,0.158034759401809,0.673676871699127,0.187495970865349
"100938",0.529177041536843,0.397143642014047,1,1,0.506766738231215,1,0.473080312435931
"100939",0.249091626722642,0.0663762923960911,0.979042260027442,0.884622607509845,0.219207063776288,0.859092528807,0.207977431643245
"100940",0.336752983364108,0.317973499754422,0.869630972527703,0.805953877823046,0.350849933484806,0.851596478580907,0.163718509292291
"100941",0.0408175418531117,0.0448962394208459,0.541884970022598,0.482758977874598,0.060069985111516,0.538371993334318,0.197036595948979
"100942",0.00265471512844673,0,0.548990436049102,0.483316150500833,0.012849362588113,0.522051521787185,0.131539111689443
"100943",0.0193899057751176,0.0343120841529941,0.510102790848932,0.452716757596771,0.0417432127521946,0.513226048849083,0.0193823481488776
"100944",0,0,0.566929257677189,0.497248680249041,0,0.530478132753502,0.013548549142771
"100945",0,0,0.403626781397152,0.347798287257184,0,0.355326648068859,0
"100946",0,0,0.515402410861007,0.453425164869183,0,0.459675225806303,0
"100947",0.016639465484762,0,0.581152866804432,0.515997325607734,0.0114253527838452,0.518901398719172,0.0697904973300219
"100948",0.01844985090428,0,0.615582732223388,0.546274916120624,0.00599167767195674,0.534520982410745,0.0159265575506129
"100949",0.0305667209698023,0,0.616429672088108,0.549186891399479,0.0230810499906019,0.547905149713678,0.0671660810113692
"100950",0.0484717907451447,0,0.660724547518127,0.590424725128559,0.0357853251729137,0.579170559729277,0.0564570664821482
"100951",0.107814662285907,0,0.74799039562881,0.673527428109126,0.0911817794884082,0.656137375295036,0.149846972098249
"100952",0.162414917156983,0.0271598757122085,0.811091610034718,0.735415273319049,0.144608373637736,0.716307712432126,0.184521076096582
"100953",0.187225576119469,0.0561420162677687,0.82750972058076,0.753236787425498,0.171472301663346,0.737792614498548,0.159706135369335
"100954",0.308736362874785,0.181628682441371,0.935827552344853,0.866411011424922,0.29377263714152,0.856776736413014,0.249181883349817
"100955",0.403222573791018,0.262436190200566,0.993355276629813,0.918975416135474,0.38394100393027,0.918947886239213,0.188880264531806
"100956",0.512201667242307,0.368919590702614,1,1,0.492076024979269,1,0.339358793896081
"100957",0.399823360460343,0.278208442958573,0.991990695902271,0.920959536638342,0.386221696145901,0.922801498696211,0.28327308491854
"100958",0.258119090219149,0.170196042660038,0.831884886005063,0.763414154586205,0.254253748157563,0.771696258544229,0.222739395257609
"100959",0.182618179687715,0.068513693333292,0.788073009886488,0.713680092780581,0.172392439822519,0.716406906477204,0.261413486469687
"100960",0.491309975899413,0.369213828061436,1,1,0.472627541577043,1,0.536210936394187
"100961",0.139165731721097,0,0.802588157671686,0.719032472001228,0.119435419481289,0.707151496358794,0
"100962",0.256465283142867,0.205101158060526,0.812318908054056,0.745293532177454,0.261825450845307,0.774494221055117,0.0139845519871261
"100963",0.193880678448375,0.178311991963415,0.711166714761633,0.649826199164768,0.208193799416462,0.695547875145508,0.222501135997824
"100964",0.116831468197079,0.0424166568111389,0.709610196640708,0.637839889448172,0.114937073295135,0.65876697786306,0.21109746187387
"100965",0.0174333976815785,0.0344331271717983,0.497138884512183,0.441101233206078,0.0398666222558255,0.501785883522636,0.0376365398135263
"100966",0,0,0.35912833593287,0.29574106173954,0,0.351554076751642,0
"100967",0.115602048934771,0.0952946028011143,0.639902132949,0.576956709777594,0.128913453951654,0.620650081810935,0
"100968",0.0887861418842896,0,0.682080418104695,0.615950454016591,0.0787119600020636,0.609730378509997,0.043511854790929
"100969",0.35169754430554,0.207363506729349,1,0.925836148780434,0.33143311537031,0.90278890829943,0.378309150882696
"100970",0.515602885687299,0.337319808631534,1,1,0.485262802766996,1,0.447909456698407
"100971",0.34193366216178,0.196918992504431,0.91315553620764,0.837506052627466,0.321605185024916,0.838176993936922,0.044710826215658
"100972",0.514059521605557,0.361183402284711,1,1,0.49098937726554,1,0.219683573429994
"100973",0.576122883479598,0.473411212061209,1,1,0.567281476051934,1,0.437412027047867
"100974",0.473848786645981,0.339080991029101,1,0.974506128096361,0.456423022511646,0.974576305584423,0.252644272954611
"100975",0.360062675162327,0.231456501442939,0.956637085259825,0.883544080998627,0.344866255739302,0.884618176278051,0.27156305511943
"100976",0.145453638698091,0.0439648654917718,0.758056010234171,0.685615916305754,0.13815930053744,0.692833714340682,0.314065347815943
"100977",0.48328275182925,0.368081281037899,1,1,0.473761905875462,1,0.663806629021684
"100978",0.333662136815625,0.293617870556823,0.885380911968634,0.819279628057022,0.341979658923985,0.854544995017714,0.227205216682718
"100979",0.22088926617545,0.157662595140061,0.788575492207435,0.720526228058272,0.222946333413687,0.743783892807971,0
"100980",0.18179456225474,0.144191769759447,0.725540112225222,0.660384426512371,0.190693185891414,0.69619200343504,0.167303724329924
"100981",0.317207182707401,0.205091360075927,0.955237547144431,0.875915127379445,0.306611613089103,0.879474996163192,0.314129991929477
"100982",0.0328959648667778,0.0143015449866098,0.552820071127056,0.49122971861792,0.0468194044023,0.5356813132888,0
"100983",0,0,0.404972665734098,0.346971973166229,0,0.40221222857967,0
"100984",0.0633476040331505,0.0459635881759615,0.582651110225185,0.52041637941251,0.0774368349466407,0.565414909470663,0
"100985",0.267386523504489,0.15406845433158,0.886614071731675,0.814379552443715,0.251943337809162,0.799484492322435,0.275583327328127
"100986",0.450354365549714,0.330661616877335,1,1,0.435107125028543,0.986396024348377,0.466339255353808
"100987",0.283054505074323,0.145815632769558,0.823158310037743,0.756692022284283,0.264935129440576,0.758688823788978,0
"100988",0.449077449063916,0.314402929237328,0.988634714794755,0.917620620546528,0.431565279529682,0.919261411802773,0.0758635260207167
"100989",0.461644217453906,0.33531335906724,1,0.946781649803213,0.446288459605175,0.949952347573247,0.204154483520664
"100990",0.400120802643373,0.245100393441095,1,0.917353585444249,0.378663265932745,0.896295581870216,0.135172522771481
"100991",0.509812431033996,0.357608624889353,1,1,0.487664832363096,1,0.377605446148572
"100992",0.162614700242885,0.0427707868648309,0.763599181509752,0.681152483546945,0.144746177628574,0.676082170409453,0.0905865153519394
"100993",0.310930650257733,0.158761022663817,1,0.935600221025228,0.28618855291044,0.915776381416935,0.226405155030758
"100994",0.197226178698392,0.0353740639049548,0.914703693940555,0.822057670462853,0.165035944735966,0.790813249170335,0.0634486375154154
"100995",0.0661114112307866,0,0.782049196724457,0.690971749844853,0.0320733467968833,0.656060845755425,0
"100996",0.120362895542663,0,0.766742413796214,0.685979748159691,0.107083987172809,0.684730855738058,0.199451587125688
"100997",0.388414756214598,0.223841565260637,1,1,0.357402352470181,0.997693099700304,0.349533856093873
"100998",0.229738377926065,0.0478975903458937,0.955265427853877,0.861180471442022,0.200135629233196,0.835740023929084,0.149844333512065
"100999",0,0,0.602400541123078,0.52662670519661,0,0.535175605765395,0
"101000",0.00787547085976592,0,0.591653437931601,0.520111598913336,0.00892212185020647,0.541999639048758,0.00604733379381694
"101001",0,0,0.324916133976943,0.261674512281788,0,0.30675984484013,0
"101002",0,0,0.450894074469292,0.380033668494486,0,0.402314616209803,0
"101003",0.052646732470659,0,0.601087471277046,0.538282981576689,0.0399371487587815,0.545889144822794,0
"101004",0.225333312465227,0.123089137869954,0.830739386898775,0.760405447205978,0.212124989157276,0.749307235466605,0.227085941567657
"101005",0.321185266283056,0.21343574794558,0.918194615050716,0.85249609591397,0.307833487905162,0.846092066333824,0.251472202469
"101006",0.403376752787526,0.280610159442435,0.96070904290103,0.89424682121936,0.388915679768501,0.899113980288599,0.143738829649271
"101007",0.317241373918529,0.204386100242704,0.852731660015165,0.787181237193453,0.30581116922156,0.793943295377436,0.0768223359730235
"101008",0.43913273842245,0.302061550195209,1,0.985250757996194,0.420935786485002,0.987366155021766,0.426104888349896
"101009",0.734798519803409,0.602377461705673,1,1,0.718204898658934,1,0.703499792980681
"101010",0.190814900125404,0.0479063101524628,0.780567017836843,0.697824790898383,0.171851910891713,0.69781015566693,0.043880955604893
"101011",0.16837506044807,0.027133912605834,0.870272948904437,0.774623107552508,0.142482769557045,0.75035402446491,0.0720507426116939
"101012",0.00126530259890523,0,0.682413103654147,0.594724141511241,0,0.567899973669787,0
"101013",0,0,0.394193987780822,0.310148161144048,0,0.289421250848663,0
"101014",0,0,0.599647882352961,0.513766276169473,0,0.501422782465747,0.136015297978632
"101015",0.645642009743756,0.505966755745938,1,1,0.621130235761849,1,0.484072809983199
"101016",0.472250110550214,0.310918407895788,1,1,0.437842906969039,1,0.326737532556961
"101017",0,0,0.558459924099316,0.48188834752625,0,0.493235146132925,0.000151659501911539
"101018",0.0129269289766255,0,0.572274822227761,0.504622717738757,0.0198105488169771,0.536274251820506,0.0316750858258916
"101019",0,0,0.393995174527526,0.328783985523764,0,0.370590772612578,0
"101020",0,0,0.444763326667383,0.375595554488594,0,0.403598508999832,0
"101021",0.04209078047686,0,0.59719527410798,0.529911306478179,0.0493261745623583,0.56226463387867,0
"101022",0.25830765265476,0.214467044166749,0.814909824357338,0.747488911211696,0.265675506860402,0.781359379586546,0
"101023",0.106679934238266,0.0239883890747706,0.690668032624466,0.625687844197591,0.0948368022307501,0.615907584687329,0.0813435521879634
"101024",0.165382958865825,0.0474749977471211,0.779631827370589,0.708125723027274,0.148581116588936,0.689853615952161,0.159719563950592
"101025",0.296382945157986,0.179818242588766,0.917988654871735,0.845102568292583,0.280072453645322,0.828861532809322,0.351118370823325
"101026",0.330974910012397,0.224499487352052,0.940857351932729,0.869853460535632,0.317302769049616,0.858542943141137,0.308633724066946
"101027",0.281005127617412,0.153956812769346,0.867891059864498,0.800019862021017,0.265526627820943,0.804846720575578,0.18817390094281
"101028",0.242545487579955,0.106730242545583,0.826714659574081,0.756718142152162,0.224627548361215,0.760069970352452,0.174398386592374
"101029",0.379190734098589,0.241400255663051,0.979332684929744,0.907716620370965,0.360966508125843,0.910435722697439,0.28516003410446
"101030",0.228254238969822,0.0533362208112967,0.833970352098097,0.748851088431895,0.199382260155384,0.745034748355659,0
"101031",0.383726111356297,0.204153795026939,1,0.965803934434632,0.354989369031705,0.937527776995669,0.140618677896606
"101032",0,0,0.471714559471322,0.391518982797293,0,0.385542010363796,0.026271838252089
"101033",0,0,0.118682177142467,0.0446415411862761,0,0.0417707500744876,0
"101034",0,0,0.641570486499825,0.558394468019012,0,0.5520513451514,0.0834155819327571
"101035",0.253699795509752,0.145030199194953,0.878881586947052,0.800657723410963,0.244549461692598,0.805169017373464,0
"101036",0.606367942858353,0.459412487571618,1,1,0.579463208457038,1,0.217623394302589
"101037",0.15550725796208,0.0551165645448635,0.782063113208963,0.704151455918279,0.148626330377751,0.713185957783403,0.0865646016601773
"101038",0.0379548717010318,0,0.69498188655217,0.612215108100497,0.0230197349054476,0.60753653806468,0
"101039",0.0679652038634576,0.036442643417963,0.61614544503121,0.550520845195125,0.0795572760551763,0.590396840103393,0.11797851338192
"101040",0,0,0.431227661584783,0.36587926776468,0,0.399445575262764,0
"101041",0.0726878727922148,0.0428806571641522,0.602165443281504,0.538692858226112,0.0840332184829684,0.577679239163989,0
"101042",0.204161351293936,0.168209693181578,0.751397105841447,0.685941005240035,0.213537944973036,0.722809075894482,0
"101043",0.329506383042572,0.301182416848078,0.839032352447664,0.778875496863968,0.340497867622612,0.816145105961965,0
"101044",0.306480037301502,0.294598759899997,0.785756832932167,0.729865152075523,0.321038404521871,0.773849540457356,0
"101045",0.189531444881009,0.069439325276165,0.812563402641958,0.739413875768119,0.171010190722024,0.718475970183786,0.233956801389088
"101046",0.19071701592532,0.0494508531059977,0.826312840728489,0.751552459233791,0.169510201544912,0.725874185960924,0.222198544871413
"101047",0.312416485957794,0.177633805227523,0.950040834569044,0.874891942317649,0.292811800805964,0.853118653916482,0.429888626976778
"101048",0.270373036813715,0.149764446291518,0.856453317969006,0.788672636140707,0.254939055892773,0.793106719611574,0.153874695621237
"101049",0.270734552243471,0.162109040717659,0.831669104580398,0.764529712571366,0.258421597057109,0.771194847823609,0.110319989899812
"101050",0.190848066918519,0.0976012906710128,0.712120366416472,0.647309883709769,0.181223750664279,0.655388645611524,0
"101051",0.234499962354853,0.0588710833441025,0.867132267467379,0.789885540710643,0.20526307738739,0.786053023698144,0.0637814303301482
"101052",0.51184374467844,0.333850927633818,1,1,0.481724412955119,1,0.213836008005856
"101053",0.355970315835908,0.201281520675487,0.98771522635296,0.900674983894832,0.332838378528138,0.888986039803128,0.205982924412693
"101054",0.239501284751682,0.0900518355985438,0.893008272921551,0.81221091075408,0.218446993514951,0.795565388920673,0
"101055",0.182854950046862,0.0201656876990249,0.874501514202545,0.786912285919192,0.155867657058501,0.763139375800588,0
"101056",0.197173847729949,0.0928737826570862,0.812574480992645,0.735893313859247,0.188447394857595,0.741583755317997,0
"101057",0.22233368658592,0.099364810932296,0.87106373028029,0.785580689232068,0.20305131486347,0.780209399701649,0.119163239646007
"101058",0.423407500299063,0.29828967696192,1,0.95392141484301,0.405040023097225,0.954288853748211,0.361096414445767
"101059",0.212008550055271,0.104307726517909,0.842759281066943,0.764017210319521,0.20315286275474,0.769536876369872,0.164035353701145
"101060",0.248771171745576,0.149595004541493,0.87114693087895,0.793899487959888,0.242451208696629,0.803246183791614,0.204829529633414
"101061",0.0987858723307702,0.0277124333936883,0.680547766133325,0.609694015279421,0.0998253802697957,0.630357814368914,0.0891292664945978
"101062",0.0806274763633666,0.0327729098830785,0.628358185694033,0.562232298166349,0.0873148719790106,0.592766885988316,0
"101063",0,0,0.465048418018213,0.407594024866332,0,0.457146141860662,0
"101064",0.310378667804474,0.269197416601216,0.84336613635449,0.779883137902368,0.31832623234362,0.812437961939844,0
"101065",0.257098899281224,0.221929165448664,0.763139496534887,0.703497719732777,0.266092095949928,0.736779168035627,0
"101066",0.323105040881756,0.304650492736609,0.794634234288361,0.739654371641654,0.335738114383373,0.778794479777781,0
"101067",0.401532727299573,0.341946204922671,0.912690460948802,0.851068612328177,0.403105459662244,0.871129335385565,0
"101068",0.167530896573596,0.0150398218325517,0.777275297172636,0.708225590811919,0.143892243244354,0.702075186289974,0.114793752750877
"101069",0.136989760782656,0,0.730799948458482,0.661246069548453,0.112665580012645,0.659358999594298,0.0297009443331586
"101070",0.166727164833545,0.0146990434616499,0.737646355799772,0.66837576332103,0.14429991499037,0.667053999725024,0
"101071",0.240201076837523,0.134520243470703,0.7640590433107,0.698606583655871,0.228558465320205,0.703999542230817,0
"101072",0.172291557957632,0.107435729879603,0.671598721200651,0.610143913754919,0.169726550325167,0.62070678707424,0
"101073",0.326134819282263,0.171085208352637,1,0.928475827514641,0.302848612307535,0.90355161229338,0.368710986482608
"101074",0.20359863332524,0.0421101232369961,0.813644380520996,0.737899822569912,0.178187005411133,0.738403099035425,0.122968982181425
"101075",0.352277711669949,0.227182977003703,0.976542895958171,0.894558601483646,0.330920119491843,0.88777224601026,0.146316153059573
"101076",0.364950738579765,0.205100086090646,1,0.992412714257273,0.331907380991629,0.959916550468542,0.0698954579135538
"101077",0.113893673001348,0,0.832502063815977,0.74030576132817,0.0782324605875557,0.702782773507475,0
"101078",0.334682445201625,0.153061292001006,1,0.96444633246027,0.298502111187642,0.929195650080439,0
"101079",0.305715587738272,0.156279589839105,1,0.956621995302212,0.278016388898613,0.917638991030784,0.124519559226064
"101080",0.261762694581588,0.123095208492192,0.969593061742438,0.877473614193127,0.235262582437041,0.849779798448589,0.124302094533676
"101081",0.663906115920766,0.510567739498769,1,1,0.64118537264591,1,0.587945842611901
"101082",0.396526673353729,0.272899283684663,1,0.957525816524637,0.383058150202122,0.955248529279839,0.348619241366592
"101083",0.140435683000232,0.0419107247401154,0.734254660267509,0.660991146862431,0.133630436441161,0.667620580120178,0
"101084",0.134170068633023,0.0459051385080737,0.723000691766398,0.650320817729095,0.130045879321118,0.662307532368502,0.018786610896498
"101085",0.0767279405823746,0,0.671465139447084,0.597948274667925,0.0712105207658327,0.607721708095345,0
"101086",0.330529299189006,0.252267447020317,0.921628632226143,0.849290193682473,0.329316714993619,0.867287613595306,0
"101087",0.306641139680614,0.236889409659317,0.862095001426383,0.794877554015322,0.306893548839074,0.813792526879416,0
"101088",0.325542276002759,0.249366076992863,0.870645798891528,0.804299114330244,0.323445884222613,0.818529629493992,0
"101089",0.401700126488784,0.340684541556123,0.922778558376452,0.859209593191885,0.402867063591933,0.87963818922012,0
"101090",0.461720905278631,0.397184393203745,0.981576980274843,0.917496978915595,0.461468315628513,0.936044333011063,0.0529531356517936
"101091",0.312234525944041,0.158742324821204,1,0.944408939156213,0.283243004340496,0.902879394214764,0.171433834522194
"101092",0.29834888914585,0.137466398656772,0.958250540419197,0.873830005316607,0.273673554015043,0.852844162202816,0
"101093",0.409462025089519,0.232889408925916,1,1,0.380588859121726,0.974795903644182,0.0635636060040806
"101094",0.68596024348748,0.536310608739827,1,1,0.663177938644943,1,0.65002034190965
"101095",0.319360817529517,0.206192222426059,0.934886978690743,0.857631327879772,0.308366630070613,0.858539797826618,0.246238390314618
"101096",0.251343656975147,0.140385721893,0.862296197455423,0.7857081129528,0.240791439052586,0.787354601943266,0.138563512665147
"101097",0.217187763119621,0.10508815870817,0.830560754438643,0.753739386775941,0.206374278250824,0.754972273291608,0.0352210665566797
"101098",0.334072758652787,0.238069301715234,0.938464366217054,0.863182579571963,0.327621385027072,0.872664674175846,0.103425900740985
"101099",0.367300461362431,0.283216326263989,0.939724048339894,0.868968782856599,0.363350110984684,0.881708950981557,0
"101100",0.324307816797294,0.225914185677658,0.89680556492828,0.825562629145222,0.316107836062556,0.830191881182462,0
"101101",0.299759332591572,0.220294078646973,0.844003528231603,0.776789887530148,0.296168342503064,0.789218296603017,0
"101102",0.282029339026355,0.20707746707907,0.813816775991096,0.747889681328578,0.27881206157658,0.761826544429593,0.0436409859788801
"101103",0.535054260868121,0.387707366934497,1,1,0.513992082442248,1,0.21929172429351
"101104",0.321765375203458,0.173609185136734,0.971115379496421,0.888016369432327,0.301133686787231,0.873130623673569,0.18249787470151
"101105",0.242953136780196,0.136126647441212,0.842790668735574,0.767759447389373,0.23373101310561,0.770602899382101,0.162018677942497
"101106",0.393511094358269,0.305058889365308,0.975170862055283,0.90319331005302,0.388823706787986,0.914412420987688,0.352445426488628
"101107",0.355226410199264,0.25793411561095,0.952089906010533,0.87769003185865,0.348199681254149,0.885549059505311,0.239491164594535
"101108",0.334296722858903,0.219540231040145,0.951137426769928,0.87340275687179,0.322517021740511,0.873626822827357,0.150750477105175
"101109",0.374669045715734,0.26341738112307,0.978338907088858,0.902127982494809,0.363324835168546,0.902912806300808,0.0967116560917343
"101110",0.36469179117536,0.271283218479686,0.9349324344335,0.863684919765294,0.357674145230944,0.870901710807459,0.047835007897016
"101111",0.270852530685493,0.183991530100532,0.823775692622882,0.755166431971356,0.265330609547935,0.764309005771266,0.0312242735634141
"101112",0.420139498540664,0.332259538217416,0.985503942659158,0.915612519706525,0.415065523798463,0.925422810785687,0.142668819517793
"101113",0.311648402218456,0.199600401249243,0.912239528803205,0.83678090700175,0.300666975425188,0.836840334638713,0.204957441322777
"101114",0.17710127586402,0.0514159828249982,0.791470028131371,0.713917535021038,0.162809960567074,0.707788156936864,0.0692221227002994
"101115",0.400240128862522,0.286697882552785,1,0.928926966860469,0.388516555015129,0.928554877291347,0.267095100811918
"101116",0.512551413178455,0.403550976548138,1,1,0.502082033109071,1,0.41759931967215
"101117",0.328347616832867,0.236347580168148,0.908561502500208,0.836261028301029,0.322276518273997,0.845361481472249,0.165631123926344
"101118",0.333135761468923,0.224818933815675,0.928321287274776,0.853403810976536,0.322462348927237,0.854944549425372,0.137541018254406
"101119",0.317789508241059,0.197477798251784,0.918597443288007,0.842493016252998,0.303545041279954,0.837927039602346,0.0825696507635444
"101120",0.267974805823917,0.161229817834797,0.84415492761267,0.771881856632944,0.257165874417751,0.772298822953929,0.0419965504750837
"101121",0.427239319000278,0.332807152928669,0.999055014232462,0.927972334166226,0.421079963051973,0.936185131424754,0.311006813115805
"101122",0.327535803056157,0.174058761264559,0.971568745213901,0.88866525713046,0.304750618567764,0.870309646881639,0.179268663938503
"101123",0.354260902292466,0.216870754882236,0.978250853103802,0.898662148042866,0.335743437478245,0.887010359443503,0.137616787887455
"101124",0.499431864500852,0.356810452485981,1,1,0.47929623030214,1,0.313853422153117
"101125",0.491365290048782,0.404011813265809,1,0.992206581967189,0.486424389496829,1,0.424748485505311
"101126",0.349694793606414,0.267359140594516,0.911696928937329,0.842050411151658,0.34588083457671,0.854688757366416,0.209662932833656
"101127",0.304486673366015,0.186618478295165,0.902356984674787,0.826814729009025,0.290946442104693,0.823319027455867,0.116098171518846
"101128",0.40278904747703,0.280624995307649,0.997808568283939,0.922752379747437,0.38800569220614,0.916469445445508,0.14928103415303
"101129",0.382291980835264,0.265563290369714,0.972299347426971,0.898127117293766,0.36909547388911,0.894341486277661,0.136181093497617
"101130",0.349162444851214,0.226253757455759,0.950086201161648,0.874109303813659,0.334366086437085,0.868069718764338,0.122200272820607
"101131",0.403535272635304,0.268935572248174,1,0.942502471489888,0.38541573566153,0.931800436199298,0.165096103077119
"101132",0.426184965902853,0.357259347216766,0.971338628295768,0.904279084202292,0.425875565537277,0.922711960821069,0.305244687358922
"101133",0.394285240542419,0.367407597377412,0.884843965816562,0.821317941655793,0.410282536776248,0.852938521242906,0.293750288918512
"101134",0.273246148506124,0.244755235494749,0.753743755360818,0.696551253349562,0.284734374108277,0.73467684278196,0.0751117917634224
"101135",0.348995180013022,0.223043998395019,0.935924308236355,0.862324955743437,0.333003687943257,0.852944234358228,0.00354664310270092
"101136",0.321191093449371,0.178609949702609,0.932916194604759,0.855081874940561,0.300654344861508,0.839176556161489,0.0175777543350322
"101137",0.371300612791025,0.246960715877664,0.972704572535225,0.896452776949145,0.355895004786065,0.889707872925901,0.15702156991977
"101138",0.368786144333136,0.294957722621515,0.916111885635051,0.848698083192867,0.367140397284708,0.864596278739389,0.218646685437573
"101139",0.333215681135473,0.297172323655308,0.809255281817848,0.752801778065283,0.347359483416011,0.796121988579627,0.174298707250833
"101140",0.351274037480798,0.297302487093048,0.879400472240347,0.815326649527362,0.355689402390758,0.841770680623723,0.201205267530595
"101141",0.311254848624091,0.165402591145179,0.911179995256799,0.835492048821326,0.289588208335633,0.816353503963971,0
"101142",0.223707745656891,0.102280441709129,0.783034548692898,0.714502914406283,0.208988642404553,0.704514527129356,0
"101143",0.373324349008418,0.285253853459497,0.924796759147913,0.856574986367273,0.367552399900867,0.864813994949151,0.122292087543361
"101144",0.380013765686326,0.306713061811709,0.923419161708774,0.856633512832111,0.378662543480742,0.872906141842804,0.203631516999432
"101145",0.308670377925049,0.212729579839677,0.889267566785456,0.817099275186581,0.30155696604086,0.824037482634761,0.111790476421857
"101146",0.316015585913102,0.241107852241967,0.8878755885997,0.817751369307258,0.315129211768891,0.835625049515913,0.130630821449094
"101147",0.355327814593984,0.185181799859004,0.991289084526693,0.909001507369676,0.326568187577312,0.880480726606967,0.0293886546702609
"101148",0.306436095750061,0.150075782420995,0.922343371436708,0.843663491467856,0.281705728061923,0.820532335779323,0
"101149",0.366362866031306,0.280531635626277,0.911641168776699,0.844355303467864,0.361086378468115,0.853194042337711,0.105798729486917
"101150",0.355546600940854,0.307236862203291,0.828189630986204,0.772059042176762,0.368227232352844,0.812406878636991,0.168967763237227
"101151",0.307624073565249,0.245144189200743,0.824046199705886,0.761869771239356,0.31476946604956,0.792888551073446,0.120218118225477
"101152",0.321069634385828,0.237120474468082,0.900595338756727,0.829361000947982,0.318462233159067,0.844263349763641,0.112257740752454
"101153",0.341666718877952,0.215060010774005,0.922971062401171,0.849886248093521,0.325132228286602,0.839605652825369,0.00734982237493476
"101154",0.256418298923071,0.129655977687738,0.828849117271243,0.757805690205277,0.240076837212071,0.746339968955384,0
"101155",0.317501971148219,0.266563045703606,0.775632297059422,0.721692755649879,0.331311768472704,0.763438981912441,0.0662472100303062
"101156",0.300307544017839,0.217604299309505,0.850314042192269,0.782828898571501,0.297148579871126,0.795537816125834,0.0465443268579419
"101157",0.304795952687228,0.218062015376411,0.8560698831483,0.788577784639601,0.301228318388102,0.800333840776068,0.019955728525649
"101158",0.383869474799226,0.262277424543902,0.965244221247679,0.891953917694477,0.36866013741635,0.88455423214537,0.10264778989729
