"","Andrena_carlini","Andrena_miserabilis","Osmia_atriventris","Osmia_bucephala","Osmia_lignaria","Osmia_pumila","Andrena_violae","latitude"
"100001",0,0,0,0,0,0,0,25.316
"100002",0,0,0,0,0,0,0,25.329
"100003",0,0,0,0,0,0,0,25.637
"100004",0,0,0,0,0,0,0,25.637
"100005",0,0,0,0,0,0,0,25.669
"100006",0,0,0,0,0,0.0203464155328835,0,25.963
"100007",0,0,0,0,0,0,0,25.961
"100008",0,0,0,0,0,0,0,25.961
"100009",0,0,0,0,0,0,0,25.962
"100010",0,0,0.00703830327301503,0,0,0.0239043601341084,0,26.291
"100011",0,0,0,0,0,0.017652821974877,0,26.283
"100012",0,0,0,0,0,0,0,26.283
"100013",0,0,0,0,0,0,0,26.283
"100014",0,0,0,0,0,0,0,26.284
"100015",0,0,0,0,0,0,0,26.611
"100016",0,0,0,0,0,0.0133309495113325,0,26.605
"100017",0,0,0,0,0,0,0,26.605
"100018",0,0,0,0,0,0,0,26.605
"100019",0,0,0,0,0,0,0,26.605
"100020",0,0,0,0,0,0,0,26.605
"100021",0,0,0,0,0,0,0,26.938
"100022",0,0,0,0,0,0,0,26.926
"100023",0,0,0,0,0,0,0,26.926
"100024",0,0,0,0,0,0,0,26.926
"100025",0,0,0,0,0,0,0,26.926
"100026",0,0,0,0,0,0.0123571364087945,0,26.924
"100027",0,0,0.0129791231681373,0,0,0.0250583787316846,0,27.262
"100028",0,0,0,0,0,0,0,27.246
"100029",0,0,0,0,0,0,0,27.246
"100030",0,0,0,0,0,0,0,27.246
"100031",0,0,0,0,0,0,0,27.246
"100032",0,0,0,0,0,0,0,27.246
"100033",0,0,0,0,0,0,0,27.231
"100034",0,0,0.0207114325774218,0.0103951320416393,0,0.0299870903454013,0,27.556
"100035",0,0,0,0,0,0.0203741279524344,0,27.565
"100036",0,0,0,0,0,0,0,27.565
"100037",0,0,0,0,0,0,0,27.565
"100038",0,0,0,0,0,0,0,27.565
"100039",0,0,0,0,0,0,0,27.565
"100040",0,0,0,0,0,0,0,27.903
"100041",0,0,0,0,0,0,0,27.883
"100042",0,0,0,0,0,0,0,27.883
"100043",0,0,0.00364212407973073,0,0,0.0229008435023748,0,27.883
"100044",0,0,0.0133795999061028,0,0,0.0293779631543663,0,27.883
"100045",0,0,0,0,0,0,0,27.875
"100046",0,0,0.00839789503296976,0,0,0.0242474937965456,0,28.2
"100047",0,0,0,0,0,0.0232984160578692,0,28.2
"100048",0,0,0,0,0,0,0,28.2
"100049",0,0,0,0,0,0.0169157491129798,0,28.2
"100050",0,0,0,0,0,0.0181539285007306,0,28.2
"100051",0,0,0,0,0,0,0,28.193
"100052",0,0,0.0345315029901916,0.0277305199989284,0,0.044017000619673,0,28.516
"100053",0,0,0.0611170082545658,0.0537191889833333,0,0.0638763078362772,0,28.516
"100054",0,0,0,0,0,0.0267203056043861,0,28.516
"100055",0,0,0,0,0,0,0,28.516
"100056",0,0,0,0,0,0,0,28.516
"100057",0,0,0,0,0,0,0,28.511
"100058",0,0,0.0333977008008996,0.0268511801960413,0,0.0438852208365662,0,28.831
"100059",0,0,0.0412774199078121,0.034329643489668,0,0.0485488754190701,0,28.831
"100060",0,0,0,0,0,0.0222464441452164,0,28.831
"100061",0,0,0,0,0,0,0,28.831
"100062",0,0,0,0,0,0,0,28.829
"100063",0,0,0,0,0,0.0259114946494799,0,29.174
"100064",0,0,0.0188134337910419,0.0098275101858734,0,0.0344220243656885,0,29.146
"100065",0,0,0.00429471462760321,0,0,0.030432822540777,0,29.146
"100066",0,0,0,0,0,0.00821347559299604,0,29.146
"100067",0,0,0,0,0,0,0,29.146
"100068",0,0,0,0,0,0,0,29.123
"100069",0,0,0.027106677590675,0.0202778235408273,0,0.0399040752923867,0,29.476
"100070",0,0,0.0319599615108741,0.0246997889332426,0,0.0413536479725293,0,29.459
"100071",0,0,0.0236878276740757,0.0163065537806948,0,0.0383015784496632,0,29.459
"100072",0,0,0,0,0,0,0,29.459
"100073",0,0,0,0,0,0,0,29.459
"100074",0,0,0,0,0,0,0,29.458
"100075",0,0,0.0602862636826724,0.052832051507066,0,0.0629402592038838,0.0280509054956087,29.824
"100076",0,0,0.0458733676931911,0.0386364355385727,0,0.0508210520525867,0,29.805
"100077",0,0,0.0382447620916996,0.0316999483179927,0,0.0470220117927799,0,29.771
"100078",0,0,0.0332164914467524,0.0256537691401648,0,0.0414487687381779,0,29.771
"100079",0,0,0.0209720879279043,0.0124404988511979,0,0.0358577682595475,0,29.771
"100080",0,0,0,0,0,0.0222807970183546,0,29.771
"100081",0,0,0,0,0,0,0,29.771
"100082",0,0,0,0,0,0,0,29.763
"100083",0,0,0.0546281944325036,0.0477821752321601,0,0.0598765533522883,0,30.145
"100084",0,0.00524947216065734,0.0655609347582142,0.0578857113293724,0.000201583629545954,0.0675864251137031,0.0207987646526552,30.085
"100085",0,0.00246273991790365,0.0681011325043959,0.0600446183859439,0.000150135187565478,0.0684869776439056,0.0350210932939711,30.083
"100086",0,0.00046502243218861,0.0645743196227429,0.0568383660657996,0,0.0661351458725936,0.0256048419247492,30.084
"100087",0,0,0.0531192247888215,0.0459013512490118,0,0.0578793610122271,0,30.142
"100088",0,0,0.0405969132900211,0.03377677679604,0,0.0486788780108135,0,30.118
"100089",0,0,0.0333088484244543,0.0264780107529963,0,0.0435613644491619,0,30.083
"100090",0,0,0.034516482679495,0.0275789902216855,0,0.043968809449508,0,30.083
"100091",0,0,0.031512026186908,0.0239537890363605,0,0.0405601090187941,0,30.083
"100092",0,0,0,0,0,0.0245170521470986,0,30.083
"100093",0,0,0,0,0,0.0252727757491008,0,30.083
"100094",0,0,0,0,0,0,0,30.083
"100095",0,0,0,0,0,0,0,30.072
"100096",0,0,0.0587079691015446,0.051526822153913,0,0.0610634195499415,0.0132751862666462,30.444
"100097",0,0,0.0633377908147562,0.0557270230887496,0,0.0639491063119665,0.034966867810629,30.469
"100098",0,0,0.0557814501538551,0.0488307095270308,0,0.0595055385810676,0.0243807343547311,30.459
"100099",0,0,0.055641524205197,0.0488435796122192,0,0.0605672388980968,0.0156094889768015,30.411
"100100",0,0.00671532503582416,0.0627588832270789,0.0555551400267245,0.000258273292343516,0.0659578724124213,0.0295409669490435,30.393
"100101",0.000233223980809045,0.0098106811639635,0.0690554920624473,0.0612244129846471,0.00313374327552736,0.0701550895036365,0.0372049904756932,30.393
"100102",0,0.00325447382438504,0.0671851208498926,0.0592394801155695,6.73252009280592e-05,0.0682811083578919,0.014552604363889,30.393
"100103",0,0,0.0596895432159378,0.0520787813480621,0,0.0625918409095594,0,30.393
"100104",0,0,0.0557000637770819,0.048264358852838,0,0.0598317297055989,0,30.393
"100105",0,0,0.0513725863647546,0.0443550085742009,0,0.0569644675782177,0,30.393
"100106",0,0,0.028538588938821,0.0217269348845766,0,0.0414175252346232,0,30.393
"100107",0,0,0.0365003735786947,0.0296366223782963,0,0.045793971250047,0,30.393
"100108",0,0,0.0289729595885905,0.0216228449108795,0,0.0401169337686898,0,30.393
"100109",0,0,0,0,0,0.0239462047805685,0,30.393
"100110",0,0,0.00913882881485124,0,0,0.0270328427398833,0,30.393
"100111",0,0,0,0,0,0,0,30.393
"100112",0,0.00116071128280512,0.0625738838671765,0.0551770373716528,0,0.0644098031601921,0.00950126118747595,30.735
"100113",0,0.00120869525353481,0.0618209619942523,0.0546442582868432,0,0.0639606625915124,0.0185028890533897,30.703
"100114",0,9.26887727646387e-05,0.059073390469162,0.05213742555135,0,0.0622315070371112,0.0237498812839857,30.703
"100115",0,0,0.0574193689784007,0.0503738108388722,0,0.0608680990697214,0.0274246202254459,30.703
"100116",0,0,0.0626168339085257,0.0548556233013325,0,0.0639592777013003,0.0402527671463239,30.703
"100117",0,0.00735695894610302,0.0675903890701367,0.0598609424914844,0.00173198201393014,0.0687526013334398,0.0537887676164206,30.703
"100118",0,0.0041277895831552,0.0624125251681422,0.0551259998823635,0,0.0656150462869083,0.0185184267378275,30.703
"100119",0,0,0.0561355493090056,0.0488323430580406,0,0.0604410935149882,0,30.703
"100120",0,0,0.0473565755303863,0.0401012212554024,0,0.0532301282381055,0,30.703
"100121",0,0,0.0377569161529249,0.0308538148048781,0,0.0471678585761451,0,30.703
"100122",0,0,0.0355538553008129,0.0281691367021779,0,0.0441768354982943,0,30.703
"100123",0,0,0.0346116903658702,0.0272119081133871,0,0.0434217777549905,0,30.703
"100124",0,0,0.0400627033256222,0.0331233889799533,0,0.0483560345559277,0,30.703
"100125",0,0,0.0291888056741176,0.0219769117911446,0,0.0409210987850813,0,30.703
"100126",0,0,0.0206472915737604,0.0109894757499694,0,0.0336103603080698,0,30.703
"100127",0,0,0.0144711699188197,0,0,0.0302264614633352,0,30.703
"100128",0,0,0.0239871377181351,0.0146262746676078,0,0.0343659957937092,0,30.703
"100129",0,0,0.0336412109065117,0.0272990018516305,0,0.0455864324779705,0,31.003
"100130",0,0,0.0336832138583192,0.0263249446567757,0,0.0430999202757795,0,31.011
"100131",0,0,0.0308779843204839,0.0236301810605917,0,0.0421219627454263,0,31.011
"100132",0,0,0.0191926956305255,0.00989023155332009,0,0.0353423817154799,0,31.011
"100133",0,0,0.018891818633399,0.00853340963546112,0,0.0335194246254737,0,31.011
"100134",0,0,0.0228228433059152,0.0142237391385161,0,0.0361544010366814,0,31.011
"100135",0,0,0.0256347226430334,0.017217333714768,0,0.0367759508647454,0,31.011
"100136",0,0,0.0318139585204862,0.0241308179174254,0,0.0413856425651635,0,31.011
"100137",0,0,0.0416211294361666,0.0337336113560914,0,0.0465698458374632,0,31.011
"100138",0,0,0.0438253927234137,0.0354783156029684,0,0.0469481974343749,0,31.011
"100139",0,0,0.0301693535884424,0.0225021863535214,0,0.0410566436349111,0,31.315
"100140",0,0,0.0330364685311849,0.0251070264977977,0,0.0411264019316713,0,31.319
"100141",0,0,0.0313227409708818,0.0239472801785002,0,0.0417589534140113,0,31.319
"100142",0,0,0.0194999385771736,0.0109969346362225,0,0.0364348174990764,0,31.319
"100143",0,0,0.0237331029833225,0.0148220934795954,0,0.0356020450809527,0,31.319
"100144",0,0,0.00868413139420094,0,0,0.0263180386853761,0,31.319
"100145",0,0,0.00986928749108608,0,0,0.0277431077103096,0,31.319
"100146",0,0,0.0262749371133675,0.0179185370626503,0,0.0368552365434764,0,31.319
"100147",0,0,0.042222277624357,0.0341601054817036,0,0.0463517251293827,0,31.319
"100148",0,0,0.0287325869669838,0.0197483201400125,0,0.0362663746012817,0,31.319
"100149",0,0,0,0,0,0.00795771754845715,0,31.329
"100150",0,0,0.0271201626922758,0.0186595742034261,0,0.0375189550266676,0,31.632
"100151",0,0,0.0318410615002216,0.0239368378517026,0,0.0404718508740617,0,31.625
"100152",0,0,0.0258623290612347,0.017984844172738,0,0.0380354310040245,0,31.625
"100153",0,0,0.0256098838462414,0.0176689716157017,0,0.0380518934965323,0,31.625
"100154",0,0,0.0220982086570482,0.0125655590804304,0,0.0339918892171083,0,31.625
"100155",0,0,0,0,0,0,0,31.625
"100156",0,0,0,0,0,0.0160640446209139,0,31.625
"100157",0,0,0.011286044761444,0,0,0.025847933108432,0,31.625
"100158",0,0,0.0166552609304922,0,0,0.0280920737791375,0,31.625
"100159",0,0,0,0,0,0,0,31.625
"100160",0,0,0,0,0,0.0185651052689735,0,31.628
"100161",0,0,0.0307209872942909,0.0236574407790462,0,0.0418069924084754,0,31.924
"100162",0,0,0.0294398558484259,0.0220570203731385,0,0.0404954722685305,0,31.931
"100163",0,0,0.0263855118290509,0.0185134903044349,0,0.038120293781195,0,31.931
"100164",0,0,0.0179340038981585,0.00669855464072887,0,0.032182118320084,0,31.931
"100165",0,0,0.00840119558394963,0,0,0.0255335730617668,0,31.931
"100166",0,0,0,0,0,0,0,31.931
"100167",0,0,0,0,0,0,0,31.931
"100168",0,0,0,0,0,0.0144211777301509,0,31.931
"100169",0,0,0,0,0,0,0,31.931
"100170",0,0,0,0,0,0.00869481139528847,0,31.931
"100171",0,0,0.0239730776525817,0.014325497814504,0,0.0344123573068213,0,31.931
"100172",0,0,0,0,0,0,0,31.959
"100173",0,0,0.0251753828001577,0.0175656190661,0,0.0382177319282686,0,32.224
"100174",0,0,0.0241911093597986,0.0166991066813426,0,0.0381497970345233,0,32.235
"100175",0,0,0.0288649832730445,0.0209418400393694,0,0.0388515036796811,0,32.235
"100176",0,0,0.0272461854636021,0.0184703598954966,0,0.0360843948043008,0,32.235
"100177",0,0,0.0182973282244801,0.00363473853513188,0,0.0287875866362222,0,32.235
"100178",0,0,0,0,0,0,0,32.235
"100179",0,0,0,0,0,0,0,32.235
"100180",0,0,0,0,0,0,0,32.235
"100181",0,0,0,0,0,0,0,32.235
"100182",0,0,0,0,0,0.0184734417860591,0,32.235
"100183",0,0,0,0,0,0.018993249701067,0,32.235
"100184",0,0,0,0,0,0,0,32.237
"100185",0,0,0,0,0,0.0285864286492569,0,32.553
"100186",0,0,0.0166968701205023,0.00494074639415071,0,0.0328222551413251,0,32.539
"100187",0,0,0.0263038387597322,0.0171778062859324,0,0.0355855745117998,0,32.539
"100188",0,0,0.0262089006743708,0.0172044469921399,0,0.0359180273921429,0,32.539
"100189",0,0,0.0103653529001011,0,0,0.0272819981832187,0,32.539
"100190",0,0,0,0,0,0.0195779310464227,0,32.539
"100191",0,0,0,0,0,0,0,32.539
"100192",0,0,0,0,0,0,0,32.539
"100193",0,0,0,0,0,0,0,32.539
"100194",0,0,0,0,0,0,0,32.539
"100195",0,0,0,0,0,0,0,32.539
"100196",0,0,0,0,0,0.0143825087223582,0,32.539
"100197",0,0,0,0,0,0,0,32.54
"100198",0,0,0,0,0,0,0,32.602
"100199",0,0,0.0219624678358094,0.0130738996086681,0,0.035593807605839,0,32.841
"100200",0,0,0.0179632543139033,0.00639008638290195,0,0.0325287311126252,0,32.841
"100201",0,0,0,0,0,0.0156650434287078,0,32.841
"100202",0,0,0.00732113295780865,0,0,0.0272597232452832,0,32.841
"100203",0,0,0,0,0,0.0215334103817618,0,32.841
"100204",0,0,0,0,0,0.0231919420721687,0,32.841
"100205",0,0,0,0,0,0.0144734438309528,0,32.841
"100206",0,0,0,0,0,0,0,32.841
"100207",0,0,0,0,0,0,0,32.841
"100208",0,0,0,0,0,0,0,32.841
"100209",0,0,0,0,0,0,0,32.841
"100210",0,0,0,0,0,0,0,32.841
"100211",0,0,0,0,0,0,0,32.841
"100212",0,0,0,0,0,0,0,32.841
"100213",0,0,0,0,0,0,0,32.857
"100214",0,0,0.0314329934036336,0.0239429027604391,0,0.0412835806506594,0,33.142
"100215",0,0,0.0262690051187509,0.0177738581160209,0,0.0368304970105402,0,33.142
"100216",0,0,0.0120758093072225,0,0,0.0280438099953507,0,33.142
"100217",0,0,0.00728313890345691,0,0,0.026864169812865,0,33.142
"100218",0,0,0.00921348890688135,0,0,0.0272931603372125,0,33.142
"100219",0,0,0.0180094021204582,0.00554462150899271,0,0.0307571591235178,0,33.142
"100220",0,0,0,0,0,0.0213102940676706,0,33.142
"100221",0,0,0,0,0,0,0,33.142
"100222",0,0,0,0,0,0,0,33.142
"100223",0,0,0,0,0,0,0,33.142
"100224",0,0,0,0,0,0,0,33.142
"100225",0,0,0,0,0,0,0,33.142
"100226",0,0,0,0,0,0,0,33.142
"100227",0,0,0,0,0,0,0,33.142
"100228",0,0,0,0,0,0,0,33.142
"100229",0,0,0,0,0,0,0,33.149
"100230",0,0,0.0345291373569942,0.0272837408691599,0,0.0434934011671379,0,33.443
"100231",0,0,0.0350399479438481,0.0272859889772145,0,0.0422599899709526,0.000964985141246447,33.443
"100232",0,0,0.0348198216384143,0.0264034823339421,0,0.0404086310790768,0,33.443
"100233",0,0,0.0282996333975136,0.0194437082050413,0,0.0364272362976093,0,33.443
"100234",0,0,0.0210478630487496,0.0105255277805366,0,0.0326220383840615,0,33.443
"100235",0,0,0.0047455014589461,0,0,0.0249861176361251,0,33.443
"100236",0,0,0,0,0,0.0249832001019845,0,33.443
"100237",0,0,0,0,0,0.0247844412911676,0,33.443
"100238",0,0,0,0,0,0,0,33.443
"100239",0,0,0,0,0,0,0,33.443
"100240",0,0,0,0,0,0,0,33.443
"100241",0,0,0,0,0,0,0,33.443
"100242",0,0,0,0,0,0,0,33.443
"100243",0,0,0,0,0,0,0,33.443
"100244",0,0,0,0,0,0,0,33.443
"100245",0,0,0,0,0,0,0,33.443
"100246",0,0,0,0,0,0,0,33.46
"100247",0,0,0.0419928977333603,0.034102289933627,0,0.0459215728406685,0,33.748
"100248",0,0,0.031176211685355,0.0241173096499927,0,0.0420298041839638,0,33.742
"100249",0,0,0.0449214544619848,0.0371421759931362,0,0.0494628093118298,0.111901695760257,33.742
"100250",0,0,0.0523943970158023,0.0437984771452238,0,0.0536782478953984,0.093298991326925,33.742
"100251",0,0,0.0360328200317807,0.0281009429250935,0,0.0426974902269868,0,33.742
"100252",0,0,0.0181380040111682,0.00591280153116549,0,0.0318748703841299,0,33.742
"100253",0,0,0.014055590213137,0,0,0.0295439368097998,0,33.742
"100254",0,0,0.022944550916682,0.0132401763294907,0,0.0337482892110973,0,33.742
"100255",0,0,0,0,0,0.0171952711040359,0,33.742
"100256",0,0,0,0,0,0.0173179886519882,0,33.742
"100257",0,0,0,0,0,0,0,33.742
"100258",0,0,0,0,0,0,0,33.742
"100259",0,0,0,0,0,0,0,33.742
"100260",0,0,0,0,0,0,0,33.742
"100261",0,0,0,0,0,0,0,33.742
"100262",0,0,0,0,0,0,0,33.742
"100263",0,0,0,0,0,0,0,33.742
"100264",0,0,0,0,0,0,0,33.742
"100265",0,0,0,0,0,0,0,33.789
"100266",0,0,0.0223670186709395,0.0139289031167272,0,0.0350439446890032,0,34.045
"100267",0,0,0.0246089428519595,0.0166246042647975,0,0.0366725195628373,0,34.04
"100268",0,0,0.0464014070981672,0.0384856281250457,0,0.0502311673028282,0.125139916643369,34.04
"100269",0,0,0.0580248203105374,0.0493004611230162,0,0.0573829884595278,0.0848692551881241,34.04
"100270",0,0,0.04028987391949,0.0326321886412963,0,0.0463079332598886,0,34.04
"100271",0,0,0.0241735884205057,0.0155443800630968,0,0.0364542505173785,0,34.04
"100272",0,0,0.0383128354425418,0.0303281415032526,0,0.0442397294481308,0,34.04
"100273",0,0,0.0482328331874118,0.039615119771638,0,0.04960245675932,0,34.04
"100274",0,0,0.0150284945646429,0,0,0.029747990792072,0,34.04
"100275",0,0,0,0,0,0.0061737459904554,0,34.04
"100276",0,0,0,0,0,0,0,34.04
"100277",0,0,0,0,0,0,0,34.04
"100278",0,0,0,0,0,0,0,34.04
"100279",0,0,0,0,0,0,0,34.04
"100280",0,0,0,0,0,0,0,34.04
"100281",0,0,0,0,0,0,0,34.04
"100282",0,0,0,0,0,0,0,34.04
"100283",0,0,0,0,0,0,0,34.04
"100284",0,0,0,0,0,0,0,34.04
"100285",0,0,0,0,0,0,0,34.042
"100286",0,0,0,0,0,0,0,34.047
"100287",0,0,0.0159903630699718,0,0,0.029590283239509,0,34.34
"100288",0,0,0.0201299058643802,0.0102432250276029,0,0.0333113895800418,0,34.337
"100289",0,0,0.0340355230360418,0.0273783714967734,0,0.0446628828937331,0,34.337
"100290",0,0,0.0395184610978332,0.0327218237918239,0,0.0483691645096095,0,34.337
"100291",0,0,0.0450234905873756,0.0375454242087518,0,0.0506246803783335,0,34.337
"100292",0,0,0.0311430392442546,0.0237187846281972,0,0.0409512224945198,0,34.337
"100293",0,0,0.0362827063352422,0.0294150491308709,0,0.0457917666293466,0,34.337
"100294",0,0,0.0449654403135099,0.0374929378471447,0,0.0504986969283674,0,34.337
"100295",0,0,0.0208390940071515,0.0120493706954155,0,0.0357683635544893,0,34.337
"100296",0,0,0,0,0,0.02019619945064,0,34.337
"100297",0,0,0,0,0,0,0,34.337
"100298",0,0,0,0,0,0,0,34.337
"100299",0,0,0,0,0,0,0,34.337
"100300",0,0,0,0,0,0.00980149256762261,0,34.337
"100301",0,0,0,0,0,0.0168136208946411,0,34.337
"100302",0,0,0,0,0,0,0,34.337
"100303",0,0,0,0,0,0,0,34.337
"100304",0,0,0,0,0,0,0,34.337
"100305",0,0,0,0,0,0,0,34.337
"100306",0,0,0,0,0,0,0,34.337
"100307",0,0,0,0,0,0,0,34.337
"100308",0,0,0,0,0,0,0,34.364
"100309",0,0,0.00510976133415886,0,0,0.0247582867663349,0,34.634
"100310",0,0,0.0181988627274405,0.00803768641306754,0,0.0335537418278517,0,34.634
"100311",0,0,0.0354576805638278,0.0291907595927147,0,0.0469595806914435,0,34.634
"100312",0,0.00813288385131945,0.0682471343041156,0.0603775676429786,0.00146406392497649,0.0695312457845649,0,34.634
"100313",0,0,0.0635769607675969,0.055728684209552,0,0.0653664075529721,0,34.634
"100314",0,0,0.0482744115635405,0.0413248882228436,0,0.055046124435556,0,34.634
"100315",0,0,0.030704993354187,0.0245794011376426,0,0.0446003538808295,0,34.634
"100316",0,0,0.0226942624918519,0.0152943246336682,0,0.0388244084194272,0,34.634
"100317",0,0,0.00463720036999928,0,0,0.0303105020674023,0,34.634
"100318",0,0,0,0,0,0.0184921090838561,0,34.634
"100319",0,0,0,0,0,0,0,34.634
"100320",0,0,0,0,0,0,0,34.634
"100321",0,0,0,0,0,0,0,34.634
"100322",0,0,0,0,0,0,0,34.634
"100323",0,0,0,0,0,0,0,34.634
"100324",0,0,0,0,0,0,0,34.634
"100325",0,0,0,0,0,0,0,34.634
"100326",0,0,0,0,0,0,0,34.634
"100327",0,0,0,0,0,0,0,34.634
"100328",0,0,0,0,0,0,0,34.634
"100329",0,0,0,0,0,0.0122705972745338,0,34.634
"100330",0,0,0,0,0,0,0,34.634
"100331",0,0,0,0,0,0,0,34.648
"100332",0,0,0.0251100220713978,0.01739739291976,0,0.0365549527251339,0,34.883
"100333",0,0,0.0159327843882924,0.00573372516382609,0,0.0342924974368441,0,34.884
"100334",0,0.00635889066205379,0.0531012914787662,0.0470491650744925,0,0.0610426107209534,0,34.885
"100335",0,0,0.0625624079484697,0.0547711779290777,0,0.0642597168184397,0,34.921
"100336",0,0,0.0675065616820244,0.0590683026580489,0,0.0665066262002528,0,34.929
"100337",0.0290554456601923,0.0371716517686679,0.081144906211664,0.0727412063243792,0.0463710958367213,0.0803440003587865,0,34.929
"100338",0.0044462668614352,0.0212403524668146,0.0709209894073406,0.0632425517984739,0.0120234462339445,0.0728136004734717,0,34.929
"100339",0,0,0.0389733510856501,0.0323695132653535,0,0.0493042976010273,0,34.929
"100340",0,0,0,0,0,0.030954223553215,0,34.929
"100341",0,0,0,0,0,0.00425833344644321,0,34.929
"100342",0,0,0,0,0,0,0,34.929
"100343",0,0,0,0,0,0,0,34.929
"100344",0,0,0,0,0,0,0,34.929
"100345",0,0,0,0,0,0,0,34.929
"100346",0,0,0,0,0,0,0,34.929
"100347",0,0,0,0,0,0,0,34.929
"100348",0,0,0,0,0,0.00553541927540879,0,34.929
"100349",0,0,0,0,0,0,0,34.929
"100350",0,0,0,0,0,0,0,34.929
"100351",0,0,0,0,0,0,0,34.929
"100352",0,0,0,0,0,0,0,34.929
"100353",0,0,0,0,0,0,0,34.929
"100354",0,0,0,0,0,0,0,34.929
"100355",0,0,0,0,0,0,0,34.922
"100356",0,0,0,0,0,0,0,34.908
"100357",0.0410822639404599,0.0422620491570339,0.0835729366350188,0.0750077837212158,0.0619507627439197,0.0820140075346345,0,35.222
"100358",0.064262904669843,0.045410743447845,0.0910607282503183,0.0817049780773137,0.0888238973876296,0.0862744503489802,0,35.223
"100359",0.0612443089400484,0.0410003443025771,0.0925530561452757,0.0828222451540543,0.0827905891097973,0.0866615747431542,0,35.223
"100360",0.063361541352465,0.0443018568081887,0.0925127193441663,0.0828088335406462,0.087415692854382,0.0871298674524804,0,35.223
"100361",0,0,0.0385888485096988,0.0333730121051437,0,0.051454053888334,0,35.223
"100362",0,0,0,0,0,0.0240099910565384,0,35.223
"100363",0,0,0,0,0,0.0205541783626434,0,35.223
"100364",0,0,0,0,0,0,0,35.223
"100365",0,0,0,0,0,0,0,35.223
"100366",0,0,0,0,0,0,0,35.223
"100367",0,0,0,0,0,0,0,35.223
"100368",0,0,0,0,0,0.0145162346566184,0,35.223
"100369",0,0,0.0207677074001331,0.0117487114479585,0,0.0358274438851765,0,35.223
"100370",0,0,0,0,0,0.0198304618752774,0,35.223
"100371",0,0,0,0,0,0,0,35.223
"100372",0,0,0,0,0,0,0,35.223
"100373",0,0,0,0,0,0,0,35.223
"100374",0,0,0,0,0,0,0,35.223
"100375",0,0,0,0,0,0,0,35.223
"100376",0,0,0,0,0,0,0,35.224
"100377",0,0,0,0,0,0,0,35.222
"100378",0.000285450431104613,0.0130423828350444,0.0697829867529485,0.0620292078265472,0.00396533176586504,0.0715759475674143,0,35.484
"100379",0.088910255124197,0.0527928929403781,0.0951531924138041,0.085498275001848,0.120225844061086,0.0890781922371717,0,35.516
"100380",0,0.000251109755883955,0.0703138679238463,0.062219124523936,0.000478858964812656,0.068927946929385,0,35.516
"100381",0,0,0.0203689175390561,0.011482586303017,0,0.0350392949191382,0,35.516
"100382",0,0,0.0277731656427728,0.0211576727608371,0,0.041529555217869,0,35.516
"100383",0,0,0.0306960805837867,0.0235007202735237,0,0.0417112788794777,0,35.516
"100384",0,0,0,0,0,0,0,35.516
"100385",0,0,0,0,0,0,0,35.516
"100386",0,0,0,0,0,0,0,35.516
"100387",0,0,0,0,0,0.0166858199937726,0,35.516
"100388",0,0,0.0471210292021398,0.0404877711016364,0,0.0547085983616387,0,35.516
"100389",0,0,0.0372861824197457,0.0302475020656826,0,0.046169504653764,0,35.516
"100390",0,0,0.0361377735485474,0.0285290447989778,0,0.044405034992712,0,35.516
"100391",0,0,0.0322736022702897,0.0247250492872115,0,0.041535886574806,0,35.516
"100392",0,0,0,0,0,0.0203236301356663,0,35.516
"100393",0,0,0,0,0,0,0,35.516
"100394",0,0,0,0,0,0,0,35.516
"100395",0,0,0,0,0,0,0,35.516
"100396",0,0,0,0,0,0,0,35.519
"100397",0,0,0,0,0,0,0,35.538
"100398",0,0,0,0,0,0,0,35.521
"100399",0,0,0,0,0,0,0,35.558
"100400",0,0,0.059264104823837,0.0516827913370942,0,0.0614519199395965,0,35.8
"100401",0,0,0.0663208029994566,0.0581771299707049,0,0.0663197377990439,0,35.808
"100402",0,0.00345859784457219,0.0691138512491153,0.0609261431610102,0.000301267231843512,0.0693419579256547,0,35.808
"100403",0,0,0.0392941127918542,0.0326300405094181,0,0.0487456041428885,0,35.808
"100404",0,0,0.0183056317832884,0.00864470030544388,0,0.0344757554489451,0,35.808
"100405",0,0,0,0,0,0.0193212011649202,0,35.808
"100406",0,0,0,0,0,0,0,35.808
"100407",0,0,0,0,0,0.0113090768608814,0,35.808
"100408",0,0,0.0266619792232096,0.019039604595258,0,0.0388471724503969,0,35.808
"100409",0,0,0.0500609005539397,0.0427607585506043,0,0.05505669478751,0,35.808
"100410",0,0,0.0579467472821656,0.0502677226973615,0,0.0610091184771248,0,35.808
"100411",0,0,0.0638911857157611,0.0556404664827117,0,0.0643239675993146,0,35.808
"100412",0,0,0.0328183053090586,0.0253845188712712,0,0.0420982064064589,0,35.808
"100413",0,0,0,0,0,0,0,35.808
"100414",0,0,0,0,0,0,0,35.808
"100415",0,0,0,0,0,0,0,35.808
"100416",0,0,0,0,0,0,0,35.808
"100417",0,0,0,0,0,0,0,35.804
"100418",0,0,0,0,0,0.0175937200464724,0,35.807
"100419",0,0,0,0,0,0.0198661900280218,0,35.804
"100420",0.0116709193787443,0.0122737893416696,0.083726165755217,0.0740589287483654,0.0172382798817903,0.0785939058934593,0.0208731812443582,36.064
"100421",0.00292907792362886,0.0108226692447476,0.0753760217567298,0.0668377599840075,0.00748723701815059,0.0738327299482893,0.0438765031686503,36.099
"100422",0,0,0.0369313910582703,0.0306243900277932,0,0.0478847354350533,0,36.099
"100423",0,0,0.0223089940847536,0.0145103093518823,0,0.0371486355258736,0,36.099
"100424",0,0,0.0107082029352918,0,0,0.0282665071991591,0,36.099
"100425",0,0,0,0,0,0.0172506527442261,0,36.099
"100426",0,0,0.0306076971909203,0.0230217342318417,0,0.0405830105347975,0,36.099
"100427",0,0,0.0502379950172261,0.0433520808669988,0,0.0565997048131444,0,36.099
"100428",0,0.00254200278669589,0.0579112870524647,0.0509395149396115,0,0.0634057967148043,0,36.099
"100429",0,0,0.0665522397866162,0.0582767638058794,0,0.0667926230510724,0.000485158422133274,36.099
"100430",0,0,0.0409184971386614,0.0337657790349515,0,0.0481474743996469,0,36.099
"100431",0,0,0,0,0,0,0,36.099
"100432",0,0,0,0,0,0,0,36.099
"100433",0,0,0,0,0,0,0,36.099
"100434",0,0,0,0,0,0,0,36.099
"100435",0,0,0,0,0,0,0,36.115
"100436",0,0,0,0,0,0,0,36.141
"100437",0,0.00654399082807196,0.0692953415156148,0.0612245090562541,0.00131526411807482,0.0698336413726352,0.0159960304088496,36.365
"100438",0,0,0.0632889879886449,0.0553813987406579,0,0.0646966764431268,0,36.388
"100439",0,0,0.0502570080416437,0.0432095019509259,0,0.0553745521117984,0,36.388
"100440",0,0,0.0347931154938267,0.0276383280608198,0,0.0437730487322969,0,36.388
"100441",0,0,0.0356407285646286,0.0278827061533642,0,0.0434154396026696,0,36.388
"100442",0,0,0.0364788360227495,0.0288847555000804,0,0.0439678172590748,0,36.388
"100443",0,0,0.0348848715525278,0.0282679770346942,0,0.0456696124936592,0,36.388
"100444",0,0,0.0476084133662407,0.040526549366758,0,0.0536061301218452,0,36.388
"100445",0,0,0.0496288317135689,0.0425195144392943,0,0.0549818933484906,0,36.388
"100446",0,0,0.0407877727342161,0.0335072668401684,0,0.0474965615887154,0,36.388
"100447",0,0,0,0,0,0,0,36.388
"100448",0,0,0.00591984492589759,0,0,0.025665083048693,0,36.388
"100449",0,0,0.0199604467816698,0.00950534695135878,0,0.0318556939320736,0,36.388
"100450",0,0,0.0240279351131585,0.0144536795715145,0,0.0328416654461308,0,36.388
"100451",0,0,0.0172719467780083,0.00364229282052947,0,0.0292279689461943,0,36.39
"100452",0,0,0.0140606019915997,0,0,0.0294057834905364,0,36.39
"100453",0,0,0,0,0,0,0,36.379
"100454",0,0,0.0595713231628242,0.0518401951173112,0,0.0610154042456272,0.0108601524096718,36.688
"100455",0,0,0.0454145443716613,0.0388337232469047,0,0.0522162441636762,0.0123277615344467,36.708
"100456",0,0,0.0372790643216573,0.0310659943179551,0,0.0474648552803302,0,36.708
"100457",0,0,0.0469536357883327,0.0405212104709846,0,0.0544518346429913,0,36.713
"100458",0,0,0.0642693305086772,0.05591919291805,0,0.0638901638808117,0.027784463020641,36.697
"100459",0,0,0.0580972165355601,0.0503832222273224,0,0.0602931898070182,0,36.677
"100460",0,0,0.0575550179745893,0.0496121854464282,0,0.0589174056958781,0.00434082174412584,36.677
"100461",0,0.00169372741160503,0.0594301967863595,0.05259929708765,0,0.0632924079999728,0.0466777974427535,36.677
"100462",0,0.00100490958249877,0.0630143145362776,0.0555299083143099,0,0.0655472349305897,0.0337644606362667,36.677
"100463",0,0,0.0335053527629343,0.0251128131746317,0,0.0397520453151008,0,36.677
"100464",0,0,0.0433175239484229,0.0359215747576202,0,0.0490617146336392,0,36.686
"100465",0,0,0.0483631781526971,0.040876534969801,0,0.0527767807969452,0,36.68
"100466",0,0,0.0517273381361756,0.0440754337372422,0,0.0549419414802849,0.0103644790897175,36.677
"100467",0,0,0.0390035414909087,0.0320032037206974,0,0.0467104342832728,0,36.677
"100468",0,0,0.0169022731306255,0.00628674577873555,0,0.0331010514223302,0,36.677
"100469",0,0,0.0281142022852068,0.0203527564181922,0,0.038096020931946,0,36.677
"100470",0,0,0.0292736594691081,0.0214848034805809,0,0.0383626659081038,0,36.677
"100471",0,0,0.0305743061555978,0.0229015891180097,0,0.0391650388681834,0,36.682
"100472",0,0,0.0586524655152928,0.0517193308242048,0,0.0622609646047644,0.0591518383291427,36.936
"100473",0,0,0.0589554672423577,0.0516403264239293,0,0.0621837806372062,0.0297259229498696,36.965
"100474",0,0.00399349358198535,0.068006721220596,0.0599853662500925,0.000498560510294475,0.068375054243368,0.0345814330314131,36.965
"100475",0.000307147763130084,0.0032467327458495,0.073812597103562,0.0650675391823555,0.00217395007798852,0.0715096119254924,0.0523578411835595,36.965
"100476",0,0,0.0659626579377521,0.0577246609825401,0,0.0657358782208452,0.0283611554719747,36.965
"100477",0,0,0.0548962653550027,0.046872964925335,0,0.0562243442248335,0,36.965
"100478",0,0,0.0624368568178002,0.0543926889348705,0,0.0631822000339428,0.0304513517188719,36.964
"100479",0.00362138319592555,0.0108077336106466,0.0758517318821336,0.0671463219576136,0.008341562472237,0.0738686578705572,0.0327830245029688,36.965
"100480",0,0,0.0619530704810466,0.0538027555161998,0,0.0624866557212544,0,36.965
"100481",0,0,0.0613551666496617,0.0523518025249759,0,0.0592838977686562,0,36.965
"100482",0,0,0.0591153609710409,0.0503725417392399,0,0.0580860552132954,0.0120163333680747,36.965
"100483",0,0,0.055237618561579,0.0469531372497476,0,0.0559279230230015,0.0197179719834214,36.965
"100484",0,0,0.0391962684992642,0.0319105563027851,0,0.0459946655854384,0,36.965
"100485",0,0,0.0361259480869312,0.028605071249291,0,0.0432120932349106,0,36.965
"100486",0,0,0.0380990267103285,0.0304081104317174,0,0.0439610593730137,0,36.965
"100487",0,0,0.03527805571484,0.027684007504072,0,0.042444961236335,0,36.965
"100488",0,0,0.0368549417214968,0.0293669397163829,0,0.0437010623217762,0,36.965
"100489",0,0,0.0365795979417563,0.0296805072459801,0,0.0453759289297106,0,36.958
"100490",0,0,0.0756883580293003,0.0664120572116444,0.000563919878229107,0.0718619950771433,0.0417905262052627,37.187
"100491",0.0108609197443035,0.0175857872764068,0.0787407950049666,0.0699428435197393,0.0181640588421788,0.0762648993107124,0.0295204493871698,37.249
"100492",0.00683146950141224,0.0143319946200979,0.076809823110399,0.0681339739728384,0.0126921662783535,0.0747473154542982,0.0253879956436635,37.251
"100493",0.00212087550434497,0.0108561776390227,0.073055672821795,0.0647634536520085,0.0063196173820258,0.0722865584310326,0.0622746630985883,37.251
"100494",0,0,0.063972682051904,0.0561129372473365,0,0.0651851689374755,0.0406179535416207,37.251
"100495",0.000134525644049415,0,0.077374156882641,0.0679737023977897,0.00136787317109775,0.0731859959665916,0.0676044715853907,37.254
"100496",0.0190625102568264,0.0206790166271792,0.083758596442644,0.0744042714439058,0.0286278206527339,0.0795636446589129,0.0282553798401101,37.251
"100497",0.0236897511931432,0.0229206766989661,0.0849377687769105,0.0755355148468484,0.0341692231274736,0.0804003269959669,0.012160823297072,37.247
"100498",0,0,0.0567614723768734,0.0483643601527915,0,0.0570532439255208,0.00821176677405473,37.251
"100499",0,0,0.0512962837005156,0.0428684365537919,0,0.0522750232617378,0,37.244
"100500",0,0,0.044474860217759,0.0365451672564867,0,0.0480971186868009,0.00348128481120497,37.251
"100501",0,0,0.0375226131569638,0.0297586602593006,0,0.043370582163752,0,37.251
"100502",0,0,0.038824021182674,0.0306976453261766,0,0.0433174639619953,0,37.251
"100503",0,0,0.042347913052803,0.0342110084522327,0,0.0458404722325674,0,37.251
"100504",0,0,0.0433486027863215,0.0357096405832692,0,0.0481359467125375,0,37.253
"100505",0,0,0.0342260056173535,0.0266885348852593,0,0.0422468086386836,0,37.252
"100506",0,0,0.0403564204676535,0.0330255489072999,0,0.0468768743780219,0,37.274
"100507",0,0,0.0598299211454942,0.0522907145838128,0,0.0616626672234442,0,37.272
"100508",0.0143265581174551,0.0205721386901423,0.0799414472056794,0.0710951250461841,0.0230459695802946,0.0773552003267974,0.0330573958755334,37.551
"100509",0.015219955599522,0.0203106548599119,0.0808754211529094,0.0718918332845137,0.0238825153831243,0.0778514921028043,0.0428026629100337,37.537
"100510",0.0203014950029963,0.0267145981211506,0.0806398951259273,0.0719784319289084,0.0321083647624548,0.0785590338281689,0.0863780470289655,37.537
"100511",0.00146826694179352,0.00767047241672931,0.0746837648541333,0.0659863416347048,0.0048005398102478,0.0728456385558131,0.0503534996861955,37.537
"100512",0.00607332338142805,0.00948618203322174,0.0795831698713292,0.0703392079910624,0.0105119241044963,0.0757230187595744,0.0372618667463237,37.537
"100513",0.00891988925556117,0.0122298624244475,0.080408575328986,0.0712355314644758,0.0144530561785746,0.0765343887128733,0.0616647666494921,37.537
"100514",0,0,0.0540988629231775,0.0467900495018054,0,0.0582516709809477,0.00481207832862492,37.537
"100515",0,0,0.0637366970024496,0.0556970499094037,0,0.0642073301406112,0.089802828074701,37.537
"100516",0,0,0.0331178376325884,0.024804617676509,0,0.0393758962038809,0,37.545
"100517",0,0,0,0,0,0,0,37.537
"100518",0,0,0.0308323351458578,0.0223372911818541,0,0.037632781547301,0,37.537
"100519",0,0,0.0431842869876104,0.0346575094486989,0,0.0452436932468969,0,37.537
"100520",0,0,0.0497381182230962,0.0407648477443657,0,0.0491888535571004,0,37.537
"100521",0,0,0.0517585391297525,0.0430375232725143,0,0.0518522563763189,0,37.538
"100522",0,0,0.037740550773891,0.0298592559650881,0,0.0437836991825784,0,37.537
"100523",0,0,0.0377706758209901,0.0301185725861943,0,0.0440777723188312,0,37.533
"100524",0,0.00914498200686244,0.0651937262598687,0.0577307004400658,0.00103065181584008,0.0679622231315429,0.0174300081033104,37.821
"100525",0.0151153347471303,0.0207148341878923,0.080748873247527,0.0717884116897822,0.0239680177159133,0.0778740637481063,0.0551132554094998,37.821
"100526",0.05168087759522,0.0310195178318823,0.0945014413728603,0.0840522011066882,0.066684777321566,0.0866960063688249,0.0957336551049251,37.821
"100527",0.0340065380671641,0.027439948228294,0.0884122767883802,0.0786757942868908,0.0467166733363226,0.082919802196288,0.0768820920375159,37.821
"100528",0.0276864186822131,0.0199400354054934,0.0887300789642434,0.0786903609995939,0.0363094956001632,0.0820998244380054,0.0452563395817026,37.821
"100529",0.0105124397737932,0.0096582096432995,0.0835137484873716,0.0737712342801609,0.0150179648118783,0.0779197803915764,0.00454121078465313,37.821
"100530",0,0,0.0603589728797783,0.0503587658811096,0,0.0603655955572911,0,37.822
"100531",0,0,0.0462600588870654,0.0357404835217803,0,0.0478190810441262,0,37.822
"100532",0,0,0.0467241263918958,0.0364207392345942,0,0.0486732144099033,0.0363918314966157,37.823
"100533",0,0,0,0,0,0,0.0364873484665456,37.821
"100534",0,0,0.0300667906907269,0.0174918824305441,0,0.0348939986873218,0,37.821
"100535",0,0,0.0421022199347636,0.0310984311599363,0,0.043036994266777,0,37.821
"100536",0,0,0.0459405698899937,0.0352096911654611,0,0.0466621699794703,0,37.821
"100537",0,0,0.0425659613822129,0.0320525484624335,0,0.045723362220028,0,37.821
"100538",0,0,0.0358464172463907,0.0249032342884674,0,0.0421052539728661,0,37.82
"100539",0,0,0.0282876983134965,0.0151877867188591,0,0.0357896553666797,0,37.825
"100540",0,0,0.0381581196751659,0.0274358323454563,0,0.0424132159065642,0,37.825
"100541",0.000255153978783852,0.00629551717852689,0.0697219066388083,0.0602885954745024,0.00253371300657532,0.0693595238652689,0,37.829
"100542",0,0,0.0601856040379777,0.0505511974552275,0,0.0621707251926738,0,38.115
"100543",0,0,0.0631024239894956,0.0534754439962981,0,0.0643015333581962,0.0091118244956227,38.105
"100544",0,0.000435308676021169,0.0715916200926624,0.061560405261126,0.00026216305377455,0.0699565207096705,0.0171130232116242,38.105
"100545",0.00788019858338151,0.00946750948700739,0.0814058234631524,0.0707569649258244,0.0123023947775392,0.0767428274478449,0.043817323522379,38.105
"100546",0.0300786190355275,0.0230942060900028,0.0888277343766637,0.0777637500026372,0.0403620924497828,0.0826566762905077,0.0634943829493936,38.105
"100547",0.161349131643558,0.0666903553874406,0.108118714512389,0.0959440026600628,0.207988492227377,0.0973032107417711,0.0979709281233365,38.105
"100548",0.0803426711754455,0.0378498211074296,0.100435125641511,0.0884771085165347,0.0995418088166134,0.0904932787765397,0.0467670794471848,38.105
"100549",0,0,0.07272937326701,0.0621453246325371,0,0.0677434631891024,0,38.105
"100550",0,0,0.0530653282164822,0.0428153082012403,0,0.0531686312351933,0,38.105
"100551",0,0,0.0406256050345883,0.0299371795475243,0,0.0441552069777428,0,38.102
"100552",0,0,0.0253960393200139,0.0121891095776117,0,0.0359259344103806,0.0437171713893941,38.106
"100553",0,0,0.0326052499274169,0.0214154080314006,0,0.0394946648199079,0.0470176819244727,38.106
"100554",0,0,0.0359904191162259,0.0242858928205763,0,0.0380123936803685,0,38.105
"100555",0,0,0.0410473484532938,0.0296867990242223,0,0.0417845310650879,0,38.105
"100556",0,0,0.0424388903186358,0.0318000379285529,0,0.0454285810929866,0,38.105
"100557",0,0,0.0482364429524255,0.0378925559197564,0,0.0498690650721449,0,38.099
"100558",0,0,0.018293871671581,0,0,0.0259746167846659,0,38.076
"100559",0,0,0.0474744566302521,0.0381594074360261,0,0.0515844150113597,0.0284150104674661,38.106
"100560",0.000575070375452268,0.00813768563855088,0.0701574998953025,0.0606708250122472,0.00345038082990522,0.0700050891455322,0,38.122
"100561",0,0,0.0580245271944873,0.0485566563926703,0,0.0601604638424615,0,38.35
"100562",0,0,0.059294336634714,0.0494111576241858,0,0.0597403501515132,0,38.387
"100563",0,0,0.0657963016291465,0.0558222297035014,0,0.0648847799338296,0,38.387
"100564",0.000948558572232073,0.00302694576116102,0.0762716684090951,0.065926579017246,0.00311182672195682,0.0729287364609567,0.0307446539550968,38.387
"100565",0.0170514458380761,0.0128006154213225,0.0860872475429618,0.0751072062302489,0.0224809222203085,0.0796871171380006,0.0449301750570908,38.387
"100566",0.0782055497299628,0.0401765770250632,0.0982349524204974,0.0866223441047248,0.0990187667763744,0.0894293634952241,0.0646886673807827,38.387
"100567",0.143985052840294,0.0547000161781715,0.108687939459511,0.0962345775466561,0.177658664538926,0.0963877174621048,0.106895234619909,38.387
"100568",0.028114243895406,0.00933479168650464,0.0945962018449071,0.0825491055788505,0.030919958919702,0.0841236821522248,0.0187369782268913,38.387
"100569",0,0,0.0725179863078954,0.0619061444534639,0,0.0679718235221497,0,38.387
"100570",0,0,0.0593968084776047,0.049278418984333,0,0.0587267893785366,0,38.387
"100571",0,0,0.0481337033560575,0.0385082440149892,0,0.0519017851255799,0.00380179970590828,38.384
"100572",0,0,0.0472319075364716,0.0376947468437951,0,0.0518038383515703,0.076249713716784,38.387
"100573",0,0,0.0337577252159085,0.0217645051250492,0,0.0374956458804919,0,38.387
"100574",0,0,0.0357355916601663,0.0238891341314773,0,0.0381170150295377,0,38.387
"100575",0,0,0.0506014895769177,0.039826334340847,0,0.049766865927513,0,38.386
"100576",0,0,0.0625711344348148,0.0522259060586995,0,0.061076772330083,0.039373661177265,38.398
"100577",0,0,0.0199588544431352,0,0,0.0231345765515698,0,38.389
"100578",0,0,0.0385742565064675,0.0282754248763098,0,0.044572914243564,0.018064447525006,38.401
"100579",0,0,0.0529483235399491,0.0432694666231377,0,0.0555060776632526,0.0349443602280882,38.387
"100580",0,0,0.0456479154671986,0.0362528869701267,0,0.0503573480879568,0,38.392
"100581",0,0,0.0633960039221731,0.0532728862731127,0,0.0617021913498981,0,38.666
"100582",0,0,0.0656655114570027,0.0559846114359317,0,0.0650600736219409,0,38.668
"100583",0.000168273997973462,0,0.076002038175553,0.0656171365903041,0.00127823106529017,0.071951391851712,0.0202119468294367,38.668
"100584",0.00773512096917325,0.00567149412002988,0.0828872531280346,0.072032874467715,0.01077768907767,0.0768787237528736,0.0418744674497263,38.668
"100585",0.0115429592297887,0.00967508368217502,0.0836480797106618,0.0728272430453974,0.0158020258603586,0.0778312937165222,0.0401238231134518,38.668
"100586",0.0855985734729987,0.0392587044647562,0.100149503166134,0.088376271317283,0.105404516237447,0.0902199713908083,0.102140272009709,38.668
"100587",0.0423305894741788,0.0125972113408892,0.0992712396495539,0.0867486120250802,0.0452956725324527,0.0871440825849918,0.0782471044996285,38.668
"100588",0.00284149559648032,0,0.0846054541241564,0.0731706861160751,0.00330664753024353,0.0764134094657729,0.0168862461285234,38.668
"100589",0,0,0.0634590799033352,0.0531760918517057,0,0.0608637409782326,0,38.668
"100590",0,0,0.0701123616242013,0.0595755052033846,0,0.0666006271626831,0.0258823036097159,38.668
"100591",0,0,0.0427548247425593,0.0319079557690772,0,0.0445802049553235,0.022101769943596,38.668
"100592",0,0,0.0541911909661108,0.043624574539473,0,0.0530529999150472,0.00261521392599284,38.668
"100593",0,0,0.0416623822518952,0.030258213225853,0,0.0421562082526437,0,38.668
"100594",0,0,0.0542381079725475,0.0428913880923488,0,0.0502881492392903,0.014073536513718,38.669
"100595",0,0,0.0491201063512391,0.0383265193154645,0,0.0493578560625191,0.0482939395880288,38.668
"100596",0,0,0,0,0,0,0,38.666
"100597",0,0,0.0297114187216348,0.0171692396942551,0,0.0362160537910549,0.0381655582056937,38.67
"100598",0,0,0.0104243977543579,0,0,0.0208129676172173,0.00382718723443964,38.668
"100599",0,0,0.0384177683936921,0.0285301708854358,0,0.0443588062597473,0.000704784086516264,38.663
"100600",0,0,0.0702740759144147,0.0600876877749323,0,0.0665082598126604,0,38.938
"100601",0,0,0.0749815579502639,0.0644306365768371,0,0.0701643977789264,0.027389069776007,38.948
"100602",0.000382237047237815,0,0.0771746455611666,0.0666529871080615,0.0015214137695984,0.072525693785875,0.0413018156491221,38.948
"100603",0.000220339950543763,0.000577702065050419,0.0749998532967908,0.064740009152281,0.00156796367742498,0.071605148063296,0.028272453941508,38.948
"100604",0.00124759892066793,0.0043325330123548,0.0765275064645909,0.066142471370575,0.00371990765030801,0.0733954779882209,0.0272597806012781,38.948
"100605",0.0325978086235716,0.0161345522743315,0.0932850297453418,0.0815568466514748,0.03875206954417,0.0841980425531481,0.0401980363003709,38.948
"100606",0.0177184971138749,0.00648691852805626,0.0900264236673228,0.0784328190381569,0.0201507745623567,0.0810810095235398,0.0703274458933639,38.948
"100607",0,0,0.0538996017114541,0.044205839851862,0,0.054127467585481,0,38.948
"100608",0.115968392178397,0.0484286013611869,0.105631048605977,0.0932987556752993,0.143884006636836,0.0943581303068205,0.0386519487067368,38.948
"100609",0,0,0.069073804718107,0.0584488899200214,0,0.0650593589382556,0.0574275373465561,38.948
"100610",0,0,0.05759625257507,0.0474102074011111,0,0.0570832348288499,0,38.948
"100611",0,0,0.0336669462693803,0.0209057850051453,0,0.0356217055870608,0,38.948
"100612",0,0,0.0329598748394665,0.0176498305077946,0,0.0278993685997391,0.0262805557305634,38.949
"100613",0,0,0.0573765123162689,0.0454854946707869,0,0.0521283112690445,0.0627733632146676,38.963
"100614",0,0,0.0484685566466562,0.0367537090284022,0,0.0461415020327699,0.0102104797048913,38.949
"100615",0,0,0.0610919362461109,0.0511083677088332,0,0.0612733620468783,0.0765754116892405,38.948
"100616",0,0,0,0,0,0,0,38.948
"100617",0,0,0.0574244215562876,0.0478746847677586,0,0.0588994298442461,0.0408172656875086,39.225
"100618",0,0,0.0620847994139476,0.0521983312665021,0,0.0614539502536467,0.0865359421660559,39.227
"100619",0.000826296050128298,0.00309690127266713,0.0750978548498871,0.0648961597801305,0.00287965963298783,0.072071718780232,0.0432278831024899,39.227
"100620",0.000453313242860258,0.00253545842746949,0.0748850309167986,0.0646551003659562,0.00228727217098926,0.0719855780667937,0.0133314984880818,39.227
"100621",0.0167961899695887,0.0121844583251517,0.0866058443996311,0.0755008432130403,0.0219505040003753,0.0799663358836865,0.00330920757895184,39.227
"100622",0.0456121010056094,0.0215150246831976,0.0964812352042485,0.0845342115383713,0.0542346314907243,0.0866524067036477,0.0298254763069233,39.227
"100623",0,0,0.0780238286708454,0.0668632550799932,0,0.0712809568037961,0,39.227
"100624",0.0262300058253239,0.0147033943095093,0.0907856630886393,0.0793461638922404,0.0321146945377115,0.0826621463248948,0,39.227
"100625",0.156978402828714,0.0560099351935397,0.112423981755874,0.0994637592181311,0.193224855261676,0.0988599989226175,0.245449459287926,39.227
"100626",0,0,0.0686152379540928,0.0581451470229849,0,0.0653623195214435,0.0639137906177867,39.228
"100627",0,0,0,0,0,0,0,39.227
"100628",0,0,0.045315629803909,0.0338122141495572,0,0.0453215961372907,0.0643774964127213,39.227
"100629",0,0,0.0585349657606451,0.0475764526487257,0,0.0564254318209673,0,39.227
"100630",0,0,0.0753085054751896,0.0641874928035696,0,0.0699666657559989,0,39.205
"100631",0,0,0.0386563828265079,0.027478046234545,0,0.0411417469254586,0,39.226
"100632",0,0,0,0,0,0,0,39.222
"100633",0,0,0.0339577109894501,0.0230574796188405,0,0.0385232181554363,0,39.246
"100634",0,0,0.066374522240008,0.0562995983095618,0,0.0643517738954981,0.0600317492780533,39.476
"100635",0.0316902922427975,0.0168413406149645,0.0918356706166869,0.0803279851691181,0.038203371257433,0.083302271026783,0.0673454939367815,39.505
"100636",0.0192890016000232,0.0157478783423178,0.0862451912897906,0.075277630952336,0.0259922937299789,0.0802256307845295,0.0283713324560229,39.505
"100637",0.00520676383280101,0.00792263123654905,0.0800825225084105,0.069483090786615,0.00910870257621123,0.0759227103530679,0,39.505
"100638",0.084211984161882,0.0366603713871432,0.102979430079024,0.0906520056272132,0.102671633115097,0.0919565949333072,0,39.505
"100639",0,0,0.0825070922372786,0.070818674685336,0,0.0745366592534099,0,39.505
"100640",0,0,0.0704882561835987,0.0598957307338025,0,0.0671881574796299,0,39.505
"100641",0.0469532115820465,0.0262614305797603,0.0954904282013564,0.0837565151004084,0.059007840585336,0.0868599083622336,0.136371808799889,39.505
"100642",0.00501823025801279,0,0.0856965788316385,0.0742473912533144,0.00643793737273539,0.0779911131806797,0.126034009805572,39.505
"100643",0,0,0.0358044860605116,0.0229459955446526,0,0.0356731873471743,0.00681745262999505,39.505
"100644",0,0,0.0577644799229248,0.0473797347900417,0,0.0575155239357111,0.0416708435210984,39.505
"100645",0,0,0.0658721733620574,0.055548848945916,0,0.0641195621269808,0,39.505
"100646",0,0,0.0565803620225566,0.0461761323558106,0,0.0566602942831577,0,39.506
"100647",0,0,0.030090488747328,0.0166825256433277,0,0.0341739915125657,0.0549177539664098,39.51
"100648",0,0,0,0,0,0,0,39.516
"100649",0,0,0,0,0,0,0,39.509
"100650",0,0,0,0,0,0,0,39.505
"100651",0,0,0.0301919843682138,0.018448201059412,0,0.0365861396355043,0,39.505
"100652",0,0,0.0387333023099433,0.0288754132694818,0,0.0441695000847129,0,39.507
"100653",0.0783008727618746,0.0298734122790355,0.103148437328507,0.0906946324122385,0.0912067602609075,0.0910862688902649,0.0514058381476466,39.78
"100654",0.0396250579567076,0.0171535623382882,0.0963689222433142,0.08435356989152,0.0463583296270598,0.0861921206726782,0.00385836974891851,39.781
"100655",0,0,0.0668294642698986,0.056646463132336,0,0.0656352982970078,0,39.781
"100656",0.00162500636585043,0,0.0850063864518449,0.0733959211026566,0.00259640550522671,0.0774034930850711,0,39.781
"100657",0,0,0.0787290607600333,0.0670751596035168,0,0.071102435012435,0,39.781
"100658",0,0,0.0690708467842732,0.058027631692842,0,0.0645686544815751,0,39.781
"100659",0.025604434099506,0.0121786104670538,0.0942967385527404,0.0822796663793445,0.0308527879386546,0.084924881819111,0.0425838102371769,39.781
"100660",0,0,0.0819997129520321,0.0703495872292478,0,0.0740249194420661,0.0493494874582381,39.781
"100661",0,0,0.0703963168905326,0.0596256896560015,0,0.0660509802094442,0,39.781
"100662",0,0,0.0805466740572699,0.0692381306230286,0,0.0737558528219355,0.0193510185479845,39.781
"100663",0.0301285894912624,0.0172631978337256,0.09163958551067,0.0801806674003448,0.0371291110009724,0.0835086086481471,0,39.781
"100664",0.00705190110506976,0.00375661861794229,0.0846982755561414,0.0735065835158114,0.00956265752613222,0.0779664901613885,0,39.781
"100665",0,0,0.0771745552250751,0.0662591478833722,0,0.0714959696720537,0,39.781
"100666",0,0,0.0575608819912852,0.0465745035384993,0,0.053544903495774,0,39.781
"100667",0,0,0.0278919303218663,0.0132021917339727,0,0.0301087195990756,0,39.785
"100668",0,0,0,0,0,0,0,39.781
"100669",0,0,0.0288932341506874,0.0166350853397154,0,0.038032564379897,0,39.781
"100670",0,0,0.0233916411476147,0.00981149633886099,0,0.0366309458087231,0,39.781
"100671",0,0,0.0353225854332964,0.0256096203371162,0,0.0429808763478775,0,39.791
"100672",0,0,0.0791679123879424,0.0679351045305315,0,0.071751030514122,0.00351250586292311,40.051
"100673",0.0026021430972558,0,0.0874006672268185,0.0755279142914814,0.00246119903824753,0.0776169522355914,0,40.057
"100674",0,0,0.0632302773418563,0.0528291689001213,0,0.0614318239350705,0,40.057
"100675",0,0,0.0773169757869928,0.0657208726487561,0,0.0701323743436697,0,40.057
"100676",0.00609897093020474,0,0.0933870946766914,0.0807448367800443,0.00525333337045208,0.0816605618731542,0.0657196470279195,40.057
"100677",0,0,0.0696231313407557,0.0585567785351326,0,0.0641677945038431,0,40.057
"100678",0.014987370115237,0.00407406897579325,0.0922012300413614,0.0801806122575698,0.0172837905732154,0.0826398108872216,0,40.057
"100679",0,0,0.0801700607423976,0.0687432110676113,0,0.0730879640456522,0,40.057
"100680",0,0,0.0749716531150802,0.0639289583420585,0,0.0690262018469389,0,40.057
"100681",0,0,0.0796209497228017,0.0685127675768903,4.46801975680523e-05,0.0733284857257651,0,40.057
"100682",0.0132983197897065,0.00253683809076022,0.0901339594659862,0.0783597043332854,0.0147254035599563,0.0808005877760883,0,40.057
"100683",0.0222216348835935,0.00974068690252577,0.09121581171355,0.0795999098833521,0.0259308191358337,0.0822877622483837,0,40.057
"100684",0,0,0.0799752525405292,0.0688828470915751,0.0002704438764268,0.0737805547310392,0,40.057
"100685",0,0,0.052558122936021,0.0420482766200777,0,0.0518885798652532,0,40.057
"100686",0,0,0.0370390105236157,0.0247351519522786,0,0.0377765926022339,0,40.057
"100687",0,0,0,0,0,0,0,40.057
"100688",0,0,0.0377634214380452,0.0263969761317685,0,0.0408902061304995,0,40.057
"100689",0,0,0.0308761699782001,0.0195526278927996,0,0.0400154064979208,0,40.057
"100690",0,0,0.0419481410497942,0.0319024922729332,0,0.0456297366255443,0,40.062
"100691",0,0,0.0704634089908834,0.0593371969017014,0,0.0648824822103601,0,40.331
"100692",0,0,0.0642370444043797,0.0534499888644662,0,0.0607144118255794,0,40.331
"100693",0,0,0.0693711788530057,0.0582925397901074,0,0.0648326924461842,0,40.331
"100694",0,0,0.0714268665931281,0.0602717941231399,0,0.0668511060289106,0,40.331
"100695",0,0,0.0538147468713757,0.0426810375929342,0,0.0516069285838689,0,40.331
"100696",0,0,0.0760823296448657,0.0648793576315169,0,0.0704945804320315,0,40.331
"100697",0,0,0.0787491231310816,0.0674054091425693,0,0.07178942484936,0,40.331
"100698",0,0,0.0758261867645749,0.0647172693340088,0,0.0694185169364179,0,40.331
"100699",0,0,0.0736714850879285,0.0626887092775163,0,0.0678804087276844,0,40.331
"100700",0.0465031740979387,0.0180354118486472,0.0980532485486268,0.0858663354676763,0.0528870933434566,0.0870502156512887,0,40.331
"100701",0.063433164670564,0.023623293013643,0.10154976151841,0.0891193150095884,0.072353126936464,0.0896191576964381,0,40.331
"100702",0.00187129212413357,0,0.0821662246077342,0.0710317740170582,0.00313192756343869,0.0756619166789244,0,40.331
"100703",0,0,0.0559005736353549,0.0453017638819891,0,0.0543390585660795,0,40.331
"100704",0,0,0.0495010553094737,0.0387561274027488,0,0.050393118955967,0,40.331
"100705",0,0,0.0444325644827743,0.033221422573061,0,0.0452590881378349,0,40.331
"100706",0,0,0.0397622302126292,0.0289910124494549,0,0.043846692852961,0,40.331
"100707",0,0,0.0413616636535064,0.0306504276809507,0,0.0447012447767866,0,40.331
"100708",0,0,0.0386855741090911,0.0281122050863755,0,0.0438907580484663,0,40.323
"100709",0,0,0.0607927251710664,0.0500466028832139,0,0.0583060555219061,0,40.605
"100710",0,0,0.0578072509235188,0.0469746638289062,0,0.0560838414081064,0,40.605
"100711",0,0,0.0559772789223382,0.0451323340853481,0,0.0539583790355703,0,40.605
"100712",0,0,0.0728828256746114,0.0618895500531177,0,0.0682899056116165,0,40.605
"100713",0,0,0.0855024875113371,0.073388529758058,0,0.0762529713492754,0.0205086205966546,40.605
"100714",0,0,0.0859260125931237,0.0737484547933056,0,0.0758971178515834,0,40.605
"100715",0.0142597841432011,0.000773137762821018,0.0932399638999077,0.0809568793433847,0.014962475555988,0.082620290252979,0,40.605
"100716",0.000288206784552748,0,0.0842908409110694,0.0726452870350939,0.000389497890813762,0.0755524121070016,0,40.605
"100717",0,0,0.0700964534282798,0.0585866861515056,0,0.062417362539305,0,40.605
"100718",0,0,0.0754100042290636,0.0638467337125598,0,0.0671874088631083,0,40.605
"100719",0.0406722398870899,0.00927302846079732,0.100047336323584,0.0873730208174054,0.0418633894216218,0.0871431454950364,0.0131418598258053,40.605
"100720",0.0131282701888188,0,0.0926077358543955,0.0803845046752058,0.0126586690503184,0.0815273879532598,0.015725517181456,40.605
"100721",0,0,0.0776634639752659,0.066186339284094,0,0.0703715628427993,0,40.605
"100722",0,0,0.03837368312163,0.025274612461294,0,0.039060880641865,0,40.605
"100723",0,0,0.0440524422523026,0.0330220674542609,0,0.0461734927907326,0,40.605
"100724",0,0,0.0590035904490411,0.0486942259828854,0,0.0581017438909885,0,40.605
"100725",0,0,0.0534043212983316,0.0427391740784374,0,0.0524466136276913,0,40.605
"100726",0,0,0.0411097426136337,0.0302220698361781,0,0.0456603053899728,0,40.63
"100727",0,0,0.0714702626180418,0.0611196465472579,0,0.0686780544426772,0,40.658
"100728",0,0,0.0702312017787603,0.0590014876959634,0,0.0644455603687033,0,40.877
"100729",0,0,0.0695790035417134,0.0580416250879885,0,0.0633446327595937,0,40.877
"100730",0,0,0.0624437507527326,0.0512677305918471,0,0.057959991058578,0,40.877
"100731",0,0,0.071711377878796,0.0603427551827895,0,0.0650788783407607,0,40.877
"100732",0,0,0.0815331225871949,0.0697894991581841,0,0.0730029139509559,0,40.877
"100733",0,0,0.0865197634073227,0.0741872098573293,0,0.0755330372011023,0,40.877
"100734",0.0744021074242902,0.0209027315898003,0.107522428308665,0.0941812248541484,0.0804782194581075,0.092965280610829,0,40.877
"100735",0.0118889334367644,0,0.093028729764891,0.0807640709722668,0.0109324001674015,0.0816232894500794,0,40.877
"100736",0.000429607304490954,0,0.0858119698803553,0.0739022433622259,0.000253624005129183,0.0758959446997227,0.0170671834957901,40.877
"100737",0,0,0.0833763692378005,0.0713761058729392,0,0.0733769981177941,0,40.877
"100738",0.0202447930662421,0.000652557095682782,0.0948421595513526,0.0825122356026179,0.0194988544307655,0.0830004445739615,0,40.877
"100739",0.00560290527336019,0,0.0876807403990215,0.0759373021053892,0.00563320165823492,0.0781957462640411,0,40.877
"100740",0.000796892016712947,0,0.0823199280888809,0.0710334459328008,0.00163558867291206,0.0755085982832712,0.0153790765355652,40.877
"100741",0,0,0.0557595895433103,0.0442565579604389,0,0.0531391680485604,0,40.877
"100742",0,0,0.0647385276126384,0.0539984365059086,0,0.061861659575207,0.137824899888614,40.877
"100743",0,0,0.0783650754969862,0.0672128084681768,0,0.071950232932063,0.0297638298466751,40.877
"100744",0,0,0.0803851594196873,0.0689666268623129,0,0.0730351880196451,0,40.877
"100745",0,0,0.0780956199567532,0.066922751226363,0,0.0721114713590503,0,40.877
"100746",0.0170331606911701,0.0203355006694018,0.0837406343634014,0.0730839165742937,0.0258423556516944,0.0798406696420459,0,40.874
"100747",0.0221887432947465,0.0259966942805382,0.0804648924635131,0.0707468545498728,0.0333839147148145,0.0781186079282055,0.0171792828163429,40.83
"100748",0,0,0.0448320282218446,0.0361809931221381,0,0.049341975130336,0.0313987569936966,40.847
"100749",0,0,0.0403662189582505,0.0315718291407437,0,0.0469750438894833,0.0155918592923692,40.875
"100750",0,0,0.076672765520722,0.0650323439144359,0,0.069055016187517,0,41.148
"100751",0,0,0.0768776194538886,0.0653023024665343,0,0.0690325504284853,0,41.148
"100752",0,0,0.0826321304746939,0.0706222742021295,0,0.0728669922867382,0,41.148
"100753",0,0,0.0852750706809036,0.0731094132981896,0,0.0747462494439188,0,41.148
"100754",0,0,0.0827385132012677,0.071017193132735,0,0.0738354767291075,0,41.148
"100755",0.000409207497932896,0,0.0844399513250637,0.0727577727003517,0.000594280063535658,0.0758746190688523,0,41.148
"100756",0.00991569951193849,0,0.0926229164313525,0.0802645962584963,0.00905507369532209,0.0812654319206795,0.0041649214276172,41.148
"100757",0.00749146260948758,0,0.0896031349433179,0.0776618926232109,0.00726429971825605,0.0794553015162915,0,41.148
"100758",0.0053703192797682,0,0.0891283673397999,0.0771182341381853,0.00465639250012818,0.0785999927723142,0.00120381019598447,41.148
"100759",0.0520699646142326,0.0129595930957319,0.102272907862112,0.0894666539072356,0.0541830465254031,0.0887714181481425,0.0209526915645658,41.148
"100760",0.0613627262124578,0.019107328765327,0.102473775140266,0.089820235165856,0.0668929044389236,0.0895258225016802,0.00811831115333655,41.148
"100761",0.00329779080890897,0,0.0849372885601959,0.0734614522217762,0.00379663283936925,0.076629059110941,0.0149693276685123,41.148
"100762",0,0,0.0740383822846973,0.0631017448918882,0,0.0685936947944836,0,41.148
"100763",0.000386661441224251,0,0.0834422380677897,0.0719155957973564,0.000857222199670896,0.0758629621959265,0.0686604887753839,41.148
"100764",0.000869884912640288,0,0.0850141651263354,0.0733194249182072,0.00104045481789063,0.0763035678628993,0.13407970465075,41.148
"100765",0,0,0.0775270146275591,0.0664981103288709,0,0.0714124382488608,0.0397567737369301,41.148
"100766",0,0,0.0710884512613188,0.0603404341660976,0,0.0660743329973098,0,41.148
"100767",0.0122491910181475,0.00391787882380552,0.0885321856708116,0.0769768391109086,0.0142983949078714,0.0800500306732974,0,41.148
"100768",0,0,0.0626147128396101,0.0523535377533023,0,0.0617054842884921,0,41.148
"100769",0,0,0.0621422834342155,0.0516039116069827,0,0.0611201877092713,0,41.17
"100770",0,0,0.0804757047255543,0.0689075943095308,0,0.0723637949719782,0,41.418
"100771",0.000148728670436601,0,0.0878809753304754,0.0756601686338933,2.34964024556077e-05,0.0770584517443741,0,41.418
"100772",0.000509094912311396,0,0.0900320051762136,0.0775061195385902,6.44119178235404e-05,0.0780311670817956,0,41.418
"100773",0.0133604581923981,0,0.0981469193058275,0.0850341890585313,0.010167855318936,0.0840582392009642,0.0112928306334144,41.418
"100774",0.00894250116021118,0,0.0948923693825709,0.082139189597471,0.00658460715622168,0.0818385337877997,0.00399905263082509,41.418
"100775",0.00813351427944165,0,0.0952793866598797,0.0824008168757394,0.00511351399679513,0.0815302675817506,0,41.418
"100776",0.00748242291310085,0,0.095875142120587,0.0828565928591084,0.00467241578336418,0.0820599766505246,0.00961820555902215,41.418
"100777",0.0161976843056286,0,0.0974730106481244,0.0845607742951747,0.0132651922966321,0.0838361731822969,0.0170873119789314,41.418
"100778",0.0455110593612452,0.00898492690947918,0.101899274969348,0.0890109627572799,0.0458746212855519,0.0881263139888033,0.0595908352990196,41.418
"100779",0.187497447517689,0.053553482292716,0.114449653882781,0.104752348073085,0.219714471220339,0.101455146918853,0.0434592057260281,41.418
"100780",0.121956042532212,0.0365237312238561,0.111301808191377,0.0980851488811928,0.138290870245568,0.0961479126778155,0.0764940596945176,41.418
"100781",0.0473687257385991,0.0204986221822721,0.0966667939895928,0.0847668519128548,0.055127298272973,0.0864353688221767,0.0768844302258015,41.418
"100782",0,0,0.0736329477091759,0.0627342917569227,0,0.0681682719330259,0.00920780555003415,41.418
"100783",0,0,0.0721931654151749,0.0611589853948793,0,0.0664704964029564,0.0233121394912902,41.418
"100784",0,0,0.0855257161484266,0.0733978115391282,0,0.074907327381599,0.0456227438543348,41.418
"100785",0.0104520816190507,0,0.0892229970300345,0.0774622534150518,0.010875103946011,0.0796689540077413,0.0194204562976057,41.418
"100786",0,0,0.0679859731509463,0.0575710414863251,0,0.0639659581775612,0,41.418
"100787",0,0,0.0716584246455423,0.061014698885329,0,0.0666416461705697,0,41.418
"100788",0,0,0.0626824886613287,0.0522336325805973,0,0.0602270466217251,0,41.418
"100789",0.00308635384210011,9.24115664879984e-05,0.0847013784317756,0.0732630704471202,0.0047696230119704,0.0778586647605898,0.0188672393383986,41.418
"100790",0,0,0.0684717331282215,0.0581033804988914,0,0.0665836275219639,0.0537096618782263,41.418
"100791",0,0.00380126373518665,0.0725141175989515,0.0624474580210822,0.000926686592765,0.0715829082322329,0.0802245965196098,41.418
"100792",0,0,0.0577654046979497,0.0486646545962184,0,0.0624382168189818,0.0487182305993122,41.42
"100793",0,0,0,0,0,0.0202509015996023,0,41.435
"100794",0,0,0.0402020281733392,0.0312676276549502,0,0.0506259714467146,0,41.451
"100795",0,0,0.0864731706463575,0.0743008313424916,0,0.0760104979860807,0.0100483116119735,41.687
"100796",0.00538963035248512,0,0.0911907690642981,0.0788973192542453,0.00477257204109295,0.0801751151535709,0.00728439713295206,41.687
"100797",0.00276241992994734,0,0.0924741954237223,0.079789641188635,0.0012922691688131,0.079688101572327,0,41.687
"100798",0.0171192864186418,0,0.100463348691121,0.0871128992379673,0.0122348450740963,0.0851253715263971,0,41.687
"100799",0.0184637403888013,0,0.0983053985129499,0.0853337264373115,0.0149500525475722,0.0842246535317807,0.0177448380851372,41.687
"100800",0.0344097233943291,0.003618054708134,0.10044296638239,0.0875340760266138,0.0330462822130248,0.0867082419168087,0.0751217074207408,41.687
"100801",0.0114829348132883,0,0.0946115000470962,0.0819828611830819,0.00931126338234519,0.0819328072841084,0.0272654118105329,41.687
"100802",0.0314602587906253,0.00358925592076272,0.099819256328456,0.0869575744541817,0.0307664911101345,0.0865154627486542,0.0595881660493119,41.687
"100803",0.0279138654680348,0.003670091996638,0.0969410672930026,0.0844863360261032,0.027618527030355,0.0845946525586422,0.0133606844307817,41.687
"100804",0.191593581912224,0.0557831823767507,0.114449653882781,0.104635008258857,0.226374150685894,0.101455146918853,0.0296107999451296,41.687
"100805",0.0506444256254075,0.0143991043079005,0.100756655987061,0.0882081701592106,0.0539485218202883,0.0879946632405803,0.0101321365495623,41.687
"100806",0,0,0.0825668014859119,0.070893462782709,0,0.072998008949635,0,41.687
"100807",0,0,0.0782178571121116,0.0665800363965268,0,0.069500392374431,0,41.687
"100808",0,0,0.0797899279914998,0.0681795788929329,0,0.0711562745195999,0.00787146329790362,41.687
"100809",0,0,0.0848386469452134,0.0728655389376223,0,0.0744878844352501,0.0204685956189769,41.687
"100810",0,0,0.0818080231021632,0.0703850757303007,0,0.0734261874100935,0,41.687
"100811",0,0,0.0776483892353324,0.0667097607495939,0,0.0713726352668421,0,41.687
"100812",0,0,0.0740075926510334,0.0629504450178725,0,0.06769218974265,0,41.687
"100813",0,0,0.0682548761231064,0.0571245502318626,0,0.0623905425338893,0,41.687
"100814",0,0,0.0734524513038939,0.062622653631914,0,0.0693476840638894,0.0230907010528828,41.687
"100815",0,0,0.0734949575900732,0.0628601573881419,0,0.0700225489951002,0.0945395970048946,41.687
"100816",0,0,0.0665721826624386,0.0563731991958551,0,0.0653556596285068,0.089810964558447,41.687
"100817",0,0,0.0473180105351577,0.037412415988863,0,0.0528082758276373,0.0457578217256133,41.687
"100818",0,0,0.0247739070052867,0.0125728808342809,0,0.0416569613766139,0,41.687
"100819",0,0,0.0177098620000998,0,0,0.0359380747652761,0,41.687
"100820",0,0,0.0277700974624959,0.0175964429112028,0,0.0436322917336746,0,41.703
"100821",0,0.0059814933754382,0.0577542344165607,0.049111263911845,0,0.0634077962303082,0,41.703
"100822",0,0.00315014576579881,0.0600452677388781,0.051389398649103,0,0.0638603610125904,0,41.693
"100823",0.00249977425299048,0,0.0864322136598236,0.0746782915054586,0.00261159349743936,0.0772407793238822,0.00104439777449261,41.941
"100824",0.00639364335911419,0,0.0909036827697305,0.0786888618116684,0.00600320327499576,0.080222351621312,0,41.955
"100825",0.000536458264134976,0,0.0890653222777782,0.076743699557672,0.000114663501927954,0.0775193454618698,0,41.955
"100826",0,0,0.0872593326779983,0.075089177351587,0,0.0759529072084028,0,41.955
"100827",0.00787976008862723,0,0.0910047423232026,0.0788633626547367,0.00678532024589305,0.0798101506014798,0,41.955
"100828",0.00377100479899547,0,0.0866807389707107,0.0750132001729188,0.00346219554017854,0.07703259189053,0,41.955
"100829",0.0074374111582908,0,0.0882997391702088,0.0765376457530385,0.00741095373017174,0.0785878808563447,0.0239687712239773,41.955
"100830",0.00744874258026681,0,0.0868967718521013,0.0753915230314467,0.00803492806662553,0.0780077134069839,0.0034045637872578,41.955
"100831",0.003448667807222,0,0.0863563100526736,0.0747463385214826,0.00296825855126984,0.0765318258272915,0,41.955
"100832",0.0229695455288257,0.00853313451965282,0.0911028369348399,0.079503799583348,0.0258206300175268,0.0817361588593553,0,41.955
"100833",0.00388573556389066,0,0.0865277740990452,0.0749397936089837,0.00354547642056536,0.076924009268885,0,41.955
"100834",0,0,0.0785352565986324,0.0669521504993238,0,0.0690187871531511,0,41.955
"100835",0,0,0.0797515194144504,0.0680923379871732,0,0.0706157651902092,0,41.955
"100836",0,0,0.0775138311360169,0.0660840419277803,0,0.0694961761474992,0,41.955
"100837",0.000375615006438858,0,0.0851566705902718,0.0733611559051038,0.000167941359364045,0.0752055524534797,0.00320266620377999,41.955
"100838",0.0187336958420138,4.81593879223374e-06,0.094218005434347,0.0819245791479062,0.0177984365584415,0.0824674689991768,0.0461683594513356,41.955
"100839",0.0479878434659904,0.0147262033169204,0.099699141158925,0.0872644252298734,0.0516114250133571,0.0874413750644241,0.0581600740217106,41.955
"100840",0.0106041541502846,0,0.090552946418718,0.0786491454092201,0.0102499193077874,0.0801289432562331,0.0566717348422128,41.955
"100841",0,0,0.074254197127862,0.0626457173064301,0,0.0661270833024321,0,41.955
"100842",0.00396475369103242,0.000437058278665418,0.0861892798668881,0.0745857028377089,0.00582473078962355,0.0789255594020725,0.0119789069266992,41.955
"100843",0.0401042091607103,0.020921037452857,0.0964293882444169,0.0844094929811527,0.0488087253866438,0.0870713500666705,0.126124069388344,41.955
"100844",0,0,0.0468558255042157,0.03682124074942,0,0.0515653771201899,0.079576835206792,41.955
"100845",0,0,0.0475550132146389,0.0375510790151817,0,0.0527705956349985,0.0551249900943387,41.955
"100846",8.58923680436633e-05,0.0109616058975072,0.0708430458881188,0.0610189269771406,0.00286197267806801,0.0716295424715252,0,41.955
"100847",0,0,0.0316817007053781,0.0213120501753799,0,0.0435918274869832,0,41.955
"100848",0,0,0,0,0,0,0,41.955
"100849",0,0,0.0530423565266614,0.0434859199073479,0,0.0560820811255138,0,41.955
"100850",0.000806239633047963,0,0.0866199890144573,0.0746962819289661,0.000386990972262218,0.0760917945734723,0,42.214
"100851",0.00424496587988391,0,0.0887216215086454,0.0766950411238834,0.00353883989186369,0.0781896573683152,0.0271874086509869,42.221
"100852",0.00785644906162929,0,0.0905124046176718,0.0784053340716762,0.00693459383996419,0.0795742654388941,0.026960186583197,42.221
"100853",0.00920283087670052,0.000493000165015623,0.0897596362560955,0.0778394910993063,0.00873072026564577,0.0793646461470157,0.0307662955576464,42.221
"100854",0.00375115018996312,0,0.0855688682065805,0.0740255050866242,0.00373648627400172,0.0764966930399237,0.0218057146069565,42.221
"100855",0.000421923052197496,0,0.079828488164757,0.0689226242833808,0.000818580425640188,0.0729024697557758,0,42.221
"100856",0,0,0.0786664597928765,0.0675820497800017,0,0.0705980126192647,0,42.221
"100857",0,0,0.0796917026324673,0.0683480122023231,0,0.0711469982664223,0,42.221
"100858",0,0,0.0834597981099346,0.0713364977954407,0,0.0722368681654528,0.013702542931817,42.221
"100859",0,0,0.0770789383866743,0.0651751775676803,0,0.066930172504133,0,42.221
"100860",0,0,0.0764678034553267,0.0647597971673082,0,0.0663709223658855,0,42.221
"100861",0,0,0.0759542197964491,0.064842085963782,0,0.0687383104534077,0,42.221
"100862",0.00195190956984576,0,0.0859177399876825,0.0741746169624136,0.00158184669559112,0.0761815602347476,0.0191717719524282,42.221
"100863",0.011443156130095,0,0.0920842867098432,0.0798696505388535,0.0100028032320913,0.0805299109541202,0.0379506787143871,42.221
"100864",0.0102832163992759,0.00148144144943089,0.089708938121713,0.0778943550376301,0.00995039168011417,0.0794711350383977,0.00298305388282899,42.221
"100865",0.0278783753879427,0.0109881777806359,0.0963001586277369,0.084006318787815,0.0291550474948667,0.0847966670843459,0.0679312234451143,42.221
"100866",0,0,0.0612261080834917,0.0504189566717773,0,0.0573840551019349,0,42.221
"100867",0,0,0.0806481063648737,0.0687670791004032,0,0.0722410503281029,0.0378023345883866,42.221
"100868",0.00507251605856283,0.00428845941883893,0.0861535134016085,0.0746109024559849,0.00705030788203455,0.0788529514587201,0.0978794035945039,42.221
"100869",0,0,0.0726208654510596,0.0617352575063084,0,0.0691774655849946,0.0763323999995221,42.221
"100870",0.0032480697021621,0.0104923101240885,0.0791782074072077,0.0685751752265082,0.00728062625118791,0.0760169302858967,0.0769356393634607,42.221
"100871",0,0,0.0524984136380716,0.0430723954956871,0,0.0573749188706509,0,42.221
"100872",0,0,0.0319085604842316,0.0204914980058876,0,0.0414647701572668,0,42.221
"100873",0,0,0.041988684743071,0.0315263499107951,0,0.0472110597348494,0,42.221
"100874",0,0,0.0442474843581755,0.0343729363315596,0,0.0484256198327083,0,42.193
"100875",0,0,0.0795634553084284,0.0681572281127871,0,0.0712397410202533,0.0117879958574956,42.461
"100876",0.000219949721609914,0,0.0834914447470464,0.0718942106430437,0.000163510314825645,0.0743612684941114,0.0331783713462397,42.487
"100877",0.0144805134806896,0.00112248123573264,0.0931053111807315,0.0808216681000753,0.0128917140408398,0.0812315366200552,0.0586753644261533,42.487
"100878",0.000796332040539084,0,0.0849674129921692,0.0732558267305868,0.000443382124899899,0.0749465594988479,0.00692135342957385,42.487
"100879",0,0,0.079811158926859,0.0684095350996229,0,0.0705439873684632,0,42.487
"100880",0,0,0.0851962366544409,0.0732644081289641,0,0.0742995657071358,0,42.487
"100881",0,0,0.0738721650521118,0.0623883403391505,0,0.0645598338174183,0,42.487
"100882",0,0,0.0719967128207405,0.0603082467293492,0,0.0620803412625566,0,42.487
"100883",0,0,0.074030225540376,0.062012146509929,0,0.0638201388021431,0.00200488861594663,42.487
"100884",0,0,0.0803863152586707,0.068671810562535,0,0.0709511208348554,0.0102208156679621,42.487
"100885",0,0,0.082022433431392,0.0705581817170989,0,0.0733618976137747,0.00370315776763301,42.487
"100886",5.23123845103097e-05,0,0.0834858504312063,0.0718969773892451,7.81154962948041e-06,0.07402517983024,0,42.487
"100887",0.00111257634317809,0,0.0816800513548569,0.0705341564199606,0.00150687540160501,0.074187202113568,0.00965300663839085,42.487
"100888",0.00190948070702111,0,0.0836991121238711,0.0723396823318701,0.00207014979687318,0.0753126598966729,0,42.487
"100889",0.00693793502486424,0,0.0889984833977046,0.0772041760378931,0.00636459076484774,0.0787542580382319,0,42.487
"100890",0,0,0.0633000659589271,0.0522339532061897,0,0.0578955749186257,0,42.487
"100891",0,0,0.0794299206727269,0.0677502802880823,0,0.0713627271458515,0.0585966932653836,42.487
"100892",0.0158193147614159,0.0115512659516202,0.0906232634318857,0.0788472599246618,0.0195347039500512,0.0822970083467649,0.0919497186755597,42.487
"100893",0.0212379107598181,0.0126634471701145,0.0952716220886567,0.082915786406084,0.0252079662898472,0.0853970943662301,0.112715113108984,42.487
"100894",0.00380761800751296,0.00498099974657058,0.0837811966643608,0.0725575816818884,0.00617107999849737,0.077625329874788,0.13643793593582,42.487
"100895",0,0,0.0579208411438627,0.048019022733096,0,0.0591923039340403,0.0401125222522684,42.487
"100896",0,0,0.0549934672690385,0.0453113244142066,0,0.0590569755414376,0,42.487
"100897",0.0144006890906575,0.0168246683852424,0.0877089136819648,0.076295350548766,0.0211418319915213,0.0818188179772007,0,42.487
"100898",0,0,0.0567308540569392,0.0467902194952598,0,0.05764512453771,0,42.515
"100899",0,0,0.0821479877422938,0.0702323366196414,0,0.0716337945493258,0.0341376447322991,42.736
"100900",0.00263150324015643,0,0.0886267154539004,0.0764556289011907,0.00136000333644014,0.0769971443904824,0.0438029026454044,42.751
"100901",0,0,0.0851712552687883,0.0732124601495392,0,0.0741564101857734,0.0123634567602787,42.751
"100902",0,0,0.0714383342678739,0.0603323771535174,0,0.0630922606082326,0,42.751
"100903",0,0,0.0796521249433578,0.0680641515497996,0,0.0698826976537185,0,42.751
"100904",0,0,0.0712194106982716,0.0601913768768708,0,0.0631390964118029,0,42.751
"100905",0,0,0.0634831353099524,0.0522997962128939,0,0.0557097901072986,0,42.751
"100906",0,0,0.0812841166060851,0.068875574640123,0,0.069250018017199,0.0121475093764746,42.751
"100907",8.49612778399015e-05,0,0.0894978313100872,0.0769307963133475,0,0.076704052101189,0.0111159597369069,42.751
"100908",0.00222924525723617,0,0.0883258863410549,0.076265602211627,0.00127193720200205,0.0771339731016448,0,42.751
"100909",0.00209960930872203,0,0.0842648549542136,0.0728681090005893,0.00198949719964743,0.075344649587237,0,42.751
"100910",0.00705512653605363,0.000215616614138969,0.0875471947964786,0.0758860167140985,0.00692035331061309,0.0779703306761307,0.026381132332798,42.751
"100911",0,0,0.0787232171352143,0.0677518313400684,0,0.0712980131773327,0,42.751
"100912",0,0,0.0765992329139896,0.0657393825558598,0,0.0693315030467213,0,42.751
"100913",0.00124317361871694,0,0.0867693888033559,0.0748970356769226,0.000750062358171506,0.0764992876713462,0,42.751
"100914",7.72662996379109e-05,0,0.0832160606917681,0.071628176216732,0.000244127095956347,0.0751685484622957,0.0540882941995925,42.751
"100915",0.0537113523665191,0.0236074554460086,0.102916405843231,0.0900149025321823,0.0603797612606984,0.0905139855140864,0.0781259605322775,42.751
"100916",0.013852042143605,0.00162143523596824,0.0968068018055736,0.0838980111989321,0.0131010998160473,0.0845381762344758,0.092835132242506,42.751
"100917",0.182571137163573,0.0685724776787206,0.114449653882781,0.102358036362257,0.228707441073521,0.101455146918853,0.11518331294624,42.751
"100918",0,0,0.064150113585835,0.0532562894345905,0,0.0615223692395538,0.0563364890529063,42.751
"100919",0,0,0.0559508358201287,0.0453936613483016,0,0.0557793540577643,0,42.751
"100920",0,0,0.0751351717253203,0.0640619643874607,0,0.0701604946710005,0,42.751
"100921",0.0019874264936301,0.00272370322414477,0.081209078118804,0.0703447926835893,0.00374275547125796,0.0755682166307538,0,42.745
"100923",0,0,0.0720561789305387,0.0610500120921694,0,0.0644463346054486,0,43.015
"100924",0,0,0.0723170164743303,0.0612240345216775,0,0.0643308754049076,0,43.015
"100925",0,0,0.0737052370203216,0.0623427614077547,0,0.0646147060555312,0,43.015
"100926",0,0,0.0760787673349405,0.0648507300965322,0,0.0668373952204289,0,43.015
"100927",0,0,0.0727490920452889,0.0616848305933807,0,0.0644082014828176,0,43.015
"100928",0,0,0.0738539592368802,0.0622695765942782,0,0.0641020752149306,0,43.015
"100929",0,0,0.0815044067356345,0.0691143469005524,0,0.0696002438587449,0,43.015
"100930",0,0,0.0822375436892992,0.0699150758634385,0,0.0701417102238744,0,43.015
"100931",0.000416100030051541,0,0.0901643802928844,0.0775786300294988,0,0.0770957506379587,0,43.015
"100932",0.00409456029000489,0,0.0925091092308,0.0798541895443355,0.00174877669046158,0.079097477377676,0.00346108135042841,43.015
"100933",0.00808689415422784,0,0.0909286360033699,0.0787543208948655,0.00646565380875463,0.0793688152638371,0.0289450173166115,43.015
"100934",0.00943872630622284,0,0.0924109381646797,0.08007174322897,0.00718806698614358,0.0801223186310058,0.02099907490636,43.015
"100935",0.003683238279921,0,0.0885715284340903,0.0765563989055245,0.00266986592824788,0.0776772357154808,0.0214819629540961,43.015
"100936",0,0,0.0752585033019818,0.0642307259363666,0,0.0689580735838876,0.0296528038661888,43.015
"100937",0,0,0.0852878968989416,0.0732926521776988,0,0.0754599981019613,0.0541792979588656,43.015
"100938",0.118278782939992,0.0343858354879279,0.114449653882781,0.102116518324409,0.12655759825417,0.0986575681324186,0.136560324190748,43.015
"100939",0.0281881415394273,0.00179511914853004,0.104586951571862,0.0908242727398566,0.0236941240924356,0.0887670200158959,0.0948380095058934,43.015
"100940",0.0526849090503507,0.0265087790964694,0.10078947230723,0.0882619153294318,0.0620700861603948,0.0896461819122682,0.0708142209193668,43.015
"100941",0,0,0.0724765302643088,0.061454553918366,0,0.067668719699971,0.0648374724136036,43.015
"100942",0,0,0.0700017349541805,0.0588771749870506,0,0.0645293778031128,0.0390180945866001,43.015
"100943",0,0,0.0677230916794212,0.0570427313985266,0,0.0644443608157762,0,43.015
"100944",0,0,0.0705668638208241,0.0593240154496894,0,0.0644763210457717,0,43.019
"100945",0,0,0.0616579742903031,0.0515004628606292,0,0.0557493148041528,0,43.232
"100946",0,0,0.068563218528365,0.0576732478711158,0,0.0611997993142834,0,43.258
"100947",0,0,0.0723189427264478,0.061062745365775,0,0.0639584883314584,0,43.258
"100948",0,0,0.0763179033229843,0.0646062781889797,0,0.0659965528215576,0,43.236
"100949",0,0,0.0759957607372043,0.0644733392727602,0,0.0666764984372814,0,43.214
"100950",0,0,0.0806729622463879,0.0687684303238769,0,0.0697730186690273,0,43.259
"100951",0,0,0.0864493118844653,0.0740232311194974,0,0.0740255990570146,0.00663668460518909,43.277
"100952",0.000948987046326805,0,0.0909403638611336,0.078252483031838,2.70386214733056e-05,0.0776539612054079,0.0188789140653107,43.277
"100953",0.00460601072153131,0,0.0927448909803782,0.0800832092682938,0.00227126466089205,0.0794921933910719,0.0122673022165986,43.277
"100954",0.0286561429742037,0.00399146687308827,0.0999971076014241,0.0870031942334643,0.025063934963621,0.0856232185697963,0.0486194968262837,43.277
"100955",0.0667304421036959,0.0166702507481691,0.107590241493227,0.0941132234717035,0.0644697521767285,0.0912718745451535,0.0589390794045836,43.277
"100956",0.107444067199857,0.0292146027230675,0.113544051822392,0.099644939594332,0.110612450657327,0.0959426012404371,0.0959524000218097,43.277
"100957",0.0537271800377006,0.0148727110400714,0.104522796788842,0.0913284181956228,0.0525858995059751,0.0895066078992034,0.0856812695554028,43.277
"100958",0.00995649252446557,0,0.091712335575825,0.0794824937918015,0.00888370998429258,0.080461869752543,0.0702874701434116,43.277
"100959",0,0,0.0886875767383691,0.0761173228049812,0,0.076844011192662,0.078812695409412,43.277
"100960",0.0712147690651865,0.0216837957082304,0.109268015651553,0.0956486839622236,0.073711205709061,0.0935368643184553,0.146317443044269,43.277
"100961",0.00638504046162305,0,0.0954162906884625,0.0824763679070141,0.0038877325597033,0.0818956002306715,0.0296535880142118,43.277
"100962",0.0292520167803193,0.0121335978460487,0.0974719818370972,0.0849952309302558,0.0311806661367185,0.0858704740394203,0.0263416988336804,43.277
"100963",0.00388812352675643,0.000228530369653882,0.0863417076148611,0.0747163705441636,0.00460111532983376,0.0779271031119879,0.0685395023079093,43.277
"100964",0,0,0.0815851859530022,0.0699321429671061,0,0.0726099799756936,0.0547866219509573,43.277
"100965",0,0,0.0690621848086989,0.058296338693677,0,0.0650967063777356,0.0105319278628752,43.277
"100966",0,0,0.0545425393573793,0.043397407392153,0,0.0520436015714006,0,43.277
"100967",0,0,0.0819144027511497,0.0704350378209815,6.48578823199871e-08,0.074223832117757,0.00625695719785099,43.3
"100968",0,0,0.0830491920491582,0.0712503514027985,0,0.072332532862242,0,43.489
"100969",0.0386491421978899,0.00585979913326237,0.103164757049557,0.0898404055923062,0.0336713450608501,0.0875233588260598,0.0774156075525802,43.538
"100970",0.109495748669014,0.0245412714926934,0.114449653882781,0.101990854348291,0.10688353030623,0.0970325002919251,0.0986205958232461,43.538
"100971",0.0505732159546971,0.0103184860971436,0.104741716604644,0.0914910546449269,0.0462865368172362,0.0888577688943157,0.0264323300608896,43.538
"100972",0.121426240491256,0.0317280741884743,0.114449653882781,0.10142844336147,0.125139278790542,0.097154798583447,0.0732740637381227,43.538
"100973",0.137225583305185,0.0439245312440091,0.113592984826527,0.100119912977146,0.15360694279096,0.0973946437352965,0.108055534204278,43.538
"100974",0.0904841037370604,0.0253483951175667,0.111068683330924,0.0973659547899648,0.0924488254092382,0.0942802757875084,0.0889119922795801,43.538
"100975",0.0364841073587557,0.00717605905622986,0.102468443987501,0.0892223429489287,0.0332033417963219,0.0875899934710021,0.0897331016501742,43.538
"100976",0,0,0.0838573194708112,0.0716243302057311,0,0.0733687447582849,0.092159316750219,43.538
"100977",0.0595426586849013,0.018359194773569,0.106383112477573,0.0930859221668454,0.0610660906681577,0.0914995535144517,0.159232742547774,43.538
"100978",0.0459402157182275,0.0190325642514407,0.101489944012817,0.0887427966705724,0.0500464368777653,0.0889826799683579,0.0810726986218957,43.538
"100979",0.0212823158452928,0.00603705497565454,0.0967482826752253,0.084222976656119,0.0209484330389249,0.0846823484646817,0.00252056127327635,43.538
"100980",0.00410008080107098,0,0.0889942910763381,0.0769571387726703,0.0039609218349505,0.0790266028453044,0.0579307826473884,43.538
"100981",0.0315359440890869,0.00755089034259302,0.100637167637484,0.0877053350523588,0.0298779795046194,0.0868652263413938,0.0946685970120128,43.538
"100982",0,0,0.0785608660242343,0.0670439564557158,0,0.0713286483382005,0.00847816990880475,43.538
"100983",0,0,0.0645482148235769,0.0534746562897802,0,0.0603403731532886,0,43.538
"100984",0,0,0.0792552440364495,0.0677524251302815,0,0.0717482490981671,0.0114215566959272,43.538
"100985",0.0197710858063351,0.000145768427787819,0.0966600053753874,0.0839527047841085,0.0159574969527337,0.0828953190653503,0.0515018710001267,43.797
"100986",0.0727540542069532,0.0209794853085864,0.107021894416441,0.0937354199763172,0.073259614354407,0.0913603719760091,0.100715262593414,43.798
"100987",0.0360014427111234,0.00576074246479797,0.100368526891711,0.0875976436754919,0.0316626431079009,0.0856516044071886,0,43.798
"100988",0.0989166227298256,0.027869964497094,0.110764055279229,0.0973086063856649,0.101950891865182,0.0940848443902604,0.0435106258462722,43.798
"100989",0.0940838778159364,0.0277066331832324,0.110133747213799,0.0966829612369897,0.0977829647466937,0.0938562657063526,0.0722883612057817,43.798
"100990",0.0672019645478353,0.0139852436414702,0.109608392172836,0.0957603444541865,0.0623626825179808,0.0922244821515976,0.0669607800828576,43.798
"100991",0.0960041398041601,0.0245291994300554,0.113724139320811,0.0995921033408687,0.0962164921436083,0.0958189259058704,0.107984299402852,43.798
"100992",0.00112636267885585,0,0.0927436248346318,0.079712665479372,9.20954778883989e-05,0.0792334578821601,0.0492976152725031,43.798
"100993",0.0217156074397246,0,0.108035378061705,0.0934138398549593,0.0153004573002916,0.0903820269180698,0.0802119186757932,43.798
"100994",0.0185256508093057,0,0.103552917757057,0.0896836928989369,0.0119158169247502,0.0866951552692139,0.0544999926977056,43.798
"100995",0,0,0.0947852241279682,0.0814248177336179,0,0.0791985208339197,0.00920581205081025,43.798
"100996",0,0,0.0909912761255204,0.0781567443468105,0,0.0779572294049329,0.0726056924199709,43.798
"100997",0.0680993115697772,0.0135157128560271,0.11261626973099,0.0982816066175479,0.0629602591029711,0.0943903629640579,0.119025201396015,43.798
"100998",0.0259066657484495,0,0.105386771838056,0.0913804094587882,0.0197173393174349,0.0886411817740684,0.0880300990844781,43.798
"100999",0,0,0.0819739445127043,0.069641802462698,0,0.0712908993203615,0.0386427752777408,43.798
"101000",0,0,0.0792674895500631,0.0673227285155822,0,0.070032737200054,0.0320243975643512,43.798
"101001",0,0,0.0552029792342062,0.0436735500686463,0,0.05065998867883,0,43.816
"101002",0,0,0.0682391249165986,0.0564855090147514,0,0.060445643228808,0,43.84
"101003",0,0,0.0811142631899813,0.0695652840116617,0,0.0703792598680198,0,44.058
"101004",0.0107411504847323,0,0.0928210451734178,0.0804299429375366,0.00784254903102449,0.0800631122345497,0.0361525696993907,44.057
"101005",0.0373615028307959,0.00876104296614559,0.0999266343080635,0.0871778666822582,0.0347693984185901,0.0858966630835207,0.0490816887909345,44.057
"101006",0.0750683715768574,0.0221364347978194,0.106517095450965,0.093421655778577,0.0762682782589618,0.0911232063355718,0.0436303761209615,44.057
"101007",0.0407754495375191,0.0110571589256725,0.100073748639033,0.0874318561116573,0.0391798663452959,0.0863285561516577,0.0391809742144717,44.057
"101008",0.0697467191223009,0.0183109435048818,0.108318341933004,0.0947394951948639,0.0683985620290522,0.0920328279822651,0.1068041906575,44.057
"101009",0.210637379975673,0.0580693794434593,0.114449653882781,0.10491351757644,0.238721138885046,0.101455146918853,0.157991271027113,44.057
"101010",0.00321841956391324,0,0.0950942380142584,0.0818492927699844,0.000898387530757924,0.0807108619682996,0.0345867464694241,44.057
"101011",0.00478863840909671,0,0.100953931478285,0.0868222840580563,0.001015699013508,0.0841853106372593,0.0514736616536779,44.057
"101012",0,0,0.090053891821309,0.0769115754071718,0,0.0753513802545884,0.0135297396198982,44.057
"101013",0,0,0.0646957999596927,0.0520462190121112,0,0.0524163850978554,0.00319178000753956,44.057
"101014",0,0,0.079133810035646,0.0662199236738915,0,0.0662600104186512,0.057885163001489,44.057
"101015",0.184332871735849,0.0463288094637108,0.114449653882781,0.10491351757644,0.199105642627293,0.101455146918853,0.143406449465203,44.057
"101016",0.10817571163843,0.0244438928898127,0.114449653882781,0.103512297374201,0.106472878633597,0.0985919137075934,0.113671529291181,44.057
"101017",0,0,0.0771323249023485,0.0648267367115207,0,0.0669823854512843,0.0312333205422619,44.057
"101018",0,0,0.0784200579411012,0.0665885547263404,0,0.0696711662411043,0.0341402024837387,44.057
"101019",0,0,0.0625221775163002,0.0509728108128022,0,0.056648164493224,0.00635110612019262,44.057
"101020",0,0,0.0665216394392881,0.0548978883093615,0,0.0593202003824029,0.00786836394388271,44.057
"101021",0,0,0.0811153661224552,0.0693174463295159,0,0.0723444080275387,0,44.063
"101022",0.029242131450675,0.0120644116283519,0.0970891022637899,0.0846741054684569,0.0311494858452672,0.0855774862893472,0.00651404190383668,44.074
"101023",0,0,0.0838870030240679,0.0720985287509699,0,0.0728366413362062,0,44.28
"101024",0.0024844411834972,0,0.089617886629764,0.0772827017261839,0.000743396328052803,0.0768512212671199,0.0143944968664623,44.314
"101025",0.0223244410324586,0.000919208054632139,0.097442373177025,0.0846599980177969,0.0182574283504624,0.0834308147201378,0.0695802905793255,44.314
"101026",0.0379058553159965,0.00885127539027587,0.100264459542538,0.0874555735145399,0.0352391373610796,0.0861283805597901,0.0612622878769284,44.314
"101027",0.0254189422072528,0.0025642956487903,0.0982167810762047,0.0854440051383363,0.0215921378883839,0.0842187053148119,0.0472238128560495,44.314
"101028",0.0145704111515128,0,0.0964915698800842,0.0836047019233032,0.010428692825921,0.0824550232398581,0.0539777231279501,44.314
"101029",0.0496319005207366,0.0110097305917697,0.105435543354001,0.0919711061859978,0.0461386890042849,0.0896644435886179,0.0814137337359701,44.314
"101030",0.00873360057162136,0,0.0997384050044407,0.086040314277455,0.00369294122483272,0.0835776953875491,0.0199717942010164,44.314
"101031",0.0552838519807822,0.00459521902139425,0.113337824878096,0.0985339108749674,0.0446338591596174,0.0939395933070403,0.0651686763686143,44.314
"101032",0,0,0.0724035029283004,0.0597828488899891,0,0.0604856797382313,0.0399526879166562,44.314
"101033",0,0,0.034841109586782,0.0188143139979715,0,0.0161354414869392,0,44.314
"101034",0,0,0.0852322299814218,0.0721577667264392,0,0.0717055676921828,0.0475296478309923,44.314
"101035",0.030903423593902,0.00334683630719804,0.103860552715565,0.0902649963385839,0.026801996735873,0.0882973987105958,0.00212272039432598,44.314
"101036",0.175442787755022,0.0414460460640896,0.114449653882781,0.10491351757644,0.184420628716956,0.101455146918853,0.0743780587862208,44.314
"101037",0.00303174880073289,0,0.0936279262878474,0.080715149079878,0.00145176473410194,0.0805440237726895,0.0457822449699211,44.314
"101038",0,0,0.0890169523450963,0.0760495659088267,0,0.0759416965904113,0.0148312267939391,44.314
"101039",0,0,0.0815016646334761,0.069662956695525,0,0.0726209077379046,0.0543288018947609,44.314
"101040",0,0,0.0676987492612562,0.0561301640375563,0,0.060734910670188,0.012128583014074,44.314
"101041",0,0,0.0821535361218877,0.0704712093754645,0,0.0736880454776563,0.00557894926498748,44.314
"101042",0.0162128218033427,0.0065038174002578,0.093431064988821,0.0812366058531437,0.0172491015659558,0.0829605058945977,0,44.321
"101043",0.0732431610683494,0.0319468825649953,0.103360276259902,0.0907916966376496,0.0846734803688131,0.0911351774934107,0,44.336
"101044",0.0680188121347603,0.0326163091448101,0.100675323522366,0.0884541767475872,0.0801862955149091,0.0896711520296462,0,44.338
"101045",0.00324964142334446,0,0.0907563607266956,0.0782550671439842,0.00108141525471309,0.0775382094001087,0.0352460521491882,44.546
"101046",0.00416333025776319,0,0.0922357026670629,0.0795532809091214,0.00143129189231139,0.0783826342050057,0.0331428575568715,44.571
"101047",0.0234419190111329,0.000127400309737883,0.0987479761327954,0.0857608742167997,0.0184793699301777,0.0840658067061794,0.0901484578661947,44.571
"101048",0.0232531719733761,0.00153524981373798,0.0976689178853404,0.0849346135564339,0.0194191642410574,0.0837435437568054,0.0388761399432105,44.571
"101049",0.0235667778234059,0.00300278586549126,0.0972681563782676,0.0846233988756932,0.0206199424133561,0.0838541309134105,0.0404995498032792,44.571
"101050",0.0100435724574436,0,0.0920023405618537,0.0798217312165994,0.00793434308487802,0.080002184668419,0,44.571
"101051",0.00745903752162285,0,0.0994544437197407,0.0857593618022893,0.00276701785622794,0.0832973710404003,0.0163166078206292,44.571
"101052",0.097640924779154,0.0211584519663001,0.114449653882781,0.102856421866348,0.0935903293733164,0.0981681833389605,0.0698619225572806,44.571
"101053",0.0428789245879892,0.00327345198691192,0.109223146275503,0.0949299219704039,0.0350897098133617,0.091326540440777,0.0809950760990065,44.571
"101054",0.0390103102405562,0.00199922948875168,0.10716267286594,0.0933787553108257,0.0314776461250061,0.08977661064772,0,44.571
"101055",0.0174673277739671,0,0.104441176198234,0.0904350574740316,0.00997230268358539,0.0868806091593293,0.0186434316837065,44.571
"101056",0.014945825246823,0,0.099753854641209,0.0863738603029313,0.0106456565983456,0.0848001010125502,0,44.571
"101057",0.00740686067975954,0,0.0990189360388752,0.0854476396151654,0.00366194071936224,0.0836559037125077,0.04645794407261,44.571
"101058",0.0498637419297604,0.0103281941565973,0.106501580882151,0.0929547540629101,0.0463682309538409,0.0903658788666174,0.106638599035204,44.571
"101059",0.0125453899444163,0,0.0976721436723088,0.0845733430032944,0.00938808500672449,0.0836673981937649,0.069726494463975,44.571
"101060",0.0233851577258427,0.00257497348278576,0.100322545447376,0.0871566114395237,0.0207869000014158,0.086179173844627,0.0885948712409395,44.571
"101061",0,0,0.0875289786010902,0.0752376360220766,0,0.0766127325021438,0.0578858893338384,44.571
"101062",0,0,0.0839525503141898,0.0720838045516734,0,0.0746282305348242,0.028348740435023,44.571
"101063",0,0,0.0725247658179138,0.0614196599240161,0,0.0668009011582634,0,44.571
"101064",0.0629948753005192,0.0272203783008715,0.102926305080377,0.0902537754491836,0.0715253471616888,0.0905289294782236,0,44.575
"101065",0.0507093348162629,0.0236355775543328,0.0992594735793761,0.0869578649059374,0.0574909698058727,0.087914503289984,0,44.576
"101066",0.080528682806504,0.0369021814895132,0.101681705439714,0.089510491521522,0.0953118454739845,0.0904323330019602,0,44.579
"101067",0.124113607952825,0.0457443554786856,0.109044021511006,0.0962164564799324,0.143873673803553,0.0950794244074477,0.0144537841219731,44.605
"101068",0.00274673565637818,0,0.0917777215174916,0.0790826867288388,0.000472603535438421,0.0776556668298954,0.0139847133209713,44.787
"101069",0.000552022683685843,0,0.090249953307045,0.0775956218250198,0,0.0762480684409784,0.000328832834251351,44.826
"101070",0.0040245917773146,0,0.0926159706043375,0.0799269189890445,0.00124338592199569,0.0785271641388473,0,44.826
"101071",0.0195959535724702,0.0010857147782168,0.095476835574286,0.0830517478972254,0.016549092723059,0.0823914967096584,0.0145478338230299,44.826
"101072",0.0124950376305049,0.000504043888614355,0.0908659359296741,0.0790227075225952,0.0111249364799476,0.0797159360677626,0,44.826
"101073",0.0219653590098509,0,0.101361782962762,0.0878991837589066,0.016112966098061,0.0857461897323343,0.065221504944062,44.826
"101074",0.00233816915184054,0,0.0958646813316134,0.0824139977087525,0.00022839910282425,0.0808922634975574,0.0500139660162516,44.826
"101075",0.0577656547582395,0.00943742459054638,0.110585075967764,0.0963714806144985,0.050992329596615,0.0926389505539318,0.0706216499132193,44.826
"101076",0.0801146763565014,0.0112096753564165,0.114449653882781,0.102426225082383,0.0700762872108695,0.0967669498269892,0.0557055361899333,44.826
"101077",0.00735658156104096,0,0.102746360467757,0.0886123844062942,0.00163579096753237,0.0845449036214308,0,44.826
"101078",0.0687526804166001,0.00759481951285114,0.114449653882781,0.100530809892011,0.0576342115369869,0.0951872664912889,0.0145922921950729,44.826
"101079",0.0475702665249336,0.000869135883091164,0.112426305426902,0.0976468095571197,0.0365192581104863,0.0927372879033429,0.0657054461287068,44.826
"101080",0.031023548297004,0,0.106644683379931,0.0925136762492576,0.0227765695449048,0.0889053350839417,0.0626957996356829,44.826
"101081",0.160901209667668,0.0403228980773382,0.114449653882781,0.10491351757644,0.170651688354952,0.101340605712306,0.165986851478071,44.826
"101082",0.0735350782408145,0.0196354641901697,0.109928501846623,0.0961856872956253,0.0735573803103968,0.0933222647331792,0.122537204151679,44.826
"101083",0.0076805874901,0,0.0941572405955556,0.0814389314522947,0.00546578906793253,0.081230704449299,0.0401151579902726,44.826
"101084",0.00377730800414093,0,0.0910563836774188,0.078615043114222,0.00257831179253638,0.0792846358427258,0.0425407288997403,44.826
"101085",0,0,0.0870456425137552,0.0748126671455492,0,0.0761944528420472,0.0112728452604216,44.826
"101086",0.0678929621913474,0.0254424034803445,0.106464111202541,0.0932509502315944,0.0744638777043922,0.0924463609907642,0.0424455747603768,44.826
"101087",0.0692783476290878,0.0275575270084403,0.104431935573699,0.091595318892998,0.0771267555632473,0.0912463851645815,0,44.826
"101088",0.0826624466141786,0.0318187079265705,0.105339300232898,0.0925542773513834,0.0924361615815833,0.0918843445248738,0,44.826
"101089",0.10653278840913,0.0405594704472695,0.106795422403249,0.0941208442875843,0.122242527029234,0.0933237099521875,0.0394879871945032,44.826
"101090",0.129824289910222,0.0466905866986612,0.109151545899359,0.0963806810753021,0.149879427363841,0.0950296110933664,0.0631412817303545,44.827
"101091",0.0416533447585749,0,0.111553578010829,0.0967712855305499,0.0296716417349287,0.0917135657246019,0.077351439813171,45.076
"101092",0.0587567323077278,0.00888392111681033,0.110282931680292,0.0961669766261669,0.0515751402774694,0.0921741587785901,0.0393095273949119,45.081
"101093",0.114261109398386,0.0250672809624636,0.114449653882781,0.103791119755913,0.112190883323282,0.0985221929463802,0.0698604967313371,45.081
"101094",0.178590793117525,0.0445625109012318,0.114449653882781,0.10491351757644,0.191782837703528,0.101455146918853,0.182715730821611,45.081
"101095",0.0477867856345634,0.0115573743491155,0.104651400200418,0.0913185000778453,0.0456029106505356,0.0893373335875862,0.0983013543303196,45.081
"101096",0.0282405999316965,0.00477951650032968,0.0999415685109608,0.0869487722467253,0.0255048032197766,0.0858631302989087,0.0728430477309297,45.081
"101097",0.0222719571311329,0.00277076325614311,0.0983971563303219,0.0854968392037613,0.0197929512222268,0.0848191530098017,0.0502224583693737,45.081
"101098",0.0574213583064701,0.0200697835659153,0.10442160315135,0.0913487658342414,0.0605009158715864,0.0904247132707047,0.065438393282947,45.081
"101099",0.0834288111325997,0.0306164835965731,0.106834567015444,0.0937944131407464,0.0921035047510282,0.0927046960770393,0.0312978035433599,45.081
"101100",0.0738019059830546,0.0263476675181277,0.10507660541896,0.092165749248092,0.0794230388493638,0.0910472172029643,0.0270583548137501,45.081
"101101",0.0550821861761005,0.0213540092438706,0.100205725396644,0.0877946106823788,0.0588715733815298,0.0876184550233553,0.0447789834380168,45.081
"101102",0.0457510597225117,0.017702492542765,0.0977535123787363,0.0855457033640962,0.0477629117823307,0.0856630641870058,0.0566805786914035,45.065
"101103",0.165890426241062,0.0402896337482949,0.114449653882781,0.10491351757644,0.174277094187163,0.101455146918853,0.0975370719506686,45.326
"101104",0.0560662017051403,0.00877023415282854,0.109267333894359,0.0952424827966738,0.0496071085746662,0.0915345476432248,0.086499544685106,45.334
"101105",0.0263141265659738,0.00135596521931819,0.100959266549696,0.0877111230315675,0.0218928108270065,0.0858969110656166,0.0773120659390672,45.334
"101106",0.0665786537868403,0.0201314185992111,0.106014187838592,0.0928420158505657,0.0679570151799148,0.0909077247386102,0.113664183825953,45.334
"101107",0.0594804027000724,0.0179153233960905,0.10552094503036,0.0922825095410748,0.0602161303477354,0.0905593634238652,0.0929016656039534,45.334
"101108",0.0568385606069872,0.0162033601241229,0.105674378034051,0.0923441688199068,0.0565760120505299,0.0904804952790071,0.0744817681991258,45.334
"101109",0.0773872750927556,0.0245792663637133,0.107659268491695,0.0943443098668217,0.0809307751505998,0.0923642974666825,0.0616314748297285,45.334
"101110",0.077553352195986,0.0267236992934735,0.10589181544026,0.0928914677853077,0.0828961436965991,0.0914683422125622,0.0516383004065455,45.334
"101111",0.0408421052125772,0.0137100239868162,0.0987147976851354,0.0862383068257066,0.0410982117193946,0.085868684696446,0.0476685478675048,45.334
"101112",0.0997548021200139,0.0265630380502992,0.112915683673738,0.0990241336394892,0.101623590383621,0.0953715236864303,0.0694529150992263,45.563
"101113",0.0466380500443682,0.00691650106866866,0.106269726126389,0.0925777807716403,0.0408417267314985,0.0895086760851119,0.0827048284891154,45.586
"101114",0.0127718482095925,0,0.0988141908995088,0.0854635579881558,0.00765658935836328,0.083233616631294,0.0510308628635259,45.586
"101115",0.0812038816634704,0.0207355241409639,0.110728875095745,0.0969156084021942,0.0803701095414981,0.0935893505149143,0.0987697766834584,45.586
"101116",0.122046328503963,0.0350281102053764,0.114449653882781,0.100765502672206,0.130170647331106,0.0971907089253398,0.127767256381864,45.586
"101117",0.0518095127847607,0.0147270994015603,0.104040893487024,0.0908790505617806,0.0510972610178109,0.0892597067557468,0.0699369818019653,45.586
"101118",0.0559466672435129,0.0153401338561899,0.104964885558205,0.0917168253377591,0.0548133273218448,0.0897616612607684,0.0644246405320396,45.586
"101119",0.0557866367644889,0.0149899873737825,0.104658748314047,0.0914554447467476,0.054239760304053,0.0894396091398733,0.0552004588946584,45.586
"101120",0.0398259745952434,0.00990681774245809,0.100602284479874,0.0877631896412726,0.0374897284292881,0.0864527345783646,0.0461723750371754,45.559
"101121",0.0886378352639955,0.0219429389359268,0.111820402239472,0.0979245980487355,0.0874858009684107,0.0941983141056526,0.104221809705288,45.824
"101122",0.056684349930486,0.00671192912014134,0.109905344913139,0.0957413271146042,0.0479199076643694,0.0914498206667257,0.0767491705146647,45.837
"101123",0.0704282970388419,0.013764602370624,0.110724782025901,0.0967021785632092,0.064816220568945,0.0927400129929089,0.0663173172121709,45.837
"101124",0.128184325441125,0.0317374968768611,0.114449653882781,0.103489852210874,0.13102548841735,0.0986781955340703,0.105755449173831,45.837
"101125",0.103899857055635,0.031416936490111,0.11106992798934,0.0975908227947401,0.110308202778575,0.0947615694068537,0.121279204315046,45.837
"101126",0.0556642941248809,0.016173418226884,0.104112943128933,0.0910172960918253,0.0552370953133603,0.0893286679522432,0.074817806235808,45.837
"101127",0.0475802121056809,0.0107528599108921,0.103854969882183,0.0906194092809265,0.0442777465902344,0.0884841276609816,0.0579979994444307,45.837
"101128",0.0944068472964961,0.0212817833626186,0.113383118469842,0.0992930803709627,0.0911695141869931,0.0948878713399209,0.0710505507249793,46.082
"101129",0.0840354997015266,0.0189332566860957,0.111650601796901,0.0977144175994498,0.0804793670321488,0.0936967760685057,0.0665795784375465,46.086
"101130",0.0675130000267375,0.0137420483920814,0.109374396280473,0.095548489231574,0.0623968542036897,0.0918923957703715,0.0596294950642315,46.086
"101131",0.0912401043440459,0.0211554796171556,0.112994903557024,0.0989018967822338,0.0885313384356219,0.0947461038601864,0.071619985792274,46.086
"101132",0.0833495837237869,0.0253103193032977,0.108387857468573,0.0950390438223397,0.0864408593442127,0.0926609659942725,0.0975191297747071,46.086
"101133",0.0638810318585283,0.0252553953115742,0.101684817347585,0.0892212721533756,0.0699774210081409,0.088984534562386,0.0891813333275409,46.086
"101134",0.0348480781225744,0.0126987827143823,0.0969814309688747,0.0846823649457327,0.0357008786338751,0.0849131677471036,0.0409275557313432,46.086
"101135",0.0810226962316476,0.0173960347078325,0.110724418479301,0.0969440227305795,0.0763915893341951,0.0928550123596801,0.0349240878521417,46.335
"101136",0.0664426641361614,0.0114215797646239,0.109587253485854,0.0957154320740389,0.0592380916996341,0.0915993329535677,0.0370088577871119,46.335
"101137",0.0761854987695606,0.0166303776290715,0.110541785480029,0.0966497596392542,0.0718399190176354,0.0928346410447296,0.0692577431692368,46.335
"101138",0.0649981441364574,0.0179457012872471,0.106322330903507,0.0930122120767263,0.0642879152228833,0.0907037059081318,0.0787214355609862,46.335
"101139",0.0492454185470767,0.017881619672524,0.100655528875944,0.088056139401856,0.0514662183949035,0.0876525518236964,0.0639521212341208,46.335
"101140",0.0570179865266612,0.0173142214920278,0.104319609424751,0.0912351293590472,0.0574443312405545,0.089671476495665,0.074085993933817,46.335
"101141",0.0725965214654093,0.0129131363795491,0.109811470140718,0.0960640655010278,0.0652664833788023,0.0917095399118124,0.0107407014385666,46.58
"101142",0.0447373026201588,0.00576729444624578,0.102785967893099,0.0898294876466141,0.0380556844060597,0.086720995976617,0,46.583
"101143",0.0798813700398353,0.0204737575165458,0.109311059604146,0.0957358847735739,0.0785646787333013,0.0925080835125729,0.0621367414450821,46.583
"101144",0.0726011311707893,0.0196490346207197,0.10790809957291,0.0944566132060858,0.0720027753024734,0.0917576378764171,0.0779164547760656,46.583
"101145",0.0485694569335113,0.00868321630678116,0.106170713572834,0.0925565104803681,0.0435721146916438,0.0897152049119861,0.0569301829195897,46.583
"101146",0.0482892846979441,0.0101455418207398,0.10634094946208,0.0927221288605592,0.0448795009767339,0.090275513749928,0.0608199761844228,46.583
"101147",0.0850437243462123,0.0141721274280328,0.113469514943714,0.0991861425316013,0.0758503412522091,0.0939630862192382,0.0449623772275759,46.803
"101148",0.0672169610715444,0.00989980688393253,0.109977120315664,0.0960499088458103,0.0581863223753524,0.0914868224301718,0.0225725554310586,46.829
"101149",0.0783411932511618,0.0197425544782758,0.109017093184414,0.0954690031905327,0.07653241443078,0.0922191347146896,0.0593353784166801,46.829
"101150",0.0620571430182909,0.0201524065266386,0.103787937775189,0.0908930223650037,0.0638247452696988,0.0895064393954207,0.0678973351050647,46.829
"101151",0.0448502589100261,0.0108545672892442,0.103466113186396,0.0902695338671247,0.0424895696128389,0.0884933359691803,0.0561883041097134,46.829
"101152",0.0530171358656578,0.00996155461639385,0.108330433320218,0.0944547419023152,0.0483874523510695,0.0913785694134291,0.0595498061566018,46.829
"101153",0.0782450145409589,0.0157534833437926,0.110390640727444,0.0965913632052689,0.0723044266913698,0.0923839302850841,0.0384397803046553,47.061
"101154",0.0522193746446844,0.00681752299063068,0.105850322622751,0.0924346161910948,0.044340628079117,0.0887013826063915,0,47.074
"101155",0.0549322332275278,0.0169166180161104,0.102603337844933,0.0897875107394959,0.0551491729294135,0.0884049655055505,0.0448976782629693,47.073
"101156",0.0519416337845045,0.00928377450200256,0.106577346993753,0.0929651866271403,0.0465003407618721,0.0898852918962541,0.0464358817650672,47.074
"101157",0.0569321513836599,0.0105641981271886,0.107731381466672,0.0940308179291043,0.0514606259326097,0.0907021793146046,0.0415063379692645,47.07
"101158",0.0913353948144672,0.0194447149047629,0.112730815599096,0.0986898367614262,0.0863405110761074,0.0941493501436274,0.0645163026605807,47.309
