"","Andrena_carlini","Andrena_miserabilis","Osmia_atriventris","Osmia_bucephala","Osmia_lignaria","Osmia_pumila","Andrena_violae","latitude"
"100001",0,0,0.0569644733273877,0.0550999756908992,0,0.0812581247693616,0.0354125286052249,25.316
"100002",0,0,0.0479785253926148,0.0425274787317726,0,0.0654381646048927,0.00551684142886844,25.329
"100003",0,0,0.046499091533942,0.0453905390865387,0,0.0765415904613268,0.0242403774329981,25.637
"100004",0,0,0.0400848011545318,0.0349558991448842,0,0.0619020730889468,0,25.637
"100005",0,0,0.0391859409896935,0.0348224959508302,0,0.0631773030964715,0,25.669
"100006",0,0,0.0771010443160065,0.0770760981059344,0,0.110645637107914,0.0438522871835105,25.963
"100007",0,0,0.0174122191695642,0.0149053374707745,0,0.0499528870498731,0,25.961
"100008",0,0,0,0,0,0,0,25.961
"100009",0,0,0.00684108497878279,0.0023824081419181,0,0.0323518249048656,0,25.962
"100010",0,0,0.0898552232584012,0.0853288311394957,0,0.11191372907081,0.0351523248844568,26.291
"100011",0,0,0.0722242980053308,0.0692582109613349,0,0.101119820136084,0.0307005396438535,26.283
"100012",0,0,0.0298576059230977,0.0242135196147181,0,0.0541039347021014,0,26.283
"100013",0,0,0,0,0,0.00152827289385888,0,26.283
"100014",0,0,0,0,0,0.0094345239799747,0,26.284
"100015",0,0,0.0458073701356795,0.0394310481323221,0,0.0671063751023817,0,26.611
"100016",0,0,0.0706831357673444,0.0640245085128432,0,0.0895962374652302,0.0138043522984151,26.605
"100017",0,0,0.054695645198073,0.0490990270028163,0,0.077607592685364,0.0125381386195653,26.605
"100018",0,0,0.0287508215181475,0.0213925367429969,0,0.0470610873534548,0,26.605
"100019",0,0,0.0292999572802228,0.0206098874853069,0,0.0434647890715826,0,26.605
"100020",0,0,0.0231330400239095,0.0159829035469755,0,0.0425312398594361,0,26.605
"100021",0,0,0.0331642910285285,0.0258879749653847,0,0.0537525407931843,0,26.938
"100022",0,0,0.0514606534500288,0.0440541495423476,0,0.0697996825770514,0.00880936536637125,26.926
"100023",0,0,0.0277440407024069,0.0215058810047971,0,0.0501865878727749,0,26.926
"100024",0,0,0,0,0,0,0,26.926
"100025",0,0,0,0,0,0.00660448802238432,0,26.926
"100026",0,0,0.0607593571485136,0.0563729189090329,0,0.0868183760288807,0,26.924
"100027",0,0,0.0967311108807272,0.088499702689499,0,0.114557475015657,0.0257838518635414,27.262
"100028",0,0,0.0608859062204493,0.0520560534485322,0,0.0781675234959024,0.000242537819515076,27.246
"100029",0,0,0.00814966526704428,0.000949881399311531,0,0.0240645418104644,0,27.246
"100030",0,0,0,0,0,0.0110147517325765,0,27.246
"100031",0,0,0,0,0,0.00375530911526443,0,27.246
"100032",0,0,0.000271342164919724,0,0,0.0175004588238626,0,27.246
"100033",0,0,0.0186758764000883,0.0127365498654101,0,0.0431917855309421,0,27.231
"100034",0,0,0.108440948756306,0.099416684988682,0,0.125481249233439,0.033465611369912,27.556
"100035",0,0,0.083500654150342,0.0750300134658519,0,0.101691024734895,0.0230551329419766,27.565
"100036",0,0,0.00308125569493475,0,0,0.0206122896235202,0,27.565
"100037",0,0,0.00554401284822563,0.000259983544006771,0,0.0263046229381166,0.00287238674111684,27.565
"100038",0,0,0.0317842489910127,0.0264073573068121,0,0.0582473849265503,0,27.565
"100039",0,0,0.0359216751633543,0.0309844025038511,0,0.0638232915217327,0,27.565
"100040",0,0,0.0231597769813955,0.0135118308449577,0,0.0390498547333509,0,27.903
"100041",0,0,0.0522043086261248,0.0445106149394022,0,0.0752510728085943,0,27.883
"100042",0,0,0.03484091939101,0.0282930275152747,0,0.0621346994648845,0,27.883
"100043",0,0,0.0833447196402949,0.0765081327574339,0,0.10522164139765,0.00775531158485791,27.883
"100044",0,0,0.0969154206000801,0.0927714337760094,0,0.125459707810913,0.0189030069456996,27.883
"100045",0,0,0.053066052925947,0.0486311219351808,0,0.0807402892391154,0.00616634845575288,27.875
"100046",0,0,0.0867350371454524,0.0782211012202529,0,0.107928202568589,0.0020490112723216,28.2
"100047",0,0,0.0747401455962289,0.068883858041581,0,0.106296913493334,0,28.2
"100048",0,0,0.0357255184482743,0.0303058495773463,0,0.0688072283242228,0,28.2
"100049",0,0,0.0610082935185622,0.0542200501534949,0,0.0867935987113525,0,28.2
"100050",0,0,0.059748658843794,0.0548207585327407,0,0.0910016411265326,0,28.2
"100051",0,0,0.0296600899731915,0.0239616794586883,0,0.0556032218637636,0,28.193
"100052",0,0,0.142846276450308,0.136268660645073,0,0.175829100889697,0,28.516
"100053",0.0703682918600406,0.102553924707879,0.257446129451778,0.249661436105106,0.088651376022252,0.294167264993122,0,28.516
"100054",0,0,0.0742216031475612,0.0690094075849067,0,0.108811110841663,0,28.516
"100055",0,0,0.0478319517681994,0.0424169433238584,0,0.0783747731244842,0,28.516
"100056",0,0,0.0219800208742519,0.0179304655473579,0,0.0579155189184717,0,28.516
"100057",0,0,0.031912705615527,0.0254657700593331,0,0.0566993077019535,0,28.511
"100058",0,0.00402119775176381,0.132921305833063,0.127285247126957,0,0.168513992960978,0,28.831
"100059",0,0.00358147417691674,0.153727051077848,0.146277579286582,0,0.184520219145946,0,28.831
"100060",0,0,0.0573783481280757,0.0518864069148086,0,0.0933593245370278,0,28.831
"100061",0,0,0.0349774776192167,0.0298437280771181,0,0.0689674928313576,0,28.831
"100062",0,0,0.00723968046026627,0.00274094335257954,0,0.0405412139500307,0,28.829
"100063",0,0,0.0612315523117045,0.055143175174829,0,0.0953308305778127,0,29.174
"100064",0,0,0.0917324944636006,0.0857318644053061,0,0.125628981954724,0,29.146
"100065",0,0,0.0726763264197637,0.0677043915336652,0,0.111871761213061,0,29.146
"100066",0,0,0.0349278020883415,0.0308567785909146,0,0.0765558113632222,0,29.146
"100067",0,0,0.0295162800712097,0.0251131905324888,0,0.0688705016453712,0,29.146
"100068",0,0,0.00998348392953855,0.00373380099615715,0,0.038051052333287,0,29.123
"100069",0,0,0.108633259643383,0.103222713508148,0,0.144312409593572,0.00346019995016229,29.476
"100070",0,0,0.127165183078787,0.119635112919995,0,0.155645176850964,0.00544785124580411,29.459
"100071",0,0,0.0977372906213719,0.0920499195845325,0,0.135150219803168,0,29.459
"100072",0,0,0.0325669087977268,0.0276780758190003,0,0.0710687905113724,0,29.459
"100073",0,0,0.0170843547470973,0.0125648770513344,0,0.0559191884948327,0,29.459
"100074",0,0,0.0249252084037692,0.019274094139913,0,0.0585678017463251,0,29.458
"100075",0.0648015847255779,0.0928683932659208,0.255872285812298,0.247594828318177,0.0823979229376154,0.290042524521246,0.090852473195492,29.824
"100076",0,0.00808096777177459,0.17806092420732,0.169450959961305,0.00414277924287362,0.202800463707096,0.0406266232279451,29.805
"100077",0,0.0145236656257249,0.1483670659709,0.142500512114461,0,0.182769310560806,0.0311126575085958,29.771
"100078",0,0,0.121180502295725,0.112561725461693,0,0.145588379512316,0.00320892913089247,29.771
"100079",0,0,0.0906471158704771,0.0840859952497377,0,0.124734258150477,0.0203572245726301,29.771
"100080",0,0,0.0547650876883235,0.0485799260569917,0,0.0885073906752429,0,29.771
"100081",0,0,0.0236548862890265,0.0189607226134665,0,0.0611117487323058,0,29.771
"100082",0,0,0.0438555205512414,0.0378279410576293,0,0.0744896700560051,0,29.763
"100083",0.0397819298847053,0.0814718639831102,0.206335674696027,0.200666602869857,0.0596922936457932,0.247323287678417,0.0533059504125295,30.145
"100084",0.0883385517839937,0.125179544729574,0.280339188286384,0.271986849167701,0.107374156704466,0.320554353324795,0.0813832036216496,30.085
"100085",0.097956673065795,0.12214780294966,0.306667366111516,0.296157802882258,0.114718284915251,0.338883297081592,0.0980710217030578,30.083
"100086",0.0853188607018699,0.113110269128779,0.283734747300229,0.274593365090149,0.102749140594771,0.318154887443683,0.0900727233752559,30.084
"100087",0.0159684799939287,0.0485671276618011,0.200167121066803,0.19237720904002,0.0350440423770687,0.234767839281817,0.0335226675587286,30.142
"100088",0,0.00859845003645266,0.148937504093704,0.142098725275711,0,0.182688740233997,0.0123657163886248,30.118
"100089",0,0,0.127635613878492,0.121203161784797,0,0.16148070509478,0.0121140316126639,30.083
"100090",0,0,0.126464151812417,0.119540215268527,0,0.15804816071169,0.0106724193080124,30.083
"100091",0,0,0.115677939361539,0.107425364374007,0,0.141483296352526,0.0088085696342941,30.083
"100092",0,0,0.0597927494125425,0.0529639975271238,0,0.0910818715826453,0,30.083
"100093",0,0,0.0644792334471714,0.0569600627571503,0,0.0926925463124551,0,30.083
"100094",0,0,0.0195935461996312,0.0123558639808572,0,0.0457719200847331,0,30.083
"100095",0,0,0.0119552285229113,0.00537739277811482,0,0.0387683551343886,0,30.072
"100096",0.0679829615394563,0.0891122998086345,0.247397465010054,0.240332511530354,0.0835903016779179,0.276333011643454,0.0787895678045035,30.444
"100097",0.0847567968284775,0.0981044056306966,0.278220160425018,0.269422577323723,0.0989407288714589,0.302559871039049,0.0983233775588375,30.469
"100098",0.0579907373988152,0.0864582568782456,0.233670050313709,0.227321632093498,0.0752260696453748,0.267273541696363,0.0889115360360752,30.459
"100099",0.0571908193194832,0.0983786918094567,0.224438552590665,0.219061745032104,0.0768138867284436,0.265995334425769,0.0777626508743993,30.411
"100100",0.0903001315763059,0.133261152932405,0.265820177974556,0.259706398626071,0.110127222111065,0.309593994055881,0.0898358599838658,30.393
"100101",0.113921070555311,0.151121767144159,0.31208782675843,0.303371733490585,0.132977665394972,0.352992005670789,0.0994526266705243,30.393
"100102",0.0935460637730053,0.123682200034989,0.297705635543756,0.287870277650089,0.111458220724705,0.333839050809929,0.0802109048639264,30.393
"100103",0.0488243510132267,0.0778210854646233,0.243776688798562,0.234750524394703,0.0667242490542348,0.278019030701844,0.0550996150362609,30.393
"100104",0.0296054725400323,0.0613327512974644,0.22253290247417,0.213902291864157,0.0484679060713141,0.2579612812216,0.0315559609897501,30.393
"100105",0.0224020316353356,0.058586940474655,0.205034723430384,0.197900630346751,0.0420296803049604,0.242706370176528,0.0247262815098515,30.393
"100106",0,0,0.114514101349242,0.108905770637881,0,0.152801595928496,0.0109585343628841,30.393
"100107",0,0,0.135292440350382,0.128422861513971,0,0.169159655335303,0.0280951250698004,30.393
"100108",0,0,0.106690886694278,0.0995416110015159,0,0.137780588725741,0.0119251789320209,30.393
"100109",0,0,0.0576876062662328,0.0503077964018417,0,0.0866199295756848,3.32038807424927e-05,30.393
"100110",0,0,0.0691435122348524,0.0609071084467421,0,0.0947765195955443,0,30.393
"100111",0,0,0.00135712087227093,0,0,0.015104872708982,0,30.393
"100112",0.0837574024649593,0.109975991133894,0.265479780787854,0.258046581192012,0.100199304853444,0.297802142805688,0.0738348129641672,30.735
"100113",0.0904934374497432,0.117718619676114,0.270097769336655,0.263653869775464,0.107287917248358,0.303784772221503,0.0850301099883574,30.703
"100114",0.0797249623462577,0.110863352337172,0.252200080391906,0.246606170079455,0.0972517743227732,0.288129258872607,0.0884746956469299,30.703
"100115",0.0640863704907398,0.0939124454276149,0.241726581770964,0.235175031054296,0.0815788609171332,0.276431078199932,0.0910413725053447,30.703
"100116",0.0694960509308283,0.0894409642258806,0.268102184540332,0.258394075083465,0.0852760060777849,0.296599194112361,0.100444222947466,30.703
"100117",0.107723548122128,0.140935995410832,0.302257535820066,0.293824358958304,0.125933568769071,0.340216372941163,0.113900128098487,30.703
"100118",0.08537923305356,0.126695461459931,0.268058256561259,0.261285847941362,0.105186772506948,0.311233308603597,0.0829707611564164,30.703
"100119",0.037763512749853,0.0726039933638259,0.225582862902055,0.217681872832843,0.0569785180906557,0.263230960667482,0.0396432224654679,30.703
"100120",0,0.0159113189209849,0.176699188675266,0.168238359910673,0.00361425149147207,0.208571843739753,0.0219301351940286,30.703
"100121",0,0,0.134169609897458,0.127159704654067,0,0.170025656049056,0,30.703
"100122",0,0,0.136125008841154,0.127712234099617,0,0.165548411881228,0.011003509061982,30.703
"100123",0,0,0.138153294554484,0.129808670592067,0,0.167514507469229,0.0290957762289928,30.703
"100124",0,0.00573548540987008,0.153137975679281,0.14578725907735,0,0.187685738811314,0.0466049768727372,30.703
"100125",0,0,0.104000373076384,0.0971070775087809,0,0.137631635178447,0.00509683050521586,30.703
"100126",0,0,0.0779528267705572,0.06976534578999,0,0.104324547535225,0,30.703
"100127",0,0,0.0746020183656438,0.0661891487239687,0,0.101976804362527,0,30.703
"100128",0,0,0.0977123470022658,0.0881487071332018,0,0.120283288229274,0.0105673277883185,30.703
"100129",0,0.0175832519168063,0.131689074177459,0.126753588512389,0,0.174297345367964,0.0232470236593492,31.003
"100130",0,0,0.129377182965375,0.121324369064569,0,0.159917334223876,0.0129795166574794,31.011
"100131",0,0,0.115217312520308,0.107978374230909,0,0.14955872898439,0.00208616691029857,31.011
"100132",0,0,0.0935524916979522,0.0869858669354631,0,0.129833159657205,0.00316765585811266,31.011
"100133",0,0,0.100055797794889,0.092455314419723,0,0.131294923135142,0.0189289738284347,31.011
"100134",0,0,0.106057223459933,0.098522558771274,0,0.138203720401617,0.0256248411207199,31.011
"100135",0,0,0.0945675007093912,0.0860216583555883,0,0.121182304230836,0,31.011
"100136",0,0,0.107315499922562,0.098563186970626,0,0.135238413747616,0,31.011
"100137",0,0,0.142750282020803,0.131746311041445,0,0.161389026889837,0.00204301078088729,31.011
"100138",0,0,0.16381533084306,0.150651706381763,0,0.176035170170103,0.0276471950579381,31.011
"100139",0,0,0.119947994177507,0.111730848854961,0,0.152287193707202,0.00567870218313494,31.315
"100140",0,0,0.125246860736159,0.115602163012757,0,0.149086314620055,0.00898275550030283,31.319
"100141",0,0,0.119965767696873,0.112263347101373,0,0.151732794262643,0.0159601234474585,31.319
"100142",0,0,0.0938041929658135,0.0881022089714529,0,0.133442838787923,0.0142330020137686,31.319
"100143",0,0,0.10633451180668,0.0977866651786515,0,0.134271941506897,0.0206365317006773,31.319
"100144",0,0,0.0768895222791668,0.0679297179554904,0,0.10184962070766,0,31.319
"100145",0,0,0.065460878311863,0.0572251473392848,0,0.0917489777504319,0,31.319
"100146",0,0,0.0937984318987895,0.0851059488644669,0,0.119003500214204,0,31.319
"100147",0,0,0.143191892389189,0.131471169595599,0,0.158351558430502,0,31.319
"100148",0,0,0.103798184765259,0.0927514921772092,0,0.120777285848187,0,31.319
"100149",0,0,0.0418048638223373,0.0317207566931471,0,0.0606311996884368,0,31.329
"100150",0,0,0.110346695159776,0.101202113361306,0,0.136697207945217,0.00288699813907608,31.632
"100151",0,0,0.123556914320902,0.114251670822242,0,0.148437923615897,0.0176553751723135,31.625
"100152",0,0,0.107382557721904,0.0999602784491261,0,0.138952714310374,0.0178993071755564,31.625
"100153",0,0,0.109611656419434,0.102154927748111,0,0.142082309606532,0.0250309479729168,31.625
"100154",0,0,0.101855311595178,0.0931302354405963,0,0.127876514204202,0.0198910680699367,31.625
"100155",0,0,0.0474248015438259,0.0382126063675155,0,0.0699164722755444,0,31.625
"100156",0,0,0.0528159129903002,0.0434114360913221,0,0.0738720445617344,0,31.625
"100157",0,0,0.0694644798434422,0.0598969940266221,0,0.0897942097295167,0,31.625
"100158",0,0,0.0724538730347398,0.0622591734312428,0,0.0903790803106783,0,31.625
"100159",0,0,0.0359713108844727,0.0265867965474082,0,0.0576825354640542,0,31.625
"100160",0,0,0.0562895651001613,0.0459757285020815,0,0.0751847468606602,0,31.628
"100161",0,0,0.123631244369917,0.116877155335681,0,0.157843731210861,0.0344375386458215,31.924
"100162",0,0,0.121594834160504,0.11426026639221,0,0.153977332134455,0.0336013581095189,31.931
"100163",0,0,0.114140135312782,0.1065392320993,0,0.145149635764925,0.0317135261258784,31.931
"100164",0,0,0.0943718042544273,0.0865714917073651,0,0.122906714297464,0.0216668376028554,31.931
"100165",0,0,0.078789585628514,0.0698315338962335,0,0.102309834134566,0.00247656348498977,31.931
"100166",0,0,0.0473502897927433,0.0370937994655237,0,0.0649393451573759,0,31.931
"100167",0,0,0.0542791578770179,0.0436492406264341,0,0.0699655049283298,0,31.931
"100168",0,0,0.0619174723411487,0.0518427627804682,0,0.079863632581052,0,31.931
"100169",0,0,0.037360973848795,0.0286317311069041,0,0.0609264877826985,0,31.931
"100170",0,0,0.0421901902762401,0.0337230969639073,0,0.068721522830155,0,31.931
"100171",0,0,0.100275646461669,0.0902282111136818,0,0.123174590888377,0,31.931
"100172",0,0,0.0260384332807955,0.0153943760168311,0,0.0405238111908979,0,31.959
"100173",0,0,0.10518777005346,0.0985445050736714,0,0.139168213720458,0.0236615053589532,32.224
"100174",0,0,0.108182421540012,0.102137563933782,0,0.144718482004005,0.0312712205473975,32.235
"100175",0,0,0.121333654980917,0.112787709570562,0,0.148639284700922,0.035047804581256,32.235
"100176",0,0,0.116808442598039,0.10688850451228,0,0.137874412531418,0.0306195383009968,32.235
"100177",0,0,0.0931008278316246,0.0823566411061431,0,0.110903930331119,0.00505539183211469,32.235
"100178",0,0,0.0287609661725962,0.0188785189776916,0,0.0477007574474036,0,32.235
"100179",0,0,0.0337238014466345,0.0243257202603121,0,0.0536539044365787,0,32.235
"100180",0,0,0.0244547428237617,0.0156999277381493,0,0.0464510852480984,0,32.235
"100181",0,0,0.023192282350411,0.0144450573252565,0,0.0459727267362737,0,32.235
"100182",0,0,0.0474941553032025,0.0387928804851172,0,0.073168444500755,0,32.235
"100183",0,0,0.0506782190945377,0.0420201526729679,0,0.0774128203791616,0,32.235
"100184",0,0,0.0300918181335,0.0221117447402766,0,0.0574264207435369,0,32.237
"100185",0,0,0.0622633461803067,0.0560168480769128,0,0.0997424007756056,0,32.553
"100186",0,0,0.0882649463001336,0.0811367285954166,0,0.120733095128124,0.00794878109758554,32.539
"100187",0,0,0.112824672764896,0.10256184696223,0,0.134488381134795,0.0190205866225739,32.539
"100188",0,0,0.113550203214397,0.103622142792479,0,0.136656597254871,0.025125499968403,32.539
"100189",0,0,0.0852927273187925,0.0760359159386048,0,0.111238664054,0.00848484450626017,32.539
"100190",0,0,0.0701695632040319,0.0599745213876417,0,0.0895648751216763,0,32.539
"100191",0,0,0.0476099771619025,0.0381451143071937,0,0.0685321870796748,0,32.539
"100192",0,0,0.011366841158828,0.00359461374698323,0,0.034559523576744,0,32.539
"100193",0,0,0.00232608617811407,0,0,0.0233749779279823,0,32.539
"100194",0,0,0.0225680965418018,0.013859819932799,0,0.0466341312649042,0,32.539
"100195",0,0,0.024104177425385,0.0159566651874935,0,0.0505799170700931,0,32.539
"100196",0,0,0.0368861810148959,0.0287713633356713,0,0.0641930129276687,0,32.539
"100197",0,0,0.0133280304381897,0.00644056235000384,0,0.0405030601953054,0,32.54
"100198",0,0,0,0,0,0.0154254578134836,0,32.602
"100199",0,0,0.0819369202259903,0.0741408387919527,0,0.112355988504252,0,32.841
"100200",0,0,0.0801298585551631,0.0718694555887263,0,0.10865853474672,0,32.841
"100201",0,0,0.0452604500078534,0.0379091830901323,0,0.0778483790062671,0,32.841
"100202",0,0,0.0729276872007207,0.0644446213382309,0,0.101181779153481,0,32.841
"100203",0,0,0.0630137310447345,0.0542214868996232,0,0.0893587825979503,0,32.841
"100204",0,0,0.0682247475243766,0.0588675560054416,0,0.090705490857297,0,32.841
"100205",0,0,0.0540150544804588,0.0451752872336153,0,0.0775492622045996,0,32.841
"100206",0,0,0.0192660808372052,0.0112385457306081,0,0.0438773963733655,0,32.841
"100207",0,0,0,0,0,0.0131960150509638,0,32.841
"100208",0,0,0,0,0,0.0132183912415398,0,32.841
"100209",0,0,0.00279189164398957,0,0,0.0263825989023734,0,32.841
"100210",0,0,0.0106243302174745,0.00349154427373925,0,0.0356960225582046,0,32.841
"100211",0,0,0.0100660250499472,0.0032412956980962,0,0.0358917975646889,0,32.841
"100212",0,0,0,0,0,0.0199656280362334,0,32.841
"100213",0,0,0,0,0,0,0,32.857
"100214",0,0,0.105586037674324,0.0974426730116874,0,0.134140524305234,0,33.142
"100215",0,0,0.0920766542180856,0.0830849160786495,0,0.117104420565305,0,33.142
"100216",0,0,0.0687941546451052,0.0599938578769625,0,0.093353959831292,0,33.142
"100217",0,0,0.0694972750495273,0.0610393954233619,0,0.0965110866233804,0,33.142
"100218",0,0,0.0752349210906623,0.0667397592798061,0,0.101811894529629,0,33.142
"100219",0,0,0.0864560982471973,0.0775315768495533,0,0.109916136960768,0,33.142
"100220",0,0,0.0614249919318564,0.052870448613235,0,0.0846059711260367,0,33.142
"100221",0,0,0.0320767217719957,0.023977632531856,0,0.0565614992073859,0,33.142
"100222",0,0,0.00169848121927219,0,0,0.0225234547326733,0,33.142
"100223",0,0,0.00276825020973097,0,0,0.0242089498130426,0,33.142
"100224",0,0,0.0244384459725458,0.0161765700650414,0,0.0486341441288536,0,33.142
"100225",0,0,0.0110429917450836,0.00374632170884799,0,0.0340675229199226,0,33.142
"100226",0,0,0,0,0,0.0136290520561359,0,33.142
"100227",0,0,0,0,0,0.00891393869015742,0,33.142
"100228",0,0,0,0,0,0.016082993903338,0,33.142
"100229",0,0,0,0,0,0.0185198954509318,0,33.149
"100230",0,0,0.117435670448906,0.109472543585611,0,0.14635696148769,0.0285219951766731,33.443
"100231",0,0,0.12265939700218,0.113071027226778,0,0.144619609825603,0.059472963034431,33.443
"100232",0,0,0.12330609000616,0.111780079811685,0,0.138153637159763,0.049554157779235,33.443
"100233",0,0,0.10807470209453,0.0975825471921849,0,0.126968658211953,0.0248565290746655,33.443
"100234",0,0,0.0941675371509866,0.0847417840550829,0,0.117513028320423,0.011435563864303,33.443
"100235",0,0,0.0671948809759376,0.0584353668910621,0,0.09155677227091,0,33.443
"100236",0,0,0.0623105274914337,0.0546012647192483,0,0.0896818507953725,0,33.443
"100237",0,0,0.0615689259989743,0.0534944439345227,0,0.0875100985308904,0,33.443
"100238",0,0,0.0188398973031998,0.0110154891950919,0,0.046092741484149,0,33.443
"100239",0,0,0,0,0,0.00792440944646258,0,33.443
"100240",0,0,0.0108299215350012,0.00378290045194936,0,0.0366892204275612,0,33.443
"100241",0,0,0.0248556593742198,0.0167107818667349,0,0.0488642002546039,0,33.443
"100242",0,0,0.0192670464994838,0.010658859706206,0,0.0401660715652759,0,33.443
"100243",0,0,0.0125175156098743,0.00395846593648046,0,0.0301311825609553,0,33.443
"100244",0,0,0.008144471112739,0.000721098271727076,0,0.0271024495828997,0,33.443
"100245",0,0,0.00116190634702224,0,0,0.0190153251882447,0,33.443
"100246",0,0,0,0,0,0.00137962769152886,0,33.46
"100247",0,0,0.126498228195695,0.115435493370517,0,0.139933954300475,0,33.748
"100248",0,0,0.100959413499088,0.09397068342625,0,0.13322107550858,0.0357368549293745,33.742
"100249",0,0,0.165471253930728,0.154596265129246,0,0.186336958862381,0.160824350045302,33.742
"100250",0,0,0.202776659672993,0.187895400178759,0,0.21413267932443,0.144600584649257,33.742
"100251",0,0,0.132074784981285,0.121769201112978,0,0.152927611819756,0.0497052288419801,33.742
"100252",0,0,0.0903992563646029,0.0815827698499745,0,0.117173029049405,0.0101020531326811,33.742
"100253",0,0,0.078657363027133,0.0700080712537703,0,0.104953592883516,0,33.742
"100254",0,0,0.0910335932748506,0.0815711708354884,0,0.113497468995682,0,33.742
"100255",0,0,0.0447602839454043,0.0368901565106896,0,0.0725649373809329,0,33.742
"100256",0,0,0.0339935525992615,0.0288085353181463,0,0.0747201412387653,0,33.742
"100257",0,0,0.00992587160106528,0.00333169554575087,0,0.038627584637905,0,33.742
"100258",0,0,0.021875270479225,0.0139994578738169,0,0.0475782993512674,0,33.742
"100259",0,0,0.0166943950565637,0.0093374573576106,0,0.0434674772351849,0,33.742
"100260",0,0,0.00884472686147113,0.00186816593419941,0,0.0341845676955514,0,33.742
"100261",0,0,0.0109358553460275,0.00298483197763064,0,0.031899126975831,0,33.742
"100262",0,0,0.0144147788950687,0.00622474494680159,0,0.0347240776006883,0,33.742
"100263",0,0,0.00385950893020581,0,0,0.0201748483046436,0,33.742
"100264",0,0,0,0,0,0.0072625316669609,0,33.742
"100265",0,0,0,0,0,0,0,33.789
"100266",0,0,0.0707102756771081,0.0632462901395524,0,0.0975901140407287,0,34.045
"100267",0,0,0.0763201098919997,0.0687864600345729,0,0.103972186183008,0.0141030330298022,34.04
"100268",0,0,0.162057452160122,0.15059618893091,0,0.180508151773223,0.168727448917706,34.04
"100269",0,0,0.215556714455284,0.200193695734133,0,0.221193992346699,0.128480229266743,34.04
"100270",0,0,0.14033945067523,0.130336881087296,0,0.162804759822008,0.0345908460209897,34.04
"100271",0,0,0.0924278008769145,0.0841289326740134,0,0.121353581149164,0,34.04
"100272",0,0,0.136767464245079,0.125900623980165,0,0.156609932246795,0,34.04
"100273",0,0,0.176984888655787,0.162389888848757,0,0.184083027115353,0,34.04
"100274",0,0,0.0765781803723896,0.067748548680715,0,0.101727961365158,0,34.04
"100275",0,0,0.0311506737497364,0.0248352355292257,0,0.0657141667448028,0,34.04
"100276",0,0,0.0142869124103241,0.0077980654161664,0,0.0464168317757036,0,34.04
"100277",0,0,0.0167923305512351,0.00908828717055294,0,0.0424171407539249,0,34.04
"100278",0,0,0.000705549172983493,0,0,0.0215915995060631,0,34.04
"100279",0,0,9.99363433414957e-05,0,0,0.0233331653318086,0,34.04
"100280",0,0,0.00333340491962101,0,0,0.0220106922545746,0,34.04
"100281",0,0,0.00569566951959542,0,0,0.0234387908678685,0,34.04
"100282",0,0,0,0,0,0.0130818275008421,0,34.04
"100283",0,0,0,0,0,0.00714656419602977,0,34.04
"100284",0,0,0,0,0,0.00678069940872256,0,34.04
"100285",0,0,0,0,0,0,0,34.042
"100286",0,0,0,0,0,0,0,34.047
"100287",0,0,0.0687873418944482,0.059608868441766,0,0.0915979784268743,0,34.34
"100288",0,0,0.0714660136214212,0.0631759419085687,0,0.0975975223663662,0,34.337
"100289",0,0,0.104284864539741,0.0980367053770291,0,0.139458996553407,0.036770653195862,34.337
"100290",0,0,0.129673497958779,0.122778813229273,0,0.165152677826987,0.027493629560217,34.337
"100291",0,0,0.15542748936867,0.145836531973,0,0.181885104423165,0,34.337
"100292",0,0,0.0972866151427549,0.0893197583363217,0,0.124829997824827,0,34.337
"100293",0,0,0.116987992304454,0.11003382975114,0,0.150511930994865,0,34.337
"100294",0,0,0.154356534946402,0.144862893026006,0,0.180217112015555,0,34.337
"100295",0,0,0.0806112308470285,0.0736039436197851,0,0.113867357535551,0,34.337
"100296",0,0,0.0510630611523451,0.043292238593176,0,0.0796580936159134,0,34.337
"100297",0,0,0.0246442351183298,0.0179818603841643,0,0.0565885031468088,0,34.337
"100298",0,0,0.00914595054461752,0.00308989741255212,0,0.0397966023254353,0,34.337
"100299",0,0,0.00311481877842475,0,0,0.027708522639965,0,34.337
"100300",0,0,0.0199021976716994,0.0122782226450099,0,0.0433840241785082,0,34.337
"100301",0,0,0.0392960557552504,0.0304996721926298,0,0.0618643435865434,0,34.337
"100302",0,0,0.00394305751490769,0,0,0.0200450984819968,0,34.337
"100303",0,0,0,0,0,0.0148130350865718,0,34.337
"100304",0,0,0,0,0,0.00988216363603857,0,34.337
"100305",0,0,0,0,0,0,0,34.337
"100306",0,0,0,0,0,0,0,34.337
"100307",0,0,0,0,0,0,0,34.337
"100308",0,0,0,0,0,0.00693522070001062,0,34.364
"100309",0,0,0.0588248976702279,0.0499453039231782,0,0.082025220114619,0,34.634
"100310",0,0,0.0682913789300903,0.0609795012243291,0,0.098725826184822,0,34.634
"100311",0,0.000692648363285317,0.113577353278003,0.108523114336724,0,0.155707733579396,0,34.634
"100312",0.0966361298791156,0.135248383354281,0.297500929167461,0.288388001716694,0.11610354354251,0.337906948981296,0.0432839662147423,34.634
"100313",0.064794636311725,0.0940279882985516,0.273315566732265,0.263166978186364,0.0830408035055949,0.307564106948215,0.00904329855124489,34.634
"100314",0,0.0214338838832123,0.166554987452212,0.159400986332608,0,0.205200352132494,0,34.634
"100315",0,0,0.0957743078157271,0.0913483733028031,0,0.140453180950341,0,34.634
"100316",0,0,0.0803658511438242,0.0747425556679453,0,0.120701527306656,0,34.634
"100317",0,0,0.0559463179076085,0.0499729368921966,0,0.0927029480307404,0,34.634
"100318",0,0,0.0467252958982735,0.0387232554002598,0,0.0737059338847153,0,34.634
"100319",0,0,0.0371276876342127,0.0281391492330486,0,0.0587405543876432,0,34.634
"100320",0,0,0.0169521504902913,0.00909197912955149,0,0.0404706549659487,0,34.634
"100321",0,0,0.00506496731512041,0,0,0.0260842028180543,0,34.634
"100322",0,0,0,0,0,0.014106732505361,0,34.634
"100323",0,0,0,0,0,0,0,34.634
"100324",0,0,0,0,0,0,0,34.634
"100325",0,0,3.56048970269593e-05,0,0,0.0142776280094381,0,34.634
"100326",0,0,0.00239825903745423,0,0,0.0179260758359394,0,34.634
"100327",0,0,0,0,0,0.00408407761471446,0,34.634
"100328",0,0,0,0,0,0,0,34.634
"100329",0,0,0.0321741420793919,0.0244019987824229,0,0.0571008582568302,0,34.634
"100330",0,0,0.0228450919468426,0.0138856563447753,0,0.0430327264972198,0,34.634
"100331",0,0,0,0,0,0.000943241027011766,0,34.648
"100332",0,0,0.0691409099303417,0.0618067609142949,0,0.0947028798917566,0,34.883
"100333",0,0,0.0599218139781587,0.0541353098882736,0,0.0959695584702675,0,34.884
"100334",0.065305180715408,0.134122307801041,0.216003320074966,0.213944942114167,0.0902668119869799,0.274926988178373,0.034341849971818,34.885
"100335",0.0375008682211359,0.0624446506787073,0.236647448126788,0.227180523944391,0.0548547746061542,0.266711706081356,0,34.921
"100336",0.0267391725504875,0.0314184621687531,0.250638538071261,0.238282286214521,0.040677659403106,0.268131504392866,0,34.929
"100337",0.171883418679809,0.232911425196283,0.377761322127098,0.36903195379249,0.195066449234402,0.433115655751001,0,34.929
"100338",0.121295456764099,0.178867282473078,0.307352298638976,0.300551444231271,0.14413262071096,0.360010594819663,0,34.929
"100339",0,0.0100784433340531,0.132801343935525,0.126645562194992,0,0.175521120062097,0,34.929
"100340",0,0,0.0584754338639334,0.0528791499829893,0,0.100853259123804,0,34.929
"100341",0,0,0.0326339143088743,0.0255440984104197,0,0.0630177437253762,0,34.929
"100342",0,0,0.0259736591509238,0.0174746227625748,0,0.0483925474753401,0,34.929
"100343",0,0,0.00762803222934192,0.00039156589268966,0,0.027247446694138,0,34.929
"100344",0,0,0.00148885795563643,0,0,0.0214151525032865,0,34.929
"100345",0,0,0,0,0,0.00994854186668484,0,34.929
"100346",0,0,0,0,0,0.0041345130163952,0,34.929
"100347",0,0,0.00229398921963152,0,0,0.0221325868629631,0,34.929
"100348",0,0,0.0320785028101342,0.0237955116028807,0,0.058436326791491,0,34.929
"100349",0,0,0.0048076909489641,0,0,0.0271229679873467,0,34.929
"100350",0,0,0.0049771749579031,0,0,0.0256292945490214,0,34.929
"100351",0,0,0,0,0,0.00968376946340756,0,34.929
"100352",0,0,0.0216928216904554,0.0132821269399694,0,0.0423955623169361,0,34.929
"100353",0,0,0.0258451769552399,0.015956919082986,0,0.0415638440964342,0,34.929
"100354",0,0,0.00148237269322501,0,0,0.0180766016988804,0,34.929
"100355",0,0,0,0,0,0.0202480366038338,0,34.922
"100356",0,0,0.0111498470882435,0.005607919374653,0,0.040843019931151,0,34.908
"100357",0.194009859681031,0.255465909483086,0.402536615207822,0.39320327289619,0.216990305003411,0.457576780383038,0.0171615156332431,35.222
"100358",0.195174347307319,0.234406363672098,0.428643933917549,0.416284101816211,0.214542941429836,0.468911877625555,0,35.223
"100359",0.19289043314306,0.220124075163303,0.444539706607666,0.429113236432371,0.210237174839374,0.476278747037026,0,35.223
"100360",0.235890486311397,0.277491964866948,0.499257620320749,0.482162890349373,0.255911306561091,0.539140770748369,0.0251044309272781,35.223
"100361",0.0176174925230144,0.090112861869677,0.161791721487677,0.160815571480781,0.0446990725980759,0.220871903168042,0,35.223
"100362",0,0,0.0626707598483708,0.0564810826296558,0,0.0988267689796884,0,35.223
"100363",0,0,0.0533575926789188,0.0450038314364377,0,0.078967521229071,0,35.223
"100364",0,0,0,0,0,0.00404589326990397,0,35.223
"100365",0,0,0,0,0,0.0164713027124386,0,35.223
"100366",0,0,0.000719128729069288,0,0,0.021022506167722,0,35.223
"100367",0,0,0.00542022368272615,0,0,0.0284300963731927,0,35.223
"100368",0,0,0.0364028861759057,0.0295484772417675,0,0.0696709135268543,0,35.223
"100369",0,0,0.0871062862997485,0.0798089924032847,0,0.121439671758188,0,35.223
"100370",0,0,0.0458899771614272,0.0386741272742734,0,0.0788545417023781,0,35.223
"100371",0,0,0.0271028572739966,0.0197202410645508,0,0.0565416174588571,0,35.223
"100372",0,0,0.00536613381434891,0,0,0.0292395818017679,0,35.223
"100373",0,0,0,0,0,0.000660466575278233,0,35.223
"100374",0,0,0,0,0,0.00678818184718429,0,35.223
"100375",0,0,0,0,0,0.00287668345802728,0,35.223
"100376",0,0,0,0,0,0.0033736835870733,0,35.224
"100377",0,0,0,0,0,0.025345307073311,0,35.222
"100378",0.0769027757068171,0.123940415175285,0.274373095566675,0.267016425602547,0.0986589288431585,0.322064537008135,0,35.484
"100379",0.218969208698061,0.256681539893935,0.461773095222405,0.448345146402026,0.23816266530278,0.499894560036366,0,35.516
"100380",0.0374960963396453,0.0424979278112646,0.246592203887434,0.23746934681892,0.0518084954694112,0.265808014216093,0,35.516
"100381",0,0,0.070728781900888,0.0635652532301075,0,0.101984734060495,0,35.516
"100382",0,0.000481246797798842,0.117572293775664,0.112514265529084,0,0.159212219965856,0,35.516
"100383",0,0,0.116520777284562,0.109367781716169,0,0.149948080646279,0,35.516
"100384",0,0,0.0339408239446418,0.0271931995140883,0,0.0667455618532009,0,35.516
"100385",0,0,0.0118209360952443,0.00432779654319521,0,0.0365886674207028,0,35.516
"100386",0,0,0.0226222648836974,0.0137715084801931,0,0.0444729733733341,0,35.516
"100387",0,0,0.0511591625655994,0.0426391671574675,0,0.0764949615319221,0,35.516
"100388",0,0.0453388094107593,0.170463821141011,0.16462357832189,0.0200305363110636,0.212567389884281,0,35.516
"100389",0,0,0.132942205338765,0.125344737048253,0,0.165792706879211,0.00154065503436919,35.516
"100390",0,0,0.131448957524886,0.122097198200316,0,0.159832868113429,0.00456450650159743,35.516
"100391",0,0,0.111466955830159,0.102978650366084,0,0.138865581101375,0,35.516
"100392",0,0,0.0516408924665106,0.0432721609651571,0,0.0778464600661991,0,35.516
"100393",0,0,0,0,0,0.0163640546741985,0,35.516
"100394",0,0,0,0,0,0.00572120686992185,0,35.516
"100395",0,0,0,0,0,0,0,35.516
"100396",0,0,0,0,0,0.00339795928256049,0,35.519
"100397",0,0,0.0107502425857053,0.00425123328814492,0,0.0363444420532489,0,35.538
"100398",0,0,0.028171723295687,0.0220613261616214,0,0.0576871426865599,0,35.521
"100399",0,0,0.0330749759698725,0.0277460103390549,0,0.0660196156710663,0,35.558
"100400",0.00190319915498969,0.0244477617019991,0.202155103300769,0.193378931150062,0.02048237402373,0.229039169479192,0,35.8
"100401",0.0345609289844246,0.0483192023161474,0.24676865970252,0.236001286684724,0.0501405728514327,0.270309796961275,0,35.808
"100402",0.0888358845073344,0.115748767001656,0.303126953996596,0.292015703676348,0.1066675638049,0.336094034806233,0.0388548859222823,35.808
"100403",0,0.0140334750842653,0.14902653382955,0.142622870292079,0,0.188710534839675,0,35.808
"100404",0,0,0.0820413558500639,0.0754023969488674,0,0.116434669891496,0,35.808
"100405",0,0,0.0510254164148546,0.04351721932648,0,0.0809170914742058,0,35.808
"100406",0,0,0.038199262960555,0.0297250118791293,0,0.0634000745682364,0,35.808
"100407",0,0,0.0378327322021873,0.0306063811390366,0,0.0688497354850999,0,35.808
"100408",0,0,0.10362797530271,0.0964197108068296,0,0.136047080821931,0,35.808
"100409",0,0.0216539128814499,0.184855285832414,0.17619794469902,0.0105404648248487,0.215865723825165,0.0275649960596548,35.808
"100410",0.025395256617121,0.0538483388074356,0.22830216706189,0.218499282230867,0.0446390592897969,0.260377868379614,0.050308630096191,35.808
"100411",0.0485550210277237,0.0627668548253655,0.265599741981322,0.253230420014891,0.0642627534447164,0.288950967769925,0.0559275685522272,35.808
"100412",0,0,0.119141965065052,0.110889035462887,0,0.14768137919614,0,35.808
"100413",0,0,0.00514662052738021,0,0,0.0245373893957759,0,35.808
"100414",0,0,0.000643532063505569,0,0,0.0212145301668659,0,35.808
"100415",0,0,0,0,0,0.0175496196639059,0,35.808
"100416",0,0,0.00414849231706159,0,0,0.0278700391461385,0,35.808
"100417",0,0,0.045663796952129,0.038725419602094,0,0.0723947960146867,0,35.804
"100418",0,0,0.0617851359498794,0.054897269769637,0,0.088336348875142,0,35.807
"100419",0,0,0.0547994894757752,0.0492119650088884,0,0.0876098320913038,0,35.804
"100420",0.134409047182852,0.136463748587852,0.39463251005418,0.376212935603235,0.147393865998008,0.409890402060715,0.0720896028938825,36.064
"100421",0.131407050344794,0.156688437116793,0.361109022852655,0.348598938452278,0.148989471040869,0.393194465223683,0.106249167856896,36.099
"100422",0,0.0213243650956462,0.137600064577769,0.13249974405304,0,0.181006742583469,0.0170737452906332,36.099
"100423",0,0,0.0955362508113046,0.0895027131830796,0,0.131947476315075,0.0066820981010981,36.099
"100424",0,0,0.0708184465857484,0.0625674938982735,0,0.0979970218760615,0,36.099
"100425",0,0,0.0567419684371032,0.0473223448375562,0,0.0796943416251642,0.00871636328416207,36.099
"100426",0,0,0.11278435093012,0.104576621837046,0,0.141455063410261,0.0106598755271757,36.099
"100427",0.00751453036997887,0.0516547606282371,0.18803376568196,0.18137621983508,0.0304123505324797,0.228340683864092,0.0278090068448893,36.099
"100428",0.0550443443742742,0.110591724825673,0.232400629756241,0.226552429382044,0.0792335960166897,0.283177816393219,0.0597064942558429,36.099
"100429",0.066483541520329,0.0858471927387144,0.28340442271657,0.271305251805518,0.0833665146275433,0.310575378537854,0.0644581807562102,36.099
"100430",0,0,0.147603195417705,0.139361760183805,0,0.177436061670902,0.0119124966039669,36.099
"100431",0,0,0.0338991621066497,0.0252474693830758,0,0.0575975074037054,0,36.099
"100432",0,0,0.0343606075469657,0.0260642785490929,0,0.0580913032969979,0,36.099
"100433",0,0,0.0440010752245541,0.03577574986407,0,0.0678809272439586,0,36.099
"100434",0,0,0.0394176553905411,0.0319160962613226,0,0.0655184446362126,0,36.099
"100435",0,0,0.043091859205811,0.0363594656299528,0,0.0715025281046504,0,36.115
"100436",0,0,0.0424655351527579,0.0367467425984692,0,0.0742177107795017,0,36.141
"100437",0.0851500817796983,0.116522690109448,0.290658146731971,0.280689019184799,0.103551750805113,0.326302487982996,0.0696489997007438,36.365
"100438",0.0518268529293365,0.0755934879600692,0.258402377954414,0.248051913256576,0.0691447510049077,0.288385687844008,0.0593598425080488,36.388
"100439",0.0115746667357519,0.0431406064340576,0.202424592087642,0.194751954952845,0.0313544285635676,0.23555511819211,0.0659901786278887,36.388
"100440",0,0,0.127034457464036,0.119260562072757,0,0.157051152875733,0.0221098549854442,36.388
"100441",0,0,0.128057203777107,0.11825126220653,0,0.153505114601458,0.0106608115482814,36.388
"100442",0,0,0.129315111741185,0.119931186309691,0,0.154357572964224,0.00648316105693379,36.388
"100443",0,0,0.123351786638183,0.11731382081112,0,0.161733030410269,0.00553342632450873,36.388
"100444",0,0.0245822574879406,0.17809877110335,0.170233713046635,0.0100741928822934,0.211511140110836,0.0399190909071409,36.388
"100445",0.00351060466757813,0.0370344278904776,0.192240378029652,0.184341536799355,0.0240426953521678,0.225332503702495,0.0577681651176972,36.388
"100446",0,0,0.154300795881247,0.145539745644763,0,0.181614128032095,0.041154839536118,36.388
"100447",0,0,0.0378358496832865,0.0297302525310222,0,0.0664464909947214,0,36.388
"100448",0,0,0.0793688413322577,0.0716553208750257,0,0.10562494280172,0.0179536260420155,36.388
"100449",0,0,0.100935019436769,0.0922760625438915,0,0.124857243864597,0.023296566903784,36.388
"100450",0,0,0.108991917271414,0.0989954463309214,0,0.127072976170798,0.0124038983994251,36.388
"100451",0,0,0.093227015764933,0.0842426548844513,0,0.114311577252893,0,36.39
"100452",0,0,0.0859042730054718,0.0787814630078078,0,0.1125476880895,0,36.39
"100453",0,0,0.0416038653434494,0.0353311606435563,0,0.0716243484885971,0,36.379
"100454",0.030635028360199,0.0463058160932164,0.226291675777361,0.216543867546859,0.0458695760762368,0.249025205892423,0.0634318719877122,36.688
"100455",0,0.0345215675267905,0.17132979204741,0.165460937268442,0.0174916662718368,0.2062025168806,0.072572681017489,36.708
"100456",0,0.018897410368256,0.134749391787978,0.129960434577085,0,0.174451527154007,0.0479102531182671,36.708
"100457",0.00525563950203647,0.0528101979128045,0.171382371291822,0.166372655993179,0.0278084440682347,0.212856480062509,0.0528247545916169,36.713
"100458",0.0460651666620492,0.0515280633882399,0.26679346772895,0.253790945575204,0.0593626016944253,0.284385503426971,0.0836323327750537,36.697
"100459",0.0168376966843928,0.0367554408581458,0.218616171822907,0.208689582492696,0.0336232553150169,0.244301561849471,0.0428128458381582,36.677
"100460",0.0169571616895514,0.0270602836743382,0.231051745510867,0.219545489324742,0.0319929640726087,0.250400919034969,0.0669146381507282,36.677
"100461",0.0829655933083009,0.124798956869445,0.26275447658907,0.257642572059165,0.103715685616985,0.305701117988036,0.111950336126861,36.677
"100462",0.079776254469943,0.116595372335131,0.277636997859949,0.269490675927952,0.0999109666107109,0.317269347150163,0.0977163771617532,36.677
"100463",0,0,0.11799009768726,0.10679199913759,0,0.134371696833143,0,36.677
"100464",0,0,0.153179246830393,0.143922805334411,0,0.17826967429856,0.0176513131720916,36.686
"100465",0,0.00368444703403795,0.181810930430951,0.172120524227068,0,0.20679340803276,0.0496520719871047,36.68
"100466",0,0.0158744737945523,0.205401638474815,0.194952896446208,0.0154596845722641,0.228296741771987,0.0738726958956248,36.677
"100467",0,0,0.150899666932435,0.143266667009378,0,0.18107465340958,0.0570435794559347,36.677
"100468",0,0,0.0887540449485411,0.0823156719642834,0,0.121879665133363,0.0222305777708402,36.677
"100469",0,0,0.118913670738721,0.110942897262263,0,0.145360708205792,0.0394936429000665,36.677
"100470",0,0,0.121767409054628,0.113385477628184,0,0.146005621569676,0.034851504952651,36.677
"100471",0,0,0.124483388654935,0.116049790229026,0,0.148119150798365,0.0228289817862114,36.682
"100472",0.0684640447564895,0.105136092810652,0.249411425436906,0.243669554366404,0.0877501829119245,0.288111216579594,0.119101796839129,36.936
"100473",0.0470648947442446,0.0804109474366537,0.233545262042799,0.225926144721954,0.065996043164539,0.268981235728987,0.084349873028049,36.965
"100474",0.084153154167402,0.110073835988109,0.286452738008808,0.276437902121771,0.101264180771239,0.317725803124033,0.0875772861943274,36.965
"100475",0.107197268612072,0.116500983150033,0.337884780421345,0.323793231720531,0.12113898649107,0.358332399697751,0.108740731955033,36.965
"100476",0.0641317919134621,0.0760966754279377,0.280628695345301,0.268557855748213,0.0788492657275876,0.302782646187297,0.0856849337808788,36.965
"100477",0,0.00267010169580666,0.214888415241552,0.202771014363032,0.0109334786343454,0.229902264720656,0.0623247922862065,36.965
"100478",0.0435930657474101,0.0577397067366751,0.256758751889013,0.245369146909896,0.0594325233729009,0.279895720673593,0.0865191183203625,36.964
"100479",0.117162286578956,0.137969493139329,0.341308127042117,0.328377824833397,0.133974939617395,0.369266044309367,0.0862757705407938,36.965
"100480",0.0357704518267678,0.046445564919756,0.250367729212452,0.238369561645909,0.0508658557201329,0.270813210584248,0.0472698322234353,36.965
"100481",0,0,0.243923022634651,0.226868013085515,0.00604725662083727,0.244138299115134,0.0508749617210625,36.965
"100482",0,0,0.237131936945712,0.221354481527194,0.00803290877139355,0.241874299013459,0.0714203884066383,36.965
"100483",0,0,0.219828614855153,0.206340395389778,0.00719114261522205,0.231168440674588,0.0794160686966651,36.965
"100484",0,0,0.141203710521375,0.132565548405688,0,0.166479325730086,0.0432007977838204,36.965
"100485",0,0,0.135326895303804,0.126218326654667,0,0.158452266528363,0.0395360240072127,36.965
"100486",0,0,0.147684012550214,0.137675156146017,0,0.167613337899474,0.0450933299480163,36.965
"100487",0,0,0.135369175325203,0.126157825485439,0,0.158019222068412,0.0302911407010234,36.965
"100488",0,0,0.138522409003396,0.129421913727402,0,0.161418256810699,0.0190830910355172,36.965
"100489",0,0,0.136600114550279,0.129517092575459,0,0.168392288568585,0,36.958
"100490",0.0837861804695414,0.0770164082385282,0.331090688257767,0.314027289058318,0.0948756753316644,0.340671956987568,0.0898663086011751,37.187
"100491",0.128072281633462,0.152067082726615,0.349080155927843,0.336603826438599,0.144752412279574,0.379022237989231,0.0767974730669126,37.249
"100492",0.116560069195352,0.139139456206183,0.333955248530317,0.321876221533853,0.132970546632602,0.363041427085009,0.0729459352919375,37.251
"100493",0.120272079350376,0.148643015499375,0.333984174657422,0.323020715072355,0.137946767269465,0.367337067596345,0.118503460917925,37.251
"100494",0.0646897351923564,0.0885334941039508,0.269796532438038,0.259755003284757,0.0819778132006944,0.299884494260745,0.0971702604633039,37.251
"100495",0.104437651665914,0.0984430235718647,0.363090664179023,0.344833468575449,0.116117197444745,0.373307649152467,0.122344152875889,37.254
"100496",0.158141600916164,0.176894066370855,0.404199804142687,0.388210919318219,0.174842120121003,0.430004366726395,0.0830526315834352,37.251
"100497",0.173588779364209,0.192745696009364,0.422804964259331,0.406479074122404,0.189947056584714,0.448398464660569,0.0741209659882634,37.247
"100498",0,0,0.223944612218906,0.2100027691081,0.00811700917334373,0.234568139711749,0.0684879171013143,37.251
"100499",0,0,0.18798074598654,0.173966448712597,0,0.196001368669382,0.0502943149871497,37.244
"100500",0,0,0.16115259716903,0.149644504243846,0,0.176494765614491,0.0628836645252779,37.251
"100501",0,0,0.129545776995887,0.119453551666901,0,0.148082555993278,0.0364169936226178,37.251
"100502",0,0,0.141376556963063,0.129805686261092,0,0.155312189158839,0.0349442353861449,37.251
"100503",0,0,0.157628331205731,0.145462381259736,0,0.170252839964809,0.0388529341871204,37.251
"100504",0,0,0.161885021521539,0.151594217205353,0,0.182275025576744,0.0290182402454347,37.253
"100505",0,0,0.127089638951733,0.118261672626026,0,0.152056147824212,0.0129512953118558,37.252
"100506",0,0,0.150970352958883,0.142070000906176,0,0.176619695463377,0.0175561217419774,37.274
"100507",0.0569124787225068,0.0770277994981435,0.24960525263637,0.240704112478445,0.0728579533575887,0.276537380010995,0.0274594997442471,37.272
"100508",0.133978790929126,0.160858123705516,0.355443523173362,0.34302328795586,0.151286056318409,0.387370531899052,0.0785102847834201,37.551
"100509",0.138317591874131,0.162471439023368,0.365766712072323,0.352440934189229,0.15511600377159,0.3957500528483,0.0886144468361637,37.537
"100510",0.170954100071846,0.211005486638043,0.39379379247772,0.382133453458998,0.190747036347333,0.434448522144795,0.142171687684874,37.537
"100511",0.104634590661261,0.122780573608225,0.329633307579876,0.316532482554887,0.12061062899612,0.356041203508245,0.100379030704166,37.537
"100512",0.120211455485163,0.126803390248371,0.362347472698828,0.346387518345344,0.133938827988419,0.38049556127509,0.0868841711892878,37.537
"100513",0.146900426773648,0.157597174976912,0.393463573990035,0.377491418245236,0.161557221108174,0.41429234390995,0.119837437867842,37.537
"100514",0.0233976426104894,0.0538516790662518,0.218619520649187,0.210154354906994,0.0427769975477467,0.251827468919574,0.0706872768637793,37.537
"100515",0.0640768039145618,0.0778733648203228,0.279043715415987,0.267613050646838,0.0794650837051863,0.30298030362495,0.147607675291145,37.537
"100516",0,0,0.122536354624662,0.11166596419826,0,0.138841939695914,0.0613797409275817,37.545
"100517",0,0,0.0417176141259098,0.0312502784013435,0,0.0563313851519048,0.0384956668333195,37.537
"100518",0,0,0.104051281126072,0.0933796773860527,0,0.119960209612361,0.0346765993724365,37.537
"100519",0,0,0.153956892775754,0.140235841352382,0,0.16010747865347,0.0391295227663321,37.537
"100520",0,0,0.182585905127508,0.166115725949735,0,0.180520589928293,0.0352433214890047,37.537
"100521",0,0,0.1956764408632,0.180162346852281,0,0.199091773504551,0.0322423846809701,37.538
"100522",0,0,0.138951120614609,0.12841145177694,0,0.158983697444288,0.0213867476456446,37.537
"100523",0,0,0.14118237854007,0.131408615724287,0,0.162579731375592,0.0247351534634662,37.533
"100524",0.0679758728675958,0.114018879109408,0.249793477626811,0.243037802335546,0.0894733101156116,0.294483697103678,0.0634465366057814,37.821
"100525",0.137216090516031,0.163037714108367,0.363730068697485,0.350576730743456,0.154378172688837,0.394914731421224,0.0993111897324098,37.821
"100526",0.209876723999393,0.216279997921368,0.500908399437463,0.477946553833481,0.223546411241618,0.516058763879798,0.145557997741432,37.821
"100527",0.181880018649549,0.199706288856464,0.441167958327156,0.423265431259782,0.197624027407068,0.465627872687247,0.125855065890242,37.821
"100528",0.164048176115425,0.163368125146139,0.433399392760478,0.413241491542954,0.176180837765395,0.445264010814132,0.0920866235346096,37.821
"100529",0.128353508332496,0.122802396311426,0.387813059468878,0.368943120071936,0.139653552399972,0.397451191947431,0.0575294208031539,37.821
"100530",0.00596204694720377,0.0085491288559884,0.231405988377671,0.208804079361278,0.019807650158453,0.2449495698639,0.0174955699798572,37.822
"100531",0,0,0.162104227192878,0.139880546216621,0,0.168250165743916,0.0226697818358417,37.822
"100532",0,0,0.177065165235443,0.155255941862433,0,0.186045422285358,0.0926270191549153,37.823
"100533",0,0,0,0,0,0.00581014625668518,0.0908081074482591,37.821
"100534",0,0,0.0928897771578525,0.0734042488468707,0,0.101000455331001,0.0370605466510135,37.821
"100535",0,0,0.135574302144399,0.113294621527614,0,0.135508234149534,0.011349926009853,37.821
"100536",0,0,0.162332197827872,0.139371936686734,0,0.163967875450908,0.0257656624493004,37.821
"100537",0,0,0.153581661607937,0.132577856601652,0,0.164600219183173,0.0316004859123294,37.821
"100538",0,0,0.13048583233296,0.111065639649734,0,0.149387356700677,0.0209224802176176,37.82
"100539",0,0,0.11185148626017,0.0924619078157344,0,0.128760407365862,0.0194794269429121,37.825
"100540",0,0,0.15491244905975,0.134661835779708,0,0.167707117020412,0.0591329985053324,37.825
"100541",0.111496069350651,0.134379214369258,0.314851842401403,0.295082105082733,0.127755937271884,0.344138945447973,0.0635084671853506,37.829
"100542",0.0113388473866907,0.0333142816504984,0.219882916607786,0.199483398685326,0.029390023252587,0.247419106073596,0.0459528884762376,38.115
"100543",0.0288165946841175,0.0490619965680198,0.23527849231937,0.214890876411833,0.0459788495222126,0.262332858413919,0.0558534876263107,38.105
"100544",0.0645852367532813,0.0738690187259597,0.287062669589723,0.264423305214705,0.0790256740639031,0.307642361826183,0.0610251722766109,38.105
"100545",0.115070541331276,0.115329858033126,0.363283105325112,0.336830857216744,0.127460772408484,0.377300457726241,0.0864267262102308,38.105
"100546",0.167538090372764,0.174626412003364,0.433807665441362,0.404508218053842,0.18120973701903,0.451243819045354,0.108536269192796,38.105
"100547",0.324369233843176,0.35104386211729,0.574224029723112,0.57627022142075,0.341169058246718,0.585305434923773,0.151260170099865,38.105
"100548",0.237678824355618,0.234462041495045,0.550132086450112,0.513871479542301,0.24901105687654,0.556442987966143,0.0962889275352329,38.105
"100549",0.0281676654333669,0,0.283484045732028,0.257413539231886,0.0342081014365809,0.276764861690324,0,38.105
"100550",0,0,0.193715057992418,0.170837654786698,0,0.198373880667115,0.00837135594319568,38.105
"100551",0,0,0.134211888729804,0.113524587878881,0,0.144909647866376,0.022847915558075,38.102
"100552",0,0,0.0928013875461313,0.075906059124586,0,0.116984342697283,0.0923565179980836,38.106
"100553",0,0,0.103154318569334,0.0850731708302925,0,0.120719496817387,0.0898924266972091,38.106
"100554",0,0,0.111552261448274,0.0902496075369525,0,0.11280096423729,0,38.105
"100555",0,0,0.142921623805165,0.11973474862061,0,0.141583751775467,0.00579412703407809,38.105
"100556",0,0,0.152954002749178,0.131545526580548,0,0.163032828900551,0.0274419612844168,38.105
"100557",0,0,0.185836815156489,0.163360373924194,0,0.194662864336872,0.0453842406771176,38.099
"100558",0,0,0.086688239663181,0.0666187727253037,0,0.0971662231455244,0.00764557558418128,38.076
"100559",0,0.0143474161415347,0.192622094314915,0.174385509928546,0.0128062601096241,0.215317808645372,0.0919069650317406,38.106
"100560",0.11710936834209,0.144757223844902,0.322933385365641,0.302476069612587,0.134382259951932,0.355548596082556,0.0694953629131795,38.122
"100561",0.00293713182413402,0.022202500123432,0.204685113506333,0.185425078845066,0.0202913924610413,0.229214645788008,0.0431314645627339,38.35
"100562",0,0,0.213012377385474,0.191391335964405,0.00503709741196065,0.227696048510637,0.0458451069739463,38.387
"100563",0.030735416011386,0.0336801420214863,0.25451884222806,0.232039197096938,0.0439890705641024,0.269925189127653,0.0345845828838329,38.387
"100564",0.0902665342510694,0.0918302930534619,0.326680149805865,0.302056958349923,0.102902012061834,0.341862217887425,0.076245209959071,38.387
"100565",0.136796790644916,0.128057175444701,0.400443952210429,0.371928220583822,0.147212472763661,0.407636386732382,0.0872840458398115,38.387
"100566",0.229933707808233,0.236740462319105,0.520239840598127,0.487460490652527,0.242985305377167,0.534132590470901,0.109504973737131,38.387
"100567",0.316796545136432,0.316230053487788,0.574224029723112,0.57627022142075,0.32830901667917,0.585305434923773,0.163627408535932,38.387
"100568",0.162190106542939,0.119838088353332,0.483269416046199,0.445771146379869,0.165772042751671,0.465665488733489,0.0674276824044218,38.387
"100569",0.0384635546918284,0.0130264135575162,0.294460960506584,0.267864576194879,0.0457383486566861,0.291329125886275,0.00776536598023529,38.387
"100570",0,0,0.229386424909162,0.206086580334077,0.00734827500703582,0.236803479160023,0.0572542830898946,38.387
"100571",0,0,0.161747122405867,0.142862135097343,0,0.181821172373261,0.054464394340706,38.384
"100572",0,0.0026845108972376,0.180126262600934,0.161336423522199,0,0.204638079329588,0.129372794332215,38.387
"100573",0,0,0.112519359636977,0.0916963747490886,0,0.119156179483801,0.00415732534403059,38.387
"100574",0,0,0.118282346038743,0.0966322302005833,0,0.120889338082199,0,38.387
"100575",0,0,0.186321687204593,0.161601377383635,0,0.183362771021776,0.0492106835492589,38.386
"100576",0.0176278729504583,0.00791611796455703,0.260495894024421,0.235219447344185,0.0283813013026535,0.266774906480173,0.0957907533739416,38.398
"100577",0,0,0.0860870037590123,0.0641471041223491,0,0.0870843423954728,0.0385603533911026,38.389
"100578",0,0,0.142066269291859,0.123272358527879,0,0.162855561377783,0.0759652234972511,38.401
"100579",0,0.0136723888202656,0.206760235713883,0.186322847397167,0.0153023369139806,0.227077410787571,0.0915346409728875,38.387
"100580",0,0.00789795728497402,0.180378540721945,0.162322847004703,0.00436096491448511,0.203835107513177,0.0662537248069451,38.392
"100581",0,0,0.228138024605263,0.205059716264626,0.00253132823050446,0.233336171192685,0.030902672776242,38.666
"100582",0.0272853096056552,0.0327661299457383,0.239483149296812,0.219097494400341,0.0410815717433364,0.256687129868702,0.0278255886103653,38.668
"100583",0.0765530291180398,0.0670097309229242,0.316520342946977,0.291825621394567,0.0869102979703056,0.324247978676522,0.0631985809772913,38.668
"100584",0.116165259540272,0.101822130876577,0.376242719995452,0.348338486349539,0.125392991863693,0.379904445355234,0.0855525633982966,38.668
"100585",0.128036603964381,0.119765307045127,0.38494302944188,0.357290543942547,0.138341628956527,0.392459253813508,0.0850979572655651,38.668
"100586",0.263823782848507,0.262626567268258,0.574224029723112,0.544647291787378,0.275269246939704,0.585305434923773,0.160172331535644,38.668
"100587",0.196641414300617,0.14636251903773,0.547226777741927,0.504541049924729,0.198371347990914,0.521631991800199,0.128604802356093,38.668
"100588",0.101687500572193,0.0596394723850295,0.394048407407899,0.361287684396347,0.105190990260646,0.378966067333901,0.0654347466074353,38.668
"100589",0,0,0.236076208229123,0.211899473857013,0.000656385951032857,0.234913363146457,0.0204471877214995,38.668
"100590",0.0455270022452691,0.0278115797714943,0.297299649902531,0.270692836754953,0.0544728766717658,0.29925705085572,0.0787350550258189,38.668
"100591",0,0,0.147260810577606,0.125095984008624,0,0.151853456997509,0.0732270634905151,38.668
"100592",0,0,0.212918754193561,0.187872788890441,0,0.211419285107534,0.0657433782742067,38.668
"100593",0,0,0.149556927429683,0.125807470345488,0,0.147517946678636,0.0266988411838521,38.668
"100594",0,0,0.212375475255793,0.183585198201897,0,0.194370987272701,0.0736873948335592,38.669
"100595",0,0,0.184754323364863,0.160256703723699,0,0.18655851076981,0.101595209859896,38.668
"100596",0,0,0.0431028537795527,0.0223439788696222,0,0.044622626688232,0.0549553704924644,38.666
"100597",0,0,0.103168597304588,0.0839214038500901,0,0.117155080038604,0.0869315043809091,38.67
"100598",0,0,0.0706327291361819,0.05166288935696,0,0.081842752440255,0.0622531549367239,38.668
"100599",0,0,0.154132142036915,0.136334552233186,0,0.175169767585413,0.0702654374897334,38.663
"100600",0.0242186117511412,0.00341078490775109,0.261671822531535,0.238362807011624,0.0324132837150837,0.261111671314272,0.0288663538123758,38.938
"100601",0.0587724851591462,0.0362727695728738,0.308631062892132,0.282690097757353,0.0664621768497456,0.307376270554448,0.0690618414035447,38.948
"100602",0.0832662639965015,0.0695655098501572,0.330234180480831,0.304471735362222,0.0926633490834787,0.334872191840166,0.0841172785156839,38.948
"100603",0.0825700129983347,0.0795344119567966,0.315852906234904,0.291790243411794,0.0940231996192896,0.32775117113698,0.0732795128897024,38.948
"100604",0.100622826690299,0.106293048816256,0.339850337032967,0.314511169701345,0.113910336836855,0.357995560980876,0.0783449996056705,38.948
"100605",0.177941719605166,0.155435541912355,0.482877348161849,0.447710801820158,0.185542708129326,0.478563595537456,0.0910879588666696,38.948
"100606",0.17054149586553,0.138041243400807,0.483426127534646,0.447410164585672,0.176114214160919,0.472622964799244,0.130020481839664,38.948
"100607",0,0,0.167100728124918,0.147208729260823,0,0.172772971298667,0,38.948
"100608",0.269657258193483,0.268527811087558,0.574224029723112,0.559423127563875,0.281217586577402,0.585305434923773,0.087047439819265,38.948
"100609",0.0156399587406567,0,0.27359271509844,0.246963881613095,0.0231456345153781,0.269490331221309,0.0987069554964879,38.948
"100610",0,0,0.205286210127594,0.182232240924234,0,0.211070690724725,0.0299239028006428,38.948
"100611",0,0,0.118471944059254,0.0956981046816648,0,0.118781356094773,0.026400053368887,38.948
"100612",0,0,0.122828087128363,0.0947196951518193,0,0.101894156699459,0.0825831207862917,38.949
"100613",0,0,0.219335920358281,0.187177256972892,0,0.195484462079776,0.111350858392692,38.963
"100614",0,0,0.168285801104661,0.140543068547393,0,0.156213291423707,0.0619907626212643,38.949
"100615",0.0130335729909169,0.0177669083019339,0.234332657166979,0.211834278146508,0.0263735641156043,0.250276378927425,0.121424849931422,38.948
"100616",0,0,0.00924323978818786,0,0,0.0176985218173691,0.0216591936505885,38.948
"100617",0.00853474061183035,0.0204803620529663,0.213315862836764,0.193443924382683,0.0236471842394097,0.232607775058694,0.0881718062731901,39.225
"100618",0.0206088898532166,0.019471410459606,0.242176812396159,0.220071214978002,0.032757822560236,0.253771645482112,0.131814352844112,39.227
"100619",0.0944426339172992,0.0974682123702755,0.324536354521334,0.300657405032823,0.106987776979287,0.340306810201464,0.0902927130032507,39.227
"100620",0.0905106459740442,0.0940864702480936,0.321940805451575,0.297861546101368,0.103337462554189,0.338408051947611,0.0642159416794851,39.227
"100621",0.144325312738481,0.134437472704457,0.415846157140116,0.385870523019972,0.154489628675972,0.421978574844029,0.0577274108309282,39.227
"100622",0.210698648802182,0.190825834629873,0.534794759641872,0.496679434107684,0.218919745353654,0.530669436448575,0.0901170535742002,39.227
"100623",0.0537566326129262,0.013185731265286,0.335548744109196,0.305006121771542,0.058031624264613,0.322219280095845,0,39.227
"100624",0.152817745557914,0.133985065081872,0.439208727662976,0.407371048395152,0.161259751267142,0.43917109811629,0.0308052534797249,39.227
"100625",0.298862813804118,0.288301971064399,0.574224029723112,0.57627022142075,0.309063657170267,0.585305434923773,0.285229790945296,39.227
"100626",0.0186617797491642,0.000602964306791023,0.268318487298215,0.242769780179838,0.0277770645281431,0.269597298922679,0.103619385301069,39.228
"100627",0,0,0,0,0,0,0,39.227
"100628",0,0,0.171405982082395,0.145367834794467,0,0.169229963155418,0.118138525980135,39.227
"100629",0,0,0.222271002183467,0.194682713413493,0,0.218831104105515,0.0490705291917722,39.227
"100630",0.0399915908977412,0.0103067796840118,0.31961456660817,0.289318345811123,0.0468069053919031,0.314385593767496,0.0349093800396069,39.205
"100631",0,0,0.125490087740612,0.104212644452191,0,0.130072352102767,0.0457944081110938,39.226
"100632",0,0,0,0,0,0,0,39.222
"100633",0,0,0.144271674973694,0.125240432579228,0,0.155254555612981,0.0417355864981631,39.246
"100634",0.0413036537184673,0.0334995626888929,0.270610352709521,0.24714949452551,0.0518182335032424,0.278468675040286,0.108033219107042,39.476
"100635",0.178890465919629,0.160780738911437,0.472626165021301,0.439230040659305,0.187230766401086,0.471044954190165,0.117300872827898,39.505
"100636",0.153054014324631,0.152171559634492,0.417611704752023,0.388600521513812,0.165042806068903,0.42978803578371,0.0797763234162115,39.505
"100637",0.11501393746442,0.11806135505968,0.363204579551762,0.336682526227923,0.128014355388194,0.379432725604811,0.0450061150889126,39.505
"100638",0.242091977546695,0.230455889279205,0.574224029723112,0.53710000247886,0.252040912959356,0.576962533817133,0.0469631913335269,39.505
"100639",0.0802193756568073,0.0347621668775903,0.389149851124795,0.353770657238271,0.0837517486179188,0.37230829378881,0.0237992732713924,39.505
"100640",0.0389495933943777,0.024200433387304,0.292479372769728,0.265743085585641,0.0488289613797641,0.29672326776649,0.0358484173512911,39.505
"100641",0.192258770922727,0.18614195764229,0.493365692065145,0.458994717017856,0.203580787067892,0.500798371136515,0.178399156736611,39.505
"100642",0.110682545557364,0.078810538554784,0.403083479302857,0.370364224392584,0.116775609050969,0.395442122070311,0.16700685434644,39.505
"100643",0,0,0.11966976425925,0.0952378083778616,0,0.113212447935166,0.0598515265709984,39.505
"100644",0,0,0.236693403709575,0.21167896165806,0.00287366397151856,0.245204928809423,0.0996163087281129,39.505
"100645",0.0224238276877184,0.0156222281576591,0.264108522072498,0.239224136820859,0.0336664599321977,0.27319652501706,0.0214250595604037,39.505
"100646",0,0,0.214362677453957,0.189972381613094,0,0.223113967162167,0.00375284246922881,39.506
"100647",0,0,0.105809649795529,0.0844669248347022,0,0.111819920200346,0.102964726908304,39.51
"100648",0,0,0.0508374421545282,0.030611624307397,0,0.0502484763152134,0.00708431485574108,39.516
"100649",0,0,0.00605556512441421,0,0,0.0111796420107249,0,39.509
"100650",0,0,0.0227499744403881,0.00667857790982544,0,0.0362165969556168,0,39.505
"100651",0,0,0.131055084647278,0.112387643624269,0,0.146241634630903,0.0186114171973221,39.505
"100652",0,0,0.16252619875131,0.144413001890066,0,0.181874767856068,0.0341347860274856,39.507
"100653",0.232773609452588,0.202460368001591,0.573505408654971,0.532791481454052,0.238763913957195,0.559978819340466,0.0989248624943617,39.78
"100654",0.177187753050775,0.146811169175079,0.495421076275572,0.458690906233911,0.183786088039467,0.486082040589237,0.0542583651465425,39.781
"100655",0.0399952157352375,0.0417654956151836,0.274946609890409,0.250716474517363,0.0535239748621425,0.290370061147072,0.0197417853583344,39.781
"100656",0.117778836745456,0.0859049999931573,0.428040280095135,0.392397659360511,0.124402361920608,0.420312193623928,0.0649661447662514,39.781
"100657",0.0551897874967529,0.00511998468893218,0.364849843144029,0.329599313080464,0.0577135108585295,0.344668133103563,0.0486389820628055,39.781
"100658",0.0125308189019827,0,0.291956616445935,0.261960546990386,0.0194075815430936,0.284152192468014,0.0469582877243266,39.781
"100659",0.16130802338522,0.13473141557969,0.484692216387564,0.447313507836827,0.169145611557012,0.479600293947538,0.0901900453605677,39.781
"100660",0.079696702013239,0.0328660109299198,0.389121848825461,0.353939298661648,0.0829443003937263,0.371348391505012,0.101236908910233,39.781
"100661",0.0256827794385175,0,0.291313742938168,0.263408864057013,0.0328992059144177,0.286654084717092,0.0442225231376622,39.781
"100662",0.0876172719062455,0.0535933985167942,0.379584076537171,0.347006617726295,0.0933007275978716,0.370721308504162,0.0760079604621157,39.781
"100663",0.16042417174561,0.144865375819211,0.448296434410289,0.41633904766559,0.169484144734163,0.450488192831297,0,39.781
"100664",0.11759923060818,0.0976174322654992,0.395562085988521,0.364872804689088,0.125867668642409,0.395952446400951,0,39.781
"100665",0.0653501652691683,0.0370364211742409,0.332844622452831,0.304062688607523,0.0719578999859291,0.327902113178016,0,39.781
"100666",0,0,0.208118085419382,0.180840674320344,0,0.191745314548855,0,39.781
"100667",0,0,0.0876205521152731,0.0662324283490772,0,0.0870791772040179,0,39.785
"100668",0,0,5.05673971515854e-05,0,0,0.0137749778648744,0,39.781
"100669",0,0,0.11866622322016,0.100191661713681,0,0.142661885018587,0,39.781
"100670",0,0,0.110271105344571,0.0943531107290361,0,0.143523889644148,0,39.781
"100671",0,0,0.150110059849709,0.133816224064783,0,0.17616827716991,0.0390693278012812,39.791
"100672",0.0610215500953539,0.0149878611213873,0.343840941160157,0.312829944743833,0.0636965215491188,0.326242853901897,0.0521789671526064,40.051
"100673",0.0956151740989389,0.0375729093374824,0.410556263926262,0.37455157053043,0.0964075392579459,0.384497365843598,0.0383164274558218,40.057
"100674",0.00235454841329027,0,0.250221885022455,0.22493890860493,0.0140849919657305,0.254890950867404,0.00337467054775163,40.057
"100675",0.0482293185363307,0.000723344114411767,0.3576623531116,0.322766329255676,0.0516313475178329,0.339284716661124,0.0467954588251221,40.057
"100676",0.144826439609374,0.0759984704022574,0.51855759572261,0.472708825123191,0.144108202314369,0.483256907529404,0.127453626005815,40.057
"100677",0,0,0.276174687293499,0.246559306396617,0,0.261325256321377,0.00887291047117086,40.057
"100678",0.138396675216186,0.0998176877324347,0.462314402503049,0.424839158079056,0.143773735166891,0.449433494796694,0.031331642632151,40.057
"100679",0.0753619585663746,0.03589736186196,0.372720664446122,0.33937810769697,0.0802258477920419,0.360248573179555,0.0595079116245317,40.057
"100680",0.0443265383836266,0.00741545992835625,0.321913298736346,0.291998833171354,0.0493433758290419,0.310802642273074,0.0305201899085696,40.057
"100681",0.0827956669273703,0.0530309431655449,0.361908008060829,0.331326775938215,0.0893439953395426,0.355963710330078,0.0402403759810076,40.057
"100682",0.131394162057959,0.0899176686226668,0.438800975468063,0.403673258001779,0.1353210771956,0.423516370116787,0,40.057
"100683",0.145080671585244,0.114204262710408,0.442253886425644,0.408910645870373,0.151134044042723,0.434071930285596,0,40.057
"100684",0.0828227551130744,0.0551153092083588,0.360017419428622,0.329760090779521,0.0896747921796397,0.355660299574335,0,40.057
"100685",0,0,0.181891306873256,0.158093491995076,0,0.181313055163616,0,40.057
"100686",0,0,0.125364599248646,0.101499742493533,0,0.122336579660816,0,40.057
"100687",0,0,0,0,0,0,0,40.057
"100688",0,0,0.136986093239468,0.115235987496265,0,0.144034888638555,0,40.057
"100689",0,0,0.117558096814301,0.099866453924914,0,0.143425698749674,0,40.057
"100690",0,0,0.171504663727354,0.151661599619352,0,0.185320242694043,0.0380585510812256,40.062
"100691",0.0075851800910528,0,0.290654880134688,0.260351291892087,0.0123936330689098,0.27598298566297,0.0250282618165327,40.331
"100692",0,0,0.248014464722734,0.22056717291552,0,0.241189657864872,0,40.331
"100693",0.017752732914067,0,0.299929397439155,0.269406439221814,0.0250397337344201,0.292315172844325,0.0183343718922715,40.331
"100694",0.038569856388591,0.0100603196704551,0.330036626837271,0.298030072391854,0.0466675523972905,0.325449814577591,0.067790726765657,40.331
"100695",0,0,0.204628981464252,0.177055481981625,0,0.196323970209063,0.0487911799030596,40.331
"100696",0.0524370808578304,0.0218886825532129,0.338995013941201,0.307495341680874,0.0595603164768656,0.333082332793129,0.0406473065808579,40.331
"100697",0.0641849036677065,0.0227963778571033,0.355842392987079,0.323413628986461,0.0684850357319544,0.341919466245445,0.0311818447040052,40.331
"100698",0.0448003044114892,0.00405338543054824,0.32467324751342,0.294381193155112,0.0489559518449405,0.31081292883488,0.0139006087021045,40.331
"100699",0.0390202061952581,0.0017010649072129,0.312522930205483,0.283065688215409,0.043938965164281,0.300702420305912,0.0202028833099613,40.331
"100700",0.191326649132193,0.155135963345258,0.517571834883463,0.479148498548185,0.19625301329132,0.502755191503902,0,40.331
"100701",0.217390173972575,0.181124787240467,0.559316059221238,0.518513618380423,0.222163919034102,0.542711203828967,0.0158054694652669,40.331
"100702",0.103070591474375,0.0783184388360642,0.38154810229239,0.350871891691216,0.110484354785591,0.378729242102965,0.00386303460203152,40.331
"100703",0,0,0.198439927341125,0.173453664151962,0,0.195666954817068,0,40.331
"100704",0,0,0.184336363504075,0.159849691346374,0,0.190104834197781,0,40.331
"100705",0,0,0.167299532355251,0.142669222378207,0,0.168554269485465,0.0121812420739212,40.331
"100706",0,0,0.140665493100014,0.119876147390933,0,0.15347364511558,0,40.331
"100707",0,0,0.14493599044744,0.123707668080105,0,0.155639728195447,0,40.331
"100708",0,0,0.145604737944475,0.125712420231299,0,0.162952059832006,0,40.323
"100709",0,0,0.226707894350162,0.199984912833689,0,0.223111820733021,0,40.605
"100710",0,0,0.220601250535763,0.193671115354123,0,0.218928162100804,0,40.605
"100711",0,0,0.210092695712093,0.183535986543291,0,0.204693194467776,0.000123384756655759,40.605
"100712",0.0365526320447832,0.0112367887951432,0.313452434728397,0.283608791503899,0.0450900466831746,0.310781860975955,0.00919413312354155,40.605
"100713",0.0865920909913958,0.030419295380048,0.422595203292982,0.383107814195181,0.0886249654626903,0.398420211467144,0.0774059167254892,40.605
"100714",0.0808360557091845,0.0150991788755123,0.416018377703701,0.376578199159251,0.0801701173809357,0.384657679686959,0.0546698347732677,40.605
"100715",0.147814153047812,0.0973296484993135,0.487238481037806,0.446678264088862,0.150321103749065,0.464739736645134,0.043226905059448,40.605
"100716",0.0853628545858218,0.0338483225772022,0.389938013268614,0.355532532609062,0.087310710134139,0.368693864424149,0.0105645300679302,40.605
"100717",0,0,0.287146754714929,0.25442265954801,0,0.255687774906902,0.0269977388703617,40.605
"100718",0.0268873924010146,0,0.328186685383459,0.294388062819332,0.0256250966870023,0.298003692145346,0.0330978712716073,40.605
"100719",0.193924930997941,0.133016180684822,0.554040189881594,0.509981207353072,0.193605283728223,0.520675209975675,0.070554223192055,40.605
"100720",0.146804646405725,0.0875098498452632,0.484428026165747,0.444159240669564,0.146928844203914,0.455079238664428,0.0733835976953129,40.605
"100721",0.0525308920459392,0.00454547894111851,0.352750505794334,0.319052275491432,0.0552533741819373,0.333913535665374,0.0468018408383272,40.605
"100722",0,0,0.145403084314529,0.117844387096575,0,0.142789319141171,0,40.605
"100723",0,0,0.160423665532381,0.136774198727901,0,0.167693373903434,0.0402348865262714,40.605
"100724",0,0,0.222592473452827,0.198378484273452,0,0.227776661400021,0.0207737209370528,40.605
"100725",0,0,0.191479100493572,0.16656912034037,0,0.190065581528786,0,40.605
"100726",0,0,0.148013161202472,0.12615749195973,0,0.164489218534701,0,40.63
"100727",0.0843621700042945,0.0792882670878502,0.33497046239419,0.308318523537939,0.095648759068928,0.346368312808769,0.0272956897270898,40.658
"100728",0,0,0.28277271026771,0.251957998409305,0,0.266098479240161,0.0104167073886988,40.877
"100729",0,0,0.287806613099474,0.254713314170598,0,0.266835814059558,0.00724494088097726,40.877
"100730",0,0,0.240136565892457,0.210553127249832,0,0.224603295506482,0.00380816516326972,40.877
"100731",0,0,0.295289319022825,0.263292818438051,0.000634621869673921,0.273661384594086,0,40.877
"100732",0.0642797012519958,0.00862800568299762,0.376686233591045,0.341022847702826,0.065669884392595,0.352542908986212,0.0381953586827386,40.877
"100733",0.0684324857120792,0,0.409512497556996,0.369263479713336,0.0647141937262577,0.369444626506287,0.0247637596551669,40.877
"100734",0.227524820000688,0.168126247445827,0.574224029723112,0.569331165906775,0.227680736524819,0.584778737297512,0.0416220519115613,40.877
"100735",0.123180437731202,0.0573056891629245,0.458929311087723,0.41973726981994,0.121850991997228,0.426746470878613,0.00703739671367728,40.877
"100736",0.0945074471507888,0.0310777110793324,0.413025280026933,0.375973751707205,0.0935254835224051,0.382647024590787,0.0697741254455499,40.877
"100737",0.0690280881958524,0,0.392879908117987,0.355148989353271,0.0663951301860528,0.357604651183605,0.0562427060358425,40.877
"100738",0.147803295490819,0.0835237184278627,0.484424155149637,0.44440542240556,0.146603749050799,0.451337046347054,0.0370416555594447,40.877
"100739",0.112152181831289,0.0605201667953641,0.419887613411135,0.38470770197283,0.113760692327637,0.397577887079434,0.0432679517569863,40.877
"100740",0.100118679002112,0.0711680687545163,0.388386963183971,0.356161357379948,0.106865503937664,0.382834157567722,0.0700117404532889,40.877
"100741",0,0,0.232393406091772,0.201712781124066,0,0.223240374468967,0.0539817169826253,40.877
"100742",0.00486371995744922,0,0.270489558259828,0.242543216187651,0.0141923110070865,0.269375688516109,0.187262607159624,40.877
"100743",0.0699438450132308,0.0351453044797638,0.350784195992473,0.319805475194709,0.0752471080435146,0.341236928870544,0.0790482235833983,40.877
"100744",0.0710548934462816,0.0284152916139917,0.36563243744691,0.332628358331472,0.0748364875686704,0.35084437351382,0.0383164102199488,40.877
"100745",0.0725489250976551,0.0426545028996065,0.354926626601031,0.323557425381571,0.0789842277161577,0.349036346311923,0,40.877
"100746",0.170932732709321,0.194436602771187,0.42989536332158,0.401598065295192,0.187768260323445,0.460015043244817,0.0139263082544061,40.874
"100747",0.196640301139243,0.233859135954332,0.430075631738801,0.407558014161466,0.21567178951177,0.469688991902977,0.0927541570581814,40.83
"100748",0.00844941257212672,0.0214184494560292,0.205582824629055,0.189454602939809,0.0246996161952005,0.228651971269112,0.106166378450176,40.847
"100749",0,0.019561580422722,0.179968578632476,0.164593559371453,0.0134380413446973,0.208307076835396,0.0899059206499741,40.875
"100750",0.0254978536240246,0,0.335060504752965,0.300609679104533,0.027383914749384,0.311737286781794,0.0365502268782083,41.148
"100751",0.0208449488121291,0,0.327348555360097,0.293666017614689,0.0219645281153694,0.302264301676386,0.0160346130211343,41.148
"100752",0.0482353158972256,0,0.374961686290177,0.33755181299442,0.0462764713059528,0.34069948204883,0.0353054211576736,41.148
"100753",0.0629821503817973,0,0.396214780902998,0.357500763119476,0.0600022444201929,0.35869833311077,0.0298731551294697,41.148
"100754",0.0652513114937814,0.00721367761555499,0.374795012089795,0.339777561025503,0.0659037076547522,0.349060139948966,0.0243448537342355,41.148
"100755",0.0930306707555492,0.0448199187157914,0.400176191294981,0.365037019917393,0.0957939979982435,0.38099792044991,0.0527776443784559,41.148
"100756",0.129317323828676,0.0643657850153188,0.470365603519295,0.429599507266998,0.128406681196089,0.43790269251651,0.0588080139654106,41.148
"100757",0.115806730647551,0.0595317044980034,0.433731467611873,0.397041731330017,0.116524238817644,0.408255017963765,0.0408452295668874,41.148
"100758",0.113179005499193,0.0502209770256876,0.434688377619561,0.397170908013229,0.112293195357698,0.404173494141971,0.0551546563552765,41.148
"100759",0.204044055035052,0.14157092900578,0.568241944176128,0.523506885784619,0.203227725925521,0.533127637086272,0.0735642932716721,41.148
"100760",0.215056708074295,0.164349849219899,0.569365770950762,0.526293650764982,0.216662150299369,0.54204191295353,0.0630793526644257,41.148
"100761",0.114510414954326,0.0728403005189327,0.411492002421689,0.377780255065069,0.118198045488672,0.396021685158127,0.0705687346508617,41.148
"100762",0.0450925283744448,0.0123297860531498,0.316729490530556,0.287471956810598,0.0508956612329977,0.308490089282204,0.0450473957343055,41.148
"100763",0.107391942543452,0.0708112662239064,0.413080628941264,0.378132095670795,0.112716659749826,0.402158647879107,0.123602442309004,41.148
"100764",0.115016515515813,0.0669570739480706,0.432203944803843,0.395499417243032,0.117772862223994,0.412692561719682,0.188922141968935,41.148
"100765",0.0745324964906185,0.0419739388028342,0.35027252108268,0.319981068169154,0.0800868515761609,0.342081447076613,0.0904598279745228,41.148
"100766",0.0243571570030106,0,0.287922050915614,0.260268661921111,0.0296868378249475,0.278646640479845,0.0251742056104593,41.148
"100767",0.130548257543536,0.097372230938516,0.427995352124399,0.394419373529554,0.13606229546993,0.418405659898101,0.0117710046754629,41.148
"100768",0.0155598201906669,0.0119247562988593,0.25514672221941,0.230417766161321,0.0275396478254709,0.265777621524764,0.0234889262737182,41.148
"100769",0.01066108954077,0.0048096448028916,0.266199406851023,0.239344226599265,0.0227342738272532,0.275608968416651,0.064377323041922,41.17
"100770",0.0532709087721569,0.000547425612516023,0.356764151391168,0.322982812293154,0.055352755889878,0.33480509758494,0.0453707693469175,41.418
"100771",0.0783622460932324,0.00574549949008984,0.41423239978403,0.375175125588198,0.0760678670991135,0.378155999500934,0.0451380996445193,41.418
"100772",0.0842663117148407,0.000531671821332311,0.435394591902023,0.393581798231612,0.079262622458899,0.390786217644338,0.0450269063585537,41.418
"100773",0.129648418169418,0.036820955466246,0.511825174552801,0.4645069213367,0.123039661463785,0.459428063155603,0.0589624114859235,41.418
"100774",0.116927843376904,0.0308675906661919,0.478277142767963,0.434476985516329,0.111508096469989,0.431228378553716,0.0525148498350681,41.418
"100775",0.113404427179307,0.0178220271834647,0.480002355102804,0.435134673966496,0.105507616815028,0.425848286025007,0.0488827657499656,41.418
"100776",0.119383132573167,0.0246176220408437,0.496340291914833,0.449639223140842,0.111971211342113,0.442528213116427,0.0606904885717868,41.418
"100777",0.139087752791867,0.0527167193801652,0.509347008235329,0.463810840853707,0.133521891370147,0.460909719550811,0.0655865139370788,41.418
"100778",0.202892077775421,0.134127395039227,0.574224029723112,0.530471405862146,0.200958029030056,0.537158728570383,0.112241310220808,41.418
"100779",0.336841635969243,0.295601549127439,0.574224029723112,0.57627022142075,0.340330001073273,0.585305434923773,0.0958227365003221,41.418
"100780",0.293544226989356,0.246088541683321,0.574224029723112,0.57627022142075,0.295936410616145,0.585305434923773,0.132281831476528,41.418
"100781",0.21411594230505,0.188023688961537,0.539061966778178,0.501215879397528,0.221014676082035,0.530353662113268,0.13349038499535,41.418
"100782",0.0548140549563719,0.0211722626037798,0.326306106346676,0.296831932374756,0.0602856890773957,0.317358989839971,0.0671291170412467,41.418
"100783",0.0364122362875157,0,0.314776570997445,0.284452326155356,0.0405787834509648,0.301380027060128,0.0777051148608518,41.418
"100784",0.0794252960304579,0.00515589172072455,0.41070726287023,0.371745107945763,0.0759713138363206,0.372650330306429,0.0942221038038562,41.418
"100785",0.129825529715258,0.082888088846438,0.439174931807489,0.403606496782149,0.132083284897392,0.419391203965093,0.0699327887977248,41.418
"100786",0.00822301001179725,0,0.258022839294552,0.232888751393663,0.0150018808693566,0.252158845183892,0,41.418
"100787",0.0254169647019953,0,0.285097332221195,0.258340465529986,0.0309844996334038,0.276571166389138,0,41.418
"100788",0,0,0.244861724841366,0.219357974510082,0.00112055506404209,0.243903466129033,0.0266845914591283,41.418
"100789",0.125379214695546,0.104153062913034,0.426917374998298,0.392607806895176,0.133708282204761,0.426674073376725,0.0808318956297515,41.418
"100790",0.0646758954691813,0.0615540768504531,0.321778072406564,0.294693186165251,0.0766898965437552,0.335566602132025,0.118772414863683,41.418
"100791",0.116257802778945,0.139783992951415,0.357835356000357,0.332446361342454,0.133417041235152,0.389756606765853,0.14658036577484,41.418
"100792",0.0672104903710481,0.113677709829671,0.258792929693107,0.239822283046203,0.0889695848315831,0.305235435050671,0.115914491016463,41.42
"100793",0,0,0.0592010224374193,0.0453797221439931,0,0.110573900673936,0,41.435
"100794",0.00398967220333296,0.0610368319950203,0.172709855597801,0.15732686438153,0.0290629646516335,0.221631579467738,0.0130757682668285,41.451
"100795",0.0804957937027984,0.0101402488457262,0.414581970822599,0.375444568084892,0.0788612907995186,0.379749195737407,0.0622377613545239,41.687
"100796",0.108629909100555,0.0427728581239275,0.447603675979482,0.407780933099188,0.108014360472597,0.415863469546432,0.0562997402385299,41.687
"100797",0.0936271107073679,0.00421628534145945,0.452482430454086,0.40944012866489,0.0873886354123055,0.403797111307131,0.0354333517731854,41.687
"100798",0.128691828321404,0.0214071982225712,0.522437357068485,0.473351597666438,0.118628350510046,0.459925997054415,0.0257859025472109,41.687
"100799",0.13806175453951,0.046795714734974,0.509803542281062,0.464051412834736,0.131322657976101,0.457857340452291,0.0625656053075642,41.687
"100800",0.187650750690815,0.113101647337436,0.563742797512771,0.516890520152312,0.18456286852771,0.520742739082899,0.127259391349667,41.687
"100801",0.13149195050218,0.0519242559608087,0.486518964082791,0.443388204433099,0.127274898803221,0.443185048866205,0.0760002025560454,41.687
"100802",0.180426414721128,0.11025527771593,0.553152284943193,0.507027801843546,0.178550938217553,0.514085607379517,0.111234603511384,41.687
"100803",0.16165256883253,0.0967412707727848,0.504986160814641,0.463840403155261,0.160489253155291,0.470745398322734,0.062993559887202,41.687
"100804",0.334981139889113,0.297911365679786,0.574224029723112,0.57627022142075,0.339312258480515,0.585305434923773,0.0807131993668615,41.687
"100805",0.197783014920256,0.14224622907094,0.546439561695658,0.504522994545836,0.198449771726391,0.516722509169007,0.0621717207818132,41.687
"100806",0.0608389601304431,0,0.366803175105685,0.332478137614479,0.0587978525346346,0.334407924079902,0.0178413883408713,41.687
"100807",0.0427049476209142,0,0.349257491117012,0.314659221673985,0.0412586238628727,0.318347548201281,0.0472934113849844,41.687
"100808",0.0571886371058314,0,0.361957958117412,0.327441774906376,0.0566870996794661,0.334045907470876,0.0613322162236023,41.687
"100809",0.078166214344764,0.00619834807385902,0.399670673958706,0.36225836079876,0.0750109417743201,0.363197222380752,0.0699384258098958,41.687
"100810",0.0730070477793339,0.0202753631675402,0.366394761347012,0.333735364515702,0.0740997722391514,0.344072553847216,0.0423534125067584,41.687
"100811",0.0684422375315867,0.0337851227556199,0.338230143061342,0.309090893406029,0.0733790836599766,0.328593709419679,0.0389368123685767,41.687
"100812",0.0436230199158,0.000840871926494655,0.322729757106841,0.29236017892637,0.0467863304583519,0.306914438669174,0.0433743312842506,41.687
"100813",0,0,0.282494189267248,0.252110420165321,0,0.262910028495373,0.0380239764524475,41.687
"100814",0.0632033105904611,0.0459622668633716,0.333581850640897,0.304212782349157,0.0722918141422569,0.336559833653783,0.0819706643723284,41.687
"100815",0.0860495611318815,0.076935122254709,0.356301574025127,0.327210630923178,0.0968851446108181,0.36570543833464,0.15669379566443,41.687
"100816",0.0634333724273121,0.0640308115096975,0.317403330843758,0.291060162406951,0.076560140059082,0.333655193193527,0.156187907776868,41.687
"100817",0,0.00962447856119698,0.191458619156401,0.170660260561612,0,0.2223433473756,0.106830978316939,41.687
"100818",0,0.0184469288006223,0.115328432008835,0.10011401234783,0,0.166165984631997,0,41.687
"100819",0,0,0.105096311970983,0.0889956299406702,0,0.148428622577815,0,41.687
"100820",0,0.0445214085994194,0.128120980744678,0.114481384548455,0.00220261032207088,0.180944254193023,0,41.703
"100821",0.0855038779797616,0.144367091123376,0.255689272323596,0.239502199006958,0.109040990196739,0.309684426913455,0,41.703
"100822",0.0931366040528623,0.137056822510533,0.275828807297644,0.259258517278987,0.113759639596008,0.320903938568482,0.0183006912018909,41.693
"100823",0.101338027368827,0.0498254637644513,0.410762233144833,0.37535492381881,0.103374283964024,0.389017194977362,0.0545597359801582,41.941
"100824",0.116178456724282,0.0553501611051443,0.450571144720453,0.411229139628425,0.116463141075081,0.421977919979808,0.0492479816990402,41.955
"100825",0.0773649654026753,0,0.417964929303508,0.37829436490034,0.0730758579525627,0.376432862003553,0.0153419034612158,41.955
"100826",0.0654710414110146,0,0.397686927764254,0.359498854593014,0.060638910545264,0.355587174395466,0.00957906927928545,41.955
"100827",0.110714058608584,0.0421788139716999,0.438341479320292,0.400222216103426,0.108806367916208,0.40424268527867,0.0476569140263666,41.955
"100828",0.0954936123805214,0.0376094138467648,0.398465343352522,0.364359674957596,0.0956876063546026,0.372351068995558,0.0413162031288995,41.955
"100829",0.119468084323795,0.0668639837450531,0.427728556133449,0.392283544245597,0.120824977193305,0.404264112335498,0.0724153446114321,41.955
"100830",0.113354132580673,0.0682868676651845,0.407477621187369,0.374500549900529,0.116336631224896,0.389796015247461,0.0525315187336104,41.955
"100831",0.0899808969939737,0.0283335600394032,0.390171421996439,0.356760995744281,0.08933316008465,0.361625276025858,0.00700260534331924,41.955
"100832",0.151429317310648,0.114816526807535,0.448349908760014,0.414811911971183,0.15602174641686,0.434970078597105,0.0364963578576829,41.955
"100833",0.09967933498238,0.0425608043097605,0.401564086457937,0.368002429531344,0.0998145767604625,0.375680059494727,0.019923360363741,41.955
"100834",0.0243953954194486,0,0.328725795745471,0.295367247146351,0.020396951379629,0.291248302261545,0.000747309050733961,41.955
"100835",0.0469311673903153,0,0.35346575166839,0.318933163153549,0.0448405315050172,0.320919132895945,0.0418615115578703,41.955
"100836",0.0422954396618629,0,0.337945526471053,0.305138388575575,0.0424273315955767,0.312278118771252,0.0362692621574463,41.955
"100837",0.0839973351179343,0.0182000091577014,0.394921635285049,0.359295786040922,0.0822004713541639,0.362971611421484,0.0532149922423503,41.955
"100838",0.152360900378848,0.0880204052935263,0.490882888093781,0.450396367482122,0.151048385842349,0.457312467372444,0.0956951092461495,41.955
"100839",0.202542547052244,0.152371325591067,0.549637113503809,0.507882855645329,0.204170379431305,0.523445566757096,0.108682649414425,41.955
"100840",0.154030678042912,0.0983534139161497,0.487894111664539,0.449042202460412,0.15481254158595,0.461281966908946,0.117091490561214,41.955
"100841",0.0196875524715687,0,0.32797631434706,0.293529816103404,0.018278738135412,0.297089564263631,0.0541732971623431,41.955
"100842",0.115021094989602,0.0911153567974817,0.419962299478769,0.385233586643769,0.12314713337938,0.418354371250602,0.0669201849101884,41.955
"100843",0.211647743305037,0.1981791917794,0.549076852619049,0.509287002687987,0.221403078776942,0.551072526427204,0.185596131232392,41.955
"100844",0,0.00597850761504634,0.201918438321014,0.180241953331483,0,0.228006451127581,0.144438992286483,41.955
"100845",0,0.00808949090380313,0.188746318959271,0.16762187909717,0,0.218058865734087,0.113424153422961,41.955
"100846",0.109110318049546,0.153238749580568,0.32428862176848,0.301642256001046,0.129329950436582,0.367310759805967,0.0390942244097879,41.955
"100847",0,0.010842738042772,0.139805213492381,0.12342161013688,0,0.180934334868674,0.0286511017606561,41.955
"100848",0,0,0.0610502193104585,0.0444917856636548,0,0.089689842152471,0.0212659090769833,41.955
"100849",0.0151135823666003,0.0375277621045008,0.227880724543257,0.207194205012574,0.0319247344536789,0.252590551659532,0.0295928516123247,41.955
"100850",0.078896592879523,0.0270667717607224,0.395691664804555,0.359509592860124,0.0761552030246541,0.360459703388732,0.0269998101760168,42.214
"100851",0.110999904103104,0.0657257811782311,0.433926094944672,0.396082892473333,0.109904431412641,0.402542549375423,0.0763203405168572,42.221
"100852",0.119134461362071,0.0732567517519366,0.445113259166514,0.406817574743424,0.117872623606153,0.412878390797103,0.0740223086326573,42.221
"100853",0.123257781305599,0.0827748421767617,0.438972450584016,0.40228384261028,0.123299226595369,0.41112872102158,0.0775566463572364,42.221
"100854",0.106160754025796,0.0713285941589462,0.402945090168717,0.369301263959296,0.107664297940702,0.380732671982854,0.0699523701402991,42.221
"100855",0.0767224382274817,0.0525487830299052,0.34221227205298,0.313916600583056,0.0810386470788818,0.33028959526233,0.0310909726021372,42.221
"100856",0.0466723557623919,0.00683647322665123,0.32399983703675,0.294571390760155,0.0469670114826085,0.299516521713087,0,42.221
"100857",0.0560474449911544,0.013646304028796,0.345474256590788,0.31368270110153,0.0556425886207358,0.318276707768853,0.0216462502689909,42.221
"100858",0.0575564186301206,0,0.390293400704787,0.3516528457345,0.0508866487517442,0.343371486371692,0.065539245568309,42.221
"100859",0.0120897265409482,0,0.332970261789139,0.296792812961091,0.00579959730883518,0.288372547053888,0.0479858583571399,42.221
"100860",0,0,0.308287784763983,0.274254212629747,0,0.263710731634657,0,42.221
"100861",0.0393559185954907,0.00477430650716267,0.318450884770249,0.288304959380731,0.0408276430138621,0.297588569680903,0.0289020124517235,42.221
"100862",0.099544542359954,0.0571571328691439,0.407979626036489,0.372533811854637,0.0990042876194972,0.37957608691228,0.0685431432587739,42.221
"100863",0.133879315464859,0.0848896264287399,0.467238476756405,0.427601424602512,0.13155431076243,0.43134320305549,0.0868336387815451,42.221
"100864",0.118839596540899,0.0795195740325039,0.429421455884581,0.393986429786618,0.11908192285226,0.403080086929667,0.0507839613441604,42.221
"100865",0.18656896901891,0.153120771263234,0.53868936909361,0.496670519215487,0.188385862210605,0.512997481174161,0.126125065647492,42.221
"100866",0,0,0.238241383928731,0.210847473018056,0,0.225957849399785,0.0286212599089911,42.221
"100867",0.0656228101066411,0.0266859429937143,0.391302143015306,0.353482806948886,0.0666758338538582,0.366805757134092,0.0958209692946641,42.221
"100868",0.135497928111529,0.125784476701035,0.44449796987467,0.408957993178048,0.143689623369682,0.442790835010099,0.154538993154725,42.221
"100869",0.0618534249123711,0.0610379997717813,0.337701881756765,0.307511897493732,0.0729525554782633,0.345311332122767,0.134308221739854,42.221
"100870",0.131622394933578,0.154246776492047,0.390009904212948,0.361864025215388,0.147325103235188,0.415451435309394,0.136124056867386,42.221
"100871",0.0172801447128222,0.0547161572593935,0.218760934745223,0.199008401511379,0.0374405755623704,0.254877476734056,0.0708501630864086,42.221
"100872",0,0,0.131270491325504,0.112390726737427,0,0.161007072197046,0.0265553072904252,42.221
"100873",0,0,0.181334717547632,0.159659366239597,0,0.203683555791408,0.0138851365004643,42.221
"100874",0,0,0.193205694129209,0.172802438868445,0,0.212810037683238,0.0277979188923302,42.193
"100875",0.0638580587586871,0.024143176071584,0.355312590014297,0.322640552034088,0.0639757264602586,0.329975311867098,0.0622453479728144,42.461
"100876",0.0905361585902648,0.0500779723434089,0.391617078589741,0.357210385075316,0.0904852784896668,0.365012425911355,0.0823490180917888,42.487
"100877",0.14291897303469,0.0930603004587642,0.479062412201786,0.438754014347659,0.140379595298008,0.441727668472196,0.106814681849192,42.487
"100878",0.0851006267989669,0.0366349976929424,0.389547778449865,0.354837772356812,0.0830972262776759,0.356643222704448,0.0542864355820288,42.487
"100879",0.0437096174926609,0,0.33512626368497,0.303262241526647,0.0411687243463591,0.301524151529959,0.00818206093800423,42.487
"100880",0.0747687517211233,0.0163752343069671,0.390838598750999,0.354340827905353,0.0702008488433146,0.349671713985066,0.0449573361383078,42.487
"100881",0,0,0.293477229541242,0.261163589391024,0,0.252913207961816,0,42.487
"100882",0,0,0.281785958413391,0.248188724042959,0,0.235145593289126,0,42.487
"100883",0,0,0.312990595477129,0.27625921626932,0,0.265199831537879,0.0543941064132058,42.487
"100884",0.0513367690092973,0.000999544747989227,0.36029111885314,0.325226060292196,0.0485757516092383,0.325879927366952,0.0601721542580118,42.487
"100885",0.0751978308427494,0.0362386870345927,0.369863693831278,0.336879866700122,0.0756213712945349,0.345274631107198,0.0538391216503715,42.487
"100886",0.074009602654534,0.0285232359547483,0.373916636056131,0.340250478157867,0.0726510719914222,0.343994447339309,0.0387269046536825,42.487
"100887",0.09267832201305,0.0672454516306726,0.370507066948534,0.339908021549701,0.0964173992421451,0.356692260458642,0.0596703529035903,42.487
"100888",0.0950903739642544,0.0635870991187047,0.38404213466389,0.351921861475463,0.097337581534411,0.365157986354999,0.051875784531442,42.487
"100889",0.109857478252743,0.0681745850498394,0.423332999909184,0.388048488719384,0.109473955554015,0.395488908372455,0.0303420093626346,42.487
"100890",0,0,0.247488806042752,0.218350550243165,0,0.226441349319416,0.0359102011656858,42.487
"100891",0.0684480714860165,0.0311347352308898,0.38373220910438,0.347425638241088,0.0697046384133571,0.36044459076043,0.115393067711841,42.487
"100892",0.165362619977692,0.157102455491881,0.487309230331959,0.449714099258187,0.173756649776671,0.485289844181033,0.149876587743517,42.487
"100893",0.175790098144092,0.160990198817807,0.529632858940553,0.486960446369689,0.183187931822792,0.521514065279361,0.169570680402407,42.487
"100894",0.139587871441993,0.138105143998472,0.438442441134327,0.404678559098091,0.149917357036339,0.44379791272842,0.197752096139874,42.487
"100895",0.0207819097977249,0.0367435308994433,0.251074968050504,0.227822868140315,0.0359136397462013,0.271228777471653,0.104034089411479,42.487
"100896",0.0149826542427337,0.0505661587281062,0.223659383738379,0.202575716861411,0.0346360383558309,0.258211639327311,0.00836420757950473,42.487
"100897",0.171644458223314,0.188065300411261,0.473647772727685,0.438633809542352,0.186247506976837,0.492640860175301,0.0385918480238086,42.487
"100898",0.0171728823199258,0.027400085333924,0.255552950474753,0.231941019677428,0.0311139880283277,0.271559553551118,0.00411363261107326,42.515
"100899",0.0639848178436936,0.00523539183404242,0.380503021747129,0.343572947188277,0.0586737911138889,0.33851397371761,0.0831454670899463,42.736
"100900",0.103652072960173,0.0446221901719545,0.431809862831929,0.392777059838644,0.0985843204578475,0.388698001299889,0.0904422105459673,42.751
"100901",0.075939462745164,0.0163811956148158,0.392022711477027,0.355257482291262,0.0709213597379119,0.349668918655689,0.0588816598080237,42.751
"100902",0,0,0.266823071438327,0.237506346367656,0,0.23167993314116,0,42.751
"100903",0.0402622713083007,0,0.339819779857071,0.306368090781969,0.0362609769830144,0.301541207216964,0.0193761591624217,42.751
"100904",0,0,0.264089000609153,0.235305247367084,0,0.230741428320769,0,42.751
"100905",0,0,0.220259960231069,0.191219446080636,0,0.184063640377636,0,42.751
"100906",0.0196222140557801,0,0.364232691458315,0.323850021181446,0.00911759632860467,0.307490396663701,0.0601918895096505,42.751
"100907",0.0772586301625721,0.00465534242263618,0.427940420884617,0.385903758974285,0.0686485789657157,0.374195270419491,0.0570890142586707,42.751
"100908",0.0881239964641756,0.0321453778294028,0.411791743327663,0.37439339301455,0.0841744744405206,0.372681251008063,0.043855598991763,42.751
"100909",0.084913386502906,0.0472482968313072,0.374541572944925,0.342662473086614,0.0856571081636623,0.351257916024135,0.0342384470358163,42.751
"100910",0.117183249790315,0.0813660909391154,0.419919385037447,0.385336585709903,0.118227430035334,0.396327273591674,0.0737625549979203,42.751
"100911",0.0552148404966661,0.0224459426683223,0.327138211725439,0.298434248355998,0.057195276213134,0.308558960475775,0.0103011722835851,42.751
"100912",0.0327306405131554,0,0.304196568660777,0.276395113899718,0.0340398141693373,0.283661972477271,0,42.751
"100913",0.0914772888720786,0.0442981091586313,0.409333272283922,0.373102189436598,0.0892732177939355,0.377022698672022,0.0311298067989128,42.751
"100914",0.0969742479303102,0.0689333688577355,0.402125827822601,0.367101792110657,0.100308146829456,0.385852505028355,0.106285996192149,42.751
"100915",0.21373035144024,0.190033124574073,0.574224029723112,0.542551780918792,0.218013993474102,0.570506679953552,0.129525487088561,42.751
"100916",0.151771586601215,0.106071722865499,0.531661364195522,0.484312448748708,0.151287071678733,0.497818276611143,0.145253586482932,42.751
"100917",0.342057022145916,0.358812974768904,0.574224029723112,0.57627022142075,0.35507176363698,0.585305434923773,0.168337728831567,42.751
"100918",0.00730608276782973,0,0.283768117986371,0.254071175183106,0.016796481098533,0.283982298752845,0.116702367460423,42.751
"100919",0,0,0.23397020481463,0.207878543609428,0,0.240841565782496,0.051876295363753,42.751
"100920",0.0725799111574484,0.0606660822172234,0.360741092077898,0.328825359971543,0.080635086555993,0.359139692667824,0.0405346157803904,42.751
"100921",0.137456871373265,0.134749815672175,0.425732868608344,0.394412903922358,0.14741794694397,0.430626113473574,0.0186686589179165,42.745
"100923",0.00650997557476322,0,0.279815906340125,0.250935115791549,0.00516017262360697,0.250910787121137,0.0142200337304449,43.015
"100924",0.00444890549682385,0,0.282163902879624,0.252676027688758,0.00238823989720145,0.250586606009899,0.00341185274465757,43.015
"100925",0,0,0.290303058719536,0.258946351521883,0,0.251401934550216,0,43.015
"100926",0.00839522747809253,0,0.294212672229881,0.26401814014248,0.00437273260889691,0.256396590232617,0,43.015
"100927",0,0,0.273075325240694,0.244019076462337,0,0.239131644125919,0,43.015
"100928",0,0,0.288187948535221,0.255308215125783,0,0.244195008716667,0,43.015
"100929",0.0187438105321826,0,0.362073717221551,0.321991587783979,0.00891150973533889,0.306786889709114,0.0383680039187835,43.015
"100930",0.0153323326129886,0,0.355611180078855,0.316413244026978,0.00488343067566805,0.299454136056634,0.00149929759239064,43.015
"100931",0.0756985336378367,0.000890516672968233,0.426470651146922,0.384573471068001,0.0664324347588099,0.370966945257964,0.0366149838704368,43.015
"100932",0.097350481926931,0.0233429549756691,0.450278514828454,0.407650508198026,0.0883588630676745,0.394926446121561,0.0494154416381507,43.015
"100933",0.118232877526157,0.0654254216500102,0.446754272608819,0.407961422771342,0.114885983039056,0.408554893691028,0.0747859421291917,43.015
"100934",0.117425586107427,0.0584710129394964,0.454062990488262,0.414103051612031,0.11244903957721,0.410743047848956,0.0652421602995351,43.015
"100935",0.102639904323514,0.0520097505094269,0.424433780211924,0.38702551224582,0.0998983418721716,0.388899687064298,0.067693008494538,43.015
"100936",0.0563881772457081,0.030630965231703,0.3328922862318,0.302644387534884,0.0601726334069875,0.319130971609169,0.081355642073825,43.015
"100937",0.0936404378035581,0.04871511030401,0.4201991396064,0.381749137019583,0.0927107234015566,0.389653220532833,0.106757741241824,43.015
"100938",0.297831022182379,0.246374281862818,0.574224029723112,0.57627022142075,0.294608946321916,0.585305434923773,0.194914514397415,43.015
"100939",0.171437972818225,0.0983692171619102,0.574224029723112,0.543170061368982,0.163554933654955,0.53876196603369,0.142476825246319,43.015
"100940",0.205716390675187,0.193468551260975,0.556600294959998,0.514179241762726,0.213030660406374,0.548025675188365,0.118683194273049,43.015
"100941",0.0487801526891173,0.0328657867826825,0.33102138475706,0.299972945356996,0.0556430299391333,0.326020411571618,0.120772884117386,43.015
"100942",0.0318438754395237,0.00515450290824658,0.324152334307402,0.292049518052731,0.035933345338865,0.309739512092971,0.101665002032067,43.015
"100943",0.0397929177941853,0.030486558840542,0.310007667090831,0.2811472138364,0.0485808668005133,0.31047356333971,0.0676288368039283,43.015
"100944",0.0364735387880343,0.00361761646609276,0.342221036304659,0.308504370814044,0.039222222974051,0.323384633800389,0.0751745967251499,43.019
"100945",0,0,0.187249412144085,0.164561274778079,0,0.161964011953696,0,43.232
"100946",0,0,0.253249440383863,0.225427831072196,0,0.222979122519622,0,43.258
"100947",0.00996166327753961,0,0.293732748222047,0.262802831858715,0.0067230646995606,0.25918926373654,0.0270130834637295,43.258
"100948",0.0109953424355012,0,0.315373655706275,0.281200966915291,0.00359854593697798,0.268911506342545,0.00715177422100642,43.236
"100949",0.0178156902887081,0,0.315909662052622,0.282980652832813,0.0132824506910724,0.277297213822502,0.026097655592797,43.214
"100950",0.0276833568081471,0,0.344179912598817,0.308369360871577,0.0203092523252584,0.297078132676469,0.0223230589674755,43.259
"100951",0.0594439580413184,0,0.40116974564149,0.360527554156939,0.0502374968723786,0.34685959229417,0.0537107769393784,43.277
"100952",0.0879455871193797,0.0125665637108367,0.443375861907322,0.400168456568308,0.0785177906495408,0.386782380857468,0.0647695404856313,43.277
"100953",0.100747112796748,0.0294391547748571,0.454487048134938,0.411702035399985,0.0926028118084846,0.40123876699535,0.0568791049522493,43.277
"100954",0.162510986484235,0.0975899483285206,0.53491085417005,0.488575640035449,0.155967425024116,0.483089438437671,0.0932173557138994,43.277
"100955",0.209763453884601,0.142089497185818,0.574224029723112,0.55642219544631,0.202117541194595,0.548684763916725,0.0997571970574524,43.277
"100956",0.263661984332505,0.201159211452188,0.574224029723112,0.57627022142075,0.257014423078894,0.585305434923773,0.141397219668496,43.277
"100957",0.20807273475506,0.150811565435801,0.574224029723112,0.546901634971084,0.203280016480298,0.546785602643465,0.133382026804424,43.277
"100958",0.136943715512661,0.0913238207506533,0.47368925691605,0.43339379143826,0.135605634304722,0.440406462576389,0.120501398420149,43.277
"100959",0.0983758065994635,0.0360752931990147,0.458355033924293,0.414326342078438,0.0930839443273082,0.412667599641808,0.133178289272586,43.277
"100960",0.255421101738204,0.205007696078355,0.574224029723112,0.57627022142075,0.253161891250824,0.585305434923773,0.208140110308818,43.277
"100961",0.11271734109008,0.0437360078653057,0.489452557098635,0.443398498005394,0.105643561857954,0.437859895681449,0.0751235260453877,43.277
"100962",0.167147821549296,0.133971041359391,0.516705301571536,0.474859255120889,0.169289303157308,0.492735171904096,0.0755799448047622,43.277
"100963",0.129467684934037,0.105675271810489,0.444422461861677,0.408172121678944,0.13403935406742,0.430836456717899,0.125688576519445,43.277
"100964",0.0924423982001522,0.0479728931225399,0.424192663778126,0.386447734386357,0.0920679382934968,0.395302888676362,0.120437152625137,43.277
"100965",0.0396700746972982,0.0260187568760573,0.312180021204465,0.282911494266153,0.0471049990596086,0.308934590563841,0.0755432779685036,43.277
"100966",0,0,0.232019034103805,0.203059118764531,0,0.222581176323269,0.066358027609279,43.277
"100967",0.107054187782467,0.08033509387491,0.416264723568261,0.380744530264749,0.111111544914256,0.401136756469568,0.075633131658781,43.3
"100968",0.0493732161839281,0,0.359180066922791,0.32425293371255,0.0435696483945525,0.316663832342271,0.0262614427590159,43.489
"100969",0.184064850645689,0.111724247593498,0.574224029723112,0.525911699422178,0.175290689339069,0.515508796296488,0.123544435695149,43.538
"100970",0.265335403776042,0.183587395210535,0.574224029723112,0.57627022142075,0.253567815290734,0.585305434923773,0.143811171211969,43.538
"100971",0.179176983476898,0.105983158017525,0.561700878989924,0.514055892719509,0.170255110472258,0.501929128944028,0.0637947370735524,43.538
"100972",0.264576120067061,0.196854322648871,0.574224029723112,0.57627022142075,0.256464821987743,0.585305434923773,0.112595921241793,43.538
"100973",0.295033231956431,0.259474535917984,0.574224029723112,0.57627022142075,0.294962668087903,0.585305434923773,0.155599655292625,43.538
"100974",0.244757405874016,0.184565872413941,0.574224029723112,0.57627022142075,0.238961365466448,0.585305434923773,0.133417807347507,43.538
"100975",0.18824773274799,0.124990013959348,0.574224029723112,0.530636566818128,0.182165863701868,0.528091150344851,0.13962713717366,43.538
"100976",0.0791450261047671,0.0229371354331505,0.420228761878391,0.37916841033822,0.0751246508091143,0.380486349188342,0.147269640623861,43.538
"100977",0.249413569636003,0.200692633406287,0.574224029723112,0.57627022142075,0.247746360625913,0.585305434923773,0.226034944883652,43.538
"100978",0.202577187429162,0.171860068049955,0.5729130524267,0.527757788464924,0.205172167625543,0.548459533223905,0.131837113547944,43.538
"100979",0.150164774465532,0.106621082629472,0.505429877898879,0.463280209246658,0.149620177089163,0.473938364936424,0.0551123868979965,43.538
"100980",0.125077457689494,0.0879727954662992,0.459639692957125,0.420295374506497,0.126394398982248,0.434757219176597,0.11268045823788,43.538
"100981",0.199292404365915,0.14629652784618,0.574224029723112,0.545984385127233,0.196303704085622,0.551644615415887,0.155588027689803,43.538
"100982",0.0552987049003525,0.0250042223700678,0.359470041983634,0.32521328138614,0.0585822474174222,0.342543090464157,0.064264258084624,43.538
"100983",0,0,0.272439942872063,0.242239981515121,0,0.26107137833684,0.0630168100743064,43.538
"100984",0.0810362196579535,0.0498220770315486,0.389027059255452,0.353705113139174,0.0840371392424952,0.370773226350996,0.0771217162097296,43.538
"100985",0.141640159228665,0.0753016855415287,0.494911441429558,0.451654151682716,0.134412249454652,0.443308878219004,0.0929101132715236,43.797
"100986",0.233143706833712,0.17645094652204,0.574224029723112,0.57627022142075,0.228146813186844,0.575435109621691,0.149122691545577,43.798
"100987",0.149564025462974,0.0779910996773205,0.505176951206972,0.462597420982258,0.141118419786625,0.449943414220685,0.0364824324342011,43.798
"100988",0.232708689240891,0.170865113138925,0.574224029723112,0.576173075849383,0.226348264076163,0.570761181114203,0.0783582421967397,43.798
"100989",0.238727725184158,0.182472781784965,0.574224029723112,0.57627022142075,0.233821669835699,0.583379476854267,0.111852721444197,43.798
"100990",0.210925895405755,0.1325153640962,0.574224029723112,0.575458672665969,0.200460261616924,0.562540135018899,0.107625588510427,43.798
"100991",0.262486173434171,0.194865741635822,0.574224029723112,0.57627022142075,0.254783104961059,0.585305434923773,0.158847925576205,43.798
"100992",0.096693825415114,0.0223014171588681,0.470515337404761,0.423571352790144,0.0878692129725856,0.414304173923344,0.0960017812955194,43.798
"100993",0.175637737314301,0.0850651282642577,0.574224029723112,0.57627022142075,0.163894727473492,0.584900783341829,0.137689621993648,43.798
"100994",0.145533530440292,0.0526742396866675,0.574224029723112,0.51907605300732,0.132124153819535,0.499552573155004,0.0994835568384606,43.798
"100995",0.0772712023382028,0,0.480798127047182,0.431029240565167,0.0615948156573998,0.405203411309984,0.0574036942634982,43.798
"100996",0.0987180451524648,0.026057445510404,0.477074714281107,0.430598149948152,0.0906495733754245,0.42250008076302,0.126322186350049,43.798
"100997",0.243352728357299,0.164525863303461,0.574224029723112,0.57627022142075,0.233152902315522,0.585305434923773,0.176031595947687,43.798
"100998",0.172736845562186,0.0884553909378386,0.574224029723112,0.557525976086653,0.16180899185582,0.545930518565218,0.139042108083603,43.798
"100999",0.0430979632788016,0,0.390157850594602,0.349145752227638,0.0376983504504073,0.345952098402614,0.091230565309729,43.798
"101000",0.0550169294920184,0.00442757061432096,0.386614959769979,0.347933176109472,0.0529424131808457,0.351982619329552,0.0929840083734909,43.798
"101001",0,0,0.232112966336259,0.201150217365467,0,0.210838791890972,0.0581265844851985,43.816
"101002",0,0,0.306320403136075,0.270723587411935,0,0.27178516561874,0.0554902792004576,43.84
"101003",0.0299584856173293,0,0.328615510560282,0.296082684625299,0.0225868522044463,0.283511020509879,0,44.058
"101004",0.120267183682847,0.0566630232487336,0.45667891029737,0.416355843874277,0.113787549890415,0.409028690503848,0.0780642103689121,44.057
"101005",0.168769518640434,0.108823512087468,0.523333809019994,0.48002191352228,0.163190604042286,0.475620411757719,0.0891487957460042,44.057
"101006",0.209840125339091,0.152140632049446,0.574224029723112,0.535980237593298,0.204652867530227,0.533042619772498,0.0798636857084547,44.057
"101007",0.166787952377332,0.11008701611808,0.515636746298571,0.473772975370249,0.162152376612435,0.471670458314305,0.0758238103791549,44.057
"101008",0.227587316105227,0.164021694490326,0.574224029723112,0.57627022142075,0.220947783504111,0.581301297917317,0.153772838668062,44.057
"101009",0.372278707801064,0.331815450869269,0.574224029723112,0.57627022142075,0.370656032593927,0.585305434923773,0.215850515255947,44.057
"101010",0.105763209472876,0.0250380253086905,0.490479935537389,0.441548438205354,0.0950745659955274,0.428724996668409,0.0820082779772712,44.057
"101011",0.113841930346512,0.0143407735494459,0.552209957885099,0.493865250241089,0.0980405820729173,0.4730531350332,0.0985145295596414,44.057
"101012",0.0408103153480306,0,0.422261839250205,0.375474987216517,0.0259934435254435,0.349814360752089,0.0533171382791789,44.057
"101013",0,0,0.236282120076087,0.198171201185249,0,0.172540014578833,0.0467356230426329,44.057
"101014",0,0,0.368308852622384,0.323285786972172,0,0.301872431371428,0.109266076203521,44.057
"101015",0.357946606343203,0.295271897999045,0.574224029723112,0.57627022142075,0.351391340521284,0.585305434923773,0.204307122989704,44.057
"101016",0.288043105053956,0.208956082043715,0.574224029723112,0.57627022142075,0.277664503113634,0.585305434923773,0.172216356568332,44.057
"101017",0.0141369123949934,0,0.361184642930055,0.320511224579983,0.00840839417840815,0.315895197715188,0.0885696213925771,44.057
"101018",0.0534641589770532,0.00655612245795882,0.380113142662443,0.342324546091113,0.0525137335232886,0.348737005144866,0.0947300061342269,44.057
"101019",0,0,0.273803550288165,0.240462354239573,0,0.248500353801427,0.0741250946425617,44.057
"101020",0,0,0.298330702059678,0.263705309462415,0,0.26671624145131,0.0750130872660978,44.057
"101021",0.080645327255181,0.0383780197975483,0.405618100400966,0.367788866623405,0.0811421945746132,0.378260458489258,0.0547941271265994,44.063
"101022",0.19566569614447,0.16473423712345,0.558137858124325,0.514188436883814,0.198397418696673,0.534379850889937,0.0769396300280471,44.074
"101023",0.0588457532151928,0,0.365110227925405,0.330344833678561,0.0521862472407518,0.320652084851046,0.0336050411504509,44.28
"101024",0.0894813051777512,0.017781262570655,0.422233125343349,0.382608692333945,0.0806056254938906,0.369126100074297,0.0568834066634482,44.314
"101025",0.156289453792182,0.0895327341221366,0.516631747943095,0.471944461994532,0.148918981193086,0.463623594068366,0.115527858108804,44.314
"101026",0.173683615662534,0.113649985968721,0.532574210382671,0.488391325160589,0.168049137003138,0.484326266972201,0.102874518869759,44.314
"101027",0.148528702994232,0.0824384085107654,0.505381935859206,0.461745039576341,0.141423490621971,0.454238954297336,0.0868540702511938,44.314
"101028",0.129034604068896,0.0567173190253829,0.491304024822888,0.446355636775962,0.120275723753529,0.436162882076185,0.0941114733082366,44.314
"101029",0.197796564012298,0.130473656204625,0.574224029723112,0.546452932794814,0.190394939284027,0.54115693824243,0.126415805840134,44.314
"101030",0.121757045615863,0.027938135976933,0.532426715144453,0.479087018691428,0.107162249869778,0.458636227021371,0.0682238618721202,44.314
"101031",0.209893326214362,0.109959295665429,0.574224029723112,0.57627022142075,0.193387577649871,0.585305434923773,0.113936703197908,44.314
"101032",0,0,0.295181962145088,0.254806914771011,0,0.233699865570458,0.0819701770917643,44.314
"101033",0,0,0.0935207485739337,0.0629318272748815,0,0.0468155188663842,0.0239034069787368,44.314
"101034",0.0252347022892164,0,0.40759447161769,0.360805139018295,0.0119632285693586,0.340859816007012,0.0955931946041974,44.314
"101035",0.169441695200084,0.0982357597558309,0.574224029723112,0.527331840976165,0.162085825811213,0.522218443253779,0.0564934586362781,44.314
"101036",0.349764701554883,0.27600410544,0.574224029723112,0.57627022142075,0.340352639330876,0.585305434923773,0.136265277828466,44.314
"101037",0.125668599404713,0.0592625486606709,0.510307010585441,0.462332481292334,0.119679629503575,0.459665866056295,0.104494858030168,44.314
"101038",0.0714199905827617,0,0.452931543721151,0.405693201607569,0.062318592367524,0.39481395228035,0.072035336512517,44.314
"101039",0.0818041901971985,0.0387907455829794,0.413611325077491,0.375011045523816,0.0824014780168156,0.3856762367263,0.116370615637555,44.314
"101040",0,0,0.29255516819252,0.258743166424979,0,0.263926928294035,0.0721416655587178,44.314
"101041",0.0907667671239662,0.0546376861486032,0.407550776535254,0.370959378494304,0.0927890722555472,0.385035416272018,0.0708721453170498,44.314
"101042",0.166253512594593,0.136825448870514,0.513882085943106,0.472463343033857,0.169435725796549,0.493508204282667,0.0612892886826663,44.321
"101043",0.236853592179282,0.220722116675464,0.574224029723112,0.549302482454553,0.242604674310069,0.57730783647448,0.0322412704890714,44.336
"101044",0.228246869595429,0.220251205760888,0.560063686497401,0.520647223295999,0.235575845345209,0.553099302446002,0.00793366872663465,44.338
"101045",0.101932913789061,0.0276279655599519,0.444369777502173,0.402751744831329,0.0923611470474948,0.388236622686733,0.0801855039312337,44.546
"101046",0.10254234988776,0.0232049183617286,0.453675277670072,0.410609785777068,0.0915765723542635,0.393206547568455,0.0765513652016717,44.571
"101047",0.164362261058249,0.0920300513265218,0.539002104814225,0.491750172917246,0.15547344108778,0.480529738779231,0.138596226862097,44.571
"101048",0.14315209040876,0.0763453647036675,0.497939799260502,0.454753122880789,0.135959546722369,0.44651411574321,0.0783733361520981,44.571
"101049",0.143335058569357,0.0822329772448711,0.493866345850905,0.451499015541996,0.137757566101641,0.447565841363463,0.0795903657598035,44.571
"101050",0.106970659421161,0.0487574095186537,0.435081459174834,0.397119183313835,0.102319879287504,0.394063540433413,0.0370911128402818,44.571
"101051",0.124939965404242,0.0309006219029189,0.539208174359353,0.48539883850703,0.110221467562183,0.464810669899525,0.0694029861795491,44.571
"101052",0.263485855907074,0.181660465922567,0.574224029723112,0.57627022142075,0.251777244846426,0.585305434923773,0.122124570167964,44.571
"101053",0.197116712400342,0.108380381310978,0.574224029723112,0.57627022142075,0.18441936909714,0.576885852287872,0.131039732456192,44.571
"101054",0.164661151556152,0.0736781008044543,0.574224029723112,0.53706349857039,0.151652567314155,0.516802258089175,0.0385353955199407,44.571
"101055",0.136916219828748,0.0356130781849824,0.57402177146003,0.517595247930062,0.120858492718889,0.492161820487535,0.0638134362135762,44.571
"101056",0.139367641839525,0.0638843904042617,0.537098300528914,0.486582376971817,0.130483372762674,0.477573244301437,0.046774540306511,44.571
"101057",0.143486705137825,0.0603330416750691,0.566861844854765,0.512008623075044,0.132894797114182,0.499977155312728,0.106676159206128,44.571
"101058",0.230501369861223,0.161931299814007,0.574224029723112,0.57627022142075,0.223671101910429,0.585305434923773,0.169896593941894,44.571
"101059",0.155626624961929,0.0883730897218662,0.551992003105107,0.501940638600533,0.149401693454934,0.498742989875439,0.127408635352347,44.571
"101060",0.176424638551679,0.116008806034858,0.574224029723112,0.525551117024063,0.172113220222394,0.527257218916369,0.144414723997428,44.571
"101061",0.0995537762673573,0.0458982528553266,0.448135058381247,0.406527284116414,0.0971028802206017,0.410145698217693,0.113396459799682,44.571
"101062",0.0924630579111877,0.0502031123431962,0.417492031218924,0.379586995720067,0.0928021201852142,0.389572928424436,0.0869638770994625,44.571
"101063",0.0373664852764864,0.0124801625089288,0.322118266608817,0.290925986983712,0.0418490740955297,0.309162235615985,0.0480145733069981,44.571
"101064",0.223075969137935,0.201161138113124,0.574224029723112,0.541122619118197,0.227689933490138,0.566435798731555,0.056220769110838,44.575
"101065",0.20075227430854,0.180198954981885,0.536520327685161,0.496589186857304,0.205469850535267,0.520763383772345,0.0266400276900587,44.576
"101066",0.235696312076609,0.228535517953685,0.560277999714143,0.522076990969639,0.243020340511646,0.553043071675099,0.0358127383813084,44.579
"101067",0.279750579147895,0.261890129815558,0.574224029723112,0.57627022142075,0.283973727245458,0.585305434923773,0.0678310899621267,44.605
"101068",0.09059192814941,0.00662828355713888,0.441145163278596,0.398360170081686,0.0781412436570419,0.377263193960192,0.0565090331441009,44.787
"101069",0.0747368020236696,0,0.423503729072431,0.381261686413274,0.0616595295966715,0.358748823377889,0.0446981045951593,44.826
"101070",0.0901764206655599,0.00749629265979305,0.441873560434535,0.399379862097628,0.0783556079270875,0.3795851430824,0.0399984620566004,44.826
"101071",0.128575210552437,0.0660527309366744,0.467037890586113,0.427082978850799,0.122624209930735,0.420798004152549,0.0525361862916018,44.826
"101072",0.107507827373873,0.0571000283246529,0.418083333434971,0.383301173946183,0.104903389668627,0.384039302176808,0.0246880533170206,44.826
"101073",0.171254853036613,0.0918108585723941,0.574224029723112,0.527691534044591,0.160631052097912,0.516049613112854,0.120721473258864,44.826
"101074",0.109153534349468,0.0219498425433062,0.507946574763658,0.456498676894225,0.0961120225983604,0.440778261980907,0.10014613961574,44.826
"101075",0.209236038728513,0.125445022161626,0.574224029723112,0.57627022142075,0.197375216697797,0.5827593773892,0.116813922024839,44.826
"101076",0.232575624096302,0.129672314622582,0.574224029723112,0.57627022142075,0.215994208604759,0.585305434923773,0.101442437789447,44.826
"101077",0.105967880443274,0,0.547532361391794,0.490309418634392,0.0854982213886128,0.454808037698776,0.0167869054233622,44.826
"101078",0.218927909991056,0.114273475957807,0.574224029723112,0.57627022142075,0.201549630872568,0.585305434923773,0.0648236519001254,44.826
"101079",0.205662829719246,0.099821548857416,0.574224029723112,0.57627022142075,0.188525050639416,0.585305434923773,0.117865163744411,44.826
"101080",0.181328073368023,0.086791155547003,0.574224029723112,0.56895323557706,0.167300042753564,0.548570963052697,0.11506342109547,44.826
"101081",0.346379582429846,0.280279073897349,0.574224029723112,0.57627022142075,0.339259172043254,0.585305434923773,0.231118148337645,44.826
"101082",0.248510060954148,0.186908719746504,0.574224029723112,0.57627022142075,0.243237288861958,0.585305434923773,0.178873088712536,44.826
"101083",0.121666343042982,0.0586459895537646,0.483956873287836,0.439745810799199,0.116383759971754,0.43670724303175,0.0874211680172219,44.826
"101084",0.120037381233838,0.0647374393150613,0.471826048319307,0.429272170420386,0.116763153028931,0.431283143231174,0.0963410582774055,44.826
"101085",0.0943062082713904,0.0405549217816619,0.434853627657009,0.39428940391316,0.0913569737566983,0.396801011503227,0.0693570723472196,44.826
"101086",0.230597793788589,0.196457279977322,0.574224029723112,0.576094617870268,0.2324612981806,0.585305434923773,0.0962674773612965,44.826
"101087",0.223907880673788,0.195172356834077,0.574224029723112,0.545310690276359,0.226630794294077,0.565384025169117,0.0480232250754874,44.826
"101088",0.237482333867658,0.209449623524811,0.574224029723112,0.553654454725516,0.239896293575425,0.572009935310581,0.054553695784343,44.826
"101089",0.269739579807274,0.250312768056104,0.574224029723112,0.57627022142075,0.273716579269144,0.585305434923773,0.0928050688425575,44.826
"101090",0.295134450271101,0.276814703479079,0.574224029723112,0.57627022142075,0.298992901428523,0.585305434923773,0.116559190495723,44.827
"101091",0.199609241151078,0.0882267201699427,0.574224029723112,0.57627022142075,0.180731902385533,0.585305434923773,0.130081320565838,45.076
"101092",0.201664440801624,0.113437989893931,0.574224029723112,0.57627022142075,0.1890339615984,0.56391592800991,0.0826203477919017,45.081
"101093",0.261848421877907,0.176473422327921,0.574224029723112,0.57627022142075,0.249847498516619,0.585305434923773,0.111573548355408,45.081
"101094",0.359399309913873,0.294711510687358,0.574224029723112,0.57627022142075,0.352540664941947,0.585305434923773,0.247410697451914,45.081
"101095",0.209059253277808,0.14732185947282,0.574224029723112,0.560996390827054,0.203727424549736,0.559511395856538,0.150675935242512,45.081
"101096",0.177707144566686,0.117792305299421,0.559729639595477,0.511828425454309,0.172888138222328,0.511060574431382,0.125137435769418,45.081
"101097",0.163885776180366,0.105822011157876,0.538704836197331,0.492059590196862,0.159619668022937,0.49273307904286,0.102196818925868,45.081
"101098",0.222430176380387,0.181179751566856,0.574224029723112,0.562072739855867,0.222241111554388,0.574926763429365,0.119956170214855,45.081
"101099",0.244503092620189,0.211948029795364,0.574224029723112,0.57627022142075,0.245951578184288,0.585305434923773,0.0845141002332045,45.081
"101100",0.228877708613741,0.19053260365827,0.574224029723112,0.551022068359642,0.228721275035967,0.56225883147305,0.0777969573404802,45.081
"101101",0.211938171350163,0.177773980294553,0.554565619242197,0.513155365973339,0.21269944433956,0.525560954780063,0.0965712588771818,45.081
"101102",0.200851155523894,0.165273223898107,0.532135843351464,0.492377120463788,0.200880463192832,0.502944867988575,0.108125560357005,45.065
"101103",0.316804999864453,0.244116893884516,0.574224029723112,0.57627022142075,0.307490120831654,0.585305434923773,0.144268326719218,45.326
"101104",0.21090101488982,0.126734301301586,0.574224029723112,0.57627022142075,0.1995553767747,0.574278335841861,0.13408165774646,45.334
"101105",0.168411095465158,0.0966802280462015,0.560330670178013,0.510473572838888,0.160628729954052,0.501896661826857,0.125801367477384,45.334
"101106",0.239993674043253,0.188251231111515,0.574224029723112,0.57627022142075,0.236914959481039,0.585305434923773,0.169904626995352,45.334
"101107",0.225015093873169,0.172961478283626,0.574224029723112,0.572533907127581,0.221951703532264,0.577131713690631,0.145986574284899,45.334
"101108",0.218624755490142,0.163094021912659,0.574224029723112,0.567970162764935,0.214670586039391,0.57052422958198,0.126636789377956,45.334
"101109",0.240734983044086,0.19263649075143,0.574224029723112,0.57627022142075,0.23825661629675,0.585305434923773,0.113477713733598,45.334
"101110",0.237123359896835,0.196436137599212,0.574224029723112,0.56501555526063,0.236270053701513,0.574523556051591,0.102054830203981,45.334
"101111",0.189256109290904,0.144872119767471,0.534082127500032,0.492190187700625,0.187573718991889,0.497982489089597,0.097109639963304,45.334
"101112",0.251753202314327,0.186424506725042,0.574224029723112,0.57627022142075,0.244751375650331,0.585305434923773,0.113542722244395,45.563
"101113",0.198494748836454,0.119250273301607,0.574224029723112,0.560318137069325,0.188383292470643,0.546791499979089,0.13042181846766,45.586
"101114",0.131663116438727,0.045011449734157,0.523585986102955,0.473615840022691,0.119838744378669,0.45479510286122,0.0954145510890599,45.586
"101115",0.243118819815503,0.176188208076131,0.574224029723112,0.57627022142075,0.235887097944212,0.585305434923773,0.14762655134855,45.586
"101116",0.295084404938492,0.241991748353849,0.574224029723112,0.57627022142075,0.291119921205703,0.585305434923773,0.182628860258498,45.586
"101117",0.206655553510395,0.15140979446297,0.574224029723112,0.543681243630189,0.20259403782548,0.545175652203828,0.119107380499276,45.586
"101118",0.211847920976851,0.1536628527256,0.574224029723112,0.552391042906087,0.206863055660918,0.551578404817137,0.113895184410577,45.586
"101119",0.207380500786075,0.147681224801115,0.574224029723112,0.543194328619576,0.201837808130446,0.540566228232075,0.102834138478469,45.586
"101120",0.182621124546076,0.124465018664387,0.544981816127286,0.500039723581654,0.177437775928224,0.497317688810504,0.0926666219655724,45.559
"101121",0.251321173566747,0.181080740470005,0.574224029723112,0.57627022142075,0.24303091024501,0.585305434923773,0.153089016601849,45.824
"101122",0.206004449963549,0.112452833484106,0.574224029723112,0.57627022142075,0.191710837434406,0.563822439212292,0.121474341603851,45.837
"101123",0.218144260469429,0.135500328481189,0.574224029723112,0.57627022142075,0.206692165581175,0.574939539945742,0.109103788242519,45.837
"101124",0.28890847180264,0.217206450604458,0.574224029723112,0.57627022142075,0.279829535264467,0.585305434923773,0.154415544198706,45.837
"101125",0.278932742407428,0.229693770970256,0.574224029723112,0.57627022142075,0.275884292544705,0.585305434923773,0.176815104526726,45.837
"101126",0.212847319384113,0.158312658291783,0.574224029723112,0.547071624850533,0.208737088022937,0.548113928053166,0.124432578538007,45.837
"101127",0.194994677908113,0.129439731479355,0.574224029723112,0.531826601188669,0.187985841193151,0.525459045577298,0.10440675993303,45.837
"101128",0.241525931355654,0.161413526364944,0.574224029723112,0.57627022142075,0.230380599358461,0.585305434923773,0.112166930423378,46.082
"101129",0.23079910634253,0.152607427598022,0.574224029723112,0.57627022142075,0.22029067817546,0.584779339685202,0.10796376195156,46.086
"101130",0.213473848932019,0.134007190363371,0.574224029723112,0.57611122801248,0.20273915336588,0.561174821662939,0.102087672502504,46.086
"101131",0.241355908081656,0.164341027840511,0.574224029723112,0.57627022142075,0.231072708012075,0.585305434923773,0.114526924950535,46.086
"101132",0.248664473880589,0.196901280691756,0.574224029723112,0.57627022142075,0.245030958897328,0.585305434923773,0.148306052272242,46.086
"101133",0.230019358997555,0.200317697244137,0.574224029723112,0.539427073426323,0.232115331202227,0.555595251389401,0.142222729938284,46.086
"101134",0.172431306211432,0.13232488135957,0.505322956416975,0.465648134212076,0.172133775332307,0.47448397890589,0.0862689272460308,46.086
"101135",0.21483622193572,0.132651082456482,0.574224029723112,0.572692003745695,0.203198730624609,0.554329998377657,0.0710266887718495,46.335
"101136",0.201657845648733,0.113416932828359,0.574224029723112,0.563154593916176,0.188423786525442,0.541634246896084,0.0749446210779169,46.335
"101137",0.225283391309831,0.147227673702695,0.574224029723112,0.57627022142075,0.214739558264052,0.577105982136891,0.112272958927701,46.335
"101138",0.221492373819361,0.162044076376823,0.574224029723112,0.564465322061522,0.216008768697388,0.562164224573659,0.126501635184849,46.335
"101139",0.201322805458749,0.161312160954927,0.554458555313699,0.511428021316334,0.201030390296556,0.521327128808698,0.112353070799563,46.335
"101140",0.21337894498244,0.16138428359283,0.574224029723112,0.547679255762252,0.210067712098992,0.550841015569266,0.123053977691207,46.335
"101141",0.198174937156913,0.107388286235219,0.574224029723112,0.553058547176191,0.184159406955108,0.528424689410627,0.0455597067449743,46.58
"101142",0.150795313775319,0.0653186855022098,0.51489182553745,0.47119860974778,0.138471250292996,0.448249267124889,0,46.583
"101143",0.225840898319686,0.15787231527367,0.574224029723112,0.576029618113646,0.217907822605607,0.567329655860029,0.10351687311135,46.583
"101144",0.228550619447338,0.166600335472687,0.574224029723112,0.57627022142075,0.222343269712975,0.573770057012169,0.12472533983611,46.583
"101145",0.196562458572558,0.121523709029518,0.574224029723112,0.552916707010405,0.187325132720126,0.542013935894969,0.103558452681793,46.583
"101146",0.199627200105929,0.131017197457044,0.574224029723112,0.55984728038752,0.19250681341664,0.554867662084959,0.109197962259303,46.583
"101147",0.221653335793288,0.12332209927843,0.574224029723112,0.57627022142075,0.205267617317871,0.572912961650023,0.0817599786254677,46.803
"101148",0.197197642865255,0.101595250378654,0.574224029723112,0.559446416715465,0.181741018371506,0.532340409324858,0.0588737003116606,46.829
"101149",0.223343802103382,0.154233153017265,0.574224029723112,0.571829995975167,0.215059483790845,0.562065438040232,0.100419438135158,46.829
"101150",0.214786649855476,0.166890763805243,0.574224029723112,0.536973744032851,0.212243174975827,0.541177901818531,0.114420824584366,46.829
"101151",0.19378777510086,0.13253953411368,0.574224029723112,0.531999565272544,0.188253105034417,0.529628908417327,0.104227330990377,46.829
"101152",0.20382940807534,0.128112916181162,0.574224029723112,0.575812618557045,0.194827115565129,0.566610277729891,0.106828217276472,46.829
"101153",0.213604304477271,0.128516534144909,0.574224029723112,0.570761498337506,0.200925122421299,0.550034170759161,0.075374280757402,47.061
"101154",0.17090903508706,0.0807251813270563,0.558836773267655,0.510222711324105,0.157110377305319,0.485441880544192,0.0251012724999846,47.074
"101155",0.196596034014499,0.144370626435787,0.555941535483585,0.511885901690422,0.192966271086909,0.51258984243608,0.0875846121708553,47.073
"101156",0.194976827496116,0.117359191229641,0.574224029723112,0.548576738813213,0.184870388435278,0.535072351539214,0.0903325908802837,47.074
"101157",0.196985976103698,0.117611177650037,0.574224029723112,0.554071283913464,0.18646078149025,0.539526703770115,0.0832171197290663,47.07
"101158",0.236388190502689,0.152389463607418,0.574224029723112,0.57627022142075,0.223840816690875,0.585305434923773,0.104858699531077,47.309
