Gridcode,Viola_adunca,Viola_affinis,Viola_bicolor,Viola_brittoniana,Viola_canadensis,Viola_hastata,Viola_hirsutula,Viola_labradorica,Viola_lanceolata,Viola_nephrophylla,Viola_odorata,Viola_pedata,Viola_renifolia,Viola_rostrata,Viola_rotundifolia,Viola_selkirkii,Viola_septemloba,Viola_septentrionalis,Viola_striata,Viola_tricolor,Viola_triloba,Viola_tripartita,Viola_walteri
100001,0.000 ,0.337 ,0.000 ,0.000 ,0.032 ,0.000 ,0.002 ,0.010 ,0.189 ,0.000 ,0.000 ,0.001 ,0.000 ,0.004 ,0.002 ,0.000 ,0.157 ,0.003 ,0.280 ,0.002 ,0.016 ,0.000 ,0.087 
100002,0.000 ,0.331 ,0.000 ,0.000 ,0.022 ,0.000 ,0.001 ,0.006 ,0.156 ,0.000 ,0.000 ,0.000 ,0.000 ,0.002 ,0.001 ,0.000 ,0.133 ,0.002 ,0.192 ,0.002 ,0.011 ,0.000 ,0.058 
100003,0.000 ,0.404 ,0.000 ,0.000 ,0.032 ,0.000 ,0.003 ,0.012 ,0.276 ,0.000 ,0.000 ,0.000 ,0.000 ,0.007 ,0.002 ,0.000 ,0.257 ,0.004 ,0.108 ,0.008 ,0.036 ,0.000 ,0.085 
100004,0.000 ,0.358 ,0.000 ,0.000 ,0.026 ,0.000 ,0.001 ,0.005 ,0.174 ,0.000 ,0.000 ,0.000 ,0.000 ,0.005 ,0.001 ,0.000 ,0.183 ,0.001 ,0.131 ,0.004 ,0.020 ,0.000 ,0.047 
100005,0.000 ,0.305 ,0.000 ,0.000 ,0.011 ,0.000 ,0.000 ,0.002 ,0.184 ,0.000 ,0.000 ,0.000 ,0.000 ,0.002 ,0.001 ,0.000 ,0.129 ,0.000 ,0.033 ,0.002 ,0.007 ,0.000 ,0.008 
100006,0.000 ,0.429 ,0.000 ,0.001 ,0.015 ,0.000 ,0.001 ,0.012 ,0.408 ,0.000 ,0.000 ,0.000 ,0.000 ,0.006 ,0.004 ,0.000 ,0.398 ,0.002 ,0.010 ,0.022 ,0.050 ,0.000 ,0.040 
100007,0.000 ,0.419 ,0.000 ,0.001 ,0.022 ,0.000 ,0.001 ,0.011 ,0.339 ,0.000 ,0.000 ,0.000 ,0.000 ,0.008 ,0.003 ,0.000 ,0.359 ,0.002 ,0.021 ,0.015 ,0.055 ,0.000 ,0.049 
100008,0.000 ,0.331 ,0.000 ,0.000 ,0.024 ,0.000 ,0.000 ,0.005 ,0.200 ,0.000 ,0.000 ,0.000 ,0.000 ,0.008 ,0.001 ,0.000 ,0.254 ,0.000 ,0.055 ,0.005 ,0.034 ,0.000 ,0.037 
100009,0.000 ,0.287 ,0.000 ,0.002 ,0.009 ,0.000 ,0.000 ,0.001 ,0.290 ,0.000 ,0.000 ,0.000 ,0.000 ,0.006 ,0.001 ,0.000 ,0.195 ,0.000 ,0.014 ,0.005 ,0.019 ,0.000 ,0.008 
100010,0.000 ,0.469 ,0.000 ,0.001 ,0.004 ,0.000 ,0.000 ,0.008 ,0.618 ,0.000 ,0.000 ,0.000 ,0.000 ,0.002 ,0.002 ,0.000 ,0.556 ,0.001 ,0.001 ,0.062 ,0.046 ,0.000 ,0.029 
100011,0.000 ,0.463 ,0.000 ,0.002 ,0.006 ,0.000 ,0.001 ,0.011 ,0.556 ,0.000 ,0.000 ,0.000 ,0.000 ,0.003 ,0.003 ,0.000 ,0.500 ,0.001 ,0.001 ,0.054 ,0.066 ,0.000 ,0.027 
100012,0.000 ,0.441 ,0.000 ,0.003 ,0.015 ,0.000 ,0.001 ,0.014 ,0.478 ,0.000 ,0.000 ,0.000 ,0.000 ,0.007 ,0.005 ,0.000 ,0.435 ,0.002 ,0.007 ,0.039 ,0.092 ,0.000 ,0.040 
100013,0.000 ,0.379 ,0.000 ,0.002 ,0.025 ,0.000 ,0.001 ,0.007 ,0.396 ,0.000 ,0.000 ,0.000 ,0.000 ,0.014 ,0.002 ,0.000 ,0.371 ,0.001 ,0.026 ,0.017 ,0.089 ,0.000 ,0.053 
100014,0.000 ,0.282 ,0.000 ,0.007 ,0.010 ,0.000 ,0.000 ,0.001 ,0.336 ,0.000 ,0.000 ,0.000 ,0.000 ,0.009 ,0.001 ,0.000 ,0.304 ,0.000 ,0.009 ,0.006 ,0.041 ,0.000 ,0.016 
100015,0.000 ,0.475 ,0.000 ,0.002 ,0.004 ,0.000 ,0.000 ,0.008 ,0.643 ,0.000 ,0.000 ,0.000 ,0.000 ,0.002 ,0.002 ,0.000 ,0.570 ,0.001 ,0.001 ,0.070 ,0.052 ,0.000 ,0.029 
100016,0.000 ,0.521 ,0.000 ,0.001 ,0.001 ,0.000 ,0.000 ,0.006 ,0.697 ,0.000 ,0.000 ,0.000 ,0.000 ,0.001 ,0.002 ,0.000 ,0.626 ,0.000 ,0.000 ,0.090 ,0.032 ,0.000 ,0.028 
100017,0.000 ,0.502 ,0.000 ,0.002 ,0.002 ,0.000 ,0.000 ,0.010 ,0.634 ,0.000 ,0.000 ,0.000 ,0.000 ,0.001 ,0.003 ,0.000 ,0.555 ,0.001 ,0.000 ,0.080 ,0.043 ,0.000 ,0.025 
100018,0.000 ,0.470 ,0.000 ,0.002 ,0.013 ,0.000 ,0.002 ,0.025 ,0.446 ,0.000 ,0.000 ,0.000 ,0.000 ,0.006 ,0.006 ,0.000 ,0.419 ,0.004 ,0.005 ,0.047 ,0.089 ,0.000 ,0.041 
100019,0.000 ,0.435 ,0.000 ,0.005 ,0.036 ,0.000 ,0.003 ,0.011 ,0.247 ,0.000 ,0.000 ,0.001 ,0.000 ,0.017 ,0.002 ,0.000 ,0.288 ,0.004 ,0.045 ,0.026 ,0.159 ,0.000 ,0.104 
100020,0.000 ,0.298 ,0.000 ,0.007 ,0.013 ,0.000 ,0.000 ,0.002 ,0.337 ,0.000 ,0.000 ,0.000 ,0.000 ,0.011 ,0.001 ,0.000 ,0.340 ,0.000 ,0.012 ,0.008 ,0.057 ,0.000 ,0.028 
100021,0.000 ,0.499 ,0.000 ,0.001 ,0.001 ,0.000 ,0.000 ,0.008 ,0.682 ,0.000 ,0.000 ,0.000 ,0.000 ,0.001 ,0.002 ,0.000 ,0.627 ,0.001 ,0.000 ,0.087 ,0.030 ,0.000 ,0.029 
100022,0.000 ,0.520 ,0.000 ,0.002 ,0.000 ,0.000 ,0.000 ,0.007 ,0.725 ,0.000 ,0.000 ,0.000 ,0.000 ,0.000 ,0.002 ,0.000 ,0.640 ,0.000 ,0.000 ,0.104 ,0.031 ,0.000 ,0.024 
100023,0.000 ,0.504 ,0.000 ,0.001 ,0.001 ,0.000 ,0.000 ,0.011 ,0.661 ,0.000 ,0.000 ,0.000 ,0.000 ,0.001 ,0.003 ,0.000 ,0.589 ,0.001 ,0.000 ,0.086 ,0.029 ,0.000 ,0.023 
100024,0.000 ,0.455 ,0.000 ,0.000 ,0.012 ,0.000 ,0.003 ,0.030 ,0.456 ,0.002 ,0.000 ,0.001 ,0.000 ,0.006 ,0.006 ,0.000 ,0.438 ,0.004 ,0.013 ,0.049 ,0.042 ,0.000 ,0.042 
100025,0.000 ,0.419 ,0.000 ,0.002 ,0.044 ,0.000 ,0.005 ,0.022 ,0.349 ,0.000 ,0.000 ,0.001 ,0.000 ,0.020 ,0.005 ,0.000 ,0.337 ,0.003 ,0.063 ,0.027 ,0.122 ,0.000 ,0.095 
100026,0.000 ,0.322 ,0.000 ,0.017 ,0.015 ,0.000 ,0.001 ,0.003 ,0.354 ,0.000 ,0.000 ,0.000 ,0.000 ,0.015 ,0.001 ,0.000 ,0.413 ,0.000 ,0.013 ,0.015 ,0.129 ,0.000 ,0.078 
100027,0.000 ,0.519 ,0.000 ,0.000 ,0.000 ,0.000 ,0.000 ,0.004 ,0.732 ,0.000 ,0.000 ,0.000 ,0.000 ,0.000 ,0.001 ,0.000 ,0.719 ,0.000 ,0.000 ,0.091 ,0.019 ,0.000 ,0.043 
100028,0.000 ,0.534 ,0.000 ,0.001 ,0.000 ,0.000 ,0.000 ,0.005 ,0.738 ,0.000 ,0.000 ,0.000 ,0.000 ,0.000 ,0.001 ,0.000 ,0.698 ,0.000 ,0.000 ,0.101 ,0.018 ,0.000 ,0.032 
100029,0.000 ,0.514 ,0.000 ,0.001 ,0.000 ,0.000 ,0.000 ,0.009 ,0.704 ,0.000 ,0.000 ,0.000 ,0.000 ,0.000 ,0.002 ,0.000 ,0.627 ,0.001 ,0.000 ,0.126 ,0.022 ,0.000 ,0.022 
100030,0.000 ,0.502 ,0.000 ,0.001 ,0.001 ,0.000 ,0.000 ,0.015 ,0.611 ,0.000 ,0.000 ,0.000 ,0.000 ,0.001 ,0.004 ,0.000 ,0.535 ,0.001 ,0.000 ,0.097 ,0.034 ,0.000 ,0.021 
100031,0.000 ,0.496 ,0.000 ,0.000 ,0.004 ,0.000 ,0.001 ,0.029 ,0.499 ,0.001 ,0.001 ,0.000 ,0.000 ,0.003 ,0.006 ,0.000 ,0.465 ,0.003 ,0.002 ,0.065 ,0.054 ,0.000 ,0.025 
100032,0.000 ,0.454 ,0.001 ,0.003 ,0.015 ,0.000 ,0.007 ,0.023 ,0.530 ,0.001 ,0.000 ,0.001 ,0.000 ,0.010 ,0.007 ,0.000 ,0.465 ,0.004 ,0.013 ,0.080 ,0.115 ,0.000 ,0.073 
100033,0.000 ,0.371 ,0.002 ,0.026 ,0.012 ,0.000 ,0.002 ,0.007 ,0.534 ,0.000 ,0.000 ,0.000 ,0.000 ,0.012 ,0.003 ,0.000 ,0.514 ,0.000 ,0.009 ,0.033 ,0.140 ,0.000 ,0.098 
100034,0.000 ,0.475 ,0.000 ,0.000 ,0.001 ,0.000 ,0.001 ,0.006 ,0.686 ,0.001 ,0.000 ,0.000 ,0.000 ,0.001 ,0.001 ,0.000 ,0.660 ,0.001 ,0.001 ,0.088 ,0.028 ,0.000 ,0.045 
100035,0.000 ,0.525 ,0.000 ,0.001 ,0.000 ,0.000 ,0.000 ,0.005 ,0.723 ,0.000 ,0.000 ,0.000 ,0.000 ,0.000 ,0.001 ,0.000 ,0.698 ,0.000 ,0.000 ,0.102 ,0.022 ,0.000 ,0.041 
100036,0.000 ,0.520 ,0.000 ,0.001 ,0.000 ,0.000 ,0.000 ,0.007 ,0.705 ,0.000 ,0.000 ,0.000 ,0.000 ,0.000 ,0.002 ,0.000 ,0.661 ,0.000 ,0.000 ,0.107 ,0.021 ,0.000 ,0.029 
100037,0.000 ,0.498 ,0.000 ,0.001 ,0.001 ,0.000 ,0.000 ,0.015 ,0.620 ,0.001 ,0.000 ,0.000 ,0.000 ,0.001 ,0.004 ,0.000 ,0.553 ,0.001 ,0.001 ,0.081 ,0.037 ,0.000 ,0.022 
100038,0.000 ,0.494 ,0.000 ,0.001 ,0.004 ,0.000 ,0.001 ,0.024 ,0.557 ,0.001 ,0.000 ,0.000 ,0.000 ,0.003 ,0.006 ,0.000 ,0.489 ,0.003 ,0.002 ,0.080 ,0.071 ,0.000 ,0.027 
100039,0.000 ,0.449 ,0.001 ,0.005 ,0.014 ,0.000 ,0.007 ,0.022 ,0.543 ,0.001 ,0.000 ,0.002 ,0.000 ,0.010 ,0.007 ,0.000 ,0.473 ,0.003 ,0.015 ,0.079 ,0.113 ,0.000 ,0.086 
100040,0.000 ,0.441 ,0.001 ,0.001 ,0.002 ,0.000 ,0.002 ,0.007 ,0.662 ,0.002 ,0.000 ,0.000 ,0.000 ,0.002 ,0.002 ,0.000 ,0.624 ,0.001 ,0.002 ,0.092 ,0.040 ,0.000 ,0.070 
100041,0.000 ,0.505 ,0.001 ,0.001 ,0.001 ,0.000 ,0.001 ,0.005 ,0.719 ,0.001 ,0.000 ,0.000 ,0.000 ,0.000 ,0.001 ,0.000 ,0.704 ,0.001 ,0.000 ,0.109 ,0.034 ,0.000 ,0.066 
100042,0.000 ,0.508 ,0.000 ,0.002 ,0.000 ,0.000 ,0.001 ,0.007 ,0.712 ,0.000 ,0.000 ,0.000 ,0.000 ,0.000 ,0.001 ,0.000 ,0.673 ,0.001 ,0.000 ,0.114 ,0.035 ,0.000 ,0.047 
100043,0.000 ,0.485 ,0.000 ,0.001 ,0.003 ,0.000 ,0.001 ,0.013 ,0.656 ,0.001 ,0.000 ,0.000 ,0.000 ,0.002 ,0.004 ,0.000 ,0.576 ,0.001 ,0.001 ,0.095 ,0.056 ,0.000 ,0.031 
100044,0.000 ,0.476 ,0.001 ,0.002 ,0.010 ,0.000 ,0.004 ,0.027 ,0.544 ,0.002 ,0.001 ,0.001 ,0.000 ,0.008 ,0.008 ,0.000 ,0.476 ,0.005 ,0.009 ,0.091 ,0.091 ,0.000 ,0.050 
100045,0.000 ,0.430 ,0.001 ,0.001 ,0.018 ,0.000 ,0.007 ,0.025 ,0.508 ,0.002 ,0.001 ,0.002 ,0.000 ,0.013 ,0.008 ,0.000 ,0.429 ,0.003 ,0.031 ,0.058 ,0.059 ,0.000 ,0.073 
100046,0.000 ,0.454 ,0.002 ,0.005 ,0.001 ,0.000 ,0.002 ,0.004 ,0.710 ,0.001 ,0.000 ,0.000 ,0.000 ,0.001 ,0.001 ,0.000 ,0.714 ,0.001 ,0.001 ,0.124 ,0.052 ,0.000 ,0.154 
100047,0.000 ,0.486 ,0.002 ,0.006 ,0.001 ,0.000 ,0.002 ,0.006 ,0.707 ,0.001 ,0.000 ,0.000 ,0.000 ,0.001 ,0.002 ,0.000 ,0.693 ,0.001 ,0.001 ,0.131 ,0.056 ,0.000 ,0.102 
100048,0.000 ,0.489 ,0.001 ,0.003 ,0.001 ,0.000 ,0.001 ,0.010 ,0.679 ,0.001 ,0.000 ,0.000 ,0.000 ,0.001 ,0.002 ,0.000 ,0.642 ,0.001 ,0.001 ,0.110 ,0.046 ,0.000 ,0.055 
100049,0.000 ,0.477 ,0.000 ,0.002 ,0.003 ,0.000 ,0.001 ,0.012 ,0.662 ,0.001 ,0.000 ,0.000 ,0.000 ,0.002 ,0.004 ,0.000 ,0.583 ,0.001 ,0.002 ,0.101 ,0.064 ,0.000 ,0.040 
100050,0.000 ,0.463 ,0.001 ,0.003 ,0.013 ,0.000 ,0.005 ,0.022 ,0.591 ,0.002 ,0.001 ,0.002 ,0.000 ,0.008 ,0.008 ,0.000 ,0.486 ,0.004 ,0.013 ,0.102 ,0.096 ,0.000 ,0.059 
100051,0.000 ,0.415 ,0.001 ,0.000 ,0.016 ,0.001 ,0.004 ,0.021 ,0.503 ,0.003 ,0.001 ,0.002 ,0.000 ,0.012 ,0.007 ,0.001 ,0.412 ,0.002 ,0.033 ,0.048 ,0.034 ,0.000 ,0.055 
100052,0.000 ,0.478 ,0.009 ,0.023 ,0.001 ,0.000 ,0.006 ,0.005 ,0.702 ,0.001 ,0.000 ,0.001 ,0.000 ,0.001 ,0.001 ,0.000 ,0.736 ,0.001 ,0.001 ,0.171 ,0.073 ,0.000 ,0.253 
100053,0.000 ,0.480 ,0.005 ,0.024 ,0.001 ,0.000 ,0.006 ,0.008 ,0.692 ,0.001 ,0.000 ,0.001 ,0.000 ,0.001 ,0.002 ,0.000 ,0.682 ,0.001 ,0.002 ,0.158 ,0.091 ,0.000 ,0.156 
100054,0.000 ,0.470 ,0.003 ,0.008 ,0.002 ,0.000 ,0.005 ,0.010 ,0.669 ,0.002 ,0.000 ,0.001 ,0.000 ,0.002 ,0.003 ,0.000 ,0.633 ,0.002 ,0.002 ,0.132 ,0.082 ,0.000 ,0.107 
100055,0.000 ,0.476 ,0.002 ,0.005 ,0.003 ,0.000 ,0.005 ,0.015 ,0.638 ,0.002 ,0.000 ,0.001 ,0.000 ,0.003 ,0.004 ,0.000 ,0.577 ,0.002 ,0.003 ,0.117 ,0.083 ,0.000 ,0.069 
100056,0.000 ,0.449 ,0.001 ,0.009 ,0.009 ,0.001 ,0.005 ,0.013 ,0.666 ,0.002 ,0.001 ,0.001 ,0.000 ,0.007 ,0.005 ,0.000 ,0.548 ,0.002 ,0.008 ,0.118 ,0.124 ,0.000 ,0.093 
100057,0.000 ,0.389 ,0.001 ,0.001 ,0.012 ,0.001 ,0.003 ,0.013 ,0.566 ,0.002 ,0.000 ,0.001 ,0.000 ,0.010 ,0.006 ,0.001 ,0.437 ,0.001 ,0.024 ,0.049 ,0.037 ,0.000 ,0.060 
100058,0.000 ,0.484 ,0.012 ,0.048 ,0.001 ,0.000 ,0.006 ,0.005 ,0.712 ,0.001 ,0.000 ,0.001 ,0.000 ,0.001 ,0.002 ,0.000 ,0.739 ,0.001 ,0.001 ,0.188 ,0.091 ,0.000 ,0.255 
100059,0.000 ,0.485 ,0.010 ,0.052 ,0.002 ,0.000 ,0.009 ,0.009 ,0.687 ,0.001 ,0.000 ,0.001 ,0.000 ,0.002 ,0.003 ,0.000 ,0.674 ,0.002 ,0.002 ,0.177 ,0.114 ,0.001 ,0.181 
100060,0.000 ,0.469 ,0.005 ,0.018 ,0.003 ,0.000 ,0.007 ,0.010 ,0.676 ,0.002 ,0.000 ,0.001 ,0.000 ,0.002 ,0.003 ,0.000 ,0.641 ,0.002 ,0.003 ,0.148 ,0.106 ,0.000 ,0.142 
100061,0.000 ,0.471 ,0.002 ,0.011 ,0.004 ,0.000 ,0.005 ,0.012 ,0.674 ,0.002 ,0.000 ,0.001 ,0.000 ,0.004 ,0.004 ,0.000 ,0.603 ,0.002 ,0.004 ,0.135 ,0.119 ,0.000 ,0.097 
100062,0.000 ,0.422 ,0.002 ,0.016 ,0.015 ,0.001 ,0.007 ,0.012 ,0.640 ,0.002 ,0.001 ,0.003 ,0.000 ,0.012 ,0.007 ,0.001 ,0.506 ,0.001 ,0.016 ,0.098 ,0.138 ,0.000 ,0.130 
100063,0.000 ,0.463 ,0.023 ,0.318 ,0.004 ,0.001 ,0.012 ,0.005 ,0.662 ,0.000 ,0.000 ,0.003 ,0.000 ,0.002 ,0.004 ,0.000 ,0.704 ,0.001 ,0.004 ,0.184 ,0.243 ,0.002 ,0.402 
100064,0.000 ,0.498 ,0.036 ,0.068 ,0.000 ,0.000 ,0.008 ,0.006 ,0.706 ,0.001 ,0.000 ,0.001 ,0.000 ,0.000 ,0.002 ,0.000 ,0.761 ,0.001 ,0.001 ,0.214 ,0.076 ,0.001 ,0.331 
100065,0.000 ,0.485 ,0.030 ,0.091 ,0.002 ,0.001 ,0.020 ,0.012 ,0.668 ,0.002 ,0.000 ,0.004 ,0.000 ,0.002 ,0.004 ,0.000 ,0.664 ,0.003 ,0.004 ,0.203 ,0.137 ,0.002 ,0.241 
100066,0.000 ,0.468 ,0.011 ,0.056 ,0.003 ,0.001 ,0.012 ,0.009 ,0.681 ,0.002 ,0.000 ,0.002 ,0.000 ,0.003 ,0.003 ,0.000 ,0.662 ,0.002 ,0.004 ,0.175 ,0.141 ,0.001 ,0.223 
100067,0.000 ,0.443 ,0.006 ,0.059 ,0.007 ,0.002 ,0.009 ,0.007 ,0.691 ,0.001 ,0.000 ,0.002 ,0.000 ,0.004 ,0.004 ,0.000 ,0.617 ,0.001 ,0.007 ,0.140 ,0.191 ,0.001 ,0.220 
100068,0.000 ,0.409 ,0.006 ,0.023 ,0.014 ,0.003 ,0.013 ,0.013 ,0.609 ,0.002 ,0.001 ,0.006 ,0.000 ,0.013 ,0.007 ,0.001 ,0.501 ,0.001 ,0.021 ,0.092 ,0.124 ,0.001 ,0.188 
100069,0.000 ,0.460 ,0.037 ,0.216 ,0.003 ,0.003 ,0.012 ,0.003 ,0.651 ,0.000 ,0.000 ,0.004 ,0.000 ,0.001 ,0.002 ,0.000 ,0.737 ,0.000 ,0.003 ,0.182 ,0.200 ,0.004 ,0.548 
100070,0.000 ,0.493 ,0.037 ,0.075 ,0.000 ,0.000 ,0.005 ,0.003 ,0.712 ,0.000 ,0.000 ,0.001 ,0.000 ,0.000 ,0.001 ,0.000 ,0.810 ,0.000 ,0.001 ,0.214 ,0.076 ,0.001 ,0.535 
100071,0.000 ,0.499 ,0.045 ,0.061 ,0.000 ,0.000 ,0.008 ,0.006 ,0.703 ,0.001 ,0.000 ,0.001 ,0.000 ,0.000 ,0.002 ,0.000 ,0.768 ,0.001 ,0.001 ,0.227 ,0.072 ,0.001 ,0.361 
100072,0.000 ,0.483 ,0.020 ,0.054 ,0.002 ,0.001 ,0.010 ,0.008 ,0.690 ,0.002 ,0.000 ,0.003 ,0.000 ,0.001 ,0.003 ,0.000 ,0.701 ,0.002 ,0.003 ,0.194 ,0.120 ,0.001 ,0.248 
100073,0.000 ,0.455 ,0.012 ,0.058 ,0.005 ,0.002 ,0.014 ,0.009 ,0.673 ,0.002 ,0.000 ,0.004 ,0.000 ,0.004 ,0.004 ,0.000 ,0.635 ,0.002 ,0.007 ,0.165 ,0.166 ,0.002 ,0.248 
100074,0.000 ,0.418 ,0.013 ,0.049 ,0.012 ,0.007 ,0.019 ,0.010 ,0.631 ,0.003 ,0.001 ,0.009 ,0.000 ,0.009 ,0.006 ,0.001 ,0.543 ,0.002 ,0.015 ,0.116 ,0.171 ,0.003 ,0.274 
100075,0.000 ,0.304 ,0.203 ,0.025 ,0.008 ,0.010 ,0.011 ,0.003 ,0.406 ,0.000 ,0.000 ,0.021 ,0.000 ,0.005 ,0.002 ,0.000 ,0.530 ,0.000 ,0.004 ,0.030 ,0.104 ,0.017 ,0.534 
100076,0.000 ,0.464 ,0.088 ,0.129 ,0.002 ,0.005 ,0.017 ,0.003 ,0.630 ,0.000 ,0.000 ,0.006 ,0.000 ,0.001 ,0.001 ,0.000 ,0.764 ,0.000 ,0.002 ,0.206 ,0.177 ,0.009 ,0.681 
100077,0.000 ,0.481 ,0.056 ,0.101 ,0.001 ,0.001 ,0.009 ,0.003 ,0.685 ,0.000 ,0.000 ,0.002 ,0.000 ,0.000 ,0.001 ,0.000 ,0.792 ,0.000 ,0.001 ,0.216 ,0.119 ,0.003 ,0.591 
100078,0.000 ,0.487 ,0.069 ,0.042 ,0.000 ,0.000 ,0.007 ,0.003 ,0.705 ,0.000 ,0.000 ,0.001 ,0.000 ,0.000 ,0.001 ,0.000 ,0.816 ,0.001 ,0.000 ,0.305 ,0.052 ,0.001 ,0.496 
100079,0.000 ,0.492 ,0.043 ,0.032 ,0.000 ,0.000 ,0.005 ,0.004 ,0.713 ,0.000 ,0.000 ,0.001 ,0.000 ,0.000 ,0.001 ,0.000 ,0.796 ,0.001 ,0.001 ,0.271 ,0.052 ,0.001 ,0.383 
100080,0.000 ,0.483 ,0.021 ,0.035 ,0.001 ,0.000 ,0.006 ,0.005 ,0.710 ,0.001 ,0.000 ,0.001 ,0.000 ,0.000 ,0.001 ,0.000 ,0.754 ,0.001 ,0.001 ,0.196 ,0.084 ,0.001 ,0.308 
100081,0.000 ,0.460 ,0.014 ,0.040 ,0.003 ,0.002 ,0.012 ,0.007 ,0.680 ,0.002 ,0.000 ,0.004 ,0.000 ,0.002 ,0.003 ,0.000 ,0.655 ,0.002 ,0.005 ,0.171 ,0.147 ,0.001 ,0.264 
100082,0.000 ,0.409 ,0.019 ,0.032 ,0.013 ,0.013 ,0.025 ,0.013 ,0.600 ,0.006 ,0.001 ,0.016 ,0.000 ,0.011 ,0.006 ,0.001 ,0.503 ,0.002 ,0.022 ,0.111 ,0.137 ,0.004 ,0.260 
100083,0.000 ,0.305 ,0.215 ,0.009 ,0.004 ,0.017 ,0.020 ,0.003 ,0.250 ,0.000 ,0.000 ,0.015 ,0.000 ,0.004 ,0.002 ,0.000 ,0.572 ,0.000 ,0.001 ,0.027 ,0.156 ,0.047 ,0.739 
100084,0.000 ,0.344 ,0.155 ,0.014 ,0.006 ,0.016 ,0.029 ,0.002 ,0.290 ,0.000 ,0.000 ,0.011 ,0.000 ,0.003 ,0.001 ,0.000 ,0.663 ,0.000 ,0.001 ,0.042 ,0.242 ,0.040 ,0.846 
100085,0.000 ,0.392 ,0.167 ,0.030 ,0.006 ,0.030 ,0.023 ,0.003 ,0.353 ,0.000 ,0.000 ,0.015 ,0.000 ,0.003 ,0.002 ,0.000 ,0.653 ,0.000 ,0.004 ,0.087 ,0.174 ,0.064 ,0.751 
100086,0.000 ,0.403 ,0.164 ,0.035 ,0.005 ,0.036 ,0.025 ,0.003 ,0.364 ,0.000 ,0.000 ,0.015 ,0.000 ,0.002 ,0.002 ,0.000 ,0.659 ,0.000 ,0.005 ,0.102 ,0.181 ,0.074 ,0.775 
100087,0.000 ,0.394 ,0.153 ,0.031 ,0.008 ,0.030 ,0.036 ,0.002 ,0.324 ,0.000 ,0.000 ,0.017 ,0.000 ,0.003 ,0.001 ,0.000 ,0.703 ,0.000 ,0.002 ,0.073 ,0.290 ,0.057 ,0.837 
100088,0.000 ,0.440 ,0.185 ,0.196 ,0.006 ,0.026 ,0.059 ,0.004 ,0.456 ,0.000 ,0.000 ,0.026 ,0.000 ,0.003 ,0.003 ,0.000 ,0.732 ,0.000 ,0.004 ,0.148 ,0.282 ,0.057 ,0.763 
100089,0.000 ,0.453 ,0.122 ,0.055 ,0.001 ,0.003 ,0.016 ,0.002 ,0.628 ,0.000 ,0.000 ,0.004 ,0.000 ,0.000 ,0.001 ,0.000 ,0.806 ,0.000 ,0.001 ,0.216 ,0.099 ,0.010 ,0.781 
100090,0.000 ,0.463 ,0.151 ,0.051 ,0.000 ,0.001 ,0.019 ,0.004 ,0.661 ,0.000 ,0.000 ,0.004 ,0.000 ,0.000 ,0.001 ,0.000 ,0.808 ,0.001 ,0.001 ,0.257 ,0.078 ,0.008 ,0.658 
100091,0.000 ,0.459 ,0.124 ,0.027 ,0.000 ,0.000 ,0.011 ,0.004 ,0.690 ,0.000 ,0.000 ,0.002 ,0.000 ,0.000 ,0.001 ,0.000 ,0.813 ,0.001 ,0.000 ,0.310 ,0.045 ,0.002 ,0.567 
100092,0.000 ,0.471 ,0.042 ,0.028 ,0.000 ,0.000 ,0.005 ,0.003 ,0.714 ,0.000 ,0.000 ,0.001 ,0.000 ,0.000 ,0.001 ,0.000 ,0.812 ,0.001 ,0.000 ,0.244 ,0.050 ,0.001 ,0.460 
100093,0.000 ,0.472 ,0.030 ,0.033 ,0.001 ,0.000 ,0.006 ,0.004 ,0.705 ,0.001 ,0.000 ,0.001 ,0.000 ,0.000 ,0.001 ,0.000 ,0.769 ,0.001 ,0.001 ,0.204 ,0.078 ,0.001 ,0.391 
100094,0.000 ,0.421 ,0.025 ,0.035 ,0.007 ,0.005 ,0.021 ,0.008 ,0.632 ,0.004 ,0.001 ,0.009 ,0.000 ,0.004 ,0.003 ,0.000 ,0.597 ,0.002 ,0.008 ,0.136 ,0.145 ,0.004 ,0.349 
100095,0.000 ,0.367 ,0.030 ,0.022 ,0.010 ,0.015 ,0.023 ,0.012 ,0.555 ,0.008 ,0.001 ,0.020 ,0.000 ,0.009 ,0.006 ,0.001 ,0.447 ,0.001 ,0.023 ,0.064 ,0.095 ,0.005 ,0.289 
100096,0.000 ,0.275 ,0.343 ,0.003 ,0.009 ,0.011 ,0.006 ,0.005 ,0.085 ,0.000 ,0.000 ,0.023 ,0.000 ,0.017 ,0.004 ,0.000 ,0.448 ,0.000 ,0.002 ,0.009 ,0.076 ,0.069 ,0.311 
100097,0.000 ,0.308 ,0.261 ,0.004 ,0.007 ,0.023 ,0.013 ,0.004 ,0.122 ,0.000 ,0.000 ,0.018 ,0.000 ,0.008 ,0.003 ,0.000 ,0.533 ,0.000 ,0.002 ,0.024 ,0.114 ,0.091 ,0.597 
100098,0.000 ,0.321 ,0.247 ,0.005 ,0.008 ,0.023 ,0.013 ,0.004 ,0.116 ,0.000 ,0.000 ,0.020 ,0.000 ,0.010 ,0.003 ,0.000 ,0.539 ,0.000 ,0.003 ,0.025 ,0.135 ,0.094 ,0.590 
100099,0.000 ,0.376 ,0.177 ,0.011 ,0.006 ,0.040 ,0.023 ,0.004 ,0.183 ,0.000 ,0.000 ,0.014 ,0.000 ,0.004 ,0.002 ,0.000 ,0.629 ,0.000 ,0.004 ,0.067 ,0.163 ,0.107 ,0.754 
100100,0.000 ,0.428 ,0.148 ,0.012 ,0.002 ,0.066 ,0.045 ,0.003 ,0.291 ,0.000 ,0.000 ,0.009 ,0.000 ,0.001 ,0.001 ,0.000 ,0.737 ,0.000 ,0.002 ,0.106 ,0.201 ,0.107 ,0.896 
100101,0.000 ,0.447 ,0.147 ,0.015 ,0.002 ,0.039 ,0.041 ,0.002 ,0.374 ,0.000 ,0.000 ,0.008 ,0.000 ,0.000 ,0.001 ,0.000 ,0.775 ,0.000 ,0.002 ,0.129 ,0.181 ,0.077 ,0.911 
100102,0.000 ,0.464 ,0.159 ,0.058 ,0.002 ,0.031 ,0.034 ,0.003 ,0.373 ,0.000 ,0.000 ,0.010 ,0.000 ,0.001 ,0.001 ,0.000 ,0.770 ,0.000 ,0.006 ,0.182 ,0.117 ,0.059 ,0.833 
100103,0.000 ,0.455 ,0.138 ,0.022 ,0.002 ,0.028 ,0.030 ,0.003 ,0.318 ,0.000 ,0.000 ,0.006 ,0.000 ,0.001 ,0.001 ,0.000 ,0.761 ,0.000 ,0.003 ,0.151 ,0.121 ,0.071 ,0.821 
100104,0.000 ,0.467 ,0.130 ,0.020 ,0.001 ,0.030 ,0.033 ,0.002 ,0.294 ,0.000 ,0.000 ,0.005 ,0.000 ,0.000 ,0.001 ,0.000 ,0.793 ,0.000 ,0.002 ,0.145 ,0.109 ,0.072 ,0.851 
100105,0.000 ,0.469 ,0.183 ,0.087 ,0.002 ,0.039 ,0.055 ,0.004 ,0.418 ,0.000 ,0.000 ,0.014 ,0.000 ,0.001 ,0.002 ,0.000 ,0.784 ,0.000 ,0.005 ,0.192 ,0.144 ,0.076 ,0.826 
100106,0.000 ,0.479 ,0.194 ,0.095 ,0.001 ,0.012 ,0.038 ,0.004 ,0.562 ,0.001 ,0.000 ,0.010 ,0.000 ,0.000 ,0.001 ,0.000 ,0.794 ,0.001 ,0.003 ,0.230 ,0.116 ,0.027 ,0.810 
100107,0.000 ,0.459 ,0.237 ,0.051 ,0.000 ,0.001 ,0.037 ,0.005 ,0.644 ,0.001 ,0.000 ,0.008 ,0.000 ,0.000 ,0.001 ,0.000 ,0.796 ,0.001 ,0.001 ,0.279 ,0.084 ,0.016 ,0.680 
100108,0.000 ,0.468 ,0.147 ,0.053 ,0.000 ,0.001 ,0.018 ,0.004 ,0.670 ,0.001 ,0.000 ,0.004 ,0.000 ,0.000 ,0.001 ,0.000 ,0.798 ,0.001 ,0.001 ,0.258 ,0.079 ,0.006 ,0.598 
100109,0.000 ,0.475 ,0.070 ,0.057 ,0.000 ,0.000 ,0.010 ,0.004 ,0.696 ,0.000 ,0.000 ,0.002 ,0.000 ,0.000 ,0.001 ,0.000 ,0.791 ,0.001 ,0.001 ,0.237 ,0.081 ,0.002 ,0.503 
100110,0.000 ,0.452 ,0.043 ,0.038 ,0.001 ,0.001 ,0.010 ,0.004 ,0.690 ,0.001 ,0.000 ,0.003 ,0.000 ,0.000 ,0.001 ,0.000 ,0.758 ,0.001 ,0.001 ,0.218 ,0.094 ,0.002 ,0.489 
100111,0.000 ,0.377 ,0.040 ,0.024 ,0.006 ,0.010 ,0.021 ,0.008 ,0.586 ,0.006 ,0.001 ,0.014 ,0.000 ,0.005 ,0.003 ,0.001 ,0.539 ,0.001 ,0.009 ,0.090 ,0.099 ,0.005 ,0.391 
100112,0.000 ,0.347 ,0.215 ,0.001 ,0.014 ,0.038 ,0.020 ,0.005 ,0.037 ,0.000 ,0.000 ,0.014 ,0.000 ,0.013 ,0.003 ,0.000 ,0.619 ,0.000 ,0.002 ,0.024 ,0.159 ,0.140 ,0.636 
100113,0.000 ,0.354 ,0.212 ,0.003 ,0.012 ,0.039 ,0.022 ,0.004 ,0.063 ,0.000 ,0.000 ,0.016 ,0.000 ,0.010 ,0.003 ,0.000 ,0.618 ,0.000 ,0.003 ,0.028 ,0.146 ,0.138 ,0.654 
100114,0.000 ,0.386 ,0.182 ,0.004 ,0.008 ,0.064 ,0.030 ,0.004 ,0.103 ,0.000 ,0.000 ,0.014 ,0.000 ,0.005 ,0.003 ,0.000 ,0.653 ,0.000 ,0.004 ,0.059 ,0.150 ,0.176 ,0.768 
100115,0.000 ,0.424 ,0.152 ,0.005 ,0.005 ,0.071 ,0.035 ,0.004 ,0.110 ,0.000 ,0.000 ,0.010 ,0.000 ,0.002 ,0.002 ,0.000 ,0.694 ,0.000 ,0.004 ,0.078 ,0.161 ,0.194 ,0.795 
100116,0.000 ,0.431 ,0.171 ,0.005 ,0.007 ,0.072 ,0.040 ,0.004 ,0.100 ,0.000 ,0.000 ,0.013 ,0.000 ,0.003 ,0.002 ,0.000 ,0.723 ,0.000 ,0.006 ,0.077 ,0.146 ,0.215 ,0.783 
100117,0.000 ,0.458 ,0.192 ,0.029 ,0.003 ,0.074 ,0.063 ,0.004 ,0.211 ,0.000 ,0.000 ,0.017 ,0.000 ,0.001 ,0.002 ,0.000 ,0.772 ,0.000 ,0.009 ,0.161 ,0.130 ,0.170 ,0.854 
100118,0.000 ,0.475 ,0.227 ,0.058 ,0.002 ,0.045 ,0.079 ,0.005 ,0.314 ,0.000 ,0.000 ,0.017 ,0.000 ,0.001 ,0.002 ,0.000 ,0.782 ,0.000 ,0.009 ,0.235 ,0.122 ,0.123 ,0.850 
100119,0.000 ,0.478 ,0.242 ,0.105 ,0.002 ,0.031 ,0.078 ,0.007 ,0.374 ,0.000 ,0.000 ,0.021 ,0.000 ,0.001 ,0.004 ,0.000 ,0.766 ,0.001 ,0.010 ,0.251 ,0.131 ,0.105 ,0.783 
100120,0.000 ,0.481 ,0.188 ,0.062 ,0.002 ,0.025 ,0.048 ,0.004 ,0.338 ,0.000 ,0.000 ,0.010 ,0.000 ,0.001 ,0.002 ,0.000 ,0.794 ,0.000 ,0.006 ,0.216 ,0.099 ,0.080 ,0.818 
100121,0.000 ,0.487 ,0.178 ,0.070 ,0.001 ,0.015 ,0.036 ,0.004 ,0.390 ,0.000 ,0.000 ,0.007 ,0.000 ,0.000 ,0.002 ,0.000 ,0.805 ,0.000 ,0.004 ,0.229 ,0.084 ,0.046 ,0.818 
100122,0.000 ,0.493 ,0.236 ,0.115 ,0.001 ,0.007 ,0.050 ,0.006 ,0.488 ,0.000 ,0.000 ,0.010 ,0.000 ,0.000 ,0.003 ,0.000 ,0.796 ,0.001 ,0.006 ,0.297 ,0.083 ,0.028 ,0.780 
100123,0.000 ,0.491 ,0.284 ,0.179 ,0.001 ,0.009 ,0.070 ,0.009 ,0.573 ,0.001 ,0.001 ,0.023 ,0.000 ,0.001 ,0.004 ,0.000 ,0.761 ,0.002 ,0.010 ,0.307 ,0.122 ,0.026 ,0.700 
100124,0.000 ,0.477 ,0.249 ,0.090 ,0.001 ,0.002 ,0.044 ,0.011 ,0.650 ,0.002 ,0.000 ,0.021 ,0.000 ,0.001 ,0.002 ,0.000 ,0.718 ,0.003 ,0.005 ,0.293 ,0.132 ,0.012 ,0.456 
100125,0.000 ,0.464 ,0.198 ,0.076 ,0.000 ,0.001 ,0.027 ,0.006 ,0.666 ,0.001 ,0.000 ,0.009 ,0.000 ,0.000 ,0.001 ,0.000 ,0.763 ,0.002 ,0.002 ,0.275 ,0.099 ,0.010 ,0.529 
100126,0.000 ,0.485 ,0.185 ,0.119 ,0.001 ,0.002 ,0.032 ,0.007 ,0.667 ,0.001 ,0.000 ,0.011 ,0.000 ,0.001 ,0.002 ,0.000 ,0.746 ,0.002 ,0.002 ,0.278 ,0.131 ,0.014 ,0.487 
100127,0.000 ,0.462 ,0.107 ,0.077 ,0.002 ,0.002 ,0.028 ,0.006 ,0.665 ,0.001 ,0.000 ,0.009 ,0.000 ,0.001 ,0.002 ,0.000 ,0.735 ,0.002 ,0.003 ,0.267 ,0.141 ,0.010 ,0.509 
100128,0.000 ,0.374 ,0.083 ,0.042 ,0.009 ,0.019 ,0.040 ,0.010 ,0.561 ,0.007 ,0.001 ,0.036 ,0.000 ,0.007 ,0.006 ,0.001 ,0.513 ,0.002 ,0.014 ,0.096 ,0.134 ,0.014 ,0.446 
100129,0.000 ,0.494 ,0.273 ,0.082 ,0.000 ,0.005 ,0.080 ,0.008 ,0.431 ,0.001 ,0.000 ,0.011 ,0.000 ,0.000 ,0.003 ,0.000 ,0.805 ,0.001 ,0.007 ,0.341 ,0.086 ,0.031 ,0.813 
100130,0.000 ,0.500 ,0.274 ,0.085 ,0.000 ,0.003 ,0.061 ,0.008 ,0.478 ,0.001 ,0.000 ,0.008 ,0.000 ,0.000 ,0.003 ,0.000 ,0.810 ,0.001 ,0.005 ,0.350 ,0.072 ,0.018 ,0.795 
100131,0.000 ,0.502 ,0.257 ,0.097 ,0.000 ,0.002 ,0.040 ,0.007 ,0.541 ,0.001 ,0.000 ,0.006 ,0.000 ,0.000 ,0.002 ,0.000 ,0.807 ,0.001 ,0.005 ,0.349 ,0.060 ,0.007 ,0.779 
100132,0.000 ,0.501 ,0.308 ,0.126 ,0.000 ,0.001 ,0.044 ,0.010 ,0.599 ,0.001 ,0.000 ,0.013 ,0.000 ,0.000 ,0.003 ,0.000 ,0.781 ,0.001 ,0.007 ,0.349 ,0.079 ,0.005 ,0.737 
100133,0.000 ,0.496 ,0.377 ,0.178 ,0.001 ,0.003 ,0.078 ,0.017 ,0.612 ,0.004 ,0.001 ,0.044 ,0.000 ,0.001 ,0.005 ,0.000 ,0.718 ,0.004 ,0.017 ,0.335 ,0.139 ,0.009 ,0.602 
100134,0.001 ,0.480 ,0.244 ,0.074 ,0.002 ,0.001 ,0.056 ,0.025 ,0.633 ,0.004 ,0.002 ,0.058 ,0.000 ,0.002 ,0.005 ,0.001 ,0.627 ,0.009 ,0.011 ,0.282 ,0.159 ,0.010 ,0.226 
100135,0.001 ,0.456 ,0.299 ,0.078 ,0.000 ,0.001 ,0.048 ,0.010 ,0.656 ,0.001 ,0.000 ,0.020 ,0.000 ,0.001 ,0.002 ,0.000 ,0.730 ,0.003 ,0.003 ,0.312 ,0.104 ,0.019 ,0.460 
100136,0.001 ,0.483 ,0.294 ,0.127 ,0.001 ,0.003 ,0.062 ,0.010 ,0.653 ,0.001 ,0.000 ,0.022 ,0.000 ,0.001 ,0.002 ,0.000 ,0.725 ,0.003 ,0.004 ,0.297 ,0.150 ,0.039 ,0.504 
100137,0.000 ,0.466 ,0.197 ,0.100 ,0.001 ,0.003 ,0.044 ,0.007 ,0.656 ,0.001 ,0.000 ,0.017 ,0.000 ,0.001 ,0.002 ,0.000 ,0.729 ,0.003 ,0.003 ,0.291 ,0.153 ,0.022 ,0.524 
100138,0.001 ,0.411 ,0.175 ,0.098 ,0.011 ,0.020 ,0.084 ,0.013 ,0.577 ,0.007 ,0.001 ,0.072 ,0.000 ,0.008 ,0.007 ,0.001 ,0.574 ,0.003 ,0.015 ,0.175 ,0.224 ,0.043 ,0.507 
100139,0.000 ,0.494 ,0.265 ,0.075 ,0.000 ,0.004 ,0.064 ,0.009 ,0.403 ,0.000 ,0.000 ,0.011 ,0.000 ,0.000 ,0.004 ,0.000 ,0.790 ,0.001 ,0.008 ,0.353 ,0.078 ,0.026 ,0.786 
100140,0.000 ,0.502 ,0.311 ,0.116 ,0.000 ,0.001 ,0.059 ,0.011 ,0.521 ,0.001 ,0.000 ,0.011 ,0.000 ,0.000 ,0.003 ,0.000 ,0.782 ,0.001 ,0.007 ,0.414 ,0.072 ,0.008 ,0.747 
100141,0.000 ,0.503 ,0.320 ,0.131 ,0.000 ,0.001 ,0.053 ,0.012 ,0.574 ,0.001 ,0.000 ,0.012 ,0.000 ,0.000 ,0.003 ,0.000 ,0.775 ,0.001 ,0.008 ,0.411 ,0.072 ,0.005 ,0.715 
100142,0.000 ,0.498 ,0.355 ,0.147 ,0.000 ,0.001 ,0.057 ,0.013 ,0.595 ,0.002 ,0.001 ,0.024 ,0.000 ,0.000 ,0.004 ,0.000 ,0.751 ,0.002 ,0.012 ,0.365 ,0.101 ,0.004 ,0.719 
100143,0.000 ,0.492 ,0.397 ,0.162 ,0.001 ,0.003 ,0.074 ,0.019 ,0.593 ,0.004 ,0.002 ,0.054 ,0.000 ,0.001 ,0.005 ,0.000 ,0.713 ,0.004 ,0.023 ,0.358 ,0.151 ,0.005 ,0.664 
100144,0.001 ,0.493 ,0.402 ,0.155 ,0.001 ,0.003 ,0.082 ,0.023 ,0.621 ,0.005 ,0.002 ,0.083 ,0.000 ,0.002 ,0.006 ,0.001 ,0.676 ,0.008 ,0.019 ,0.323 ,0.184 ,0.010 ,0.435 
100145,0.001 ,0.445 ,0.373 ,0.064 ,0.000 ,0.001 ,0.063 ,0.014 ,0.654 ,0.002 ,0.000 ,0.030 ,0.000 ,0.001 ,0.002 ,0.000 ,0.707 ,0.004 ,0.004 ,0.332 ,0.101 ,0.021 ,0.436 
100146,0.001 ,0.448 ,0.361 ,0.051 ,0.000 ,0.001 ,0.054 ,0.012 ,0.662 ,0.001 ,0.000 ,0.018 ,0.000 ,0.000 ,0.002 ,0.000 ,0.732 ,0.003 ,0.003 ,0.360 ,0.078 ,0.021 ,0.467 
100147,0.000 ,0.472 ,0.264 ,0.100 ,0.001 ,0.002 ,0.059 ,0.010 ,0.659 ,0.001 ,0.000 ,0.021 ,0.000 ,0.001 ,0.002 ,0.000 ,0.714 ,0.003 ,0.003 ,0.310 ,0.141 ,0.030 ,0.479 
100148,0.001 ,0.445 ,0.230 ,0.132 ,0.007 ,0.014 ,0.104 ,0.013 ,0.608 ,0.005 ,0.001 ,0.074 ,0.000 ,0.006 ,0.005 ,0.000 ,0.623 ,0.005 ,0.012 ,0.248 ,0.241 ,0.063 ,0.513 
100149,0.001 ,0.361 ,0.251 ,0.078 ,0.016 ,0.042 ,0.111 ,0.022 ,0.500 ,0.013 ,0.001 ,0.168 ,0.000 ,0.013 ,0.015 ,0.002 ,0.431 ,0.003 ,0.034 ,0.089 ,0.183 ,0.061 ,0.427 
100150,0.000 ,0.497 ,0.364 ,0.168 ,0.001 ,0.006 ,0.115 ,0.021 ,0.469 ,0.001 ,0.002 ,0.044 ,0.000 ,0.002 ,0.009 ,0.000 ,0.705 ,0.003 ,0.019 ,0.378 ,0.134 ,0.043 ,0.634 
100151,0.000 ,0.501 ,0.384 ,0.190 ,0.000 ,0.002 ,0.105 ,0.021 ,0.543 ,0.002 ,0.001 ,0.033 ,0.000 ,0.001 ,0.006 ,0.000 ,0.732 ,0.003 ,0.016 ,0.443 ,0.128 ,0.011 ,0.668 
100152,0.000 ,0.500 ,0.395 ,0.219 ,0.001 ,0.002 ,0.127 ,0.024 ,0.562 ,0.003 ,0.001 ,0.047 ,0.000 ,0.001 ,0.007 ,0.000 ,0.723 ,0.004 ,0.020 ,0.418 ,0.150 ,0.015 ,0.648 
100153,0.000 ,0.497 ,0.413 ,0.229 ,0.001 ,0.002 ,0.104 ,0.026 ,0.609 ,0.005 ,0.002 ,0.076 ,0.000 ,0.001 ,0.008 ,0.001 ,0.688 ,0.005 ,0.029 ,0.380 ,0.161 ,0.006 ,0.591 
100154,0.000 ,0.493 ,0.428 ,0.207 ,0.002 ,0.003 ,0.092 ,0.028 ,0.598 ,0.007 ,0.004 ,0.108 ,0.000 ,0.002 ,0.008 ,0.001 ,0.656 ,0.006 ,0.040 ,0.372 ,0.177 ,0.004 ,0.570 
100155,0.001 ,0.497 ,0.439 ,0.198 ,0.001 ,0.002 ,0.092 ,0.030 ,0.611 ,0.007 ,0.003 ,0.107 ,0.000 ,0.002 ,0.007 ,0.001 ,0.667 ,0.007 ,0.032 ,0.345 ,0.189 ,0.005 ,0.502 
100156,0.001 ,0.454 ,0.409 ,0.082 ,0.001 ,0.001 ,0.077 ,0.021 ,0.646 ,0.003 ,0.001 ,0.069 ,0.000 ,0.001 ,0.003 ,0.000 ,0.668 ,0.008 ,0.009 ,0.335 ,0.141 ,0.018 ,0.336 
100157,0.001 ,0.443 ,0.367 ,0.057 ,0.001 ,0.001 ,0.063 ,0.021 ,0.650 ,0.002 ,0.001 ,0.051 ,0.000 ,0.001 ,0.003 ,0.000 ,0.657 ,0.007 ,0.006 ,0.323 ,0.113 ,0.016 ,0.298 
100158,0.001 ,0.460 ,0.337 ,0.090 ,0.001 ,0.002 ,0.088 ,0.019 ,0.655 ,0.003 ,0.001 ,0.056 ,0.000 ,0.002 ,0.003 ,0.000 ,0.659 ,0.008 ,0.007 ,0.343 ,0.158 ,0.039 ,0.362 
100159,0.001 ,0.461 ,0.300 ,0.142 ,0.008 ,0.016 ,0.174 ,0.027 ,0.618 ,0.009 ,0.002 ,0.166 ,0.000 ,0.009 ,0.008 ,0.001 ,0.565 ,0.012 ,0.021 ,0.298 ,0.279 ,0.123 ,0.388 
100160,0.002 ,0.392 ,0.342 ,0.103 ,0.017 ,0.054 ,0.192 ,0.034 ,0.529 ,0.021 ,0.001 ,0.269 ,0.000 ,0.017 ,0.018 ,0.002 ,0.446 ,0.008 ,0.047 ,0.151 ,0.222 ,0.113 ,0.391 
100161,0.001 ,0.501 ,0.444 ,0.289 ,0.002 ,0.008 ,0.196 ,0.046 ,0.520 ,0.003 ,0.007 ,0.142 ,0.000 ,0.005 ,0.020 ,0.001 ,0.627 ,0.009 ,0.044 ,0.388 ,0.215 ,0.059 ,0.516 
100162,0.001 ,0.502 ,0.438 ,0.259 ,0.001 ,0.001 ,0.123 ,0.034 ,0.574 ,0.004 ,0.003 ,0.074 ,0.000 ,0.001 ,0.011 ,0.001 ,0.681 ,0.004 ,0.030 ,0.500 ,0.166 ,0.008 ,0.571 
100163,0.001 ,0.502 ,0.449 ,0.248 ,0.001 ,0.001 ,0.126 ,0.039 ,0.607 ,0.007 ,0.003 ,0.099 ,0.000 ,0.001 ,0.010 ,0.001 ,0.674 ,0.006 ,0.034 ,0.461 ,0.188 ,0.004 ,0.542 
100164,0.001 ,0.501 ,0.435 ,0.279 ,0.002 ,0.001 ,0.157 ,0.057 ,0.625 ,0.013 ,0.007 ,0.215 ,0.000 ,0.004 ,0.016 ,0.001 ,0.622 ,0.012 ,0.058 ,0.390 ,0.240 ,0.007 ,0.419 
100165,0.001 ,0.499 ,0.448 ,0.264 ,0.002 ,0.002 ,0.131 ,0.045 ,0.617 ,0.011 ,0.006 ,0.184 ,0.000 ,0.003 ,0.012 ,0.001 ,0.637 ,0.010 ,0.054 ,0.378 ,0.231 ,0.005 ,0.455 
100166,0.002 ,0.497 ,0.434 ,0.311 ,0.003 ,0.005 ,0.194 ,0.055 ,0.621 ,0.015 ,0.010 ,0.282 ,0.000 ,0.006 ,0.017 ,0.001 ,0.613 ,0.017 ,0.071 ,0.390 ,0.275 ,0.016 ,0.419 
100167,0.002 ,0.500 ,0.436 ,0.260 ,0.003 ,0.003 ,0.167 ,0.059 ,0.627 ,0.016 ,0.010 ,0.282 ,0.001 ,0.006 ,0.015 ,0.001 ,0.605 ,0.018 ,0.055 ,0.344 ,0.271 ,0.014 ,0.324 
100168,0.002 ,0.487 ,0.386 ,0.165 ,0.004 ,0.003 ,0.174 ,0.056 ,0.638 ,0.011 ,0.008 ,0.302 ,0.001 ,0.006 ,0.010 ,0.001 ,0.564 ,0.027 ,0.032 ,0.349 ,0.270 ,0.064 ,0.204 
100169,0.002 ,0.466 ,0.377 ,0.157 ,0.006 ,0.009 ,0.227 ,0.047 ,0.644 ,0.011 ,0.007 ,0.329 ,0.001 ,0.007 ,0.009 ,0.001 ,0.543 ,0.027 ,0.029 ,0.386 ,0.289 ,0.173 ,0.261 
100170,0.002 ,0.449 ,0.307 ,0.099 ,0.007 ,0.010 ,0.157 ,0.036 ,0.618 ,0.011 ,0.006 ,0.240 ,0.001 ,0.007 ,0.009 ,0.001 ,0.522 ,0.020 ,0.026 ,0.335 ,0.245 ,0.099 ,0.263 
100171,0.003 ,0.429 ,0.334 ,0.136 ,0.026 ,0.054 ,0.277 ,0.054 ,0.556 ,0.028 ,0.003 ,0.391 ,0.001 ,0.026 ,0.025 ,0.002 ,0.436 ,0.020 ,0.073 ,0.220 ,0.294 ,0.191 ,0.340 
100172,0.002 ,0.381 ,0.420 ,0.112 ,0.038 ,0.050 ,0.244 ,0.071 ,0.425 ,0.016 ,0.000 ,0.359 ,0.001 ,0.029 ,0.048 ,0.004 ,0.346 ,0.012 ,0.136 ,0.089 ,0.264 ,0.127 ,0.427 
100173,0.002 ,0.499 ,0.455 ,0.383 ,0.004 ,0.012 ,0.251 ,0.058 ,0.547 ,0.007 ,0.013 ,0.267 ,0.000 ,0.008 ,0.026 ,0.001 ,0.608 ,0.014 ,0.076 ,0.423 ,0.282 ,0.062 ,0.518 
100174,0.002 ,0.502 ,0.471 ,0.375 ,0.002 ,0.005 ,0.197 ,0.052 ,0.561 ,0.007 ,0.010 ,0.214 ,0.000 ,0.004 ,0.020 ,0.001 ,0.627 ,0.010 ,0.062 ,0.456 ,0.250 ,0.027 ,0.502 
100175,0.002 ,0.502 ,0.473 ,0.342 ,0.001 ,0.002 ,0.167 ,0.058 ,0.604 ,0.012 ,0.009 ,0.221 ,0.000 ,0.003 ,0.017 ,0.001 ,0.622 ,0.011 ,0.065 ,0.457 ,0.258 ,0.007 ,0.464 
100176,0.003 ,0.501 ,0.438 ,0.368 ,0.003 ,0.002 ,0.231 ,0.081 ,0.611 ,0.020 ,0.014 ,0.328 ,0.001 ,0.007 ,0.023 ,0.002 ,0.597 ,0.019 ,0.089 ,0.415 ,0.337 ,0.012 ,0.400 
100177,0.003 ,0.498 ,0.437 ,0.422 ,0.004 ,0.006 ,0.320 ,0.077 ,0.587 ,0.020 ,0.015 ,0.377 ,0.001 ,0.009 ,0.023 ,0.001 ,0.612 ,0.023 ,0.099 ,0.453 ,0.384 ,0.036 ,0.468 
100178,0.001 ,0.498 ,0.471 ,0.337 ,0.002 ,0.003 ,0.196 ,0.049 ,0.588 ,0.011 ,0.007 ,0.240 ,0.000 ,0.003 ,0.012 ,0.001 ,0.649 ,0.012 ,0.059 ,0.417 ,0.307 ,0.012 ,0.512 
100179,0.003 ,0.502 ,0.449 ,0.288 ,0.002 ,0.001 ,0.163 ,0.076 ,0.620 ,0.019 ,0.013 ,0.287 ,0.001 ,0.006 ,0.018 ,0.002 ,0.592 ,0.017 ,0.073 ,0.379 ,0.299 ,0.006 ,0.319 
100180,0.002 ,0.498 ,0.433 ,0.222 ,0.003 ,0.002 ,0.140 ,0.058 ,0.631 ,0.012 ,0.010 ,0.309 ,0.001 ,0.005 ,0.011 ,0.001 ,0.590 ,0.022 ,0.044 ,0.337 ,0.292 ,0.017 ,0.237 
100181,0.002 ,0.449 ,0.388 ,0.149 ,0.005 ,0.006 ,0.207 ,0.046 ,0.648 ,0.008 ,0.007 ,0.342 ,0.001 ,0.006 ,0.008 ,0.001 ,0.545 ,0.029 ,0.027 ,0.406 ,0.249 ,0.141 ,0.249 
100182,0.003 ,0.456 ,0.347 ,0.130 ,0.008 ,0.010 ,0.203 ,0.045 ,0.631 ,0.012 ,0.008 ,0.343 ,0.001 ,0.008 ,0.010 ,0.001 ,0.514 ,0.027 ,0.031 ,0.371 ,0.272 ,0.154 ,0.243 
100183,0.003 ,0.459 ,0.326 ,0.156 ,0.015 ,0.028 ,0.247 ,0.047 ,0.601 ,0.020 ,0.005 ,0.353 ,0.001 ,0.015 ,0.016 ,0.001 ,0.487 ,0.024 ,0.045 ,0.299 ,0.306 ,0.202 ,0.313 
100184,0.003 ,0.416 ,0.395 ,0.168 ,0.035 ,0.065 ,0.317 ,0.062 ,0.509 ,0.023 ,0.001 ,0.425 ,0.001 ,0.036 ,0.037 ,0.002 ,0.412 ,0.019 ,0.109 ,0.172 ,0.325 ,0.226 ,0.420 
100185,0.002 ,0.495 ,0.457 ,0.318 ,0.009 ,0.038 ,0.333 ,0.058 ,0.465 ,0.006 ,0.017 ,0.316 ,0.000 ,0.014 ,0.031 ,0.001 ,0.609 ,0.018 ,0.099 ,0.431 ,0.316 ,0.163 ,0.584 
100186,0.003 ,0.500 ,0.482 ,0.370 ,0.004 ,0.017 ,0.326 ,0.061 ,0.486 ,0.008 ,0.017 ,0.282 ,0.000 ,0.008 ,0.026 ,0.001 ,0.627 ,0.014 ,0.093 ,0.450 ,0.322 ,0.095 ,0.551 
100187,0.004 ,0.502 ,0.492 ,0.428 ,0.002 ,0.005 ,0.283 ,0.072 ,0.559 ,0.014 ,0.016 ,0.290 ,0.001 ,0.006 ,0.024 ,0.002 ,0.618 ,0.016 ,0.095 ,0.497 ,0.347 ,0.030 ,0.468 
100188,0.002 ,0.499 ,0.465 ,0.440 ,0.004 ,0.004 ,0.283 ,0.076 ,0.576 ,0.018 ,0.017 ,0.340 ,0.001 ,0.008 ,0.023 ,0.002 ,0.610 ,0.019 ,0.106 ,0.460 ,0.386 ,0.019 ,0.479 
100189,0.004 ,0.496 ,0.431 ,0.478 ,0.012 ,0.026 ,0.407 ,0.102 ,0.565 ,0.028 ,0.035 ,0.475 ,0.001 ,0.023 ,0.045 ,0.002 ,0.565 ,0.043 ,0.171 ,0.472 ,0.437 ,0.110 ,0.479 
100190,0.002 ,0.499 ,0.471 ,0.422 ,0.003 ,0.003 ,0.278 ,0.070 ,0.577 ,0.016 ,0.013 ,0.326 ,0.000 ,0.006 ,0.018 ,0.002 ,0.625 ,0.017 ,0.087 ,0.454 ,0.384 ,0.020 ,0.471 
100191,0.003 ,0.501 ,0.459 ,0.408 ,0.003 ,0.002 ,0.253 ,0.083 ,0.605 ,0.021 ,0.017 ,0.348 ,0.001 ,0.007 ,0.021 ,0.002 ,0.601 ,0.021 ,0.086 ,0.434 ,0.380 ,0.018 ,0.372 
100192,0.004 ,0.497 ,0.429 ,0.304 ,0.005 ,0.004 ,0.197 ,0.072 ,0.639 ,0.017 ,0.018 ,0.408 ,0.001 ,0.008 ,0.015 ,0.002 ,0.563 ,0.033 ,0.063 ,0.362 ,0.346 ,0.040 ,0.232 
100193,0.002 ,0.440 ,0.407 ,0.163 ,0.005 ,0.004 ,0.190 ,0.047 ,0.652 ,0.007 ,0.009 ,0.365 ,0.001 ,0.005 ,0.007 ,0.001 ,0.545 ,0.029 ,0.028 ,0.416 ,0.249 ,0.125 ,0.218 
100194,0.003 ,0.469 ,0.390 ,0.189 ,0.007 ,0.010 ,0.244 ,0.050 ,0.650 ,0.011 ,0.008 ,0.387 ,0.001 ,0.008 ,0.010 ,0.001 ,0.537 ,0.031 ,0.033 ,0.402 ,0.305 ,0.221 ,0.261 
100195,0.003 ,0.474 ,0.387 ,0.217 ,0.011 ,0.023 ,0.274 ,0.048 ,0.628 ,0.015 ,0.006 ,0.391 ,0.001 ,0.013 ,0.014 ,0.001 ,0.519 ,0.029 ,0.040 ,0.355 ,0.332 ,0.279 ,0.309 
100196,0.003 ,0.463 ,0.408 ,0.280 ,0.024 ,0.063 ,0.356 ,0.053 ,0.587 ,0.018 ,0.003 ,0.448 ,0.001 ,0.027 ,0.023 ,0.001 ,0.494 ,0.027 ,0.065 ,0.283 ,0.387 ,0.328 ,0.401 
100197,0.003 ,0.418 ,0.499 ,0.247 ,0.051 ,0.082 ,0.375 ,0.081 ,0.459 ,0.019 ,0.001 ,0.495 ,0.002 ,0.055 ,0.055 ,0.003 ,0.387 ,0.025 ,0.148 ,0.152 ,0.384 ,0.280 ,0.487 
100198,0.003 ,0.382 ,0.517 ,0.119 ,0.040 ,0.101 ,0.285 ,0.083 ,0.437 ,0.024 ,0.001 ,0.446 ,0.002 ,0.031 ,0.062 ,0.006 ,0.330 ,0.015 ,0.136 ,0.096 ,0.260 ,0.213 ,0.414 
100199,0.001 ,0.493 ,0.486 ,0.191 ,0.018 ,0.135 ,0.396 ,0.060 ,0.314 ,0.003 ,0.023 ,0.339 ,0.000 ,0.024 ,0.037 ,0.001 ,0.605 ,0.017 ,0.133 ,0.370 ,0.343 ,0.413 ,0.612 
100200,0.002 ,0.499 ,0.501 ,0.250 ,0.015 ,0.095 ,0.407 ,0.069 ,0.346 ,0.004 ,0.030 ,0.338 ,0.000 ,0.020 ,0.038 ,0.001 ,0.596 ,0.019 ,0.143 ,0.402 ,0.366 ,0.322 ,0.578 
100201,0.005 ,0.501 ,0.502 ,0.414 ,0.008 ,0.032 ,0.433 ,0.083 ,0.471 ,0.012 ,0.030 ,0.366 ,0.001 ,0.017 ,0.037 ,0.002 ,0.600 ,0.024 ,0.139 ,0.457 ,0.409 ,0.182 ,0.514 
100202,0.005 ,0.499 ,0.481 ,0.494 ,0.009 ,0.024 ,0.432 ,0.091 ,0.520 ,0.019 ,0.034 ,0.416 ,0.001 ,0.018 ,0.039 ,0.002 ,0.591 ,0.031 ,0.154 ,0.485 ,0.451 ,0.121 ,0.511 
100203,0.005 ,0.497 ,0.461 ,0.502 ,0.015 ,0.038 ,0.470 ,0.102 ,0.522 ,0.024 ,0.044 ,0.473 ,0.001 ,0.026 ,0.047 ,0.002 ,0.574 ,0.041 ,0.186 ,0.492 ,0.485 ,0.165 ,0.512 
100204,0.008 ,0.499 ,0.449 ,0.534 ,0.014 ,0.027 ,0.474 ,0.119 ,0.552 ,0.031 ,0.046 ,0.489 ,0.002 ,0.028 ,0.052 ,0.003 ,0.566 ,0.050 ,0.183 ,0.472 ,0.507 ,0.166 ,0.454 
100205,0.004 ,0.500 ,0.464 ,0.491 ,0.006 ,0.006 ,0.323 ,0.090 ,0.581 ,0.024 ,0.027 ,0.407 ,0.001 ,0.011 ,0.027 ,0.002 ,0.590 ,0.028 ,0.125 ,0.442 ,0.440 ,0.034 ,0.407 
100206,0.005 ,0.499 ,0.438 ,0.477 ,0.007 ,0.008 ,0.324 ,0.095 ,0.600 ,0.028 ,0.033 ,0.460 ,0.001 ,0.013 ,0.026 ,0.002 ,0.572 ,0.039 ,0.120 ,0.430 ,0.456 ,0.053 ,0.335 
100207,0.006 ,0.485 ,0.394 ,0.338 ,0.012 ,0.012 ,0.337 ,0.100 ,0.639 ,0.022 ,0.028 ,0.586 ,0.003 ,0.014 ,0.021 ,0.002 ,0.493 ,0.065 ,0.076 ,0.435 ,0.420 ,0.359 ,0.181 
100208,0.004 ,0.476 ,0.414 ,0.252 ,0.008 ,0.010 ,0.270 ,0.064 ,0.650 ,0.012 ,0.010 ,0.489 ,0.001 ,0.009 ,0.012 ,0.001 ,0.528 ,0.040 ,0.041 ,0.412 ,0.342 ,0.288 ,0.222 
100209,0.004 ,0.483 ,0.413 ,0.287 ,0.013 ,0.028 ,0.338 ,0.061 ,0.638 ,0.017 ,0.008 ,0.490 ,0.002 ,0.016 ,0.017 ,0.001 ,0.511 ,0.039 ,0.048 ,0.375 ,0.377 ,0.400 ,0.298 
100210,0.003 ,0.480 ,0.413 ,0.299 ,0.014 ,0.038 ,0.325 ,0.049 ,0.621 ,0.014 ,0.004 ,0.423 ,0.001 ,0.018 ,0.017 ,0.001 ,0.525 ,0.029 ,0.045 ,0.344 ,0.386 ,0.368 ,0.355 
100211,0.003 ,0.467 ,0.426 ,0.307 ,0.024 ,0.082 ,0.385 ,0.055 ,0.585 ,0.019 ,0.004 ,0.515 ,0.001 ,0.027 ,0.024 ,0.002 ,0.502 ,0.030 ,0.065 ,0.306 ,0.416 ,0.424 ,0.410 
100212,0.004 ,0.437 ,0.453 ,0.250 ,0.042 ,0.123 ,0.398 ,0.067 ,0.542 ,0.026 ,0.003 ,0.525 ,0.002 ,0.045 ,0.040 ,0.003 ,0.435 ,0.027 ,0.104 ,0.235 ,0.383 ,0.384 ,0.424 
100213,0.003 ,0.388 ,0.488 ,0.125 ,0.031 ,0.109 ,0.295 ,0.070 ,0.472 ,0.028 ,0.001 ,0.459 ,0.001 ,0.028 ,0.049 ,0.004 ,0.363 ,0.015 ,0.112 ,0.117 ,0.253 ,0.245 ,0.428 
100214,0.002 ,0.493 ,0.503 ,0.127 ,0.028 ,0.183 ,0.433 ,0.078 ,0.254 ,0.002 ,0.035 ,0.361 ,0.000 ,0.036 ,0.050 ,0.001 ,0.580 ,0.020 ,0.177 ,0.370 ,0.365 ,0.471 ,0.616 
100215,0.002 ,0.492 ,0.501 ,0.210 ,0.029 ,0.185 ,0.484 ,0.085 ,0.304 ,0.006 ,0.047 ,0.426 ,0.000 ,0.040 ,0.054 ,0.001 ,0.571 ,0.026 ,0.210 ,0.421 ,0.418 ,0.444 ,0.623 
100216,0.004 ,0.496 ,0.498 ,0.332 ,0.025 ,0.135 ,0.505 ,0.089 ,0.375 ,0.010 ,0.053 ,0.454 ,0.001 ,0.036 ,0.053 ,0.002 ,0.570 ,0.031 ,0.216 ,0.470 ,0.449 ,0.365 ,0.593 
100217,0.006 ,0.498 ,0.490 ,0.436 ,0.027 ,0.098 ,0.537 ,0.116 ,0.446 ,0.017 ,0.061 ,0.497 ,0.001 ,0.046 ,0.066 ,0.003 ,0.550 ,0.049 ,0.231 ,0.476 ,0.497 ,0.346 ,0.529 
100218,0.008 ,0.498 ,0.470 ,0.476 ,0.032 ,0.101 ,0.573 ,0.136 ,0.467 ,0.029 ,0.075 ,0.548 ,0.002 ,0.053 ,0.075 ,0.003 ,0.546 ,0.064 ,0.266 ,0.501 ,0.549 ,0.365 ,0.515 
100219,0.009 ,0.499 ,0.472 ,0.546 ,0.019 ,0.045 ,0.528 ,0.125 ,0.509 ,0.032 ,0.066 ,0.515 ,0.002 ,0.034 ,0.058 ,0.003 ,0.562 ,0.054 ,0.231 ,0.503 ,0.552 ,0.213 ,0.466 
100220,0.007 ,0.499 ,0.471 ,0.562 ,0.012 ,0.022 ,0.430 ,0.108 ,0.546 ,0.031 ,0.053 ,0.473 ,0.002 ,0.023 ,0.044 ,0.003 ,0.563 ,0.042 ,0.198 ,0.486 ,0.507 ,0.096 ,0.427 
100221,0.005 ,0.500 ,0.486 ,0.525 ,0.006 ,0.006 ,0.344 ,0.093 ,0.553 ,0.022 ,0.034 ,0.419 ,0.001 ,0.011 ,0.025 ,0.002 ,0.597 ,0.029 ,0.137 ,0.486 ,0.509 ,0.040 ,0.402 
100222,0.008 ,0.499 ,0.460 ,0.462 ,0.007 ,0.006 ,0.329 ,0.105 ,0.597 ,0.023 ,0.035 ,0.492 ,0.002 ,0.013 ,0.023 ,0.003 ,0.559 ,0.045 ,0.106 ,0.447 ,0.484 ,0.139 ,0.234 
100223,0.009 ,0.493 ,0.426 ,0.372 ,0.019 ,0.027 ,0.415 ,0.114 ,0.619 ,0.030 ,0.026 ,0.633 ,0.005 ,0.023 ,0.027 ,0.003 ,0.473 ,0.078 ,0.094 ,0.437 ,0.458 ,0.589 ,0.202 
100224,0.004 ,0.478 ,0.436 ,0.278 ,0.009 ,0.018 ,0.303 ,0.057 ,0.628 ,0.012 ,0.008 ,0.472 ,0.001 ,0.011 ,0.012 ,0.001 ,0.542 ,0.036 ,0.041 ,0.414 ,0.371 ,0.386 ,0.284 
100225,0.005 ,0.481 ,0.424 ,0.318 ,0.018 ,0.047 ,0.384 ,0.067 ,0.620 ,0.020 ,0.010 ,0.557 ,0.002 ,0.021 ,0.021 ,0.002 ,0.498 ,0.044 ,0.062 ,0.376 ,0.411 ,0.474 ,0.320 
100226,0.005 ,0.479 ,0.423 ,0.317 ,0.020 ,0.051 ,0.377 ,0.068 ,0.621 ,0.022 ,0.011 ,0.568 ,0.002 ,0.022 ,0.023 ,0.002 ,0.484 ,0.045 ,0.067 ,0.373 ,0.420 ,0.471 ,0.309 
100227,0.005 ,0.471 ,0.435 ,0.326 ,0.028 ,0.092 ,0.406 ,0.067 ,0.590 ,0.024 ,0.009 ,0.571 ,0.002 ,0.030 ,0.029 ,0.002 ,0.477 ,0.040 ,0.080 ,0.333 ,0.444 ,0.485 ,0.364 
100228,0.005 ,0.449 ,0.449 ,0.290 ,0.047 ,0.151 ,0.428 ,0.078 ,0.558 ,0.032 ,0.006 ,0.574 ,0.002 ,0.048 ,0.044 ,0.003 ,0.427 ,0.038 ,0.115 ,0.270 ,0.420 ,0.454 ,0.392 
100229,0.004 ,0.413 ,0.510 ,0.217 ,0.048 ,0.192 ,0.367 ,0.062 ,0.469 ,0.025 ,0.003 ,0.543 ,0.001 ,0.047 ,0.047 ,0.004 ,0.391 ,0.018 ,0.103 ,0.164 ,0.387 ,0.401 ,0.475 
100230,0.002 ,0.493 ,0.521 ,0.130 ,0.051 ,0.263 ,0.475 ,0.103 ,0.239 ,0.003 ,0.062 ,0.425 ,0.000 ,0.067 ,0.077 ,0.001 ,0.528 ,0.028 ,0.259 ,0.369 ,0.402 ,0.524 ,0.593 
100231,0.003 ,0.482 ,0.510 ,0.181 ,0.059 ,0.314 ,0.511 ,0.111 ,0.279 ,0.007 ,0.074 ,0.501 ,0.001 ,0.089 ,0.091 ,0.002 ,0.503 ,0.036 ,0.300 ,0.405 ,0.422 ,0.514 ,0.620 
100232,0.004 ,0.478 ,0.506 ,0.236 ,0.061 ,0.332 ,0.555 ,0.120 ,0.311 ,0.014 ,0.085 ,0.551 ,0.001 ,0.092 ,0.097 ,0.002 ,0.507 ,0.046 ,0.312 ,0.435 ,0.469 ,0.522 ,0.621 
100233,0.007 ,0.490 ,0.487 ,0.360 ,0.053 ,0.242 ,0.589 ,0.136 ,0.383 ,0.022 ,0.096 ,0.573 ,0.002 ,0.080 ,0.095 ,0.003 ,0.515 ,0.062 ,0.323 ,0.486 ,0.524 ,0.473 ,0.570 
100234,0.010 ,0.496 ,0.462 ,0.478 ,0.044 ,0.141 ,0.592 ,0.155 ,0.458 ,0.035 ,0.096 ,0.585 ,0.003 ,0.070 ,0.094 ,0.004 ,0.520 ,0.078 ,0.315 ,0.515 ,0.564 ,0.385 ,0.512 
100235,0.012 ,0.500 ,0.467 ,0.521 ,0.040 ,0.106 ,0.561 ,0.154 ,0.490 ,0.034 ,0.093 ,0.558 ,0.003 ,0.066 ,0.093 ,0.004 ,0.513 ,0.077 ,0.297 ,0.484 ,0.550 ,0.337 ,0.470 
100236,0.011 ,0.500 ,0.481 ,0.531 ,0.037 ,0.101 ,0.561 ,0.141 ,0.470 ,0.033 ,0.103 ,0.556 ,0.003 ,0.056 ,0.080 ,0.004 ,0.524 ,0.067 ,0.301 ,0.506 ,0.565 ,0.314 ,0.476 
100237,0.010 ,0.500 ,0.500 ,0.543 ,0.015 ,0.034 ,0.537 ,0.124 ,0.487 ,0.031 ,0.072 ,0.507 ,0.002 ,0.027 ,0.048 ,0.004 ,0.570 ,0.046 ,0.240 ,0.520 ,0.570 ,0.190 ,0.453 
100238,0.018 ,0.500 ,0.484 ,0.533 ,0.007 ,0.010 ,0.494 ,0.149 ,0.552 ,0.041 ,0.060 ,0.486 ,0.003 ,0.022 ,0.046 ,0.005 ,0.567 ,0.047 ,0.188 ,0.552 ,0.546 ,0.156 ,0.324 
100239,0.007 ,0.454 ,0.494 ,0.298 ,0.006 ,0.009 ,0.292 ,0.080 ,0.591 ,0.010 ,0.017 ,0.528 ,0.002 ,0.009 ,0.014 ,0.002 ,0.528 ,0.041 ,0.061 ,0.476 ,0.361 ,0.374 ,0.197 
100240,0.004 ,0.462 ,0.465 ,0.268 ,0.009 ,0.020 ,0.328 ,0.061 ,0.586 ,0.011 ,0.011 ,0.528 ,0.001 ,0.009 ,0.012 ,0.002 ,0.541 ,0.039 ,0.048 ,0.462 ,0.371 ,0.445 ,0.293 
100241,0.006 ,0.471 ,0.433 ,0.313 ,0.021 ,0.052 ,0.409 ,0.077 ,0.589 ,0.023 ,0.019 ,0.607 ,0.002 ,0.020 ,0.024 ,0.002 ,0.480 ,0.054 ,0.071 ,0.427 ,0.437 ,0.568 ,0.297 
100242,0.007 ,0.477 ,0.415 ,0.331 ,0.022 ,0.038 ,0.382 ,0.092 ,0.624 ,0.027 ,0.023 ,0.622 ,0.003 ,0.022 ,0.027 ,0.002 ,0.456 ,0.066 ,0.083 ,0.426 ,0.428 ,0.533 ,0.230 
100243,0.009 ,0.481 ,0.415 ,0.360 ,0.042 ,0.095 ,0.487 ,0.115 ,0.597 ,0.045 ,0.017 ,0.653 ,0.005 ,0.040 ,0.046 ,0.003 ,0.429 ,0.084 ,0.132 ,0.377 ,0.481 ,0.622 ,0.281 
100244,0.010 ,0.475 ,0.436 ,0.359 ,0.050 ,0.134 ,0.508 ,0.113 ,0.557 ,0.044 ,0.014 ,0.657 ,0.005 ,0.045 ,0.051 ,0.004 ,0.427 ,0.078 ,0.135 ,0.363 ,0.496 ,0.647 ,0.318 
100245,0.007 ,0.449 ,0.459 ,0.266 ,0.043 ,0.155 ,0.428 ,0.076 ,0.515 ,0.034 ,0.014 ,0.613 ,0.002 ,0.037 ,0.039 ,0.003 ,0.430 ,0.041 ,0.090 ,0.320 ,0.474 ,0.565 ,0.386 
100246,0.002 ,0.397 ,0.523 ,0.156 ,0.043 ,0.191 ,0.339 ,0.045 ,0.353 ,0.015 ,0.002 ,0.506 ,0.001 ,0.044 ,0.039 ,0.003 ,0.414 ,0.010 ,0.064 ,0.127 ,0.394 ,0.389 ,0.570 
100247,0.002 ,0.487 ,0.552 ,0.052 ,0.098 ,0.462 ,0.447 ,0.098 ,0.145 ,0.001 ,0.053 ,0.429 ,0.000 ,0.118 ,0.094 ,0.001 ,0.491 ,0.026 ,0.291 ,0.239 ,0.386 ,0.655 ,0.576 
100248,0.002 ,0.487 ,0.538 ,0.092 ,0.091 ,0.411 ,0.483 ,0.113 ,0.192 ,0.002 ,0.076 ,0.461 ,0.001 ,0.116 ,0.105 ,0.002 ,0.482 ,0.032 ,0.321 ,0.312 ,0.404 ,0.610 ,0.591 
100249,0.005 ,0.472 ,0.529 ,0.152 ,0.106 ,0.457 ,0.517 ,0.145 ,0.272 ,0.008 ,0.083 ,0.555 ,0.001 ,0.164 ,0.148 ,0.003 ,0.437 ,0.052 ,0.376 ,0.358 ,0.411 ,0.579 ,0.600 
100250,0.004 ,0.458 ,0.530 ,0.101 ,0.098 ,0.485 ,0.511 ,0.132 ,0.229 ,0.010 ,0.072 ,0.556 ,0.001 ,0.152 ,0.133 ,0.002 ,0.455 ,0.041 ,0.320 ,0.356 ,0.403 ,0.585 ,0.632 
100251,0.005 ,0.476 ,0.512 ,0.157 ,0.080 ,0.389 ,0.579 ,0.138 ,0.260 ,0.013 ,0.093 ,0.562 ,0.001 ,0.115 ,0.114 ,0.002 ,0.497 ,0.049 ,0.340 ,0.424 ,0.488 ,0.568 ,0.636 
100252,0.007 ,0.490 ,0.481 ,0.351 ,0.055 ,0.229 ,0.603 ,0.146 ,0.375 ,0.024 ,0.109 ,0.579 ,0.002 ,0.081 ,0.098 ,0.003 ,0.518 ,0.064 ,0.338 ,0.511 ,0.544 ,0.449 ,0.576 
100253,0.011 ,0.497 ,0.483 ,0.442 ,0.066 ,0.224 ,0.609 ,0.167 ,0.418 ,0.030 ,0.117 ,0.594 ,0.003 ,0.097 ,0.117 ,0.005 ,0.493 ,0.086 ,0.359 ,0.487 ,0.558 ,0.479 ,0.519 
100254,0.012 ,0.496 ,0.477 ,0.418 ,0.069 ,0.229 ,0.650 ,0.182 ,0.398 ,0.038 ,0.137 ,0.617 ,0.004 ,0.096 ,0.117 ,0.005 ,0.506 ,0.091 ,0.374 ,0.517 ,0.607 ,0.517 ,0.522 
100255,0.018 ,0.500 ,0.481 ,0.423 ,0.083 ,0.217 ,0.675 ,0.223 ,0.412 ,0.045 ,0.142 ,0.632 ,0.006 ,0.114 ,0.133 ,0.006 ,0.504 ,0.115 ,0.395 ,0.510 ,0.637 ,0.594 ,0.481 
100256,0.025 ,0.502 ,0.498 ,0.543 ,0.028 ,0.056 ,0.611 ,0.198 ,0.481 ,0.050 ,0.125 ,0.569 ,0.005 ,0.060 ,0.091 ,0.007 ,0.521 ,0.079 ,0.326 ,0.511 ,0.614 ,0.350 ,0.384 
100257,0.009 ,0.489 ,0.528 ,0.390 ,0.011 ,0.027 ,0.417 ,0.086 ,0.502 ,0.017 ,0.034 ,0.533 ,0.001 ,0.013 ,0.022 ,0.003 ,0.558 ,0.043 ,0.122 ,0.481 ,0.487 ,0.408 ,0.321 
100258,0.006 ,0.436 ,0.489 ,0.252 ,0.014 ,0.033 ,0.344 ,0.066 ,0.540 ,0.011 ,0.019 ,0.575 ,0.001 ,0.011 ,0.015 ,0.002 ,0.508 ,0.046 ,0.065 ,0.486 ,0.386 ,0.535 ,0.291 
100259,0.009 ,0.463 ,0.450 ,0.309 ,0.027 ,0.055 ,0.388 ,0.084 ,0.567 ,0.022 ,0.029 ,0.637 ,0.003 ,0.022 ,0.027 ,0.003 ,0.450 ,0.064 ,0.085 ,0.456 ,0.455 ,0.580 ,0.257 
100260,0.014 ,0.482 ,0.412 ,0.377 ,0.057 ,0.116 ,0.521 ,0.145 ,0.572 ,0.058 ,0.026 ,0.694 ,0.008 ,0.048 ,0.061 ,0.005 ,0.404 ,0.111 ,0.166 ,0.412 ,0.522 ,0.695 ,0.263 
100261,0.008 ,0.476 ,0.429 ,0.347 ,0.022 ,0.036 ,0.383 ,0.097 ,0.609 ,0.024 ,0.029 ,0.632 ,0.003 ,0.021 ,0.027 ,0.003 ,0.459 ,0.071 ,0.088 ,0.460 ,0.444 ,0.546 ,0.213 
100262,0.011 ,0.474 ,0.428 ,0.349 ,0.033 ,0.056 ,0.433 ,0.113 ,0.583 ,0.033 ,0.038 ,0.674 ,0.004 ,0.028 ,0.036 ,0.003 ,0.432 ,0.086 ,0.110 ,0.473 ,0.485 ,0.644 ,0.219 
100263,0.009 ,0.463 ,0.445 ,0.294 ,0.035 ,0.093 ,0.434 ,0.088 ,0.542 ,0.032 ,0.025 ,0.644 ,0.003 ,0.028 ,0.034 ,0.003 ,0.439 ,0.061 ,0.093 ,0.416 ,0.481 ,0.620 ,0.303 
100264,0.005 ,0.433 ,0.479 ,0.226 ,0.045 ,0.213 ,0.403 ,0.059 ,0.463 ,0.026 ,0.007 ,0.562 ,0.001 ,0.040 ,0.037 ,0.003 ,0.447 ,0.024 ,0.083 ,0.241 ,0.433 ,0.521 ,0.482 
100265,0.002 ,0.391 ,0.524 ,0.156 ,0.037 ,0.220 ,0.284 ,0.043 ,0.421 ,0.018 ,0.004 ,0.499 ,0.001 ,0.037 ,0.037 ,0.003 ,0.391 ,0.009 ,0.069 ,0.123 ,0.325 ,0.354 ,0.535 
100266,0.004 ,0.492 ,0.569 ,0.076 ,0.133 ,0.478 ,0.538 ,0.147 ,0.190 ,0.002 ,0.060 ,0.492 ,0.001 ,0.184 ,0.140 ,0.002 ,0.462 ,0.054 ,0.359 ,0.269 ,0.452 ,0.680 ,0.546 
100267,0.005 ,0.488 ,0.555 ,0.118 ,0.137 ,0.496 ,0.565 ,0.162 ,0.226 ,0.005 ,0.072 ,0.534 ,0.002 ,0.194 ,0.153 ,0.003 ,0.453 ,0.061 ,0.383 ,0.304 ,0.477 ,0.680 ,0.563 
100268,0.004 ,0.468 ,0.544 ,0.089 ,0.132 ,0.509 ,0.508 ,0.146 ,0.213 ,0.005 ,0.078 ,0.542 ,0.001 ,0.193 ,0.158 ,0.002 ,0.424 ,0.045 ,0.375 ,0.324 ,0.400 ,0.620 ,0.610 
100269,0.002 ,0.448 ,0.560 ,0.018 ,0.149 ,0.549 ,0.446 ,0.125 ,0.110 ,0.002 ,0.049 ,0.501 ,0.001 ,0.210 ,0.140 ,0.001 ,0.453 ,0.025 ,0.293 ,0.235 ,0.355 ,0.660 ,0.637 
100270,0.002 ,0.467 ,0.545 ,0.031 ,0.132 ,0.524 ,0.529 ,0.135 ,0.132 ,0.004 ,0.077 ,0.522 ,0.001 ,0.170 ,0.129 ,0.001 ,0.486 ,0.032 ,0.333 ,0.309 ,0.425 ,0.660 ,0.654 
100271,0.005 ,0.480 ,0.522 ,0.118 ,0.096 ,0.423 ,0.613 ,0.154 ,0.226 ,0.012 ,0.094 ,0.569 ,0.001 ,0.131 ,0.123 ,0.002 ,0.505 ,0.054 ,0.356 ,0.419 ,0.516 ,0.629 ,0.633 
100272,0.008 ,0.489 ,0.492 ,0.266 ,0.069 ,0.291 ,0.634 ,0.164 ,0.326 ,0.022 ,0.113 ,0.589 ,0.002 ,0.099 ,0.112 ,0.003 ,0.517 ,0.068 ,0.360 ,0.504 ,0.560 ,0.532 ,0.595 
100273,0.012 ,0.496 ,0.483 ,0.325 ,0.085 ,0.269 ,0.670 ,0.206 ,0.361 ,0.031 ,0.131 ,0.619 ,0.004 ,0.120 ,0.136 ,0.004 ,0.508 ,0.095 ,0.392 ,0.512 ,0.614 ,0.571 ,0.548 
100274,0.017 ,0.498 ,0.478 ,0.353 ,0.096 ,0.255 ,0.691 ,0.232 ,0.374 ,0.042 ,0.158 ,0.639 ,0.005 ,0.129 ,0.149 ,0.006 ,0.503 ,0.114 ,0.422 ,0.536 ,0.649 ,0.587 ,0.522 
100275,0.019 ,0.500 ,0.498 ,0.455 ,0.062 ,0.138 ,0.679 ,0.207 ,0.406 ,0.048 ,0.160 ,0.623 ,0.004 ,0.077 ,0.104 ,0.006 ,0.523 ,0.094 ,0.406 ,0.558 ,0.655 ,0.471 ,0.470 
100276,0.018 ,0.499 ,0.500 ,0.440 ,0.060 ,0.181 ,0.663 ,0.181 ,0.425 ,0.051 ,0.127 ,0.650 ,0.004 ,0.064 ,0.084 ,0.006 ,0.518 ,0.097 ,0.343 ,0.525 ,0.644 ,0.593 ,0.416 
100277,0.016 ,0.475 ,0.455 ,0.327 ,0.057 ,0.108 ,0.497 ,0.139 ,0.508 ,0.044 ,0.051 ,0.718 ,0.006 ,0.040 ,0.055 ,0.005 ,0.413 ,0.105 ,0.155 ,0.489 ,0.554 ,0.734 ,0.248 
100278,0.014 ,0.464 ,0.426 ,0.309 ,0.042 ,0.063 ,0.434 ,0.125 ,0.554 ,0.037 ,0.050 ,0.706 ,0.005 ,0.029 ,0.043 ,0.004 ,0.401 ,0.097 ,0.116 ,0.497 ,0.497 ,0.669 ,0.205 
100279,0.014 ,0.464 ,0.442 ,0.309 ,0.049 ,0.082 ,0.440 ,0.119 ,0.536 ,0.039 ,0.046 ,0.697 ,0.005 ,0.033 ,0.046 ,0.004 ,0.399 ,0.089 ,0.123 ,0.469 ,0.513 ,0.664 ,0.229 
100280,0.010 ,0.451 ,0.440 ,0.300 ,0.028 ,0.049 ,0.401 ,0.096 ,0.560 ,0.025 ,0.040 ,0.661 ,0.003 ,0.021 ,0.030 ,0.003 ,0.437 ,0.074 ,0.090 ,0.487 ,0.449 ,0.595 ,0.234 
100281,0.011 ,0.469 ,0.410 ,0.351 ,0.030 ,0.051 ,0.430 ,0.115 ,0.586 ,0.034 ,0.046 ,0.675 ,0.004 ,0.025 ,0.036 ,0.003 ,0.434 ,0.089 ,0.108 ,0.479 ,0.489 ,0.608 ,0.211 
100282,0.012 ,0.473 ,0.431 ,0.338 ,0.049 ,0.111 ,0.492 ,0.121 ,0.553 ,0.047 ,0.027 ,0.687 ,0.005 ,0.039 ,0.050 ,0.004 ,0.416 ,0.086 ,0.130 ,0.415 ,0.508 ,0.677 ,0.277 
100283,0.008 ,0.456 ,0.453 ,0.274 ,0.030 ,0.087 ,0.379 ,0.069 ,0.545 ,0.024 ,0.024 ,0.607 ,0.002 ,0.024 ,0.028 ,0.003 ,0.447 ,0.047 ,0.077 ,0.392 ,0.465 ,0.537 ,0.332 
100284,0.006 ,0.453 ,0.456 ,0.278 ,0.029 ,0.099 ,0.318 ,0.055 ,0.563 ,0.021 ,0.023 ,0.561 ,0.001 ,0.024 ,0.025 ,0.002 ,0.453 ,0.035 ,0.076 ,0.342 ,0.439 ,0.412 ,0.366 
100285,0.003 ,0.441 ,0.478 ,0.270 ,0.051 ,0.267 ,0.343 ,0.043 ,0.439 ,0.013 ,0.006 ,0.510 ,0.001 ,0.047 ,0.033 ,0.003 ,0.459 ,0.016 ,0.093 ,0.208 ,0.451 ,0.456 ,0.547 
100286,0.000 ,0.388 ,0.420 ,0.114 ,0.036 ,0.148 ,0.144 ,0.013 ,0.250 ,0.001 ,0.001 ,0.304 ,0.000 ,0.036 ,0.014 ,0.001 ,0.490 ,0.001 ,0.033 ,0.070 ,0.346 ,0.256 ,0.718 
100287,0.005 ,0.498 ,0.573 ,0.054 ,0.173 ,0.463 ,0.563 ,0.168 ,0.180 ,0.002 ,0.097 ,0.490 ,0.001 ,0.227 ,0.184 ,0.002 ,0.427 ,0.071 ,0.429 ,0.292 ,0.459 ,0.642 ,0.525 
100288,0.008 ,0.492 ,0.554 ,0.085 ,0.191 ,0.511 ,0.604 ,0.201 ,0.230 ,0.004 ,0.092 ,0.551 ,0.002 ,0.274 ,0.220 ,0.003 ,0.423 ,0.095 ,0.459 ,0.325 ,0.493 ,0.674 ,0.550 
100289,0.001 ,0.475 ,0.573 ,0.014 ,0.196 ,0.540 ,0.422 ,0.111 ,0.089 ,0.001 ,0.074 ,0.442 ,0.000 ,0.230 ,0.152 ,0.001 ,0.404 ,0.026 ,0.378 ,0.198 ,0.354 ,0.660 ,0.562 
100290,0.000 ,0.462 ,0.551 ,0.001 ,0.215 ,0.537 ,0.298 ,0.079 ,0.031 ,0.000 ,0.048 ,0.366 ,0.000 ,0.199 ,0.100 ,0.000 ,0.431 ,0.008 ,0.273 ,0.118 ,0.267 ,0.644 ,0.584 
100291,0.001 ,0.459 ,0.577 ,0.001 ,0.247 ,0.581 ,0.348 ,0.100 ,0.029 ,0.000 ,0.042 ,0.397 ,0.000 ,0.240 ,0.117 ,0.001 ,0.465 ,0.012 ,0.279 ,0.123 ,0.290 ,0.651 ,0.591 
100292,0.001 ,0.471 ,0.578 ,0.004 ,0.187 ,0.605 ,0.502 ,0.132 ,0.058 ,0.001 ,0.066 ,0.466 ,0.000 ,0.187 ,0.116 ,0.001 ,0.518 ,0.022 ,0.319 ,0.222 ,0.396 ,0.693 ,0.649 
100293,0.004 ,0.473 ,0.550 ,0.025 ,0.141 ,0.551 ,0.605 ,0.162 ,0.129 ,0.007 ,0.082 ,0.553 ,0.001 ,0.173 ,0.135 ,0.002 ,0.519 ,0.042 ,0.353 ,0.340 ,0.487 ,0.696 ,0.652 
100294,0.008 ,0.483 ,0.519 ,0.124 ,0.122 ,0.454 ,0.659 ,0.195 ,0.234 ,0.017 ,0.110 ,0.607 ,0.002 ,0.160 ,0.152 ,0.003 ,0.499 ,0.074 ,0.396 ,0.444 ,0.565 ,0.662 ,0.610 
100295,0.013 ,0.492 ,0.492 ,0.237 ,0.111 ,0.344 ,0.692 ,0.217 ,0.300 ,0.034 ,0.167 ,0.635 ,0.004 ,0.136 ,0.153 ,0.005 ,0.500 ,0.095 ,0.436 ,0.535 ,0.640 ,0.591 ,0.574 
100296,0.020 ,0.499 ,0.472 ,0.353 ,0.115 ,0.256 ,0.707 ,0.254 ,0.363 ,0.053 ,0.208 ,0.659 ,0.006 ,0.138 ,0.166 ,0.007 ,0.497 ,0.125 ,0.467 ,0.572 ,0.679 ,0.570 ,0.516 
100297,0.019 ,0.500 ,0.495 ,0.441 ,0.072 ,0.161 ,0.683 ,0.210 ,0.394 ,0.050 ,0.177 ,0.633 ,0.004 ,0.084 ,0.111 ,0.007 ,0.517 ,0.099 ,0.425 ,0.562 ,0.664 ,0.480 ,0.477 
100298,0.020 ,0.500 ,0.471 ,0.524 ,0.076 ,0.188 ,0.653 ,0.197 ,0.455 ,0.060 ,0.155 ,0.655 ,0.006 ,0.089 ,0.114 ,0.007 ,0.489 ,0.114 ,0.389 ,0.519 ,0.642 ,0.544 ,0.402 
100299,0.024 ,0.481 ,0.457 ,0.387 ,0.088 ,0.158 ,0.500 ,0.163 ,0.494 ,0.058 ,0.100 ,0.714 ,0.008 ,0.060 ,0.086 ,0.007 ,0.382 ,0.126 ,0.224 ,0.477 ,0.585 ,0.687 ,0.237 
100300,0.017 ,0.435 ,0.470 ,0.273 ,0.051 ,0.073 ,0.388 ,0.110 ,0.505 ,0.028 ,0.067 ,0.690 ,0.004 ,0.029 ,0.043 ,0.004 ,0.382 ,0.087 ,0.114 ,0.493 ,0.467 ,0.624 ,0.211 
100301,0.012 ,0.376 ,0.470 ,0.242 ,0.029 ,0.038 ,0.333 ,0.085 ,0.526 ,0.016 ,0.054 ,0.647 ,0.002 ,0.017 ,0.024 ,0.002 ,0.405 ,0.072 ,0.079 ,0.481 ,0.396 ,0.526 ,0.207 
100302,0.012 ,0.417 ,0.429 ,0.278 ,0.030 ,0.034 ,0.349 ,0.102 ,0.562 ,0.022 ,0.062 ,0.666 ,0.003 ,0.019 ,0.029 ,0.003 ,0.401 ,0.084 ,0.085 ,0.511 ,0.417 ,0.529 ,0.180 
100303,0.016 ,0.474 ,0.419 ,0.346 ,0.056 ,0.109 ,0.483 ,0.140 ,0.551 ,0.055 ,0.046 ,0.706 ,0.007 ,0.042 ,0.060 ,0.005 ,0.397 ,0.105 ,0.151 ,0.452 ,0.522 ,0.684 ,0.236 
100304,0.012 ,0.463 ,0.451 ,0.317 ,0.038 ,0.072 ,0.399 ,0.096 ,0.555 ,0.029 ,0.039 ,0.664 ,0.003 ,0.028 ,0.036 ,0.003 ,0.419 ,0.072 ,0.104 ,0.450 ,0.479 ,0.595 ,0.243 
100305,0.010 ,0.468 ,0.460 ,0.346 ,0.039 ,0.091 ,0.384 ,0.085 ,0.567 ,0.028 ,0.034 ,0.636 ,0.003 ,0.032 ,0.036 ,0.003 ,0.426 ,0.062 ,0.109 ,0.410 ,0.484 ,0.537 ,0.272 
100306,0.007 ,0.466 ,0.477 ,0.364 ,0.051 ,0.198 ,0.393 ,0.065 ,0.513 ,0.021 ,0.015 ,0.585 ,0.001 ,0.046 ,0.040 ,0.003 ,0.444 ,0.037 ,0.118 ,0.305 ,0.497 ,0.517 ,0.412 
100307,0.002 ,0.447 ,0.441 ,0.286 ,0.039 ,0.211 ,0.298 ,0.031 ,0.435 ,0.007 ,0.003 ,0.457 ,0.000 ,0.037 ,0.023 ,0.002 ,0.514 ,0.011 ,0.069 ,0.204 ,0.452 ,0.386 ,0.590 
100308,0.001 ,0.409 ,0.472 ,0.267 ,0.049 ,0.151 ,0.234 ,0.026 ,0.328 ,0.003 ,0.001 ,0.409 ,0.000 ,0.055 ,0.028 ,0.002 ,0.476 ,0.005 ,0.068 ,0.105 ,0.433 ,0.263 ,0.642 
100309,0.003 ,0.497 ,0.597 ,0.019 ,0.213 ,0.498 ,0.506 ,0.146 ,0.111 ,0.001 ,0.096 ,0.440 ,0.001 ,0.237 ,0.178 ,0.001 ,0.408 ,0.050 ,0.437 ,0.229 ,0.410 ,0.638 ,0.494 
100310,0.006 ,0.492 ,0.578 ,0.039 ,0.236 ,0.552 ,0.597 ,0.209 ,0.162 ,0.003 ,0.098 ,0.532 ,0.002 ,0.304 ,0.227 ,0.002 ,0.418 ,0.085 ,0.477 ,0.286 ,0.491 ,0.676 ,0.537 
100311,0.001 ,0.490 ,0.562 ,0.002 ,0.221 ,0.518 ,0.325 ,0.089 ,0.038 ,0.000 ,0.077 ,0.342 ,0.000 ,0.168 ,0.112 ,0.001 ,0.400 ,0.013 ,0.354 ,0.127 ,0.283 ,0.620 ,0.487 
100312,0.000 ,0.496 ,0.383 ,0.000 ,0.199 ,0.450 ,0.073 ,0.052 ,0.018 ,0.000 ,0.021 ,0.159 ,0.000 ,0.059 ,0.048 ,0.000 ,0.312 ,0.000 ,0.240 ,0.068 ,0.289 ,0.307 ,0.222 
100313,0.000 ,0.487 ,0.407 ,0.000 ,0.240 ,0.528 ,0.080 ,0.054 ,0.011 ,0.000 ,0.017 ,0.173 ,0.000 ,0.063 ,0.027 ,0.000 ,0.401 ,0.000 ,0.218 ,0.081 ,0.287 ,0.305 ,0.292 
100314,0.000 ,0.471 ,0.449 ,0.000 ,0.309 ,0.574 ,0.102 ,0.058 ,0.006 ,0.000 ,0.013 ,0.213 ,0.000 ,0.106 ,0.029 ,0.000 ,0.486 ,0.000 ,0.193 ,0.080 ,0.276 ,0.292 ,0.435 
100315,0.001 ,0.473 ,0.614 ,0.000 ,0.319 ,0.695 ,0.408 ,0.129 ,0.018 ,0.000 ,0.039 ,0.418 ,0.000 ,0.229 ,0.111 ,0.001 ,0.522 ,0.013 ,0.305 ,0.143 ,0.313 ,0.629 ,0.611 
100316,0.004 ,0.477 ,0.581 ,0.011 ,0.209 ,0.625 ,0.615 ,0.190 ,0.095 ,0.005 ,0.096 ,0.557 ,0.001 ,0.221 ,0.158 ,0.002 ,0.506 ,0.047 ,0.399 ,0.311 ,0.493 ,0.719 ,0.633 
100317,0.007 ,0.475 ,0.539 ,0.041 ,0.170 ,0.559 ,0.666 ,0.200 ,0.153 ,0.018 ,0.148 ,0.611 ,0.002 ,0.180 ,0.163 ,0.003 ,0.492 ,0.063 ,0.424 ,0.413 ,0.574 ,0.684 ,0.643 
100318,0.018 ,0.490 ,0.493 ,0.191 ,0.169 ,0.421 ,0.711 ,0.261 ,0.272 ,0.045 ,0.223 ,0.666 ,0.006 ,0.183 ,0.202 ,0.006 ,0.474 ,0.118 ,0.495 ,0.530 ,0.670 ,0.629 ,0.557 
100319,0.026 ,0.501 ,0.480 ,0.377 ,0.134 ,0.247 ,0.715 ,0.278 ,0.369 ,0.064 ,0.251 ,0.671 ,0.008 ,0.149 ,0.180 ,0.009 ,0.485 ,0.141 ,0.505 ,0.572 ,0.694 ,0.586 ,0.467 
100320,0.020 ,0.499 ,0.473 ,0.472 ,0.100 ,0.229 ,0.673 ,0.219 ,0.396 ,0.060 ,0.218 ,0.654 ,0.006 ,0.113 ,0.145 ,0.007 ,0.478 ,0.117 ,0.459 ,0.560 ,0.666 ,0.485 ,0.467 
100321,0.028 ,0.477 ,0.463 ,0.318 ,0.124 ,0.272 ,0.553 ,0.192 ,0.433 ,0.077 ,0.107 ,0.718 ,0.010 ,0.087 ,0.125 ,0.009 ,0.370 ,0.134 ,0.263 ,0.449 ,0.607 ,0.710 ,0.286 
100322,0.023 ,0.460 ,0.474 ,0.232 ,0.103 ,0.197 ,0.491 ,0.158 ,0.416 ,0.061 ,0.073 ,0.711 ,0.007 ,0.064 ,0.091 ,0.007 ,0.357 ,0.101 ,0.174 ,0.433 ,0.581 ,0.704 ,0.283 
100323,0.017 ,0.412 ,0.483 ,0.227 ,0.052 ,0.076 ,0.377 ,0.101 ,0.470 ,0.026 ,0.068 ,0.681 ,0.003 ,0.028 ,0.040 ,0.004 ,0.376 ,0.079 ,0.101 ,0.478 ,0.457 ,0.609 ,0.237 
100324,0.018 ,0.439 ,0.452 ,0.289 ,0.051 ,0.061 ,0.386 ,0.120 ,0.530 ,0.031 ,0.065 ,0.702 ,0.004 ,0.030 ,0.045 ,0.004 ,0.374 ,0.094 ,0.115 ,0.504 ,0.469 ,0.632 ,0.185 
100325,0.012 ,0.420 ,0.455 ,0.288 ,0.030 ,0.038 ,0.342 ,0.093 ,0.561 ,0.020 ,0.052 ,0.657 ,0.003 ,0.020 ,0.028 ,0.003 ,0.410 ,0.076 ,0.088 ,0.498 ,0.409 ,0.528 ,0.190 
100326,0.012 ,0.439 ,0.462 ,0.300 ,0.035 ,0.053 ,0.357 ,0.091 ,0.556 ,0.023 ,0.045 ,0.659 ,0.003 ,0.024 ,0.031 ,0.003 ,0.410 ,0.073 ,0.093 ,0.469 ,0.432 ,0.560 ,0.213 
100327,0.013 ,0.466 ,0.455 ,0.345 ,0.045 ,0.086 ,0.385 ,0.097 ,0.566 ,0.033 ,0.046 ,0.657 ,0.003 ,0.034 ,0.042 ,0.004 ,0.405 ,0.073 ,0.120 ,0.427 ,0.492 ,0.552 ,0.241 
100328,0.009 ,0.471 ,0.468 ,0.361 ,0.047 ,0.139 ,0.383 ,0.074 ,0.561 ,0.027 ,0.022 ,0.610 ,0.002 ,0.041 ,0.040 ,0.004 ,0.426 ,0.048 ,0.117 ,0.351 ,0.492 ,0.507 ,0.333 
100329,0.003 ,0.462 ,0.452 ,0.363 ,0.039 ,0.171 ,0.341 ,0.041 ,0.482 ,0.011 ,0.004 ,0.507 ,0.001 ,0.039 ,0.027 ,0.002 ,0.496 ,0.019 ,0.081 ,0.256 ,0.484 ,0.413 ,0.510 
100330,0.002 ,0.434 ,0.468 ,0.361 ,0.061 ,0.199 ,0.316 ,0.038 ,0.366 ,0.005 ,0.002 ,0.470 ,0.000 ,0.070 ,0.036 ,0.002 ,0.461 ,0.011 ,0.102 ,0.161 ,0.514 ,0.321 ,0.585 
100331,0.001 ,0.384 ,0.531 ,0.139 ,0.046 ,0.187 ,0.255 ,0.032 ,0.291 ,0.006 ,0.001 ,0.446 ,0.000 ,0.048 ,0.035 ,0.003 ,0.408 ,0.005 ,0.060 ,0.080 ,0.376 ,0.316 ,0.640 
100332,0.003 ,0.488 ,0.593 ,0.017 ,0.224 ,0.537 ,0.512 ,0.149 ,0.110 ,0.001 ,0.080 ,0.468 ,0.001 ,0.281 ,0.192 ,0.001 ,0.411 ,0.051 ,0.433 ,0.225 ,0.412 ,0.651 ,0.523 
100333,0.006 ,0.485 ,0.598 ,0.018 ,0.289 ,0.612 ,0.584 ,0.218 ,0.125 ,0.002 ,0.072 ,0.538 ,0.002 ,0.367 ,0.251 ,0.002 ,0.417 ,0.082 ,0.476 ,0.249 ,0.474 ,0.690 ,0.539 
100334,0.000 ,0.503 ,0.493 ,0.001 ,0.211 ,0.421 ,0.159 ,0.055 ,0.022 ,0.000 ,0.046 ,0.213 ,0.000 ,0.088 ,0.052 ,0.000 ,0.293 ,0.002 ,0.327 ,0.074 ,0.235 ,0.437 ,0.284 
100335,0.001 ,0.512 ,0.530 ,0.003 ,0.096 ,0.364 ,0.249 ,0.077 ,0.037 ,0.000 ,0.104 ,0.224 ,0.000 ,0.037 ,0.048 ,0.000 ,0.393 ,0.005 ,0.308 ,0.143 ,0.227 ,0.435 ,0.358 
100336,0.000 ,0.513 ,0.437 ,0.000 ,0.107 ,0.412 ,0.105 ,0.057 ,0.018 ,0.000 ,0.034 ,0.144 ,0.000 ,0.018 ,0.021 ,0.000 ,0.390 ,0.000 ,0.253 ,0.114 ,0.231 ,0.268 ,0.219 
100337,0.000 ,0.487 ,0.069 ,0.000 ,0.165 ,0.375 ,0.013 ,0.037 ,0.002 ,0.000 ,0.004 ,0.046 ,0.000 ,0.045 ,0.007 ,0.000 ,0.464 ,0.000 ,0.144 ,0.068 ,0.319 ,0.065 ,0.163 
100338,0.000 ,0.467 ,0.079 ,0.000 ,0.248 ,0.360 ,0.014 ,0.044 ,0.002 ,0.000 ,0.003 ,0.058 ,0.000 ,0.082 ,0.009 ,0.000 ,0.482 ,0.000 ,0.137 ,0.068 ,0.365 ,0.062 ,0.224 
100339,0.000 ,0.475 ,0.493 ,0.000 ,0.395 ,0.682 ,0.178 ,0.084 ,0.005 ,0.000 ,0.012 ,0.277 ,0.000 ,0.181 ,0.045 ,0.000 ,0.469 ,0.002 ,0.275 ,0.072 ,0.307 ,0.327 ,0.507 
100340,0.002 ,0.465 ,0.606 ,0.001 ,0.317 ,0.715 ,0.542 ,0.175 ,0.037 ,0.003 ,0.091 ,0.527 ,0.001 ,0.252 ,0.152 ,0.002 ,0.496 ,0.026 ,0.375 ,0.231 ,0.439 ,0.694 ,0.668 
100341,0.012 ,0.479 ,0.540 ,0.036 ,0.224 ,0.584 ,0.704 ,0.254 ,0.151 ,0.030 ,0.196 ,0.650 ,0.004 ,0.205 ,0.197 ,0.005 ,0.480 ,0.086 ,0.479 ,0.457 ,0.630 ,0.700 ,0.614 
100342,0.023 ,0.495 ,0.526 ,0.113 ,0.233 ,0.513 ,0.731 ,0.311 ,0.241 ,0.054 ,0.225 ,0.694 ,0.009 ,0.219 ,0.229 ,0.009 ,0.463 ,0.143 ,0.537 ,0.506 ,0.677 ,0.734 ,0.506 
100343,0.026 ,0.492 ,0.481 ,0.260 ,0.189 ,0.436 ,0.701 ,0.274 ,0.319 ,0.068 ,0.227 ,0.693 ,0.010 ,0.188 ,0.225 ,0.009 ,0.442 ,0.148 ,0.500 ,0.514 ,0.668 ,0.668 ,0.474 
100344,0.028 ,0.481 ,0.441 ,0.319 ,0.179 ,0.427 ,0.646 ,0.268 ,0.359 ,0.079 ,0.211 ,0.680 ,0.012 ,0.201 ,0.255 ,0.010 ,0.404 ,0.154 ,0.476 ,0.504 ,0.621 ,0.559 ,0.479 
100345,0.028 ,0.478 ,0.463 ,0.289 ,0.168 ,0.453 ,0.652 ,0.240 ,0.360 ,0.085 ,0.166 ,0.694 ,0.012 ,0.163 ,0.218 ,0.011 ,0.400 ,0.145 ,0.418 ,0.466 ,0.618 ,0.661 ,0.421 
100346,0.030 ,0.460 ,0.457 ,0.214 ,0.126 ,0.171 ,0.482 ,0.194 ,0.425 ,0.077 ,0.068 ,0.732 ,0.010 ,0.070 ,0.116 ,0.009 ,0.326 ,0.121 ,0.185 ,0.448 ,0.579 ,0.711 ,0.239 
100347,0.020 ,0.469 ,0.477 ,0.295 ,0.082 ,0.142 ,0.470 ,0.140 ,0.467 ,0.046 ,0.061 ,0.714 ,0.006 ,0.049 ,0.068 ,0.006 ,0.375 ,0.102 ,0.169 ,0.458 ,0.560 ,0.705 ,0.249 
100348,0.011 ,0.429 ,0.502 ,0.258 ,0.034 ,0.076 ,0.363 ,0.075 ,0.489 ,0.017 ,0.039 ,0.631 ,0.002 ,0.021 ,0.026 ,0.003 ,0.437 ,0.058 ,0.095 ,0.447 ,0.442 ,0.577 ,0.287 
100349,0.015 ,0.432 ,0.477 ,0.278 ,0.047 ,0.073 ,0.348 ,0.091 ,0.525 ,0.026 ,0.058 ,0.660 ,0.003 ,0.027 ,0.037 ,0.004 ,0.382 ,0.072 ,0.101 ,0.446 ,0.445 ,0.549 ,0.227 
100350,0.016 ,0.454 ,0.448 ,0.309 ,0.051 ,0.083 ,0.363 ,0.107 ,0.556 ,0.038 ,0.065 ,0.668 ,0.004 ,0.034 ,0.047 ,0.004 ,0.369 ,0.080 ,0.116 ,0.428 ,0.473 ,0.524 ,0.214 
100351,0.010 ,0.459 ,0.471 ,0.312 ,0.045 ,0.107 ,0.359 ,0.077 ,0.547 ,0.027 ,0.036 ,0.624 ,0.002 ,0.032 ,0.037 ,0.004 ,0.409 ,0.053 ,0.104 ,0.380 ,0.487 ,0.506 ,0.296 
100352,0.006 ,0.461 ,0.484 ,0.328 ,0.056 ,0.204 ,0.411 ,0.066 ,0.472 ,0.022 ,0.010 ,0.595 ,0.001 ,0.049 ,0.040 ,0.003 ,0.439 ,0.035 ,0.112 ,0.290 ,0.511 ,0.544 ,0.435 
100353,0.005 ,0.451 ,0.495 ,0.312 ,0.064 ,0.261 ,0.425 ,0.063 ,0.422 ,0.018 ,0.006 ,0.576 ,0.001 ,0.061 ,0.046 ,0.003 ,0.438 ,0.028 ,0.119 ,0.240 ,0.512 ,0.533 ,0.493 
100354,0.004 ,0.424 ,0.532 ,0.223 ,0.077 ,0.281 ,0.391 ,0.058 ,0.344 ,0.015 ,0.004 ,0.562 ,0.001 ,0.075 ,0.056 ,0.004 ,0.391 ,0.017 ,0.119 ,0.158 ,0.481 ,0.459 ,0.549 
100355,0.002 ,0.366 ,0.607 ,0.077 ,0.062 ,0.203 ,0.252 ,0.048 ,0.200 ,0.009 ,0.001 ,0.469 ,0.000 ,0.057 ,0.062 ,0.005 ,0.330 ,0.005 ,0.063 ,0.055 ,0.344 ,0.337 ,0.563 
100356,0.001 ,0.328 ,0.650 ,0.031 ,0.049 ,0.137 ,0.131 ,0.032 ,0.107 ,0.003 ,0.001 ,0.330 ,0.000 ,0.052 ,0.045 ,0.003 ,0.290 ,0.001 ,0.030 ,0.020 ,0.219 ,0.279 ,0.519 
100357,0.000 ,0.519 ,0.177 ,0.001 ,0.042 ,0.315 ,0.044 ,0.052 ,0.021 ,0.000 ,0.016 ,0.072 ,0.000 ,0.013 ,0.021 ,0.000 ,0.269 ,0.000 ,0.202 ,0.076 ,0.318 ,0.107 ,0.086 
100358,0.000 ,0.519 ,0.118 ,0.000 ,0.040 ,0.395 ,0.034 ,0.050 ,0.012 ,0.000 ,0.013 ,0.058 ,0.000 ,0.010 ,0.011 ,0.000 ,0.343 ,0.000 ,0.192 ,0.091 ,0.327 ,0.097 ,0.103 
100359,0.000 ,0.489 ,0.077 ,0.000 ,0.181 ,0.522 ,0.026 ,0.045 ,0.003 ,0.000 ,0.008 ,0.061 ,0.000 ,0.058 ,0.010 ,0.000 ,0.372 ,0.000 ,0.198 ,0.068 ,0.386 ,0.127 ,0.180 
100360,0.000 ,0.458 ,0.103 ,0.000 ,0.353 ,0.511 ,0.025 ,0.062 ,0.002 ,0.000 ,0.006 ,0.084 ,0.000 ,0.154 ,0.014 ,0.000 ,0.386 ,0.000 ,0.198 ,0.050 ,0.438 ,0.113 ,0.270 
100361,0.001 ,0.485 ,0.379 ,0.000 ,0.421 ,0.662 ,0.215 ,0.090 ,0.010 ,0.000 ,0.020 ,0.318 ,0.000 ,0.177 ,0.035 ,0.000 ,0.324 ,0.002 ,0.401 ,0.066 ,0.450 ,0.380 ,0.458 
100362,0.018 ,0.482 ,0.610 ,0.015 ,0.360 ,0.654 ,0.658 ,0.297 ,0.114 ,0.040 ,0.075 ,0.698 ,0.008 ,0.252 ,0.230 ,0.010 ,0.418 ,0.108 ,0.476 ,0.341 ,0.584 ,0.728 ,0.491 
100363,0.033 ,0.477 ,0.541 ,0.040 ,0.271 ,0.361 ,0.573 ,0.314 ,0.217 ,0.087 ,0.064 ,0.767 ,0.013 ,0.136 ,0.192 ,0.012 ,0.357 ,0.143 ,0.309 ,0.439 ,0.631 ,0.741 ,0.331 
100364,0.041 ,0.478 ,0.477 ,0.155 ,0.273 ,0.457 ,0.631 ,0.320 ,0.313 ,0.107 ,0.128 ,0.734 ,0.020 ,0.190 ,0.271 ,0.016 ,0.354 ,0.184 ,0.414 ,0.443 ,0.647 ,0.734 ,0.339 
100365,0.049 ,0.485 ,0.382 ,0.308 ,0.255 ,0.425 ,0.645 ,0.361 ,0.390 ,0.117 ,0.233 ,0.696 ,0.025 ,0.253 ,0.361 ,0.016 ,0.383 ,0.230 ,0.522 ,0.534 ,0.658 ,0.557 ,0.428 
100366,0.049 ,0.477 ,0.411 ,0.277 ,0.216 ,0.383 ,0.609 ,0.315 ,0.408 ,0.137 ,0.155 ,0.732 ,0.025 ,0.151 ,0.268 ,0.017 ,0.348 ,0.205 ,0.388 ,0.484 ,0.643 ,0.692 ,0.293 
100367,0.044 ,0.468 ,0.430 ,0.221 ,0.176 ,0.140 ,0.463 ,0.257 ,0.433 ,0.102 ,0.078 ,0.757 ,0.018 ,0.086 ,0.171 ,0.014 ,0.286 ,0.167 ,0.233 ,0.486 ,0.595 ,0.701 ,0.183 
100368,0.037 ,0.476 ,0.460 ,0.278 ,0.183 ,0.212 ,0.502 ,0.229 ,0.432 ,0.089 ,0.057 ,0.741 ,0.015 ,0.107 ,0.165 ,0.014 ,0.301 ,0.156 ,0.268 ,0.424 ,0.593 ,0.703 ,0.228 
100369,0.022 ,0.463 ,0.490 ,0.289 ,0.087 ,0.146 ,0.437 ,0.128 ,0.451 ,0.043 ,0.083 ,0.697 ,0.005 ,0.051 ,0.069 ,0.006 ,0.362 ,0.095 ,0.166 ,0.446 ,0.545 ,0.656 ,0.254 
100370,0.023 ,0.446 ,0.479 ,0.296 ,0.079 ,0.106 ,0.382 ,0.122 ,0.489 ,0.041 ,0.091 ,0.693 ,0.005 ,0.046 ,0.063 ,0.006 ,0.338 ,0.094 ,0.140 ,0.448 ,0.499 ,0.591 ,0.215 
100371,0.021 ,0.441 ,0.458 ,0.283 ,0.068 ,0.092 ,0.361 ,0.119 ,0.518 ,0.043 ,0.086 ,0.684 ,0.005 ,0.041 ,0.059 ,0.005 ,0.333 ,0.088 ,0.120 ,0.435 ,0.482 ,0.547 ,0.204 
100372,0.014 ,0.447 ,0.480 ,0.292 ,0.051 ,0.100 ,0.360 ,0.089 ,0.517 ,0.030 ,0.057 ,0.650 ,0.003 ,0.032 ,0.041 ,0.004 ,0.386 ,0.067 ,0.109 ,0.418 ,0.477 ,0.536 ,0.262 
100373,0.012 ,0.463 ,0.485 ,0.321 ,0.062 ,0.170 ,0.412 ,0.087 ,0.501 ,0.033 ,0.036 ,0.640 ,0.003 ,0.045 ,0.049 ,0.005 ,0.396 ,0.057 ,0.132 ,0.359 ,0.516 ,0.578 ,0.332 
100374,0.012 ,0.466 ,0.490 ,0.332 ,0.071 ,0.209 ,0.441 ,0.093 ,0.484 ,0.034 ,0.027 ,0.645 ,0.003 ,0.054 ,0.055 ,0.005 ,0.398 ,0.057 ,0.145 ,0.342 ,0.526 ,0.606 ,0.353 
100375,0.010 ,0.452 ,0.508 ,0.302 ,0.096 ,0.286 ,0.457 ,0.097 ,0.433 ,0.035 ,0.015 ,0.634 ,0.003 ,0.078 ,0.073 ,0.006 ,0.368 ,0.048 ,0.163 ,0.268 ,0.523 ,0.590 ,0.412 
100376,0.006 ,0.409 ,0.566 ,0.158 ,0.078 ,0.284 ,0.388 ,0.080 ,0.325 ,0.025 ,0.005 ,0.583 ,0.001 ,0.070 ,0.081 ,0.007 ,0.320 ,0.020 ,0.122 ,0.137 ,0.444 ,0.470 ,0.503 
100377,0.004 ,0.366 ,0.627 ,0.069 ,0.065 ,0.198 ,0.288 ,0.070 ,0.218 ,0.019 ,0.002 ,0.489 ,0.001 ,0.053 ,0.083 ,0.009 ,0.284 ,0.008 ,0.066 ,0.065 ,0.307 ,0.341 ,0.481 
100378,0.001 ,0.520 ,0.231 ,0.005 ,0.024 ,0.200 ,0.058 ,0.081 ,0.040 ,0.000 ,0.030 ,0.089 ,0.000 ,0.008 ,0.037 ,0.000 ,0.186 ,0.000 ,0.240 ,0.152 ,0.304 ,0.084 ,0.057 
100379,0.000 ,0.518 ,0.295 ,0.005 ,0.103 ,0.323 ,0.095 ,0.106 ,0.039 ,0.000 ,0.043 ,0.156 ,0.000 ,0.028 ,0.061 ,0.000 ,0.167 ,0.000 ,0.338 ,0.100 ,0.425 ,0.164 ,0.096 
100380,0.004 ,0.513 ,0.552 ,0.024 ,0.288 ,0.463 ,0.366 ,0.139 ,0.065 ,0.000 ,0.143 ,0.373 ,0.001 ,0.109 ,0.112 ,0.002 ,0.213 ,0.014 ,0.506 ,0.152 ,0.398 ,0.422 ,0.280 
100381,0.024 ,0.501 ,0.553 ,0.165 ,0.393 ,0.578 ,0.533 ,0.191 ,0.143 ,0.017 ,0.054 ,0.621 ,0.006 ,0.246 ,0.207 ,0.020 ,0.249 ,0.096 ,0.547 ,0.230 ,0.642 ,0.493 ,0.318 
100382,0.025 ,0.501 ,0.620 ,0.055 ,0.424 ,0.632 ,0.629 ,0.281 ,0.134 ,0.023 ,0.118 ,0.663 ,0.009 ,0.303 ,0.265 ,0.016 ,0.335 ,0.132 ,0.607 ,0.309 ,0.588 ,0.666 ,0.383 
100383,0.033 ,0.491 ,0.598 ,0.054 ,0.425 ,0.570 ,0.589 ,0.294 ,0.139 ,0.048 ,0.067 ,0.717 ,0.012 ,0.265 ,0.259 ,0.020 ,0.303 ,0.141 ,0.511 ,0.313 ,0.626 ,0.614 ,0.354 
100384,0.055 ,0.477 ,0.452 ,0.136 ,0.284 ,0.262 ,0.523 ,0.343 ,0.338 ,0.127 ,0.106 ,0.761 ,0.026 ,0.147 ,0.271 ,0.020 ,0.290 ,0.201 ,0.333 ,0.468 ,0.630 ,0.705 ,0.230 
100385,0.075 ,0.483 ,0.374 ,0.236 ,0.303 ,0.280 ,0.537 ,0.392 ,0.422 ,0.175 ,0.170 ,0.748 ,0.044 ,0.162 ,0.346 ,0.027 ,0.292 ,0.265 ,0.398 ,0.513 ,0.651 ,0.679 ,0.204 
100386,0.078 ,0.485 ,0.337 ,0.273 ,0.266 ,0.174 ,0.488 ,0.391 ,0.469 ,0.180 ,0.181 ,0.763 ,0.047 ,0.124 ,0.315 ,0.025 ,0.282 ,0.280 ,0.353 ,0.555 ,0.652 ,0.687 ,0.154 
100387,0.067 ,0.482 ,0.391 ,0.260 ,0.264 ,0.199 ,0.493 ,0.342 ,0.439 ,0.146 ,0.131 ,0.755 ,0.035 ,0.133 ,0.281 ,0.024 ,0.271 ,0.238 ,0.344 ,0.496 ,0.616 ,0.689 ,0.176 
100388,0.055 ,0.482 ,0.442 ,0.282 ,0.291 ,0.304 ,0.529 ,0.308 ,0.410 ,0.123 ,0.066 ,0.732 ,0.029 ,0.173 ,0.283 ,0.024 ,0.269 ,0.210 ,0.382 ,0.410 ,0.602 ,0.670 ,0.238 
100389,0.053 ,0.481 ,0.425 ,0.295 ,0.236 ,0.232 ,0.510 ,0.291 ,0.440 ,0.120 ,0.080 ,0.744 ,0.026 ,0.134 ,0.236 ,0.020 ,0.282 ,0.203 ,0.331 ,0.444 ,0.599 ,0.694 ,0.209 
100390,0.052 ,0.476 ,0.422 ,0.299 ,0.190 ,0.121 ,0.441 ,0.258 ,0.473 ,0.099 ,0.121 ,0.758 ,0.020 ,0.093 ,0.177 ,0.015 ,0.271 ,0.191 ,0.263 ,0.504 ,0.593 ,0.680 ,0.148 
100391,0.036 ,0.454 ,0.438 ,0.319 ,0.109 ,0.093 ,0.391 ,0.179 ,0.502 ,0.060 ,0.140 ,0.726 ,0.010 ,0.059 ,0.101 ,0.009 ,0.298 ,0.140 ,0.178 ,0.497 ,0.524 ,0.608 ,0.152 
100392,0.023 ,0.446 ,0.457 ,0.322 ,0.070 ,0.082 ,0.371 ,0.130 ,0.524 ,0.041 ,0.104 ,0.696 ,0.006 ,0.042 ,0.063 ,0.006 ,0.343 ,0.104 ,0.140 ,0.475 ,0.485 ,0.564 ,0.184 
100393,0.019 ,0.460 ,0.468 ,0.346 ,0.062 ,0.092 ,0.385 ,0.117 ,0.531 ,0.037 ,0.078 ,0.683 ,0.005 ,0.040 ,0.054 ,0.005 ,0.370 ,0.092 ,0.143 ,0.459 ,0.499 ,0.574 ,0.207 
100394,0.018 ,0.465 ,0.471 ,0.357 ,0.063 ,0.096 ,0.384 ,0.113 ,0.537 ,0.036 ,0.070 ,0.680 ,0.004 ,0.041 ,0.054 ,0.005 ,0.371 ,0.089 ,0.145 ,0.445 ,0.504 ,0.570 ,0.211 
100395,0.017 ,0.462 ,0.467 ,0.329 ,0.068 ,0.125 ,0.391 ,0.109 ,0.534 ,0.041 ,0.058 ,0.671 ,0.004 ,0.046 ,0.058 ,0.005 ,0.360 ,0.078 ,0.139 ,0.402 ,0.517 ,0.562 ,0.248 
100396,0.014 ,0.438 ,0.506 ,0.243 ,0.090 ,0.238 ,0.397 ,0.103 ,0.456 ,0.049 ,0.024 ,0.637 ,0.003 ,0.062 ,0.077 ,0.007 ,0.315 ,0.045 ,0.136 ,0.265 ,0.482 ,0.539 ,0.366 
100397,0.012 ,0.406 ,0.557 ,0.154 ,0.079 ,0.277 ,0.372 ,0.112 ,0.388 ,0.051 ,0.009 ,0.599 ,0.003 ,0.059 ,0.110 ,0.012 ,0.259 ,0.029 ,0.132 ,0.152 ,0.386 ,0.456 ,0.416 
100398,0.006 ,0.359 ,0.664 ,0.082 ,0.063 ,0.169 ,0.267 ,0.105 ,0.249 ,0.027 ,0.002 ,0.457 ,0.002 ,0.048 ,0.125 ,0.018 ,0.222 ,0.012 ,0.075 ,0.056 ,0.257 ,0.302 ,0.360 
100399,0.003 ,0.354 ,0.695 ,0.058 ,0.078 ,0.216 ,0.215 ,0.082 ,0.174 ,0.010 ,0.002 ,0.407 ,0.001 ,0.071 ,0.125 ,0.015 ,0.204 ,0.006 ,0.080 ,0.034 ,0.246 ,0.335 ,0.442 
100400,0.167 ,0.505 ,0.506 ,0.582 ,0.280 ,0.152 ,0.474 ,0.371 ,0.494 ,0.071 ,0.351 ,0.486 ,0.047 ,0.308 ,0.451 ,0.071 ,0.184 ,0.225 ,0.447 ,0.456 ,0.565 ,0.149 ,0.129 
100401,0.020 ,0.512 ,0.560 ,0.262 ,0.494 ,0.496 ,0.519 ,0.224 ,0.219 ,0.007 ,0.182 ,0.535 ,0.008 ,0.283 ,0.339 ,0.021 ,0.151 ,0.096 ,0.574 ,0.256 ,0.580 ,0.440 ,0.280 
100402,0.028 ,0.511 ,0.589 ,0.150 ,0.504 ,0.536 ,0.565 ,0.249 ,0.161 ,0.013 ,0.166 ,0.590 ,0.010 ,0.297 ,0.327 ,0.026 ,0.192 ,0.127 ,0.615 ,0.254 ,0.589 ,0.487 ,0.271 
100403,0.064 ,0.505 ,0.556 ,0.160 ,0.464 ,0.487 ,0.625 ,0.358 ,0.254 ,0.083 ,0.188 ,0.725 ,0.026 ,0.312 ,0.334 ,0.035 ,0.286 ,0.238 ,0.613 ,0.424 ,0.642 ,0.653 ,0.245 
100404,0.074 ,0.496 ,0.495 ,0.144 ,0.403 ,0.258 ,0.500 ,0.371 ,0.298 ,0.121 ,0.124 ,0.769 ,0.031 ,0.211 ,0.313 ,0.032 ,0.253 ,0.243 ,0.454 ,0.464 ,0.639 ,0.653 ,0.188 
100405,0.088 ,0.498 ,0.409 ,0.246 ,0.349 ,0.151 ,0.476 ,0.399 ,0.415 ,0.147 ,0.241 ,0.785 ,0.042 ,0.172 ,0.308 ,0.030 ,0.269 ,0.298 ,0.449 ,0.577 ,0.664 ,0.682 ,0.128 
100406,0.095 ,0.500 ,0.310 ,0.361 ,0.321 ,0.133 ,0.477 ,0.428 ,0.501 ,0.189 ,0.279 ,0.777 ,0.058 ,0.151 ,0.339 ,0.031 ,0.284 ,0.344 ,0.433 ,0.603 ,0.679 ,0.678 ,0.118 
100407,0.088 ,0.492 ,0.324 ,0.341 ,0.289 ,0.173 ,0.485 ,0.392 ,0.492 ,0.186 ,0.216 ,0.757 ,0.052 ,0.142 ,0.333 ,0.029 ,0.276 ,0.304 ,0.387 ,0.550 ,0.645 ,0.667 ,0.143 
100408,0.075 ,0.486 ,0.364 ,0.332 ,0.287 ,0.275 ,0.516 ,0.354 ,0.474 ,0.169 ,0.134 ,0.732 ,0.045 ,0.154 ,0.327 ,0.029 ,0.269 ,0.260 ,0.397 ,0.470 ,0.598 ,0.667 ,0.196 
100409,0.067 ,0.485 ,0.400 ,0.274 ,0.306 ,0.306 ,0.537 ,0.353 ,0.427 ,0.155 ,0.104 ,0.736 ,0.040 ,0.173 ,0.329 ,0.029 ,0.272 ,0.247 ,0.407 ,0.444 ,0.608 ,0.683 ,0.223 
100410,0.078 ,0.489 ,0.391 ,0.269 ,0.307 ,0.157 ,0.457 ,0.362 ,0.438 ,0.147 ,0.143 ,0.763 ,0.040 ,0.147 ,0.301 ,0.028 ,0.250 ,0.265 ,0.369 ,0.521 ,0.622 ,0.666 ,0.144 
100411,0.065 ,0.471 ,0.358 ,0.330 ,0.181 ,0.081 ,0.379 ,0.285 ,0.523 ,0.114 ,0.187 ,0.750 ,0.026 ,0.082 ,0.198 ,0.017 ,0.251 ,0.221 ,0.246 ,0.543 ,0.574 ,0.622 ,0.107 
100412,0.046 ,0.467 ,0.409 ,0.373 ,0.132 ,0.077 ,0.389 ,0.221 ,0.529 ,0.072 ,0.175 ,0.745 ,0.015 ,0.068 ,0.127 ,0.011 ,0.288 ,0.182 ,0.222 ,0.541 ,0.545 ,0.615 ,0.118 
100413,0.038 ,0.455 ,0.432 ,0.407 ,0.102 ,0.049 ,0.367 ,0.197 ,0.548 ,0.051 ,0.162 ,0.743 ,0.011 ,0.056 ,0.092 ,0.009 ,0.315 ,0.170 ,0.211 ,0.555 ,0.518 ,0.595 ,0.100 
100414,0.029 ,0.437 ,0.428 ,0.407 ,0.069 ,0.034 ,0.326 ,0.164 ,0.582 ,0.037 ,0.149 ,0.718 ,0.008 ,0.041 ,0.064 ,0.006 ,0.333 ,0.144 ,0.168 ,0.541 ,0.460 ,0.503 ,0.095 
100415,0.025 ,0.448 ,0.437 ,0.372 ,0.064 ,0.050 ,0.318 ,0.136 ,0.587 ,0.038 ,0.121 ,0.690 ,0.006 ,0.040 ,0.060 ,0.006 ,0.335 ,0.116 ,0.149 ,0.484 ,0.457 ,0.441 ,0.129 
100416,0.024 ,0.459 ,0.459 ,0.333 ,0.097 ,0.162 ,0.388 ,0.135 ,0.540 ,0.062 ,0.075 ,0.675 ,0.007 ,0.063 ,0.088 ,0.008 ,0.306 ,0.091 ,0.176 ,0.377 ,0.497 ,0.524 ,0.228 
100417,0.021 ,0.439 ,0.496 ,0.252 ,0.110 ,0.287 ,0.411 ,0.145 ,0.485 ,0.072 ,0.028 ,0.645 ,0.007 ,0.076 ,0.125 ,0.012 ,0.267 ,0.064 ,0.198 ,0.255 ,0.450 ,0.515 ,0.322 
100418,0.012 ,0.388 ,0.611 ,0.113 ,0.084 ,0.225 ,0.324 ,0.141 ,0.366 ,0.047 ,0.004 ,0.537 ,0.004 ,0.056 ,0.157 ,0.022 ,0.209 ,0.024 ,0.146 ,0.096 ,0.287 ,0.351 ,0.355 
100419,0.005 ,0.358 ,0.691 ,0.074 ,0.076 ,0.259 ,0.215 ,0.088 ,0.253 ,0.017 ,0.005 ,0.419 ,0.001 ,0.060 ,0.127 ,0.020 ,0.174 ,0.008 ,0.096 ,0.041 ,0.219 ,0.369 ,0.415 
100420,0.015 ,0.510 ,0.534 ,0.171 ,0.537 ,0.451 ,0.519 ,0.273 ,0.170 ,0.003 ,0.145 ,0.537 ,0.009 ,0.354 ,0.302 ,0.010 ,0.063 ,0.042 ,0.578 ,0.192 ,0.608 ,0.368 ,0.288 
100421,0.030 ,0.513 ,0.545 ,0.234 ,0.547 ,0.467 ,0.537 ,0.276 ,0.171 ,0.010 ,0.126 ,0.576 ,0.015 ,0.367 ,0.381 ,0.032 ,0.102 ,0.108 ,0.597 ,0.231 ,0.636 ,0.344 ,0.237 
100422,0.111 ,0.510 ,0.478 ,0.328 ,0.492 ,0.295 ,0.454 ,0.337 ,0.257 ,0.092 ,0.091 ,0.684 ,0.037 ,0.313 ,0.276 ,0.067 ,0.194 ,0.267 ,0.577 ,0.399 ,0.670 ,0.354 ,0.100 
100423,0.109 ,0.504 ,0.517 ,0.241 ,0.459 ,0.155 ,0.427 ,0.396 ,0.324 ,0.132 ,0.142 ,0.780 ,0.045 ,0.251 ,0.318 ,0.053 ,0.222 ,0.309 ,0.541 ,0.519 ,0.639 ,0.564 ,0.094 
100424,0.105 ,0.503 ,0.377 ,0.325 ,0.376 ,0.110 ,0.438 ,0.421 ,0.462 ,0.163 ,0.281 ,0.787 ,0.054 ,0.186 ,0.326 ,0.038 ,0.254 ,0.336 ,0.476 ,0.598 ,0.662 ,0.654 ,0.094 
100425,0.082 ,0.500 ,0.347 ,0.437 ,0.286 ,0.175 ,0.503 ,0.362 ,0.513 ,0.162 ,0.244 ,0.756 ,0.045 ,0.154 ,0.296 ,0.028 ,0.288 ,0.300 ,0.437 ,0.543 ,0.647 ,0.667 ,0.138 
100426,0.077 ,0.487 ,0.369 ,0.355 ,0.284 ,0.257 ,0.505 ,0.344 ,0.479 ,0.162 ,0.159 ,0.731 ,0.042 ,0.154 ,0.319 ,0.028 ,0.263 ,0.257 ,0.391 ,0.480 ,0.604 ,0.651 ,0.183 
100427,0.075 ,0.485 ,0.365 ,0.309 ,0.278 ,0.238 ,0.503 ,0.355 ,0.468 ,0.167 ,0.142 ,0.740 ,0.043 ,0.144 ,0.318 ,0.027 ,0.268 ,0.258 ,0.374 ,0.485 ,0.607 ,0.669 ,0.183 
100428,0.090 ,0.485 ,0.357 ,0.236 ,0.345 ,0.202 ,0.472 ,0.417 ,0.431 ,0.189 ,0.152 ,0.744 ,0.057 ,0.161 ,0.385 ,0.035 ,0.245 ,0.287 ,0.388 ,0.507 ,0.619 ,0.639 ,0.165 
100429,0.086 ,0.487 ,0.350 ,0.312 ,0.284 ,0.108 ,0.412 ,0.366 ,0.487 ,0.152 ,0.199 ,0.765 ,0.044 ,0.126 ,0.293 ,0.027 ,0.240 ,0.281 ,0.342 ,0.558 ,0.614 ,0.654 ,0.110 
100430,0.074 ,0.482 ,0.389 ,0.360 ,0.237 ,0.069 ,0.384 ,0.310 ,0.513 ,0.103 ,0.223 ,0.776 ,0.030 ,0.105 ,0.207 ,0.021 ,0.250 ,0.260 ,0.325 ,0.596 ,0.592 ,0.647 ,0.085 
100431,0.066 ,0.459 ,0.397 ,0.410 ,0.183 ,0.040 ,0.345 ,0.285 ,0.540 ,0.078 ,0.245 ,0.778 ,0.023 ,0.086 ,0.160 ,0.017 ,0.266 ,0.246 ,0.297 ,0.612 ,0.559 ,0.629 ,0.062 
100432,0.042 ,0.400 ,0.390 ,0.407 ,0.093 ,0.020 ,0.288 ,0.212 ,0.579 ,0.039 ,0.235 ,0.743 ,0.012 ,0.046 ,0.089 ,0.008 ,0.288 ,0.194 ,0.184 ,0.580 ,0.458 ,0.474 ,0.057 
100433,0.036 ,0.437 ,0.410 ,0.378 ,0.085 ,0.043 ,0.314 ,0.175 ,0.574 ,0.046 ,0.177 ,0.718 ,0.010 ,0.047 ,0.082 ,0.007 ,0.295 ,0.155 ,0.165 ,0.526 ,0.469 ,0.475 ,0.096 
100434,0.034 ,0.460 ,0.442 ,0.340 ,0.114 ,0.126 ,0.365 ,0.163 ,0.542 ,0.072 ,0.116 ,0.694 ,0.010 ,0.066 ,0.108 ,0.010 ,0.277 ,0.118 ,0.183 ,0.413 ,0.512 ,0.509 ,0.174 
100435,0.028 ,0.439 ,0.476 ,0.244 ,0.097 ,0.212 ,0.345 ,0.147 ,0.513 ,0.083 ,0.064 ,0.648 ,0.008 ,0.059 ,0.117 ,0.012 ,0.246 ,0.075 ,0.166 ,0.297 ,0.430 ,0.457 ,0.248 
100436,0.021 ,0.395 ,0.562 ,0.122 ,0.074 ,0.283 ,0.292 ,0.147 ,0.445 ,0.086 ,0.017 ,0.558 ,0.007 ,0.044 ,0.146 ,0.024 ,0.195 ,0.034 ,0.142 ,0.135 ,0.268 ,0.375 ,0.280 
100437,0.023 ,0.512 ,0.528 ,0.190 ,0.541 ,0.422 ,0.548 ,0.337 ,0.186 ,0.005 ,0.144 ,0.546 ,0.017 ,0.409 ,0.343 ,0.019 ,0.045 ,0.069 ,0.580 ,0.204 ,0.614 ,0.324 ,0.280 
100438,0.062 ,0.514 ,0.558 ,0.374 ,0.509 ,0.396 ,0.554 ,0.310 ,0.250 ,0.028 ,0.160 ,0.588 ,0.026 ,0.358 ,0.429 ,0.063 ,0.121 ,0.199 ,0.591 ,0.298 ,0.640 ,0.291 ,0.161 
100439,0.158 ,0.512 ,0.510 ,0.507 ,0.530 ,0.217 ,0.466 ,0.390 ,0.395 ,0.142 ,0.178 ,0.697 ,0.063 ,0.374 ,0.423 ,0.093 ,0.172 ,0.337 ,0.550 ,0.448 ,0.646 ,0.351 ,0.079 
100440,0.120 ,0.506 ,0.426 ,0.344 ,0.445 ,0.125 ,0.414 ,0.404 ,0.434 ,0.155 ,0.196 ,0.771 ,0.056 ,0.236 ,0.349 ,0.052 ,0.214 ,0.341 ,0.493 ,0.549 ,0.641 ,0.588 ,0.085 
100441,0.082 ,0.500 ,0.477 ,0.317 ,0.390 ,0.214 ,0.470 ,0.327 ,0.381 ,0.116 ,0.122 ,0.754 ,0.032 ,0.216 ,0.306 ,0.037 ,0.230 ,0.256 ,0.454 ,0.468 ,0.630 ,0.609 ,0.152 
100442,0.077 ,0.487 ,0.425 ,0.274 ,0.334 ,0.200 ,0.459 ,0.337 ,0.417 ,0.136 ,0.123 ,0.745 ,0.035 ,0.172 ,0.313 ,0.031 ,0.232 ,0.239 ,0.376 ,0.462 ,0.609 ,0.626 ,0.166 
100443,0.079 ,0.483 ,0.400 ,0.263 ,0.314 ,0.212 ,0.472 ,0.351 ,0.426 ,0.150 ,0.144 ,0.740 ,0.039 ,0.158 ,0.324 ,0.030 ,0.244 ,0.242 ,0.363 ,0.475 ,0.603 ,0.639 ,0.174 
100444,0.089 ,0.485 ,0.357 ,0.263 ,0.317 ,0.165 ,0.448 ,0.391 ,0.451 ,0.174 ,0.164 ,0.748 ,0.050 ,0.143 ,0.347 ,0.032 ,0.241 ,0.276 ,0.360 ,0.515 ,0.611 ,0.643 ,0.146 
100445,0.106 ,0.494 ,0.318 ,0.271 ,0.364 ,0.122 ,0.412 ,0.437 ,0.475 ,0.198 ,0.169 ,0.756 ,0.067 ,0.152 ,0.386 ,0.040 ,0.225 ,0.328 ,0.390 ,0.548 ,0.617 ,0.629 ,0.114 
100446,0.107 ,0.486 ,0.308 ,0.330 ,0.315 ,0.050 ,0.334 ,0.403 ,0.526 ,0.151 ,0.267 ,0.779 ,0.054 ,0.121 ,0.307 ,0.031 ,0.213 ,0.327 ,0.343 ,0.625 ,0.605 ,0.610 ,0.063 
100447,0.089 ,0.485 ,0.367 ,0.331 ,0.285 ,0.063 ,0.372 ,0.360 ,0.499 ,0.121 ,0.256 ,0.783 ,0.038 ,0.119 ,0.252 ,0.026 ,0.238 ,0.293 ,0.355 ,0.618 ,0.606 ,0.644 ,0.076 
100448,0.048 ,0.455 ,0.412 ,0.394 ,0.128 ,0.053 ,0.373 ,0.228 ,0.529 ,0.062 ,0.212 ,0.749 ,0.014 ,0.064 ,0.119 ,0.011 ,0.294 ,0.194 ,0.230 ,0.578 ,0.539 ,0.599 ,0.099 
100449,0.041 ,0.445 ,0.412 ,0.350 ,0.103 ,0.062 ,0.348 ,0.189 ,0.537 ,0.059 ,0.181 ,0.725 ,0.011 ,0.055 ,0.101 ,0.009 ,0.287 ,0.158 ,0.174 ,0.522 ,0.497 ,0.538 ,0.117 
100450,0.040 ,0.452 ,0.440 ,0.290 ,0.120 ,0.115 ,0.357 ,0.176 ,0.501 ,0.080 ,0.120 ,0.699 ,0.011 ,0.062 ,0.121 ,0.011 ,0.256 ,0.121 ,0.167 ,0.416 ,0.516 ,0.529 ,0.170 
100451,0.028 ,0.430 ,0.503 ,0.197 ,0.095 ,0.225 ,0.343 ,0.144 ,0.451 ,0.084 ,0.057 ,0.641 ,0.007 ,0.055 ,0.125 ,0.013 ,0.235 ,0.063 ,0.139 ,0.264 ,0.432 ,0.483 ,0.283 
100452,0.023 ,0.388 ,0.577 ,0.098 ,0.073 ,0.267 ,0.283 ,0.158 ,0.398 ,0.090 ,0.016 ,0.537 ,0.008 ,0.042 ,0.168 ,0.029 ,0.177 ,0.032 ,0.117 ,0.116 ,0.241 ,0.374 ,0.250 
100453,0.018 ,0.374 ,0.656 ,0.091 ,0.073 ,0.328 ,0.236 ,0.144 ,0.377 ,0.061 ,0.019 ,0.436 ,0.006 ,0.044 ,0.171 ,0.044 ,0.131 ,0.023 ,0.145 ,0.071 ,0.169 ,0.334 ,0.278 
100454,0.258 ,0.506 ,0.375 ,0.394 ,0.377 ,0.127 ,0.558 ,0.496 ,0.467 ,0.090 ,0.535 ,0.458 ,0.063 ,0.456 ,0.532 ,0.074 ,0.209 ,0.335 ,0.466 ,0.445 ,0.595 ,0.158 ,0.269 
100455,0.281 ,0.508 ,0.328 ,0.416 ,0.436 ,0.156 ,0.518 ,0.522 ,0.505 ,0.127 ,0.526 ,0.454 ,0.105 ,0.496 ,0.545 ,0.113 ,0.158 ,0.398 ,0.455 ,0.417 ,0.582 ,0.138 ,0.239 
100456,0.251 ,0.517 ,0.244 ,0.389 ,0.544 ,0.234 ,0.481 ,0.527 ,0.537 ,0.202 ,0.399 ,0.511 ,0.161 ,0.497 ,0.571 ,0.131 ,0.169 ,0.484 ,0.516 ,0.421 ,0.576 ,0.258 ,0.251 
100457,0.227 ,0.518 ,0.269 ,0.390 ,0.586 ,0.256 ,0.463 ,0.530 ,0.485 ,0.187 ,0.192 ,0.521 ,0.196 ,0.516 ,0.588 ,0.150 ,0.144 ,0.532 ,0.558 ,0.400 ,0.591 ,0.290 ,0.233 
100458,0.160 ,0.516 ,0.349 ,0.423 ,0.578 ,0.332 ,0.526 ,0.497 ,0.356 ,0.069 ,0.136 ,0.482 ,0.130 ,0.578 ,0.533 ,0.141 ,0.078 ,0.459 ,0.584 ,0.377 ,0.653 ,0.181 ,0.226 
100459,0.147 ,0.518 ,0.473 ,0.404 ,0.542 ,0.304 ,0.584 ,0.480 ,0.398 ,0.072 ,0.274 ,0.546 ,0.111 ,0.530 ,0.540 ,0.158 ,0.054 ,0.397 ,0.558 ,0.403 ,0.612 ,0.196 ,0.165 
100460,0.276 ,0.515 ,0.347 ,0.517 ,0.527 ,0.146 ,0.406 ,0.509 ,0.570 ,0.250 ,0.310 ,0.585 ,0.176 ,0.499 ,0.540 ,0.209 ,0.079 ,0.468 ,0.476 ,0.485 ,0.590 ,0.137 ,0.060 
100461,0.198 ,0.515 ,0.398 ,0.532 ,0.532 ,0.223 ,0.464 ,0.472 ,0.508 ,0.190 ,0.253 ,0.639 ,0.118 ,0.472 ,0.547 ,0.148 ,0.111 ,0.418 ,0.524 ,0.463 ,0.614 ,0.255 ,0.088 
100462,0.090 ,0.506 ,0.373 ,0.504 ,0.540 ,0.339 ,0.479 ,0.313 ,0.319 ,0.078 ,0.070 ,0.625 ,0.038 ,0.378 ,0.322 ,0.065 ,0.151 ,0.261 ,0.543 ,0.372 ,0.693 ,0.322 ,0.168 
100463,0.088 ,0.493 ,0.443 ,0.336 ,0.421 ,0.175 ,0.410 ,0.336 ,0.356 ,0.122 ,0.070 ,0.742 ,0.036 ,0.223 ,0.342 ,0.044 ,0.184 ,0.248 ,0.418 ,0.434 ,0.635 ,0.474 ,0.146 
100464,0.105 ,0.488 ,0.399 ,0.248 ,0.411 ,0.100 ,0.363 ,0.398 ,0.395 ,0.160 ,0.097 ,0.752 ,0.050 ,0.174 ,0.378 ,0.044 ,0.176 ,0.278 ,0.357 ,0.499 ,0.599 ,0.503 ,0.109 
100465,0.113 ,0.489 ,0.332 ,0.249 ,0.368 ,0.083 ,0.358 ,0.428 ,0.466 ,0.184 ,0.168 ,0.760 ,0.061 ,0.142 ,0.375 ,0.041 ,0.200 ,0.314 ,0.351 ,0.568 ,0.601 ,0.585 ,0.092 
100466,0.118 ,0.494 ,0.271 ,0.346 ,0.338 ,0.067 ,0.355 ,0.436 ,0.534 ,0.190 ,0.296 ,0.765 ,0.069 ,0.132 ,0.359 ,0.037 ,0.221 ,0.353 ,0.366 ,0.616 ,0.629 ,0.604 ,0.072 
100467,0.135 ,0.493 ,0.255 ,0.333 ,0.380 ,0.052 ,0.321 ,0.471 ,0.532 ,0.202 ,0.331 ,0.765 ,0.081 ,0.139 ,0.402 ,0.043 ,0.208 ,0.380 ,0.364 ,0.649 ,0.634 ,0.565 ,0.060 
100468,0.110 ,0.486 ,0.321 ,0.294 ,0.331 ,0.058 ,0.355 ,0.422 ,0.492 ,0.156 ,0.296 ,0.780 ,0.053 ,0.129 ,0.325 ,0.031 ,0.221 ,0.328 ,0.356 ,0.641 ,0.631 ,0.614 ,0.071 
100469,0.072 ,0.476 ,0.401 ,0.352 ,0.221 ,0.075 ,0.399 ,0.299 ,0.488 ,0.096 ,0.265 ,0.766 ,0.025 ,0.101 ,0.200 ,0.018 ,0.262 ,0.243 ,0.311 ,0.592 ,0.592 ,0.632 ,0.100 
100470,0.051 ,0.457 ,0.416 ,0.345 ,0.140 ,0.081 ,0.372 ,0.218 ,0.505 ,0.075 ,0.201 ,0.733 ,0.015 ,0.071 ,0.136 ,0.012 ,0.270 ,0.173 ,0.210 ,0.522 ,0.534 ,0.574 ,0.124 
100471,0.041 ,0.440 ,0.464 ,0.232 ,0.123 ,0.112 ,0.342 ,0.165 ,0.453 ,0.073 ,0.126 ,0.693 ,0.009 ,0.059 ,0.118 ,0.011 ,0.244 ,0.108 ,0.145 ,0.398 ,0.509 ,0.532 ,0.186 
100472,0.188 ,0.512 ,0.418 ,0.370 ,0.484 ,0.258 ,0.571 ,0.517 ,0.467 ,0.048 ,0.505 ,0.429 ,0.081 ,0.509 ,0.541 ,0.105 ,0.088 ,0.387 ,0.490 ,0.428 ,0.551 ,0.132 ,0.266 
100473,0.221 ,0.511 ,0.382 ,0.388 ,0.485 ,0.241 ,0.541 ,0.518 ,0.497 ,0.068 ,0.494 ,0.431 ,0.095 ,0.509 ,0.545 ,0.113 ,0.105 ,0.404 ,0.476 ,0.415 ,0.554 ,0.133 ,0.262 
100474,0.211 ,0.515 ,0.368 ,0.361 ,0.550 ,0.306 ,0.548 ,0.519 ,0.478 ,0.073 ,0.402 ,0.450 ,0.110 ,0.545 ,0.561 ,0.118 ,0.109 ,0.453 ,0.512 ,0.398 ,0.567 ,0.185 ,0.274 
100475,0.205 ,0.516 ,0.372 ,0.362 ,0.571 ,0.328 ,0.544 ,0.517 ,0.472 ,0.079 ,0.328 ,0.454 ,0.133 ,0.562 ,0.570 ,0.141 ,0.086 ,0.474 ,0.529 ,0.405 ,0.569 ,0.187 ,0.254 
100476,0.273 ,0.518 ,0.304 ,0.312 ,0.573 ,0.256 ,0.495 ,0.525 ,0.515 ,0.158 ,0.302 ,0.436 ,0.234 ,0.568 ,0.574 ,0.244 ,0.052 ,0.527 ,0.500 ,0.442 ,0.551 ,0.122 ,0.195 
100477,0.393 ,0.519 ,0.153 ,0.215 ,0.567 ,0.076 ,0.268 ,0.531 ,0.548 ,0.385 ,0.334 ,0.382 ,0.359 ,0.484 ,0.544 ,0.334 ,0.051 ,0.543 ,0.405 ,0.468 ,0.465 ,0.060 ,0.057 
100478,0.347 ,0.519 ,0.202 ,0.316 ,0.542 ,0.093 ,0.302 ,0.534 ,0.572 ,0.355 ,0.394 ,0.474 ,0.286 ,0.482 ,0.545 ,0.271 ,0.063 ,0.524 ,0.430 ,0.491 ,0.498 ,0.087 ,0.052 
100479,0.241 ,0.516 ,0.371 ,0.504 ,0.532 ,0.211 ,0.499 ,0.512 ,0.534 ,0.207 ,0.362 ,0.573 ,0.161 ,0.520 ,0.559 ,0.197 ,0.084 ,0.459 ,0.535 ,0.471 ,0.596 ,0.175 ,0.102 
100480,0.137 ,0.504 ,0.354 ,0.455 ,0.508 ,0.143 ,0.384 ,0.422 ,0.460 ,0.177 ,0.104 ,0.709 ,0.077 ,0.290 ,0.473 ,0.076 ,0.147 ,0.352 ,0.461 ,0.468 ,0.616 ,0.367 ,0.108 
100481,0.146 ,0.500 ,0.314 ,0.328 ,0.462 ,0.078 ,0.318 ,0.450 ,0.478 ,0.207 ,0.134 ,0.729 ,0.086 ,0.194 ,0.469 ,0.067 ,0.155 ,0.353 ,0.381 ,0.529 ,0.572 ,0.453 ,0.081 
100482,0.151 ,0.492 ,0.284 ,0.259 ,0.432 ,0.046 ,0.278 ,0.467 ,0.503 ,0.204 ,0.178 ,0.743 ,0.085 ,0.148 ,0.449 ,0.058 ,0.158 ,0.358 ,0.330 ,0.584 ,0.564 ,0.479 ,0.058 
100483,0.150 ,0.489 ,0.260 ,0.290 ,0.400 ,0.037 ,0.261 ,0.465 ,0.530 ,0.197 ,0.250 ,0.750 ,0.084 ,0.131 ,0.425 ,0.051 ,0.166 ,0.366 ,0.315 ,0.615 ,0.573 ,0.503 ,0.049 
100484,0.151 ,0.491 ,0.288 ,0.255 ,0.434 ,0.049 ,0.296 ,0.483 ,0.488 ,0.202 ,0.265 ,0.756 ,0.084 ,0.152 ,0.448 ,0.054 ,0.174 ,0.369 ,0.347 ,0.624 ,0.602 ,0.515 ,0.057 
100485,0.122 ,0.492 ,0.329 ,0.290 ,0.386 ,0.079 ,0.376 ,0.446 ,0.472 ,0.177 ,0.315 ,0.775 ,0.062 ,0.162 ,0.374 ,0.039 ,0.220 ,0.347 ,0.399 ,0.622 ,0.646 ,0.599 ,0.080 
100486,0.093 ,0.485 ,0.379 ,0.302 ,0.307 ,0.095 ,0.410 ,0.368 ,0.462 ,0.135 ,0.275 ,0.772 ,0.038 ,0.136 ,0.284 ,0.026 ,0.243 ,0.285 ,0.364 ,0.589 ,0.634 ,0.631 ,0.102 
100487,0.066 ,0.447 ,0.424 ,0.271 ,0.189 ,0.075 ,0.354 ,0.244 ,0.464 ,0.086 ,0.205 ,0.742 ,0.018 ,0.079 ,0.172 ,0.015 ,0.234 ,0.188 ,0.207 ,0.526 ,0.534 ,0.571 ,0.115 
100488,0.044 ,0.439 ,0.486 ,0.183 ,0.145 ,0.146 ,0.346 ,0.172 ,0.404 ,0.079 ,0.107 ,0.683 ,0.009 ,0.070 ,0.142 ,0.013 ,0.225 ,0.096 ,0.152 ,0.350 ,0.508 ,0.528 ,0.217 
100489,0.029 ,0.399 ,0.538 ,0.099 ,0.070 ,0.171 ,0.256 ,0.115 ,0.367 ,0.078 ,0.065 ,0.596 ,0.005 ,0.032 ,0.100 ,0.013 ,0.203 ,0.040 ,0.070 ,0.196 ,0.374 ,0.412 ,0.298 
100490,0.323 ,0.504 ,0.357 ,0.403 ,0.378 ,0.129 ,0.487 ,0.521 ,0.510 ,0.118 ,0.509 ,0.417 ,0.117 ,0.479 ,0.542 ,0.133 ,0.123 ,0.387 ,0.410 ,0.429 ,0.554 ,0.095 ,0.188 
100491,0.399 ,0.493 ,0.409 ,0.292 ,0.266 ,0.086 ,0.437 ,0.508 ,0.484 ,0.065 ,0.444 ,0.303 ,0.123 ,0.405 ,0.519 ,0.149 ,0.082 ,0.360 ,0.322 ,0.492 ,0.498 ,0.046 ,0.108 
100492,0.312 ,0.503 ,0.381 ,0.294 ,0.376 ,0.153 ,0.492 ,0.511 ,0.495 ,0.052 ,0.438 ,0.323 ,0.127 ,0.462 ,0.529 ,0.146 ,0.062 ,0.414 ,0.373 ,0.417 ,0.520 ,0.056 ,0.201 
100493,0.304 ,0.512 ,0.307 ,0.208 ,0.545 ,0.241 ,0.510 ,0.537 ,0.501 ,0.105 ,0.506 ,0.308 ,0.194 ,0.554 ,0.547 ,0.225 ,0.041 ,0.479 ,0.423 ,0.441 ,0.480 ,0.056 ,0.278 
100494,0.418 ,0.516 ,0.158 ,0.165 ,0.583 ,0.113 ,0.326 ,0.530 ,0.504 ,0.343 ,0.401 ,0.260 ,0.385 ,0.546 ,0.565 ,0.384 ,0.034 ,0.533 ,0.390 ,0.454 ,0.418 ,0.038 ,0.091 
100495,0.428 ,0.518 ,0.118 ,0.160 ,0.573 ,0.060 ,0.234 ,0.528 ,0.533 ,0.424 ,0.357 ,0.314 ,0.403 ,0.478 ,0.539 ,0.376 ,0.044 ,0.542 ,0.370 ,0.463 ,0.409 ,0.046 ,0.055 
100496,0.391 ,0.517 ,0.216 ,0.331 ,0.562 ,0.095 ,0.342 ,0.534 ,0.568 ,0.342 ,0.343 ,0.453 ,0.327 ,0.529 ,0.557 ,0.319 ,0.057 ,0.542 ,0.438 ,0.473 ,0.528 ,0.076 ,0.071 
100497,0.232 ,0.518 ,0.237 ,0.466 ,0.517 ,0.087 ,0.298 ,0.524 ,0.564 ,0.281 ,0.209 ,0.640 ,0.179 ,0.373 ,0.553 ,0.150 ,0.113 ,0.483 ,0.461 ,0.518 ,0.551 ,0.248 ,0.056 
100498,0.195 ,0.511 ,0.202 ,0.337 ,0.440 ,0.073 ,0.281 ,0.517 ,0.561 ,0.278 ,0.211 ,0.678 ,0.149 ,0.211 ,0.551 ,0.099 ,0.140 ,0.439 ,0.396 ,0.554 ,0.534 ,0.397 ,0.064 
100499,0.178 ,0.503 ,0.246 ,0.291 ,0.433 ,0.080 ,0.294 ,0.500 ,0.520 ,0.258 ,0.182 ,0.686 ,0.123 ,0.187 ,0.542 ,0.088 ,0.142 ,0.394 ,0.363 ,0.535 ,0.546 ,0.412 ,0.075 
100500,0.176 ,0.498 ,0.258 ,0.267 ,0.447 ,0.050 ,0.261 ,0.498 ,0.510 ,0.237 ,0.182 ,0.717 ,0.110 ,0.165 ,0.514 ,0.077 ,0.144 ,0.387 ,0.339 ,0.577 ,0.548 ,0.419 ,0.058 
100501,0.152 ,0.501 ,0.280 ,0.293 ,0.463 ,0.072 ,0.328 ,0.490 ,0.494 ,0.226 ,0.252 ,0.747 ,0.096 ,0.182 ,0.474 ,0.060 ,0.184 ,0.388 ,0.389 ,0.597 ,0.614 ,0.526 ,0.070 
100502,0.136 ,0.501 ,0.295 ,0.322 ,0.421 ,0.088 ,0.378 ,0.470 ,0.496 ,0.207 ,0.313 ,0.762 ,0.079 ,0.179 ,0.425 ,0.047 ,0.216 ,0.376 ,0.412 ,0.609 ,0.647 ,0.582 ,0.081 
100503,0.111 ,0.487 ,0.334 ,0.331 ,0.324 ,0.080 ,0.377 ,0.395 ,0.490 ,0.158 ,0.307 ,0.760 ,0.050 ,0.139 ,0.327 ,0.032 ,0.224 ,0.312 ,0.357 ,0.597 ,0.633 ,0.584 ,0.087 
100504,0.072 ,0.468 ,0.380 ,0.316 ,0.194 ,0.095 ,0.383 ,0.281 ,0.485 ,0.116 ,0.225 ,0.732 ,0.025 ,0.088 ,0.212 ,0.017 ,0.244 ,0.213 ,0.249 ,0.526 ,0.577 ,0.578 ,0.122 
100505,0.053 ,0.444 ,0.460 ,0.205 ,0.156 ,0.152 ,0.356 ,0.213 ,0.420 ,0.104 ,0.116 ,0.689 ,0.014 ,0.074 ,0.183 ,0.017 ,0.220 ,0.119 ,0.178 ,0.369 ,0.516 ,0.526 ,0.192 
100506,0.035 ,0.405 ,0.540 ,0.095 ,0.088 ,0.191 ,0.278 ,0.156 ,0.363 ,0.102 ,0.047 ,0.605 ,0.008 ,0.041 ,0.156 ,0.021 ,0.186 ,0.047 ,0.086 ,0.183 ,0.348 ,0.420 ,0.256 
100507,0.050 ,0.399 ,0.672 ,0.067 ,0.082 ,0.471 ,0.115 ,0.227 ,0.365 ,0.182 ,0.202 ,0.413 ,0.035 ,0.048 ,0.265 ,0.093 ,0.085 ,0.072 ,0.262 ,0.126 ,0.062 ,0.063 ,0.198 
100508,0.504 ,0.478 ,0.450 ,0.237 ,0.177 ,0.051 ,0.429 ,0.501 ,0.451 ,0.067 ,0.414 ,0.248 ,0.145 ,0.344 ,0.495 ,0.176 ,0.076 ,0.334 ,0.250 ,0.556 ,0.448 ,0.031 ,0.037 
100509,0.427 ,0.492 ,0.400 ,0.231 ,0.284 ,0.090 ,0.446 ,0.503 ,0.451 ,0.053 ,0.422 ,0.278 ,0.141 ,0.426 ,0.511 ,0.160 ,0.067 ,0.400 ,0.319 ,0.472 ,0.483 ,0.039 ,0.116 
100510,0.280 ,0.510 ,0.343 ,0.251 ,0.498 ,0.223 ,0.528 ,0.532 ,0.508 ,0.074 ,0.511 ,0.337 ,0.154 ,0.526 ,0.538 ,0.187 ,0.044 ,0.451 ,0.417 ,0.436 ,0.491 ,0.060 ,0.270 
100511,0.362 ,0.519 ,0.193 ,0.176 ,0.575 ,0.183 ,0.387 ,0.533 ,0.511 ,0.285 ,0.416 ,0.309 ,0.335 ,0.536 ,0.566 ,0.329 ,0.044 ,0.535 ,0.436 ,0.454 ,0.448 ,0.063 ,0.154 
100512,0.431 ,0.520 ,0.132 ,0.159 ,0.577 ,0.093 ,0.295 ,0.535 ,0.528 ,0.394 ,0.375 ,0.268 ,0.426 ,0.528 ,0.560 ,0.416 ,0.035 ,0.556 ,0.388 ,0.473 ,0.393 ,0.045 ,0.080 
100513,0.493 ,0.507 ,0.217 ,0.243 ,0.473 ,0.072 ,0.361 ,0.531 ,0.545 ,0.333 ,0.406 ,0.283 ,0.393 ,0.565 ,0.552 ,0.407 ,0.033 ,0.514 ,0.335 ,0.467 ,0.462 ,0.027 ,0.073 
100514,0.349 ,0.520 ,0.156 ,0.340 ,0.558 ,0.070 ,0.263 ,0.545 ,0.577 ,0.383 ,0.285 ,0.497 ,0.320 ,0.454 ,0.543 ,0.273 ,0.073 ,0.554 ,0.437 ,0.486 ,0.513 ,0.114 ,0.054 
100515,0.266 ,0.518 ,0.290 ,0.502 ,0.551 ,0.152 ,0.401 ,0.531 ,0.527 ,0.258 ,0.220 ,0.575 ,0.208 ,0.490 ,0.565 ,0.207 ,0.086 ,0.506 ,0.513 ,0.479 ,0.589 ,0.176 ,0.079 
100516,0.206 ,0.515 ,0.262 ,0.404 ,0.493 ,0.134 ,0.361 ,0.507 ,0.540 ,0.260 ,0.231 ,0.664 ,0.148 ,0.334 ,0.568 ,0.122 ,0.135 ,0.452 ,0.474 ,0.520 ,0.562 ,0.361 ,0.083 
100517,0.173 ,0.508 ,0.279 ,0.371 ,0.484 ,0.076 ,0.303 ,0.487 ,0.502 ,0.233 ,0.155 ,0.712 ,0.114 ,0.234 ,0.522 ,0.088 ,0.143 ,0.406 ,0.411 ,0.540 ,0.571 ,0.411 ,0.070 
100518,0.178 ,0.500 ,0.272 ,0.313 ,0.471 ,0.041 ,0.259 ,0.492 ,0.513 ,0.222 ,0.193 ,0.739 ,0.107 ,0.191 ,0.494 ,0.075 ,0.143 ,0.402 ,0.365 ,0.597 ,0.559 ,0.430 ,0.048 
100519,0.170 ,0.494 ,0.250 ,0.309 ,0.435 ,0.034 ,0.253 ,0.494 ,0.531 ,0.209 ,0.298 ,0.748 ,0.099 ,0.155 ,0.466 ,0.061 ,0.159 ,0.399 ,0.337 ,0.634 ,0.581 ,0.470 ,0.042 
100520,0.154 ,0.483 ,0.263 ,0.293 ,0.371 ,0.037 ,0.256 ,0.452 ,0.529 ,0.186 ,0.307 ,0.740 ,0.078 ,0.116 ,0.416 ,0.046 ,0.165 ,0.350 ,0.289 ,0.622 ,0.560 ,0.467 ,0.048 
100521,0.096 ,0.462 ,0.335 ,0.302 ,0.216 ,0.060 ,0.310 ,0.318 ,0.509 ,0.132 ,0.257 ,0.721 ,0.036 ,0.078 ,0.255 ,0.022 ,0.207 ,0.240 ,0.223 ,0.545 ,0.546 ,0.501 ,0.082 
100522,0.075 ,0.457 ,0.410 ,0.247 ,0.201 ,0.135 ,0.356 ,0.276 ,0.450 ,0.135 ,0.156 ,0.700 ,0.026 ,0.089 ,0.246 ,0.023 ,0.212 ,0.172 ,0.227 ,0.428 ,0.533 ,0.522 ,0.148 
100523,0.063 ,0.436 ,0.464 ,0.181 ,0.144 ,0.157 ,0.305 ,0.225 ,0.435 ,0.123 ,0.114 ,0.653 ,0.018 ,0.059 ,0.210 ,0.024 ,0.181 ,0.110 ,0.155 ,0.320 ,0.450 ,0.439 ,0.182 
100524,0.410 ,0.493 ,0.412 ,0.318 ,0.287 ,0.094 ,0.415 ,0.502 ,0.459 ,0.075 ,0.364 ,0.320 ,0.141 ,0.433 ,0.522 ,0.147 ,0.097 ,0.389 ,0.348 ,0.447 ,0.513 ,0.056 ,0.100 
100525,0.315 ,0.493 ,0.453 ,0.243 ,0.267 ,0.114 ,0.460 ,0.461 ,0.413 ,0.019 ,0.385 ,0.253 ,0.096 ,0.374 ,0.498 ,0.106 ,0.057 ,0.362 ,0.324 ,0.452 ,0.476 ,0.039 ,0.121 
100526,0.215 ,0.512 ,0.386 ,0.323 ,0.522 ,0.277 ,0.545 ,0.515 ,0.496 ,0.054 ,0.417 ,0.384 ,0.124 ,0.535 ,0.545 ,0.149 ,0.056 ,0.446 ,0.466 ,0.413 ,0.536 ,0.100 ,0.259 
100527,0.247 ,0.517 ,0.324 ,0.280 ,0.574 ,0.300 ,0.518 ,0.520 ,0.503 ,0.113 ,0.301 ,0.396 ,0.212 ,0.572 ,0.570 ,0.233 ,0.043 ,0.512 ,0.498 ,0.431 ,0.540 ,0.110 ,0.238 
100528,0.377 ,0.514 ,0.276 ,0.278 ,0.540 ,0.165 ,0.468 ,0.535 ,0.522 ,0.190 ,0.404 ,0.374 ,0.270 ,0.578 ,0.553 ,0.282 ,0.049 ,0.528 ,0.420 ,0.447 ,0.536 ,0.069 ,0.167 
100529,0.516 ,0.499 ,0.277 ,0.252 ,0.372 ,0.062 ,0.414 ,0.537 ,0.542 ,0.265 ,0.489 ,0.299 ,0.313 ,0.534 ,0.538 ,0.362 ,0.039 ,0.469 ,0.320 ,0.521 ,0.490 ,0.026 ,0.091 
100530,0.529 ,0.501 ,0.231 ,0.319 ,0.394 ,0.039 ,0.293 ,0.532 ,0.581 ,0.411 ,0.439 ,0.395 ,0.364 ,0.538 ,0.545 ,0.384 ,0.052 ,0.480 ,0.338 ,0.498 ,0.497 ,0.031 ,0.038 
100531,0.379 ,0.518 ,0.201 ,0.374 ,0.561 ,0.082 ,0.314 ,0.542 ,0.570 ,0.368 ,0.306 ,0.494 ,0.323 ,0.507 ,0.554 ,0.305 ,0.062 ,0.554 ,0.446 ,0.490 ,0.542 ,0.098 ,0.054 
100532,0.234 ,0.518 ,0.375 ,0.497 ,0.555 ,0.221 ,0.496 ,0.514 ,0.439 ,0.167 ,0.179 ,0.550 ,0.186 ,0.551 ,0.569 ,0.222 ,0.061 ,0.491 ,0.556 ,0.440 ,0.631 ,0.149 ,0.118 
100533,0.187 ,0.513 ,0.296 ,0.525 ,0.542 ,0.172 ,0.392 ,0.466 ,0.433 ,0.198 ,0.116 ,0.637 ,0.125 ,0.425 ,0.496 ,0.131 ,0.115 ,0.434 ,0.526 ,0.466 ,0.650 ,0.249 ,0.093 
100534,0.163 ,0.503 ,0.288 ,0.373 ,0.475 ,0.054 ,0.281 ,0.471 ,0.501 ,0.217 ,0.148 ,0.735 ,0.101 ,0.205 ,0.480 ,0.075 ,0.145 ,0.392 ,0.393 ,0.565 ,0.572 ,0.420 ,0.059 
100535,0.181 ,0.495 ,0.260 ,0.329 ,0.444 ,0.030 ,0.228 ,0.477 ,0.542 ,0.204 ,0.237 ,0.740 ,0.101 ,0.174 ,0.473 ,0.070 ,0.137 ,0.401 ,0.332 ,0.618 ,0.546 ,0.411 ,0.036 
100536,0.176 ,0.484 ,0.251 ,0.291 ,0.378 ,0.031 ,0.222 ,0.461 ,0.541 ,0.193 ,0.298 ,0.722 ,0.090 ,0.121 ,0.452 ,0.057 ,0.142 ,0.363 ,0.275 ,0.610 ,0.529 ,0.408 ,0.039 
100537,0.150 ,0.462 ,0.300 ,0.291 ,0.326 ,0.035 ,0.231 ,0.387 ,0.536 ,0.153 ,0.296 ,0.715 ,0.059 ,0.099 ,0.365 ,0.040 ,0.147 ,0.299 ,0.227 ,0.568 ,0.495 ,0.398 ,0.047 
100538,0.122 ,0.460 ,0.350 ,0.272 ,0.275 ,0.053 ,0.262 ,0.336 ,0.516 ,0.143 ,0.226 ,0.708 ,0.043 ,0.093 ,0.307 ,0.034 ,0.158 ,0.240 ,0.218 ,0.501 ,0.495 ,0.427 ,0.071 
100539,0.108 ,0.448 ,0.383 ,0.231 ,0.186 ,0.069 ,0.238 ,0.285 ,0.516 ,0.136 ,0.202 ,0.665 ,0.033 ,0.064 ,0.258 ,0.030 ,0.151 ,0.182 ,0.170 ,0.420 ,0.443 ,0.354 ,0.084 
100540,0.117 ,0.439 ,0.393 ,0.192 ,0.140 ,0.093 ,0.197 ,0.275 ,0.529 ,0.155 ,0.223 ,0.611 ,0.038 ,0.047 ,0.261 ,0.036 ,0.138 ,0.165 ,0.143 ,0.361 ,0.349 ,0.249 ,0.087 
100541,0.102 ,0.434 ,0.535 ,0.070 ,0.118 ,0.257 ,0.086 ,0.243 ,0.412 ,0.191 ,0.375 ,0.429 ,0.053 ,0.046 ,0.245 ,0.069 ,0.088 ,0.143 ,0.225 ,0.180 ,0.098 ,0.030 ,0.098 
100542,0.368 ,0.505 ,0.231 ,0.402 ,0.398 ,0.085 ,0.426 ,0.535 ,0.540 ,0.244 ,0.533 ,0.439 ,0.148 ,0.471 ,0.532 ,0.147 ,0.172 ,0.397 ,0.395 ,0.412 ,0.583 ,0.101 ,0.197 
100543,0.355 ,0.507 ,0.291 ,0.405 ,0.420 ,0.119 ,0.448 ,0.523 ,0.525 ,0.192 ,0.475 ,0.447 ,0.157 ,0.498 ,0.541 ,0.147 ,0.152 ,0.429 ,0.421 ,0.397 ,0.576 ,0.131 ,0.178 
100544,0.391 ,0.498 ,0.361 ,0.286 ,0.339 ,0.115 ,0.447 ,0.516 ,0.488 ,0.079 ,0.422 ,0.329 ,0.135 ,0.458 ,0.532 ,0.143 ,0.096 ,0.406 ,0.355 ,0.423 ,0.518 ,0.065 ,0.187 
100545,0.348 ,0.501 ,0.362 ,0.269 ,0.392 ,0.155 ,0.461 ,0.506 ,0.477 ,0.053 ,0.353 ,0.302 ,0.151 ,0.479 ,0.526 ,0.154 ,0.064 ,0.445 ,0.362 ,0.376 ,0.518 ,0.056 ,0.202 
100546,0.229 ,0.516 ,0.352 ,0.478 ,0.557 ,0.250 ,0.494 ,0.506 ,0.460 ,0.115 ,0.180 ,0.471 ,0.191 ,0.564 ,0.568 ,0.211 ,0.053 ,0.498 ,0.527 ,0.418 ,0.630 ,0.115 ,0.167 
100547,0.077 ,0.513 ,0.459 ,0.205 ,0.456 ,0.236 ,0.563 ,0.445 ,0.284 ,0.004 ,0.272 ,0.328 ,0.054 ,0.435 ,0.459 ,0.069 ,0.025 ,0.349 ,0.458 ,0.312 ,0.544 ,0.083 ,0.197 
100548,0.180 ,0.509 ,0.451 ,0.174 ,0.397 ,0.169 ,0.589 ,0.507 ,0.355 ,0.015 ,0.420 ,0.324 ,0.094 ,0.446 ,0.487 ,0.115 ,0.030 ,0.384 ,0.409 ,0.400 ,0.506 ,0.066 ,0.183 
100549,0.424 ,0.497 ,0.387 ,0.237 ,0.301 ,0.070 ,0.513 ,0.539 ,0.472 ,0.107 ,0.531 ,0.319 ,0.188 ,0.460 ,0.513 ,0.247 ,0.040 ,0.410 ,0.338 ,0.548 ,0.492 ,0.029 ,0.113 
100550,0.505 ,0.506 ,0.244 ,0.338 ,0.425 ,0.045 ,0.329 ,0.536 ,0.578 ,0.413 ,0.454 ,0.399 ,0.358 ,0.550 ,0.539 ,0.395 ,0.046 ,0.494 ,0.352 ,0.488 ,0.516 ,0.032 ,0.038 
100551,0.372 ,0.526 ,0.136 ,0.254 ,0.541 ,0.076 ,0.272 ,0.553 ,0.580 ,0.402 ,0.284 ,0.465 ,0.367 ,0.443 ,0.568 ,0.331 ,0.056 ,0.572 ,0.430 ,0.519 ,0.485 ,0.110 ,0.061 
100552,0.277 ,0.519 ,0.217 ,0.458 ,0.536 ,0.117 ,0.329 ,0.548 ,0.533 ,0.298 ,0.186 ,0.571 ,0.238 ,0.431 ,0.570 ,0.215 ,0.080 ,0.526 ,0.484 ,0.495 ,0.557 ,0.172 ,0.073 
100553,0.174 ,0.511 ,0.268 ,0.447 ,0.490 ,0.072 ,0.298 ,0.477 ,0.540 ,0.232 ,0.156 ,0.705 ,0.118 ,0.258 ,0.505 ,0.090 ,0.139 ,0.418 ,0.432 ,0.531 ,0.567 ,0.364 ,0.063 
100554,0.176 ,0.502 ,0.278 ,0.374 ,0.462 ,0.046 ,0.258 ,0.471 ,0.529 ,0.214 ,0.166 ,0.720 ,0.104 ,0.210 ,0.491 ,0.080 ,0.129 ,0.393 ,0.374 ,0.564 ,0.539 ,0.381 ,0.050 
100555,0.183 ,0.489 ,0.256 ,0.287 ,0.404 ,0.032 ,0.215 ,0.470 ,0.544 ,0.207 ,0.209 ,0.710 ,0.098 ,0.143 ,0.480 ,0.071 ,0.123 ,0.368 ,0.290 ,0.582 ,0.507 ,0.364 ,0.041 
100556,0.180 ,0.465 ,0.261 ,0.308 ,0.342 ,0.024 ,0.194 ,0.426 ,0.569 ,0.161 ,0.330 ,0.709 ,0.078 ,0.109 ,0.414 ,0.052 ,0.128 ,0.343 ,0.234 ,0.595 ,0.464 ,0.334 ,0.033 
100557,0.172 ,0.467 ,0.251 ,0.252 ,0.269 ,0.030 ,0.185 ,0.416 ,0.570 ,0.183 ,0.253 ,0.669 ,0.077 ,0.073 ,0.406 ,0.052 ,0.124 ,0.296 ,0.200 ,0.538 ,0.424 ,0.315 ,0.041 
100558,0.145 ,0.450 ,0.327 ,0.199 ,0.204 ,0.047 ,0.198 ,0.351 ,0.534 ,0.168 ,0.191 ,0.639 ,0.053 ,0.054 ,0.344 ,0.045 ,0.123 ,0.209 ,0.146 ,0.437 ,0.393 ,0.308 ,0.061 
100559,0.104 ,0.420 ,0.489 ,0.154 ,0.111 ,0.087 ,0.124 ,0.200 ,0.510 ,0.110 ,0.350 ,0.526 ,0.028 ,0.042 ,0.168 ,0.027 ,0.124 ,0.153 ,0.139 ,0.287 ,0.230 ,0.082 ,0.079 
100560,0.120 ,0.395 ,0.590 ,0.055 ,0.078 ,0.189 ,0.067 ,0.194 ,0.417 ,0.154 ,0.288 ,0.373 ,0.040 ,0.025 ,0.188 ,0.070 ,0.070 ,0.097 ,0.099 ,0.127 ,0.083 ,0.054 ,0.066 
100561,0.339 ,0.513 ,0.146 ,0.404 ,0.468 ,0.076 ,0.381 ,0.555 ,0.565 ,0.337 ,0.517 ,0.479 ,0.175 ,0.458 ,0.530 ,0.158 ,0.194 ,0.437 ,0.427 ,0.427 ,0.597 ,0.113 ,0.196 
100562,0.350 ,0.515 ,0.152 ,0.365 ,0.515 ,0.111 ,0.406 ,0.558 ,0.554 ,0.314 ,0.500 ,0.466 ,0.195 ,0.488 ,0.545 ,0.176 ,0.167 ,0.483 ,0.444 ,0.436 ,0.586 ,0.131 ,0.222 
100563,0.342 ,0.515 ,0.178 ,0.375 ,0.517 ,0.127 ,0.424 ,0.556 ,0.550 ,0.287 ,0.512 ,0.471 ,0.190 ,0.498 ,0.549 ,0.171 ,0.157 ,0.481 ,0.453 ,0.445 ,0.589 ,0.132 ,0.219 
100564,0.348 ,0.509 ,0.279 ,0.321 ,0.482 ,0.166 ,0.491 ,0.545 ,0.505 ,0.140 ,0.478 ,0.407 ,0.162 ,0.540 ,0.540 ,0.166 ,0.106 ,0.478 ,0.427 ,0.394 ,0.567 ,0.113 ,0.248 
100565,0.264 ,0.508 ,0.386 ,0.396 ,0.511 ,0.225 ,0.498 ,0.513 ,0.415 ,0.066 ,0.251 ,0.404 ,0.149 ,0.558 ,0.543 ,0.146 ,0.085 ,0.484 ,0.478 ,0.358 ,0.600 ,0.118 ,0.191 
100566,0.101 ,0.493 ,0.153 ,0.389 ,0.446 ,0.274 ,0.390 ,0.344 ,0.162 ,0.010 ,0.126 ,0.243 ,0.053 ,0.472 ,0.206 ,0.069 ,0.062 ,0.325 ,0.516 ,0.303 ,0.685 ,0.106 ,0.141 
100567,0.023 ,0.514 ,0.442 ,0.086 ,0.348 ,0.168 ,0.480 ,0.358 ,0.167 ,0.000 ,0.261 ,0.285 ,0.015 ,0.256 ,0.290 ,0.012 ,0.020 ,0.103 ,0.433 ,0.243 ,0.494 ,0.079 ,0.137 
100568,0.126 ,0.510 ,0.464 ,0.110 ,0.372 ,0.146 ,0.600 ,0.479 ,0.303 ,0.007 ,0.413 ,0.295 ,0.074 ,0.394 ,0.453 ,0.095 ,0.020 ,0.353 ,0.398 ,0.387 ,0.484 ,0.060 ,0.165 
100569,0.418 ,0.504 ,0.283 ,0.176 ,0.407 ,0.083 ,0.464 ,0.555 ,0.485 ,0.143 ,0.489 ,0.200 ,0.301 ,0.536 ,0.524 ,0.357 ,0.019 ,0.482 ,0.318 ,0.507 ,0.376 ,0.022 ,0.132 
100570,0.509 ,0.513 ,0.119 ,0.162 ,0.540 ,0.041 ,0.215 ,0.536 ,0.530 ,0.476 ,0.443 ,0.215 ,0.461 ,0.558 ,0.543 ,0.474 ,0.029 ,0.533 ,0.313 ,0.490 ,0.343 ,0.020 ,0.038 
100571,0.339 ,0.527 ,0.060 ,0.137 ,0.507 ,0.025 ,0.118 ,0.531 ,0.587 ,0.434 ,0.332 ,0.416 ,0.370 ,0.302 ,0.505 ,0.293 ,0.057 ,0.533 ,0.330 ,0.491 ,0.348 ,0.088 ,0.030 
100572,0.305 ,0.517 ,0.267 ,0.509 ,0.548 ,0.124 ,0.368 ,0.526 ,0.527 ,0.273 ,0.194 ,0.536 ,0.249 ,0.513 ,0.557 ,0.261 ,0.060 ,0.532 ,0.487 ,0.477 ,0.601 ,0.104 ,0.066 
100573,0.216 ,0.511 ,0.183 ,0.346 ,0.443 ,0.029 ,0.193 ,0.532 ,0.582 ,0.269 ,0.227 ,0.687 ,0.163 ,0.209 ,0.542 ,0.108 ,0.117 ,0.462 ,0.367 ,0.601 ,0.506 ,0.323 ,0.033 
100574,0.226 ,0.499 ,0.186 ,0.300 ,0.385 ,0.021 ,0.169 ,0.523 ,0.587 ,0.240 ,0.282 ,0.678 ,0.143 ,0.152 ,0.531 ,0.096 ,0.109 ,0.429 ,0.284 ,0.610 ,0.477 ,0.296 ,0.027 
100575,0.223 ,0.490 ,0.169 ,0.292 ,0.325 ,0.019 ,0.151 ,0.501 ,0.613 ,0.219 ,0.347 ,0.660 ,0.134 ,0.109 ,0.502 ,0.079 ,0.113 ,0.403 ,0.241 ,0.606 ,0.430 ,0.263 ,0.024 
100576,0.225 ,0.462 ,0.201 ,0.185 ,0.189 ,0.019 ,0.124 ,0.453 ,0.598 ,0.200 ,0.266 ,0.596 ,0.110 ,0.050 ,0.456 ,0.073 ,0.094 ,0.309 ,0.144 ,0.516 ,0.337 ,0.203 ,0.027 
100577,0.176 ,0.436 ,0.337 ,0.147 ,0.177 ,0.036 ,0.158 ,0.363 ,0.501 ,0.177 ,0.189 ,0.602 ,0.059 ,0.042 ,0.378 ,0.057 ,0.099 ,0.195 ,0.098 ,0.401 ,0.340 ,0.245 ,0.054 
100578,0.103 ,0.441 ,0.438 ,0.170 ,0.167 ,0.180 ,0.253 ,0.288 ,0.483 ,0.178 ,0.151 ,0.601 ,0.038 ,0.064 ,0.315 ,0.050 ,0.130 ,0.139 ,0.165 ,0.293 ,0.335 ,0.314 ,0.144 
100579,0.060 ,0.376 ,0.529 ,0.201 ,0.088 ,0.063 ,0.152 ,0.127 ,0.493 ,0.055 ,0.300 ,0.583 ,0.009 ,0.037 ,0.086 ,0.012 ,0.170 ,0.115 ,0.120 ,0.297 ,0.292 ,0.125 ,0.136 
100580,0.075 ,0.403 ,0.655 ,0.074 ,0.089 ,0.206 ,0.083 ,0.164 ,0.391 ,0.142 ,0.322 ,0.439 ,0.027 ,0.038 ,0.168 ,0.049 ,0.081 ,0.087 ,0.127 ,0.123 ,0.111 ,0.058 ,0.129 
100581,0.342 ,0.521 ,0.096 ,0.294 ,0.514 ,0.122 ,0.354 ,0.554 ,0.564 ,0.367 ,0.459 ,0.460 ,0.229 ,0.442 ,0.549 ,0.197 ,0.165 ,0.506 ,0.446 ,0.438 ,0.542 ,0.128 ,0.253 
100582,0.326 ,0.522 ,0.136 ,0.301 ,0.540 ,0.204 ,0.441 ,0.569 ,0.545 ,0.285 ,0.428 ,0.479 ,0.221 ,0.494 ,0.582 ,0.183 ,0.157 ,0.540 ,0.496 ,0.458 ,0.569 ,0.196 ,0.308 
100583,0.348 ,0.516 ,0.206 ,0.361 ,0.560 ,0.173 ,0.489 ,0.569 ,0.518 ,0.240 ,0.489 ,0.472 ,0.194 ,0.554 ,0.572 ,0.173 ,0.140 ,0.524 ,0.488 ,0.450 ,0.614 ,0.171 ,0.257 
100584,0.369 ,0.508 ,0.330 ,0.301 ,0.458 ,0.149 ,0.496 ,0.547 ,0.468 ,0.138 ,0.449 ,0.421 ,0.165 ,0.553 ,0.549 ,0.159 ,0.120 ,0.474 ,0.443 ,0.400 ,0.589 ,0.127 ,0.200 
100585,0.308 ,0.497 ,0.283 ,0.428 ,0.393 ,0.170 ,0.413 ,0.458 ,0.368 ,0.062 ,0.162 ,0.338 ,0.145 ,0.518 ,0.390 ,0.128 ,0.104 ,0.447 ,0.458 ,0.374 ,0.632 ,0.081 ,0.134 
100586,0.066 ,0.504 ,0.285 ,0.194 ,0.271 ,0.171 ,0.413 ,0.334 ,0.199 ,0.001 ,0.188 ,0.211 ,0.024 ,0.283 ,0.266 ,0.034 ,0.052 ,0.221 ,0.406 ,0.307 ,0.539 ,0.056 ,0.105 
100587,0.075 ,0.510 ,0.472 ,0.114 ,0.351 ,0.152 ,0.566 ,0.425 ,0.266 ,0.002 ,0.349 ,0.275 ,0.044 ,0.329 ,0.427 ,0.057 ,0.019 ,0.299 ,0.394 ,0.339 ,0.478 ,0.059 ,0.157 
100588,0.228 ,0.511 ,0.299 ,0.109 ,0.450 ,0.105 ,0.478 ,0.547 ,0.412 ,0.028 ,0.351 ,0.144 ,0.221 ,0.503 ,0.491 ,0.249 ,0.010 ,0.474 ,0.337 ,0.449 ,0.336 ,0.032 ,0.178 
100589,0.604 ,0.499 ,0.085 ,0.090 ,0.456 ,0.013 ,0.111 ,0.526 ,0.492 ,0.537 ,0.403 ,0.104 ,0.530 ,0.565 ,0.547 ,0.557 ,0.020 ,0.494 ,0.218 ,0.487 ,0.254 ,0.006 ,0.018 
100590,0.429 ,0.511 ,0.032 ,0.058 ,0.523 ,0.008 ,0.059 ,0.482 ,0.499 ,0.504 ,0.500 ,0.199 ,0.427 ,0.396 ,0.467 ,0.395 ,0.040 ,0.451 ,0.216 ,0.400 ,0.233 ,0.018 ,0.013 
100591,0.442 ,0.517 ,0.147 ,0.272 ,0.562 ,0.043 ,0.216 ,0.540 ,0.580 ,0.440 ,0.311 ,0.407 ,0.401 ,0.498 ,0.540 ,0.383 ,0.043 ,0.561 ,0.361 ,0.503 ,0.477 ,0.050 ,0.032 
100592,0.307 ,0.523 ,0.162 ,0.357 ,0.497 ,0.046 ,0.220 ,0.562 ,0.595 ,0.348 ,0.300 ,0.596 ,0.261 ,0.354 ,0.557 ,0.217 ,0.076 ,0.537 ,0.401 ,0.560 ,0.497 ,0.182 ,0.035 
100593,0.282 ,0.512 ,0.099 ,0.259 ,0.347 ,0.017 ,0.121 ,0.578 ,0.633 ,0.302 ,0.347 ,0.593 ,0.229 ,0.125 ,0.541 ,0.144 ,0.084 ,0.478 ,0.267 ,0.626 ,0.416 ,0.203 ,0.021 
100594,0.268 ,0.499 ,0.115 ,0.231 ,0.283 ,0.016 ,0.112 ,0.538 ,0.639 ,0.246 ,0.372 ,0.592 ,0.184 ,0.095 ,0.499 ,0.108 ,0.091 ,0.428 ,0.221 ,0.601 ,0.361 ,0.172 ,0.019 
100595,0.244 ,0.463 ,0.208 ,0.158 ,0.168 ,0.023 ,0.119 ,0.457 ,0.591 ,0.212 ,0.251 ,0.562 ,0.119 ,0.044 ,0.462 ,0.087 ,0.085 ,0.292 ,0.129 ,0.482 ,0.299 ,0.172 ,0.028 
100596,0.182 ,0.455 ,0.320 ,0.204 ,0.214 ,0.047 ,0.175 ,0.374 ,0.543 ,0.177 ,0.250 ,0.618 ,0.069 ,0.067 ,0.390 ,0.059 ,0.104 ,0.242 ,0.152 ,0.440 ,0.372 ,0.242 ,0.051 
100597,0.104 ,0.418 ,0.451 ,0.152 ,0.118 ,0.079 ,0.184 ,0.227 ,0.462 ,0.125 ,0.208 ,0.599 ,0.025 ,0.037 ,0.214 ,0.030 ,0.130 ,0.126 ,0.093 ,0.310 ,0.335 ,0.263 ,0.109 
100598,0.070 ,0.338 ,0.537 ,0.182 ,0.094 ,0.050 ,0.144 ,0.127 ,0.466 ,0.049 ,0.306 ,0.579 ,0.010 ,0.035 ,0.088 ,0.011 ,0.153 ,0.119 ,0.104 ,0.264 ,0.289 ,0.130 ,0.128 
100599,0.066 ,0.422 ,0.630 ,0.121 ,0.118 ,0.244 ,0.117 ,0.174 ,0.397 ,0.145 ,0.388 ,0.516 ,0.027 ,0.057 ,0.189 ,0.041 ,0.098 ,0.109 ,0.182 ,0.165 ,0.171 ,0.064 ,0.196 
100600,0.334 ,0.522 ,0.121 ,0.298 ,0.538 ,0.187 ,0.427 ,0.571 ,0.549 ,0.307 ,0.424 ,0.474 ,0.230 ,0.487 ,0.580 ,0.190 ,0.160 ,0.542 ,0.488 ,0.462 ,0.574 ,0.185 ,0.310 
100601,0.371 ,0.519 ,0.153 ,0.329 ,0.564 ,0.154 ,0.450 ,0.574 ,0.535 ,0.302 ,0.491 ,0.466 ,0.232 ,0.539 ,0.575 ,0.207 ,0.135 ,0.543 ,0.477 ,0.465 ,0.605 ,0.155 ,0.255 
100602,0.425 ,0.509 ,0.227 ,0.324 ,0.475 ,0.108 ,0.453 ,0.562 ,0.513 ,0.244 ,0.517 ,0.418 ,0.213 ,0.556 ,0.546 ,0.209 ,0.115 ,0.499 ,0.420 ,0.416 ,0.600 ,0.105 ,0.201 
100603,0.439 ,0.502 ,0.319 ,0.282 ,0.391 ,0.104 ,0.457 ,0.543 ,0.482 ,0.153 ,0.467 ,0.381 ,0.180 ,0.524 ,0.545 ,0.183 ,0.108 ,0.456 ,0.393 ,0.426 ,0.567 ,0.087 ,0.174 
100604,0.268 ,0.511 ,0.393 ,0.290 ,0.491 ,0.218 ,0.554 ,0.536 ,0.426 ,0.068 ,0.433 ,0.418 ,0.117 ,0.554 ,0.548 ,0.127 ,0.102 ,0.448 ,0.481 ,0.391 ,0.579 ,0.142 ,0.231 
100605,0.245 ,0.505 ,0.429 ,0.210 ,0.377 ,0.164 ,0.547 ,0.505 ,0.394 ,0.023 ,0.434 ,0.316 ,0.103 ,0.457 ,0.506 ,0.119 ,0.046 ,0.400 ,0.397 ,0.412 ,0.509 ,0.062 ,0.187 
100606,0.187 ,0.510 ,0.365 ,0.132 ,0.437 ,0.164 ,0.572 ,0.507 ,0.388 ,0.014 ,0.341 ,0.203 ,0.152 ,0.475 ,0.484 ,0.170 ,0.014 ,0.445 ,0.364 ,0.415 ,0.413 ,0.040 ,0.209 
100607,0.587 ,0.498 ,0.101 ,0.116 ,0.442 ,0.019 ,0.150 ,0.522 ,0.517 ,0.518 ,0.428 ,0.167 ,0.483 ,0.545 ,0.532 ,0.499 ,0.029 ,0.482 ,0.241 ,0.474 ,0.307 ,0.010 ,0.025 
100608,0.560 ,0.505 ,0.064 ,0.081 ,0.493 ,0.014 ,0.094 ,0.521 ,0.490 ,0.541 ,0.475 ,0.136 ,0.490 ,0.538 ,0.519 ,0.499 ,0.026 ,0.480 ,0.216 ,0.465 ,0.251 ,0.009 ,0.016 
100609,0.438 ,0.518 ,0.066 ,0.136 ,0.549 ,0.019 ,0.117 ,0.532 ,0.566 ,0.492 ,0.442 ,0.320 ,0.425 ,0.425 ,0.506 ,0.389 ,0.044 ,0.523 ,0.290 ,0.476 ,0.340 ,0.036 ,0.022 
100610,0.363 ,0.529 ,0.095 ,0.197 ,0.494 ,0.054 ,0.194 ,0.555 ,0.604 ,0.416 ,0.318 ,0.466 ,0.362 ,0.338 ,0.553 ,0.310 ,0.055 ,0.556 ,0.372 ,0.537 ,0.408 ,0.114 ,0.047 
100611,0.316 ,0.523 ,0.099 ,0.214 ,0.393 ,0.054 ,0.179 ,0.568 ,0.614 ,0.366 ,0.284 ,0.521 ,0.286 ,0.195 ,0.556 ,0.222 ,0.071 ,0.509 ,0.340 ,0.552 ,0.396 ,0.178 ,0.050 
100612,0.274 ,0.504 ,0.101 ,0.207 ,0.282 ,0.018 ,0.110 ,0.552 ,0.640 ,0.272 ,0.335 ,0.572 ,0.204 ,0.091 ,0.507 ,0.122 ,0.086 ,0.433 ,0.232 ,0.594 ,0.352 ,0.172 ,0.021 
100613,0.223 ,0.476 ,0.211 ,0.185 ,0.219 ,0.031 ,0.154 ,0.473 ,0.586 ,0.232 ,0.213 ,0.595 ,0.119 ,0.066 ,0.493 ,0.090 ,0.096 ,0.312 ,0.181 ,0.501 ,0.355 ,0.230 ,0.039 
100614,0.178 ,0.452 ,0.337 ,0.169 ,0.202 ,0.053 ,0.178 ,0.374 ,0.529 ,0.189 ,0.199 ,0.605 ,0.067 ,0.061 ,0.400 ,0.066 ,0.099 ,0.215 ,0.141 ,0.406 ,0.357 ,0.245 ,0.060 
100615,0.139 ,0.425 ,0.422 ,0.116 ,0.148 ,0.082 ,0.177 ,0.310 ,0.460 ,0.181 ,0.141 ,0.570 ,0.046 ,0.039 ,0.338 ,0.063 ,0.101 ,0.134 ,0.090 ,0.270 ,0.264 ,0.251 ,0.086 
100616,0.106 ,0.400 ,0.503 ,0.159 ,0.132 ,0.078 ,0.165 ,0.199 ,0.470 ,0.100 ,0.285 ,0.593 ,0.022 ,0.043 ,0.188 ,0.027 ,0.116 ,0.131 ,0.103 ,0.288 ,0.305 ,0.200 ,0.110 
100617,0.398 ,0.524 ,0.088 ,0.193 ,0.536 ,0.158 ,0.362 ,0.554 ,0.547 ,0.350 ,0.439 ,0.397 ,0.286 ,0.478 ,0.554 ,0.265 ,0.108 ,0.541 ,0.435 ,0.452 ,0.498 ,0.095 ,0.311 
100618,0.431 ,0.518 ,0.133 ,0.234 ,0.571 ,0.140 ,0.417 ,0.562 ,0.531 ,0.302 ,0.489 ,0.393 ,0.274 ,0.551 ,0.553 ,0.261 ,0.098 ,0.549 ,0.423 ,0.439 ,0.560 ,0.096 ,0.277 
100619,0.460 ,0.508 ,0.216 ,0.211 ,0.485 ,0.126 ,0.442 ,0.545 ,0.503 ,0.180 ,0.472 ,0.345 ,0.236 ,0.558 ,0.529 ,0.230 ,0.081 ,0.521 ,0.372 ,0.376 ,0.554 ,0.079 ,0.251 
100620,0.391 ,0.514 ,0.200 ,0.250 ,0.549 ,0.174 ,0.471 ,0.555 ,0.511 ,0.189 ,0.473 ,0.388 ,0.217 ,0.557 ,0.546 ,0.209 ,0.097 ,0.531 ,0.429 ,0.409 ,0.566 ,0.107 ,0.295 
100621,0.251 ,0.510 ,0.382 ,0.230 ,0.503 ,0.243 ,0.561 ,0.514 ,0.425 ,0.036 ,0.412 ,0.354 ,0.119 ,0.548 ,0.535 ,0.126 ,0.063 ,0.467 ,0.453 ,0.382 ,0.536 ,0.102 ,0.275 
100622,0.136 ,0.513 ,0.433 ,0.184 ,0.482 ,0.239 ,0.596 ,0.493 ,0.382 ,0.011 ,0.376 ,0.320 ,0.094 ,0.487 ,0.498 ,0.114 ,0.024 ,0.410 ,0.440 ,0.388 ,0.513 ,0.081 ,0.244 
100623,0.413 ,0.512 ,0.225 ,0.184 ,0.534 ,0.136 ,0.436 ,0.545 ,0.512 ,0.220 ,0.456 ,0.227 ,0.345 ,0.586 ,0.552 ,0.378 ,0.025 ,0.527 ,0.362 ,0.485 ,0.404 ,0.033 ,0.159 
100624,0.522 ,0.508 ,0.040 ,0.056 ,0.524 ,0.012 ,0.072 ,0.515 ,0.472 ,0.553 ,0.522 ,0.123 ,0.481 ,0.499 ,0.498 ,0.487 ,0.032 ,0.459 ,0.214 ,0.425 ,0.217 ,0.010 ,0.020 
100625,0.446 ,0.522 ,0.049 ,0.079 ,0.553 ,0.022 ,0.099 ,0.526 ,0.519 ,0.496 ,0.479 ,0.198 ,0.453 ,0.432 ,0.509 ,0.431 ,0.033 ,0.521 ,0.275 ,0.490 ,0.251 ,0.024 ,0.023 
100626,0.354 ,0.535 ,0.031 ,0.082 ,0.397 ,0.033 ,0.097 ,0.509 ,0.611 ,0.446 ,0.272 ,0.334 ,0.399 ,0.148 ,0.512 ,0.319 ,0.056 ,0.522 ,0.293 ,0.501 ,0.244 ,0.096 ,0.047 
100627,0.346 ,0.527 ,0.078 ,0.127 ,0.393 ,0.098 ,0.204 ,0.553 ,0.601 ,0.402 ,0.243 ,0.424 ,0.347 ,0.198 ,0.555 ,0.291 ,0.064 ,0.516 ,0.364 ,0.502 ,0.330 ,0.141 ,0.087 
100628,0.337 ,0.523 ,0.084 ,0.176 ,0.356 ,0.095 ,0.192 ,0.558 ,0.606 ,0.390 ,0.304 ,0.470 ,0.312 ,0.173 ,0.551 ,0.243 ,0.076 ,0.502 ,0.346 ,0.525 ,0.344 ,0.152 ,0.068 
100629,0.243 ,0.505 ,0.261 ,0.283 ,0.403 ,0.229 ,0.365 ,0.539 ,0.517 ,0.283 ,0.296 ,0.587 ,0.177 ,0.283 ,0.585 ,0.164 ,0.095 ,0.418 ,0.413 ,0.480 ,0.462 ,0.280 ,0.127 
100630,0.173 ,0.456 ,0.358 ,0.141 ,0.189 ,0.105 ,0.219 ,0.417 ,0.470 ,0.228 ,0.141 ,0.571 ,0.083 ,0.070 ,0.484 ,0.101 ,0.095 ,0.203 ,0.149 ,0.334 ,0.336 ,0.265 ,0.102 
100631,0.149 ,0.439 ,0.390 ,0.108 ,0.149 ,0.112 ,0.202 ,0.390 ,0.462 ,0.222 ,0.088 ,0.541 ,0.070 ,0.046 ,0.449 ,0.104 ,0.094 ,0.153 ,0.120 ,0.254 ,0.253 ,0.255 ,0.097 
100632,0.124 ,0.430 ,0.459 ,0.121 ,0.162 ,0.131 ,0.203 ,0.302 ,0.461 ,0.178 ,0.138 ,0.571 ,0.043 ,0.051 ,0.345 ,0.070 ,0.099 ,0.127 ,0.117 ,0.243 ,0.262 ,0.265 ,0.115 
100633,0.067 ,0.475 ,0.601 ,0.205 ,0.271 ,0.190 ,0.153 ,0.241 ,0.410 ,0.161 ,0.552 ,0.525 ,0.034 ,0.159 ,0.260 ,0.046 ,0.099 ,0.197 ,0.398 ,0.290 ,0.245 ,0.025 ,0.197 
100634,0.442 ,0.518 ,0.097 ,0.159 ,0.560 ,0.132 ,0.355 ,0.543 ,0.538 ,0.335 ,0.476 ,0.337 ,0.289 ,0.508 ,0.532 ,0.291 ,0.087 ,0.525 ,0.384 ,0.425 ,0.479 ,0.063 ,0.297 
100635,0.492 ,0.505 ,0.182 ,0.156 ,0.481 ,0.120 ,0.416 ,0.530 ,0.509 ,0.174 ,0.466 ,0.285 ,0.255 ,0.540 ,0.514 ,0.262 ,0.067 ,0.511 ,0.329 ,0.361 ,0.514 ,0.055 ,0.285 
100636,0.386 ,0.516 ,0.173 ,0.196 ,0.570 ,0.213 ,0.456 ,0.547 ,0.517 ,0.184 ,0.448 ,0.367 ,0.229 ,0.548 ,0.543 ,0.223 ,0.086 ,0.540 ,0.426 ,0.395 ,0.519 ,0.101 ,0.348 
100637,0.259 ,0.516 ,0.295 ,0.181 ,0.577 ,0.350 ,0.565 ,0.518 ,0.473 ,0.056 ,0.415 ,0.355 ,0.155 ,0.584 ,0.553 ,0.159 ,0.057 ,0.521 ,0.483 ,0.394 ,0.501 ,0.127 ,0.403 
100638,0.147 ,0.515 ,0.408 ,0.150 ,0.555 ,0.328 ,0.620 ,0.492 ,0.416 ,0.013 ,0.440 ,0.318 ,0.103 ,0.542 ,0.524 ,0.121 ,0.026 ,0.445 ,0.470 ,0.416 ,0.474 ,0.096 ,0.348 
100639,0.310 ,0.513 ,0.253 ,0.112 ,0.556 ,0.205 ,0.501 ,0.565 ,0.469 ,0.089 ,0.556 ,0.180 ,0.243 ,0.580 ,0.537 ,0.294 ,0.019 ,0.495 ,0.388 ,0.506 ,0.327 ,0.034 ,0.312 
100640,0.560 ,0.509 ,0.044 ,0.062 ,0.526 ,0.015 ,0.100 ,0.514 ,0.463 ,0.562 ,0.562 ,0.105 ,0.469 ,0.529 ,0.505 ,0.509 ,0.039 ,0.449 ,0.225 ,0.429 ,0.228 ,0.009 ,0.053 
100641,0.514 ,0.519 ,0.046 ,0.065 ,0.575 ,0.027 ,0.112 ,0.524 ,0.471 ,0.534 ,0.542 ,0.123 ,0.476 ,0.511 ,0.523 ,0.494 ,0.035 ,0.500 ,0.282 ,0.465 ,0.225 ,0.014 ,0.050 
100642,0.431 ,0.532 ,0.059 ,0.084 ,0.493 ,0.107 ,0.210 ,0.533 ,0.527 ,0.454 ,0.435 ,0.248 ,0.432 ,0.372 ,0.543 ,0.399 ,0.050 ,0.535 ,0.390 ,0.484 ,0.282 ,0.048 ,0.104 
100643,0.410 ,0.532 ,0.056 ,0.086 ,0.367 ,0.169 ,0.204 ,0.548 ,0.568 ,0.436 ,0.242 ,0.303 ,0.436 ,0.209 ,0.571 ,0.370 ,0.063 ,0.524 ,0.381 ,0.474 ,0.274 ,0.095 ,0.159 
100644,0.387 ,0.529 ,0.102 ,0.139 ,0.427 ,0.224 ,0.305 ,0.557 ,0.555 ,0.387 ,0.310 ,0.382 ,0.392 ,0.328 ,0.591 ,0.339 ,0.063 ,0.541 ,0.439 ,0.493 ,0.368 ,0.121 ,0.193 
100645,0.311 ,0.515 ,0.203 ,0.202 ,0.416 ,0.279 ,0.384 ,0.559 ,0.511 ,0.309 ,0.284 ,0.495 ,0.293 ,0.341 ,0.614 ,0.265 ,0.066 ,0.492 ,0.463 ,0.484 ,0.409 ,0.203 ,0.194 
100646,0.195 ,0.475 ,0.357 ,0.107 ,0.233 ,0.221 ,0.304 ,0.516 ,0.437 ,0.226 ,0.089 ,0.495 ,0.149 ,0.142 ,0.576 ,0.223 ,0.056 ,0.261 ,0.268 ,0.298 ,0.292 ,0.224 ,0.202 
100647,0.169 ,0.441 ,0.411 ,0.067 ,0.131 ,0.084 ,0.179 ,0.453 ,0.444 ,0.210 ,0.041 ,0.458 ,0.085 ,0.050 ,0.507 ,0.194 ,0.059 ,0.140 ,0.115 ,0.199 ,0.198 ,0.170 ,0.095 
100648,0.133 ,0.450 ,0.425 ,0.117 ,0.200 ,0.149 ,0.249 ,0.400 ,0.457 ,0.198 ,0.070 ,0.556 ,0.064 ,0.079 ,0.483 ,0.117 ,0.085 ,0.159 ,0.178 ,0.258 ,0.304 ,0.254 ,0.150 
100649,0.116 ,0.433 ,0.462 ,0.099 ,0.164 ,0.173 ,0.236 ,0.361 ,0.435 ,0.193 ,0.068 ,0.534 ,0.053 ,0.058 ,0.437 ,0.107 ,0.092 ,0.122 ,0.144 ,0.201 ,0.240 ,0.274 ,0.142 
100650,0.141 ,0.432 ,0.492 ,0.131 ,0.164 ,0.141 ,0.187 ,0.288 ,0.458 ,0.172 ,0.242 ,0.567 ,0.046 ,0.062 ,0.333 ,0.070 ,0.088 ,0.143 ,0.123 ,0.242 ,0.260 ,0.210 ,0.115 
100651,0.105 ,0.423 ,0.577 ,0.213 ,0.223 ,0.080 ,0.150 ,0.195 ,0.482 ,0.094 ,0.447 ,0.561 ,0.023 ,0.094 ,0.188 ,0.029 ,0.112 ,0.184 ,0.216 ,0.298 ,0.282 ,0.079 ,0.107 
100652,0.035 ,0.478 ,0.656 ,0.171 ,0.306 ,0.262 ,0.146 ,0.206 ,0.378 ,0.135 ,0.539 ,0.490 ,0.022 ,0.172 ,0.217 ,0.037 ,0.092 ,0.127 ,0.488 ,0.253 ,0.219 ,0.021 ,0.314 
100653,0.454 ,0.518 ,0.092 ,0.068 ,0.580 ,0.202 ,0.365 ,0.519 ,0.508 ,0.227 ,0.420 ,0.204 ,0.291 ,0.501 ,0.509 ,0.314 ,0.060 ,0.528 ,0.350 ,0.364 ,0.354 ,0.047 ,0.437 
100654,0.429 ,0.518 ,0.112 ,0.082 ,0.577 ,0.228 ,0.390 ,0.516 ,0.513 ,0.196 ,0.416 ,0.247 ,0.268 ,0.504 ,0.515 ,0.281 ,0.065 ,0.533 ,0.372 ,0.356 ,0.402 ,0.059 ,0.445 
100655,0.387 ,0.523 ,0.104 ,0.097 ,0.547 ,0.247 ,0.377 ,0.536 ,0.523 ,0.253 ,0.409 ,0.312 ,0.262 ,0.473 ,0.529 ,0.262 ,0.081 ,0.523 ,0.416 ,0.386 ,0.409 ,0.071 ,0.433 
100656,0.272 ,0.512 ,0.314 ,0.145 ,0.537 ,0.245 ,0.580 ,0.524 ,0.483 ,0.046 ,0.492 ,0.260 ,0.175 ,0.558 ,0.529 ,0.203 ,0.028 ,0.486 ,0.411 ,0.455 ,0.436 ,0.056 ,0.337 
100657,0.261 ,0.519 ,0.237 ,0.074 ,0.587 ,0.238 ,0.482 ,0.560 ,0.444 ,0.068 ,0.524 ,0.149 ,0.249 ,0.605 ,0.542 ,0.299 ,0.015 ,0.513 ,0.425 ,0.516 ,0.266 ,0.044 ,0.384 
100658,0.446 ,0.522 ,0.102 ,0.052 ,0.604 ,0.075 ,0.252 ,0.568 ,0.435 ,0.273 ,0.504 ,0.085 ,0.409 ,0.613 ,0.548 ,0.465 ,0.019 ,0.543 ,0.346 ,0.516 ,0.192 ,0.019 ,0.240 
100659,0.497 ,0.529 ,0.052 ,0.050 ,0.577 ,0.034 ,0.125 ,0.542 ,0.452 ,0.489 ,0.487 ,0.081 ,0.530 ,0.543 ,0.556 ,0.539 ,0.023 ,0.543 ,0.324 ,0.507 ,0.165 ,0.016 ,0.086 
100660,0.464 ,0.533 ,0.061 ,0.066 ,0.519 ,0.111 ,0.177 ,0.538 ,0.486 ,0.463 ,0.471 ,0.164 ,0.472 ,0.448 ,0.552 ,0.460 ,0.036 ,0.538 ,0.383 ,0.499 ,0.221 ,0.031 ,0.115 
100661,0.440 ,0.533 ,0.043 ,0.078 ,0.353 ,0.147 ,0.181 ,0.551 ,0.563 ,0.457 ,0.230 ,0.258 ,0.476 ,0.195 ,0.574 ,0.406 ,0.057 ,0.531 ,0.352 ,0.495 ,0.238 ,0.078 ,0.153 
100662,0.345 ,0.522 ,0.197 ,0.140 ,0.445 ,0.254 ,0.391 ,0.556 ,0.507 ,0.313 ,0.283 ,0.405 ,0.361 ,0.402 ,0.611 ,0.358 ,0.037 ,0.511 ,0.452 ,0.482 ,0.358 ,0.149 ,0.200 
100663,0.343 ,0.515 ,0.170 ,0.164 ,0.352 ,0.209 ,0.324 ,0.566 ,0.516 ,0.348 ,0.244 ,0.465 ,0.333 ,0.271 ,0.618 ,0.302 ,0.059 ,0.489 ,0.406 ,0.489 ,0.374 ,0.177 ,0.160 
100664,0.257 ,0.495 ,0.270 ,0.106 ,0.270 ,0.181 ,0.302 ,0.541 ,0.475 ,0.267 ,0.101 ,0.454 ,0.226 ,0.172 ,0.590 ,0.281 ,0.044 ,0.357 ,0.313 ,0.368 ,0.305 ,0.185 ,0.178 
100665,0.224 ,0.477 ,0.313 ,0.085 ,0.199 ,0.182 ,0.254 ,0.518 ,0.487 ,0.245 ,0.072 ,0.448 ,0.170 ,0.105 ,0.549 ,0.270 ,0.044 ,0.266 ,0.248 ,0.292 ,0.239 ,0.167 ,0.179 
100666,0.139 ,0.451 ,0.444 ,0.090 ,0.203 ,0.123 ,0.256 ,0.461 ,0.389 ,0.173 ,0.029 ,0.507 ,0.075 ,0.096 ,0.541 ,0.180 ,0.060 ,0.154 ,0.184 ,0.218 ,0.278 ,0.184 ,0.182 
100667,0.082 ,0.431 ,0.533 ,0.086 ,0.212 ,0.222 ,0.290 ,0.339 ,0.355 ,0.129 ,0.042 ,0.538 ,0.035 ,0.094 ,0.453 ,0.107 ,0.082 ,0.094 ,0.175 ,0.161 ,0.280 ,0.294 ,0.223 
100668,0.115 ,0.429 ,0.505 ,0.141 ,0.176 ,0.144 ,0.197 ,0.254 ,0.467 ,0.149 ,0.220 ,0.581 ,0.033 ,0.063 ,0.282 ,0.054 ,0.099 ,0.125 ,0.129 ,0.239 ,0.292 ,0.233 ,0.135 
100669,0.077 ,0.414 ,0.575 ,0.209 ,0.206 ,0.115 ,0.214 ,0.162 ,0.455 ,0.077 ,0.307 ,0.628 ,0.013 ,0.086 ,0.159 ,0.023 ,0.128 ,0.127 ,0.188 ,0.275 ,0.368 ,0.227 ,0.172 
100670,0.054 ,0.457 ,0.651 ,0.247 ,0.287 ,0.187 ,0.226 ,0.148 ,0.433 ,0.068 ,0.358 ,0.584 ,0.010 ,0.124 ,0.135 ,0.018 ,0.110 ,0.080 ,0.311 ,0.243 ,0.388 ,0.136 ,0.270 
100671,0.026 ,0.470 ,0.700 ,0.180 ,0.329 ,0.478 ,0.234 ,0.194 ,0.346 ,0.092 ,0.516 ,0.542 ,0.015 ,0.208 ,0.205 ,0.022 ,0.074 ,0.060 ,0.520 ,0.241 ,0.241 ,0.087 ,0.486 
100672,0.439 ,0.528 ,0.047 ,0.024 ,0.554 ,0.270 ,0.248 ,0.499 ,0.440 ,0.288 ,0.341 ,0.126 ,0.322 ,0.407 ,0.489 ,0.354 ,0.059 ,0.501 ,0.362 ,0.335 ,0.211 ,0.032 ,0.538 
100673,0.438 ,0.528 ,0.048 ,0.027 ,0.551 ,0.271 ,0.259 ,0.502 ,0.454 ,0.288 ,0.336 ,0.137 ,0.323 ,0.407 ,0.493 ,0.350 ,0.061 ,0.508 ,0.368 ,0.340 ,0.220 ,0.036 ,0.540 
100674,0.435 ,0.527 ,0.042 ,0.045 ,0.531 ,0.185 ,0.246 ,0.480 ,0.486 ,0.363 ,0.356 ,0.207 ,0.307 ,0.377 ,0.492 ,0.326 ,0.085 ,0.491 ,0.364 ,0.358 ,0.287 ,0.037 ,0.444 
100675,0.399 ,0.521 ,0.139 ,0.113 ,0.573 ,0.251 ,0.456 ,0.550 ,0.513 ,0.198 ,0.456 ,0.266 ,0.275 ,0.559 ,0.548 ,0.296 ,0.053 ,0.541 ,0.416 ,0.438 ,0.403 ,0.064 ,0.403 
100676,0.250 ,0.523 ,0.232 ,0.069 ,0.584 ,0.324 ,0.502 ,0.563 ,0.444 ,0.070 ,0.493 ,0.176 ,0.252 ,0.625 ,0.551 ,0.292 ,0.016 ,0.523 ,0.466 ,0.512 ,0.261 ,0.062 ,0.449 
100677,0.295 ,0.528 ,0.176 ,0.038 ,0.582 ,0.225 ,0.370 ,0.587 ,0.409 ,0.124 ,0.462 ,0.113 ,0.331 ,0.627 ,0.558 ,0.380 ,0.013 ,0.536 ,0.466 ,0.529 ,0.166 ,0.046 ,0.440 
100678,0.495 ,0.535 ,0.044 ,0.033 ,0.553 ,0.043 ,0.115 ,0.546 ,0.445 ,0.451 ,0.411 ,0.065 ,0.531 ,0.505 ,0.552 ,0.545 ,0.021 ,0.554 ,0.338 ,0.507 ,0.122 ,0.020 ,0.143 
100679,0.459 ,0.534 ,0.070 ,0.039 ,0.536 ,0.083 ,0.160 ,0.556 ,0.435 ,0.413 ,0.416 ,0.087 ,0.529 ,0.511 ,0.568 ,0.537 ,0.018 ,0.553 ,0.391 ,0.510 ,0.131 ,0.026 ,0.150 
100680,0.415 ,0.532 ,0.105 ,0.076 ,0.485 ,0.242 ,0.269 ,0.556 ,0.501 ,0.359 ,0.347 ,0.210 ,0.465 ,0.457 ,0.584 ,0.458 ,0.028 ,0.551 ,0.432 ,0.507 ,0.221 ,0.067 ,0.226 
100681,0.366 ,0.524 ,0.165 ,0.116 ,0.438 ,0.258 ,0.369 ,0.558 ,0.507 ,0.331 ,0.281 ,0.352 ,0.397 ,0.392 ,0.608 ,0.389 ,0.034 ,0.519 ,0.439 ,0.484 ,0.311 ,0.127 ,0.212 
100682,0.350 ,0.519 ,0.160 ,0.157 ,0.389 ,0.198 ,0.323 ,0.561 ,0.532 ,0.354 ,0.246 ,0.449 ,0.345 ,0.283 ,0.609 ,0.320 ,0.052 ,0.501 ,0.412 ,0.489 ,0.369 ,0.163 ,0.157 
100683,0.283 ,0.508 ,0.173 ,0.153 ,0.311 ,0.173 ,0.279 ,0.555 ,0.553 ,0.323 ,0.167 ,0.475 ,0.255 ,0.183 ,0.582 ,0.245 ,0.067 ,0.432 ,0.373 ,0.446 ,0.333 ,0.202 ,0.132 
100684,0.247 ,0.492 ,0.198 ,0.077 ,0.211 ,0.175 ,0.252 ,0.545 ,0.530 ,0.282 ,0.059 ,0.400 ,0.224 ,0.092 ,0.563 ,0.274 ,0.057 ,0.335 ,0.312 ,0.343 ,0.236 ,0.170 ,0.183 
100685,0.149 ,0.466 ,0.428 ,0.092 ,0.243 ,0.169 ,0.307 ,0.497 ,0.380 ,0.165 ,0.034 ,0.488 ,0.103 ,0.146 ,0.567 ,0.218 ,0.049 ,0.202 ,0.255 ,0.231 ,0.309 ,0.190 ,0.244 
100686,0.111 ,0.457 ,0.489 ,0.120 ,0.278 ,0.179 ,0.324 ,0.434 ,0.339 ,0.131 ,0.029 ,0.538 ,0.058 ,0.165 ,0.546 ,0.149 ,0.065 ,0.154 ,0.247 ,0.214 ,0.382 ,0.224 ,0.257 
100687,0.116 ,0.457 ,0.468 ,0.128 ,0.260 ,0.194 ,0.314 ,0.404 ,0.410 ,0.157 ,0.058 ,0.568 ,0.056 ,0.135 ,0.517 ,0.124 ,0.080 ,0.162 ,0.232 ,0.243 ,0.357 ,0.275 ,0.213 
100688,0.094 ,0.438 ,0.509 ,0.218 ,0.291 ,0.104 ,0.260 ,0.226 ,0.459 ,0.095 ,0.197 ,0.669 ,0.019 ,0.115 ,0.252 ,0.035 ,0.118 ,0.138 ,0.199 ,0.321 ,0.447 ,0.349 ,0.132 
100689,0.072 ,0.440 ,0.596 ,0.167 ,0.290 ,0.202 ,0.267 ,0.185 ,0.386 ,0.087 ,0.257 ,0.630 ,0.015 ,0.121 ,0.229 ,0.037 ,0.099 ,0.102 ,0.206 ,0.211 ,0.413 ,0.337 ,0.245 
100690,0.068 ,0.423 ,0.652 ,0.120 ,0.207 ,0.224 ,0.183 ,0.155 ,0.383 ,0.089 ,0.323 ,0.567 ,0.015 ,0.084 ,0.168 ,0.029 ,0.077 ,0.066 ,0.162 ,0.155 ,0.295 ,0.198 ,0.282 
100691,0.448 ,0.536 ,0.029 ,0.015 ,0.507 ,0.300 ,0.176 ,0.472 ,0.415 ,0.351 ,0.290 ,0.118 ,0.345 ,0.315 ,0.479 ,0.384 ,0.064 ,0.485 ,0.380 ,0.332 ,0.149 ,0.026 ,0.520 
100692,0.441 ,0.527 ,0.034 ,0.043 ,0.525 ,0.141 ,0.209 ,0.452 ,0.474 ,0.396 ,0.374 ,0.197 ,0.307 ,0.354 ,0.478 ,0.329 ,0.085 ,0.471 ,0.344 ,0.347 ,0.271 ,0.027 ,0.403 
100693,0.429 ,0.527 ,0.063 ,0.088 ,0.538 ,0.194 ,0.321 ,0.539 ,0.528 ,0.346 ,0.390 ,0.268 ,0.321 ,0.452 ,0.530 ,0.324 ,0.077 ,0.532 ,0.401 ,0.424 ,0.365 ,0.055 ,0.394 
100694,0.313 ,0.521 ,0.214 ,0.117 ,0.577 ,0.323 ,0.549 ,0.557 ,0.493 ,0.125 ,0.483 ,0.275 ,0.248 ,0.603 ,0.558 ,0.278 ,0.034 ,0.534 ,0.460 ,0.478 ,0.379 ,0.073 ,0.402 
100695,0.274 ,0.525 ,0.217 ,0.070 ,0.576 ,0.352 ,0.474 ,0.578 ,0.440 ,0.112 ,0.493 ,0.186 ,0.280 ,0.621 ,0.559 ,0.325 ,0.018 ,0.524 ,0.481 ,0.520 ,0.248 ,0.058 ,0.446 
100696,0.416 ,0.529 ,0.090 ,0.034 ,0.589 ,0.097 ,0.224 ,0.570 ,0.410 ,0.279 ,0.443 ,0.073 ,0.434 ,0.596 ,0.555 ,0.479 ,0.016 ,0.552 ,0.392 ,0.517 ,0.137 ,0.024 ,0.284 
100697,0.480 ,0.535 ,0.054 ,0.031 ,0.553 ,0.050 ,0.128 ,0.554 ,0.427 ,0.432 ,0.414 ,0.063 ,0.538 ,0.521 ,0.562 ,0.551 ,0.017 ,0.555 ,0.361 ,0.511 ,0.114 ,0.021 ,0.139 
100698,0.429 ,0.532 ,0.103 ,0.063 ,0.520 ,0.119 ,0.216 ,0.555 ,0.475 ,0.377 ,0.375 ,0.134 ,0.506 ,0.502 ,0.582 ,0.515 ,0.019 ,0.560 ,0.413 ,0.511 ,0.180 ,0.046 ,0.156 
100699,0.387 ,0.528 ,0.136 ,0.101 ,0.457 ,0.161 ,0.292 ,0.550 ,0.534 ,0.361 ,0.258 ,0.296 ,0.415 ,0.375 ,0.588 ,0.435 ,0.025 ,0.526 ,0.408 ,0.494 ,0.271 ,0.089 ,0.135 
100700,0.354 ,0.523 ,0.151 ,0.154 ,0.423 ,0.161 ,0.302 ,0.553 ,0.564 ,0.358 ,0.268 ,0.440 ,0.339 ,0.302 ,0.585 ,0.326 ,0.045 ,0.511 ,0.406 ,0.495 ,0.371 ,0.143 ,0.118 
100701,0.293 ,0.514 ,0.199 ,0.169 ,0.412 ,0.188 ,0.321 ,0.547 ,0.553 ,0.311 ,0.202 ,0.491 ,0.262 ,0.276 ,0.581 ,0.269 ,0.053 ,0.464 ,0.416 ,0.455 ,0.378 ,0.183 ,0.133 
100702,0.244 ,0.501 ,0.261 ,0.129 ,0.322 ,0.195 ,0.329 ,0.538 ,0.498 ,0.254 ,0.095 ,0.468 ,0.210 ,0.214 ,0.587 ,0.260 ,0.048 ,0.379 ,0.380 ,0.382 ,0.343 ,0.189 ,0.186 
100703,0.187 ,0.493 ,0.371 ,0.162 ,0.365 ,0.227 ,0.377 ,0.512 ,0.439 ,0.196 ,0.093 ,0.541 ,0.136 ,0.274 ,0.580 ,0.203 ,0.054 ,0.314 ,0.381 ,0.343 ,0.415 ,0.235 ,0.197 
100704,0.184 ,0.488 ,0.376 ,0.191 ,0.353 ,0.149 ,0.336 ,0.510 ,0.392 ,0.187 ,0.055 ,0.539 ,0.121 ,0.248 ,0.571 ,0.201 ,0.048 ,0.291 ,0.328 ,0.328 ,0.447 ,0.188 ,0.177 
100705,0.151 ,0.476 ,0.343 ,0.180 ,0.316 ,0.132 ,0.318 ,0.485 ,0.348 ,0.153 ,0.026 ,0.500 ,0.091 ,0.205 ,0.521 ,0.185 ,0.048 ,0.233 ,0.297 ,0.269 ,0.469 ,0.154 ,0.214 
100706,0.092 ,0.472 ,0.411 ,0.229 ,0.408 ,0.177 ,0.366 ,0.367 ,0.294 ,0.093 ,0.029 ,0.581 ,0.037 ,0.280 ,0.454 ,0.099 ,0.074 ,0.157 ,0.327 ,0.239 ,0.573 ,0.224 ,0.248 
100707,0.064 ,0.447 ,0.583 ,0.118 ,0.347 ,0.186 ,0.305 ,0.234 ,0.313 ,0.079 ,0.068 ,0.625 ,0.014 ,0.151 ,0.333 ,0.056 ,0.085 ,0.078 ,0.196 ,0.167 ,0.460 ,0.367 ,0.284 
100708,0.035 ,0.409 ,0.671 ,0.060 ,0.214 ,0.364 ,0.225 ,0.154 ,0.275 ,0.059 ,0.135 ,0.534 ,0.009 ,0.092 ,0.193 ,0.033 ,0.065 ,0.021 ,0.139 ,0.075 ,0.250 ,0.379 ,0.379 
100709,0.441 ,0.535 ,0.025 ,0.016 ,0.515 ,0.212 ,0.137 ,0.463 ,0.413 ,0.406 ,0.323 ,0.109 ,0.395 ,0.309 ,0.477 ,0.412 ,0.056 ,0.486 ,0.359 ,0.347 ,0.148 ,0.028 ,0.351 
100710,0.455 ,0.530 ,0.041 ,0.046 ,0.530 ,0.174 ,0.240 ,0.510 ,0.483 ,0.390 ,0.391 ,0.190 ,0.335 ,0.401 ,0.505 ,0.360 ,0.072 ,0.498 ,0.368 ,0.397 ,0.258 ,0.029 ,0.397 
100711,0.442 ,0.527 ,0.064 ,0.079 ,0.553 ,0.167 ,0.269 ,0.532 ,0.517 ,0.383 ,0.424 ,0.204 ,0.391 ,0.472 ,0.536 ,0.393 ,0.053 ,0.540 ,0.382 ,0.447 ,0.303 ,0.046 ,0.277 
100712,0.345 ,0.525 ,0.172 ,0.140 ,0.559 ,0.320 ,0.471 ,0.553 ,0.514 ,0.212 ,0.377 ,0.331 ,0.306 ,0.550 ,0.576 ,0.299 ,0.050 ,0.562 ,0.484 ,0.458 ,0.433 ,0.117 ,0.344 
100713,0.281 ,0.523 ,0.216 ,0.084 ,0.577 ,0.373 ,0.509 ,0.569 ,0.458 ,0.104 ,0.485 ,0.211 ,0.263 ,0.616 ,0.559 ,0.303 ,0.022 ,0.527 ,0.477 ,0.502 ,0.290 ,0.065 ,0.446 
100714,0.366 ,0.524 ,0.150 ,0.057 ,0.594 ,0.142 ,0.339 ,0.584 ,0.422 ,0.221 ,0.539 ,0.116 ,0.347 ,0.619 ,0.556 ,0.414 ,0.017 ,0.524 ,0.411 ,0.546 ,0.205 ,0.022 ,0.314 
100715,0.452 ,0.532 ,0.070 ,0.043 ,0.556 ,0.139 ,0.214 ,0.557 ,0.448 ,0.356 ,0.437 ,0.106 ,0.432 ,0.537 ,0.550 ,0.469 ,0.028 ,0.542 ,0.394 ,0.497 ,0.166 ,0.024 ,0.303 
100716,0.430 ,0.533 ,0.092 ,0.057 ,0.488 ,0.143 ,0.199 ,0.548 ,0.480 ,0.390 ,0.332 ,0.150 ,0.493 ,0.426 ,0.578 ,0.504 ,0.022 ,0.543 ,0.410 ,0.495 ,0.177 ,0.051 ,0.148 
100717,0.404 ,0.530 ,0.120 ,0.105 ,0.472 ,0.108 ,0.241 ,0.547 ,0.547 ,0.390 ,0.274 ,0.290 ,0.415 ,0.370 ,0.574 ,0.427 ,0.025 ,0.540 ,0.372 ,0.514 ,0.280 ,0.072 ,0.085 
100718,0.379 ,0.526 ,0.152 ,0.132 ,0.436 ,0.108 ,0.263 ,0.551 ,0.563 ,0.369 ,0.237 ,0.391 ,0.368 ,0.320 ,0.580 ,0.378 ,0.029 ,0.516 ,0.364 ,0.510 ,0.333 ,0.104 ,0.086 
100719,0.305 ,0.521 ,0.271 ,0.161 ,0.484 ,0.197 ,0.403 ,0.532 ,0.513 ,0.271 ,0.196 ,0.429 ,0.293 ,0.436 ,0.581 ,0.355 ,0.024 ,0.481 ,0.438 ,0.451 ,0.415 ,0.124 ,0.137 
100720,0.225 ,0.514 ,0.379 ,0.218 ,0.489 ,0.250 ,0.463 ,0.507 ,0.472 ,0.182 ,0.146 ,0.522 ,0.191 ,0.453 ,0.569 ,0.280 ,0.027 ,0.406 ,0.465 ,0.387 ,0.475 ,0.169 ,0.181 
100721,0.194 ,0.506 ,0.409 ,0.232 ,0.481 ,0.222 ,0.440 ,0.506 ,0.394 ,0.165 ,0.109 ,0.559 ,0.145 ,0.424 ,0.577 ,0.222 ,0.041 ,0.370 ,0.439 ,0.354 ,0.512 ,0.213 ,0.180 
100722,0.222 ,0.505 ,0.340 ,0.236 ,0.449 ,0.147 ,0.357 ,0.531 ,0.418 ,0.221 ,0.099 ,0.561 ,0.164 ,0.338 ,0.589 ,0.220 ,0.050 ,0.384 ,0.386 ,0.401 ,0.486 ,0.197 ,0.138 
100723,0.159 ,0.496 ,0.337 ,0.295 ,0.472 ,0.157 ,0.371 ,0.473 ,0.347 ,0.149 ,0.057 ,0.575 ,0.090 ,0.371 ,0.499 ,0.161 ,0.058 ,0.300 ,0.393 ,0.341 ,0.588 ,0.186 ,0.161 
100724,0.081 ,0.477 ,0.262 ,0.204 ,0.497 ,0.196 ,0.363 ,0.324 ,0.205 ,0.066 ,0.031 ,0.519 ,0.032 ,0.383 ,0.301 ,0.090 ,0.070 ,0.158 ,0.377 ,0.242 ,0.654 ,0.219 ,0.257 
100725,0.045 ,0.460 ,0.416 ,0.153 ,0.448 ,0.206 ,0.357 ,0.236 ,0.194 ,0.044 ,0.021 ,0.568 ,0.012 ,0.255 ,0.284 ,0.055 ,0.080 ,0.076 ,0.295 ,0.164 ,0.617 ,0.260 ,0.339 
100726,0.042 ,0.412 ,0.635 ,0.053 ,0.245 ,0.176 ,0.235 ,0.182 ,0.253 ,0.057 ,0.044 ,0.551 ,0.008 ,0.092 ,0.261 ,0.047 ,0.070 ,0.030 ,0.111 ,0.086 ,0.333 ,0.345 ,0.328 
100727,0.084 ,0.399 ,0.688 ,0.065 ,0.118 ,0.384 ,0.135 ,0.218 ,0.354 ,0.144 ,0.213 ,0.412 ,0.033 ,0.054 ,0.276 ,0.121 ,0.054 ,0.064 ,0.128 ,0.084 ,0.100 ,0.168 ,0.182 
100728,0.450 ,0.534 ,0.033 ,0.032 ,0.514 ,0.139 ,0.139 ,0.511 ,0.452 ,0.454 ,0.405 ,0.130 ,0.443 ,0.360 ,0.512 ,0.432 ,0.049 ,0.508 ,0.360 ,0.422 ,0.179 ,0.027 ,0.194 
100729,0.455 ,0.532 ,0.054 ,0.056 ,0.539 ,0.191 ,0.223 ,0.536 ,0.494 ,0.389 ,0.400 ,0.163 ,0.412 ,0.456 ,0.538 ,0.422 ,0.046 ,0.538 ,0.385 ,0.453 ,0.236 ,0.039 ,0.305 
100730,0.439 ,0.528 ,0.087 ,0.102 ,0.563 ,0.161 ,0.275 ,0.545 ,0.523 ,0.375 ,0.438 ,0.204 ,0.433 ,0.528 ,0.561 ,0.429 ,0.038 ,0.563 ,0.396 ,0.488 ,0.297 ,0.050 ,0.202 
100731,0.349 ,0.526 ,0.169 ,0.119 ,0.566 ,0.322 ,0.511 ,0.566 ,0.485 ,0.189 ,0.435 ,0.289 ,0.299 ,0.599 ,0.573 ,0.316 ,0.039 ,0.560 ,0.477 ,0.492 ,0.376 ,0.093 ,0.397 
100732,0.300 ,0.523 ,0.208 ,0.094 ,0.577 ,0.333 ,0.501 ,0.570 ,0.467 ,0.127 ,0.502 ,0.218 ,0.275 ,0.620 ,0.559 ,0.314 ,0.023 ,0.531 ,0.466 ,0.512 ,0.303 ,0.060 ,0.413 
100733,0.378 ,0.525 ,0.159 ,0.091 ,0.573 ,0.215 ,0.375 ,0.569 ,0.463 ,0.272 ,0.523 ,0.184 ,0.364 ,0.608 ,0.564 ,0.404 ,0.023 ,0.537 ,0.435 ,0.533 ,0.263 ,0.036 ,0.282 
100734,0.407 ,0.528 ,0.144 ,0.095 ,0.560 ,0.137 ,0.290 ,0.561 ,0.462 ,0.376 ,0.498 ,0.166 ,0.460 ,0.585 ,0.580 ,0.483 ,0.018 ,0.553 ,0.434 ,0.533 ,0.231 ,0.035 ,0.142 
100735,0.451 ,0.534 ,0.083 ,0.060 ,0.496 ,0.066 ,0.158 ,0.549 ,0.499 ,0.422 ,0.319 ,0.131 ,0.515 ,0.430 ,0.577 ,0.534 ,0.018 ,0.558 ,0.375 ,0.513 ,0.172 ,0.044 ,0.093 
100736,0.378 ,0.528 ,0.202 ,0.133 ,0.526 ,0.135 ,0.303 ,0.542 ,0.508 ,0.345 ,0.296 ,0.258 ,0.404 ,0.526 ,0.572 ,0.465 ,0.014 ,0.541 ,0.400 ,0.503 ,0.304 ,0.060 ,0.079 
100737,0.395 ,0.528 ,0.136 ,0.137 ,0.457 ,0.095 ,0.254 ,0.551 ,0.570 ,0.384 ,0.267 ,0.371 ,0.389 ,0.350 ,0.578 ,0.393 ,0.028 ,0.537 ,0.365 ,0.524 ,0.332 ,0.089 ,0.072 
100738,0.379 ,0.526 ,0.174 ,0.128 ,0.456 ,0.131 ,0.281 ,0.542 ,0.547 ,0.362 ,0.309 ,0.359 ,0.356 ,0.365 ,0.564 ,0.375 ,0.026 ,0.512 ,0.379 ,0.497 ,0.322 ,0.088 ,0.080 
100739,0.275 ,0.521 ,0.346 ,0.195 ,0.513 ,0.226 ,0.460 ,0.514 ,0.493 ,0.235 ,0.232 ,0.434 ,0.254 ,0.504 ,0.561 ,0.345 ,0.019 ,0.464 ,0.458 ,0.443 ,0.456 ,0.112 ,0.127 
100740,0.160 ,0.515 ,0.476 ,0.292 ,0.517 ,0.226 ,0.528 ,0.455 ,0.380 ,0.110 ,0.121 ,0.585 ,0.124 ,0.493 ,0.510 ,0.245 ,0.020 ,0.354 ,0.469 ,0.313 ,0.609 ,0.157 ,0.158 
100741,0.218 ,0.518 ,0.437 ,0.373 ,0.519 ,0.183 ,0.481 ,0.482 ,0.431 ,0.166 ,0.157 ,0.597 ,0.159 ,0.499 ,0.529 ,0.259 ,0.027 ,0.423 ,0.463 ,0.395 ,0.617 ,0.135 ,0.108 
100742,0.184 ,0.509 ,0.351 ,0.348 ,0.501 ,0.147 ,0.403 ,0.460 ,0.350 ,0.145 ,0.089 ,0.594 ,0.108 ,0.444 ,0.456 ,0.191 ,0.042 ,0.358 ,0.427 ,0.367 ,0.637 ,0.156 ,0.125 
100743,0.100 ,0.497 ,0.281 ,0.297 ,0.509 ,0.197 ,0.407 ,0.356 ,0.244 ,0.069 ,0.055 ,0.550 ,0.045 ,0.425 ,0.300 ,0.122 ,0.049 ,0.225 ,0.434 ,0.288 ,0.692 ,0.193 ,0.187 
100744,0.043 ,0.474 ,0.301 ,0.117 ,0.515 ,0.215 ,0.347 ,0.239 ,0.142 ,0.027 ,0.028 ,0.521 ,0.013 ,0.365 ,0.200 ,0.042 ,0.054 ,0.055 ,0.345 ,0.142 ,0.649 ,0.253 ,0.332 
100745,0.052 ,0.434 ,0.610 ,0.070 ,0.320 ,0.163 ,0.282 ,0.249 ,0.230 ,0.064 ,0.032 ,0.579 ,0.013 ,0.145 ,0.376 ,0.069 ,0.066 ,0.055 ,0.159 ,0.112 ,0.423 ,0.307 ,0.336 
100746,0.084 ,0.416 ,0.660 ,0.061 ,0.167 ,0.293 ,0.213 ,0.294 ,0.344 ,0.116 ,0.114 ,0.478 ,0.035 ,0.093 ,0.391 ,0.149 ,0.044 ,0.070 ,0.138 ,0.092 ,0.174 ,0.269 ,0.218 
100747,0.047 ,0.422 ,0.771 ,0.027 ,0.153 ,0.802 ,0.168 ,0.400 ,0.259 ,0.073 ,0.267 ,0.416 ,0.074 ,0.202 ,0.433 ,0.223 ,0.023 ,0.092 ,0.425 ,0.125 ,0.043 ,0.192 ,0.443 
100748,0.027 ,0.426 ,0.798 ,0.019 ,0.166 ,0.693 ,0.127 ,0.410 ,0.246 ,0.080 ,0.310 ,0.441 ,0.054 ,0.203 ,0.405 ,0.180 ,0.021 ,0.073 ,0.502 ,0.161 ,0.034 ,0.067 ,0.517 
100749,0.010 ,0.433 ,0.806 ,0.019 ,0.244 ,0.739 ,0.128 ,0.336 ,0.238 ,0.034 ,0.385 ,0.477 ,0.025 ,0.271 ,0.329 ,0.054 ,0.021 ,0.028 ,0.613 ,0.144 ,0.038 ,0.099 ,0.667 
100750,0.496 ,0.536 ,0.031 ,0.028 ,0.522 ,0.027 ,0.075 ,0.528 ,0.438 ,0.505 ,0.444 ,0.075 ,0.529 ,0.406 ,0.532 ,0.530 ,0.022 ,0.530 ,0.309 ,0.493 ,0.123 ,0.015 ,0.043 
100751,0.446 ,0.532 ,0.084 ,0.061 ,0.549 ,0.082 ,0.186 ,0.548 ,0.474 ,0.405 ,0.398 ,0.112 ,0.515 ,0.514 ,0.577 ,0.525 ,0.020 ,0.565 ,0.390 ,0.506 ,0.185 ,0.035 ,0.115 
100752,0.404 ,0.529 ,0.126 ,0.100 ,0.554 ,0.168 ,0.292 ,0.551 ,0.507 ,0.333 ,0.368 ,0.193 ,0.458 ,0.541 ,0.584 ,0.460 ,0.024 ,0.573 ,0.426 ,0.504 ,0.272 ,0.060 ,0.173 
100753,0.332 ,0.526 ,0.186 ,0.106 ,0.566 ,0.327 ,0.470 ,0.567 ,0.483 ,0.190 ,0.446 ,0.251 ,0.327 ,0.610 ,0.573 ,0.352 ,0.027 ,0.555 ,0.477 ,0.510 ,0.315 ,0.081 ,0.361 
100754,0.356 ,0.527 ,0.150 ,0.066 ,0.579 ,0.201 ,0.368 ,0.575 ,0.458 ,0.187 ,0.458 ,0.144 ,0.364 ,0.620 ,0.562 ,0.401 ,0.019 ,0.555 ,0.436 ,0.517 ,0.227 ,0.048 ,0.352 
100755,0.377 ,0.521 ,0.198 ,0.135 ,0.585 ,0.124 ,0.365 ,0.565 ,0.478 ,0.289 ,0.508 ,0.173 ,0.406 ,0.620 ,0.570 ,0.445 ,0.016 ,0.544 ,0.404 ,0.533 ,0.295 ,0.033 ,0.148 
100756,0.450 ,0.525 ,0.139 ,0.123 ,0.572 ,0.040 ,0.214 ,0.556 ,0.499 ,0.450 ,0.433 ,0.143 ,0.499 ,0.600 ,0.570 ,0.543 ,0.013 ,0.573 ,0.353 ,0.533 ,0.245 ,0.022 ,0.043 
100757,0.463 ,0.527 ,0.117 ,0.104 ,0.570 ,0.026 ,0.155 ,0.554 ,0.497 ,0.474 ,0.400 ,0.125 ,0.508 ,0.586 ,0.569 ,0.550 ,0.011 ,0.576 ,0.317 ,0.535 ,0.218 ,0.018 ,0.026 
100758,0.442 ,0.529 ,0.122 ,0.108 ,0.536 ,0.065 ,0.189 ,0.545 ,0.507 ,0.431 ,0.403 ,0.193 ,0.455 ,0.512 ,0.562 ,0.487 ,0.016 ,0.559 ,0.351 ,0.528 ,0.249 ,0.033 ,0.042 
100759,0.413 ,0.529 ,0.153 ,0.110 ,0.490 ,0.111 ,0.239 ,0.543 ,0.519 ,0.390 ,0.374 ,0.266 ,0.405 ,0.441 ,0.559 ,0.434 ,0.018 ,0.536 ,0.363 ,0.511 ,0.271 ,0.054 ,0.062 
100760,0.427 ,0.529 ,0.112 ,0.081 ,0.444 ,0.096 ,0.186 ,0.544 ,0.520 ,0.406 ,0.360 ,0.248 ,0.417 ,0.339 ,0.552 ,0.424 ,0.021 ,0.522 ,0.335 ,0.505 ,0.221 ,0.054 ,0.058 
100761,0.400 ,0.528 ,0.153 ,0.104 ,0.502 ,0.132 ,0.258 ,0.541 ,0.505 ,0.377 ,0.370 ,0.252 ,0.395 ,0.455 ,0.561 ,0.433 ,0.018 ,0.530 ,0.380 ,0.501 ,0.272 ,0.053 ,0.068 
100762,0.334 ,0.525 ,0.296 ,0.210 ,0.525 ,0.143 ,0.405 ,0.519 ,0.516 ,0.310 ,0.328 ,0.385 ,0.306 ,0.529 ,0.550 ,0.387 ,0.017 ,0.509 ,0.412 ,0.482 ,0.418 ,0.069 ,0.068 
100763,0.169 ,0.523 ,0.462 ,0.207 ,0.512 ,0.158 ,0.554 ,0.455 ,0.415 ,0.128 ,0.159 ,0.511 ,0.173 ,0.471 ,0.404 ,0.213 ,0.009 ,0.271 ,0.429 ,0.317 ,0.528 ,0.124 ,0.112 
100764,0.195 ,0.521 ,0.467 ,0.288 ,0.507 ,0.137 ,0.508 ,0.454 ,0.412 ,0.142 ,0.133 ,0.562 ,0.164 ,0.464 ,0.458 ,0.260 ,0.013 ,0.349 ,0.426 ,0.330 ,0.595 ,0.105 ,0.091 
100765,0.208 ,0.516 ,0.451 ,0.398 ,0.500 ,0.131 ,0.438 ,0.452 ,0.434 ,0.158 ,0.123 ,0.620 ,0.133 ,0.459 ,0.489 ,0.251 ,0.024 ,0.393 ,0.425 ,0.368 ,0.642 ,0.114 ,0.084 
100766,0.079 ,0.496 ,0.355 ,0.218 ,0.506 ,0.196 ,0.427 ,0.334 ,0.214 ,0.047 ,0.049 ,0.561 ,0.034 ,0.406 ,0.281 ,0.086 ,0.033 ,0.130 ,0.402 ,0.198 ,0.661 ,0.198 ,0.227 
100767,0.047 ,0.467 ,0.521 ,0.104 ,0.449 ,0.212 ,0.365 ,0.271 ,0.178 ,0.031 ,0.033 ,0.594 ,0.014 ,0.313 ,0.329 ,0.044 ,0.043 ,0.045 ,0.302 ,0.108 ,0.569 ,0.264 ,0.366 
100768,0.069 ,0.460 ,0.606 ,0.087 ,0.371 ,0.252 ,0.359 ,0.309 ,0.267 ,0.066 ,0.087 ,0.603 ,0.024 ,0.247 ,0.433 ,0.083 ,0.048 ,0.085 ,0.257 ,0.138 ,0.441 ,0.360 ,0.336 
100769,0.014 ,0.453 ,0.673 ,0.029 ,0.427 ,0.614 ,0.432 ,0.288 ,0.143 ,0.012 ,0.277 ,0.572 ,0.013 ,0.398 ,0.321 ,0.013 ,0.042 ,0.022 ,0.467 ,0.122 ,0.312 ,0.588 ,0.631 
100770,0.491 ,0.537 ,0.040 ,0.021 ,0.521 ,0.028 ,0.081 ,0.547 ,0.424 ,0.467 ,0.355 ,0.049 ,0.562 ,0.430 ,0.561 ,0.579 ,0.013 ,0.550 ,0.337 ,0.498 ,0.089 ,0.019 ,0.068 
100771,0.395 ,0.533 ,0.095 ,0.038 ,0.544 ,0.051 ,0.165 ,0.557 ,0.436 ,0.313 ,0.233 ,0.065 ,0.521 ,0.519 ,0.590 ,0.561 ,0.009 ,0.562 ,0.389 ,0.488 ,0.127 ,0.038 ,0.137 
100772,0.378 ,0.528 ,0.151 ,0.085 ,0.571 ,0.092 ,0.270 ,0.558 ,0.470 ,0.305 ,0.364 ,0.130 ,0.483 ,0.590 ,0.588 ,0.511 ,0.012 ,0.569 ,0.415 ,0.513 ,0.223 ,0.044 ,0.131 
100773,0.312 ,0.524 ,0.255 ,0.159 ,0.567 ,0.251 ,0.490 ,0.563 ,0.480 ,0.229 ,0.521 ,0.277 ,0.326 ,0.616 ,0.572 ,0.369 ,0.022 ,0.530 ,0.472 ,0.534 ,0.343 ,0.061 ,0.235 
100774,0.358 ,0.520 ,0.216 ,0.142 ,0.584 ,0.141 ,0.409 ,0.569 ,0.483 ,0.229 ,0.508 ,0.193 ,0.366 ,0.624 ,0.562 ,0.413 ,0.017 ,0.542 ,0.405 ,0.531 ,0.313 ,0.039 ,0.185 
100775,0.442 ,0.514 ,0.187 ,0.145 ,0.553 ,0.047 ,0.287 ,0.559 ,0.490 ,0.294 ,0.412 ,0.132 ,0.468 ,0.607 ,0.563 ,0.500 ,0.013 ,0.553 ,0.328 ,0.524 ,0.294 ,0.020 ,0.085 
100776,0.560 ,0.511 ,0.117 ,0.120 ,0.511 ,0.007 ,0.124 ,0.555 ,0.501 ,0.494 ,0.247 ,0.072 ,0.578 ,0.600 ,0.567 ,0.613 ,0.008 ,0.573 ,0.240 ,0.527 ,0.218 ,0.007 ,0.017 
100777,0.535 ,0.518 ,0.075 ,0.083 ,0.588 ,0.009 ,0.112 ,0.562 ,0.479 ,0.521 ,0.337 ,0.061 ,0.566 ,0.609 ,0.575 ,0.600 ,0.008 ,0.579 ,0.252 ,0.530 ,0.187 ,0.007 ,0.017 
100778,0.489 ,0.523 ,0.044 ,0.053 ,0.610 ,0.016 ,0.112 ,0.563 ,0.448 ,0.525 ,0.456 ,0.054 ,0.542 ,0.612 ,0.577 ,0.573 ,0.009 ,0.565 ,0.286 ,0.489 ,0.167 ,0.008 ,0.019 
100779,0.483 ,0.528 ,0.042 ,0.043 ,0.596 ,0.017 ,0.105 ,0.560 ,0.438 ,0.500 ,0.409 ,0.048 ,0.550 ,0.579 ,0.579 ,0.579 ,0.008 ,0.572 ,0.305 ,0.503 ,0.134 ,0.011 ,0.027 
100780,0.452 ,0.529 ,0.061 ,0.054 ,0.592 ,0.021 ,0.136 ,0.567 ,0.454 ,0.471 ,0.372 ,0.057 ,0.537 ,0.593 ,0.584 ,0.580 ,0.007 ,0.578 ,0.325 ,0.507 ,0.150 ,0.014 ,0.032 
100781,0.361 ,0.529 ,0.161 ,0.080 ,0.568 ,0.035 ,0.231 ,0.559 ,0.462 ,0.364 ,0.301 ,0.102 ,0.486 ,0.597 ,0.573 ,0.560 ,0.005 ,0.559 ,0.375 ,0.497 ,0.194 ,0.031 ,0.057 
100782,0.431 ,0.531 ,0.096 ,0.068 ,0.550 ,0.057 ,0.174 ,0.552 ,0.466 ,0.424 ,0.396 ,0.112 ,0.485 ,0.539 ,0.571 ,0.538 ,0.010 ,0.554 ,0.364 ,0.505 ,0.186 ,0.027 ,0.048 
100783,0.392 ,0.529 ,0.215 ,0.124 ,0.527 ,0.072 ,0.264 ,0.546 ,0.496 ,0.376 ,0.337 ,0.227 ,0.434 ,0.549 ,0.563 ,0.504 ,0.010 ,0.550 ,0.372 ,0.500 ,0.265 ,0.051 ,0.059 
100784,0.321 ,0.527 ,0.330 ,0.165 ,0.524 ,0.080 ,0.355 ,0.521 ,0.481 ,0.313 ,0.274 ,0.325 ,0.351 ,0.539 ,0.527 ,0.462 ,0.008 ,0.514 ,0.380 ,0.439 ,0.354 ,0.067 ,0.064 
100785,0.226 ,0.522 ,0.488 ,0.242 ,0.501 ,0.126 ,0.479 ,0.459 ,0.476 ,0.203 ,0.236 ,0.582 ,0.177 ,0.462 ,0.469 ,0.284 ,0.015 ,0.402 ,0.407 ,0.372 ,0.554 ,0.125 ,0.081 
100786,0.160 ,0.499 ,0.508 ,0.207 ,0.477 ,0.156 ,0.402 ,0.434 ,0.358 ,0.132 ,0.108 ,0.631 ,0.079 ,0.392 ,0.497 ,0.182 ,0.034 ,0.268 ,0.360 ,0.285 ,0.540 ,0.221 ,0.163 
100787,0.117 ,0.484 ,0.534 ,0.186 ,0.439 ,0.180 ,0.383 ,0.399 ,0.323 ,0.104 ,0.074 ,0.623 ,0.048 ,0.334 ,0.494 ,0.134 ,0.047 ,0.188 ,0.333 ,0.233 ,0.537 ,0.254 ,0.215 
100788,0.068 ,0.477 ,0.583 ,0.128 ,0.464 ,0.202 ,0.380 ,0.295 ,0.263 ,0.049 ,0.061 ,0.643 ,0.021 ,0.319 ,0.348 ,0.056 ,0.039 ,0.066 ,0.311 ,0.149 ,0.549 ,0.293 ,0.291 
100789,0.039 ,0.483 ,0.623 ,0.054 ,0.491 ,0.455 ,0.525 ,0.329 ,0.191 ,0.029 ,0.234 ,0.623 ,0.026 ,0.412 ,0.313 ,0.027 ,0.028 ,0.044 ,0.462 ,0.148 ,0.470 ,0.483 ,0.436 
100790,0.016 ,0.465 ,0.660 ,0.030 ,0.457 ,0.595 ,0.478 ,0.312 ,0.150 ,0.013 ,0.343 ,0.594 ,0.015 ,0.423 ,0.299 ,0.011 ,0.036 ,0.024 ,0.516 ,0.150 ,0.347 ,0.579 ,0.610 
100791,0.010 ,0.458 ,0.686 ,0.026 ,0.441 ,0.645 ,0.427 ,0.308 ,0.145 ,0.008 ,0.423 ,0.588 ,0.011 ,0.439 ,0.298 ,0.008 ,0.038 ,0.021 ,0.555 ,0.170 ,0.262 ,0.556 ,0.670 
100792,0.003 ,0.464 ,0.670 ,0.029 ,0.484 ,0.622 ,0.359 ,0.354 ,0.197 ,0.002 ,0.476 ,0.581 ,0.004 ,0.360 ,0.306 ,0.001 ,0.027 ,0.004 ,0.617 ,0.235 ,0.327 ,0.541 ,0.580 
100793,0.004 ,0.471 ,0.678 ,0.032 ,0.495 ,0.631 ,0.390 ,0.365 ,0.229 ,0.003 ,0.492 ,0.593 ,0.006 ,0.394 ,0.244 ,0.002 ,0.025 ,0.007 ,0.648 ,0.265 ,0.297 ,0.498 ,0.610 
100794,0.003 ,0.461 ,0.723 ,0.037 ,0.441 ,0.707 ,0.313 ,0.427 ,0.289 ,0.003 ,0.466 ,0.577 ,0.006 ,0.394 ,0.320 ,0.002 ,0.015 ,0.005 ,0.661 ,0.263 ,0.243 ,0.466 ,0.624 
100795,0.403 ,0.532 ,0.097 ,0.018 ,0.476 ,0.117 ,0.149 ,0.569 ,0.394 ,0.320 ,0.281 ,0.062 ,0.531 ,0.460 ,0.570 ,0.578 ,0.009 ,0.523 ,0.413 ,0.474 ,0.068 ,0.041 ,0.242 
100796,0.335 ,0.532 ,0.136 ,0.028 ,0.523 ,0.073 ,0.199 ,0.572 ,0.410 ,0.231 ,0.246 ,0.064 ,0.481 ,0.533 ,0.583 ,0.533 ,0.007 ,0.544 ,0.405 ,0.477 ,0.101 ,0.054 ,0.232 
100797,0.354 ,0.529 ,0.151 ,0.061 ,0.577 ,0.054 ,0.240 ,0.570 ,0.446 ,0.255 ,0.314 ,0.085 ,0.491 ,0.609 ,0.586 ,0.524 ,0.008 ,0.575 ,0.399 ,0.513 ,0.169 ,0.041 ,0.144 
100798,0.297 ,0.523 ,0.260 ,0.145 ,0.575 ,0.177 ,0.450 ,0.568 ,0.467 ,0.216 ,0.513 ,0.218 ,0.349 ,0.622 ,0.566 ,0.403 ,0.014 ,0.530 ,0.444 ,0.535 ,0.312 ,0.049 ,0.196 
100799,0.349 ,0.518 ,0.222 ,0.118 ,0.576 ,0.063 ,0.374 ,0.577 ,0.467 ,0.175 ,0.482 ,0.139 ,0.379 ,0.620 ,0.548 ,0.425 ,0.011 ,0.546 ,0.366 ,0.534 ,0.271 ,0.031 ,0.152 
100800,0.450 ,0.514 ,0.172 ,0.107 ,0.536 ,0.018 ,0.234 ,0.574 ,0.482 ,0.281 ,0.398 ,0.081 ,0.492 ,0.613 ,0.554 ,0.522 ,0.008 ,0.561 ,0.288 ,0.535 ,0.217 ,0.015 ,0.070 
100801,0.633 ,0.500 ,0.076 ,0.069 ,0.390 ,0.001 ,0.064 ,0.559 ,0.495 ,0.530 ,0.180 ,0.026 ,0.619 ,0.472 ,0.577 ,0.638 ,0.005 ,0.575 ,0.145 ,0.555 ,0.142 ,0.003 ,0.011 
100802,0.608 ,0.510 ,0.045 ,0.045 ,0.444 ,0.001 ,0.058 ,0.575 ,0.503 ,0.577 ,0.237 ,0.019 ,0.609 ,0.451 ,0.582 ,0.632 ,0.004 ,0.585 ,0.137 ,0.553 ,0.111 ,0.003 ,0.011 
100803,0.579 ,0.519 ,0.010 ,0.011 ,0.572 ,0.003 ,0.041 ,0.562 ,0.400 ,0.599 ,0.382 ,0.010 ,0.581 ,0.499 ,0.565 ,0.601 ,0.006 ,0.551 ,0.145 ,0.461 ,0.073 ,0.002 ,0.013 
100804,0.551 ,0.529 ,0.009 ,0.008 ,0.546 ,0.003 ,0.034 ,0.559 ,0.390 ,0.588 ,0.375 ,0.010 ,0.576 ,0.415 ,0.561 ,0.592 ,0.006 ,0.561 ,0.157 ,0.481 ,0.052 ,0.003 ,0.016 
100805,0.544 ,0.532 ,0.020 ,0.017 ,0.558 ,0.004 ,0.048 ,0.563 ,0.412 ,0.573 ,0.392 ,0.020 ,0.575 ,0.467 ,0.573 ,0.589 ,0.007 ,0.572 ,0.215 ,0.512 ,0.069 ,0.005 ,0.019 
100806,0.516 ,0.535 ,0.030 ,0.021 ,0.563 ,0.012 ,0.067 ,0.559 ,0.402 ,0.525 ,0.419 ,0.034 ,0.565 ,0.479 ,0.570 ,0.579 ,0.009 ,0.567 ,0.289 ,0.505 ,0.081 ,0.010 ,0.032 
100807,0.485 ,0.535 ,0.055 ,0.033 ,0.536 ,0.022 ,0.095 ,0.559 ,0.436 ,0.473 ,0.370 ,0.054 ,0.553 ,0.488 ,0.574 ,0.579 ,0.008 ,0.567 ,0.317 ,0.515 ,0.101 ,0.018 ,0.042 
100808,0.388 ,0.532 ,0.177 ,0.075 ,0.542 ,0.026 ,0.209 ,0.566 ,0.460 ,0.365 ,0.272 ,0.111 ,0.503 ,0.575 ,0.577 ,0.564 ,0.006 ,0.569 ,0.362 ,0.497 ,0.173 ,0.041 ,0.062 
100809,0.364 ,0.529 ,0.254 ,0.135 ,0.541 ,0.047 ,0.302 ,0.552 ,0.479 ,0.350 ,0.320 ,0.228 ,0.444 ,0.582 ,0.556 ,0.520 ,0.008 ,0.557 ,0.386 ,0.490 ,0.272 ,0.056 ,0.060 
100810,0.234 ,0.524 ,0.445 ,0.182 ,0.507 ,0.141 ,0.505 ,0.477 ,0.454 ,0.216 ,0.259 ,0.513 ,0.216 ,0.488 ,0.486 ,0.328 ,0.011 ,0.424 ,0.405 ,0.368 ,0.465 ,0.129 ,0.099 
100811,0.103 ,0.508 ,0.566 ,0.139 ,0.496 ,0.252 ,0.502 ,0.383 ,0.368 ,0.076 ,0.154 ,0.630 ,0.070 ,0.419 ,0.353 ,0.094 ,0.015 ,0.127 ,0.415 ,0.223 ,0.534 ,0.266 ,0.227 
100812,0.165 ,0.497 ,0.503 ,0.203 ,0.443 ,0.226 ,0.408 ,0.442 ,0.447 ,0.154 ,0.176 ,0.609 ,0.089 ,0.379 ,0.501 ,0.189 ,0.035 ,0.278 ,0.380 ,0.306 ,0.477 ,0.245 ,0.176 
100813,0.182 ,0.500 ,0.486 ,0.240 ,0.455 ,0.154 ,0.374 ,0.438 ,0.462 ,0.163 ,0.175 ,0.640 ,0.085 ,0.362 ,0.491 ,0.169 ,0.042 ,0.295 ,0.356 ,0.334 ,0.505 ,0.238 ,0.128 
100814,0.095 ,0.498 ,0.563 ,0.161 ,0.491 ,0.164 ,0.423 ,0.341 ,0.298 ,0.063 ,0.084 ,0.657 ,0.040 ,0.352 ,0.308 ,0.060 ,0.022 ,0.090 ,0.355 ,0.188 ,0.575 ,0.245 ,0.197 
100815,0.049 ,0.495 ,0.614 ,0.047 ,0.516 ,0.366 ,0.535 ,0.346 ,0.210 ,0.036 ,0.289 ,0.650 ,0.030 ,0.357 ,0.234 ,0.017 ,0.022 ,0.038 ,0.446 ,0.170 ,0.516 ,0.418 ,0.348 
100816,0.074 ,0.485 ,0.587 ,0.127 ,0.479 ,0.493 ,0.556 ,0.409 ,0.233 ,0.093 ,0.494 ,0.640 ,0.051 ,0.462 ,0.488 ,0.081 ,0.055 ,0.199 ,0.543 ,0.302 ,0.430 ,0.379 ,0.441 
100817,0.006 ,0.491 ,0.627 ,0.032 ,0.527 ,0.483 ,0.521 ,0.389 ,0.160 ,0.005 ,0.581 ,0.613 ,0.007 ,0.352 ,0.219 ,0.002 ,0.031 ,0.010 ,0.639 ,0.303 ,0.427 ,0.475 ,0.522 
100818,0.006 ,0.500 ,0.605 ,0.061 ,0.501 ,0.442 ,0.531 ,0.385 ,0.204 ,0.005 ,0.573 ,0.599 ,0.006 ,0.310 ,0.256 ,0.001 ,0.036 ,0.009 ,0.651 ,0.340 ,0.476 ,0.408 ,0.474 
100819,0.004 ,0.492 ,0.637 ,0.088 ,0.422 ,0.510 ,0.433 ,0.429 ,0.265 ,0.004 ,0.581 ,0.603 ,0.005 ,0.312 ,0.307 ,0.001 ,0.026 ,0.006 ,0.662 ,0.362 ,0.408 ,0.363 ,0.517 
100820,0.012 ,0.480 ,0.683 ,0.065 ,0.479 ,0.623 ,0.417 ,0.360 ,0.238 ,0.013 ,0.578 ,0.610 ,0.014 ,0.459 ,0.313 ,0.010 ,0.032 ,0.034 ,0.677 ,0.331 ,0.226 ,0.336 ,0.680 
100821,0.004 ,0.460 ,0.725 ,0.067 ,0.337 ,0.605 ,0.221 ,0.368 ,0.304 ,0.010 ,0.552 ,0.576 ,0.007 ,0.285 ,0.281 ,0.002 ,0.022 ,0.004 ,0.648 ,0.311 ,0.244 ,0.172 ,0.607 
100822,0.004 ,0.436 ,0.787 ,0.029 ,0.252 ,0.663 ,0.097 ,0.400 ,0.294 ,0.016 ,0.516 ,0.474 ,0.012 ,0.276 ,0.270 ,0.005 ,0.011 ,0.003 ,0.628 ,0.197 ,0.085 ,0.061 ,0.589 
100823,0.330 ,0.507 ,0.183 ,0.006 ,0.263 ,0.472 ,0.148 ,0.565 ,0.312 ,0.247 ,0.211 ,0.069 ,0.510 ,0.268 ,0.529 ,0.632 ,0.007 ,0.394 ,0.460 ,0.323 ,0.026 ,0.048 ,0.414 
100824,0.230 ,0.516 ,0.256 ,0.013 ,0.407 ,0.276 ,0.238 ,0.576 ,0.347 ,0.135 ,0.219 ,0.085 ,0.416 ,0.496 ,0.555 ,0.521 ,0.005 ,0.430 ,0.479 ,0.383 ,0.057 ,0.107 ,0.471 
100825,0.207 ,0.527 ,0.238 ,0.025 ,0.546 ,0.149 ,0.326 ,0.587 ,0.373 ,0.093 ,0.319 ,0.101 ,0.363 ,0.631 ,0.562 ,0.423 ,0.006 ,0.507 ,0.480 ,0.459 ,0.116 ,0.104 ,0.398 
100826,0.308 ,0.530 ,0.170 ,0.046 ,0.568 ,0.054 ,0.258 ,0.582 ,0.424 ,0.186 ,0.311 ,0.080 ,0.447 ,0.610 ,0.578 ,0.482 ,0.006 ,0.566 ,0.401 ,0.506 ,0.146 ,0.056 ,0.197 
100827,0.335 ,0.521 ,0.183 ,0.070 ,0.579 ,0.019 ,0.254 ,0.582 ,0.446 ,0.169 ,0.316 ,0.065 ,0.439 ,0.583 ,0.550 ,0.462 ,0.005 ,0.579 ,0.317 ,0.524 ,0.182 ,0.025 ,0.098 
100828,0.578 ,0.504 ,0.091 ,0.054 ,0.385 ,0.002 ,0.091 ,0.574 ,0.512 ,0.392 ,0.237 ,0.024 ,0.574 ,0.438 ,0.560 ,0.581 ,0.005 ,0.581 ,0.140 ,0.561 ,0.126 ,0.004 ,0.026 
100829,0.717 ,0.489 ,0.033 ,0.024 ,0.149 ,0.000 ,0.030 ,0.561 ,0.530 ,0.589 ,0.191 ,0.008 ,0.646 ,0.251 ,0.580 ,0.646 ,0.004 ,0.544 ,0.059 ,0.637 ,0.075 ,0.001 ,0.009 
100830,0.680 ,0.506 ,0.019 ,0.017 ,0.223 ,0.000 ,0.023 ,0.560 ,0.517 ,0.659 ,0.230 ,0.008 ,0.625 ,0.259 ,0.573 ,0.645 ,0.005 ,0.562 ,0.069 ,0.559 ,0.059 ,0.001 ,0.007 
100831,0.622 ,0.516 ,0.005 ,0.004 ,0.395 ,0.001 ,0.014 ,0.523 ,0.389 ,0.639 ,0.328 ,0.005 ,0.573 ,0.271 ,0.538 ,0.597 ,0.007 ,0.504 ,0.077 ,0.441 ,0.038 ,0.001 ,0.011 
100832,0.584 ,0.528 ,0.003 ,0.003 ,0.370 ,0.001 ,0.013 ,0.529 ,0.366 ,0.624 ,0.348 ,0.004 ,0.565 ,0.227 ,0.522 ,0.581 ,0.007 ,0.514 ,0.081 ,0.436 ,0.029 ,0.001 ,0.010 
100833,0.570 ,0.536 ,0.008 ,0.006 ,0.471 ,0.002 ,0.023 ,0.541 ,0.380 ,0.597 ,0.368 ,0.009 ,0.568 ,0.312 ,0.550 ,0.588 ,0.008 ,0.536 ,0.155 ,0.479 ,0.038 ,0.003 ,0.020 
100834,0.532 ,0.540 ,0.025 ,0.012 ,0.478 ,0.010 ,0.051 ,0.564 ,0.405 ,0.518 ,0.333 ,0.020 ,0.581 ,0.365 ,0.571 ,0.600 ,0.007 ,0.566 ,0.258 ,0.517 ,0.048 ,0.010 ,0.046 
100835,0.432 ,0.535 ,0.078 ,0.022 ,0.495 ,0.019 ,0.112 ,0.583 ,0.427 ,0.402 ,0.281 ,0.035 ,0.552 ,0.451 ,0.590 ,0.592 ,0.005 ,0.573 ,0.320 ,0.522 ,0.071 ,0.024 ,0.086 
100836,0.381 ,0.531 ,0.154 ,0.058 ,0.557 ,0.015 ,0.189 ,0.581 ,0.448 ,0.361 ,0.287 ,0.069 ,0.519 ,0.565 ,0.581 ,0.560 ,0.005 ,0.587 ,0.344 ,0.523 ,0.136 ,0.031 ,0.064 
100837,0.330 ,0.527 ,0.241 ,0.110 ,0.555 ,0.021 ,0.282 ,0.563 ,0.460 ,0.301 ,0.254 ,0.135 ,0.471 ,0.593 ,0.550 ,0.542 ,0.005 ,0.567 ,0.375 ,0.490 ,0.232 ,0.036 ,0.052 
100838,0.181 ,0.526 ,0.338 ,0.140 ,0.532 ,0.063 ,0.405 ,0.515 ,0.391 ,0.123 ,0.133 ,0.225 ,0.311 ,0.542 ,0.474 ,0.347 ,0.004 ,0.370 ,0.427 ,0.365 ,0.354 ,0.070 ,0.103 
100839,0.016 ,0.516 ,0.455 ,0.048 ,0.426 ,0.203 ,0.579 ,0.565 ,0.243 ,0.005 ,0.096 ,0.394 ,0.049 ,0.388 ,0.339 ,0.007 ,0.003 ,0.016 ,0.491 ,0.213 ,0.583 ,0.196 ,0.233 
100840,0.162 ,0.509 ,0.539 ,0.182 ,0.483 ,0.311 ,0.495 ,0.440 ,0.437 ,0.153 ,0.284 ,0.569 ,0.122 ,0.458 ,0.487 ,0.235 ,0.018 ,0.316 ,0.443 ,0.310 ,0.469 ,0.215 ,0.203 
100841,0.276 ,0.509 ,0.426 ,0.254 ,0.454 ,0.101 ,0.328 ,0.474 ,0.533 ,0.241 ,0.330 ,0.590 ,0.158 ,0.391 ,0.495 ,0.227 ,0.030 ,0.412 ,0.354 ,0.428 ,0.466 ,0.144 ,0.065 
100842,0.172 ,0.509 ,0.532 ,0.200 ,0.493 ,0.118 ,0.427 ,0.414 ,0.360 ,0.128 ,0.116 ,0.654 ,0.094 ,0.402 ,0.435 ,0.179 ,0.018 ,0.256 ,0.365 ,0.274 ,0.570 ,0.190 ,0.124 
100843,0.056 ,0.507 ,0.593 ,0.057 ,0.497 ,0.203 ,0.502 ,0.405 ,0.294 ,0.037 ,0.159 ,0.665 ,0.033 ,0.296 ,0.211 ,0.008 ,0.012 ,0.022 ,0.388 ,0.185 ,0.623 ,0.282 ,0.194 
100844,0.132 ,0.510 ,0.574 ,0.192 ,0.493 ,0.293 ,0.591 ,0.441 ,0.286 ,0.152 ,0.577 ,0.667 ,0.083 ,0.470 ,0.418 ,0.110 ,0.035 ,0.274 ,0.536 ,0.377 ,0.502 ,0.241 ,0.290 
100845,0.029 ,0.512 ,0.614 ,0.060 ,0.504 ,0.321 ,0.652 ,0.423 ,0.214 ,0.027 ,0.556 ,0.648 ,0.025 ,0.327 ,0.202 ,0.007 ,0.024 ,0.033 ,0.642 ,0.328 ,0.542 ,0.319 ,0.388 
100846,0.014 ,0.514 ,0.592 ,0.070 ,0.476 ,0.318 ,0.621 ,0.457 ,0.221 ,0.013 ,0.531 ,0.619 ,0.011 ,0.248 ,0.264 ,0.002 ,0.029 ,0.012 ,0.651 ,0.343 ,0.579 ,0.322 ,0.342 
100847,0.009 ,0.509 ,0.610 ,0.107 ,0.466 ,0.333 ,0.561 ,0.443 ,0.265 ,0.010 ,0.602 ,0.606 ,0.009 ,0.276 ,0.262 ,0.002 ,0.029 ,0.012 ,0.667 ,0.413 ,0.507 ,0.270 ,0.435 
100848,0.017 ,0.501 ,0.647 ,0.156 ,0.452 ,0.353 ,0.504 ,0.354 ,0.266 ,0.031 ,0.634 ,0.633 ,0.013 ,0.341 ,0.272 ,0.009 ,0.050 ,0.041 ,0.688 ,0.431 ,0.383 ,0.176 ,0.603 
100849,0.006 ,0.485 ,0.685 ,0.145 ,0.434 ,0.428 ,0.311 ,0.321 ,0.325 ,0.018 ,0.588 ,0.610 ,0.007 ,0.263 ,0.201 ,0.002 ,0.036 ,0.008 ,0.674 ,0.384 ,0.335 ,0.111 ,0.576 
100850,0.175 ,0.509 ,0.320 ,0.011 ,0.395 ,0.480 ,0.283 ,0.569 ,0.319 ,0.109 ,0.253 ,0.108 ,0.360 ,0.485 ,0.539 ,0.501 ,0.005 ,0.380 ,0.534 ,0.343 ,0.056 ,0.123 ,0.560 
100851,0.258 ,0.528 ,0.195 ,0.018 ,0.530 ,0.129 ,0.246 ,0.592 ,0.359 ,0.159 ,0.321 ,0.071 ,0.427 ,0.579 ,0.565 ,0.490 ,0.005 ,0.513 ,0.470 ,0.481 ,0.075 ,0.066 ,0.361 
100852,0.340 ,0.527 ,0.109 ,0.024 ,0.435 ,0.008 ,0.157 ,0.606 ,0.472 ,0.181 ,0.279 ,0.024 ,0.452 ,0.419 ,0.559 ,0.462 ,0.003 ,0.603 ,0.213 ,0.572 ,0.089 ,0.020 ,0.125 
100853,0.578 ,0.510 ,0.047 ,0.021 ,0.167 ,0.001 ,0.051 ,0.587 ,0.553 ,0.414 ,0.197 ,0.009 ,0.578 ,0.191 ,0.567 ,0.571 ,0.003 ,0.606 ,0.073 ,0.607 ,0.063 ,0.003 ,0.027 
100854,0.659 ,0.506 ,0.014 ,0.008 ,0.160 ,0.000 ,0.023 ,0.557 ,0.507 ,0.575 ,0.236 ,0.004 ,0.602 ,0.172 ,0.564 ,0.604 ,0.004 ,0.558 ,0.052 ,0.560 ,0.043 ,0.001 ,0.018 
100855,0.705 ,0.500 ,0.007 ,0.005 ,0.124 ,0.000 ,0.016 ,0.552 ,0.480 ,0.658 ,0.263 ,0.003 ,0.611 ,0.150 ,0.571 ,0.621 ,0.004 ,0.513 ,0.039 ,0.528 ,0.037 ,0.001 ,0.011 
100856,0.642 ,0.514 ,0.002 ,0.001 ,0.222 ,0.000 ,0.008 ,0.518 ,0.359 ,0.669 ,0.320 ,0.002 ,0.564 ,0.153 ,0.508 ,0.593 ,0.006 ,0.468 ,0.039 ,0.420 ,0.023 ,0.001 ,0.009 
100857,0.594 ,0.529 ,0.002 ,0.001 ,0.287 ,0.001 ,0.010 ,0.529 ,0.325 ,0.637 ,0.348 ,0.002 ,0.561 ,0.173 ,0.498 ,0.581 ,0.006 ,0.493 ,0.060 ,0.405 ,0.021 ,0.001 ,0.012 
100858,0.559 ,0.539 ,0.005 ,0.003 ,0.306 ,0.003 ,0.023 ,0.554 ,0.380 ,0.560 ,0.302 ,0.005 ,0.578 ,0.181 ,0.552 ,0.596 ,0.006 ,0.546 ,0.124 ,0.474 ,0.024 ,0.003 ,0.036 
100859,0.496 ,0.541 ,0.023 ,0.006 ,0.315 ,0.009 ,0.047 ,0.575 ,0.427 ,0.444 ,0.219 ,0.010 ,0.579 ,0.218 ,0.579 ,0.610 ,0.005 ,0.565 ,0.205 ,0.518 ,0.031 ,0.012 ,0.084 
100860,0.471 ,0.536 ,0.067 ,0.015 ,0.449 ,0.025 ,0.084 ,0.574 ,0.405 ,0.433 ,0.265 ,0.036 ,0.572 ,0.378 ,0.577 ,0.611 ,0.006 ,0.546 ,0.316 ,0.494 ,0.052 ,0.024 ,0.091 
100861,0.440 ,0.535 ,0.109 ,0.040 ,0.518 ,0.013 ,0.133 ,0.583 ,0.445 ,0.425 ,0.300 ,0.052 ,0.549 ,0.502 ,0.586 ,0.584 ,0.005 ,0.592 ,0.312 ,0.535 ,0.098 ,0.026 ,0.060 
100862,0.399 ,0.527 ,0.142 ,0.070 ,0.547 ,0.008 ,0.165 ,0.579 ,0.475 ,0.365 ,0.222 ,0.059 ,0.534 ,0.544 ,0.579 ,0.565 ,0.004 ,0.605 ,0.298 ,0.534 ,0.152 ,0.021 ,0.041 
100863,0.382 ,0.520 ,0.116 ,0.081 ,0.513 ,0.006 ,0.141 ,0.573 ,0.472 ,0.297 ,0.119 ,0.038 ,0.527 ,0.479 ,0.582 ,0.553 ,0.003 ,0.604 ,0.244 ,0.529 ,0.173 ,0.012 ,0.037 
100864,0.173 ,0.528 ,0.241 ,0.062 ,0.550 ,0.026 ,0.295 ,0.559 ,0.389 ,0.111 ,0.151 ,0.087 ,0.378 ,0.546 ,0.521 ,0.390 ,0.002 ,0.433 ,0.393 ,0.433 ,0.200 ,0.059 ,0.116 
100865,0.088 ,0.521 ,0.436 ,0.048 ,0.534 ,0.168 ,0.492 ,0.502 ,0.337 ,0.057 ,0.272 ,0.271 ,0.225 ,0.541 ,0.381 ,0.134 ,0.003 ,0.159 ,0.498 ,0.321 ,0.273 ,0.191 ,0.272 
100866,0.387 ,0.516 ,0.250 ,0.175 ,0.450 ,0.050 ,0.216 ,0.513 ,0.550 ,0.328 ,0.462 ,0.462 ,0.273 ,0.388 ,0.501 ,0.291 ,0.024 ,0.501 ,0.313 ,0.502 ,0.374 ,0.056 ,0.028 
100867,0.285 ,0.518 ,0.447 ,0.189 ,0.486 ,0.077 ,0.393 ,0.469 ,0.488 ,0.253 ,0.232 ,0.539 ,0.209 ,0.443 ,0.480 ,0.335 ,0.012 ,0.435 ,0.346 ,0.383 ,0.486 ,0.112 ,0.065 
100868,0.085 ,0.516 ,0.589 ,0.058 ,0.484 ,0.135 ,0.516 ,0.428 ,0.358 ,0.064 ,0.159 ,0.652 ,0.062 ,0.291 ,0.207 ,0.016 ,0.008 ,0.038 ,0.378 ,0.217 ,0.620 ,0.212 ,0.132 
100869,0.159 ,0.518 ,0.574 ,0.213 ,0.489 ,0.149 ,0.541 ,0.416 ,0.319 ,0.160 ,0.434 ,0.688 ,0.084 ,0.398 ,0.351 ,0.116 ,0.031 ,0.252 ,0.476 ,0.342 ,0.560 ,0.236 ,0.138 
100870,0.206 ,0.493 ,0.586 ,0.195 ,0.448 ,0.057 ,0.392 ,0.374 ,0.401 ,0.155 ,0.292 ,0.706 ,0.084 ,0.313 ,0.285 ,0.100 ,0.025 ,0.220 ,0.354 ,0.318 ,0.526 ,0.188 ,0.068 
100871,0.076 ,0.519 ,0.620 ,0.082 ,0.488 ,0.195 ,0.612 ,0.432 ,0.314 ,0.080 ,0.404 ,0.674 ,0.061 ,0.303 ,0.190 ,0.015 ,0.013 ,0.052 ,0.509 ,0.290 ,0.594 ,0.221 ,0.199 
100872,0.031 ,0.510 ,0.619 ,0.118 ,0.491 ,0.300 ,0.635 ,0.411 ,0.214 ,0.037 ,0.643 ,0.645 ,0.023 ,0.368 ,0.264 ,0.012 ,0.037 ,0.058 ,0.671 ,0.416 ,0.485 ,0.253 ,0.507 
100873,0.029 ,0.504 ,0.633 ,0.203 ,0.461 ,0.347 ,0.543 ,0.407 ,0.280 ,0.050 ,0.658 ,0.641 ,0.022 ,0.416 ,0.348 ,0.025 ,0.050 ,0.094 ,0.685 ,0.480 ,0.391 ,0.152 ,0.588 
100874,0.018 ,0.483 ,0.688 ,0.109 ,0.448 ,0.560 ,0.384 ,0.385 ,0.278 ,0.038 ,0.635 ,0.622 ,0.024 ,0.455 ,0.354 ,0.025 ,0.035 ,0.070 ,0.683 ,0.378 ,0.206 ,0.154 ,0.675 
100875,0.373 ,0.517 ,0.091 ,0.003 ,0.330 ,0.410 ,0.114 ,0.575 ,0.281 ,0.316 ,0.296 ,0.043 ,0.557 ,0.318 ,0.524 ,0.650 ,0.006 ,0.435 ,0.505 ,0.348 ,0.020 ,0.024 ,0.358 
100876,0.399 ,0.536 ,0.067 ,0.006 ,0.457 ,0.061 ,0.108 ,0.599 ,0.357 ,0.288 ,0.265 ,0.023 ,0.504 ,0.401 ,0.561 ,0.565 ,0.005 ,0.541 ,0.356 ,0.511 ,0.033 ,0.023 ,0.288 
100877,0.461 ,0.535 ,0.048 ,0.012 ,0.293 ,0.005 ,0.083 ,0.613 ,0.467 ,0.398 ,0.291 ,0.013 ,0.540 ,0.281 ,0.579 ,0.553 ,0.003 ,0.608 ,0.173 ,0.608 ,0.046 ,0.009 ,0.098 
100878,0.571 ,0.534 ,0.008 ,0.004 ,0.237 ,0.002 ,0.026 ,0.569 ,0.429 ,0.569 ,0.291 ,0.004 ,0.588 ,0.168 ,0.572 ,0.597 ,0.005 ,0.568 ,0.101 ,0.531 ,0.028 ,0.003 ,0.034 
100879,0.625 ,0.522 ,0.002 ,0.001 ,0.183 ,0.001 ,0.010 ,0.529 ,0.354 ,0.632 ,0.296 ,0.002 ,0.557 ,0.114 ,0.510 ,0.581 ,0.005 ,0.490 ,0.039 ,0.434 ,0.019 ,0.001 ,0.019 
100880,0.615 ,0.527 ,0.001 ,0.000 ,0.102 ,0.000 ,0.008 ,0.532 ,0.357 ,0.620 ,0.254 ,0.001 ,0.553 ,0.061 ,0.496 ,0.579 ,0.004 ,0.496 ,0.031 ,0.453 ,0.012 ,0.001 ,0.023 
100881,0.577 ,0.545 ,0.001 ,0.000 ,0.285 ,0.003 ,0.008 ,0.518 ,0.261 ,0.600 ,0.351 ,0.002 ,0.556 ,0.125 ,0.446 ,0.579 ,0.008 ,0.463 ,0.086 ,0.335 ,0.011 ,0.001 ,0.021 
100882,0.557 ,0.547 ,0.003 ,0.001 ,0.302 ,0.012 ,0.017 ,0.536 ,0.291 ,0.520 ,0.260 ,0.004 ,0.587 ,0.129 ,0.486 ,0.619 ,0.007 ,0.491 ,0.172 ,0.372 ,0.011 ,0.004 ,0.056 
100883,0.484 ,0.539 ,0.027 ,0.003 ,0.170 ,0.011 ,0.038 ,0.579 ,0.428 ,0.393 ,0.127 ,0.008 ,0.584 ,0.110 ,0.565 ,0.641 ,0.004 ,0.523 ,0.175 ,0.498 ,0.017 ,0.016 ,0.126 
100884,0.426 ,0.535 ,0.079 ,0.009 ,0.292 ,0.014 ,0.075 ,0.590 ,0.438 ,0.361 ,0.174 ,0.021 ,0.568 ,0.254 ,0.582 ,0.616 ,0.003 ,0.539 ,0.233 ,0.502 ,0.034 ,0.027 ,0.123 
100885,0.418 ,0.535 ,0.112 ,0.029 ,0.476 ,0.013 ,0.129 ,0.590 ,0.444 ,0.403 ,0.282 ,0.044 ,0.549 ,0.457 ,0.587 ,0.584 ,0.004 ,0.587 ,0.302 ,0.529 ,0.079 ,0.028 ,0.077 
100886,0.454 ,0.530 ,0.092 ,0.044 ,0.500 ,0.005 ,0.112 ,0.587 ,0.499 ,0.426 ,0.249 ,0.033 ,0.566 ,0.470 ,0.592 ,0.583 ,0.004 ,0.617 ,0.231 ,0.570 ,0.101 ,0.015 ,0.040 
100887,0.455 ,0.528 ,0.065 ,0.035 ,0.441 ,0.003 ,0.091 ,0.585 ,0.508 ,0.431 ,0.189 ,0.022 ,0.569 ,0.396 ,0.598 ,0.590 ,0.003 ,0.618 ,0.197 ,0.573 ,0.094 ,0.010 ,0.031 
100888,0.414 ,0.533 ,0.064 ,0.028 ,0.481 ,0.007 ,0.113 ,0.588 ,0.478 ,0.408 ,0.215 ,0.024 ,0.544 ,0.428 ,0.596 ,0.585 ,0.003 ,0.597 ,0.254 ,0.533 ,0.087 ,0.017 ,0.045 
100889,0.414 ,0.532 ,0.124 ,0.043 ,0.531 ,0.029 ,0.154 ,0.564 ,0.439 ,0.418 ,0.323 ,0.079 ,0.513 ,0.533 ,0.569 ,0.578 ,0.005 ,0.554 ,0.338 ,0.481 ,0.123 ,0.031 ,0.053 
100890,0.451 ,0.521 ,0.114 ,0.072 ,0.454 ,0.036 ,0.134 ,0.522 ,0.495 ,0.377 ,0.516 ,0.244 ,0.373 ,0.380 ,0.499 ,0.363 ,0.016 ,0.523 ,0.279 ,0.495 ,0.207 ,0.023 ,0.018 
100891,0.361 ,0.525 ,0.284 ,0.124 ,0.500 ,0.074 ,0.272 ,0.514 ,0.495 ,0.343 ,0.299 ,0.303 ,0.344 ,0.495 ,0.524 ,0.451 ,0.008 ,0.503 ,0.336 ,0.443 ,0.307 ,0.060 ,0.056 
100892,0.144 ,0.521 ,0.525 ,0.067 ,0.484 ,0.100 ,0.508 ,0.425 ,0.401 ,0.111 ,0.161 ,0.562 ,0.124 ,0.356 ,0.241 ,0.053 ,0.006 ,0.091 ,0.358 ,0.244 ,0.528 ,0.161 ,0.109 
100893,0.138 ,0.523 ,0.592 ,0.148 ,0.477 ,0.123 ,0.563 ,0.397 ,0.326 ,0.130 ,0.341 ,0.675 ,0.090 ,0.350 ,0.245 ,0.063 ,0.018 ,0.139 ,0.464 ,0.308 ,0.581 ,0.194 ,0.109 
100894,0.285 ,0.446 ,0.589 ,0.219 ,0.416 ,0.019 ,0.309 ,0.383 ,0.504 ,0.187 ,0.215 ,0.704 ,0.119 ,0.289 ,0.266 ,0.128 ,0.018 ,0.270 ,0.297 ,0.331 ,0.494 ,0.092 ,0.025 
100895,0.170 ,0.520 ,0.609 ,0.150 ,0.459 ,0.063 ,0.524 ,0.425 ,0.426 ,0.185 ,0.320 ,0.635 ,0.128 ,0.320 ,0.204 ,0.053 ,0.011 ,0.130 ,0.413 ,0.329 ,0.548 ,0.102 ,0.081 
100896,0.062 ,0.514 ,0.629 ,0.180 ,0.475 ,0.270 ,0.639 ,0.400 ,0.268 ,0.083 ,0.581 ,0.661 ,0.039 ,0.359 ,0.255 ,0.026 ,0.033 ,0.090 ,0.628 ,0.382 ,0.508 ,0.206 ,0.379 
100897,0.041 ,0.507 ,0.624 ,0.260 ,0.457 ,0.275 ,0.552 ,0.444 ,0.297 ,0.084 ,0.674 ,0.647 ,0.031 ,0.436 ,0.390 ,0.042 ,0.052 ,0.155 ,0.683 ,0.521 ,0.417 ,0.098 ,0.549 
100898,0.052 ,0.497 ,0.613 ,0.133 ,0.464 ,0.538 ,0.444 ,0.503 ,0.334 ,0.088 ,0.627 ,0.610 ,0.061 ,0.536 ,0.500 ,0.099 ,0.036 ,0.267 ,0.682 ,0.497 ,0.216 ,0.091 ,0.624 
100899,0.313 ,0.516 ,0.124 ,0.003 ,0.305 ,0.673 ,0.112 ,0.588 ,0.264 ,0.246 ,0.282 ,0.075 ,0.479 ,0.318 ,0.501 ,0.596 ,0.010 ,0.418 ,0.576 ,0.374 ,0.016 ,0.013 ,0.554 
100900,0.364 ,0.533 ,0.084 ,0.003 ,0.453 ,0.169 ,0.115 ,0.608 ,0.310 ,0.195 ,0.230 ,0.026 ,0.457 ,0.411 ,0.539 ,0.542 ,0.005 ,0.510 ,0.433 ,0.471 ,0.021 ,0.024 ,0.504 
100901,0.559 ,0.546 ,0.006 ,0.001 ,0.253 ,0.011 ,0.023 ,0.565 ,0.335 ,0.521 ,0.258 ,0.005 ,0.606 ,0.135 ,0.525 ,0.633 ,0.005 ,0.525 ,0.172 ,0.437 ,0.013 ,0.004 ,0.070 
100902,0.589 ,0.552 ,0.001 ,0.000 ,0.289 ,0.003 ,0.005 ,0.501 ,0.240 ,0.583 ,0.346 ,0.002 ,0.559 ,0.099 ,0.410 ,0.584 ,0.009 ,0.434 ,0.094 ,0.298 ,0.008 ,0.001 ,0.015 
100903,0.569 ,0.549 ,0.001 ,0.000 ,0.103 ,0.004 ,0.008 ,0.524 ,0.298 ,0.532 ,0.186 ,0.001 ,0.547 ,0.039 ,0.445 ,0.600 ,0.005 ,0.475 ,0.068 ,0.387 ,0.006 ,0.001 ,0.065 
100904,0.590 ,0.550 ,0.001 ,0.000 ,0.320 ,0.021 ,0.007 ,0.502 ,0.199 ,0.523 ,0.331 ,0.004 ,0.605 ,0.106 ,0.381 ,0.614 ,0.010 ,0.426 ,0.183 ,0.252 ,0.007 ,0.001 ,0.023 
100905,0.590 ,0.536 ,0.006 ,0.000 ,0.222 ,0.054 ,0.014 ,0.517 ,0.222 ,0.499 ,0.244 ,0.007 ,0.637 ,0.080 ,0.415 ,0.671 ,0.009 ,0.422 ,0.240 ,0.254 ,0.007 ,0.003 ,0.048 
100906,0.416 ,0.534 ,0.056 ,0.003 ,0.160 ,0.027 ,0.058 ,0.605 ,0.390 ,0.297 ,0.144 ,0.011 ,0.551 ,0.150 ,0.553 ,0.622 ,0.003 ,0.516 ,0.225 ,0.492 ,0.014 ,0.022 ,0.253 
100907,0.301 ,0.531 ,0.114 ,0.006 ,0.211 ,0.018 ,0.098 ,0.606 ,0.423 ,0.196 ,0.132 ,0.017 ,0.492 ,0.219 ,0.568 ,0.559 ,0.002 ,0.515 ,0.233 ,0.482 ,0.028 ,0.043 ,0.245 
100908,0.370 ,0.533 ,0.138 ,0.022 ,0.450 ,0.020 ,0.140 ,0.590 ,0.420 ,0.334 ,0.244 ,0.045 ,0.531 ,0.439 ,0.584 ,0.579 ,0.003 ,0.551 ,0.316 ,0.493 ,0.070 ,0.041 ,0.121 
100909,0.386 ,0.534 ,0.138 ,0.040 ,0.493 ,0.010 ,0.158 ,0.590 ,0.460 ,0.364 ,0.259 ,0.051 ,0.530 ,0.488 ,0.585 ,0.563 ,0.004 ,0.593 ,0.303 ,0.535 ,0.103 ,0.030 ,0.069 
100910,0.399 ,0.534 ,0.122 ,0.037 ,0.479 ,0.008 ,0.141 ,0.593 ,0.474 ,0.384 ,0.250 ,0.042 ,0.539 ,0.463 ,0.587 ,0.570 ,0.003 ,0.600 ,0.277 ,0.548 ,0.097 ,0.025 ,0.058 
100911,0.468 ,0.534 ,0.101 ,0.034 ,0.478 ,0.018 ,0.100 ,0.566 ,0.445 ,0.442 ,0.280 ,0.067 ,0.544 ,0.439 ,0.573 ,0.590 ,0.006 ,0.555 ,0.293 ,0.500 ,0.091 ,0.030 ,0.050 
100912,0.479 ,0.529 ,0.124 ,0.037 ,0.425 ,0.020 ,0.090 ,0.548 ,0.470 ,0.430 ,0.310 ,0.111 ,0.505 ,0.370 ,0.544 ,0.558 ,0.007 ,0.517 ,0.253 ,0.476 ,0.107 ,0.032 ,0.036 
100913,0.473 ,0.511 ,0.083 ,0.046 ,0.369 ,0.017 ,0.077 ,0.513 ,0.489 ,0.313 ,0.546 ,0.237 ,0.362 ,0.232 ,0.464 ,0.307 ,0.018 ,0.504 ,0.210 ,0.499 ,0.148 ,0.017 ,0.009 
100914,0.377 ,0.526 ,0.239 ,0.086 ,0.493 ,0.063 ,0.224 ,0.522 ,0.483 ,0.356 ,0.311 ,0.240 ,0.374 ,0.483 ,0.530 ,0.481 ,0.007 ,0.498 ,0.328 ,0.437 ,0.242 ,0.053 ,0.054 
100915,0.057 ,0.525 ,0.510 ,0.067 ,0.492 ,0.191 ,0.648 ,0.509 ,0.352 ,0.039 ,0.181 ,0.509 ,0.087 ,0.348 ,0.248 ,0.016 ,0.005 ,0.039 ,0.477 ,0.268 ,0.581 ,0.185 ,0.130 
100916,0.048 ,0.525 ,0.580 ,0.078 ,0.462 ,0.185 ,0.678 ,0.511 ,0.299 ,0.040 ,0.352 ,0.636 ,0.046 ,0.251 ,0.258 ,0.008 ,0.012 ,0.029 ,0.556 ,0.331 ,0.651 ,0.198 ,0.135 
100917,0.316 ,0.453 ,0.581 ,0.261 ,0.414 ,0.015 ,0.295 ,0.404 ,0.527 ,0.228 ,0.213 ,0.676 ,0.149 ,0.309 ,0.296 ,0.182 ,0.018 ,0.337 ,0.295 ,0.363 ,0.488 ,0.060 ,0.017 
100918,0.120 ,0.526 ,0.597 ,0.142 ,0.456 ,0.088 ,0.613 ,0.459 ,0.410 ,0.143 ,0.348 ,0.603 ,0.108 ,0.294 ,0.188 ,0.034 ,0.010 ,0.085 ,0.478 ,0.356 ,0.582 ,0.090 ,0.101 
100919,0.120 ,0.521 ,0.643 ,0.278 ,0.447 ,0.115 ,0.548 ,0.408 ,0.376 ,0.177 ,0.492 ,0.665 ,0.070 ,0.339 ,0.242 ,0.054 ,0.026 ,0.154 ,0.534 ,0.382 ,0.536 ,0.085 ,0.197 
100920,0.077 ,0.515 ,0.610 ,0.333 ,0.461 ,0.216 ,0.559 ,0.478 ,0.359 ,0.160 ,0.671 ,0.642 ,0.059 ,0.462 ,0.433 ,0.091 ,0.043 ,0.274 ,0.665 ,0.536 ,0.442 ,0.057 ,0.431 
100921,0.053 ,0.505 ,0.630 ,0.168 ,0.475 ,0.444 ,0.463 ,0.499 ,0.348 ,0.109 ,0.672 ,0.597 ,0.065 ,0.524 ,0.479 ,0.105 ,0.030 ,0.269 ,0.691 ,0.511 ,0.249 ,0.067 ,0.579 
100922,0.167 ,0.496 ,0.159 ,0.001 ,0.140 ,0.722 ,0.199 ,0.568 ,0.197 ,0.261 ,0.099 ,0.114 ,0.286 ,0.124 ,0.311 ,0.662 ,0.017 ,0.177 ,0.669 ,0.249 ,0.008 ,0.002 ,0.625 
100923,0.393 ,0.518 ,0.036 ,0.001 ,0.199 ,0.462 ,0.031 ,0.561 ,0.207 ,0.394 ,0.194 ,0.026 ,0.584 ,0.135 ,0.437 ,0.714 ,0.010 ,0.356 ,0.472 ,0.260 ,0.005 ,0.003 ,0.354 
100924,0.609 ,0.541 ,0.002 ,0.000 ,0.164 ,0.033 ,0.005 ,0.500 ,0.176 ,0.503 ,0.270 ,0.003 ,0.659 ,0.046 ,0.332 ,0.659 ,0.008 ,0.398 ,0.162 ,0.194 ,0.003 ,0.001 ,0.019 
100925,0.593 ,0.548 ,0.001 ,0.000 ,0.168 ,0.016 ,0.002 ,0.480 ,0.179 ,0.477 ,0.296 ,0.003 ,0.634 ,0.041 ,0.312 ,0.609 ,0.010 ,0.384 ,0.124 ,0.197 ,0.003 ,0.000 ,0.009 
100926,0.600 ,0.543 ,0.002 ,0.000 ,0.181 ,0.038 ,0.006 ,0.499 ,0.186 ,0.510 ,0.226 ,0.004 ,0.651 ,0.050 ,0.361 ,0.673 ,0.009 ,0.395 ,0.189 ,0.219 ,0.004 ,0.001 ,0.036 
100927,0.528 ,0.531 ,0.008 ,0.000 ,0.210 ,0.191 ,0.016 ,0.526 ,0.185 ,0.503 ,0.273 ,0.009 ,0.673 ,0.097 ,0.391 ,0.705 ,0.010 ,0.409 ,0.320 ,0.214 ,0.006 ,0.002 ,0.094 
100928,0.497 ,0.513 ,0.035 ,0.001 ,0.160 ,0.318 ,0.029 ,0.541 ,0.241 ,0.474 ,0.237 ,0.024 ,0.685 ,0.094 ,0.454 ,0.744 ,0.009 ,0.396 ,0.359 ,0.251 ,0.006 ,0.005 ,0.140 
100929,0.437 ,0.516 ,0.111 ,0.003 ,0.232 ,0.241 ,0.063 ,0.585 ,0.286 ,0.327 ,0.200 ,0.035 ,0.594 ,0.221 ,0.511 ,0.676 ,0.006 ,0.441 ,0.398 ,0.367 ,0.012 ,0.018 ,0.348 
100930,0.384 ,0.522 ,0.151 ,0.006 ,0.335 ,0.184 ,0.109 ,0.594 ,0.316 ,0.292 ,0.259 ,0.051 ,0.548 ,0.371 ,0.542 ,0.603 ,0.005 ,0.476 ,0.427 ,0.426 ,0.025 ,0.030 ,0.365 
100931,0.366 ,0.520 ,0.194 ,0.015 ,0.354 ,0.146 ,0.149 ,0.578 ,0.364 ,0.296 ,0.280 ,0.077 ,0.546 ,0.416 ,0.560 ,0.595 ,0.006 ,0.472 ,0.400 ,0.428 ,0.047 ,0.051 ,0.291 
100932,0.359 ,0.527 ,0.228 ,0.040 ,0.491 ,0.110 ,0.232 ,0.576 ,0.395 ,0.344 ,0.418 ,0.133 ,0.519 ,0.565 ,0.569 ,0.548 ,0.007 ,0.522 ,0.440 ,0.488 ,0.098 ,0.052 ,0.208 
100933,0.412 ,0.531 ,0.196 ,0.056 ,0.504 ,0.049 ,0.208 ,0.573 ,0.428 ,0.417 ,0.422 ,0.131 ,0.531 ,0.568 ,0.565 ,0.560 ,0.007 ,0.559 ,0.400 ,0.509 ,0.123 ,0.041 ,0.105 
100934,0.403 ,0.527 ,0.289 ,0.091 ,0.477 ,0.069 ,0.240 ,0.540 ,0.447 ,0.410 ,0.457 ,0.249 ,0.446 ,0.518 ,0.525 ,0.495 ,0.008 ,0.528 ,0.353 ,0.457 ,0.189 ,0.054 ,0.078 
100935,0.460 ,0.518 ,0.242 ,0.074 ,0.413 ,0.032 ,0.140 ,0.522 ,0.487 ,0.386 ,0.383 ,0.257 ,0.417 ,0.376 ,0.508 ,0.467 ,0.008 ,0.502 ,0.246 ,0.449 ,0.171 ,0.045 ,0.037 
100936,0.482 ,0.504 ,0.185 ,0.073 ,0.408 ,0.021 ,0.109 ,0.508 ,0.502 ,0.345 ,0.504 ,0.286 ,0.371 ,0.336 ,0.472 ,0.355 ,0.012 ,0.528 ,0.232 ,0.482 ,0.175 ,0.022 ,0.015 
100937,0.467 ,0.530 ,0.077 ,0.051 ,0.483 ,0.035 ,0.107 ,0.537 ,0.474 ,0.421 ,0.450 ,0.145 ,0.444 ,0.413 ,0.531 ,0.465 ,0.011 ,0.532 ,0.289 ,0.488 ,0.158 ,0.023 ,0.023 
100938,0.044 ,0.522 ,0.538 ,0.074 ,0.408 ,0.219 ,0.632 ,0.541 ,0.343 ,0.030 ,0.162 ,0.555 ,0.063 ,0.311 ,0.307 ,0.011 ,0.005 ,0.023 ,0.469 ,0.257 ,0.645 ,0.203 ,0.140 
100939,0.063 ,0.525 ,0.574 ,0.108 ,0.455 ,0.165 ,0.610 ,0.494 ,0.375 ,0.052 ,0.220 ,0.647 ,0.055 ,0.250 ,0.261 ,0.011 ,0.010 ,0.030 ,0.475 ,0.298 ,0.683 ,0.183 ,0.097 
100940,0.303 ,0.508 ,0.525 ,0.245 ,0.459 ,0.032 ,0.367 ,0.438 ,0.511 ,0.270 ,0.261 ,0.592 ,0.195 ,0.394 ,0.365 ,0.242 ,0.013 ,0.370 ,0.332 ,0.389 ,0.503 ,0.071 ,0.030 
100941,0.093 ,0.525 ,0.606 ,0.142 ,0.469 ,0.147 ,0.648 ,0.469 ,0.414 ,0.116 ,0.407 ,0.604 ,0.098 ,0.322 ,0.202 ,0.028 ,0.010 ,0.077 ,0.524 ,0.375 ,0.569 ,0.109 ,0.145 
100942,0.205 ,0.525 ,0.625 ,0.301 ,0.462 ,0.057 ,0.503 ,0.470 ,0.443 ,0.312 ,0.480 ,0.576 ,0.148 ,0.421 ,0.319 ,0.165 ,0.018 ,0.289 ,0.471 ,0.431 ,0.503 ,0.031 ,0.104 
100943,0.248 ,0.526 ,0.588 ,0.326 ,0.470 ,0.053 ,0.433 ,0.485 ,0.449 ,0.366 ,0.537 ,0.559 ,0.169 ,0.463 ,0.398 ,0.233 ,0.022 ,0.435 ,0.469 ,0.452 ,0.481 ,0.020 ,0.096 
100944,0.119 ,0.511 ,0.584 ,0.241 ,0.476 ,0.403 ,0.521 ,0.490 ,0.399 ,0.187 ,0.644 ,0.602 ,0.109 ,0.515 ,0.491 ,0.164 ,0.034 ,0.351 ,0.642 ,0.478 ,0.351 ,0.083 ,0.391 
100945,0.199 ,0.502 ,0.045 ,0.000 ,0.097 ,0.648 ,0.225 ,0.581 ,0.137 ,0.376 ,0.071 ,0.038 ,0.363 ,0.065 ,0.190 ,0.926 ,0.015 ,0.130 ,0.647 ,0.168 ,0.003 ,0.001 ,0.483 
100946,0.313 ,0.522 ,0.017 ,0.000 ,0.154 ,0.365 ,0.050 ,0.553 ,0.143 ,0.520 ,0.177 ,0.023 ,0.506 ,0.096 ,0.240 ,0.739 ,0.016 ,0.222 ,0.496 ,0.175 ,0.005 ,0.000 ,0.277 
100947,0.521 ,0.539 ,0.002 ,0.000 ,0.148 ,0.054 ,0.003 ,0.498 ,0.122 ,0.500 ,0.294 ,0.003 ,0.657 ,0.045 ,0.268 ,0.686 ,0.009 ,0.310 ,0.192 ,0.124 ,0.002 ,0.000 ,0.017 
100948,0.523 ,0.542 ,0.002 ,0.000 ,0.154 ,0.044 ,0.003 ,0.496 ,0.131 ,0.517 ,0.267 ,0.003 ,0.646 ,0.045 ,0.284 ,0.689 ,0.011 ,0.316 ,0.197 ,0.140 ,0.002 ,0.000 ,0.022 
100949,0.398 ,0.513 ,0.028 ,0.000 ,0.212 ,0.610 ,0.039 ,0.549 ,0.191 ,0.455 ,0.351 ,0.025 ,0.629 ,0.144 ,0.398 ,0.715 ,0.009 ,0.367 ,0.455 ,0.211 ,0.008 ,0.003 ,0.201 
100950,0.171 ,0.488 ,0.304 ,0.002 ,0.199 ,0.817 ,0.132 ,0.586 ,0.232 ,0.218 ,0.240 ,0.145 ,0.348 ,0.224 ,0.471 ,0.564 ,0.010 ,0.272 ,0.609 ,0.274 ,0.012 ,0.010 ,0.588 
100951,0.100 ,0.483 ,0.564 ,0.006 ,0.226 ,0.795 ,0.215 ,0.563 ,0.263 ,0.106 ,0.292 ,0.336 ,0.210 ,0.341 ,0.488 ,0.368 ,0.011 ,0.254 ,0.639 ,0.344 ,0.031 ,0.024 ,0.703 
100952,0.066 ,0.485 ,0.661 ,0.011 ,0.312 ,0.824 ,0.339 ,0.552 ,0.257 ,0.057 ,0.423 ,0.397 ,0.166 ,0.478 ,0.493 ,0.277 ,0.008 ,0.266 ,0.647 ,0.314 ,0.051 ,0.113 ,0.757 
100953,0.101 ,0.498 ,0.597 ,0.028 ,0.401 ,0.674 ,0.472 ,0.549 ,0.291 ,0.084 ,0.495 ,0.418 ,0.196 ,0.561 ,0.506 ,0.267 ,0.008 ,0.317 ,0.599 ,0.385 ,0.109 ,0.147 ,0.661 
100954,0.050 ,0.508 ,0.584 ,0.029 ,0.536 ,0.496 ,0.618 ,0.543 ,0.244 ,0.031 ,0.595 ,0.483 ,0.110 ,0.631 ,0.403 ,0.087 ,0.006 ,0.168 ,0.627 ,0.406 ,0.191 ,0.241 ,0.639 
100955,0.036 ,0.525 ,0.568 ,0.060 ,0.478 ,0.167 ,0.679 ,0.633 ,0.326 ,0.045 ,0.552 ,0.489 ,0.093 ,0.385 ,0.320 ,0.011 ,0.004 ,0.031 ,0.601 ,0.473 ,0.429 ,0.144 ,0.275 
100956,0.041 ,0.528 ,0.541 ,0.073 ,0.410 ,0.112 ,0.676 ,0.651 ,0.335 ,0.057 ,0.502 ,0.460 ,0.099 ,0.331 ,0.312 ,0.013 ,0.004 ,0.032 ,0.578 ,0.498 ,0.466 ,0.103 ,0.198 
100957,0.195 ,0.530 ,0.457 ,0.098 ,0.520 ,0.041 ,0.432 ,0.529 ,0.395 ,0.286 ,0.401 ,0.311 ,0.318 ,0.487 ,0.297 ,0.147 ,0.004 ,0.215 ,0.444 ,0.429 ,0.293 ,0.048 ,0.090 
100958,0.456 ,0.515 ,0.229 ,0.092 ,0.491 ,0.020 ,0.146 ,0.510 ,0.489 ,0.421 ,0.429 ,0.238 ,0.407 ,0.481 ,0.488 ,0.456 ,0.007 ,0.557 ,0.274 ,0.449 ,0.216 ,0.024 ,0.019 
100959,0.516 ,0.534 ,0.046 ,0.036 ,0.461 ,0.009 ,0.047 ,0.537 ,0.459 ,0.447 ,0.488 ,0.095 ,0.506 ,0.369 ,0.521 ,0.483 ,0.011 ,0.548 ,0.231 ,0.519 ,0.106 ,0.013 ,0.011 
100960,0.204 ,0.525 ,0.434 ,0.146 ,0.501 ,0.095 ,0.421 ,0.457 ,0.441 ,0.172 ,0.146 ,0.415 ,0.215 ,0.453 ,0.369 ,0.207 ,0.006 ,0.243 ,0.363 ,0.316 ,0.449 ,0.094 ,0.083 
100961,0.135 ,0.509 ,0.576 ,0.100 ,0.445 ,0.057 ,0.444 ,0.428 ,0.485 ,0.097 ,0.098 ,0.668 ,0.080 ,0.237 ,0.188 ,0.020 ,0.008 ,0.051 ,0.334 ,0.264 ,0.667 ,0.117 ,0.048 
100962,0.367 ,0.509 ,0.417 ,0.209 ,0.477 ,0.025 ,0.294 ,0.472 ,0.524 ,0.343 ,0.284 ,0.463 ,0.284 ,0.444 ,0.438 ,0.371 ,0.009 ,0.496 ,0.298 ,0.422 ,0.402 ,0.046 ,0.024 
100963,0.168 ,0.526 ,0.548 ,0.200 ,0.481 ,0.106 ,0.578 ,0.471 ,0.435 ,0.231 ,0.399 ,0.493 ,0.180 ,0.400 ,0.286 ,0.103 ,0.009 ,0.180 ,0.464 ,0.408 ,0.452 ,0.054 ,0.103 
100964,0.354 ,0.523 ,0.486 ,0.320 ,0.470 ,0.015 ,0.365 ,0.520 ,0.470 ,0.482 ,0.452 ,0.442 ,0.243 ,0.486 ,0.415 ,0.355 ,0.018 ,0.497 ,0.379 ,0.484 ,0.424 ,0.007 ,0.040 
100965,0.240 ,0.525 ,0.578 ,0.300 ,0.467 ,0.044 ,0.523 ,0.492 ,0.448 ,0.359 ,0.462 ,0.531 ,0.180 ,0.440 ,0.343 ,0.211 ,0.016 ,0.328 ,0.456 ,0.456 ,0.467 ,0.023 ,0.086 
100966,0.114 ,0.520 ,0.613 ,0.351 ,0.467 ,0.205 ,0.591 ,0.457 ,0.407 ,0.180 ,0.597 ,0.639 ,0.075 ,0.427 ,0.375 ,0.103 ,0.034 ,0.245 ,0.607 ,0.459 ,0.499 ,0.079 ,0.276 
100967,0.034 ,0.509 ,0.645 ,0.180 ,0.487 ,0.439 ,0.525 ,0.453 ,0.342 ,0.048 ,0.654 ,0.595 ,0.037 ,0.452 ,0.366 ,0.038 ,0.026 ,0.107 ,0.690 ,0.469 ,0.306 ,0.134 ,0.568 
100968,0.036 ,0.477 ,0.700 ,0.005 ,0.282 ,0.838 ,0.209 ,0.522 ,0.237 ,0.042 ,0.367 ,0.432 ,0.098 ,0.411 ,0.481 ,0.242 ,0.010 ,0.184 ,0.746 ,0.364 ,0.028 ,0.030 ,0.795 
100969,0.008 ,0.483 ,0.742 ,0.007 ,0.457 ,0.774 ,0.398 ,0.430 ,0.207 ,0.002 ,0.539 ,0.557 ,0.024 ,0.559 ,0.332 ,0.017 ,0.006 ,0.048 ,0.772 ,0.364 ,0.072 ,0.286 ,0.806 
100970,0.004 ,0.493 ,0.658 ,0.006 ,0.484 ,0.529 ,0.557 ,0.586 ,0.184 ,0.001 ,0.585 ,0.557 ,0.012 ,0.502 ,0.336 ,0.002 ,0.003 ,0.009 ,0.708 ,0.400 ,0.240 ,0.416 ,0.652 
100971,0.007 ,0.511 ,0.615 ,0.022 ,0.520 ,0.286 ,0.605 ,0.611 ,0.204 ,0.004 ,0.711 ,0.602 ,0.012 ,0.399 ,0.303 ,0.002 ,0.007 ,0.014 ,0.695 ,0.504 ,0.379 ,0.240 ,0.529 
100972,0.019 ,0.523 ,0.588 ,0.052 ,0.401 ,0.129 ,0.707 ,0.644 ,0.244 ,0.018 ,0.627 ,0.571 ,0.033 ,0.290 ,0.289 ,0.004 ,0.007 ,0.019 ,0.628 ,0.544 ,0.522 ,0.149 ,0.290 
100973,0.044 ,0.528 ,0.523 ,0.067 ,0.398 ,0.076 ,0.682 ,0.659 ,0.316 ,0.059 ,0.498 ,0.444 ,0.097 ,0.299 ,0.295 ,0.013 ,0.004 ,0.032 ,0.567 ,0.514 ,0.478 ,0.083 ,0.162 
100974,0.132 ,0.530 ,0.475 ,0.108 ,0.452 ,0.006 ,0.450 ,0.682 ,0.474 ,0.261 ,0.321 ,0.242 ,0.267 ,0.351 ,0.289 ,0.037 ,0.002 ,0.076 ,0.435 ,0.568 ,0.324 ,0.013 ,0.047 
100975,0.447 ,0.528 ,0.190 ,0.088 ,0.541 ,0.009 ,0.143 ,0.545 ,0.468 ,0.524 ,0.408 ,0.148 ,0.489 ,0.567 ,0.507 ,0.538 ,0.006 ,0.590 ,0.286 ,0.461 ,0.194 ,0.014 ,0.018 
100976,0.531 ,0.533 ,0.045 ,0.031 ,0.505 ,0.007 ,0.051 ,0.547 ,0.437 ,0.488 ,0.469 ,0.065 ,0.538 ,0.464 ,0.532 ,0.530 ,0.007 ,0.573 ,0.234 ,0.482 ,0.098 ,0.010 ,0.010 
100977,0.522 ,0.528 ,0.039 ,0.035 ,0.573 ,0.005 ,0.056 ,0.557 ,0.446 ,0.535 ,0.454 ,0.052 ,0.543 ,0.565 ,0.544 ,0.552 ,0.006 ,0.587 ,0.223 ,0.471 ,0.121 ,0.006 ,0.007 
100978,0.175 ,0.515 ,0.509 ,0.113 ,0.442 ,0.040 ,0.432 ,0.462 ,0.530 ,0.152 ,0.097 ,0.519 ,0.148 ,0.281 ,0.215 ,0.040 ,0.006 ,0.083 ,0.322 ,0.317 ,0.604 ,0.065 ,0.032 
100979,0.437 ,0.505 ,0.315 ,0.174 ,0.489 ,0.011 ,0.175 ,0.501 ,0.533 ,0.431 ,0.313 ,0.333 ,0.376 ,0.482 ,0.463 ,0.454 ,0.008 ,0.561 ,0.261 ,0.459 ,0.304 ,0.022 ,0.012 
100980,0.348 ,0.515 ,0.406 ,0.216 ,0.479 ,0.020 ,0.283 ,0.491 ,0.515 ,0.412 ,0.278 ,0.359 ,0.307 ,0.448 ,0.372 ,0.316 ,0.009 ,0.381 ,0.304 ,0.424 ,0.384 ,0.017 ,0.021 
100981,0.381 ,0.519 ,0.430 ,0.270 ,0.411 ,0.016 ,0.368 ,0.550 ,0.476 ,0.507 ,0.402 ,0.333 ,0.308 ,0.474 ,0.434 ,0.434 ,0.012 ,0.461 ,0.350 ,0.498 ,0.376 ,0.008 ,0.037 
100982,0.202 ,0.525 ,0.559 ,0.258 ,0.463 ,0.067 ,0.607 ,0.485 ,0.428 ,0.269 ,0.440 ,0.552 ,0.161 ,0.402 ,0.306 ,0.156 ,0.014 ,0.239 ,0.479 ,0.445 ,0.495 ,0.047 ,0.098 
100983,0.052 ,0.521 ,0.611 ,0.203 ,0.422 ,0.138 ,0.661 ,0.440 ,0.328 ,0.059 ,0.489 ,0.617 ,0.033 ,0.236 ,0.195 ,0.015 ,0.028 ,0.053 ,0.614 ,0.418 ,0.574 ,0.111 ,0.238 
100984,0.035 ,0.512 ,0.610 ,0.170 ,0.491 ,0.353 ,0.603 ,0.477 ,0.312 ,0.035 ,0.664 ,0.613 ,0.033 ,0.460 ,0.373 ,0.036 ,0.027 ,0.120 ,0.672 ,0.495 ,0.374 ,0.163 ,0.542 
100985,0.020 ,0.493 ,0.693 ,0.005 ,0.433 ,0.804 ,0.428 ,0.489 ,0.227 ,0.006 ,0.504 ,0.444 ,0.069 ,0.591 ,0.465 ,0.092 ,0.005 ,0.176 ,0.756 ,0.454 ,0.044 ,0.161 ,0.832 
100986,0.026 ,0.508 ,0.600 ,0.011 ,0.549 ,0.525 ,0.514 ,0.554 ,0.223 ,0.010 ,0.665 ,0.443 ,0.080 ,0.650 ,0.368 ,0.048 ,0.003 ,0.125 ,0.691 ,0.511 ,0.082 ,0.165 ,0.775 
100987,0.063 ,0.526 ,0.560 ,0.053 ,0.534 ,0.129 ,0.604 ,0.576 ,0.333 ,0.086 ,0.635 ,0.441 ,0.143 ,0.487 ,0.255 ,0.036 ,0.004 ,0.099 ,0.615 ,0.535 ,0.282 ,0.068 ,0.406 
100988,0.083 ,0.529 ,0.531 ,0.109 ,0.374 ,0.024 ,0.614 ,0.679 ,0.407 ,0.155 ,0.394 ,0.392 ,0.146 ,0.284 ,0.280 ,0.021 ,0.003 ,0.042 ,0.526 ,0.540 ,0.446 ,0.029 ,0.097 
100989,0.114 ,0.530 ,0.510 ,0.113 ,0.371 ,0.006 ,0.496 ,0.714 ,0.447 ,0.256 ,0.325 ,0.299 ,0.219 ,0.306 ,0.287 ,0.031 ,0.002 ,0.053 ,0.464 ,0.564 ,0.375 ,0.013 ,0.054 
100990,0.385 ,0.528 ,0.313 ,0.086 ,0.512 ,0.001 ,0.170 ,0.580 ,0.428 ,0.583 ,0.250 ,0.124 ,0.459 ,0.446 ,0.317 ,0.271 ,0.003 ,0.333 ,0.273 ,0.448 ,0.193 ,0.005 ,0.015 
100991,0.501 ,0.523 ,0.120 ,0.062 ,0.550 ,0.003 ,0.084 ,0.556 ,0.469 ,0.573 ,0.355 ,0.085 ,0.532 ,0.556 ,0.514 ,0.560 ,0.004 ,0.619 ,0.226 ,0.456 ,0.146 ,0.007 ,0.008 
100992,0.549 ,0.537 ,0.030 ,0.020 ,0.499 ,0.005 ,0.036 ,0.551 ,0.412 ,0.511 ,0.451 ,0.042 ,0.559 ,0.415 ,0.536 ,0.545 ,0.007 ,0.572 ,0.216 ,0.487 ,0.069 ,0.008 ,0.010 
100993,0.473 ,0.530 ,0.092 ,0.060 ,0.538 ,0.017 ,0.111 ,0.545 ,0.473 ,0.473 ,0.434 ,0.108 ,0.489 ,0.538 ,0.542 ,0.530 ,0.007 ,0.569 ,0.285 ,0.474 ,0.166 ,0.016 ,0.017 
100994,0.263 ,0.513 ,0.444 ,0.157 ,0.461 ,0.029 ,0.335 ,0.445 ,0.513 ,0.258 ,0.154 ,0.421 ,0.237 ,0.372 ,0.277 ,0.136 ,0.006 ,0.202 ,0.304 ,0.348 ,0.470 ,0.041 ,0.025 
100995,0.509 ,0.489 ,0.212 ,0.144 ,0.502 ,0.003 ,0.103 ,0.521 ,0.537 ,0.502 ,0.298 ,0.208 ,0.448 ,0.517 ,0.473 ,0.504 ,0.007 ,0.591 ,0.215 ,0.471 ,0.239 ,0.008 ,0.004 
100996,0.414 ,0.498 ,0.278 ,0.170 ,0.488 ,0.008 ,0.179 ,0.493 ,0.541 ,0.431 ,0.234 ,0.260 ,0.368 ,0.459 ,0.412 ,0.389 ,0.007 ,0.459 ,0.248 ,0.416 ,0.310 ,0.012 ,0.009 
100997,0.281 ,0.522 ,0.512 ,0.251 ,0.422 ,0.034 ,0.461 ,0.486 ,0.477 ,0.332 ,0.301 ,0.457 ,0.231 ,0.381 ,0.310 ,0.215 ,0.010 ,0.262 ,0.371 ,0.408 ,0.453 ,0.028 ,0.041 
100998,0.075 ,0.523 ,0.595 ,0.116 ,0.397 ,0.108 ,0.658 ,0.464 ,0.319 ,0.064 ,0.327 ,0.626 ,0.047 ,0.186 ,0.166 ,0.014 ,0.018 ,0.042 ,0.536 ,0.348 ,0.639 ,0.108 ,0.091 
100999,0.056 ,0.522 ,0.602 ,0.149 ,0.356 ,0.090 ,0.672 ,0.463 ,0.308 ,0.053 ,0.400 ,0.603 ,0.030 ,0.159 ,0.161 ,0.011 ,0.026 ,0.036 ,0.584 ,0.414 ,0.611 ,0.093 ,0.148 
101000,0.040 ,0.517 ,0.598 ,0.148 ,0.490 ,0.235 ,0.656 ,0.488 ,0.278 ,0.038 ,0.672 ,0.610 ,0.038 ,0.421 ,0.324 ,0.029 ,0.022 ,0.106 ,0.653 ,0.503 ,0.432 ,0.147 ,0.476 
101001,0.028 ,0.501 ,0.657 ,0.050 ,0.520 ,0.578 ,0.554 ,0.501 ,0.255 ,0.019 ,0.633 ,0.609 ,0.046 ,0.571 ,0.374 ,0.039 ,0.012 ,0.106 ,0.686 ,0.408 ,0.217 ,0.246 ,0.682 
101002,0.008 ,0.468 ,0.770 ,0.011 ,0.409 ,0.781 ,0.360 ,0.455 ,0.236 ,0.004 ,0.477 ,0.541 ,0.025 ,0.478 ,0.277 ,0.012 ,0.006 ,0.023 ,0.709 ,0.244 ,0.105 ,0.376 ,0.758 
101003,0.171 ,0.508 ,0.273 ,0.003 ,0.299 ,0.818 ,0.210 ,0.492 ,0.295 ,0.045 ,0.157 ,0.176 ,0.254 ,0.405 ,0.514 ,0.349 ,0.011 ,0.372 ,0.643 ,0.468 ,0.022 ,0.022 ,0.831 
101004,0.214 ,0.527 ,0.315 ,0.022 ,0.533 ,0.183 ,0.221 ,0.625 ,0.297 ,0.321 ,0.597 ,0.166 ,0.406 ,0.656 ,0.524 ,0.454 ,0.006 ,0.476 ,0.587 ,0.579 ,0.060 ,0.010 ,0.461 
101005,0.256 ,0.533 ,0.364 ,0.061 ,0.583 ,0.008 ,0.275 ,0.622 ,0.345 ,0.482 ,0.508 ,0.141 ,0.426 ,0.584 ,0.412 ,0.342 ,0.003 ,0.403 ,0.468 ,0.558 ,0.132 ,0.008 ,0.112 
101006,0.231 ,0.525 ,0.436 ,0.068 ,0.406 ,0.001 ,0.321 ,0.656 ,0.409 ,0.466 ,0.275 ,0.160 ,0.329 ,0.287 ,0.229 ,0.081 ,0.002 ,0.134 ,0.366 ,0.551 ,0.229 ,0.003 ,0.036 
101007,0.326 ,0.521 ,0.395 ,0.064 ,0.310 ,0.000 ,0.228 ,0.658 ,0.425 ,0.590 ,0.197 ,0.110 ,0.372 ,0.261 ,0.228 ,0.117 ,0.002 ,0.164 ,0.274 ,0.548 ,0.194 ,0.001 ,0.021 
101008,0.407 ,0.521 ,0.269 ,0.067 ,0.503 ,0.001 ,0.124 ,0.571 ,0.471 ,0.581 ,0.174 ,0.105 ,0.475 ,0.395 ,0.280 ,0.205 ,0.002 ,0.299 ,0.228 ,0.413 ,0.192 ,0.004 ,0.008 
101009,0.323 ,0.527 ,0.210 ,0.061 ,0.532 ,0.004 ,0.162 ,0.542 ,0.488 ,0.441 ,0.217 ,0.115 ,0.453 ,0.455 ,0.325 ,0.209 ,0.002 ,0.278 ,0.264 ,0.380 ,0.213 ,0.015 ,0.016 
101010,0.579 ,0.540 ,0.013 ,0.007 ,0.481 ,0.002 ,0.017 ,0.541 ,0.354 ,0.503 ,0.475 ,0.021 ,0.565 ,0.332 ,0.498 ,0.523 ,0.006 ,0.555 ,0.166 ,0.431 ,0.038 ,0.004 ,0.006 
101011,0.452 ,0.529 ,0.106 ,0.048 ,0.512 ,0.031 ,0.127 ,0.541 ,0.458 ,0.442 ,0.425 ,0.115 ,0.472 ,0.498 ,0.536 ,0.531 ,0.007 ,0.541 ,0.306 ,0.447 ,0.150 ,0.023 ,0.028 
101012,0.273 ,0.517 ,0.378 ,0.129 ,0.489 ,0.031 ,0.297 ,0.461 ,0.505 ,0.281 ,0.196 ,0.346 ,0.279 ,0.424 ,0.318 ,0.179 ,0.005 ,0.236 ,0.309 ,0.363 ,0.409 ,0.038 ,0.030 
101013,0.407 ,0.508 ,0.257 ,0.147 ,0.498 ,0.007 ,0.173 ,0.500 ,0.530 ,0.431 ,0.231 ,0.231 ,0.389 ,0.471 ,0.412 ,0.394 ,0.006 ,0.448 ,0.252 ,0.415 ,0.297 ,0.014 ,0.010 
101014,0.508 ,0.487 ,0.117 ,0.095 ,0.530 ,0.003 ,0.085 ,0.525 ,0.512 ,0.518 ,0.330 ,0.130 ,0.455 ,0.548 ,0.483 ,0.504 ,0.008 ,0.587 ,0.206 ,0.419 ,0.213 ,0.004 ,0.004 
101015,0.088 ,0.526 ,0.549 ,0.210 ,0.337 ,0.098 ,0.539 ,0.535 ,0.516 ,0.084 ,0.132 ,0.591 ,0.082 ,0.232 ,0.274 ,0.016 ,0.007 ,0.031 ,0.394 ,0.324 ,0.700 ,0.095 ,0.049 
101016,0.041 ,0.525 ,0.550 ,0.099 ,0.339 ,0.152 ,0.678 ,0.547 ,0.322 ,0.031 ,0.321 ,0.602 ,0.042 ,0.201 ,0.266 ,0.008 ,0.011 ,0.021 ,0.548 ,0.351 ,0.661 ,0.147 ,0.103 
101017,0.132 ,0.523 ,0.601 ,0.181 ,0.367 ,0.062 ,0.657 ,0.471 ,0.367 ,0.137 ,0.347 ,0.605 ,0.088 ,0.232 ,0.189 ,0.040 ,0.015 ,0.087 ,0.500 ,0.395 ,0.582 ,0.062 ,0.089 
101018,0.071 ,0.523 ,0.615 ,0.155 ,0.470 ,0.116 ,0.693 ,0.497 ,0.335 ,0.100 ,0.566 ,0.603 ,0.073 ,0.343 ,0.233 ,0.030 ,0.014 ,0.088 ,0.613 ,0.471 ,0.519 ,0.078 ,0.270 
101019,0.041 ,0.507 ,0.634 ,0.056 ,0.523 ,0.435 ,0.613 ,0.509 ,0.237 ,0.037 ,0.671 ,0.612 ,0.065 ,0.576 ,0.356 ,0.043 ,0.011 ,0.121 ,0.657 ,0.431 ,0.278 ,0.209 ,0.619 
101020,0.032 ,0.492 ,0.692 ,0.026 ,0.475 ,0.586 ,0.523 ,0.494 ,0.232 ,0.026 ,0.603 ,0.585 ,0.070 ,0.564 ,0.330 ,0.039 ,0.007 ,0.080 ,0.650 ,0.359 ,0.177 ,0.266 ,0.698 
101021,0.011 ,0.474 ,0.758 ,0.012 ,0.430 ,0.685 ,0.417 ,0.495 ,0.250 ,0.008 ,0.546 ,0.576 ,0.036 ,0.478 ,0.258 ,0.010 ,0.005 ,0.021 ,0.677 ,0.270 ,0.139 ,0.356 ,0.711 
101022,0.004 ,0.459 ,0.774 ,0.009 ,0.408 ,0.773 ,0.342 ,0.522 ,0.252 ,0.002 ,0.420 ,0.549 ,0.013 ,0.461 ,0.332 ,0.003 ,0.004 ,0.006 ,0.698 ,0.228 ,0.130 ,0.485 ,0.725 
101023,0.238 ,0.518 ,0.165 ,0.002 ,0.309 ,0.540 ,0.085 ,0.560 ,0.244 ,0.176 ,0.211 ,0.079 ,0.408 ,0.369 ,0.487 ,0.560 ,0.008 ,0.370 ,0.601 ,0.459 ,0.011 ,0.005 ,0.696 
101024,0.544 ,0.538 ,0.038 ,0.002 ,0.222 ,0.039 ,0.032 ,0.589 ,0.337 ,0.445 ,0.209 ,0.014 ,0.612 ,0.180 ,0.520 ,0.650 ,0.005 ,0.520 ,0.262 ,0.485 ,0.011 ,0.006 ,0.203 
101025,0.529 ,0.542 ,0.064 ,0.017 ,0.450 ,0.004 ,0.055 ,0.619 ,0.371 ,0.650 ,0.472 ,0.027 ,0.596 ,0.455 ,0.548 ,0.581 ,0.004 ,0.618 ,0.265 ,0.565 ,0.043 ,0.002 ,0.042 
101026,0.456 ,0.527 ,0.215 ,0.057 ,0.427 ,0.000 ,0.102 ,0.653 ,0.428 ,0.744 ,0.293 ,0.053 ,0.492 ,0.411 ,0.438 ,0.491 ,0.003 ,0.540 ,0.205 ,0.573 ,0.106 ,0.001 ,0.016 
101027,0.495 ,0.527 ,0.257 ,0.066 ,0.427 ,0.000 ,0.088 ,0.620 ,0.450 ,0.726 ,0.207 ,0.069 ,0.495 ,0.388 ,0.363 ,0.398 ,0.003 ,0.453 ,0.186 ,0.497 ,0.128 ,0.001 ,0.008 
101028,0.541 ,0.480 ,0.137 ,0.050 ,0.507 ,0.000 ,0.046 ,0.553 ,0.479 ,0.611 ,0.197 ,0.066 ,0.537 ,0.467 ,0.412 ,0.433 ,0.003 ,0.567 ,0.151 ,0.392 ,0.103 ,0.002 ,0.002 
101029,0.500 ,0.520 ,0.070 ,0.032 ,0.549 ,0.001 ,0.060 ,0.569 ,0.462 ,0.613 ,0.288 ,0.045 ,0.556 ,0.522 ,0.483 ,0.536 ,0.003 ,0.609 ,0.175 ,0.403 ,0.106 ,0.004 ,0.005 
101030,0.609 ,0.540 ,0.004 ,0.001 ,0.400 ,0.002 ,0.006 ,0.536 ,0.270 ,0.497 ,0.501 ,0.006 ,0.585 ,0.249 ,0.412 ,0.509 ,0.004 ,0.536 ,0.095 ,0.320 ,0.013 ,0.001 ,0.003 
101031,0.526 ,0.531 ,0.019 ,0.007 ,0.491 ,0.014 ,0.041 ,0.543 ,0.359 ,0.480 ,0.504 ,0.029 ,0.548 ,0.432 ,0.472 ,0.548 ,0.006 ,0.539 ,0.215 ,0.367 ,0.052 ,0.006 ,0.012 
101032,0.281 ,0.519 ,0.217 ,0.089 ,0.526 ,0.045 ,0.263 ,0.475 ,0.494 ,0.304 ,0.270 ,0.213 ,0.305 ,0.476 ,0.372 ,0.239 ,0.004 ,0.267 ,0.329 ,0.331 ,0.337 ,0.035 ,0.042 
101033,0.362 ,0.513 ,0.233 ,0.111 ,0.514 ,0.015 ,0.196 ,0.488 ,0.513 ,0.385 ,0.263 ,0.220 ,0.360 ,0.475 ,0.399 ,0.341 ,0.005 ,0.388 ,0.280 ,0.374 ,0.299 ,0.021 ,0.018 
101034,0.536 ,0.473 ,0.083 ,0.070 ,0.532 ,0.001 ,0.057 ,0.531 ,0.491 ,0.516 ,0.343 ,0.101 ,0.470 ,0.567 ,0.464 ,0.495 ,0.008 ,0.588 ,0.169 ,0.405 ,0.171 ,0.002 ,0.002 
101035,0.415 ,0.487 ,0.262 ,0.165 ,0.446 ,0.006 ,0.173 ,0.486 ,0.549 ,0.442 ,0.186 ,0.235 ,0.346 ,0.412 ,0.354 ,0.312 ,0.007 ,0.355 ,0.228 ,0.373 ,0.314 ,0.006 ,0.007 
101036,0.067 ,0.528 ,0.512 ,0.115 ,0.365 ,0.137 ,0.612 ,0.552 ,0.424 ,0.051 ,0.134 ,0.543 ,0.081 ,0.260 ,0.288 ,0.015 ,0.005 ,0.030 ,0.432 ,0.288 ,0.663 ,0.119 ,0.070 
101037,0.184 ,0.525 ,0.497 ,0.145 ,0.428 ,0.034 ,0.515 ,0.532 ,0.454 ,0.239 ,0.314 ,0.369 ,0.226 ,0.311 ,0.233 ,0.084 ,0.005 ,0.128 ,0.415 ,0.437 ,0.424 ,0.028 ,0.059 
101038,0.141 ,0.528 ,0.495 ,0.109 ,0.497 ,0.066 ,0.570 ,0.531 ,0.398 ,0.192 ,0.414 ,0.409 ,0.214 ,0.401 ,0.245 ,0.078 ,0.005 ,0.141 ,0.487 ,0.439 ,0.391 ,0.059 ,0.111 
101039,0.116 ,0.526 ,0.511 ,0.076 ,0.532 ,0.175 ,0.617 ,0.515 ,0.303 ,0.141 ,0.553 ,0.456 ,0.198 ,0.518 ,0.312 ,0.092 ,0.006 ,0.168 ,0.571 ,0.424 ,0.316 ,0.132 ,0.301 
101040,0.170 ,0.522 ,0.479 ,0.069 ,0.529 ,0.197 ,0.512 ,0.540 ,0.330 ,0.200 ,0.565 ,0.394 ,0.288 ,0.601 ,0.428 ,0.248 ,0.006 ,0.312 ,0.546 ,0.430 ,0.214 ,0.113 ,0.335 
101041,0.077 ,0.515 ,0.575 ,0.043 ,0.528 ,0.360 ,0.583 ,0.509 ,0.304 ,0.079 ,0.530 ,0.463 ,0.176 ,0.535 ,0.313 ,0.067 ,0.004 ,0.112 ,0.580 ,0.351 ,0.245 ,0.199 ,0.449 
101042,0.008 ,0.496 ,0.666 ,0.025 ,0.534 ,0.520 ,0.561 ,0.534 ,0.258 ,0.004 ,0.559 ,0.594 ,0.022 ,0.489 ,0.276 ,0.004 ,0.006 ,0.016 ,0.658 ,0.342 ,0.337 ,0.423 ,0.558 
101043,0.004 ,0.490 ,0.654 ,0.028 ,0.456 ,0.544 ,0.470 ,0.550 ,0.224 ,0.002 ,0.582 ,0.601 ,0.007 ,0.417 ,0.333 ,0.002 ,0.010 ,0.007 ,0.692 ,0.368 ,0.317 ,0.431 ,0.573 
101044,0.002 ,0.500 ,0.584 ,0.020 ,0.442 ,0.478 ,0.462 ,0.487 ,0.194 ,0.000 ,0.584 ,0.538 ,0.003 ,0.343 ,0.318 ,0.001 ,0.013 ,0.005 ,0.704 ,0.420 ,0.299 ,0.384 ,0.565 
101045,0.631 ,0.543 ,0.011 ,0.001 ,0.034 ,0.009 ,0.006 ,0.566 ,0.354 ,0.536 ,0.107 ,0.003 ,0.691 ,0.022 ,0.479 ,0.708 ,0.004 ,0.485 ,0.104 ,0.456 ,0.003 ,0.002 ,0.096 
101046,0.649 ,0.551 ,0.012 ,0.002 ,0.089 ,0.002 ,0.008 ,0.571 ,0.400 ,0.610 ,0.233 ,0.005 ,0.664 ,0.063 ,0.515 ,0.637 ,0.004 ,0.556 ,0.110 ,0.548 ,0.008 ,0.001 ,0.036 
101047,0.572 ,0.544 ,0.052 ,0.017 ,0.310 ,0.001 ,0.032 ,0.620 ,0.408 ,0.715 ,0.409 ,0.020 ,0.607 ,0.337 ,0.525 ,0.566 ,0.003 ,0.655 ,0.162 ,0.560 ,0.041 ,0.001 ,0.014 
101048,0.479 ,0.534 ,0.205 ,0.054 ,0.491 ,0.000 ,0.081 ,0.604 ,0.436 ,0.678 ,0.308 ,0.066 ,0.542 ,0.463 ,0.432 ,0.463 ,0.003 ,0.577 ,0.208 ,0.490 ,0.107 ,0.003 ,0.011 
101049,0.481 ,0.488 ,0.171 ,0.044 ,0.512 ,0.001 ,0.067 ,0.531 ,0.472 ,0.545 ,0.203 ,0.083 ,0.520 ,0.448 ,0.349 ,0.322 ,0.002 ,0.438 ,0.179 ,0.365 ,0.112 ,0.005 ,0.005 
101050,0.594 ,0.505 ,0.030 ,0.009 ,0.506 ,0.000 ,0.022 ,0.571 ,0.404 ,0.617 ,0.362 ,0.021 ,0.596 ,0.483 ,0.451 ,0.535 ,0.003 ,0.663 ,0.111 ,0.363 ,0.044 ,0.001 ,0.002 
101051,0.628 ,0.546 ,0.000 ,0.000 ,0.182 ,0.000 ,0.001 ,0.500 ,0.177 ,0.383 ,0.509 ,0.001 ,0.592 ,0.060 ,0.288 ,0.457 ,0.004 ,0.475 ,0.035 ,0.186 ,0.002 ,0.000 ,0.000 
101052,0.604 ,0.527 ,0.006 ,0.001 ,0.402 ,0.004 ,0.009 ,0.525 ,0.253 ,0.439 ,0.567 ,0.009 ,0.587 ,0.276 ,0.368 ,0.502 ,0.004 ,0.528 ,0.120 ,0.264 ,0.014 ,0.001 ,0.003 
101053,0.285 ,0.515 ,0.224 ,0.055 ,0.518 ,0.054 ,0.242 ,0.466 ,0.468 ,0.290 ,0.289 ,0.210 ,0.302 ,0.467 ,0.360 ,0.231 ,0.003 ,0.240 ,0.322 ,0.291 ,0.280 ,0.044 ,0.055 
101054,0.276 ,0.515 ,0.325 ,0.090 ,0.503 ,0.033 ,0.271 ,0.457 ,0.489 ,0.273 ,0.209 ,0.299 ,0.283 ,0.434 ,0.322 ,0.178 ,0.004 ,0.224 ,0.306 ,0.339 ,0.357 ,0.046 ,0.040 
101055,0.388 ,0.504 ,0.247 ,0.153 ,0.490 ,0.008 ,0.186 ,0.489 ,0.543 ,0.407 ,0.191 ,0.230 ,0.360 ,0.443 ,0.376 ,0.327 ,0.005 ,0.364 ,0.249 ,0.392 ,0.318 ,0.013 ,0.010 
101056,0.491 ,0.487 ,0.142 ,0.125 ,0.381 ,0.002 ,0.113 ,0.518 ,0.565 ,0.527 ,0.152 ,0.125 ,0.435 ,0.434 ,0.395 ,0.415 ,0.005 ,0.382 ,0.171 ,0.382 ,0.266 ,0.002 ,0.004 
101057,0.462 ,0.502 ,0.151 ,0.102 ,0.455 ,0.001 ,0.105 ,0.530 ,0.543 ,0.528 ,0.144 ,0.107 ,0.481 ,0.446 ,0.377 ,0.370 ,0.003 ,0.363 ,0.188 ,0.386 ,0.224 ,0.004 ,0.004 
101058,0.364 ,0.519 ,0.265 ,0.086 ,0.484 ,0.002 ,0.154 ,0.533 ,0.532 ,0.428 ,0.119 ,0.143 ,0.445 ,0.390 ,0.306 ,0.204 ,0.002 ,0.258 ,0.217 ,0.410 ,0.265 ,0.013 ,0.008 
101059,0.306 ,0.526 ,0.377 ,0.133 ,0.493 ,0.007 ,0.320 ,0.565 ,0.436 ,0.448 ,0.335 ,0.208 ,0.387 ,0.469 ,0.331 ,0.276 ,0.004 ,0.297 ,0.352 ,0.473 ,0.265 ,0.012 ,0.036 
101060,0.176 ,0.530 ,0.425 ,0.080 ,0.511 ,0.025 ,0.486 ,0.547 ,0.368 ,0.236 ,0.394 ,0.320 ,0.291 ,0.459 ,0.266 ,0.115 ,0.004 ,0.184 ,0.449 ,0.426 ,0.312 ,0.061 ,0.078 
101061,0.287 ,0.531 ,0.352 ,0.113 ,0.542 ,0.016 ,0.357 ,0.572 ,0.405 ,0.409 ,0.447 ,0.233 ,0.418 ,0.587 ,0.434 ,0.383 ,0.005 ,0.449 ,0.416 ,0.503 ,0.227 ,0.032 ,0.069 
101062,0.267 ,0.530 ,0.378 ,0.118 ,0.542 ,0.045 ,0.418 ,0.565 ,0.400 ,0.363 ,0.508 ,0.275 ,0.387 ,0.600 ,0.475 ,0.409 ,0.006 ,0.476 ,0.467 ,0.508 ,0.236 ,0.044 ,0.114 
101063,0.064 ,0.522 ,0.529 ,0.046 ,0.533 ,0.248 ,0.622 ,0.516 ,0.325 ,0.060 ,0.482 ,0.444 ,0.151 ,0.479 ,0.272 ,0.041 ,0.004 ,0.085 ,0.562 ,0.360 ,0.333 ,0.204 ,0.329 
101064,0.029 ,0.513 ,0.625 ,0.032 ,0.530 ,0.312 ,0.670 ,0.522 ,0.246 ,0.022 ,0.611 ,0.588 ,0.056 ,0.451 ,0.242 ,0.011 ,0.007 ,0.040 ,0.627 ,0.382 ,0.424 ,0.277 ,0.446 
101065,0.007 ,0.510 ,0.606 ,0.021 ,0.454 ,0.244 ,0.608 ,0.620 ,0.161 ,0.004 ,0.727 ,0.606 ,0.011 ,0.360 ,0.300 ,0.002 ,0.009 ,0.010 ,0.689 ,0.496 ,0.423 ,0.248 ,0.494 
101066,0.004 ,0.510 ,0.572 ,0.022 ,0.432 ,0.277 ,0.564 ,0.577 ,0.161 ,0.002 ,0.699 ,0.560 ,0.005 ,0.303 ,0.294 ,0.001 ,0.013 ,0.007 ,0.693 ,0.489 ,0.395 ,0.272 ,0.495 
101067,0.003 ,0.508 ,0.571 ,0.024 ,0.423 ,0.353 ,0.518 ,0.539 ,0.195 ,0.001 ,0.654 ,0.540 ,0.004 ,0.304 ,0.307 ,0.001 ,0.012 ,0.006 ,0.696 ,0.497 ,0.346 ,0.291 ,0.516 
101068,0.608 ,0.544 ,0.037 ,0.006 ,0.139 ,0.003 ,0.013 ,0.584 ,0.380 ,0.618 ,0.324 ,0.013 ,0.677 ,0.127 ,0.506 ,0.622 ,0.004 ,0.573 ,0.150 ,0.538 ,0.011 ,0.001 ,0.034 
101069,0.544 ,0.543 ,0.057 ,0.010 ,0.362 ,0.002 ,0.015 ,0.577 ,0.321 ,0.622 ,0.488 ,0.023 ,0.634 ,0.333 ,0.477 ,0.548 ,0.004 ,0.593 ,0.197 ,0.480 ,0.021 ,0.001 ,0.018 
101070,0.558 ,0.541 ,0.101 ,0.018 ,0.373 ,0.003 ,0.031 ,0.592 ,0.368 ,0.635 ,0.467 ,0.035 ,0.634 ,0.369 ,0.501 ,0.559 ,0.003 ,0.633 ,0.209 ,0.531 ,0.032 ,0.002 ,0.027 
101071,0.421 ,0.536 ,0.280 ,0.038 ,0.510 ,0.007 ,0.126 ,0.583 ,0.358 ,0.553 ,0.450 ,0.098 ,0.549 ,0.523 ,0.465 ,0.483 ,0.002 ,0.560 ,0.314 ,0.453 ,0.076 ,0.012 ,0.056 
101072,0.580 ,0.528 ,0.047 ,0.009 ,0.451 ,0.002 ,0.030 ,0.565 ,0.395 ,0.597 ,0.393 ,0.023 ,0.610 ,0.402 ,0.467 ,0.572 ,0.002 ,0.635 ,0.150 ,0.362 ,0.038 ,0.004 ,0.008 
101073,0.595 ,0.551 ,0.000 ,0.000 ,0.211 ,0.000 ,0.000 ,0.518 ,0.151 ,0.429 ,0.565 ,0.000 ,0.590 ,0.072 ,0.290 ,0.475 ,0.004 ,0.456 ,0.030 ,0.152 ,0.002 ,0.000 ,0.000 
101074,0.619 ,0.532 ,0.004 ,0.000 ,0.284 ,0.005 ,0.008 ,0.529 ,0.243 ,0.476 ,0.456 ,0.005 ,0.609 ,0.146 ,0.363 ,0.567 ,0.003 ,0.481 ,0.108 ,0.256 ,0.008 ,0.002 ,0.005 
101075,0.266 ,0.507 ,0.359 ,0.046 ,0.487 ,0.066 ,0.264 ,0.441 ,0.440 ,0.240 ,0.263 ,0.301 ,0.259 ,0.414 ,0.317 ,0.178 ,0.003 ,0.178 ,0.298 ,0.266 ,0.269 ,0.072 ,0.077 
101076,0.221 ,0.515 ,0.451 ,0.065 ,0.487 ,0.057 ,0.331 ,0.449 ,0.461 ,0.191 ,0.180 ,0.396 ,0.218 ,0.401 ,0.277 ,0.108 ,0.004 ,0.141 ,0.311 ,0.285 ,0.388 ,0.087 ,0.074 
101077,0.207 ,0.518 ,0.415 ,0.081 ,0.486 ,0.035 ,0.325 ,0.491 ,0.543 ,0.199 ,0.138 ,0.364 ,0.226 ,0.359 ,0.246 ,0.066 ,0.003 ,0.111 ,0.311 ,0.335 ,0.479 ,0.052 ,0.036 
101078,0.230 ,0.517 ,0.239 ,0.097 ,0.479 ,0.016 ,0.256 ,0.536 ,0.610 ,0.259 ,0.123 ,0.216 ,0.291 ,0.354 ,0.274 ,0.074 ,0.003 ,0.123 ,0.282 ,0.367 ,0.488 ,0.018 ,0.015 
101079,0.273 ,0.525 ,0.168 ,0.066 ,0.490 ,0.003 ,0.173 ,0.574 ,0.583 ,0.317 ,0.089 ,0.100 ,0.407 ,0.367 ,0.300 ,0.110 ,0.002 ,0.167 ,0.232 ,0.393 ,0.341 ,0.012 ,0.009 
101080,0.521 ,0.511 ,0.069 ,0.044 ,0.354 ,0.000 ,0.053 ,0.589 ,0.582 ,0.655 ,0.096 ,0.032 ,0.577 ,0.315 ,0.411 ,0.404 ,0.002 ,0.427 ,0.092 ,0.434 ,0.133 ,0.002 ,0.002 
101081,0.274 ,0.527 ,0.308 ,0.049 ,0.438 ,0.001 ,0.180 ,0.595 ,0.554 ,0.341 ,0.086 ,0.148 ,0.407 ,0.290 ,0.258 ,0.083 ,0.001 ,0.152 ,0.217 ,0.406 ,0.290 ,0.019 ,0.009 
101082,0.306 ,0.529 ,0.380 ,0.097 ,0.496 ,0.005 ,0.283 ,0.535 ,0.436 ,0.394 ,0.249 ,0.232 ,0.399 ,0.444 ,0.299 ,0.208 ,0.003 ,0.271 ,0.321 ,0.415 ,0.269 ,0.027 ,0.023 
101083,0.405 ,0.529 ,0.309 ,0.138 ,0.525 ,0.006 ,0.210 ,0.552 ,0.478 ,0.502 ,0.335 ,0.208 ,0.473 ,0.549 ,0.473 ,0.520 ,0.005 ,0.570 ,0.303 ,0.470 ,0.240 ,0.023 ,0.019 
101084,0.349 ,0.527 ,0.308 ,0.123 ,0.541 ,0.007 ,0.307 ,0.595 ,0.435 ,0.469 ,0.413 ,0.154 ,0.448 ,0.560 ,0.474 ,0.478 ,0.005 ,0.518 ,0.365 ,0.531 ,0.214 ,0.017 ,0.044 
101085,0.247 ,0.531 ,0.350 ,0.088 ,0.546 ,0.023 ,0.396 ,0.573 ,0.387 ,0.318 ,0.457 ,0.228 ,0.404 ,0.597 ,0.439 ,0.354 ,0.004 ,0.413 ,0.448 ,0.496 ,0.209 ,0.050 ,0.101 
101086,0.268 ,0.529 ,0.437 ,0.098 ,0.524 ,0.053 ,0.397 ,0.535 ,0.365 ,0.358 ,0.520 ,0.354 ,0.354 ,0.572 ,0.394 ,0.301 ,0.005 ,0.387 ,0.448 ,0.441 ,0.234 ,0.055 ,0.136 
101087,0.041 ,0.524 ,0.565 ,0.030 ,0.533 ,0.118 ,0.708 ,0.597 ,0.248 ,0.045 ,0.648 ,0.513 ,0.082 ,0.409 ,0.215 ,0.011 ,0.005 ,0.049 ,0.628 ,0.511 ,0.401 ,0.125 ,0.351 
101088,0.010 ,0.518 ,0.583 ,0.025 ,0.429 ,0.139 ,0.665 ,0.647 ,0.165 ,0.006 ,0.727 ,0.596 ,0.014 ,0.306 ,0.280 ,0.002 ,0.009 ,0.013 ,0.675 ,0.539 ,0.475 ,0.183 ,0.403 
101089,0.008 ,0.518 ,0.581 ,0.037 ,0.409 ,0.140 ,0.620 ,0.639 ,0.203 ,0.005 ,0.715 ,0.574 ,0.009 ,0.265 ,0.277 ,0.002 ,0.010 ,0.011 ,0.674 ,0.578 ,0.455 ,0.149 ,0.422 
101090,0.007 ,0.513 ,0.624 ,0.031 ,0.471 ,0.246 ,0.589 ,0.637 ,0.232 ,0.005 ,0.723 ,0.611 ,0.014 ,0.371 ,0.305 ,0.002 ,0.006 ,0.013 ,0.697 ,0.548 ,0.389 ,0.168 ,0.524 
101091,0.169 ,0.531 ,0.219 ,0.082 ,0.490 ,0.005 ,0.212 ,0.626 ,0.553 ,0.173 ,0.059 ,0.110 ,0.320 ,0.363 ,0.340 ,0.050 ,0.001 ,0.089 ,0.258 ,0.380 ,0.362 ,0.029 ,0.020 
101092,0.182 ,0.533 ,0.270 ,0.073 ,0.371 ,0.002 ,0.188 ,0.663 ,0.571 ,0.203 ,0.045 ,0.129 ,0.334 ,0.272 ,0.350 ,0.047 ,0.001 ,0.078 ,0.212 ,0.394 ,0.365 ,0.025 ,0.012 
101093,0.275 ,0.527 ,0.285 ,0.037 ,0.413 ,0.001 ,0.148 ,0.602 ,0.569 ,0.323 ,0.062 ,0.131 ,0.411 ,0.270 ,0.267 ,0.078 ,0.001 ,0.145 ,0.186 ,0.393 ,0.272 ,0.021 ,0.008 
101094,0.333 ,0.526 ,0.256 ,0.050 ,0.433 ,0.001 ,0.137 ,0.561 ,0.539 ,0.405 ,0.098 ,0.110 ,0.458 ,0.328 ,0.293 ,0.162 ,0.001 ,0.245 ,0.187 ,0.410 ,0.214 ,0.017 ,0.008 
101095,0.399 ,0.518 ,0.286 ,0.088 ,0.492 ,0.002 ,0.141 ,0.524 ,0.502 ,0.434 ,0.148 ,0.169 ,0.458 ,0.444 ,0.364 ,0.337 ,0.002 ,0.380 ,0.218 ,0.408 ,0.224 ,0.019 ,0.009 
101096,0.334 ,0.530 ,0.306 ,0.095 ,0.516 ,0.005 ,0.240 ,0.562 ,0.448 ,0.437 ,0.280 ,0.158 ,0.452 ,0.495 ,0.397 ,0.362 ,0.003 ,0.401 ,0.301 ,0.450 ,0.209 ,0.025 ,0.025 
101097,0.276 ,0.532 ,0.308 ,0.080 ,0.543 ,0.008 ,0.330 ,0.589 ,0.398 ,0.360 ,0.402 ,0.167 ,0.431 ,0.552 ,0.436 ,0.367 ,0.003 ,0.437 ,0.396 ,0.502 ,0.185 ,0.038 ,0.065 
101098,0.400 ,0.526 ,0.353 ,0.112 ,0.508 ,0.009 ,0.204 ,0.523 ,0.462 ,0.448 ,0.372 ,0.262 ,0.438 ,0.522 ,0.446 ,0.454 ,0.005 ,0.532 ,0.298 ,0.432 ,0.240 ,0.033 ,0.027 
101099,0.158 ,0.530 ,0.452 ,0.074 ,0.523 ,0.023 ,0.520 ,0.568 ,0.332 ,0.249 ,0.491 ,0.334 ,0.274 ,0.484 ,0.258 ,0.103 ,0.004 ,0.179 ,0.504 ,0.474 ,0.287 ,0.046 ,0.126 
101100,0.043 ,0.526 ,0.532 ,0.049 ,0.506 ,0.079 ,0.699 ,0.631 ,0.271 ,0.052 ,0.600 ,0.461 ,0.092 ,0.361 ,0.240 ,0.011 ,0.004 ,0.043 ,0.598 ,0.534 ,0.419 ,0.093 ,0.253 
101101,0.033 ,0.523 ,0.571 ,0.040 ,0.498 ,0.074 ,0.728 ,0.584 ,0.239 ,0.033 ,0.687 ,0.527 ,0.046 ,0.349 ,0.200 ,0.010 ,0.008 ,0.054 ,0.630 ,0.585 ,0.431 ,0.076 ,0.378 
101102,0.028 ,0.521 ,0.599 ,0.033 ,0.520 ,0.119 ,0.702 ,0.580 ,0.236 ,0.028 ,0.717 ,0.558 ,0.047 ,0.418 ,0.211 ,0.009 ,0.007 ,0.052 ,0.658 ,0.566 ,0.398 ,0.101 ,0.468 
101103,0.201 ,0.534 ,0.271 ,0.054 ,0.406 ,0.002 ,0.174 ,0.655 ,0.583 ,0.233 ,0.053 ,0.119 ,0.357 ,0.265 ,0.346 ,0.048 ,0.001 ,0.088 ,0.194 ,0.393 ,0.315 ,0.027 ,0.012 
101104,0.486 ,0.526 ,0.098 ,0.043 ,0.233 ,0.000 ,0.058 ,0.600 ,0.600 ,0.617 ,0.104 ,0.033 ,0.583 ,0.209 ,0.460 ,0.447 ,0.001 ,0.511 ,0.096 ,0.499 ,0.102 ,0.006 ,0.004 
101105,0.470 ,0.521 ,0.135 ,0.064 ,0.335 ,0.000 ,0.075 ,0.584 ,0.583 ,0.576 ,0.087 ,0.051 ,0.554 ,0.286 ,0.423 ,0.404 ,0.001 ,0.447 ,0.118 ,0.473 ,0.137 ,0.006 ,0.004 
101106,0.413 ,0.522 ,0.230 ,0.067 ,0.451 ,0.001 ,0.115 ,0.553 ,0.521 ,0.480 ,0.113 ,0.104 ,0.495 ,0.386 ,0.372 ,0.315 ,0.002 ,0.374 ,0.179 ,0.439 ,0.179 ,0.014 ,0.007 
101107,0.388 ,0.526 ,0.286 ,0.085 ,0.507 ,0.003 ,0.161 ,0.538 ,0.479 ,0.447 ,0.211 ,0.165 ,0.465 ,0.478 ,0.407 ,0.404 ,0.003 ,0.447 ,0.247 ,0.423 ,0.212 ,0.026 ,0.015 
101108,0.414 ,0.520 ,0.299 ,0.103 ,0.503 ,0.004 ,0.155 ,0.520 ,0.493 ,0.427 ,0.223 ,0.209 ,0.452 ,0.495 ,0.442 ,0.457 ,0.003 ,0.496 ,0.248 ,0.429 ,0.222 ,0.030 ,0.015 
101109,0.317 ,0.530 ,0.407 ,0.095 ,0.508 ,0.012 ,0.288 ,0.509 ,0.418 ,0.372 ,0.344 ,0.307 ,0.382 ,0.500 ,0.337 ,0.274 ,0.004 ,0.339 ,0.339 ,0.396 ,0.269 ,0.046 ,0.042 
101110,0.142 ,0.530 ,0.447 ,0.058 ,0.517 ,0.013 ,0.530 ,0.587 ,0.325 ,0.225 ,0.469 ,0.314 ,0.253 ,0.430 ,0.226 ,0.067 ,0.003 ,0.135 ,0.504 ,0.494 ,0.295 ,0.037 ,0.105 
101111,0.137 ,0.528 ,0.472 ,0.073 ,0.508 ,0.025 ,0.609 ,0.571 ,0.291 ,0.202 ,0.514 ,0.386 ,0.195 ,0.415 ,0.233 ,0.068 ,0.005 ,0.140 ,0.542 ,0.500 ,0.352 ,0.040 ,0.151 
101112,0.221 ,0.534 ,0.187 ,0.023 ,0.395 ,0.002 ,0.151 ,0.622 ,0.579 ,0.243 ,0.060 ,0.069 ,0.392 ,0.253 ,0.318 ,0.073 ,0.001 ,0.133 ,0.184 ,0.403 ,0.245 ,0.026 ,0.016 
101113,0.466 ,0.528 ,0.057 ,0.033 ,0.178 ,0.000 ,0.055 ,0.615 ,0.622 ,0.613 ,0.084 ,0.019 ,0.594 ,0.161 ,0.481 ,0.449 ,0.001 ,0.500 ,0.082 ,0.500 ,0.093 ,0.004 ,0.004 
101114,0.500 ,0.524 ,0.058 ,0.039 ,0.147 ,0.000 ,0.050 ,0.614 ,0.640 ,0.629 ,0.060 ,0.018 ,0.604 ,0.137 ,0.487 ,0.469 ,0.001 ,0.510 ,0.069 ,0.520 ,0.095 ,0.003 ,0.003 
101115,0.370 ,0.529 ,0.113 ,0.034 ,0.208 ,0.000 ,0.083 ,0.589 ,0.594 ,0.450 ,0.045 ,0.036 ,0.529 ,0.162 ,0.387 ,0.247 ,0.001 ,0.334 ,0.101 ,0.469 ,0.141 ,0.008 ,0.006 
101116,0.324 ,0.526 ,0.213 ,0.053 ,0.447 ,0.001 ,0.136 ,0.554 ,0.538 ,0.368 ,0.077 ,0.096 ,0.447 ,0.346 ,0.320 ,0.178 ,0.001 ,0.247 ,0.190 ,0.405 ,0.229 ,0.016 ,0.009 
101117,0.430 ,0.512 ,0.285 ,0.091 ,0.498 ,0.002 ,0.124 ,0.515 ,0.508 ,0.449 ,0.197 ,0.185 ,0.464 ,0.474 ,0.394 ,0.400 ,0.003 ,0.449 ,0.218 ,0.424 ,0.205 ,0.019 ,0.009 
101118,0.442 ,0.499 ,0.339 ,0.112 ,0.483 ,0.003 ,0.136 ,0.501 ,0.506 ,0.431 ,0.221 ,0.256 ,0.432 ,0.466 ,0.399 ,0.409 ,0.004 ,0.487 ,0.230 ,0.421 ,0.223 ,0.024 ,0.010 
101119,0.351 ,0.528 ,0.384 ,0.112 ,0.508 ,0.006 ,0.260 ,0.521 ,0.438 ,0.425 ,0.320 ,0.292 ,0.405 ,0.498 ,0.351 ,0.332 ,0.004 ,0.393 ,0.324 ,0.415 ,0.268 ,0.034 ,0.029 
101120,0.216 ,0.529 ,0.433 ,0.089 ,0.519 ,0.010 ,0.477 ,0.571 ,0.338 ,0.331 ,0.444 ,0.308 ,0.293 ,0.458 ,0.259 ,0.132 ,0.004 ,0.210 ,0.464 ,0.490 ,0.283 ,0.026 ,0.084 
101121,0.293 ,0.530 ,0.060 ,0.029 ,0.177 ,0.000 ,0.093 ,0.619 ,0.641 ,0.368 ,0.040 ,0.020 ,0.508 ,0.129 ,0.379 ,0.160 ,0.001 ,0.260 ,0.101 ,0.460 ,0.155 ,0.007 ,0.008 
101122,0.462 ,0.524 ,0.042 ,0.037 ,0.136 ,0.000 ,0.053 ,0.616 ,0.645 ,0.576 ,0.049 ,0.014 ,0.593 ,0.125 ,0.481 ,0.441 ,0.001 ,0.478 ,0.065 ,0.513 ,0.105 ,0.003 ,0.004 
101123,0.472 ,0.525 ,0.060 ,0.043 ,0.189 ,0.000 ,0.057 ,0.606 ,0.626 ,0.581 ,0.056 ,0.021 ,0.583 ,0.166 ,0.487 ,0.456 ,0.001 ,0.496 ,0.081 ,0.507 ,0.114 ,0.004 ,0.004 
101124,0.470 ,0.518 ,0.085 ,0.064 ,0.380 ,0.000 ,0.075 ,0.581 ,0.593 ,0.559 ,0.074 ,0.040 ,0.546 ,0.312 ,0.419 ,0.351 ,0.001 ,0.375 ,0.118 ,0.436 ,0.163 ,0.004 ,0.003 
101125,0.417 ,0.515 ,0.198 ,0.083 ,0.490 ,0.001 ,0.114 ,0.537 ,0.529 ,0.475 ,0.111 ,0.107 ,0.482 ,0.413 ,0.359 ,0.290 ,0.002 ,0.337 ,0.192 ,0.408 ,0.215 ,0.009 ,0.005 
101126,0.482 ,0.502 ,0.262 ,0.105 ,0.495 ,0.001 ,0.096 ,0.529 ,0.522 ,0.506 ,0.199 ,0.171 ,0.492 ,0.474 ,0.446 ,0.493 ,0.003 ,0.557 ,0.197 ,0.456 ,0.184 ,0.013 ,0.005 
101127,0.472 ,0.493 ,0.326 ,0.129 ,0.481 ,0.001 ,0.118 ,0.513 ,0.522 ,0.475 ,0.202 ,0.240 ,0.459 ,0.471 ,0.407 ,0.459 ,0.004 ,0.529 ,0.216 ,0.440 ,0.217 ,0.016 ,0.006 
101128,0.158 ,0.529 ,0.058 ,0.071 ,0.237 ,0.001 ,0.143 ,0.656 ,0.635 ,0.140 ,0.023 ,0.028 ,0.374 ,0.148 ,0.325 ,0.057 ,0.000 ,0.115 ,0.154 ,0.446 ,0.330 ,0.010 ,0.014 
101129,0.242 ,0.528 ,0.083 ,0.053 ,0.199 ,0.001 ,0.112 ,0.608 ,0.618 ,0.250 ,0.024 ,0.030 ,0.453 ,0.136 ,0.340 ,0.116 ,0.001 ,0.204 ,0.117 ,0.460 ,0.248 ,0.007 ,0.008 
101130,0.549 ,0.514 ,0.038 ,0.050 ,0.096 ,0.000 ,0.044 ,0.618 ,0.655 ,0.623 ,0.040 ,0.013 ,0.621 ,0.116 ,0.516 ,0.520 ,0.001 ,0.513 ,0.052 ,0.525 ,0.108 ,0.001 ,0.002 
101131,0.554 ,0.511 ,0.049 ,0.053 ,0.099 ,0.000 ,0.047 ,0.611 ,0.661 ,0.627 ,0.035 ,0.017 ,0.613 ,0.121 ,0.447 ,0.415 ,0.001 ,0.400 ,0.054 ,0.496 ,0.121 ,0.001 ,0.002 
101132,0.506 ,0.516 ,0.091 ,0.061 ,0.303 ,0.000 ,0.062 ,0.587 ,0.605 ,0.610 ,0.071 ,0.038 ,0.567 ,0.267 ,0.440 ,0.423 ,0.001 ,0.440 ,0.101 ,0.468 ,0.143 ,0.003 ,0.003 
101133,0.528 ,0.518 ,0.120 ,0.065 ,0.334 ,0.000 ,0.057 ,0.584 ,0.595 ,0.623 ,0.090 ,0.048 ,0.573 ,0.297 ,0.470 ,0.511 ,0.002 ,0.550 ,0.106 ,0.497 ,0.129 ,0.004 ,0.003 
101134,0.483 ,0.518 ,0.201 ,0.073 ,0.447 ,0.001 ,0.075 ,0.560 ,0.538 ,0.551 ,0.147 ,0.096 ,0.530 ,0.409 ,0.454 ,0.486 ,0.002 ,0.554 ,0.160 ,0.475 ,0.140 ,0.011 ,0.005 
101135,0.151 ,0.529 ,0.108 ,0.109 ,0.351 ,0.002 ,0.169 ,0.637 ,0.585 ,0.127 ,0.023 ,0.058 ,0.338 ,0.234 ,0.307 ,0.046 ,0.001 ,0.094 ,0.187 ,0.433 ,0.405 ,0.013 ,0.013 
101136,0.419 ,0.520 ,0.049 ,0.051 ,0.152 ,0.000 ,0.067 ,0.604 ,0.638 ,0.498 ,0.034 ,0.019 ,0.565 ,0.130 ,0.415 ,0.275 ,0.001 ,0.335 ,0.072 ,0.478 ,0.149 ,0.003 ,0.003 
101137,0.587 ,0.509 ,0.032 ,0.045 ,0.050 ,0.000 ,0.034 ,0.627 ,0.682 ,0.664 ,0.030 ,0.010 ,0.649 ,0.074 ,0.500 ,0.505 ,0.001 ,0.488 ,0.035 ,0.538 ,0.095 ,0.001 ,0.001 
101138,0.654 ,0.508 ,0.033 ,0.032 ,0.050 ,0.000 ,0.026 ,0.628 ,0.685 ,0.744 ,0.041 ,0.010 ,0.666 ,0.083 ,0.547 ,0.610 ,0.001 ,0.588 ,0.032 ,0.562 ,0.074 ,0.001 ,0.001 
101139,0.658 ,0.508 ,0.044 ,0.035 ,0.079 ,0.000 ,0.026 ,0.624 ,0.667 ,0.748 ,0.056 ,0.013 ,0.654 ,0.115 ,0.544 ,0.614 ,0.001 ,0.610 ,0.040 ,0.540 ,0.076 ,0.001 ,0.001 
101140,0.502 ,0.525 ,0.069 ,0.042 ,0.216 ,0.000 ,0.050 ,0.605 ,0.617 ,0.631 ,0.083 ,0.024 ,0.593 ,0.193 ,0.500 ,0.503 ,0.001 ,0.557 ,0.085 ,0.510 ,0.100 ,0.004 ,0.003 
101141,0.148 ,0.531 ,0.194 ,0.105 ,0.412 ,0.003 ,0.200 ,0.650 ,0.568 ,0.132 ,0.032 ,0.090 ,0.316 ,0.289 ,0.362 ,0.042 ,0.001 ,0.079 ,0.226 ,0.398 ,0.413 ,0.019 ,0.016 
101142,0.362 ,0.523 ,0.061 ,0.053 ,0.168 ,0.000 ,0.080 ,0.609 ,0.649 ,0.419 ,0.030 ,0.022 ,0.535 ,0.125 ,0.386 ,0.193 ,0.001 ,0.278 ,0.084 ,0.478 ,0.176 ,0.004 ,0.004 
101143,0.459 ,0.515 ,0.043 ,0.045 ,0.047 ,0.000 ,0.049 ,0.623 ,0.671 ,0.532 ,0.021 ,0.012 ,0.607 ,0.055 ,0.439 ,0.305 ,0.000 ,0.372 ,0.043 ,0.532 ,0.114 ,0.002 ,0.002 
101144,0.647 ,0.504 ,0.030 ,0.033 ,0.018 ,0.000 ,0.024 ,0.642 ,0.720 ,0.724 ,0.021 ,0.007 ,0.688 ,0.034 ,0.506 ,0.529 ,0.001 ,0.507 ,0.021 ,0.628 ,0.067 ,0.001 ,0.001 
101145,0.743 ,0.497 ,0.024 ,0.019 ,0.030 ,0.000 ,0.013 ,0.637 ,0.687 ,0.831 ,0.052 ,0.006 ,0.697 ,0.068 ,0.575 ,0.691 ,0.001 ,0.637 ,0.019 ,0.634 ,0.050 ,0.000 ,0.000 
101146,0.582 ,0.525 ,0.020 ,0.016 ,0.108 ,0.000 ,0.028 ,0.629 ,0.628 ,0.726 ,0.102 ,0.007 ,0.651 ,0.121 ,0.574 ,0.636 ,0.001 ,0.680 ,0.044 ,0.554 ,0.060 ,0.002 ,0.002 
101147,0.186 ,0.532 ,0.099 ,0.024 ,0.298 ,0.002 ,0.149 ,0.649 ,0.615 ,0.194 ,0.041 ,0.036 ,0.391 ,0.187 ,0.352 ,0.069 ,0.000 ,0.128 ,0.168 ,0.417 ,0.249 ,0.018 ,0.018 
101148,0.302 ,0.529 ,0.051 ,0.029 ,0.152 ,0.000 ,0.086 ,0.624 ,0.652 ,0.387 ,0.039 ,0.017 ,0.521 ,0.114 ,0.385 ,0.167 ,0.000 ,0.270 ,0.090 ,0.468 ,0.146 ,0.006 ,0.007 
101149,0.376 ,0.528 ,0.051 ,0.032 ,0.062 ,0.000 ,0.060 ,0.622 ,0.655 ,0.465 ,0.027 ,0.013 ,0.578 ,0.056 ,0.427 ,0.246 ,0.000 ,0.361 ,0.056 ,0.533 ,0.107 ,0.004 ,0.004 
101150,0.538 ,0.515 ,0.036 ,0.030 ,0.020 ,0.000 ,0.032 ,0.644 ,0.709 ,0.650 ,0.020 ,0.008 ,0.662 ,0.030 ,0.482 ,0.422 ,0.000 ,0.478 ,0.027 ,0.589 ,0.068 ,0.001 ,0.002 
101151,0.646 ,0.513 ,0.029 ,0.023 ,0.023 ,0.000 ,0.022 ,0.644 ,0.711 ,0.761 ,0.036 ,0.007 ,0.687 ,0.043 ,0.562 ,0.613 ,0.001 ,0.622 ,0.023 ,0.602 ,0.052 ,0.001 ,0.001 
101152,0.550 ,0.532 ,0.035 ,0.021 ,0.077 ,0.000 ,0.032 ,0.624 ,0.640 ,0.667 ,0.086 ,0.009 ,0.637 ,0.089 ,0.590 ,0.626 ,0.001 ,0.679 ,0.054 ,0.613 ,0.050 ,0.003 ,0.004 
101153,0.206 ,0.534 ,0.068 ,0.014 ,0.113 ,0.001 ,0.109 ,0.671 ,0.658 ,0.223 ,0.029 ,0.018 ,0.444 ,0.080 ,0.369 ,0.076 ,0.000 ,0.156 ,0.103 ,0.477 ,0.164 ,0.013 ,0.014 
101154,0.299 ,0.535 ,0.070 ,0.019 ,0.067 ,0.000 ,0.074 ,0.635 ,0.651 ,0.366 ,0.027 ,0.016 ,0.528 ,0.057 ,0.375 ,0.158 ,0.000 ,0.275 ,0.068 ,0.506 ,0.108 ,0.009 ,0.008 
101155,0.395 ,0.528 ,0.062 ,0.025 ,0.028 ,0.000 ,0.048 ,0.635 ,0.675 ,0.484 ,0.018 ,0.012 ,0.603 ,0.030 ,0.406 ,0.235 ,0.000 ,0.368 ,0.039 ,0.571 ,0.092 ,0.004 ,0.003 
101156,0.458 ,0.528 ,0.086 ,0.025 ,0.045 ,0.000 ,0.051 ,0.631 ,0.659 ,0.573 ,0.037 ,0.015 ,0.622 ,0.050 ,0.466 ,0.406 ,0.001 ,0.497 ,0.047 ,0.595 ,0.073 ,0.004 ,0.003 
101157,0.359 ,0.534 ,0.123 ,0.026 ,0.089 ,0.000 ,0.078 ,0.612 ,0.592 ,0.422 ,0.045 ,0.024 ,0.553 ,0.088 ,0.455 ,0.358 ,0.001 ,0.440 ,0.080 ,0.533 ,0.089 ,0.010 ,0.009 
101158,0.184 ,0.536 ,0.116 ,0.011 ,0.067 ,0.000 ,0.099 ,0.663 ,0.609 ,0.176 ,0.021 ,0.021 ,0.423 ,0.054 ,0.343 ,0.072 ,0.000 ,0.141 ,0.085 ,0.460 ,0.124 ,0.019 ,0.019 
