"","Andrena_carlini","Andrena_miserabilis","Osmia_atriventris","Osmia_bucephala","Osmia_lignaria","Osmia_pumila","Andrena_violae"
"100001",5.06301369863011e-05,3.38630136986302e-05,0.000369380821917808,0.00026798904109589,1.34794520547949e-05,0.000341369863013698,0.000123528767123288
"100002",4.73972602739728e-05,4.96712328767121e-05,0.000455589041095891,0.000343890410958904,2.07945205479452e-05,0.000430219178082192,0.000174493150684931
"100003",3.87945205479454e-05,4.02739726027392e-06,0.000273221917808219,0.000199430136986301,3.90904109589044e-05,0.000259035616438356,0.000103331506849315
"100004",3.04438356164387e-05,8.3726027397266e-06,0.00036427397260274,0.000280438356164384,1.9024657534247e-05,0.000354323287671233,0.000150158904109589
"100005",1.91506849315072e-05,1.29863013698635e-05,0.00047758904109589,0.000370520547945206,5.22465753424661e-05,0.000463917808219178,0.000208328767123287
"100006",9.01369863013702e-06,4.77260273972608e-06,9.64876712328766e-05,7.08712328767123e-05,2.15013698630139e-05,9.12383561643835e-05,3.09479452054793e-05
"100007",3.36657534246577e-05,6.27945205479473e-06,0.000167594520547946,0.000123221917808219,3.68328767123287e-05,0.000166301369863014,7.48054794520547e-05
"100008",7.14082191780817e-05,8.31780821917809e-06,0.000201484931506849,0.000155161643835616,3.76438356164384e-05,0.000223249315068493,0.000137293150684931
"100009",5.24328767123284e-05,5.22410958904117e-05,0.00062041095890411,0.000486624657534246,0.000114876712328767,0.000629347945205479,0.000327446575342466
"100010",4.94794520547958e-06,2.12602739726011e-06,9.93424657534246e-05,7.45095890410958e-05,1.46520547945207e-05,9.34410958904109e-05,2.77972602739727e-05
"100011",8.26849315068508e-06,3.83561643835608e-06,9.48931506849314e-05,7.08876712328767e-05,1.77041095890411e-05,9.08438356164383e-05,2.84767123287671e-05
"100012",1.28602739726028e-05,1.08493150684924e-06,8.52273972602739e-05,6.47287671232876e-05,8.14246575342459e-06,8.44986301369863e-05,3.12657534246576e-05
"100013",5.62849315068497e-05,7.23287671232972e-07,0.000214208219178082,0.000169331506849315,1.52876712328767e-05,0.000232306849315069,0.000120756164383562
"100014",5.9342465753425e-05,3.35068493150688e-05,0.000401835616438357,0.000319890410958904,6.94794520547945e-05,0.000425123287671233,0.000229616438356164
"100015",1.12657534246576e-05,1.04109589041087e-07,9.03123287671233e-05,6.73917808219178e-05,1.22301369863014e-05,8.71561643835617e-05,3.09041095890411e-05
"100016",0,0,0,0,0,0,0
"100017",0,0,0,0,0,0,0
"100018",1.39945205479451e-05,7.50136986301373e-06,8.42356164383561e-05,6.35945205479453e-05,5.97260273972481e-07,8.22630136986302e-05,2.62246575342465e-05
"100019",4.32602739726031e-05,3.41917808219187e-05,0.000432191780821918,0.000339643835616438,2.44383561643843e-05,0.000427698630136986,0.000149205479452055
"100020",2.54136986301366e-05,1.00273972602743e-05,0.000545424657534247,0.000434367123287671,3.33698630136988e-05,0.000545194520547945,0.000222016438356164
"100021",0,0,0,0,0,0,0
"100022",0,0,0,0,0,0,0
"100023",0,0,0,0,0,0,0
"100024",2.60054794520548e-05,1.6027397260274e-05,6.64109589041096e-05,4.98246575342466e-05,1.26630136986301e-05,6.90794520547945e-05,2.7227397260274e-05
"100025",9.53972602739722e-05,4.78630136986303e-05,0.000368684931506849,0.000284328767123288,3.03561643835611e-05,0.000380191780821918,0.000150438356164384
"100026",7.72602739726024e-06,4.75068493150689e-05,0.000617687671232877,0.000479605479452055,0.00010747397260274,0.000592241095890411,0.000179835616438356
"100027",0,0,0,0,0,0,0
"100028",0,0,0,0,0,0,0
"100029",1.03616438356165e-05,5.15068493150798e-07,9.05041095890411e-05,6.80657534246576e-05,1.02739726027398e-05,8.74958904109589e-05,1.9786301369863e-05
"100030",1.63945205479451e-05,3.73150684931521e-06,8.28219178082191e-05,6.15506849315069e-05,6.89863013698618e-06,8.15287671232876e-05,2.11616438356166e-05
"100031",2.33479452054794e-05,9.67123287671243e-06,7.25150684931507e-05,5.35726027397261e-05,1.53972602739733e-06,7.36876712328768e-05,2.39287671232876e-05
"100032",5.29150684931506e-05,1.84273972602743e-05,0.000234608219178082,0.000177764383561644,2.87671232876733e-06,0.000236728767123287,7.76383561643837e-05
"100033",3.3205479452055e-05,9.49041095890408e-06,0.000360876712328767,0.000277654794520547,4.58739726027398e-05,0.000355835616438356,0.000121490410958904
"100034",0,0,0,0,0,0,0
"100035",0,0,0,0,0,0,0
"100036",0,0,0,0,0,0,0
"100037",1.3194520547945e-05,3.94520547945159e-07,8.92493150684931e-05,6.57479452054795e-05,1.4317808219178e-05,8.6e-05,1.92273972602741e-05
"100038",1.30904109589042e-05,2.90410958904072e-07,8.82630136986301e-05,6.55123287671233e-05,1.2295890410959e-05,8.5572602739726e-05,1.93041095890411e-05
"100039",2.88986301369863e-05,6.16438356164373e-06,0.000275556164383562,0.000207008219178082,4.27232876712329e-05,0.000266498630136986,6.43397260273971e-05
"100040",8.92054794520542e-06,1.71506849315083e-06,9.06684931506849e-05,6.90958904109589e-05,6.71780821917805e-06,8.79397260273972e-05,2.04219178082192e-05
"100041",0,0,0,0,0,0,0
"100042",1.2854794520548e-05,3.30410958904116e-06,8.76383561643835e-05,6.55123287671233e-05,1.66958904109589e-05,8.62520547945206e-05,2.23506849315069e-05
"100043",7.73150684931509e-06,1.00821917808219e-06,9.46684931506849e-05,7.11397260273973e-05,9.68767123287677e-06,8.99561643835616e-05,1.58301369863013e-05
"100044",1.48493150684934e-05,3.39726027397255e-06,0.000192975342465753,0.000143868493150685,2.96876712328766e-05,0.000182564383561644,3.03232876712328e-05
"100045",2.707397260274e-05,2.23561643835626e-06,0.000283791780821918,0.000210756164383562,4.18191780821916e-05,0.000269194520547945,5.31780821917808e-05
"100046",1.66027397260275e-06,6.02739726027397e-06,9.94575342465753e-05,7.6827397260274e-05,1.60328767123286e-05,9.5813698630137e-05,1.62082191780821e-05
"100047",8.34520547945213e-06,8.8e-06,9.31068493150685e-05,7.03232876712328e-05,2.34904109589041e-05,9.12931506849315e-05,1.93479452054795e-05
"100048",1.64657534246575e-05,4.83835616438364e-06,8.32164383561643e-05,6.16931506849315e-05,1.98958904109587e-05,8.34958904109589e-05,2.19835616438355e-05
"100049",1.4054794520548e-05,1.72054794520546e-06,8.53369863013699e-05,6.39397260273973e-05,8.91506849315057e-06,8.38575342465753e-05,1.89589041095892e-05
"100050",4.01589041095891e-05,3.66575342465765e-06,0.000260268493150685,0.000194580821917808,4.07342465753423e-05,0.000255797260273972,5.373698630137e-05
"100051",4.30849315068492e-05,8.79452054794493e-06,0.000262323287671233,0.000193101369863014,2.82575342465756e-05,0.000252460273972602,5.30465753424657e-05
"100052",1.4794520547944e-06,1.26849315068493e-05,9.8745205479452e-05,7.67835616438356e-05,2.49041095890411e-05,9.71013698630137e-05,1.58904109589042e-05
"100053",6.01643835616448e-06,8.49315068493159e-06,9.39397260273972e-05,7.21698630136986e-05,2.06356164383563e-05,9.25534246575343e-05,1.51561643835616e-05
"100054",1.29479452054793e-05,6.32328767123289e-06,8.71780821917808e-05,6.53315068493151e-05,2.08328767123287e-05,8.6717808219178e-05,1.84e-05
"100055",2.49095890410959e-05,7.47397260273969e-06,0.000177895890410959,0.000132383561643836,3.58904109589043e-05,0.000173928767123288,3.8421917808219e-05
"100056",2.47452054794521e-05,2.08767123287671e-05,0.000175452054794521,0.000131857534246575,5.31287671232876e-05,0.000176109589041096,4.19506849315067e-05
"100057",2.61698630136986e-05,6.24657534246563e-06,0.000274783561643835,0.000208635616438356,3.84986301369861e-05,0.00026748493150685,4.94794520547945e-05
"100058",1.23835616438355e-06,1.59452054794521e-05,9.78575342465753e-05,7.67068493150684e-05,2.85643835616438e-05,9.76273972602739e-05,1.48328767123288e-05
"100059",1.03671232876711e-05,1.91123287671233e-05,0.000186652054794521,0.000145117808219178,4.10630136986299e-05,0.000185917808219178,2.71671232876716e-05
"100060",2.30575342465757e-05,2.10082191780822e-05,0.000173380821917808,0.000132372602739726,4.92054794520547e-05,0.000176208219178082,3.44767123287675e-05
"100061",1.7128767123288e-05,2.35397260273974e-05,0.000184131506849315,0.000139758904109589,5.44328767123287e-05,0.000182991780821918,3.27890410958902e-05
"100062",3.41589041095891e-05,3.91726027397263e-05,0.000263293150684931,0.000199906849315068,8.72876712328767e-05,0.000267238356164384,5.72547945205479e-05
"100063",8.54794520547967e-06,7.00767123287672e-05,0.000292010958904109,0.000238224657534247,0.000100323287671233,0.000302745205479453,4.6060273972603e-05
"100064",9.31506849316012e-08,1.90958904109587e-05,9.77424657534246e-05,7.76109589041096e-05,3.12767123287672e-05,9.88767123287672e-05,1.34849315068493e-05
"100065",2.31452054794521e-05,5.04164383561645e-05,0.000270871232876712,0.000209868493150685,9.56054794520544e-05,0.000277167123287671,4.3150684931507e-05
"100066",2.76657534246578e-05,6.05095890410957e-05,0.000267731506849315,0.000205890410958904,0.000113704109589041,0.000276279452054795,4.71452054794518e-05
"100067",1.89369863013698e-05,5.90465753424656e-05,0.000278021917808219,0.000215013698630137,0.000108887671232877,0.000283298630136986,4.77863013698628e-05
"100068",4.46849315068496e-05,5.33698630136989e-05,0.000444054794520548,0.000343068493150685,0.00011613698630137,0.000450054794520548,7.56712328767121e-05
"100069",2.00109589041093e-05,5.89698630136986e-05,0.000210060273972603,0.000173435616438356,7.91452054794521e-05,0.000216054794520548,2.40986301369862e-05
"100070",0,0,0,0,0,0,0
"100071",9.47945205479264e-07,2.12712328767125e-05,9.50027397260276e-05,7.60712328767124e-05,3.34465753424657e-05,9.79726027397262e-05,1.21369863013696e-05
"100072",1.47616438356162e-05,4.36054794520548e-05,0.000181961643835616,0.000140887671232877,7.86849315068492e-05,0.000187715068493151,2.54027397260273e-05
"100073",2.92109589041093e-05,6.28273972602738e-05,0.000266334246575343,0.000204443835616438,0.000117928767123287,0.000275638356164384,4.32164383561643e-05
"100074",3.60273972602734e-05,8.19178082191781e-05,0.000454246575342466,0.000352356164383561,0.000155260273972602,0.000463561643835616,6.48219178082197e-05
"100075",0.000107441095890411,0.000188646575342465,0.00068081095890411,0.000568405479452055,0.000235430136986302,0.000688865753424658,4.81315068493159e-05
"100076",3.49150684931508e-05,5.66904109589039e-05,0.000228887671232877,0.000189402739726027,7.23616438356165e-05,0.000228515068493151,1.20657534246576e-05
"100077",1.24712328767125e-05,3.07945205479451e-05,0.000109660273972603,8.98410958904109e-05,4.22575342465753e-05,0.000110953424657534,7.80273972602751e-06
"100078",0,0,0,0,0,0,0
"100079",1.03561643835623e-06,2.10027397260274e-05,9.4668493150685e-05,7.59068493150684e-05,3.28712328767123e-05,9.77643835616439e-05,8.98630136986298e-06
"100080",8.26301369863001e-06,4.0942465753425e-05,0.00018613698630137,0.000146586301369863,6.97205479452054e-05,0.00019145205479452,1.67780821917806e-05
"100081",2.44273972602738e-05,6.34027397260276e-05,0.000274504109589041,0.000210213698630137,0.000119572602739726,0.000280619178082192,3.34356164383557e-05
"100082",2.95561643835615e-05,8.89315068493147e-05,0.000571857534246575,0.000440350684931506,0.00017786301369863,0.000569260273972603,5.15178082191783e-05
"100083",8.1123287671233e-05,0.000204739726027398,0.000536,0.000458684931506848,0.000249369863013698,0.000570219178082192,6.72054794520552e-05
"100084",0.000115150684931508,0.000213479452054795,0.000581671232876712,0.000496082191780823,0.000256712328767124,0.000602602739726028,4.99999999999997e-05
"100085",0.00014853698630137,0.000231057534246576,0.000727561643835617,0.000611243835616439,0.000283495890410959,0.000732098630136986,3.2778082191781e-05
"100086",0.000112356164383562,0.000190000000000001,0.000595123287671234,0.000498082191780822,0.000238027397260274,0.00060068493150685,2.87671232876716e-05
"100087",8.7156164383562e-05,0.000202947945205479,0.000637380821917809,0.000541282191780823,0.000245293150684932,0.000668416438356165,5.42136986301373e-05
"100088",6.70684931506852e-05,0.000189139726027397,0.000627419178082192,0.000524350684931507,0.000243353424657535,0.000653063013698631,4.69808219178084e-05
"100089",1.98136986301369e-05,6.12602739726027e-05,0.000210345205479452,0.000173402739726027,8.30136986301371e-05,0.00021654794520548,1.50246575342464e-05
"100090",5.84109589041098e-06,2.56383561643835e-05,0.000100756164383562,8.25205479452055e-05,3.57753424657535e-05,0.000103890410958904,7.36438356164376e-06
"100091",5.07397260273964e-06,2.18301369863015e-05,0.000100750684931507,8.19616438356164e-05,3.12164383561642e-05,0.000102717808219178,6.31232876712319e-06
"100092",8.32876712328692e-07,2.45260273972602e-05,9.6668493150685e-05,7.78301369863013e-05,3.72876712328767e-05,0.000100038356164383,6.83835616438347e-06
"100093",1.76438356164384e-06,4.34630136986304e-05,0.000196,0.000156504109589041,6.8613698630137e-05,0.000199791780821918,1.11452054794522e-05
"100094",1.55616438356166e-05,7.10575342465752e-05,0.000379046575342466,0.000295824657534246,0.00012828493150685,0.000383210958904109,3.49369863013697e-05
"100095",4.89808219178087e-05,0.000109506849315069,0.0006356,0.000494142465753424,0.000207545205479453,0.000648372602739726,6.60493150684933e-05
"100096",0.000301430136986301,0.000519742465753424,0.00138027397260274,0.00115563287671233,0.000662230136986301,0.00139160547945206,0.000105539726027398
"100097",0.00026025205479452,0.000386104109589042,0.00105560547945205,0.000884515068493151,0.00048398904109589,0.00104951232876712,4.06794520547947e-05
"100098",0.000277863013698629,0.000499561643835616,0.00125435616438356,0.0010532602739726,0.000636164383561644,0.00127260273972603,7.55616438356168e-05
"100099",0.000153654794520547,0.000344361643835616,0.000815183561643835,0.000689950684931506,0.000436953424657534,0.000850394520547945,6.14082191780826e-05
"100100",0.000105616438356165,0.000237397260273973,0.000579917808219178,0.000489232876712329,0.000303041095890411,0.000602931506849315,3.80821917808213e-05
"100101",8.89643835616438e-05,0.000178367123287671,0.000473556164383561,0.000397304109589041,0.000228010958904109,0.000485041095890411,1.9572602739726e-05
"100102",0.000114641095890411,0.00023148493150685,0.000690476712328767,0.000576657534246575,0.000297008219178082,0.000704646575342466,1.90027397260276e-05
"100103",0.000112635616438356,0.000231912328767123,0.000677194520547945,0.0005712,0.000288591780821917,0.000699419178082192,2.7813698630137e-05
"100104",8.35342465753423e-05,0.000186027397260273,0.000552575342465753,0.000465260273972603,0.000233424657534246,0.000572712328767122,3.18630136986308e-05
"100105",7.39726027397265e-05,0.000207912328767123,0.000648427397260274,0.000535693150684932,0.000280142465753425,0.000667232876712329,2.06136986301364e-05
"100106",1.18520547945206e-05,9.07561643835614e-05,0.000298421917808219,0.000242630136986301,0.000131819178082192,0.000310865753424657,1.55013698630137e-05
"100107",3.96712328767142e-06,4.94136986301367e-05,0.000195090410958904,0.000157775342465753,7.35342465753425e-05,0.000201775342465753,1.05534246575343e-05
"100108",4.3397260273974e-06,4.90520547945204e-05,0.000194367123287671,0.000157808219178082,7.18794520547946e-05,0.000201621917808219,9.9506849315068e-06
"100109",4.15342465753419e-06,5.16931506849316e-05,0.000195046575342466,0.000157917808219178,7.65808219178083e-05,0.000202345205479452,9.05205479452033e-06
"100110",5.5999999999997e-06,4.57972602739723e-05,0.000198958904109589,0.000160054794520548,6.94794520547945e-05,0.000203002739726027,8.53698630136996e-06
"100111",1.97260273972558e-06,8.21643835616434e-05,0.000489890410958904,0.000389315068493152,0.000135917808219178,0.000492575342465753,3.23561643835613e-05
"100112",0.000406526027397261,0.000740893150684931,0.00166378630136986,0.00141119452054794,0.000928947945205479,0.00170567123287671,8.33424657534255e-05
"100113",0.00034958904109589,0.000621846575342467,0.00144157260273973,0.00120825205479452,0.000801041095890411,0.00145585753424658,7.02191780821912e-05
"100114",0.000293863013698629,0.000557479452054796,0.00128345205479452,0.00107364383561644,0.000725095890410959,0.00130208219178082,4.98082191780821e-05
"100115",0.000292164383561645,0.000549479452054795,0.00127123287671233,0.00106871232876713,0.00070482191780822,0.00129550684931507,3.74794520547946e-05
"100116",0.000304805479452054,0.000534027397260274,0.00136785753424658,0.00115424657534247,0.000667654794520548,0.00139214794520548,1.51890410958894e-05
"100117",0.000156624657534247,0.000353972602739726,0.000934224657534247,0.00077602191780822,0.000469304109589041,0.000955572602739727,1.12657534246559e-05
"100118",9.28602739726034e-05,0.000291200000000001,0.000767008219178082,0.000633145205479452,0.000398520547945205,0.000795468493150686,2.04054794520547e-05
"100119",7.86849315068481e-05,0.000285720547945205,0.000835243835616437,0.000691682191780822,0.000386893150684931,0.000872767123287671,2.41534246575355e-05
"100120",8.06630136986307e-05,0.000244443835616439,0.000733983561643835,0.000614235616438356,0.000317243835616438,0.000768849315068493,1.17369863013696e-05
"100121",4.62904109589041e-05,0.000208109589041095,0.000598586301369862,0.000501435616438355,0.000273632876712329,0.000638268493150685,2.051506849315e-05
"100122",3.33808219178085e-05,0.000119386301369863,0.000415517808219178,0.000340909589041096,0.000165282191780822,0.000427879452054795,1.44657534246594e-06
"100123",2.51232876712325e-05,0.000129123287671232,0.000512027397260273,0.000412356164383561,0.000193041095890411,0.00052054794520548,7.58904109589027e-06
"100124",9.36986301369996e-07,7.23123287671231e-05,0.000291238356164384,0.0002328,0.000113178082191781,0.000299539726027398,3.94520547945375e-07
"100125",1.47945205479245e-07,7.79506849315067e-05,0.000281523287671233,0.000229101369863014,0.000114328767123288,0.000297057534246576,5.70410958904101e-06
"100126",3.02465753424658e-06,6.9106849315069e-05,0.000283808219178082,0.000231895890410959,9.90904109589041e-05,0.000297320547945206,7.46301369862999e-06
"100127",2.66301369862987e-06,6.86136986301367e-05,0.000290021917808219,0.000233572602739726,0.000104383561643836,0.000299112328767123,1.08e-05
"100128",2.9501369863013e-05,0.000153424657534247,0.000810915068493149,0.000649424657534246,0.000238071232876711,0.000813720547945204,1.11342465753429e-05
"100129",2.00876712328768e-05,0.000217019178082192,0.000589742465753424,0.000480887671232877,0.000314202739726027,0.000625446575342465,2.14356164383563e-05
"100130",3.07123287671233e-05,0.000152821917808219,0.000505424657534247,0.000414356164383562,0.000214328767123287,0.000526054794520548,2.7123287671231e-06
"100131",1.27561643835619e-05,9.48657534246577e-05,0.000293161643835616,0.000241660273972603,0.000131967123287671,0.00031042191780822,5.26027397260501e-07
"100132",4.25753424657506e-06,9.00164383561644e-05,0.000290728767123288,0.000235052054794521,0.000134169863013699,0.000304717808219179,2.25205479452081e-06
"100133",3.45205479452149e-07,7.18520547945208e-05,0.000294723287671233,0.000233457534246576,0.000116416438356165,0.000300328767123288,1.12931506849314e-05
"100134",5.24383561643828e-06,6.61479452054793e-05,0.000289265753424657,0.000227901369863013,0.000110761643835616,0.000294756164383562,1.42684931506844e-05
"100135",7.98904109589049e-06,7.28876712328768e-05,0.000291435616438357,0.000237682191780822,0.000104679452054795,0.000302909589041096,9.30410958904088e-06
"100136",6.8164383561645e-06,9.17479452054795e-05,0.00038187397260274,0.000312153424657534,0.000130871232876713,0.000398728767123288,3.59452054794502e-06
"100137",1.87397260273969e-05,5.9868493150685e-05,0.000306854794520548,0.000249665753424658,8.47726027397261e-05,0.000310043835616438,8.18630136986296e-06
"100138",8.81095890410966e-05,0.000140361643835617,0.000879693150684931,0.000710575342465753,0.000200767123287671,0.000860142465753425,4.61150684931497e-05
"100139",6.69808219178093e-05,0.000277698630136986,0.000823627397260274,0.000680021917808219,0.000380668493150685,0.000861895890410959,2.0778082191782e-05
"100140",4.37260273972607e-05,0.000144465753424658,0.000520465753424657,0.000427808219178082,0.00019786301369863,0.000535068493150686,2.3397260273973e-05
"100141",1.77095890410957e-05,0.000119254794520548,0.000398180821917808,0.000324887671232877,0.000170849315068494,0.000415057534246575,1.21643835616437e-05
"100142",3.17808219178067e-06,0.000120964383561644,0.000379506849315069,0.000304854794520548,0.000185008219178082,0.000399824657534246,1.10904109589041e-05
"100143",5.5890410958874e-07,6.52767123287671e-05,0.000293671232876712,0.000233227397260274,0.000105534246575342,0.00029865205479452,2.23397260273972e-05
"100144",2.00547945205468e-06,6.41917808219179e-05,0.000293687671232877,0.000234197260273972,0.000102032876712329,0.00029906301369863,2.47890410958905e-05
"100145",8.2191780821899e-07,4.68712328767123e-05,0.000189424657534247,0.00015386301369863,6.90301369863013e-05,0.000197928767123288,8.67945205479479e-06
"100146",1.80821917808178e-06,4.22356164383564e-05,0.00019145205479452,0.000155112328767123,6.27178082191781e-05,0.000198027397260274,6.98082191780787e-06
"100147",2.12547945205479e-05,5.4443835616438e-05,0.000308843835616439,0.000251950684931507,7.52054794520549e-05,0.000310652054794521,1.75890410958903e-05
"100148",5.29698630136986e-05,0.000133824657534247,0.00073068493150685,0.000593331506849315,0.00018974794520548,0.000731183561643835,3.66684931506853e-05
"100149",3.86301369863021e-05,0.000252904109589041,0.00146465753424657,0.00118882191780822,0.000368547945205478,0.00149219178082192,1.83287671232865e-05
"100150",0.000130569863013699,0.000431956164383563,0.00137073424657534,0.00112975342465753,0.000589594520547946,0.00141689315068493,0.000110482191780821
"100151",5.86465753424654e-05,0.000206739726027397,0.000733216438356165,0.000598624657534247,0.000291046575342465,0.000750438356164384,6.12164383561641e-05
"100152",2.25534246575346e-05,0.000175660273972603,0.000601775342465753,0.000485917808219178,0.000261008219178083,0.000621567123287672,3.89917808219179e-05
"100153",7.5068493150688e-06,0.000133342465753424,0.000493424657534247,0.000394630136986302,0.000206493150684932,0.000507369863013698,4.31232876712331e-05
"100154",2.60821917808223e-06,8.58520547945205e-05,0.000394849315068493,0.000313227397260274,0.000139397260273973,0.000399868493150685,4.40328767123289e-05
"100155",2.02191780821924e-06,6.10356164383562e-05,0.00028867397260274,0.00022987397260274,9.84164383561643e-05,0.000294904109589041,2.94246575342468e-05
"100156",4.12602739726037e-06,6.30246575342463e-05,0.000291665753424658,0.000235019178082192,9.5654794520548e-05,0.000299095890410959,2.54794520547943e-05
"100157",1.31506849315082e-06,3.68876712328768e-05,0.000193282191780822,0.000155298630136986,5.71726027397258e-05,0.000197249315068493,1.61095890410957e-05
"100158",7.21643835616429e-06,5.34904109589038e-05,0.000293671232876712,0.000237665753424657,7.93479452054794e-05,0.000299079452054795,2.11561643835611e-05
"100159",1.1621917808219e-05,0.000141572602739726,0.000681550684931507,0.000550027397260274,0.000213375342465753,0.000697928767123287,3.08000000000001e-05
"100160",7.67123287671225e-05,0.000257906849315068,0.00142424109589041,0.00115513424657534,0.000371824657534247,0.00143475068493151,7.37972602739712e-05
"100161",0.0001468602739726,0.000646717808219177,0.00189734794520548,0.00154129315068493,0.00093284383561644,0.0019569205479452,0.000227638356164381
"100162",5.53205479452059e-05,0.000263627397260274,0.000836821917808218,0.000676032876712329,0.00038746301369863,0.000857950684931506,0.00010744109589041
"100163",2.42958904109591e-05,0.000171254794520547,0.000614202739726027,0.000490915068493151,0.000263243835616439,0.000625512328767124,7.39397260273974e-05
"100164",6.57534246575192e-07,0.000141402739726028,0.00059197808219178,0.000467638356164384,0.00023174794520548,0.000600986301369863,7.17041095890415e-05
"100165",7.01369863013741e-06,0.000107342465753424,0.000498602739726028,0.000395671232876712,0.000173698630136987,0.000503205479452055,6.8849315068494e-05
"100166",9.92876712328783e-06,0.000113424657534247,0.000597764383561643,0.000475528767123287,0.000183419178082191,0.000600986301369863,8.505205479452e-05
"100167",7.58356164383498e-06,6.69808219178085e-05,0.000402235616438356,0.000318750684931507,0.000111583561643835,0.000400438356164383,6.0010958904109e-05
"100168",4.71232876712337e-06,6.88438356164379e-05,0.000400109589041096,0.000316142465753424,0.000116339726027397,0.000398860273972602,5.172602739726e-05
"100169",1.47287671232871e-05,0.000115167123287671,0.00056347397260274,0.000448142465753424,0.000188843835616438,0.000578893150684932,4.75068493150689e-05
"100170",7.1342465753424e-06,0.000121676712328767,0.000573665753424658,0.000456493150684931,0.000197161643835616,0.000587112328767123,3.88602739726024e-05
"100171",0.00010578082191781,0.000305917808219178,0.00158441095890411,0.00127208219178082,0.000461589041095891,0.00157364383561644,0.000140794520547945
"100172",0.000166054794520549,0.000456531506849316,0.00292812602739726,0.00239023561643836,0.000627353424657535,0.00295100821917808,0.000195293150684932
"100173",0.000114016438356165,0.000633008219178083,0.00185720547945206,0.0015062794520548,0.000921600000000002,0.00192585205479452,0.000267386301369864
"100174",0.000100569863013699,0.000513512328767122,0.00147402739726027,0.00118896438356164,0.000757917808219178,0.0015176,0.00022852602739726
"100175",5.82575342465749e-05,0.00023118904109589,0.000852076712328767,0.000682432876712328,0.000349589041095891,0.000857249315068494,0.000147287671232876
"100176",3.6783561643835e-05,0.00015733698630137,0.00073521095890411,0.000583857534246575,0.000250005479452055,0.000730493150684932,0.00012868493150685
"100177",4.24602739726027e-05,0.00017970410958904,0.000931956164383562,0.000743128767123288,0.000283117808219177,0.000927715068493151,0.000157808219178083
"100178",1.86410958904117e-05,0.000152964383561644,0.000706367123287671,0.000562531506849316,0.000242564383561643,0.000711813698630137,0.000112076712328767
"100179",2.60273972602781e-06,9.39726027397256e-05,0.000494027397260273,0.000387561643835616,0.000163095890410959,0.000494438356164383,8.3424657534247e-05
"100180",9.18356164383589e-06,7.75671232876715e-05,0.000384745205479452,0.000301983561643835,0.000134246575342466,0.000389391780821918,5.28438356164384e-05
"100181",9.09589041095914e-06,0.000101232876712329,0.000470438356164383,0.000375917808219178,0.000161534246575342,0.000485260273972603,4.8438356164384e-05
"100182",8.43835616438394e-06,0.000136087671232876,0.000660186301369863,0.000529660273972604,0.000213528767123288,0.000680591780821917,6.58958904109583e-05
"100183",2.89315068493154e-05,0.000240553424657534,0.00109077808219178,0.000877830136986302,0.000364898630136987,0.00111205479452055,0.000103128767123288
"100184",6.72876712328775e-05,0.000472986301369865,0.00198531506849315,0.00160701369863014,0.000697424657534248,0.00203693150684932,0.000153315068493153
"100185",0.000168767123287672,0.0011195397260274,0.00281549589041096,0.00231594520547946,0.00157751232876712,0.00299699726027397,0.000394608219178083
"100186",0.00023710684931507,0.000897008219178083,0.00257608767123288,0.00209779726027397,0.00128008767123288,0.00265078356164384,0.00045238356164384
"100187",0.000172438356164383,0.000440876712328767,0.0016601095890411,0.00134210958904109,0.000636246575342466,0.00165821917808219,0.000340767123287672
"100188",7.47397260273969e-05,0.000257479452054794,0.00106734246575342,0.000854794520547946,0.000390191780821917,0.00106630136986301,0.000211506849315068
"100189",7.36821917808224e-05,0.000424860273972601,0.00175449315068493,0.00139809863013699,0.000663512328767123,0.00176604383561644,0.000330684931506852
"100190",5.96219178082193e-05,0.000207715068493149,0.000947983561643835,0.000759994520547945,0.000315221917808219,0.000946849315068493,0.000184043835616439
"100191",2.43726027397261e-05,0.000174509589041095,0.000817139726027397,0.000648021917808219,0.000281336986301369,0.000818060273972602,0.000152241095890411
"100192",1.23616438356174e-05,0.000134301369863012,0.000574947945205479,0.000453435616438356,0.000223791780821918,0.000587901369863014,9.3139726027397e-05
"100193",7.12328767123269e-06,0.00011827397260274,0.000471342465753425,0.000377698630136986,0.000184630136986302,0.000490164383561645,6.3013698630137e-05
"100194",3.33698630137005e-06,0.000154498630136986,0.000673726027397259,0.000542049315068492,0.000236542465753425,0.000694438356164383,8.60712328767128e-05
"100195",2.20273972602741e-05,0.000245753424657534,0.00098049315068493,0.000791890410958906,0.000367287671232876,0.00101123287671233,0.00011676712328767
"100196",8.47397260273965e-05,0.000387863013698628,0.00151578082191781,0.00123731506849315,0.000549205479452055,0.00155934246575342,0.000167917808219177
"100197",7.6252054794522e-05,0.000708975342465751,0.00270579726027397,0.00221529863013699,0.00100416438356165,0.00282945753424658,0.000231210958904111
"100198",3.69972602739729e-05,0.000870750684931504,0.00304447123287671,0.0024832,0.00126141369863014,0.00320824109589041,0.000235309589041097
"100199",0.000979238356164383,0.00260990136986301,0.00649258630136986,0.00548069589041096,0.00334570410958904,0.00683624109589041,0.0013245095890411
"100200",0.000886180821917805,0.00231088219178081,0.0062155397260274,0.00518728767123287,0.00303719452054794,0.00645058630136986,0.00132865753424657
"100201",0.000275857534246575,0.00119464657534247,0.0032489698630137,0.00266498082191781,0.00167739726027398,0.00339199452054794,0.000633419178082194
"100202",0.000169632876712331,0.000716465753424659,0.00239729315068493,0.0019478794520548,0.00103140821917808,0.00245955068493151,0.000489490410958904
"100203",0.000122564383561643,0.000664504109589042,0.00245220821917808,0.0019793095890411,0.000984328767123285,0.00250744109589041,0.000501961643835615
"100204",0.000111501369863015,0.000519419178082191,0.0021510904109589,0.00173592328767123,0.000769693150684932,0.0021842301369863,0.000450723287671234
"100205",6.52493150684937e-05,0.000330449315068492,0.00133632876712329,0.00107362191780822,0.000498701369863012,0.00135392328767123,0.000284076712328767
"100206",3.72054794520616e-06,0.000173178082191781,0.000687649315068493,0.000546728767123288,0.000275780821917809,0.000703260273972603,0.000133019178082192
"100207",1.68e-05,0.000179161643835616,0.000654164383561645,0.000522487671232876,0.000282493150684932,0.000684235616438356,0.000111769863013699
"100208",4.03287671232877e-06,0.000200504109589041,0.000756120547945206,0.000610060273972602,0.000303693150684931,0.000790706849315068,0.000121380821917807
"100209",5.96712328767082e-06,0.000279249315068493,0.00104316164383562,0.000847813698630136,0.000410345205479452,0.00109433424657534,0.000145802739726026
"100210",5.71287671232868e-05,0.000354953424657533,0.00127934246575342,0.00105075616438356,0.000495068493150685,0.00133675616438356,0.000166613698630138
"100211",0.000116076712328765,0.000480087671232877,0.00162805479452055,0.0013413698630137,0.000658323287671233,0.00169301917808219,0.000204361643835617
"100212",0.000153616438356163,0.00065681095890411,0.00215891506849315,0.00176837260273973,0.000920778082191782,0.00223566575342466,0.000257293150684932
"100213",0.000185205479452055,0.000634115068493153,0.00266054794520548,0.00218072328767123,0.000873742465753426,0.00272266301369863,0.000283221917808222
"100214",0.00169030136986302,0.00371156164383561,0.00921994520547946,0.00780887671232876,0.00466893150684931,0.00960832876712329,0.00204010958904109
"100215",0.00138187397260274,0.00297849863013698,0.00809166575342467,0.00681872328767123,0.00376047123287671,0.00837527671232877,0.00195726575342466
"100216",0.000873556164383567,0.0021060602739726,0.0059084109589041,0.00494047123287671,0.00273189589041095,0.00611169863013699,0.00140007123287671
"100217",0.000493764383561641,0.00155579178082192,0.00471631780821917,0.00388357260273972,0.00213104657534247,0.00486483287671233,0.00107528767123288
"100218",0.000375178082191778,0.00131604383561644,0.00436037808219178,0.00354891506849316,0.00187454246575342,0.0044545095890411,0.00102825753424658
"100219",0.00025666301369863,0.00086969863013699,0.00328090410958904,0.00265886575342466,0.00125613698630137,0.0033232,0.000783917808219181
"100220",0.000176482191780819,0.000683835616438352,0.00250836164383561,0.00203375342465753,0.000989720547945203,0.00255465205479451,0.000600460273972599
"100221",5.70410958904109e-05,0.000411205479452054,0.00150394520547945,0.00121487671232877,0.000610356164383562,0.00154791780821918,0.000337068493150686
"100222",1.47452054794529e-05,0.000244405479452054,0.000883824657534246,0.000709890410958904,0.000372575342465754,0.000913364383561644,0.000190652054794521
"100223",9.66575342465671e-06,0.000236860273972602,0.000870756164383561,0.000702295890410957,0.00035689315068493,0.000905079452054794,0.000170876712328768
"100224",3.44657534246569e-05,0.000254465753424658,0.000982356164383561,0.000801041095890411,0.000364931506849315,0.00101934246575342,0.000178356164383562
"100225",5.98356164383546e-05,0.00040331506849315,0.00147320547945206,0.00120723287671233,0.000567780821917807,0.00153731506849315,0.000246575342465754
"100226",7.43013698630141e-05,0.000459041095890411,0.00149284931506849,0.00122367123287671,0.000647178082191781,0.00156246575342465,0.000226849315068493
"100227",0.000187693150684932,0.000565446575342465,0.00190908493150685,0.00157206575342466,0.000769315068493148,0.00196155616438356,0.000295397260273972
"100228",0.000274323287671234,0.00072368219178082,0.00258042739726028,0.00212304657534247,0.000979857534246578,0.00263132054794521,0.000396493150684931
"100229",0.000363309589041096,0.00096166575342466,0.00306849315068493,0.00252536986301369,0.00130794520547945,0.00313415890410959,0.000423145205479453
"100230",0.00279213698630137,0.00571282191780823,0.0136991780821918,0.0116134246575342,0.00717032876712327,0.0142058082191781,0.00336115068493149
"100231",0.00238819726027398,0.00439801643835616,0.0122126136986301,0.0102536547945206,0.0055543890410959,0.0124350575342466,0.00318966575342465
"100232",0.00202038356164384,0.0032538301369863,0.01056,0.00882121643835615,0.00407548493150685,0.0106000219178082,0.00281262465753425
"100233",0.00128396712328767,0.00241745753424658,0.0080077808219178,0.00662664657534246,0.00316303561643835,0.00805655342465753,0.00213994520547946
"100234",0.00072154520547945,0.0017138794520548,0.00570333698630137,0.00467551232876712,0.00234739726027398,0.00576509589041096,0.00151015890410959
"100235",0.000535375342465748,0.0015768602739726,0.00526622465753424,0.00431790684931507,0.00217721095890411,0.00538194520547945,0.00135078904109589
"100236",0.000511397260273973,0.00171723287671233,0.00542388493150685,0.00444580273972603,0.00238819726027398,0.00557842191780823,0.00141570410958904
"100237",0.000323309589041094,0.00113187945205479,0.00377595616438356,0.00309560547945205,0.00157275616438356,0.0038858301369863,0.000946652054794515
"100238",3.64383561643825e-05,0.000538038356164384,0.00185492054794521,0.00149907397260274,0.000802060273972602,0.00193175342465753,0.000396865753424659
"100239",8.28493150684985e-06,0.000403068493150685,0.00113076164383562,0.000913380821917808,0.000605326027397261,0.00120618082191781,0.000220142465753425
"100240",3.51397260273979e-05,0.000325298630136986,0.00107932602739726,0.000879276712328767,0.00047037808219178,0.00112947397260274,0.000218975342465755
"100241",9.52986301369849e-05,0.000441249315068493,0.00163059726027397,0.00132751780821918,0.000631758904109591,0.00167601095890411,0.0003275397260274
"100242",0.000106630136986302,0.00037627397260274,0.0014665095890411,0.00118965479452055,0.000542126027397262,0.00148798904109589,0.000295035616438358
"100243",0.000181830136986302,0.000471249315068492,0.00184121643835617,0.00149907397260274,0.000662208219178083,0.00185360547945205,0.000365150684931505
"100244",0.000279780821917808,0.000698191780821918,0.00250681095890411,0.00205664109589041,0.000953019178082191,0.00254146849315069,0.000471972602739727
"100245",0.000310531506849312,0.000730641095890411,0.00244350684931507,0.00201122191780822,0.000986082191780823,0.00247918904109589,0.000424931506849316
"100246",0.000503726027397261,0.00102699726027398,0.00328772602739726,0.00273664657534246,0.00132526027397261,0.00334652054794521,0.000471945205479454
"100247",0.00700563287671233,0.0100523835616438,0.0247748383561644,0.0215818520547945,0.0112454136986301,0.0255165369863014,0.0070403506849315
"100248",0.00456717808219176,0.00944454794520547,0.0204624109589041,0.0175421369863014,0.0116550136986301,0.021485205479452,0.00540460273972601
"100249",0.00388449315068493,0.00643901369863015,0.0183528109589041,0.0153595616438356,0.00813716164383563,0.0184533698630137,0.0049306301369863
"100250",0.00395293150684931,0.00526600547945205,0.0176252,0.0147469479452055,0.00643132054794521,0.0174271726027397,0.00477093698630138
"100251",0.00273794520547944,0.00465860273972601,0.0139997534246575,0.0116600547945205,0.00596550684931506,0.0140514246575342,0.00383249315068493
"100252",0.0013530082191781,0.00299127671232877,0.00879684383561644,0.00725269041095891,0.00402737534246576,0.00891053150684931,0.00234871232876713
"100253",0.00118944657534246,0.00288151232876711,0.00874326575342466,0.00721831232876712,0.00387392876712328,0.00891978082191781,0.00238915068493149
"100254",0.00109560547945206,0.00244909589041097,0.00822069041095891,0.00680029589041097,0.00323694246575343,0.0083605808219178,0.00234853698630137
"100255",0.000634410958904111,0.00234432876712329,0.00728038356164384,0.00600542465753424,0.00320542465753423,0.00756920547945205,0.00192317808219178
"100256",0.000127534246575335,0.00183407671232878,0.00476360547945205,0.00388643835616438,0.00265942465753425,0.00508740821917808,0.00115801095890411
"100257",0.000145139726027397,0.000791999999999998,0.00224375890410959,0.00183715068493151,0.0011220602739726,0.0023517698630137,0.000544273972602739
"100258",0.000125369863013699,0.000511386301369862,0.00166172054794521,0.0013582904109589,0.000721271232876713,0.00171511232876712,0.000395484931506849
"100259",0.000105517808219178,0.000643232876712332,0.00212278356164384,0.00172430136986301,0.000933895890410961,0.00219907397260274,0.000477073972602739
"100260",8.50575342465736e-05,0.000573539726027396,0.00193352328767123,0.00155675068493151,0.000858071232876713,0.00198745205479452,0.000427473972602736
"100261",0.000151758904109588,0.000483945205479452,0.00172782465753425,0.00139651506849315,0.000704087671232876,0.00174299178082192,0.000388997260273973
"100262",0.00021708493150685,0.000561402739726026,0.00198453698630137,0.00161536438356165,0.000790520547945206,0.00199893698630137,0.000434169863013697
"100263",0.000273972602739727,0.000622356164383563,0.00220427397260274,0.00181698630136986,0.00083145205479452,0.00223528767123288,0.000448328767123286
"100264",0.000457808219178079,0.00084972602739726,0.00287438356164383,0.00238739726027397,0.00109397260273972,0.00290109589041096,0.000514246575342464
"100265",0.000557999999999999,0.00102410410958904,0.00347267945205479,0.00292538082191781,0.00124543561643835,0.00355625205479452,0.000605731506849314
"100266",0.00559013698630134,0.0112306849315068,0.0240219178082192,0.0207704109589041,0.0135495890410959,0.0253830136986301,0.00631780821917807
"100267",0.00508493150684933,0.0105830136986301,0.0235090410958904,0.0202619178082192,0.012827397260274,0.0248449315068493,0.0064635616438356
"100268",0.00605643287671237,0.00942662465753424,0.0253083780821918,0.0215174630136986,0.011334197260274,0.0256894520547945,0.00712696438356164
"100269",0.00792849315068489,0.00943054794520548,0.0286262191780822,0.0244805479452055,0.0105897808219178,0.0285060547945206,0.00790257534246575
"100270",0.00584235616438356,0.00948989589041097,0.0249089424657534,0.0211062575342466,0.0116120219178082,0.0252875835616438,0.00679275616438355
"100271",0.00294418630136986,0.00619765479452056,0.0160368821917808,0.0134815506849315,0.00791597260273971,0.0165248273972603,0.00425788493150686
"100272",0.00217301917808219,0.00365957260273972,0.0114647671232877,0.00958632328767123,0.00460010958904108,0.0115557698630137,0.00334027397260274
"100273",0.00236081095890411,0.00294522739726027,0.0117267287671233,0.00978884383561644,0.00353279999999999,0.0115715506849315,0.00370691506849315
"100274",0.00135853150684932,0.00333573698630138,0.0106593698630137,0.00882620273972604,0.00442798356164384,0.010912898630137,0.00318850958904111
"100275",0.000637397260273967,0.00293424657534247,0.00778931506849316,0.00640561643835616,0.00410054794520548,0.00817890410958903,0.00222863013698629
"100276",0.00050005479452056,0.00251380821917808,0.00669019178082192,0.00549668493150685,0.00352780821917808,0.00703852054794521,0.00181928767123288
"100277",0.000242323287671237,0.0010496,0.0033024,0.00270465753424658,0.00147445479452055,0.00342531506849315,0.000845852054794524
"100278",0.00010007671232877,0.000710268493150683,0.00240341917808219,0.00194932602739726,0.0010385095890411,0.00249113424657534,0.00057179178082192
"100279",0.000120131506849312,0.000956284931506849,0.00289237260273973,0.00235209863013699,0.00138898082191781,0.00302712328767123,0.000705057534246576
"100280",0.000176547945205479,0.00060723287671233,0.00211287671232877,0.00172219178082192,0.00085972602739726,0.00215780821917808,0.000524712328767121
"100281",0.000190624657534246,0.000561254794520547,0.00205522739726027,0.00166637808219178,0.000805391780821917,0.00207261369863014,0.000503161643835615
"100282",0.000240547945205481,0.000795479452054791,0.00266041095890411,0.00217246575342466,0.00111835616438356,0.00272041095890411,0.000600410958904112
"100283",0.000297315068493152,0.000669479452054797,0.00222794520547945,0.00184065753424658,0.000889753424657535,0.00226389041095891,0.000481753424657536
"100284",0.000392076712328767,0.000664219178082192,0.00225605479452055,0.00186678904109589,0.000862131506849315,0.00225251506849315,0.000500142465753424
"100285",0.000689917808219181,0.00118076712328767,0.00358142465753425,0.00300295890410959,0.00147567123287671,0.00362367123287671,0.000719999999999998
"100286",0.000714575342465756,0.00115678356164383,0.00326455890410959,0.00278018630136986,0.00137648219178082,0.00333764383561644,0.000527572602739727
"100287",0.00837825753424659,0.0151428821917808,0.0331010082191781,0.0284381260273973,0.018400295890411,0.0343629150684931,0.00899413698630142
"100288",0.00636252054794523,0.012704701369863,0.0279607671232877,0.0240377424657534,0.0154937863013699,0.0293514958904109,0.00787401643835617
"100289",0.00967726027397259,0.0190356164383562,0.0373528767123288,0.0324641095890411,0.0229561643835616,0.0395720547945205,0.0105008219178082
"100290",0.0128319178082192,0.0222939835616439,0.0438497917808219,0.0381148767123288,0.0266432328767123,0.0457886356164383,0.0118488931506849
"100291",0.0127713315068493,0.019544597260274,0.0434572164383561,0.0375511835616438,0.0230188383561644,0.0445332931506849,0.0119076383561644
"100292",0.00771095890410955,0.0136904109589041,0.0309684931506849,0.0267452054794521,0.0162835616438356,0.0322917808219177,0.00819589041095889
"100293",0.00450721095890411,0.0095601095890411,0.0225466301369863,0.0192312602739726,0.0118401534246575,0.0236073369863014,0.00596555068493151
"100294",0.00324155616438357,0.00610415342465753,0.0176453260273972,0.014888504109589,0.00755669041095891,0.0181059068493151,0.00508554520547944
"100295",0.00182699178082191,0.00504979726027398,0.0132923178082192,0.0111538082191781,0.00655925479452055,0.0139273863013698,0.00401296438356163
"100296",0.00156738630136985,0.0042891397260274,0.0122764273972603,0.0101843287671233,0.00572764931506849,0.0126851506849315,0.00386446027397261
"100297",0.00101060821917809,0.00394416438356164,0.0103203397260274,0.00853593424657534,0.00540476712328768,0.0108385315068493,0.00306028493150684
"100298",0.000490202739726026,0.00311105753424658,0.00824493150684931,0.00677791780821918,0.00437947397260273,0.0087382794520548,0.00235396164383561
"100299",0.000368241095890412,0.00187808767123288,0.00538189589041096,0.0044310904109589,0.00261369863013698,0.00565952876712328,0.00158215890410959
"100300",0.000282684931506849,0.00109602739726027,0.00352934246575343,0.00294421917808219,0.00143969863013699,0.00371575342465753,0.00103561643835616
"100301",0.000239408219178082,0.000680734246575342,0.00236334246575342,0.00193744657534246,0.000938104109589041,0.00240963287671233,0.000668076712328766
"100302",0.000254876712328767,0.000631265753424658,0.00233427945205479,0.00189138082191781,0.000902136986301368,0.00233393424657534,0.000630690410958906
"100303",0.000293863013698631,0.0009921698630137,0.00332761643835617,0.00269980273972603,0.00142667945205479,0.00338214246575342,0.000872586301369861
"100304",0.000322328767123285,0.000814246575342469,0.00273835616438356,0.00225260273972603,0.00110452054794521,0.0027872602739726,0.000703287671232879
"100305",0.000374520547945203,0.000897671232876714,0.0027958904109589,0.00230671232876712,0.0012072602739726,0.00284808219178082,0.000689315068493148
"100306",0.000541282191780824,0.00126860273972603,0.00360433972602739,0.00300379178082192,0.0016590904109589,0.00370796712328767,0.000825863013698629
"100307",0.000676569863013697,0.00106963287671233,0.00319408219178082,0.00268448219178082,0.00132065753424657,0.00321587945205479,0.000662038356164379
"100308",0.000890421917808217,0.00136671780821918,0.00392247671232877,0.00329398356164383,0.00169676164383561,0.00392978082191781,0.000734147945205477
"100309",0.0136921205479452,0.0230293808219178,0.0465763397260274,0.0402573369863014,0.027725501369863,0.0481726794520548,0.0132427945205479
"100310",0.00906409863013696,0.0182784219178082,0.0367952438356164,0.0317725150684931,0.0223442849315068,0.0388216438356164,0.0103279452054795
"100311",0.0161764438356164,0.0304158246575342,0.0532757917808219,0.046587895890411,0.0367189315068493,0.0564240657534247,0.0148690356164384
"100312",0.0327724931506849,0.0458978630136987,0.0819858082191782,0.0715864767123288,0.0541824000000001,0.0829572493150685,0.0244934136986302
"100313",0.0331124547945206,0.0440627945205479,0.0827443726027398,0.0719901095890411,0.0517914849315069,0.0828996,0.0234584
"100314",0.0229353863013698,0.0352921808219178,0.0648554136986302,0.0570861863013699,0.0410015342465753,0.0673610630136986,0.0165892109589041
"100315",0.0101761150684931,0.0217736383561644,0.0407883945205479,0.0354476219178082,0.0265889095890411,0.0435874191780822,0.0094790958904109
"100316",0.00536597260273974,0.0131646082191781,0.0278724328767123,0.0238539452054795,0.0165173424657534,0.0296579835616438,0.00697709589041096
"100317",0.00362505205479452,0.00950301369863013,0.0210714520547945,0.0179367452054794,0.0120556931506849,0.0223962082191781,0.00591813698630136
"100318",0.00282051506849315,0.00633196712328768,0.0168760547945206,0.0141771835616438,0.00810796712328768,0.0174615671232877,0.00539855342465753
"100319",0.00228010410958905,0.00471999452054796,0.0139166575342466,0.0116053917808219,0.00610105205479453,0.0142044054794521,0.00459667397260274
"100320",0.00161882191780822,0.00439709589041096,0.0125145205479452,0.0104350684931507,0.00577835616438356,0.012997205479452,0.004048
"100321",0.000922827397260281,0.00280804383561645,0.00803476164383561,0.00672256438356165,0.00366465753424658,0.00842371506849315,0.00258191780821918
"100322",0.000679709589041094,0.00249721643835617,0.00657064109589041,0.00548807671232877,0.00332191232876712,0.00695174794520548,0.00202290410958905
"100323",0.000378739726027401,0.00132835068493151,0.00381580273972603,0.00314748493150685,0.00182071232876713,0.00396670684931507,0.00110248767123287
"100324",0.000528164383561645,0.00111942465753424,0.0039631506849315,0.0032458904109589,0.00152695890410959,0.00397523287671232,0.00117887671232876
"100325",0.000272613698630138,0.000737095890410957,0.00259134246575342,0.00212541369863014,0.0010115506849315,0.00263697534246575,0.000751824657534244
"100326",0.000378389041095887,0.000833852054794523,0.00288820821917809,0.0023844493150685,0.00110710136986301,0.00292866849315069,0.000814904109589041
"100327",0.00040060273972603,0.00109430136986301,0.0033037808219178,0.00271906849315069,0.00149408219178082,0.00338235616438356,0.000893260273972601
"100328",0.000464131506849312,0.00123704109589041,0.00355471780821918,0.00293558356164384,0.00167329315068493,0.00364975342465753,0.00091248219178082
"100329",0.00067380821917808,0.00124980821917808,0.00357057534246575,0.00298915068493151,0.00158909589041096,0.00362778082191781,0.000825698630136987
"100330",0.0010979397260274,0.00165617534246575,0.00480382465753425,0.00404070136986302,0.00203909041095891,0.00481444383561644,0.00109231780821918
"100331",0.00100984657534247,0.00164786849315068,0.00461070684931507,0.00387374794520548,0.00205780821917809,0.00464679452054795,0.0008916493150685
"100332",0.0124743780821918,0.0230749808219178,0.044613698630137,0.0391999232876712,0.0270339616438356,0.0474825534246575,0.0129108164383562
"100333",0.00995715616438358,0.022133095890411,0.0405420657534247,0.0352250136986301,0.0271910465753424,0.0434852383561644,0.0112928054794521
"100334",0.0284537972602739,0.0492070520547945,0.0792059780821918,0.0683259287671233,0.0614760438356164,0.0814929917808219,0.021656904109589
"100335",0.024055704109589,0.0343123232876713,0.064730295890411,0.0570478684931507,0.0392741369863014,0.0666125260273973,0.0220199671232877
"100336",0.0327006246575343,0.0403724712328767,0.0789526356164384,0.0708416876712329,0.0430043178082192,0.0810901479452055,0.027547397260274
"100337",0.0477259397260275,0.0664712383561644,0.104400493150685,0.0933755671232877,0.0760762136986303,0.107523084931507,0.0295980109589041
"100338",0.0407601315068492,0.0582352876712329,0.094651002739726,0.0837930082191781,0.0678594191780822,0.0970547506849315,0.0235926794520548
"100339",0.0191555068493151,0.0321426849315068,0.0592113095890411,0.0516490082191781,0.038399298630137,0.0616670246575343,0.014485698630137
"100340",0.00866630136986307,0.0188778082191781,0.0368301369863014,0.0316109589041096,0.0236235616438356,0.0389079452054795,0.00960986301369865
"100341",0.00449442191780824,0.00984350684931506,0.0230461369863014,0.0194265753424658,0.0126307287671233,0.0238912328767124,0.00688088767123288
"100342",0.00422755068493152,0.00828263013698632,0.0217123232876713,0.018298997260274,0.0104405260273973,0.0223029369863014,0.00714552328767123
"100343",0.00300050958904111,0.00683373150684932,0.0186271342465753,0.0157419232876712,0.00857236164383562,0.0194159232876712,0.00641920547945204
"100344",0.00210821917808218,0.00589232876712331,0.0162879452054795,0.0135994520547945,0.00773835616438356,0.0169742465753425,0.00539506849315069
"100345",0.000983912328767114,0.0032141698630137,0.0082320383561644,0.00687557260273973,0.00426854246575344,0.00866745753424657,0.00264922191780823
"100346",0.000790553424657531,0.00267652602739726,0.00708532602739725,0.00586586301369863,0.00364103013698629,0.00739814794520548,0.00219698630136986
"100347",0.000797808219178082,0.00214610410958904,0.00623026849315068,0.00513021369863014,0.0029285698630137,0.00637970410958905,0.00193192328767123
"100348",0.000478635616438357,0.00124043835616439,0.00366761095890411,0.00302750136986301,0.00167549589041096,0.00375675616438356,0.00111729863013699
"100349",0.000454684931506848,0.00131434520547945,0.00390792328767123,0.00322757260273972,0.00177948493150685,0.00402864657534246,0.00115535342465754
"100350",0.000470438356164386,0.00123621917808219,0.00386879452054794,0.00317838356164384,0.00169227397260274,0.00394339726027397,0.00111328767123288
"100351",0.000508230136986296,0.0013070904109589,0.00377353424657534,0.00312818630136986,0.0017437808219178,0.00388196164383562,0.0010587506849315
"100352",0.000896383561643836,0.0016307890410959,0.00483305753424658,0.00405349589041096,0.00205044931506849,0.00491460821917809,0.00127920000000001
"100353",0.0012105205479452,0.00170761643835617,0.00531041095890411,0.00446327671232877,0.00207836712328767,0.00529338082191781,0.00137023561643836
"100354",0.00144315616438356,0.00219853150684931,0.00618792328767123,0.00518031780821918,0.00276164383561644,0.00616977534246575,0.00143289863013699
"100355",0.00130888219178082,0.00269007671232877,0.00646048219178082,0.0054132602739726,0.00348841643835616,0.00661817534246575,0.00123192328767123
"100356",0.0014793205479452,0.0027883397260274,0.00687219726027397,0.00579883835616438,0.00351772054794521,0.0070394301369863,0.00119763287671232
"100357",0.0423089972602739,0.0606624,0.0974936986301369,0.0863173260273973,0.0708428273972603,0.0999711123287672,0.0331929863013699
"100358",0.0417481643835617,0.0554824328767123,0.0937265095890409,0.0849161424657534,0.0603499178082192,0.0975910356164383,0.0340441863013698
"100359",0.0524449205479453,0.0634524493150685,0.107591419178082,0.0979858082191781,0.0673712219178083,0.110612964383562,0.0387061260273973
"100360",0.0469790246575343,0.056308515068493,0.0962576657534246,0.0853077479452054,0.0637207671232876,0.0957389150684931,0.0301704328767123
"100361",0.0284361643835616,0.0480052602739726,0.0812311232876712,0.069449205479452,0.0606191780821917,0.082581698630137,0.0236037260273973
"100362",0.00922424657534249,0.0173669205479453,0.0377758630136986,0.0317504109589041,0.0224121479452055,0.0384599616438356,0.0117975342465754
"100363",0.0057841095890411,0.0104330520547945,0.0258170739726027,0.0218268931506849,0.013045304109589,0.0263903561643836,0.00884085479452054
"100364",0.00349923287671233,0.0101651506849315,0.0233853698630137,0.0196088219178082,0.0134158356164383,0.0246212054794521,0.00817216438356164
"100365",0.00217823561643835,0.00592954520547945,0.0173367123287671,0.014348997260274,0.0079632,0.0178596273972603,0.00615204383561643
"100366",0.00118201095890412,0.00337548493150686,0.00917138630136986,0.00758551780821917,0.00457068493150685,0.00947700821917809,0.00318356164383561
"100367",0.00108893150684931,0.00289857534246575,0.00785917808219178,0.00649906849315068,0.00391616438356164,0.00808663013698629,0.00265002739726028
"100368",0.00129076164383561,0.00400311232876711,0.0103678136986301,0.00855374246575343,0.00548753972602739,0.0107443287671233,0.00347825753424658
"100369",0.00111639452054794,0.00274379178082192,0.00754931506849316,0.00623184657534247,0.00371010410958904,0.00771350136986301,0.00251631780821918
"100370",0.000788630136986303,0.00231248219178082,0.00633496438356165,0.00520464657534247,0.00319387397260274,0.00650861917808219,0.0020023397260274
"100371",0.00060881095890411,0.00181561643835616,0.00515712328767123,0.00424210410958904,0.00249705205479452,0.00530623561643836,0.00158950136986301
"100372",0.000590027397260273,0.00161972602739726,0.0044241095890411,0.00367079452054795,0.00216854794520548,0.00457621917808219,0.00132580821917808
"100373",0.000898717808219179,0.00192315616438356,0.00549172602739727,0.0045914301369863,0.0024768,0.00563375342465754,0.00157992328767124
"100374",0.00110684931506849,0.00204054794520548,0.00593315068493151,0.00496520547945205,0.00259260273972602,0.00602383561643836,0.00161835616438356
"100375",0.00125181369863014,0.00254110684931506,0.00678096986301369,0.00566064657534246,0.00329881643835616,0.0069152712328767,0.00169594520547945
"100376",0.00105973698630137,0.00296066849315069,0.00674798356164383,0.00561744657534247,0.00397676164383562,0.0070337698630137,0.0014189095890411
"100377",0.00130757260273973,0.00298014246575343,0.00719064657534246,0.00601777534246575,0.00389664657534246,0.00742094246575342,0.00145196712328766
"100378",0.0385902739726027,0.0564721369863014,0.0904340547945206,0.0814219178082191,0.0637258082191781,0.0948549863013699,0.0372311780821917
"100379",0.043459501369863,0.0573694301369863,0.0977830575342465,0.0886290246575342,0.062148301369863,0.101800460273973,0.0438074136986302
"100380",0.0315502465753424,0.040261698630137,0.0808946849315069,0.073297095890411,0.0414645479452055,0.0846781369863014,0.0386200547945206
"100381",0.0212570958904109,0.0350264547945205,0.0675096986301369,0.0591651287671233,0.0409833534246575,0.0706013917808219,0.0308896438356164
"100382",0.0133143780821918,0.0242783342465753,0.049812098630137,0.0419526246575342,0.0312714410958904,0.0505922301369863,0.0179129424657534
"100383",0.010225298630137,0.0175703671232877,0.0389136109589041,0.0329765479452055,0.0220336,0.0395814904109589,0.0145263780821918
"100384",0.00356208219178084,0.00841819178082193,0.0190904109589041,0.015950904109589,0.0111254794520548,0.0197312876712329,0.00711101369863013
"100385",0.00216884383561644,0.00550163835616439,0.0140523287671233,0.0116725315068493,0.00734899726027398,0.0144937808219178,0.00546524383561643
"100386",0.00130485479452054,0.00282470136986301,0.00795469589041096,0.0065809095890411,0.00376701369863014,0.00807504657534247,0.00313992328767124
"100387",0.00168742465753424,0.00360493150684932,0.00999413698630137,0.00828109589041096,0.00478654794520549,0.0101520273972603,0.00382569863013699
"100388",0.00215342465753425,0.00561164383561644,0.014286301369863,0.0118294520547945,0.00757260273972601,0.0147130136986301,0.00531301369863013
"100389",0.00195469589041096,0.00425915616438356,0.0118089753424657,0.00978454794520547,0.00566153424657534,0.0120131890410959,0.00438367671232877
"100390",0.00179809315068492,0.00348094246575342,0.0104119671232877,0.00862592876712329,0.00457648219178082,0.0105002082191781,0.00381558356164383
"100391",0.00126871232876712,0.00260784657534245,0.00787123287671233,0.00652837260273973,0.00342533698630136,0.00798375890410958,0.00281389589041095
"100392",0.000956515068493154,0.00207287671232877,0.0060100602739726,0.00498088767123287,0.00274417534246575,0.00611320547945205,0.00203925479452055
"100393",0.000878356164383566,0.00206684931506849,0.00573123287671233,0.00474712328767123,0.00276054794520547,0.00585972602739725,0.00181643835616439
"100394",0.000835819178082196,0.00215868493150685,0.00562224657534247,0.00463795068493151,0.00293865753424657,0.00576213150684932,0.00166143561643836
"100395",0.000861287671232877,0.00191145205479452,0.00525402739726027,0.00435057534246575,0.00254909589041096,0.00534846575342466,0.00146934246575342
"100396",0.000981824657534242,0.00272757808219178,0.00666554520547945,0.00553662465753425,0.00366737534246575,0.00692029589041096,0.00171471780821918
"100397",0.00153501369863014,0.00296832328767123,0.00822744657534246,0.0068705095890411,0.00382543561643835,0.00836242191780821,0.00212482191780822
"100398",0.00205098082191781,0.00370106301369863,0.0102005917808219,0.00854636712328766,0.00470261917808219,0.0103428164383562,0.00246154520547945
"100399",0.00234187397260274,0.00434340821917807,0.0115610301369863,0.00973676712328767,0.0054580602739726,0.0118124712328767,0.00268642191780823
"100400",0.0178162191780822,0.0284395068493151,0.0609197260273973,0.0534048767123288,0.0324802191780822,0.0636882191780822,0.033129205479452
"100401",0.0296741315068493,0.0399523561643835,0.0808319342465753,0.0716627397260275,0.0440672821917808,0.0833105863013698,0.0430582465753424
"100402",0.0269936876712328,0.0376836657534246,0.0785666465753425,0.0675069698630137,0.0451857041095891,0.0787401205479453,0.0361309315068493
"100403",0.00951271232876716,0.0178027068493151,0.0384165369863014,0.0323851068493151,0.0228144000000001,0.0392091287671233,0.0153024986301371
"100404",0.00523267945205477,0.0107974246575342,0.0238918136986301,0.0201513150684931,0.0138632164383561,0.0246490082191781,0.00944272328767121
"100405",0.00250702465753425,0.0054215287671233,0.012912701369863,0.0107955671232877,0.00709659178082193,0.0132545150684932,0.00529547397260274
"100406",0.00147837808219178,0.00329695342465754,0.00865698630136987,0.00720334246575342,0.00434755068493151,0.00886256438356164,0.00366675068493151
"100407",0.00128388493150686,0.00367701369863013,0.00929372602739725,0.00769557808219178,0.00498227397260273,0.00962936438356164,0.00383937534246576
"100408",0.00182684931506849,0.00434301369863013,0.0116224657534247,0.00959342465753424,0.00587397260273972,0.0118498630136986,0.00470575342465754
"100409",0.00233473972602739,0.00451183561643836,0.0125591506849315,0.0104666301369863,0.00585065753424659,0.0127369315068493,0.00509408219178083
"100410",0.00216660821917808,0.00411514520547945,0.0118252109589041,0.00983870136986302,0.00534437260273973,0.0119581150684931,0.00464513424657534
"100411",0.00175190136986302,0.00279902465753425,0.00949078356164385,0.00783205479452055,0.00365595616438356,0.0094027397260274,0.0036670684931507
"100412",0.00142880000000001,0.00300127123287672,0.00886305753424657,0.0073251506849315,0.00399822465753426,0.00896883287671234,0.00329860821917809
"100413",0.00118075616438357,0.00258630136986301,0.00746958904109589,0.00615522191780822,0.00348861369863013,0.0075572602739726,0.00271921095890411
"100414",0.000790093150684935,0.00194288219178082,0.0055130301369863,0.00452383561643836,0.00267116712328767,0.00559587945205479,0.00190448219178082
"100415",0.000775232876712328,0.00190010958904109,0.00520693150684931,0.00427734246575343,0.00260679452054795,0.00529175342465753,0.00168361643835616
"100416",0.00121297534246576,0.00254265753424658,0.00704864109589041,0.00581109589041096,0.00342426301369862,0.00711135890410958,0.00216441095890411
"100417",0.0019560109589041,0.00327450410958903,0.00963744657534246,0.00797340273972602,0.00428963835616437,0.00958470684931506,0.00285089863013699
"100418",0.0027332602739726,0.00414070136986301,0.0124473424657534,0.0103702794520548,0.00525226301369863,0.0123630356164384,0.00356397808219178
"100419",0.00263618630136986,0.00459936438356165,0.0126908493150685,0.0106661260273973,0.00577157260273974,0.0128732054794521,0.00337586849315069
"100420",0.0412344,0.0482712657534247,0.101425463013699,0.0891926136986302,0.0532290575342467,0.101394838356164,0.056257495890411
"100421",0.0354080657534246,0.046582498630137,0.0949539287671233,0.0814059671232876,0.0560510575342466,0.0938869589041096,0.0463013808219178
"100422",0.0121795397260274,0.0237732821917808,0.0467512767123288,0.0396615780821918,0.0303470136986301,0.0482099506849316,0.0199248657534247
"100423",0.00710362739726025,0.0140617095890411,0.0299529479452055,0.0252163452054795,0.0181612328767123,0.0307036547945206,0.0125219945205479
"100424",0.00274487671232877,0.00546986301369863,0.0134151780821918,0.0112549589041096,0.00704120547945206,0.0137255890410959,0.00585501369863013
"100425",0.00214303561643836,0.00424514520547944,0.0116373424657534,0.00967129863013698,0.00556647123287671,0.0117888219178082,0.00509555616438358
"100426",0.00254386849315066,0.00548050410958904,0.0150373698630137,0.0124682520547945,0.00726899726027398,0.0152961753424657,0.00651572602739726
"100427",0.00185863013698631,0.00473602191780823,0.0121258191780822,0.0100569315068493,0.00635361095890412,0.0124899945205479,0.0051089095890411
"100428",0.0016613808219178,0.00478380273972602,0.0114426082191781,0.00947518356164384,0.00650052602739726,0.0118731726027397,0.00470909041095889
"100429",0.00205693150684931,0.00352997260273974,0.0109203287671233,0.00905424657534247,0.0045828493150685,0.0109208219178082,0.00455326027397261
"100430",0.00182099726027397,0.00377064109589041,0.0106706849315068,0.00886564383561644,0.00494940273972602,0.010846202739726,0.00441287671232878
"100431",0.00143342465753425,0.00309287671232876,0.00881630136986301,0.00726739726027398,0.00416794520547945,0.00891287671232877,0.00357123287671232
"100432",0.000979101369863011,0.00210851506849315,0.0063403397260274,0.00519287671232876,0.00289262465753425,0.00636519452054794,0.00244760547945206
"100433",0.00107045479452055,0.00208863561643836,0.00630046575342465,0.00519574246575343,0.00278765479452055,0.00632660273972603,0.00231951232876712
"100434",0.00151573150684932,0.00287304657534247,0.00831251506849316,0.00688298630136987,0.00378724931506851,0.00836166575342467,0.00289081643835618
"100435",0.00161799999999999,0.00309,0.00879440000000001,0.00729200000000001,0.004062,0.00886360000000001,0.002848
"100436",0.00208578082191781,0.00424859178082192,0.0117693369863014,0.00976709589041096,0.00559987397260274,0.0119320767123288,0.00360034520547946
"100437",0.0355186465753424,0.051140997260274,0.0938338849315068,0.0823125260273972,0.0595857808219179,0.0960523452054795,0.0527075561643835
"100438",0.0313262904109589,0.043745101369863,0.0857505315068493,0.0745281260273973,0.0514149150684933,0.0867607616438357,0.0443616164383561
"100439",0.0173265753424657,0.0274042082191781,0.0588742356164383,0.0496860712328767,0.0346350904109589,0.058950991780822,0.0280792109589041
"100440",0.00601534246575341,0.0110356164383562,0.0255616438356164,0.0215342465753425,0.014052602739726,0.0260427397260274,0.0116230136986301
"100441",0.00707641643835619,0.0120269589041096,0.0297455671232877,0.0251630136986301,0.0149529205479452,0.0302417753424658,0.0133565917808219
"100442",0.0041495780821918,0.00751854246575342,0.0199351232876712,0.0167465753424658,0.00951473424657534,0.0202673753424658,0.00892168219178083
"100443",0.00253027397260272,0.0067146904109589,0.0160214630136986,0.0133876602739726,0.00888570410958903,0.0166944,0.00699514520547945
"100444",0.00223398904109588,0.00487791780821917,0.0130183232876712,0.0108256931506849,0.00643009315068493,0.013297495890411,0.00571178630136986
"100445",0.0020174301369863,0.00430392328767122,0.011757402739726,0.00971718904109588,0.00576261369863014,0.0119092931506849,0.00521580821917809
"100446",0.0017619397260274,0.00349042191780821,0.0102332931506849,0.00845156164383562,0.00464729863013699,0.0103020931506849,0.00454268493150685
"100447",0.00173957260273973,0.00415351232876711,0.0112017534246575,0.00921284383561644,0.00567478356164383,0.011380602739726,0.00476896438356164
"100448",0.00159644931506848,0.0032322904109589,0.00945705753424657,0.00776624109589041,0.00438720547945205,0.00947826849315068,0.00387294794520548
"100449",0.00153373150684932,0.00261070684931507,0.00811094794520548,0.00668896438356165,0.00345008219178082,0.00805887123287672,0.00319693150684933
"100450",0.0021713095890411,0.00297545205479452,0.00973882739726027,0.00810180821917808,0.00373420273972602,0.00958807671232877,0.00369089315068494
"100451",0.00249423561643837,0.00354508493150685,0.0109717150684932,0.00918008767123288,0.00439283287671233,0.0108892493150685,0.00392160000000001
"100452",0.00296324383561644,0.00480144657534247,0.0142772164383562,0.0119476821917808,0.00603327123287671,0.0143382356164384,0.00485928767123288
"100453",0.00267693150684931,0.00529616438356165,0.0152381369863014,0.0127143561643836,0.00683123287671235,0.015507397260274,0.0051088219178082
"100454",0.0172777534246576,0.0279323287671233,0.059356493150685,0.0506575342465754,0.0344047123287672,0.0603248767123288,0.0292140821917808
"100455",0.0159570849315068,0.0316376986301369,0.0633197369863013,0.0531815890410958,0.0412959342465753,0.0647151342465753,0.0321802082191781
"100456",0.00849534246575345,0.0209495890410959,0.0416830684931507,0.0348979726027397,0.0278595068493151,0.0433821369863014,0.0223673424657534
"100457",0.00942397808219175,0.0211332164383561,0.0414865424657534,0.0350479123287671,0.0274503287671232,0.0432149972602739,0.0228580438356164
"100458",0.0267505479452054,0.0355849315068493,0.0787413698630137,0.0676602739726027,0.042097808219178,0.0786032876712329,0.0450636986301369
"100459",0.0279709643835616,0.0408271068493151,0.0823128657534246,0.071625304109589,0.0477926630136987,0.084096197260274,0.0500047397260274
"100460",0.0229179616438356,0.0316738630136986,0.0739664657534246,0.0629212931506848,0.0383957917808219,0.0736326136986302,0.0446660383561644
"100461",0.0210427397260274,0.0353655561643835,0.0730306849315068,0.0609111671232876,0.0463270356164383,0.072656591780822,0.0387461479452054
"100462",0.0192219616438356,0.0308355945205479,0.0654266301369863,0.0551097863013699,0.0392434849315069,0.0654641095890411,0.0304832876712329
"100463",0.00933822465753426,0.0139546136986301,0.0367279726027397,0.0311935780821918,0.0168342356164383,0.0370474136986301,0.0171738356164384
"100464",0.00494624657534248,0.00894301369863015,0.0232008219178082,0.019585095890411,0.0111740821917808,0.0237005479452055,0.0109065205479452
"100465",0.00303380821917809,0.00557112328767123,0.0156897534246575,0.0130997260273973,0.00715178082191781,0.0158778082191781,0.00730778082191781
"100466",0.00235912328767124,0.00412733698630137,0.0125755945205479,0.010390301369863,0.00543444931506849,0.0125451178082192,0.00589611506849316
"100467",0.0018092493150685,0.00401447123287674,0.011388597260274,0.00936461917808221,0.00545910684931508,0.0115055287671233,0.00525660273972603
"100468",0.00160075616438357,0.00430824109589041,0.0111376328767123,0.0091942794520548,0.00586496438356164,0.0114549917808219,0.00497088219178082
"100469",0.00239020273972601,0.00455434520547944,0.013103802739726,0.010814202739726,0.00607048767123287,0.0131387178082192,0.00572903013698629
"100470",0.00210526027397259,0.00364832876712329,0.0110278356164383,0.00912180821917809,0.00478553424657534,0.0110036712328767,0.0045986301369863
"100471",0.00225331506849315,0.00356860273972603,0.0106401369863014,0.00886608219178082,0.00454202739726027,0.0106135890410959,0.00415452054794521
"100472",0.0253532876712329,0.0441539671232877,0.0842105917808219,0.0707317479452054,0.0573816328767124,0.0846407342465754,0.0430079671232877
"100473",0.0195899616438356,0.0367863232876713,0.0730748493150685,0.0619295561643836,0.0469151561643836,0.0749438246575343,0.0401993643835616
"100474",0.0200247780821917,0.0341202082191781,0.0711750575342466,0.0605777424657534,0.0425751780821917,0.0725565698630137,0.0402755178082192
"100475",0.0248763616438357,0.0345495452054795,0.0776783342465754,0.0659952876712329,0.042250191780822,0.0771184438356164,0.0451788493150685
"100476",0.0222284712328767,0.0322118136986301,0.0724931506849316,0.0616233205479452,0.0394694136986301,0.0724517260273972,0.0459703232876712
"100477",0.0112963506849315,0.0164250739726028,0.0428236273972603,0.0359893698630138,0.0204629479452055,0.0425431232876712,0.028412295890411
"100478",0.0123614904109589,0.0193000767123288,0.0476493808219178,0.0401197369863013,0.0241826410958905,0.0477410630136986,0.0304794520547945
"100479",0.0201327616438356,0.0305394575342466,0.0697993150684931,0.0594870739726027,0.0372179671232877,0.070435495890411,0.0415684438356165
"100480",0.0108991232876712,0.0163687232876712,0.0422112328767123,0.0356247123287671,0.0202056328767123,0.0422739616438356,0.0212842191780822
"100481",0.00711150684931508,0.00804347397260277,0.0269894136986301,0.0227922410958904,0.00929200000000002,0.0264835835616439,0.0136607342465753
"100482",0.00507504657534247,0.00618580821917808,0.0207330630136986,0.017377402739726,0.00743682191780823,0.0203469369863014,0.0103682630136986
"100483",0.00368359452054794,0.00511298630136986,0.0164092493150685,0.0136668931506849,0.00640911780821916,0.0161848109589041,0.00807837808219176
"100484",0.00331235068493149,0.00667384109589042,0.0180092931506849,0.0150534136986301,0.00861694246575342,0.0183824219178082,0.00875936438356165
"100485",0.00332837260273974,0.00617850410958903,0.0171031068493151,0.0142614739726027,0.0079817589041096,0.0172962575342466,0.00810151232876713
"100486",0.0034786191780822,0.00572690410958906,0.0169452273972603,0.0140754410958904,0.00739392876712328,0.0169020054794521,0.00776876712328767
"100487",0.00277319452054797,0.00480081095890414,0.0141596273972603,0.0117817863013699,0.0061858191780822,0.0142130191780822,0.00611145205479455
"100488",0.00305482191780823,0.00500503561643835,0.0144490191780822,0.0121122246575343,0.0062769698630137,0.0145432602739726,0.00588269589041095
"100489",0.00221015890410958,0.00423746849315068,0.0112424,0.00945356712328767,0.00536495342465754,0.0114999342465753,0.0042925808219178
"100490",0.0220298630136986,0.0299465753424658,0.0735402739726027,0.0627842465753425,0.0356050684931506,0.0735258904109589,0.0406824657534247
"100491",0.0188604931506849,0.0328353315068493,0.0699645589041095,0.0598696767123288,0.0403620383561644,0.0719730410958904,0.0393271890410959
"100492",0.0201400931506849,0.0340825479452055,0.0721996602739726,0.0619644821917807,0.0415238794520548,0.0742496712328767,0.0429877479452055
"100493",0.0209150465753425,0.0350800767123288,0.0750711287671234,0.0631041205479452,0.0449844164383562,0.0753948,0.0472942520547945
"100494",0.0143876712328767,0.0256610958904109,0.0593802739726027,0.0496158904109589,0.0333369863013699,0.0597821917808219,0.0399969863013699
"100495",0.0111682082191781,0.0146316931506849,0.0416875835616438,0.0348764493150685,0.0181663342465753,0.0408469479452055,0.0275655671232877
"100496",0.0126700219178082,0.0199800493150685,0.0500487671232877,0.042163490410959,0.0249745424657534,0.0502564383561643,0.0311776821917808
"100497",0.00991386301369862,0.0156475616438356,0.0420664109589041,0.0349948493150685,0.0201871780821918,0.0417490410958903,0.0226314520547945
"100498",0.00609972602739725,0.00860493150684932,0.0259835616438356,0.0217008219178082,0.0107550684931507,0.0256920547945206,0.0136953424657534
"100499",0.00634980821917805,0.00887552876712328,0.0274053698630137,0.0230688,0.0107431890410959,0.0273319890410958,0.0142891397260274
"100500",0.00523607671232876,0.00838227945205477,0.0237321863013699,0.0198952273972603,0.0105146136986301,0.0238222849315068,0.012067002739726
"100501",0.00409767123287672,0.00743692602739726,0.0203577863013699,0.017124098630137,0.00934083835616439,0.0207402356164384,0.0101103671232877
"100502",0.00415259178082192,0.00660670684931508,0.0194098191780822,0.0162479342465753,0.00829236164383559,0.019459397260274,0.00950275068493148
"100503",0.00417523287671234,0.00625180821917809,0.0194323287671233,0.0162202191780822,0.00784597260273973,0.0193380547945205,0.00930679452054795
"100504",0.00288427397260274,0.00499125479452055,0.0150301589041096,0.0125053150684932,0.00642014246575341,0.0150913095890411,0.00658796712328769
"100505",0.00303853150684932,0.00567636164383561,0.0158407232876712,0.0132448438356164,0.00726687123287671,0.0160772383561644,0.00662459178082192
"100506",0.00329240547945203,0.00576098630136984,0.0161141260273973,0.0135030575342466,0.00729001643835617,0.0163007342465753,0.00643002739726026
"100507",0.00215151780821916,0.00378374794520549,0.013698295890411,0.0112531561643836,0.0050428602739726,0.0136213643835617,0.00638787945205478
"100508",0.0104036931506849,0.0188448,0.0394221698630137,0.0336916164383562,0.0233590794520548,0.0406682301369863,0.0211466191780821
"100509",0.0183787397260274,0.0318086136986302,0.0670112876712329,0.0572985863013699,0.0392236273972603,0.0688118794520549,0.0371441095890411
"100510",0.0213994520547945,0.0378838356164383,0.0773344438356164,0.0648668054794521,0.0491900054794521,0.0779091287671232,0.0461139287671233
"100511",0.015825106849315,0.0271361753424657,0.0624381369863014,0.0526880219178082,0.0342734465753425,0.0632588712328767,0.0416756383561643
"100512",0.0134363013698631,0.0201678082191781,0.0502438356164384,0.0425589041095891,0.0247212328767124,0.0504575342465754,0.0342760273972603
"100513",0.0191455780821918,0.0272399342465754,0.0668665315068493,0.0559429808219177,0.034527408219178,0.0657481315068493,0.0425962301369863
"100514",0.00730641095890411,0.0153580821917808,0.0364065205479452,0.0300487671232877,0.0207624109589041,0.0367656438356165,0.0213074520547945
"100515",0.0150446739726027,0.0238565205479452,0.0594455616438356,0.049267095890411,0.0312803945205479,0.0586483671232876,0.0325141479452055
"100516",0.00896806027397257,0.0152003671232877,0.0403224,0.0336645315068493,0.019513304109589,0.0404596219178082,0.0212363945205479
"100517",0.00657194520547943,0.0122520547945205,0.0314934794520548,0.0265883835616438,0.0153478356164384,0.0322613698630137,0.0159832328767123
"100518",0.00530755068493149,0.00957078356164381,0.0256072767123288,0.0216193534246575,0.0119068493150685,0.0261683506849315,0.0128872767123288
"100519",0.00498927123287671,0.00705343561643834,0.0220393643835616,0.018484997260274,0.00865042191780821,0.0219268602739726,0.0111712767123288
"100520",0.00481532054794523,0.00561094794520547,0.0203374136986302,0.0170726575342466,0.00659617534246576,0.019973797260274,0.0101535561643836
"100521",0.00369715068493151,0.00468616438356165,0.0169811506849315,0.0141798082191781,0.00568923287671233,0.0167237260273972,0.00787808219178079
"100522",0.00367772054794521,0.00649055342465754,0.019083802739726,0.0159160109589041,0.00830776986301371,0.0192370410958904,0.00857009315068494
"100523",0.00378964383561642,0.00653717808219179,0.0189966301369863,0.0158244383561644,0.00839717808219176,0.0190815616438356,0.00831649315068492
"100524",0.0131448547945205,0.031033698630137,0.0563134136986302,0.0480568328767123,0.0398325917808219,0.0596220164383561,0.029056
"100525",0.0225828383561645,0.0378924821917809,0.0751523835616438,0.0645291835616438,0.0465021150684932,0.0770946739726027,0.0400961205479451
"100526",0.0283912109589042,0.0374563561643837,0.0848754575342465,0.0723889808219179,0.0450644383561645,0.0840270410958904,0.0492665589041097
"100527",0.0250984273972603,0.0370392767123288,0.0799146246575342,0.0681307726027397,0.0453299397260274,0.0801833315068493,0.0499975890410959
"100528",0.0238717150684931,0.0316216109589041,0.0745782575342465,0.0639500712328767,0.0372368219178082,0.0745019178082192,0.048266498630137
"100529",0.022649797260274,0.0297641205479452,0.0727626849315069,0.0624460712328767,0.0347238684931507,0.0728218301369863,0.0479977424657535
"100530",0.014838805479452,0.0226515287671233,0.0563603835616439,0.0478333808219178,0.0276421479452055,0.0568342356164384,0.0360781150684932
"100531",0.0134687123287671,0.0187880273972603,0.0504064493150685,0.0427135835616438,0.0226385917808219,0.0503506739726027,0.0310131561643835
"100532",0.0253995835616438,0.0336594410958904,0.0800231452054795,0.0680134136986302,0.0406584109589041,0.0791825534246576,0.0453442630136986
"100533",0.0154607342465753,0.0265891068493151,0.0612886794520548,0.0516069698630137,0.0337766575342465,0.0619700602739726,0.0308807890410959
"100534",0.00717773150684931,0.0112653150684931,0.030728898630137,0.0261915178082191,0.013408306849315,0.0313186630136986,0.0154996602739726
"100535",0.00706932602739724,0.00932195068493152,0.0293451397260274,0.0249174356164383,0.0108143780821918,0.0293921753424657,0.0152789479452055
"100536",0.00597109041095889,0.00784005479452055,0.0254654575342466,0.0213993150684932,0.00943205479452056,0.0252332,0.0131023780821918
"100537",0.0048822794520548,0.0077551561643836,0.0241783452054795,0.0201165808219178,0.00988699178082192,0.0241106849315069,0.0119747945205479
"100538",0.00422268493150685,0.00789879452054795,0.0228249863013699,0.0189656438356165,0.0102881095890411,0.0230217534246575,0.0109304657534247
"100539",0.00438698630136986,0.00753759452054797,0.0225185260273973,0.0186499561643836,0.00984790684931505,0.0224794191780822,0.010648093150685
"100540",0.00472087671232876,0.00667704109589043,0.022135397260274,0.018138301369863,0.00887912328767124,0.0215066301369863,0.0105800547945205
"100541",0.00248106849315069,0.00432312328767123,0.0144756164383562,0.0118171890410959,0.00591022465753424,0.0142689150684932,0.00750319452054794
"100542",0.0123881095890411,0.0258105205479452,0.0538330356164383,0.0455492219178082,0.0330882410958904,0.055765298630137,0.0289651397260274
"100543",0.0154750575342466,0.0305143123287671,0.062993797260274,0.0535929095890411,0.0385157589041096,0.0652648438356164,0.0332184547945205
"100544",0.0191123506849314,0.0321923835616438,0.0693158794520549,0.0593649863013698,0.0393373479452054,0.0711092712328767,0.0367888438356164
"100545",0.0224817260273972,0.032947205479452,0.0745423561643835,0.0639009863013699,0.0394434246575342,0.0753367945205479,0.0413019999999999
"100546",0.027122104109589,0.0379836493150685,0.0813784109589041,0.0700238465753424,0.0451974575342465,0.0818502575342466,0.0473479890410958
"100547",0.0386329095890411,0.0488725534246576,0.0951996931506849,0.0824756767123288,0.0574244109589041,0.0943023890410959,0.0555626575342466
"100548",0.0369491506849315,0.0433430136986301,0.0923236931506849,0.0805811178082192,0.0487286136986301,0.0916351232876713,0.0574863616438356
"100549",0.0295320054794521,0.033146701369863,0.0809470082191781,0.0712598630136986,0.034900098630137,0.0814295671232877,0.0534021863013699
"100550",0.0206087506849315,0.0276971452054794,0.0688173972602739,0.0588250301369863,0.0327081863013698,0.0688363068493151,0.0449210794520548
"100551",0.0107862136986301,0.0167462191780822,0.0402413917808219,0.0344243726027397,0.020082005479452,0.0409664164383561,0.025863698630137
"100552",0.0108981863013699,0.022360904109589,0.0478382739726028,0.0404804767123288,0.0285644547945206,0.049491994520548,0.0275298301369863
"100553",0.00746632876712328,0.0149358904109589,0.0355196164383562,0.0301174794520548,0.0187280547945206,0.0367642739726027,0.0184063835616439
"100554",0.00915680000000002,0.0128112,0.03704,0.0315808,0.0149344,0.0373808,0.0195248
"100555",0.00793657534246575,0.0103473534246575,0.0327139397260274,0.0275499671232877,0.0123824438356164,0.0324311342465753,0.0170764602739726
"100556",0.00544940273972602,0.0089314301369863,0.0268384876712329,0.0223733698630137,0.0113718356164384,0.0268743232876712,0.0138600219178082
"100557",0.00489205479452054,0.00741803835616436,0.0240836383561644,0.0199017205479452,0.00962840547945204,0.0237606575342466,0.0121922630136986
"100558",0.00508242191780819,0.00826609315068491,0.0256720712328767,0.0213317424657534,0.0106091835616438,0.025617101369863,0.0126224547945205
"100559",0.00327191780821917,0.00525136986301369,0.015877397260274,0.0130808219178082,0.0069445205479452,0.0156664383561644,0.00812191780821918
"100560",0.00356547945205479,0.00577873972602738,0.0170588219178082,0.0141228493150685,0.00753558904109589,0.0169278904109589,0.00869473972602738
"100561",0.00893740273972604,0.0198808109589041,0.0425074849315069,0.0358220712328767,0.0257672547945206,0.0441206794520548,0.0234752219178083
"100562",0.0110788383561644,0.0199899068493151,0.0458634794520548,0.0388408493150685,0.025094591780822,0.0469060547945206,0.0256788273972603
"100563",0.0125526575342466,0.0221521315068493,0.0509744219178082,0.0431911232876712,0.0277200000000001,0.052041994520548,0.0278002849315069
"100564",0.0189757369863013,0.0300861369863014,0.0672440109589041,0.0573865205479452,0.0367665095890411,0.0682849315068493,0.0367067178082192
"100565",0.0253507616438356,0.0336930520547945,0.0753369095890411,0.0651188712328766,0.0391118794520548,0.0757481095890411,0.041480504109589
"100566",0.0346002739726027,0.0442561643835616,0.0870200547945205,0.0760737863013697,0.0507782794520548,0.0873360657534247,0.0476591342465754
"100567",0.0521599561643835,0.057064701369863,0.112735791780822,0.0983723506849314,0.0646195397260274,0.109553128767123,0.0631079342465753
"100568",0.0441576493150685,0.0443627013698631,0.0998106410958904,0.0881071397260273,0.0466213808219179,0.0979620657534245,0.0635537095890412
"100569",0.0314162849315069,0.0371133808219177,0.0846978410958904,0.0741627835616439,0.0407296657534246,0.0849446136986302,0.0586435287671233
"100570",0.0173146410958904,0.0247764383561644,0.0603967780821918,0.0514026904109589,0.0299049205479452,0.0605603506849315,0.0417230410958905
"100571",0.0070298794520548,0.0152389753424657,0.0363387068493151,0.0306411232876713,0.019488191780822,0.0376508164383562,0.0240200164383562
"100572",0.0169470191780822,0.0309501643835616,0.066516301369863,0.0558301205479451,0.0400377753424658,0.0673795835616438,0.0383057643835616
"100573",0.00726301369863014,0.0117260273972603,0.031572602739726,0.0266082191780822,0.0145479452054794,0.0318630136986301,0.0171890410958904
"100574",0.00700786849315066,0.0106157589041096,0.0310767780821918,0.0261765698630137,0.0129938410958904,0.0312167452054794,0.0170433753424657
"100575",0.0059401808219178,0.00775647671232876,0.0266088493150685,0.022202098630137,0.00953383561643836,0.0262034465753425,0.0144410410958904
"100576",0.00579331506849315,0.00862001095890411,0.0282681863013699,0.0233291397260274,0.0112196383561644,0.0278091397260274,0.0150270246575342
"100577",0.00802258082191781,0.010786602739726,0.0340271561643836,0.0284890246575343,0.0132422301369863,0.0336236493150685,0.0172585643835616
"100578",0.00629549589041095,0.0116062684931507,0.031536394520548,0.0262186082191781,0.0151467835616439,0.0317622356164383,0.0156237150684931
"100579",0.00277980821917809,0.00424130958904111,0.0119345753424658,0.0100088383561644,0.00529768767123288,0.0119243835616438,0.00594231780821917
"100580",0.00373286575342466,0.00554581917808218,0.0158713643835616,0.0132548821917808,0.00699711780821918,0.0157490301369863,0.00806403287671234
"100581",0.00899843287671226,0.0148123452054795,0.0366133369863014,0.031121808219178,0.0181116657534247,0.037292701369863,0.0216594575342466
"100582",0.0103877753424658,0.0195639780821918,0.0420255123287672,0.0359548767123288,0.0241621150684932,0.0436111397260274,0.0240380383561644
"100583",0.0160162136986302,0.0240585479452055,0.054942701369863,0.0471278136986301,0.0287686794520547,0.0557685753424658,0.0306721643835616
"100584",0.0187813698630137,0.0252032876712329,0.0579221917808219,0.0498016438356165,0.0296021917808219,0.0580646575342466,0.0315594520547945
"100585",0.0127252109589041,0.0170512767123288,0.0365112493150685,0.0315766849315069,0.019926,0.0366856767123288,0.0193880712328767
"100586",0.0495072602739727,0.057136301369863,0.111788273972603,0.0968855616438357,0.0663791780821918,0.108870328767123,0.0576970684931507
"100587",0.0498850630136985,0.0482299452054794,0.107836087671233,0.0947140383561643,0.0513305534246575,0.104294323287671,0.0655320273972602
"100588",0.0388710684931507,0.0409474301369863,0.0931175342465754,0.0817886136986301,0.0439071561643837,0.0918061479452056,0.0636933041095892
"100589",0.0199104000000001,0.0264375671232877,0.0668760547945205,0.0575037808219178,0.030502005479452,0.0672905205479452,0.0486716493150685
"100590",0.00988133698630139,0.0145901589041096,0.0424638684931507,0.0354635397260274,0.018371594520548,0.0421331726027398,0.0296026739726027
"100591",0.0126922191780822,0.0194041753424657,0.0491358520547945,0.041608405479452,0.0237943342465753,0.0494628657534247,0.0316406191780821
"100592",0.012034794520548,0.016073698630137,0.0448642465753425,0.0375450684931507,0.0200128767123288,0.0440361643835616,0.0260195890410959
"100593",0.00640816438356165,0.00894312328767122,0.0273138082191781,0.0227973698630137,0.011181205479452,0.026968602739726,0.015710301369863
"100594",0.00707736986301369,0.00715524383561647,0.0282888657534247,0.0234916,0.00860850958904108,0.0271413698630137,0.0161153315068493
"100595",0.00706990684931508,0.0102691068493151,0.0327596383561644,0.0272066301369863,0.0130625753424658,0.0323496657534247,0.0176076164383562
"100596",0.00916273972602738,0.0130898630136986,0.0387665753424657,0.0324969863013698,0.0161967123287671,0.0385150684931507,0.020426301369863
"100597",0.00513945205479452,0.00865799999999997,0.0230535342465753,0.0194336164383561,0.0107796712328767,0.0233657534246575,0.011573397260274
"100598",0.00337187945205479,0.00485865205479452,0.0134960657534246,0.0114194849315069,0.005871298630137,0.0135285479452055,0.00686969863013698
"100599",0.00437372054794521,0.00628753972602739,0.0176236273972603,0.0147116712328767,0.00793952876712328,0.0174030246575342,0.0089673205479452
"100600",0.0120615068493151,0.0177067123287671,0.043058493150685,0.0370232876712329,0.0207661643835617,0.0438064383561644,0.0251576712328768
"100601",0.0152108876712329,0.0211371287671233,0.0510979068493151,0.0437603671232877,0.0250030356164384,0.0513769315068493,0.0296190739726028
"100602",0.0171998191780822,0.0248800054794521,0.0564884547945206,0.0484174136986302,0.0297469205479452,0.0569919287671233,0.0321737534246576
"100603",0.0129428219178082,0.0197367123287671,0.0416022739726027,0.0357750136986301,0.0237503287671233,0.0422941095890411,0.0231732602739726
"100604",0.0271932,0.0405717808219178,0.0788247616438356,0.0681230520547945,0.0487034630136986,0.0800404712328766,0.043797309589041
"100605",0.0377455178082191,0.0437367726027397,0.0934770520547945,0.0813904,0.0494186630136987,0.0923376109589042,0.0555569424657534
"100606",0.0435720547945206,0.0468087671232876,0.10120904109589,0.0873520547945205,0.0536468493150685,0.097634794520548,0.0638904109589041
"100607",0.0144173698630137,0.0232058630136986,0.0543590684931506,0.0471232876712329,0.0269168219178082,0.0563500273972602,0.0395505753424658
"100608",0.0146834630136987,0.0204813369863014,0.0537062794520549,0.0454738191780821,0.0248167232876713,0.0535435397260274,0.0382091178082192
"100609",0.00889589589041095,0.0124992,0.0358923945205479,0.0304331671232877,0.0148917205479452,0.0360055232876713,0.0243563178082192
"100610",0.00838343013698628,0.0141458301369863,0.0366058191780822,0.0310238465753425,0.0173790246575343,0.0373017534246575,0.0232235835616438
"100611",0.00783863013698627,0.0119088493150685,0.0330144657534247,0.0276825205479452,0.0148989863013699,0.0329515890410959,0.0196440821917808
"100612",0.00787666849315066,0.00785397260273971,0.0299060164383562,0.0249678684931507,0.00923483835616437,0.0287509150684931,0.0171748164383562
"100613",0.0112285369863014,0.0107971068493151,0.0405982246575343,0.0342646356164384,0.0120086794520548,0.0393039342465753,0.0218342575342466
"100614",0.0122562246575342,0.0138163068493151,0.0447716219178083,0.0380276876712329,0.0156628602739726,0.0441129205479452,0.0237734630136986
"100615",0.00810887671232874,0.0131597260273972,0.034271506849315,0.0289750684931507,0.0162340273972603,0.0346961095890411,0.0177711780821918
"100616",0.00587708493150685,0.00882739726027398,0.0232337095890411,0.019710597260274,0.0106909589041096,0.0234210465753425,0.0120680328767123
"100617",0.00932567671232876,0.0194964493150685,0.0407301369863013,0.0341192219178082,0.0256003068493151,0.0417547068493151,0.0244433095890411
"100618",0.0134180273972603,0.022723890410959,0.0486476438356165,0.0411313698630137,0.0287365205479452,0.0492312054794521,0.0287715342465754
"100619",0.0170582465753425,0.028106904109589,0.057433698630137,0.0489708493150685,0.0349140273972603,0.0583817534246576,0.0334986849315069
"100620",0.0157839452054794,0.0261188219178082,0.0534253424657535,0.0456662739726027,0.032251397260274,0.0544885753424658,0.0317640821917808
"100621",0.0305417205479452,0.0406273315068494,0.0833193643835617,0.0722234301369863,0.0474998794520549,0.0836130630136988,0.0481166465753424
"100622",0.042091808219178,0.0485237260273972,0.099300904109589,0.0860052328767124,0.056047397260274,0.0970200821917807,0.0595294520547944
"100623",0.0301724383561643,0.034880301369863,0.083520197260274,0.0725973534246576,0.038682690410959,0.0830719726027398,0.0577096767123287
"100624",0.0098860273972603,0.0146184109589041,0.0398753424657535,0.0338197260273972,0.017609698630137,0.0401641095890411,0.0286762739726028
"100625",0.0108563835616438,0.0144631726027397,0.0414206191780822,0.0350971616438356,0.0171935616438356,0.0412662630136986,0.0289246301369863
"100626",0.0092531890410959,0.0152231671232877,0.041732602739726,0.0352418904109589,0.0187482794520548,0.0423068876712329,0.0274382630136986
"100627",0.00740346849315066,0.0115294958904109,0.031709895890411,0.0267916712328767,0.0141096383561644,0.0319904657534247,0.0197430410958904
"100628",0.00707049863013695,0.010437402739726,0.0302439123287671,0.0251581150684931,0.0133245863013699,0.0298717808219178,0.0181888767123287
"100629",0.0142832219178082,0.0190242739726028,0.0512153753424658,0.0435704547945206,0.0225163726027397,0.0510993863013698,0.0291173917808219
"100630",0.0136149260273973,0.0171764876712329,0.0502460547945205,0.0428467287671233,0.0197723780821918,0.0501380657534246,0.0263410191780822
"100631",0.0118712328767123,0.0169246575342465,0.0458547945205479,0.0389276712328767,0.0202769863013698,0.0460331506849315,0.0246246575342466
"100632",0.0104117534246576,0.014612498630137,0.0393746136986302,0.0335043835616438,0.017363298630137,0.0395482794520548,0.0208824876712329
"100633",0.00729821917808218,0.00796548493150687,0.0253687068493151,0.0212370904109589,0.00956866849315069,0.0244570356164384,0.0143510630136987
"100634",0.0131052821917808,0.0217485369863014,0.0483206794520548,0.0406198356164383,0.027774197260274,0.048520701369863,0.0295320821917808
"100635",0.0212976657534247,0.0281533479452055,0.064574597260274,0.0548244493150686,0.0342574027397261,0.0636665753424658,0.0384660493150685
"100636",0.0177187397260274,0.0275901917808219,0.058451397260274,0.0497324383561645,0.0341681643835616,0.0589029589041096,0.0353453698630137
"100637",0.0252427397260273,0.0394625753424657,0.0770012054794521,0.0662676164383561,0.0480147287671233,0.0783783452054794,0.0460589589041095
"100638",0.0373537808219179,0.0459509589041096,0.0926561095890411,0.0806985205479452,0.0527903835616438,0.0921208767123289,0.0570114246575342
"100639",0.0346187397260274,0.0392675068493151,0.0905727123287672,0.0783662465753424,0.0444379178082192,0.0890538082191781,0.0618638904109589
"100640",0.00898789041095893,0.0154455342465753,0.0388912602739725,0.032672602739726,0.0195768219178082,0.0393007123287671,0.0277508219178083
"100641",0.00918894794520547,0.0157367506849315,0.0403915178082192,0.0339363561643836,0.0198951123287671,0.0408250082191781,0.0284652876712329
"100642",0.00919859178082194,0.0128003671232877,0.0365971561643836,0.0308581643835617,0.0155506191780822,0.0364412219178082,0.0244006520547945
"100643",0.00903774794520545,0.0133183726027397,0.0372533863013698,0.031334109589041,0.0164384164383561,0.0371967726027397,0.0238563835616438
"100644",0.00833272328767126,0.0141337095890411,0.0352271452054794,0.0292410520547945,0.0185340054794521,0.0350770191780822,0.0216356383561644
"100645",0.0117220602739726,0.0188461479452055,0.0446538849315069,0.0378584876712329,0.0233056273972603,0.0451764657534247,0.0267014794520548
"100646",0.0169159452054794,0.0262060931506849,0.0612292821917808,0.0520134356164384,0.0321923068493151,0.0617766356164384,0.0342405479452055
"100647",0.0158137205479452,0.0241485808219178,0.0580532164383561,0.0491297095890411,0.0298497753424657,0.0582853917808219,0.0313108383561644
"100648",0.0158921534246576,0.0212461698630137,0.0566671671232876,0.0483055342465754,0.0250183178082192,0.0566694630136987,0.0310542136986301
"100649",0.0131472657534246,0.0193126904109589,0.0496364273972602,0.0426884273972602,0.0224049205479451,0.0506241643835617,0.0271511342465753
"100650",0.0104569424657534,0.015371901369863,0.0392837479452054,0.0334658082191781,0.0184139506849315,0.0396413479452055,0.0217858410958904
"100651",0.00794980821917807,0.00922117260273975,0.0266048876712329,0.0224056547945205,0.01104,0.0258698958904109,0.014928701369863
"100652",0.00717301917808219,0.00785612054794518,0.023989501369863,0.0202065205479452,0.0092696219178082,0.0232345424657534,0.0136829479452054
"100653",0.0183883890410959,0.0222348876712329,0.0560705863013699,0.047660202739726,0.0263920493150685,0.0549464767123288,0.0361697589041096
"100654",0.0171276273972603,0.0219791780821918,0.0533287452054795,0.0457166904109589,0.0257035397260274,0.0531029041095891,0.0347694465753424
"100655",0.0119755232876712,0.0219207616438356,0.0453981369863014,0.0383803726027397,0.0279614630136986,0.0463324767123288,0.0292431616438356
"100656",0.0348712767123288,0.0428250082191781,0.0910076547945206,0.0781836164383562,0.0506012547945205,0.0894012657534246,0.0569395726027397
"100657",0.036480493150685,0.0411669041095891,0.0928920164383562,0.0803244712328768,0.0468426684931507,0.0910143890410959,0.0636800547945207
"100658",0.0253051616438357,0.0337864,0.0789017534246576,0.0673222246575342,0.0404723397260274,0.0784241863013699,0.0566683506849315
"100659",0.0154227726027398,0.0220742136986301,0.056277391780822,0.0477317260273972,0.026767605479452,0.0563229808219178,0.0404671123287672
"100660",0.0134026520547945,0.0166408767123287,0.0478668821917808,0.0402135780821918,0.0202407780821918,0.0468305753424657,0.0324871890410959
"100661",0.0100552438356165,0.0151759232876713,0.0401287561643835,0.0338293479452055,0.0187540273972603,0.0401958246575342,0.0262137205479452
"100662",0.0210791506849315,0.0267457808219178,0.067831397260274,0.0575122191780822,0.0321346849315068,0.0667714520547945,0.0420869589041096
"100663",0.0116744109589041,0.0168303287671233,0.0413583671232877,0.0353748109589041,0.0199962136986301,0.0417553643835616,0.0255575397260274
"100664",0.018479397260274,0.0250224657534246,0.0605793424657534,0.0518332602739726,0.0296075616438356,0.060640602739726,0.0366595616438355
"100665",0.0185695890410958,0.0236088657534246,0.0620345643835616,0.0529439616438357,0.0276237808219178,0.0616631726027397,0.0373212328767123
"100666",0.0234015232876712,0.0247423780821918,0.0681646794520547,0.0586642630136986,0.027279802739726,0.0668064109589041,0.0391609205479452
"100667",0.0195238027397261,0.0239202630136986,0.0622347178082192,0.0538010410958905,0.0267184547945206,0.0624155616438357,0.0340499616438356
"100668",0.00961643835616433,0.0165320547945205,0.0386054794520548,0.0327879452054794,0.0204821917808219,0.0394142465753424,0.0209490410958905
"100669",0.00959335890410959,0.0131027178082192,0.0325343342465753,0.0277517589041096,0.0155991452054795,0.0325356164383561,0.0177391232876712
"100670",0.00978243835616438,0.0136583287671233,0.0328446301369863,0.0280287397260274,0.0163508493150685,0.0329064383561644,0.0185759452054794
"100671",0.010702602739726,0.011872602739726,0.0332950684931507,0.0283080821917808,0.0137256164383562,0.0324591780821918,0.0186682191780822
"100672",0.013283506849315,0.0170514246575342,0.0443761643835616,0.0377844657534246,0.0201565479452055,0.0440275068493151,0.0304937260273972
"100673",0.0141522410958904,0.0160678575342466,0.0441191452054794,0.0377709589041095,0.0182300054794521,0.0434345205479452,0.0304832876712329
"100674",0.00920623561643835,0.0164082575342466,0.0367011123287671,0.0309269589041096,0.0209104767123288,0.037263698630137,0.0251711506849315
"100675",0.023448,0.0285528,0.0677255999999999,0.0578352,0.0337344,0.0665136,0.044196
"100676",0.0415261643835617,0.0422621095890411,0.0998756712328767,0.0857436986301369,0.0481557534246576,0.095593808219178,0.0659157534246576
"100677",0.0307158794520548,0.0385779726027397,0.0845785424657534,0.0737071232876712,0.0436352273972602,0.0849722575342465,0.0614592273972603
"100678",0.0168595287671232,0.0225974356164383,0.0564603835616437,0.048205501369863,0.0267547616438356,0.0563961863013698,0.0412633424657534
"100679",0.0203332219178082,0.0273804273972602,0.0681938520547945,0.057779210958904,0.0332307890410958,0.0675639342465753,0.048293698630137
"100680",0.0176230849315068,0.0240945205479452,0.0597779178082192,0.0509440438356165,0.0287770849315068,0.0597238520547945,0.0403330520547945
"100681",0.0188759999999999,0.0261528,0.0621288,0.052968,0.0314327999999999,0.062076,0.0398784
"100682",0.0151595397260274,0.0185437041095891,0.0490561643835616,0.0419863890410959,0.0213780602739725,0.0486807780821918,0.0308935342465754
"100683",0.0137187123287671,0.017977808219178,0.0472356986301369,0.0403886301369862,0.0209646575342466,0.0472413698630137,0.0293996712328767
"100684",0.0121316164383561,0.0165956164383562,0.0426950684931507,0.0362402739726027,0.019969095890411,0.0425421917808219,0.0264867397260274
"100685",0.0216536547945205,0.0295263123287671,0.0670996602739727,0.0578448000000001,0.0345294246575342,0.0675792,0.0400479780821918
"100686",0.0233018301369864,0.0285521753424658,0.0696942246575342,0.0601403178082192,0.0325166684931507,0.0694673095890411,0.0401457095890411
"100687",0.0189239890410959,0.0246065260273973,0.0625540273972603,0.0533541917808219,0.0290656547945206,0.062214191780822,0.034447194520548
"100688",0.0141876383561644,0.0166944767123288,0.0447445698630137,0.0384645698630137,0.0188245150684931,0.0444176657534247,0.0240498191780822
"100689",0.014496197260274,0.0201319561643836,0.0469733260273973,0.0405741205479452,0.023336202739726,0.0476011726027397,0.0265683123287671
"100690",0.0148418630136986,0.0154446904109589,0.0436071452054795,0.0373216438356164,0.0172642191780822,0.042444098630137,0.0244350246575342
"100691",0.0112834246575342,0.0158235287671233,0.0396280164383561,0.0336206739726028,0.0191794630136986,0.0395415232876712,0.0279970465753425
"100692",0.0099383890410959,0.0164669753424658,0.0398830849315069,0.0337296273972603,0.0205008712328767,0.0404045643835617,0.027658597260274
"100693",0.0130543287671233,0.0191205095890411,0.0432071068493151,0.0366230410958904,0.0236231397260274,0.0431147452054794,0.0288432219178082
"100694",0.0296849917808218,0.0414048657534246,0.0849519780821917,0.0724793424657534,0.0506581808219178,0.0843747616438357,0.0544963726027397
"100695",0.0311073534246575,0.0426220273972602,0.0864578958904109,0.0746344109589041,0.0506083068493151,0.0867147287671233,0.0593069917808219
"100696",0.0249833972602739,0.0365135068493151,0.0786651506849314,0.0673799178082192,0.0441106575342465,0.0792295616438357,0.0572175342465753
"100697",0.0198593698630137,0.0276792438356164,0.0674322465753425,0.0573193863013698,0.0334617863013699,0.0672872876712329,0.0487167342465754
"100698",0.0221946301369863,0.0305700164383562,0.0733714849315069,0.0628024767123288,0.0362320876712329,0.0736155397260274,0.0512256657534246
"100699",0.0213766684931507,0.0292622958904109,0.0693924493150685,0.0593525424657534,0.0348007232876712,0.0694647945205479,0.0461589205479452
"100700",0.0178948273972602,0.0227367452054795,0.0585038794520548,0.049874005479452,0.0267881917808219,0.0580061753424658,0.0373345643835616
"100701",0.0204173589041096,0.024383101369863,0.063318202739726,0.0538998575342466,0.0286466849315068,0.0621573260273973,0.0395143671232876
"100702",0.0182979452054795,0.0257252219178082,0.0589520383561644,0.0503131561643835,0.0310175506849315,0.0589880712328767,0.0366724602739726
"100703",0.0217962520547945,0.0306823342465753,0.0689832164383561,0.0594300109589041,0.0361207232876712,0.0697010410958904,0.0419033479452055
"100704",0.0227687671232876,0.0323050191780822,0.0704952986301369,0.0605249753424657,0.0386057095890411,0.0709320328767123,0.0422140931506849
"100705",0.0238793205479453,0.0296700493150686,0.0705336109589041,0.0606125589041096,0.0344469479452055,0.0700008328767124,0.0414454794520548
"100706",0.0234988712328767,0.0315689205479452,0.0704832438356165,0.0611109698630138,0.036368701369863,0.0712212602739726,0.0397619726027397
"100707",0.0218964383561644,0.0266439178082191,0.064226301369863,0.0560139178082192,0.0293529315068494,0.0646749589041095,0.0357633698630136
"100708",0.0191051835616438,0.0230997863013699,0.056938701369863,0.0493715671232877,0.0257958739726027,0.0569903835616439,0.0313689369863014
"100709",0.0101772164383562,0.0182037369863013,0.0404567506849315,0.0343699726027397,0.0227315178082192,0.0414549205479452,0.0292865095890411
"100710",0.0104232219178082,0.018388909589041,0.0397153917808219,0.0336485589041096,0.0231778246575343,0.0404886958904109,0.0278061808219178
"100711",0.0151005150684932,0.0240399561643836,0.0508941808219179,0.0434107397260274,0.0296345863013699,0.051580295890411,0.0352212383561644
"100712",0.0253970136986301,0.0383808328767124,0.0755023561643836,0.0651945698630137,0.0461447013698631,0.0767813424657535,0.0497652164383561
"100713",0.0350344438356165,0.0422249589041096,0.0903677753424658,0.0782835890410959,0.0486064273972602,0.0893829808219178,0.0610299890410958
"100714",0.033448,0.0382868767123288,0.0897158082191781,0.0775303835616439,0.0434043835616439,0.0883412328767123,0.0641870958904109
"100715",0.0224333753424658,0.0287140931506849,0.0701725808219178,0.0597413095890411,0.0342629753424658,0.0693335835616438,0.0502640383561644
"100716",0.0245339178082192,0.0316742136986302,0.076156405479452,0.0654575342465754,0.0368211287671233,0.0760840767123289,0.0541887123287672
"100717",0.0255139726027397,0.0286547835616438,0.0748500821917809,0.0642815671232876,0.0324177534246575,0.0735675616438356,0.0505531397260273
"100718",0.0248453917808219,0.0276452383561644,0.0721674739726027,0.0618537534246575,0.0314580164383562,0.0706610630136986,0.0472026082191781
"100719",0.0332732547945205,0.0346002575342466,0.0888050465753425,0.0760586794520549,0.0392715452054795,0.0857880493150685,0.057040290410959
"100720",0.0353265753424657,0.0376471232876713,0.0915079452054794,0.078651506849315,0.0427704109589041,0.0887082191780821,0.0575465753424658
"100721",0.0315006246575343,0.0370467945205479,0.0842890520547945,0.0727685260273972,0.042488810958904,0.0830883945205479,0.0516716712328766
"100722",0.0250539616438356,0.0339542575342465,0.0728015561643836,0.0627184438356165,0.040141501369863,0.0729606794520548,0.0446075616438356
"100723",0.0251357589041096,0.0354040657534247,0.0739879232876712,0.0640029369863014,0.0417086356164384,0.0748296328767123,0.0444565698630137
"100724",0.029201205479452,0.036732904109589,0.0784013424657534,0.0687673150684931,0.0409996438356164,0.0792225205479452,0.0457263561643836
"100725",0.0282847561643836,0.0320102136986301,0.0759617753424657,0.0668290191780822,0.0340759232876712,0.0762876493150685,0.042300098630137
"100726",0.0192133369863013,0.0262884383561644,0.0601288712328767,0.0523467342465753,0.0298188712328767,0.0612819561643835,0.0318688
"100727",0.0155167561643836,0.0170043616438356,0.0489234410958904,0.0417045041095891,0.0193554410958904,0.0478408767123288,0.0272758356164384
"100728",0.0145131780821918,0.0213758630136986,0.048848,0.0419308493150685,0.0254666301369862,0.049497698630137,0.0357392602739726
"100729",0.0184959068493151,0.0252618136986301,0.0567089260273973,0.0488096547945206,0.0297438520547945,0.0569874465753425,0.0405483068493151
"100730",0.0227711780821918,0.0323643287671233,0.0684448767123287,0.0591427397260275,0.0382026301369863,0.0692715616438356,0.0479142465753425
"100731",0.0300474520547945,0.0386611506849315,0.0808855013698631,0.0705519342465754,0.0441308493150685,0.0814080657534247,0.0548635178082192
"100732",0.0338126465753426,0.0420911342465753,0.0882262356164383,0.076741610958904,0.0482432876712329,0.0880296328767123,0.0604054356164384
"100733",0.0342322410958904,0.0375372328767124,0.0891091945205479,0.0775922630136986,0.0412128493150685,0.087957501369863,0.0637566301369863
"100734",0.0337071671232876,0.03862941369863,0.090399495890411,0.0783470684931506,0.0434195616438355,0.0893175452054794,0.065797698630137
"100735",0.0279527671232876,0.032982904109589,0.0802928219178083,0.0696466849315069,0.0367910136986301,0.0800265205479452,0.057967890410959
"100736",0.0346459616438357,0.0398112,0.0919023780821918,0.0793685260273974,0.0453744876712329,0.0903728657534247,0.0634152109589041
"100737",0.0264212602739726,0.0291885808219178,0.074094290410959,0.0636327232876713,0.0331322082191781,0.0724719780821918,0.0492718684931507
"100738",0.0287383342465754,0.0316176438356165,0.0810645260273973,0.0697490410958905,0.0355777753424659,0.0794706739726028,0.0545887123287672
"100739",0.0343967671232878,0.0411805479452054,0.0906346849315068,0.0787224657534247,0.0467618630136986,0.0900131506849316,0.0608010410958905
"100740",0.0373357808219179,0.0492417534246575,0.0938048219178083,0.0817770410958905,0.057402904109589,0.0941452602739727,0.0599827397260274
"100741",0.0362306191780822,0.045869501369863,0.0934725698630136,0.0807960547945206,0.0538308383561644,0.0926789260273972,0.0590937863013699
"100742",0.032610410958904,0.0422053972602739,0.086438493150685,0.0750367945205478,0.0490320821917808,0.0864832876712329,0.0532905479452054
"100743",0.0364495178082191,0.0413977315068492,0.0901465753424658,0.0791744493150685,0.0452914575342466,0.0897647780821917,0.0552333369863014
"100744",0.0375764219178082,0.0390797150684932,0.0894651397260274,0.0790543178082192,0.0409374191780822,0.0886736219178082,0.0517203726027397
"100745",0.0270289753424657,0.0293214465753425,0.0733802082191781,0.064112602739726,0.0313788602739726,0.072910093150685,0.0396692602739726
"100746",0.0202865260273973,0.0283470794520548,0.0656135616438357,0.0561106465753425,0.0339169698630137,0.0657777534246576,0.0365970849315069
"100747",0.0140185643835616,0.0179863561643835,0.0441837698630137,0.0372421479452055,0.0221071890410959,0.0431914191780822,0.0257334575342466
"100748",0.00878145753424656,0.00912710684931506,0.0258325972602739,0.0217419671232877,0.0108410630136986,0.0246598904109589,0.0154282849315069
"100749",0.00936213698630137,0.00963624109589042,0.0264621589041096,0.022620997260274,0.010862301369863,0.0256157698630137,0.0160165698630137
"100750",0.0213576383561644,0.0291001205479451,0.0652046410958905,0.0561557534246575,0.0342101095890411,0.065541698630137,0.0473356712328767
"100751",0.0293680876712329,0.0384645589041096,0.0826863780821918,0.0720112054794521,0.0439430465753425,0.0834620931506849,0.0590876712328767
"100752",0.0325952876712329,0.0385032767123287,0.0855257424657534,0.0746666082191781,0.0429119123287671,0.0853051616438356,0.0592110465753424
"100753",0.0356219178082193,0.0405553424657534,0.0891693150684932,0.0781602739726028,0.0445575342465753,0.0886991780821919,0.0617145205479452
"100754",0.033306783561644,0.0421070356164384,0.0869309479452055,0.0760907616438357,0.0476348931506849,0.0874986082191781,0.0623029917808219
"100755",0.0341847945205478,0.0456632712328767,0.0910283178082191,0.0791627835616437,0.0532140657534246,0.091586695890411,0.0655269369863014
"100756",0.0347787452054794,0.0416022410958904,0.0924015068493149,0.0801473260273973,0.0473491835616439,0.0916731561643836,0.0672286849315068
"100757",0.0315707671232878,0.0405621369863013,0.0885609863013698,0.0768577808219177,0.0465884383561644,0.0888526849315069,0.0652988219178082
"100758",0.0311406684931508,0.0376350630136987,0.0874545205479452,0.0754416054794521,0.0432346465753425,0.0866594794520548,0.0626866520547945
"100759",0.0318159452054795,0.0358849315068493,0.0877173698630137,0.0753066575342466,0.0411521095890411,0.085795397260274,0.0608918630136985
"100760",0.0269522410958905,0.0325772273972603,0.0784664547945206,0.067073402739726,0.0382555178082192,0.0771394630136986,0.0548723726027398
"100761",0.0290022794520548,0.0391260602739726,0.0848910136986302,0.0724935561643836,0.0472766904109589,0.0842353205479451,0.0594312986301371
"100762",0.0310947671232876,0.0443926410958905,0.0878241424657534,0.0759584931506849,0.0528437150684931,0.0887283726027397,0.0614370630136986
"100763",0.0427863013698631,0.0530039726027398,0.100812465753425,0.0879293150684932,0.0613469863013699,0.100056301369863,0.068029589041096
"100764",0.0433919452054794,0.0488963232876712,0.102864060273973,0.089222498630137,0.0558333041095891,0.100485939726027,0.0674342027397261
"100765",0.035921605479452,0.0437866191780822,0.0923330630136986,0.0804523397260273,0.0497740767123288,0.0920190904109588,0.0606846246575343
"100766",0.0370073315068493,0.0432803835616439,0.0900924219178083,0.0798374520547946,0.0467507780821917,0.0907846630136988,0.0560133315068494
"100767",0.0347875397260274,0.038685008219178,0.0856682301369863,0.0757372931506849,0.0411750575342466,0.0857589369863014,0.0498946191780822
"100768",0.0292680000000001,0.0377885369863014,0.0811455671232877,0.0709440876712328,0.0426383232876714,0.0820751342465754,0.0466060602739727
"100769",0.0337074849315069,0.0379998465753425,0.0872527232876712,0.0764277150684932,0.0413663452054795,0.0868945205479452,0.0503335561643835
"100770",0.0274561479452053,0.0380343123287671,0.0793082794520548,0.0689037205479452,0.0442311452054794,0.0803911068493151,0.057484010958904
"100771",0.0342843287671233,0.0408494794520547,0.0894509589041096,0.0782789589041096,0.0453844931506849,0.0895009315068492,0.0625282191780822
"100772",0.0378054410958903,0.0416359068493152,0.0936988438356164,0.082141512328767,0.0452936876712329,0.0928511178082191,0.0651744328767123
"100773",0.0414814684931508,0.0428828054794521,0.0978442520547945,0.0860843835616439,0.0455781698630138,0.0963419178082192,0.0685361095890411
"100774",0.0405007342465754,0.0434061808219178,0.0962558465753425,0.0847406246575342,0.0465968438356166,0.0952403506849315,0.0692135671232876
"100775",0.0408115726027396,0.0411626465753424,0.0962781534246575,0.0847051397260274,0.0433250136986301,0.0945849205479452,0.0701402301369862
"100776",0.0386295890410959,0.0396262794520549,0.0951996054794521,0.0831045479452056,0.0426508273972604,0.093221895890411,0.0699532493150685
"100777",0.0370596328767123,0.0395258027397261,0.0945865589041095,0.0823611287671233,0.0431643616438355,0.0929733260273973,0.071183501369863
"100778",0.035259095890411,0.0393952054794521,0.0932048767123288,0.079852301369863,0.0456736712328767,0.090554794520548,0.0699949863013699
"100779",0.0331452054794521,0.0394371232876712,0.0916565753424658,0.0784047945205479,0.0463843835616439,0.0897220547945206,0.0690693150684932
"100780",0.0376355452054795,0.0436856657534247,0.0990630849315068,0.0843575287671233,0.0521095178082192,0.0958723780821918,0.0727075890410959
"100781",0.0380586575342465,0.0518454246575342,0.0986422191780821,0.0844932328767123,0.0632761643835615,0.0975747945205478,0.0711712602739725
"100782",0.0284500273972602,0.042810904109589,0.0857248767123288,0.0731630136986301,0.0528210410958905,0.0860621917808219,0.0633277808219178
"100783",0.0338431068493151,0.0454129972602739,0.0911179890410958,0.0786721150684931,0.0538871178082192,0.0910332164383562,0.0661351890410959
"100784",0.0425800767123288,0.0441331397260274,0.100662082191781,0.0879984,0.0479249095890411,0.098416997260274,0.0722445369863013
"100785",0.0381650904109589,0.0440234520547944,0.0940549205479451,0.0823288438356164,0.0489495890410959,0.093403298630137,0.0647381698630136
"100786",0.0313890136986302,0.041115397260274,0.0823502465753425,0.0729344383561644,0.0454604657534247,0.0843421095890411,0.0537892602739727
"100787",0.0306932547945206,0.0377460986301371,0.0803395726027397,0.0711481808219179,0.0408535397260274,0.0817565424657534,0.0501787726027397
"100788",0.0327356493150684,0.0400252493150685,0.0835690082191781,0.0737947178082192,0.0438785753424658,0.0845558356164383,0.0508774136986301
"100789",0.0388162191780821,0.0413242191780822,0.0942358356164384,0.0828545753424658,0.0441945205479451,0.0932332602739726,0.057040602739726
"100790",0.0371276383561644,0.0401943452054794,0.0922610958904109,0.0805171068493151,0.0440712986301369,0.0908240547945206,0.0548338191780821
"100791",0.0349979123287671,0.0392097479452055,0.0897914520547946,0.0782424767123288,0.0433971671232878,0.0887659616438357,0.0529348383561644
"100792",0.0373530849315069,0.0435855561643835,0.0939430246575342,0.0825409095890411,0.0478914520547945,0.0939655013698629,0.055671605479452
"100793",0.0330335232876713,0.04249178630137,0.087204997260274,0.076795589041096,0.0474039506849316,0.0886098136986301,0.0528605205479452
"100794",0.0318179726027397,0.0362770301369863,0.0810322301369862,0.0715038684931506,0.038879802739726,0.0813614794520548,0.0496683945205479
"100795",0.0338010410958904,0.0415732931506849,0.0886287452054795,0.0771354739726028,0.047361205479452,0.0884177753424659,0.0621688438356165
"100796",0.0355150027397262,0.0445235506849316,0.0900453041095891,0.0790527123287672,0.0501202849315069,0.0906788383561644,0.0628620493150686
"100797",0.0397115232876711,0.0429197479452055,0.0947720164383561,0.0835977917808218,0.0458816657534247,0.0940985698630136,0.0666556219178083
"100798",0.0438583232876713,0.0425281315068493,0.099599693150685,0.0883405698630137,0.0432407342465754,0.0980446356164383,0.0704431561643835
"100799",0.0438037534246575,0.0457665479452054,0.0989384657534247,0.0875146301369863,0.0485497534246575,0.0976939178082192,0.0715243561643836
"100800",0.0434017315068492,0.048148602739726,0.100929731506849,0.0878263890410958,0.0544252273972603,0.0986304657534247,0.072930608219178
"100801",0.0374298082191781,0.0425084383561644,0.0923185479452054,0.0806164109589041,0.0473498630136986,0.0912936986301369,0.0706750684931506
"100802",0.0375103506849316,0.0440047452054795,0.0949497315068494,0.0821573643835617,0.0506020273972603,0.0934001808219179,0.0740042958904109
"100803",0.0287381698630137,0.0357956602739726,0.0805093698630137,0.0695182904109589,0.0413687232876712,0.0800700712328768,0.0660383561643835
"100804",0.0283434739726028,0.0365404273972603,0.0811452273972603,0.0695444054794521,0.0433942794520549,0.080390093150685,0.0666218630136987
"100805",0.0291377972602739,0.0376615726027397,0.0841862958904109,0.0723081589041095,0.0444066575342466,0.0836802630136986,0.0676144767123287
"100806",0.0277357808219177,0.0354578794520547,0.0812790739726028,0.0702479342465753,0.0408305589041095,0.0813572876712327,0.0642645863013698
"100807",0.0306941369863014,0.0392030684931507,0.0864977534246575,0.0744293698630137,0.0460304657534247,0.0859208767123288,0.0660431780821917
"100808",0.0384804986301369,0.0469069315068492,0.0959046082191781,0.0836107726027397,0.0535503616438356,0.0954096821917808,0.0709901589041095
"100809",0.0417631780821918,0.0453448767123288,0.0993468493150685,0.0869523287671233,0.0497973698630136,0.0977514520547945,0.0719962739726028
"100810",0.0394162082191781,0.0465623123287672,0.0946639780821917,0.0834880219178081,0.0513524547945206,0.0948454465753424,0.0670932821917808
"100811",0.0369976109589042,0.0470482630136986,0.0904832876712329,0.0798446465753426,0.0528702684931507,0.0915434958904109,0.0604318684931507
"100812",0.0321717260273972,0.0383545753424658,0.0840100821917808,0.0732474520547945,0.0430824657534247,0.0837080547945205,0.0542603835616438
"100813",0.0315518630136987,0.034351205479452,0.0814010410958904,0.0712760000000001,0.0369981643835617,0.0807576438356165,0.0531226027397261
"100814",0.0362536986301371,0.0430953150684932,0.0888872602739726,0.0782888767123288,0.0475867123287671,0.0891321369863013,0.0577610410958905
"100815",0.0397560657534246,0.0445508438356165,0.094989101369863,0.0831410246575342,0.0493975068493151,0.0937988,0.0593594136986301
"100816",0.0303889315068493,0.0337684931506849,0.0797207671232877,0.069012493150685,0.0378885205479452,0.0783049315068493,0.0487242739726027
"100817",0.0379697260273973,0.0451880219178082,0.0935820164383562,0.0830994575342465,0.0486692547945204,0.0947834465753425,0.0587696876712328
"100818",0.0360325479452054,0.0493892383561644,0.0929703452054794,0.0826183232876712,0.0551537753424657,0.0959280657534246,0.0585977424657534
"100819",0.0347209041095891,0.0434512602739726,0.0877354520547945,0.0777402739726027,0.047662191780822,0.0892594082191779,0.0545230794520547
"100820",0.0276706356164383,0.0384624493150685,0.0783838904109588,0.0688650027397261,0.0435836876712329,0.0803981260273973,0.047913408219178
"100821",0.0252089863013699,0.0314774794520548,0.0667377534246576,0.0588563287671233,0.0345948493150685,0.0677431232876712,0.0400363835616439
"100822",0.0101987506849315,0.0112472547945205,0.0264464219178082,0.0231545424657534,0.0121622794520548,0.0262761205479452,0.0162826520547945
"100823",0.0294470136986302,0.0416968767123288,0.0819468493150685,0.0712504109589042,0.0489935342465754,0.0831481643835616,0.0575151780821918
"100824",0.0356749205479453,0.0465547452054795,0.0899484602739727,0.0789124219178082,0.0532106739726028,0.0908489863013699,0.0621944931506849
"100825",0.0392460273972602,0.0458248767123288,0.0926470136986302,0.0822264109589041,0.0496298082191782,0.0932576438356165,0.0649446575342466
"100826",0.0391138465753424,0.0454533808219177,0.0924862465753425,0.0822226794520547,0.0488683999999999,0.0932482246575342,0.0660051945205479
"100827",0.0397601753424658,0.0485322410958904,0.0932578520547945,0.0826940712328768,0.0536077479452054,0.0941537095890411,0.0682319342465754
"100828",0.0346183561643835,0.0460523287671233,0.0870265753424657,0.0768583561643835,0.0520586301369863,0.0887323287671232,0.0670879452054794
"100829",0.0316412164383562,0.0437264438356165,0.0836649369863015,0.0729669698630137,0.0511125095890411,0.084710493150685,0.0671171123287672
"100830",0.0295106301369863,0.043883901369863,0.0823108931506849,0.0718513150684931,0.05168421369863,0.0843324164383561,0.0693875835616439
"100831",0.0203854027397261,0.0287962794520548,0.0616544547945205,0.0536374301369863,0.0332615178082192,0.0628621095890411,0.0534760931506849
"100832",0.0171880109589042,0.0292822356164384,0.0589092164383561,0.0503773589041096,0.0362709479452055,0.0603069589041096,0.0509824219178082
"100833",0.0200486630136986,0.029495884931507,0.0640182082191781,0.0550872821917809,0.0351726575342466,0.0648919397260274,0.053357194520548
"100834",0.0280978739726028,0.0356264767123288,0.080394191780822,0.0698957260273972,0.0403901369863013,0.0808277917808219,0.0645262136986302
"100835",0.0335516438356165,0.0435046575342465,0.0901379452054795,0.0782504109589042,0.0504456164383562,0.0902860273972603,0.0692930136986302
"100836",0.0368592767123288,0.048049495890411,0.0937113205479452,0.0819353260273973,0.0553048328767124,0.0943257479452055,0.0703630794520548
"100837",0.0419821643835616,0.0490919178082193,0.0992256164383562,0.0873300821917807,0.0544675068493151,0.0989371232876713,0.0728733698630137
"100838",0.0471892164383563,0.0520692383561644,0.104445632876712,0.0919055123287671,0.0575040219178082,0.102853435616438,0.0749272986301371
"100839",0.0497719780821917,0.0551545479452055,0.103092421917808,0.0914394356164384,0.0605750849315068,0.101813221917808,0.0695353260273972
"100840",0.0399345534246576,0.0438696328767123,0.0971247780821918,0.0836801753424657,0.0504694356164384,0.0941273424657535,0.0629461479452055
"100841",0.0320049095890411,0.0333431232876714,0.0824165698630137,0.0717473315068493,0.0360616328767123,0.0808931945205479,0.0564069698630138
"100842",0.0363302575342466,0.0444171397260276,0.0886430356164384,0.0787013917808219,0.0484545095890411,0.0899331726027398,0.0616533698630137
"100843",0.0421955780821918,0.0471189369863014,0.0955491945205479,0.0841548821917809,0.0518591835616438,0.0945214027397259,0.0629611068493151
"100844",0.0273422465753425,0.0382163835616439,0.0761708054794521,0.0660170630136986,0.0451147068493151,0.076910301369863,0.0493552109589041
"100845",0.0350797260273973,0.0463528767123288,0.0891328767123288,0.0790097260273973,0.0516649315068494,0.0912627397260273,0.0588232876712328
"100846",0.0381164054794522,0.0496540438356164,0.0939530794520548,0.083635610958904,0.0548389479452055,0.0963181808219179,0.0617379780821918
"100847",0.03642621369863,0.0491757150684932,0.09340381369863,0.0822610630136987,0.0560174684931507,0.0952065095890411,0.0594922301369862
"100848",0.0319641643835616,0.0401286136986301,0.084602191780822,0.0741556602739726,0.0449870465753426,0.0853198465753425,0.052614005479452
"100849",0.029522695890411,0.0319127013698631,0.074143791780822,0.065316602739726,0.0338124493150685,0.0738552547945207,0.0449300602739727
"100850",0.035955391780822,0.0452574794520547,0.0884800328767123,0.0782631342465754,0.0502964876712327,0.0897088383561644,0.062122608219178
"100851",0.0381241479452055,0.0489919068493151,0.0937988876712329,0.0821699506849314,0.0562153315068493,0.094258701369863,0.0666201698630137
"100852",0.038704389041096,0.0492727068493151,0.0934579890410959,0.0821795835616438,0.0560477424657533,0.0940943013698629,0.0689768712328768
"100853",0.0358708547945205,0.0476607452054795,0.089624301369863,0.0785771287671234,0.0549430027397261,0.0905723232876712,0.0696101698630137
"100854",0.0299983780821919,0.0434556493150685,0.082185687671233,0.0715273643835617,0.0513649534246575,0.0836071890410959,0.0672569863013699
"100855",0.0247284657534247,0.041276191780822,0.0734178356164384,0.0642127397260275,0.0492706849315069,0.0765445205479452,0.0633943835616438
"100856",0.0172004328767123,0.0267588876712329,0.0545662904109588,0.0475595123287672,0.0312901260273973,0.056391402739726,0.0486624109589042
"100857",0.0174093643835616,0.0268642356164383,0.0573832383561644,0.0493269095890411,0.0323271506849315,0.0584400657534246,0.0499831835616438
"100858",0.0266167232876712,0.0319486246575343,0.0755236821917809,0.0647957041095891,0.0371762410958904,0.0743818958904111,0.0611564273972603
"100859",0.0323627945205478,0.0395982904109589,0.0883611287671232,0.0764301589041096,0.0455064000000001,0.0877501589041095,0.069511002739726
"100860",0.0315046356164385,0.0379146301369863,0.0847983780821918,0.0742602739726027,0.0418751780821918,0.0851913863013698,0.0661959890410959
"100861",0.0327575561643837,0.0474023342465754,0.0884989260273973,0.0773759890410958,0.0555260054794521,0.0904213698630137,0.0684288657534247
"100862",0.0395983232876712,0.0499786520547946,0.0969819287671233,0.0848763287671234,0.057243287671233,0.0971254356164384,0.0729971506849315
"100863",0.043135298630137,0.0489521095890411,0.100637457534247,0.0881264219178082,0.0547089534246575,0.0993339616438356,0.076846290410959
"100864",0.0428265205479451,0.0507128219178082,0.0976839452054794,0.0867368219178082,0.0555820273972603,0.098227397260274,0.0745716164383562
"100865",0.0471241643835616,0.0534238356164383,0.105595232876712,0.0921338630136986,0.0607573150684931,0.103374575342466,0.0743810958904109
"100866",0.0240855452054795,0.0330127342465753,0.071969709589041,0.0622656547945206,0.0385076383561644,0.0726680767123288,0.0526536328767123
"100867",0.0390316438356165,0.0426956547945206,0.0934172383561643,0.0817694136986301,0.0469342356164383,0.092048498630137,0.0672818301369862
"100868",0.0423777753424657,0.0501049863013698,0.0950702465753425,0.0840124931506849,0.0558086136986301,0.0949087123287672,0.0658208
"100869",0.0335058575342464,0.0425627671232875,0.0853109095890411,0.0749269479452054,0.048018098630137,0.0860936054794521,0.057289808219178
"100870",0.0309749150684931,0.0421635835616438,0.081505501369863,0.0715014136986301,0.048392,0.0829206575342465,0.0558741698630136
"100871",0.0343974575342466,0.0496323068493151,0.088561315068493,0.0780634301369863,0.0574660383561644,0.0910418410958904,0.0611323616438355
"100872",0.0338457150684932,0.047671884931507,0.0893020821917809,0.0788904986301371,0.0542493205479452,0.091919501369863,0.0592421041095891
"100873",0.0320946410958904,0.0401069589041096,0.0853618849315069,0.074666695890411,0.0451248657534247,0.0858730520547946,0.0547130301369864
"100874",0.0291148712328767,0.0337760657534247,0.0775539397260274,0.0674303232876712,0.0377822027397261,0.0769530191780822,0.0477758904109589
"100875",0.0275459123287671,0.0401298465753424,0.0785325424657534,0.0679897863013699,0.0478206630136986,0.0796344931506849,0.0579466191780822
"100876",0.0322066849315068,0.0454626356164384,0.0878310849315068,0.0760682410958903,0.054088104109589,0.0885930630136986,0.0665882465753424
"100877",0.0392851506849315,0.0491446410958903,0.0973055616438357,0.0847050246575342,0.0568170246575341,0.0968471287671233,0.0749696931506849
"100878",0.0301767780821919,0.0409930191780822,0.0825265534246576,0.0720162082191782,0.0473277369863015,0.0836402520547946,0.0683573369863015
"100879",0.0202815890410959,0.0284171287671233,0.059809501369863,0.0522877917808219,0.032459704109589,0.0611883287671233,0.051689994520548
"100880",0.0212053479452055,0.0275201095890412,0.0612558904109589,0.0530246301369863,0.0317629808219178,0.0614518191780821,0.0528241972602739
"100881",0.0142441534246576,0.0195651068493151,0.0466106630136986,0.0402377424657535,0.0226061808219178,0.047181095890411,0.0404803616438357
"100882",0.0202861698630137,0.025629698630137,0.0604920438356165,0.0524756054794521,0.0289782794520548,0.0608104109589042,0.0501966465753425
"100883",0.0330293369863014,0.0407754520547945,0.0880334684931506,0.0763715671232876,0.0467880000000001,0.087636701369863,0.0691412493150684
"100884",0.0334481972602739,0.0463021150684931,0.089239802739726,0.0775934684931506,0.0544688657534247,0.0901143671232877,0.0692399780821917
"100885",0.0348217972602739,0.0500169369863013,0.0912058575342466,0.0797864219178083,0.0587144273972602,0.0930045698630138,0.0706145808219178
"100886",0.0363199890410958,0.0479599890410958,0.0923992767123287,0.0812089315068493,0.0546537863013699,0.0936908383561644,0.0720085479452054
"100887",0.0349755506849315,0.0511992657534245,0.0920641150684932,0.0804495561643835,0.0604979890410958,0.0939907616438355,0.0733283616438355
"100888",0.0362825753424657,0.0494468493150685,0.0933428493150685,0.081862904109589,0.0570538082191779,0.0948073424657533,0.07542301369863
"100889",0.0357546958904109,0.04391021369863,0.0907643397260274,0.0799039452054794,0.0487066520547945,0.091512898630137,0.0721950465753425
"100890",0.0246550684931506,0.0327649315068492,0.0727338082191781,0.0629341643835616,0.0379698904109589,0.0731867671232876,0.055947205479452
"100891",0.0375525479452054,0.044098208219178,0.0935903835616438,0.0812954465753424,0.0503069369863013,0.0923651780821918,0.0698581534246575
"100892",0.042518794520548,0.0534427616438356,0.0967993205479453,0.0852387726027397,0.0610366904109589,0.0970185205479452,0.0690840328767124
"100893",0.040463408219178,0.0482937534246576,0.0948783452054794,0.0836694246575343,0.0537422794520549,0.0949578410958904,0.0656269150684932
"100894",0.0342422575342466,0.0433844164383561,0.0852451397260274,0.0743286246575343,0.0500762739726027,0.0851493808219178,0.060257698630137
"100895",0.0341770301369863,0.0478336657534247,0.086836591780822,0.0759945698630137,0.0560087452054794,0.088174493150685,0.0628163890410959
"100896",0.029903408219178,0.0480712328767123,0.0827166356164383,0.0730837808219177,0.0562278356164383,0.0866150575342465,0.0570248876712329
"100897",0.0301751013698631,0.0388841753424658,0.081313895890411,0.0712000383561644,0.0439162794520548,0.0822163452054794,0.0537702082191781
"100898",0.0259533369863014,0.0338037698630138,0.0741801205479453,0.0641352328767124,0.0392656438356165,0.0742879561643836,0.0485098520547945
"100899",0.0265113205479451,0.0336475616438356,0.0746030356164383,0.0641707068493151,0.0394923068493151,0.0740246356164384,0.0563900383561644
"100900",0.0338287671232876,0.0421556164383562,0.0883947945205479,0.0767076712328768,0.0486350684931507,0.0879819178082191,0.0680975342465754
"100901",0.0278064328767123,0.0356695342465753,0.077103309589041,0.0669805369863014,0.0409208438356164,0.0773722520547945,0.0631820712328767
"100902",0.011085304109589,0.0166016876712329,0.0374526904109589,0.032585293150685,0.0190755616438356,0.0385884164383562,0.0328108931506849
"100903",0.0164671835616438,0.0236921424657534,0.0522670082191781,0.045189205479452,0.0277512,0.0531376821917808,0.0448192712328767
"100904",0.0100355068493151,0.0164087671232876,0.0360762739726027,0.0313492602739726,0.019156602739726,0.0374939178082192,0.0312817534246575
"100905",0.0152230191780822,0.0231509589041096,0.0499818082191781,0.0434429260273972,0.0269440767123287,0.0514517424657535,0.0411965753424658
"100906",0.0357779671232876,0.0419259123287671,0.0910725863013698,0.0793822684931507,0.0471270739726027,0.0903840164383562,0.0705107835616439
"100907",0.0388911780821917,0.0464492164383561,0.0941544876712329,0.0827352438356164,0.051854904109589,0.0941048657534246,0.0723270465753424
"100908",0.0378638465753426,0.0492678958904109,0.0931736438356165,0.0822754575342465,0.055581698630137,0.0946153534246575,0.0719432054794521
"100909",0.03662901369863,0.0523967671232877,0.0920164931506849,0.0814800821917807,0.0601412054794521,0.0948533424657534,0.0719630136986301
"100910",0.0378606958904109,0.0523314520547944,0.0951776273972602,0.0833893808219177,0.0610222684931506,0.0965671287671233,0.0737464986301369
"100911",0.0313642191780822,0.0457052273972602,0.0839951342465752,0.0742671452054794,0.0522613808219178,0.0869329315068493,0.0674307616438355
"100912",0.0291606410958903,0.041207895890411,0.0790897534246575,0.0702203178082191,0.0460487342465753,0.0820274575342465,0.0636334575342466
"100913",0.0223721424657534,0.0281825095890411,0.0660935452054796,0.0572591123287671,0.0320337972602739,0.066279298630137,0.0505893260273972
"100914",0.0348488767123289,0.0462759452054795,0.0898823013698631,0.0783723835616438,0.0537753424657534,0.0904561095890411,0.0679395068493151
"100915",0.0480052602739727,0.0573822246575343,0.103979835616438,0.0925576767123287,0.0634325917808219,0.104475353424658,0.0735133808219178
"100916",0.0494656,0.0536768,0.1064448,0.0946592,0.0575584,0.1056416,0.0732448
"100917",0.0324874520547945,0.0434961534246575,0.0819620821917808,0.0720250739726027,0.0498645917808218,0.0831684383561643,0.0602112
"100918",0.0395040438356163,0.0518122301369862,0.0952340821917808,0.0838160219178082,0.0593406904109589,0.0962809205479452,0.0693608767123288
"100919",0.0311736438356164,0.0437908493150684,0.0827710958904109,0.0724668493150685,0.050876301369863,0.0843423835616438,0.0587210136986301
"100920",0.0294855890410958,0.0368611945205479,0.0789349698630137,0.0689839342465754,0.041521095890411,0.0793698191780822,0.0547938191780821
"100921",0.0276743890410959,0.0340444328767123,0.0753460438356164,0.0650573863013699,0.0394092328767123,0.0746951287671233,0.050742504109589
"100923",0.0182919452054795,0.0299175890410959,0.0599533150684931,0.0520236712328768,0.0356363835616438,0.0620339726027397,0.049412602739726
"100924",0.0111815013698631,0.0184817534246575,0.0392147287671233,0.0338721315068493,0.0220937643835616,0.0404976657534246,0.0338218520547945
"100925",0.00797317260273972,0.0124359890410959,0.0292464219178082,0.0251530520547945,0.0147287671232877,0.0299472657534247,0.025459901369863
"100926",0.00969041095890416,0.0154528767123288,0.0346990684931507,0.0302074520547945,0.017834794520548,0.0360512876712329,0.0299559452054795
"100927",0.0125532164383562,0.0209065479452054,0.0439121095890411,0.0383097863013698,0.0243782794520547,0.0458792383561644,0.0368534794520547
"100928",0.0196614082191781,0.0280278630136986,0.0609668876712328,0.0531152547945206,0.0321703835616438,0.0623916273972603,0.0482687452054794
"100929",0.0280019726027397,0.0355546958904109,0.0775130301369863,0.0673804438356164,0.0406028602739725,0.0777584657534247,0.058486191780822
"100930",0.0312847780821919,0.0386507397260274,0.0824647013698631,0.0724525150684933,0.0428476931506849,0.0832341917808219,0.0622641095890412
"100931",0.0359082191780822,0.0428487671232877,0.0887323287671233,0.0782416438356164,0.0471372602739726,0.0891843835616438,0.0661838356164384
"100932",0.0389040657534246,0.044581906849315,0.0928787178082193,0.0819572054794521,0.0486423123287671,0.0927839342465754,0.0687303123287672
"100933",0.0371956383561644,0.0475387616438356,0.0914795178082191,0.0802894465753424,0.0542077150684932,0.092067506849315,0.0685205260273972
"100934",0.0375870575342466,0.0447813863013699,0.0895833698630138,0.0790493424657535,0.0495393534246575,0.0898334794520548,0.067094104109589
"100935",0.0339854794520548,0.0426443835616439,0.0847623287671232,0.0745212328767124,0.0479979452054795,0.0854009589041096,0.0639982191780822
"100936",0.025036295890411,0.0389240383561644,0.073136887671233,0.0632768876712329,0.0469957315068493,0.0747063835616439,0.0555347616438356
"100937",0.0300727890410959,0.0385435506849314,0.0821511123287672,0.0710546739726027,0.0448814904109588,0.0819378301369862,0.0636849095890411
"100938",0.0580204273972602,0.0589601424657534,0.115997435616438,0.102642936986301,0.0637021369863013,0.112694476712329,0.0792151890410958
"100939",0.0532616547945206,0.0521131726027397,0.109562663013699,0.0979668000000001,0.0533219342465754,0.107735243835616,0.0767706410958904
"100940",0.0345345095890411,0.0469958794520547,0.0861516054794521,0.0764467506849315,0.052947309589041,0.0884847342465753,0.0652855671232876
"100941",0.0396624657534246,0.0534648767123287,0.0957524383561644,0.0844766027397261,0.0613401643835616,0.0973796164383561,0.0699368767123287
"100942",0.0334548054794521,0.0413585534246576,0.085135802739726,0.074165698630137,0.0473307835616438,0.0848778849315069,0.0625794575342465
"100943",0.027137490410959,0.0374292657534246,0.0748049424657535,0.0650249424657535,0.0437768876712329,0.075632893150685,0.055563797260274
"100944",0.0317784109589041,0.0350509917808219,0.0813002191780822,0.0704132712328767,0.0393684164383561,0.0796734027397261,0.0566922520547946
"100945",0.0113305479452055,0.021374098630137,0.0424651726027398,0.037504591780822,0.0246021095890411,0.0455727068493151,0.0371030027397261
"100946",0.0112125205479452,0.0202792438356164,0.0424798520547945,0.0366646684931507,0.0244996767123288,0.0442899123287672,0.0366628438356164
"100947",0.00744191780821918,0.0131938082191781,0.029703397260274,0.025220602739726,0.016461698630137,0.0303978082191781,0.0259276164383562
"100948",0.00738657534246573,0.0110727945205479,0.0281149315068493,0.023966904109589,0.0132710958904109,0.0284506849315068,0.0243874794520548
"100949",0.0161866849315069,0.0262506575342465,0.0549424109589041,0.0473572602739726,0.0315833424657534,0.0564470136986301,0.0443236438356164
"100950",0.0222944438356164,0.0313059945205481,0.0649244054794521,0.056681205479452,0.0360093808219179,0.0662868164383563,0.0499108821917808
"100951",0.0275869150684931,0.0356758630136986,0.0735443726027397,0.0641724931506849,0.0408205479452054,0.074039402739726,0.0538908986301369
"100952",0.0343690520547945,0.0428812273972603,0.0852905095890411,0.0748047452054794,0.0485445698630137,0.0856108602739726,0.0602116273972603
"100953",0.0380096438356166,0.0471656438356165,0.0905924383561644,0.0800507945205479,0.0526873150684931,0.0913748493150684,0.0640173424657534
"100954",0.0463809315068493,0.0553526575342465,0.103208219178082,0.0913825753424656,0.0616389041095889,0.10329402739726,0.071964493150685
"100955",0.0524222410958904,0.057632690410959,0.107269238356164,0.095975304109589,0.0618343671232877,0.106800328767123,0.076364394520548
"100956",0.0550975123287671,0.0586268054794521,0.109428953424658,0.0975801863013698,0.0631725589041096,0.107753731506849,0.0771466520547945
"100957",0.0447916383561643,0.0511149205479451,0.0984819452054795,0.0868661260273972,0.0568002630136986,0.0975338958904109,0.0724415999999999
"100958",0.0343250136986302,0.0450338082191781,0.087273890410959,0.076016904109589,0.0524270684931507,0.087526,0.0664162191780821
"100959",0.0283922410958904,0.0341947616438356,0.0773687232876714,0.0665979616438356,0.0397031452054795,0.0762830904109589,0.060953205479452
"100960",0.0502010684931508,0.0556764109589041,0.109015632876712,0.0953585643835617,0.0628475452054795,0.106450043835616,0.0775558794520548
"100961",0.0462624657534246,0.0492653150684931,0.0965238904109589,0.0868270684931507,0.0511239452054795,0.0965848767123287,0.0704043287671233
"100962",0.034985906849315,0.0454575342465752,0.0862023890410958,0.0765683726027397,0.0504593534246575,0.0881220383561643,0.0669701260273972
"100963",0.0378293917808219,0.0502365369863014,0.0920131068493151,0.0807190356164384,0.0581006465753425,0.0928690849315069,0.0686778739726027
"100964",0.0338008,0.0392434191780822,0.0853240767123288,0.0736375561643836,0.0453486904109589,0.0835773369863014,0.0642467506849316
"100965",0.0319306849315067,0.044668109589041,0.0831940273972604,0.0728873424657535,0.0519254794520548,0.0847041643835617,0.0630917808219179
"100966",0.0338129315068493,0.0436384328767124,0.0861890739726027,0.0754644493150685,0.0498674410958905,0.0868199342465754,0.0613909589041097
"100967",0.0356728876712328,0.0415439123287672,0.0872324164383562,0.0764703123287671,0.0462130630136987,0.0868000876712329,0.0606413150684932
"100968",0.0269871287671233,0.0393810410958904,0.0724526465753424,0.0639306739726027,0.0452564383561643,0.0748372109589042,0.053476701369863
"100969",0.0465972164383562,0.0554481534246576,0.103003397260274,0.0907097424657535,0.0626333589041096,0.102348230136986,0.0695991452054794
"100970",0.0572619287671233,0.0593972602739726,0.111904438356164,0.0997339397260275,0.0637332602739726,0.109593884931507,0.075318695890411
"100971",0.0528782465753425,0.0603339506849314,0.108464734246575,0.097815106849315,0.0642322739726028,0.109484345205479,0.0766702410958903
"100972",0.0573437753424657,0.0618157150684931,0.110040065753425,0.099284202739726,0.0654277808219178,0.109602690410959,0.0781086904109589
"100973",0.0539149698630138,0.0653795287671233,0.107328789041096,0.0958966575342466,0.0732888657534247,0.107620635616438,0.0765758246575343
"100974",0.0486941589041096,0.0548052493150685,0.10151544109589,0.0904488547945206,0.0597106301369863,0.101040821917808,0.0772656438356165
"100975",0.039867512328767,0.046512602739726,0.0949887342465753,0.0830469643835615,0.0524516712328768,0.0940251506849315,0.0735747561643835
"100976",0.0308147671232877,0.0410003890410959,0.0851311671232876,0.0732084164383561,0.0488648986301369,0.0847280109589041,0.067383402739726
"100977",0.0365300438356164,0.0443524602739725,0.0950165698630137,0.0809435452054794,0.0534872602739725,0.0923093972602739,0.074497605479452
"100978",0.0428175890410959,0.0560152328767123,0.0943417534246576,0.084093205479452,0.0633029589041096,0.0960889315068494,0.0703913424657535
"100979",0.034560295890411,0.0450498520547946,0.0853657424657534,0.0759215780821917,0.049864,0.0874387068493151,0.0686008657534247
"100980",0.0373258520547944,0.0488169205479452,0.0902235178082192,0.0794329424657533,0.055783101369863,0.0912399780821918,0.0707736547945206
"100981",0.0406345643835617,0.0442026082191782,0.0959407342465753,0.0834183013698631,0.0496277041095892,0.0936246356164384,0.0726813808219179
"100982",0.0369638356164383,0.0491853424657535,0.0907082191780821,0.0808056164383561,0.0546643835616438,0.0932508219178081,0.0693024657534246
"100983",0.0419755178082191,0.0551344438356164,0.0990758575342465,0.0882303342465753,0.061611309589041,0.101385950684931,0.070894706849315
"100984",0.0397272328767123,0.0474532602739726,0.0945202191780821,0.0833329315068493,0.052691506849315,0.0946963726027397,0.0665581808219178
"100985",0.0413684383561644,0.0541917369863014,0.0955204273972603,0.0845377643835616,0.0617224438356165,0.0968626849315069,0.0694213150684932
"100986",0.0483977369863013,0.060750493150685,0.1056064,0.0930229260273973,0.0698544931506849,0.105484805479452,0.0761649369863014
"100987",0.0452842958904109,0.0547835178082192,0.0967714191780823,0.0875098301369862,0.0585765041095891,0.0990472109589042,0.0739830356164383
"100988",0.0489740273972603,0.0575105753424658,0.0978910684931507,0.0886963287671232,0.0615736986301369,0.0994325479452055,0.0738998356164383
"100989",0.0483659287671234,0.0578838136986301,0.0983162684931507,0.0884643726027397,0.0632365534246575,0.0994439123287671,0.0760231780821918
"100990",0.0466090027397261,0.0506879945205481,0.0989066575342465,0.0883267726027397,0.0539369589041096,0.0985242520547946,0.0797330246575342
"100991",0.0428691616438357,0.047972197260274,0.0989140438356165,0.0865074410958905,0.0536856438356165,0.0972476219178082,0.0781081863013699
"100992",0.031712197260274,0.0390388493150685,0.0840322739726027,0.0735130191780821,0.0437282630136986,0.0844064767123287,0.0692987835616439
"100993",0.0410435287671234,0.0447186520547946,0.097345797260274,0.0851729205479452,0.0492497534246575,0.095757895890411,0.076526301369863
"100994",0.0487654246575343,0.0490651506849316,0.101406306849315,0.0908409643835617,0.0503629643835617,0.100345276712329,0.0771584712328768
"100995",0.0415066027397261,0.0403180547945206,0.0935160273972603,0.0832819726027398,0.0405330684931507,0.092432,0.0757475342465754
"100996",0.0423872876712329,0.0470820821917808,0.0961672767123289,0.0847119780821917,0.0516785095890411,0.0951180273972604,0.0761778849315069
"100997",0.0508221369863012,0.0488482191780822,0.108581095890411,0.0955413698630136,0.0517153972602739,0.105036164383562,0.080927506849315
"100998",0.0578773479452055,0.0555467397260273,0.119501676712329,0.106719693150685,0.0565198465753425,0.117157216438356,0.0839226739726028
"100999",0.0512428164383562,0.055715715068493,0.110971791780822,0.0992750246575342,0.058662202739726,0.111002663013699,0.0787353643835617
"101000",0.044771205479452,0.0498025753424657,0.101764646575342,0.0899289479452055,0.054159901369863,0.101065046575342,0.0727807616438356
"101001",0.0388880219178082,0.0469396602739726,0.0925424219178082,0.0815780383561643,0.0523144767123288,0.0928025424657534,0.066031298630137
"101002",0.0365427945205479,0.0382978191780822,0.0844002410958904,0.0745602410958904,0.040605501369863,0.0834297205479451,0.0595333479452054
"101003",0.0278204273972602,0.0414693260273972,0.0737981260273972,0.0658321424657534,0.046797402739726,0.0772969972602739,0.0601739835616438
"101004",0.0315117863013698,0.0448354684931506,0.0802810191780822,0.0706160712328766,0.0520668164383561,0.0821534465753425,0.0643514958904109
"101005",0.0399791671232878,0.0539298410958904,0.0922904547945205,0.0820226630136986,0.0613524493150684,0.0943607671232876,0.0732088767123288
"101006",0.0443076328767124,0.0564483506849316,0.0945030904109589,0.0850697205479453,0.0622368767123289,0.0967840383561644,0.075542893150685
"101007",0.0423776547945205,0.0559339397260274,0.0922898301369862,0.0831108821917808,0.0620464109589041,0.0951310027397259,0.0760269698630137
"101008",0.0459024,0.0550788602739726,0.0977252821917808,0.086714104109589,0.061682695890411,0.097713797260274,0.0786775232876712
"101009",0.0486274191780823,0.0576363616438357,0.103483994520548,0.0906082794520549,0.0664337041095892,0.101718728767123,0.0791441972602741
"101010",0.0286578082191781,0.0358760547945205,0.0777826849315069,0.0679627397260274,0.0403444931506849,0.0782745205479453,0.0658305205479451
"101011",0.0425172328767124,0.0459161260273973,0.0972195287671233,0.0862026410958904,0.0488148164383561,0.0967006849315069,0.0770685041095891
"101012",0.0469191123287671,0.0490082027397261,0.0978755342465754,0.0884911123287671,0.0496496164383561,0.0983311178082192,0.0768947123287672
"101013",0.0437478904109588,0.0466161095890411,0.0950859945205479,0.0856329479452055,0.0476245150684932,0.0957049260273973,0.0779763123287671
"101014",0.0405745315068493,0.0438894246575343,0.0941932273972603,0.0829321643835617,0.0475364054794521,0.093074301369863,0.0776097863013699
"101015",0.0581986191780823,0.0583606356164383,0.112922564383562,0.100016219178082,0.0630215013698631,0.109256942465754,0.0800679452054795
"101016",0.066610717808219,0.0635841753424656,0.129093419178082,0.114717342465753,0.0667345917808219,0.124717654794521,0.0889214246575342
"101017",0.0493456602739726,0.0558350630136986,0.108808339726027,0.0966961315068493,0.0605644,0.108647112328767,0.0789308876712328
"101018",0.0426703561643835,0.0514186849315068,0.0983898082191781,0.086855506849315,0.0574497534246575,0.0985428493150686,0.0718887123287671
"101019",0.0392512438356165,0.0482006958904109,0.0928246191780822,0.0817844547945206,0.0541720109589041,0.0931495068493151,0.0672607726027398
"101020",0.0381106904109588,0.0427141150684932,0.0889155013698631,0.0782412219178082,0.0468756109589041,0.0881534575342465,0.0639153643835617
"101021",0.0364322630136987,0.0403574794520548,0.0844245041095891,0.0745090191780822,0.0437920438356165,0.0838367999999999,0.059951210958904
"101022",0.0387999780821918,0.0421564712328767,0.0872363397260275,0.077101895890411,0.0455535671232877,0.0863539068493151,0.0604087561643836
"101023",0.0239754575342466,0.0385050082191781,0.0687794794520548,0.0604496219178082,0.0452797150684932,0.0716963671232877,0.0579796767123287
"101024",0.0269466849315068,0.0391951780821916,0.0741703780821918,0.0649508493150684,0.0456455999999999,0.0760326904109589,0.0628340931506849
"101025",0.0346807232876714,0.0481168109589042,0.0886195397260274,0.0772208547945207,0.0567421150684932,0.0894901479452055,0.0726673643835617
"101026",0.0396740054794521,0.0542679123287672,0.0923233643835617,0.081825205479452,0.0622858849315069,0.0943069150684931,0.0760899616438356
"101027",0.0403850301369862,0.0533239232876712,0.0910579726027396,0.0813494136986301,0.0598255561643836,0.0932554191780821,0.0762815342465753
"101028",0.0407513095890412,0.0520725589041096,0.0907573369863015,0.0811192876712329,0.0578945863013699,0.0925500602739727,0.0768277041095891
"101029",0.0396976657534246,0.0503441972602739,0.090587397260274,0.080236602739726,0.0568044712328767,0.0915176767123288,0.0753641205479452
"101030",0.0242680986301369,0.0291015890410958,0.0673988383561644,0.0587751452054794,0.032310005479452,0.0675191232876712,0.058701501369863
"101031",0.0350585095890411,0.0377845534246576,0.0840042575342466,0.073748098630137,0.040926202739726,0.082954306849315,0.0679460273972603
"101032",0.0431815013698629,0.0507252931506849,0.0940276602739725,0.0843407123287671,0.0545428821917807,0.0951832547945204,0.074102498630137
"101033",0.0412694794520548,0.0495203945205479,0.0909508383561643,0.0823601095890411,0.0521375561643835,0.0934129972602739,0.075584701369863
"101034",0.0372937753424658,0.0431200219178082,0.088240098630137,0.0780456164383562,0.046978098630137,0.0883966246575343,0.0746745095890411
"101035",0.0419787397260274,0.0496551890410959,0.0932670904109589,0.083276504109589,0.0539267616438356,0.0941573698630138,0.0766760547945205
"101036",0.0618953424657533,0.0608683561643835,0.11608397260274,0.103397671232877,0.0647519178082191,0.112329863013699,0.0819258904109588
"101037",0.0474661260273973,0.0544937643835617,0.103699682191781,0.0916985424657534,0.0603480547945205,0.103011857534247,0.0788259506849315
"101038",0.0471932219178082,0.0502952712328767,0.102612526027397,0.09137858630137,0.0531963780821918,0.101924926027397,0.0779091616438355
"101039",0.0419999945205479,0.0529060876712328,0.0982764328767123,0.0863258739726028,0.0605135397260274,0.0984666191780822,0.0722676767123288
"101040",0.0372079890410958,0.0459779726027397,0.0897199890410959,0.079316498630137,0.051088301369863,0.0905891945205479,0.0678579726027396
"101041",0.0388060273972602,0.0473283123287671,0.0919281698630138,0.0811948438356165,0.0527040000000001,0.0924606246575343,0.0680489260273973
"101042",0.0431954739726028,0.0506816219178082,0.0975324054794521,0.0865633972602741,0.0555717917808219,0.0978372712328768,0.0689797260273973
"101043",0.0403705479452056,0.0470975178082192,0.0899848602739726,0.0808138356164383,0.0500245643835618,0.0913523671232878,0.0631584493150686
"101044",0.042694093150685,0.0499992547945206,0.091617687671233,0.0829774246575343,0.0525003835616439,0.0936349150684931,0.061886904109589
"101045",0.0208538301369863,0.0308537424657533,0.0607148712328767,0.0525056876712328,0.0368876712328767,0.0616538301369863,0.0526375890410959
"101046",0.0258562958904109,0.0356035397260274,0.0703337424657534,0.0612916931506849,0.0414508821917808,0.0712447232876712,0.0605237589041096
"101047",0.0360574356164384,0.0479663671232878,0.089656405479452,0.0779142575342466,0.056580591780822,0.0896739616438356,0.073533994520548
"101048",0.0395493095890411,0.0537168876712329,0.0904958849315068,0.0808440931506849,0.0606131342465753,0.0930889917808219,0.0758114575342466
"101049",0.0382452,0.0532784000000001,0.0861896,0.0772996,0.0602448,0.0892359999999999,0.072618
"101050",0.0278004821917809,0.0426764712328767,0.0706615890410958,0.0632556493150685,0.0486386630136986,0.0743927671232876,0.0632428273972604
"101051",0.0152306301369863,0.0195902465753424,0.0474657534246576,0.0407988493150685,0.0227347397260274,0.0474169315068493,0.0434225753424658
"101052",0.0255931506849315,0.0315990410958903,0.0675668493150686,0.0586639726027398,0.0362379452054795,0.0672827397260274,0.0566193150684932
"101053",0.0457300109589041,0.052582093150685,0.0979047616438355,0.0869617972602739,0.0578368109589041,0.097584706849315,0.0749393753424657
"101054",0.0456953095890412,0.051863194520548,0.0960916602739727,0.0869424821917808,0.0542285917808219,0.0975614794520548,0.0771625315068494
"101055",0.0464350684931506,0.0503438356164382,0.0985298630136985,0.0885153424657533,0.0525830136986301,0.0988071232876713,0.0805621917808219
"101056",0.0413774794520548,0.0507073479452055,0.0928468109589041,0.0827904,0.0558226794520548,0.0940370410958905,0.0781151287671233
"101057",0.0472905205479452,0.053309589041096,0.102780887671233,0.0905310246575344,0.0593679780821919,0.101374421917808,0.0839917150684932
"101058",0.0527228493150684,0.0578871232876712,0.110916821917808,0.0971638356164383,0.0652791232876712,0.10801402739726,0.0865867397260274
"101059",0.044729210958904,0.0513984328767122,0.0994487178082192,0.0875933260273972,0.0573276328767123,0.0985101534246574,0.0777835232876711
"101060",0.0487065260273972,0.0558341534246576,0.106711775342466,0.0943863835616437,0.0617266684931507,0.106042756164384,0.0801922410958904
"101061",0.0403654575342466,0.0490464328767123,0.0951027178082192,0.0838688767123288,0.0548388821917808,0.0954014246575343,0.0734726465753425
"101062",0.0371888712328768,0.0469277315068495,0.0905980657534247,0.0798653205479453,0.05278498630137,0.0914525643835618,0.0703082684931507
"101063",0.0404901917808218,0.0545381369863013,0.0955709808219178,0.0852798575342466,0.0611302356164383,0.0983035068493149,0.0722754739726026
"101064",0.0413998465753426,0.0505358465753425,0.0948704767123288,0.084942898630137,0.0546720767123289,0.0966726465753426,0.0701907616438358
"101065",0.0430463342465753,0.0512513753424657,0.0948385315068493,0.0857341808219177,0.0540512876712329,0.0971254356164383,0.0683320767123288
"101066",0.0446554520547945,0.0531005753424658,0.0954904109589041,0.0866225753424658,0.0559166301369863,0.0979111232876713,0.0672203835616439
"101067",0.0472410739726028,0.0500748164383562,0.0985372273972603,0.0890192219178083,0.0511908657534247,0.0990516328767124,0.0693484767123287
"101068",0.0281431123287672,0.038058301369863,0.0754534246575342,0.066155397260274,0.0435017753424657,0.0767500054794521,0.0651213808219178
"101069",0.0273964383561644,0.0365008219178083,0.0724993150684932,0.0638217808219178,0.0411883561643836,0.07391,0.0623408219178083
"101070",0.0322086575342465,0.042981917808219,0.0810231232876711,0.0719195616438355,0.04799101369863,0.0831202191780822,0.069033205479452
"101071",0.0375796164383562,0.0543327671232877,0.0879316438356165,0.0789966301369863,0.0614043287671234,0.0918586301369864,0.0736451780821917
"101072",0.0290778301369863,0.0481160767123287,0.073821106849315,0.0664694356164383,0.0553481643835615,0.0789441753424658,0.0660943780821917
"101073",0.0129815232876712,0.0188809424657534,0.0416554082191781,0.0352906958904109,0.0234093808219178,0.0414577753424658,0.0381649315068493
"101074",0.0244099506849315,0.0331338630136986,0.0664566575342466,0.0578106794520548,0.0385963452054794,0.0670895780821917,0.0565094136986301
"101075",0.0448881863013699,0.0536043671232877,0.0959997315068494,0.085715391780822,0.0589494410958905,0.0966751123287672,0.073019391780822
"101076",0.0504595342465753,0.0535682739726027,0.103203589041096,0.092497698630137,0.0564291506849315,0.102561534246575,0.0790473972602739
"101077",0.0500059945205479,0.0517806575342465,0.100492504109589,0.0910060164383561,0.0526060821917808,0.100634005479452,0.0798392000000001
"101078",0.050780493150685,0.0519115397260274,0.10230141369863,0.0918100821917809,0.0538471452054795,0.10123741369863,0.082429391780822
"101079",0.0560357260273974,0.0559685808219178,0.11156175890411,0.0994695178082193,0.0588222520547946,0.109117063013699,0.0905575178082192
"101080",0.0483136109589041,0.0501880767123287,0.102342854794521,0.090643808219178,0.0537793150684931,0.100450536986301,0.0871388547945205
"101081",0.0591919123287672,0.0607121534246575,0.118274147945206,0.103687145205479,0.0675395287671233,0.113734750684932,0.0903644712328767
"101082",0.0505306849315068,0.056791095890411,0.108474931506849,0.0956169863013698,0.0632279452054794,0.106912191780822,0.083745205479452
"101083",0.0422418739726028,0.0506092438356164,0.0965465753424658,0.0861289643835617,0.054960904109589,0.097749090410959,0.0774130849315069
"101084",0.0402893150684931,0.0486202739726027,0.0944298082191781,0.0835090410958905,0.0538950136986301,0.0949238356164384,0.0749602191780822
"101085",0.0411996712328766,0.0487970849315067,0.0960207780821917,0.0851919561643835,0.0533323397260274,0.0966507616438355,0.0752814684931506
"101086",0.0369323835616439,0.0449686794520547,0.0884767561643835,0.0785953315068493,0.0491328876712329,0.0896482191780821,0.0695932493150683
"101087",0.0428828054794521,0.0509089315068494,0.0964713205479452,0.0866903671232876,0.0542165917808219,0.0982671780821918,0.0738163726027397
"101088",0.0482342465753425,0.0537608547945205,0.102492591780822,0.092507704109589,0.0560091287671233,0.103669347945205,0.0755866520547945
"101089",0.048218301369863,0.0532513972602738,0.102581950684931,0.091810504109589,0.056609901369863,0.102647194520548,0.0742847671232877
"101090",0.0456649315068492,0.048360410958904,0.0971695890410958,0.0863732876712328,0.0515880821917807,0.0960217808219178,0.0702090410958903
"101091",0.0577967342465752,0.0580339506849315,0.112942049315068,0.100690871232877,0.0614420602739725,0.1102576,0.0899951123287671
"101092",0.0532556547945205,0.0580846356164383,0.104970082191781,0.0948955726027397,0.0609974958904109,0.105267616438356,0.0867580109589042
"101093",0.053905391780822,0.0567163342465753,0.107108810958904,0.0966524712328767,0.0588466684931507,0.106843282191781,0.0891749369863015
"101094",0.0580266246575343,0.0601610301369864,0.118277753424658,0.10340837260274,0.0673906684931507,0.113775928767123,0.0920714794520549
"101095",0.0484365534246575,0.0567976438356165,0.105246756164384,0.0930928767123287,0.0633659506849314,0.104772657534247,0.0844303726027397
"101096",0.0454314575342466,0.0533632438356164,0.101053380821918,0.0894368712328767,0.0591823726027397,0.10090735890411,0.0806600219178082
"101097",0.0440420164383561,0.0515924383561643,0.099906904109589,0.0886382794520547,0.0565363178082192,0.100201446575342,0.0796278136986301
"101098",0.0387834739726026,0.0470343890410958,0.0917884493150684,0.0808965260273972,0.0525936219178082,0.0920298958904109,0.0731076383561644
"101099",0.0424179287671235,0.0508025424657536,0.0967716383561645,0.0860839013698632,0.0556235397260275,0.0976337534246576,0.0759563835616439
"101100",0.0483857753424657,0.0537399123287672,0.104892263013699,0.0939170958904111,0.0569003178082192,0.105276328767123,0.0804324821917809
"101101",0.0474226575342466,0.0530482082191782,0.103805945205479,0.0923983123287671,0.057140389041096,0.103646219178082,0.0786203452054796
"101102",0.0463705643835617,0.0504462575342466,0.100935320547945,0.0895918684931508,0.0542865205479454,0.100097556164384,0.0754232547945207
"101103",0.0539734684931507,0.0598184383561643,0.107757419178082,0.0965457863013699,0.0645323178082192,0.107267079452055,0.088646202739726
"101104",0.0508289753424658,0.056728306849315,0.108491638356164,0.0964384438356163,0.0616610630136987,0.107847254794521,0.093567715068493
"101105",0.0487425205479451,0.0584615342465753,0.105777616438356,0.0940487671232876,0.0648628767123287,0.106197534246575,0.0898015068493149
"101106",0.0482779452054793,0.0589209589041096,0.106483698630137,0.0934808219178082,0.0676168493150684,0.105699178082192,0.0855757534246575
"101107",0.0450323452054796,0.0546877205479454,0.101634871232877,0.08954218630137,0.0618400821917809,0.101456531506849,0.0814261643835617
"101108",0.0432841643835616,0.0503846575342466,0.0983820273972604,0.0867892602739727,0.0559355616438356,0.0979677808219179,0.0783846575342466
"101109",0.0440442027397261,0.0502887068493151,0.0987004,0.0872643506849314,0.0552971287671233,0.0982120712328767,0.0774977753424657
"101110",0.0465896712328767,0.0533409698630136,0.102916060273973,0.0913709589041096,0.0582394684931508,0.102789156164384,0.0806475616438356
"101111",0.0471365753424657,0.0530410684931507,0.103979342465753,0.0923530684931506,0.057506301369863,0.103697260273973,0.081024904109589
"101112",0.0486039013698631,0.0611775726027398,0.102310783561644,0.0916790630136988,0.068115298630137,0.103955621917808,0.0874153479452056
"101113",0.0485566849315069,0.0586201808219179,0.105403380821918,0.0935251561643836,0.0655142465753424,0.105650843835617,0.0924432986301371
"101114",0.0486653260273973,0.0570637205479452,0.104748328767123,0.0935738958904109,0.0621749534246576,0.10539042739726,0.0915677369863014
"101115",0.0519565260273973,0.0609761095890411,0.110039561643836,0.0976259945205479,0.0678957260273972,0.109667090410959,0.0919201205479452
"101116",0.0517700821917809,0.0604854465753425,0.110346389041096,0.0970232986301371,0.0687007232876712,0.108833545205479,0.0884526136986302
"101117",0.0430322630136987,0.0529850520547945,0.0981298191780823,0.0866588602739727,0.0596859397260275,0.0984624,0.0799302575342465
"101118",0.0441115068493151,0.0511109424657535,0.0993415726027398,0.0877065863013699,0.056644093150685,0.0988804767123287,0.0798464383561644
"101119",0.0467502904109589,0.0514779178082192,0.102324032876712,0.0907617315068494,0.0556795616438357,0.101577073972603,0.0818729205479452
"101120",0.0467845260273974,0.0513347506849315,0.101981676712329,0.090677698630137,0.0551224547945206,0.101446356164384,0.0808925369863013
"101121",0.0497414356164384,0.0616413589041097,0.105055057534247,0.0931642739726027,0.0699432767123288,0.105292690410959,0.0898648328767123
"101122",0.0501162739726029,0.0556579178082192,0.105585342465754,0.0939571780821918,0.0603977260273973,0.10489495890411,0.0913070958904111
"101123",0.0497523397260274,0.0568340273972602,0.10579458630137,0.0943992767123288,0.0617145643835617,0.105867430136986,0.0916058739726028
"101124",0.0502018739726027,0.056165808219178,0.107009665753425,0.0945080438356164,0.0622010739726027,0.105579934246575,0.0895737643835615
"101125",0.0485053589041096,0.0593374465753425,0.107540865753425,0.0939158356164384,0.0689397589041096,0.106178991780822,0.0864396821917808
"101126",0.043945506849315,0.0545179945205478,0.100393424657534,0.0883212712328766,0.0621254465753425,0.100393424657534,0.0825813863013699
"101127",0.0455974465753425,0.0514299287671233,0.100753512328767,0.0892024876712328,0.0562769863013699,0.100149939726027,0.0826925260273972
"101128",0.0489140493150686,0.0579466191780822,0.0990585150684932,0.0890667342465754,0.0632479726027398,0.0999492109589041,0.084755994520548
"101129",0.0509707397260273,0.0609433424657533,0.104761424657534,0.0940984109589041,0.0666660821917808,0.105847671232877,0.0902689315068492
"101130",0.0461243013698631,0.0549982191780822,0.0996354246575343,0.0889216438356166,0.0603779178082193,0.100359205479452,0.0877386575342466
"101131",0.0441522191780823,0.0507628767123288,0.093249287671233,0.0832046301369864,0.0553424657534248,0.093315698630137,0.0813368219178082
"101132",0.0466150520547945,0.0603270410958905,0.10444842739726,0.0919198191780823,0.0697845698630137,0.104829139726027,0.0887916328767122
"101133",0.043142301369863,0.0631560328767122,0.102389326027397,0.0896435506849315,0.0755405260273972,0.10413064109589,0.087134104109589
"101134",0.0413672,0.0588035671232877,0.096834394520548,0.0860675890410958,0.0677302739726028,0.0997346191780822,0.0842465917808219
"101135",0.0511197369863013,0.0605112986301369,0.102735517808219,0.0931957479452055,0.064706498630137,0.104653150684932,0.0884591342465754
"101136",0.0471804493150684,0.0542092273972603,0.0987248219178082,0.0888344547945206,0.0579084273972603,0.0996757041095891,0.0872337534246576
"101137",0.0411992547945205,0.0489214356164383,0.0887675671232876,0.0790331178082191,0.0539936383561642,0.0891024986301369,0.0784329205479452
"101138",0.0389162520547945,0.051379101369863,0.0886622904109589,0.078267802739726,0.0591645698630137,0.089632701369863,0.0785700164383561
"101139",0.0398191342465753,0.0596571178082191,0.0949011287671233,0.0838056767123288,0.0704351123287671,0.0977706958904109,0.0855859287671233
"101140",0.0440191999999999,0.0592895999999999,0.1013408,0.0894143999999998,0.0686015999999999,0.1027168,0.0892384
"101141",0.0509291506849314,0.058416608219178,0.101599594520548,0.0925568876712329,0.0611360383561643,0.103545912328767,0.0879091890410957
"101142",0.0459180273972603,0.0555002684931506,0.0948842684931507,0.0869415287671233,0.0578501205479452,0.0983011452054794,0.086749704109589
"101143",0.0461039671232876,0.0592980164383562,0.0986936547945205,0.0883694465753425,0.0663673315068494,0.100600865753425,0.0884657095890412
"101144",0.0338043616438357,0.0449110410958905,0.075575490410959,0.0669536,0.0515675616438357,0.0766611232876713,0.067842695890411
"101145",0.0363609643835617,0.0464685534246575,0.083071994520548,0.0735732328767124,0.0525515561643835,0.0839997315068494,0.0759136602739727
"101146",0.0390097150684932,0.0521875068493151,0.0916970794520548,0.0810215506849316,0.0598341369863014,0.0931609479452055,0.0840296219178082
"101147",0.0498654356164384,0.0548800164383562,0.100580750684932,0.0907297424657535,0.0578239287671232,0.100963342465754,0.0874003178082192
"101148",0.0471016767123288,0.0534273753424657,0.0969493479452054,0.0876619397260274,0.0562928876712329,0.0981357808219179,0.0867903342465753
"101149",0.0468596383561645,0.0613103835616439,0.10039594520548,0.089996695890411,0.0687985808219179,0.102692202739726,0.0904332
"101150",0.0408789479452054,0.0618028273972602,0.0945047671232875,0.0838600328767122,0.0727918246575343,0.0978377205479452,0.0863247123287672
"101151",0.0397926904109589,0.0578608547945205,0.0935363232876714,0.0828327671232878,0.0675450246575343,0.0962312876712329,0.0862358082191781
"101152",0.0426672219178081,0.0573830465753425,0.0991479890410958,0.0878935780821918,0.0655324602739725,0.101087408219178,0.0909857315068492
"101153",0.0471503561643836,0.0572728493150684,0.0974022465753425,0.0880067671232876,0.0620101643835617,0.0993311780821918,0.087312
"101154",0.0479977150684932,0.0583683780821916,0.0997422904109588,0.0908318465753425,0.0618822246575341,0.10272175890411,0.0914190410958904
"101155",0.0429157972602739,0.0659520657534247,0.0973957315068494,0.0872656109589041,0.076764295890411,0.102046767123288,0.0899623232876712
"101156",0.0461370739726026,0.0620188931506849,0.102469523287671,0.0916091616438355,0.0700765808219178,0.105135956164383,0.093218104109589
"101157",0.0473118410958905,0.0625623287671233,0.103583589041096,0.0929978794520547,0.0698506356164385,0.10646554520548,0.0937797041095891
"101158",0.0506043616438354,0.0620220328767123,0.104899660273972,0.0942307397260274,0.0682823342465753,0.106400268493151,0.0926959561643835
