"","Andrena_carlini","Andrena_miserabilis","Osmia_atriventris","Osmia_bucephala","Osmia_lignaria","Osmia_pumila","Andrena_violae"
"100001",0,0,0,0,0,0,0
"100002",0,0,0,0,0,0,0
"100003",0,0,0,0,0,0,0
"100004",0,0,0,0,0,0,0
"100005",0,0,0,0,0,0,0
"100006",0,0,0,0,0,0,0
"100007",0,0,0,0,0,0,0
"100008",0,0,0,0,0,0,0
"100009",0,0,0,0,0,0,0
"100010",0,0,0,0,0,0,0
"100011",0,0,0,0,0,0,0
"100012",0,0,0,0,0,0,0
"100013",0,0,0,0,0,0,0
"100014",0,0,0,0,0,0,0
"100015",0,0,0,0,0,0,0
"100016",0,0,0,0,0,0,0
"100017",0,0,0,0,0,0,0
"100018",0,0,0,0,0,0,0
"100019",0,0,0,0,0,0,0
"100020",0,0,0,0,0,0,0
"100021",0,0,0,0,0,0,0
"100022",0,0,0,0,0,0,0
"100023",0,0,0,0,0,0,0
"100024",0,0,0,0,0,0,0
"100025",0,0,0,0,0,0,0
"100026",0,0,0,0,0,0,0
"100027",0,0,0,0,0,0,0
"100028",0,0,0,0,0,0,0
"100029",0,0,0,0,0,0,0
"100030",0,0,0,0,0,0,0
"100031",0,0,0,0,0,0,0
"100032",0,0,0,0,0,0,0
"100033",0,0,0,0,0,0,0
"100034",0,0,0,0,0,0,0
"100035",0,0,0,0,0,0,0
"100036",0,0,0,0,0,0,0
"100037",0,0,0,0,0,0,0
"100038",0,0,0,0,0,0,0
"100039",0,0,0,0,0,0,0
"100040",0,0,0,0,0,0,0
"100041",0,0,0,0,0,0,0
"100042",0,0,0,0,0,0,0
"100043",0,0,0,0,0,0,0
"100044",0,0,0,0,0,0,0
"100045",0,0,0,0,0,0,0
"100046",0,0,0,0,0,0,0
"100047",0,0,0,0,0,0,0
"100048",0,0,0,0,0,0,0
"100049",0,0,0,0,0,0,0
"100050",0,0,0,0,0,0,0
"100051",0,0,0,0,0,0,0
"100052",0,0,0,0,0,0,0
"100053",0,0,0,0,0,0,0
"100054",0,0,0,0,0,0,0
"100055",0,0,0,0,0,0,0
"100056",0,0,0,0,0,0,0
"100057",0,0,0,0,0,0,0
"100058",0,0,0,0,0,0,0
"100059",0,0,0,0,0,0,0
"100060",0,0,0,0,0,0,0
"100061",0,0,0,0,0,0,0
"100062",0,0,0,0,0,0,0
"100063",0,0,0,0,0,0,0
"100064",0,0,0,0,0,0,0
"100065",0,0,0,0,0,0,0
"100066",0,0,0,0,0,0,0
"100067",0,0,0,0,0,0,0
"100068",0,0,0,0,0,0,0
"100069",0,0,0,0,0,0,0
"100070",0,0,0,0,0,0,0
"100071",0,0,0,0,0,0,0
"100072",0,0,0,0,0,0,0
"100073",0,0,0,0,0,0,0
"100074",0,0,0,0,0,0,0
"100075",0,0,0,0,0,0,0
"100076",0,0,0,0,0,0,0
"100077",0,0,0,0,0,0,0
"100078",0,0,0,0,0,0,0
"100079",0,0,0,0,0,0,0
"100080",0,0,0,0,0,0,0
"100081",0,0,0,0,0,0,0
"100082",8.94246575342461e-06,2.86904109589041e-05,0.000109178082191781,8.72602739726028e-05,4.35123287671233e-05,0.000108745205479452,5.28219178082181e-06
"100083",0,0,0,0,0,0,0
"100084",0,0,0,0,0,0,0
"100085",0,0,0,0,0,0,0
"100086",0,0,0,0,0,0,0
"100087",0,0,0,0,0,0,0
"100088",0,0,0,0,0,0,0
"100089",0,0,0,0,0,0,0
"100090",0,0,0,0,0,0,0
"100091",0,0,0,0,0,0,0
"100092",0,0,0,0,0,0,0
"100093",0,0,0,0,0,0,0
"100094",0,0,0,0,0,0,0
"100095",6.75616438356157e-06,2.93972602739727e-05,0.000104553424657534,8.4345205479452e-05,4.34027397260275e-05,0.000106378082191781,4.31780821917799e-06
"100096",0,0,0,0,0,0,0
"100097",0,0,0,0,0,0,0
"100098",0,0,0,0,0,0,0
"100099",0,0,0,0,0,0,0
"100100",0,0,0,0,0,0,0
"100101",0,0,0,0,0,0,0
"100102",0,0,0,0,0,0,0
"100103",0,0,0,0,0,0,0
"100104",0,0,0,0,0,0,0
"100105",0,0,0,0,0,0,0
"100106",0,0,0,0,0,0,0
"100107",0,0,0,0,0,0,0
"100108",0,0,0,0,0,0,0
"100109",0,0,0,0,0,0,0
"100110",0,0,0,0,0,0,0
"100111",1.41698630136986e-05,3.02082191780821e-05,0.000111753424657534,9.16383561643836e-05,4.09589041095891e-05,0.000112290410958904,7.30410958904104e-06
"100112",4.49534246575342e-05,7.06739726027397e-05,0.000141665753424658,0.000122235616438356,8.51397260273972e-05,0.000144887671232877,7.27123287671237e-06
"100113",4.5572602739726e-05,7.03232876712328e-05,0.000144843835616438,0.000123632876712329,8.6613698630137e-05,0.000146142465753425,7.40821917808213e-06
"100114",0,0,0,0,0,0,0
"100115",0,0,0,0,0,0,0
"100116",4.14191780821918e-05,6.22575342465753e-05,0.000138060273972603,0.000118641095890411,7.44054794520548e-05,0.000140268493150685,1.23287671232877e-05
"100117",0,0,0,0,0,0,0
"100118",0,0,0,0,0,0,0
"100119",2.34410958904109e-05,4.93205479452054e-05,0.00011801095890411,0.000100065753424658,6.19671232876712e-05,0.000122701369863014,1.0586301369863e-05
"100120",2.5095890410959e-05,4.84931506849317e-05,0.000118427397260274,0.000101320547945205,5.88931506849316e-05,0.000123408219178082,1.1895890410959e-05
"100121",0,0,0,0,0,0,0
"100122",0,0,0,0,0,0,0
"100123",1.87671232876714e-05,3.95671232876712e-05,0.000116147945205479,9.6213698630137e-05,5.23506849315069e-05,0.000117852054794521,1.52602739726026e-05
"100124",0,0,0,0,0,0,0
"100125",0,0,0,0,0,0,0
"100126",0,0,0,0,0,0,0
"100127",0,0,0,0,0,0,0
"100128",1.74739726027397e-05,3.29643835616438e-05,0.000115150684931507,9.49643835616438e-05,4.35452054794521e-05,0.000115501369863014,1.23945205479452e-05
"100129",1.69315068493151e-05,4.97534246575342e-05,0.00011187397260274,9.37315068493151e-05,6.59506849315069e-05,0.000117824657534247,1.00109589041095e-05
"100130",1.97753424657533e-05,4.41972602739727e-05,0.000114717808219178,9.65041095890409e-05,5.64986301369863e-05,0.000118843835616438,1.30904109589042e-05
"100131",0,0,0,0,0,0,0
"100132",1.5041095890411e-05,4.3627397260274e-05,0.000110531506849315,9.1972602739726e-05,5.83452054794521e-05,0.000115194520547945,1.43726027397261e-05
"100133",1.38739726027396e-05,3.77095890410959e-05,0.000112,9.15780821917808e-05,5.2564383561644e-05,0.000113868493150685,1.75232876712327e-05
"100134",0,0,0,0,0,0,0
"100135",0,0,0,0,0,0,0
"100136",0,0,0,0,0,0,0
"100137",0,0,0,0,0,0,0
"100138",2.48986301369864e-05,3.14301369863015e-05,0.000123846575342466,0.000102706849315069,3.89808219178083e-05,0.000121402739726028,1.96493150684933e-05
"100139",2.19726027397261e-05,4.83123287671232e-05,0.000116553424657534,9.86027397260274e-05,6.11835616438355e-05,0.00012133698630137,1.61972602739726e-05
"100140",2.24109589041096e-05,4.25589041095891e-05,0.000117758904109589,9.9227397260274e-05,5.32383561643835e-05,0.000120679452054795,1.83452054794522e-05
"100141",1.80602739726027e-05,4.34465753424658e-05,0.000113178082191781,9.48547945205478e-05,5.6345205479452e-05,0.000117397260273973,1.66739726027397e-05
"100142",2.56547945205478e-05,8.77260273972602e-05,0.000216997260273973,0.000179671232876712,0.00011974794520548,0.000227156164383562,3.27890410958907e-05
"100143",4.18356164383561e-05,0.000106553424657534,0.000334947945205479,0.000274504109589041,0.000146810958904109,0.000339928767123287,6.36164383561641e-05
"100144",1.44109589041096e-05,3.51397260273973e-05,0.000111638356164384,9.18082191780821e-05,4.77534246575343e-05,0.000113430136986301,2.2005479452055e-05
"100145",0,0,0,0,0,0,0
"100146",0,0,0,0,0,0,0
"100147",0,0,0,0,0,0,0
"100148",2.13424657534245e-05,3.28931506849315e-05,0.000118158904109589,9.85369863013699e-05,4.0882191780822e-05,0.000118230136986301,1.9013698630137e-05
"100149",4.88054794520552e-05,9.16602739726028e-05,0.000334010958904109,0.000278843835616438,0.000114789041095891,0.000339517808219178,4.47452054794521e-05
"100150",4.73972602739725e-05,9.37643835616437e-05,0.000238191780821918,0.000201117808219178,0.000118016438356164,0.000245293150684931,4.43068493150684e-05
"100151",4.41534246575343e-05,8.64657534246575e-05,0.000236887671232877,0.000198432876712329,0.000110553424657534,0.000241808219178082,4.48876712328765e-05
"100152",3.48821917808221e-05,8.5917808219178e-05,0.000227956164383562,0.00018933698630137,0.000114367123287671,0.000234553424657534,4.03616438356164e-05
"100153",7.6082191780822e-05,0.000201917808219178,0.000562,0.000463205479452055,0.000275068493150685,0.000575945205479452,0.000111698630136986
"100154",0.000129895890410958,0.000317194520547945,0.00101243835616438,0.00082878904109589,0.000437671232876712,0.00102373150684932,0.000223101369863015
"100155",2.61041095890413e-05,6.8142465753425e-05,0.000219901369863014,0.000180701369863014,9.30630136986303e-05,0.000224054794520548,4.70684931506852e-05
"100156",0,0,0,0,0,0,0
"100157",0,0,0,0,0,0,0
"100158",0,0,0,0,0,0,0
"100159",1.53589041095889e-05,3.39232876712329e-05,0.00011106301369863,9.22739726027397e-05,4.41808219178081e-05,0.000113402739726027,1.80986301369862e-05
"100160",5.76821917808216e-05,9.65095890410957e-05,0.000346438356164383,0.000288772602739726,0.000120920547945205,0.000348690410958904,5.7057534246575e-05
"100161",6.55561643835619e-05,0.000148865753424657,0.000357304109589042,0.000297961643835617,0.000196553424657535,0.000367232876712329,7.90191780821918e-05
"100162",6.19232876712329e-05,0.000140038356164383,0.000354986301369863,0.000294690410958904,0.000186476712328767,0.000362909589041096,8.14684931506847e-05
"100163",7.12328767123295e-05,0.000169205479452055,0.000464504109589041,0.000382312328767123,0.000230531506849315,0.000472043835616439,0.000104328767123288
"100164",8.33095890410956e-05,0.000224054794520548,0.000674630136986301,0.000550290410958904,0.0003144,0.000683638356164384,0.000154356164383561
"100165",0.000121512328767124,0.000282038356164384,0.000908054794520548,0.000743364383561643,0.000388208219178082,0.000915419178082193,0.000220449315068493
"100166",7.72328767123286e-05,0.000163479452054794,0.000567095890410959,0.000465232876712328,0.000221808219178081,0.000569780821917808,0.000139835616438356
"100167",3.14520547945204e-05,6.1150684931507e-05,0.000228778082191781,0.000187035616438356,8.34520547945206e-05,0.000227879452054795,5.76657534246577e-05
"100168",1.50082191780823e-05,3.10410958904109e-05,0.000113857534246575,9.28657534246575e-05,4.29150684931507e-05,0.000113545205479452,2.67616438356165e-05
"100169",2.24986301369866e-05,6.57972602739728e-05,0.000215232876712329,0.00017678904109589,9.03561643835617e-05,0.000220372602739726,4.32438356164386e-05
"100170",2.50849315068494e-05,6.80219178082193e-05,0.000218684931506849,0.000179627397260274,9.31835616438358e-05,0.000223167123287671,4.04164383561645e-05
"100171",8.35726027397267e-05,0.000136942465753425,0.00047787397260274,0.000394586301369863,0.000178454794520548,0.000475002739726027,9.29095890410958e-05
"100172",0.00013612602739726,0.000206241095890411,0.000802832876712329,0.000672997260273972,0.00024747397260274,0.000808356164383562,0.000143183561643836
"100173",0.000140038356164383,0.000341868493150685,0.000817945205479452,0.00068147397260274,0.000454098630136986,0.000844641095890411,0.000199682191780821
"100174",0.000125457534246576,0.000302432876712329,0.000714082191780822,0.000591912328767123,0.000407178082191781,0.000732756164383562,0.000180295890410959
"100175",0.000147556164383562,0.000298871232876712,0.00084214794520548,0.000693709589041095,0.000402471232876713,0.000846673972602741,0.000225457534246575
"100176",0.000133709589041095,0.00025426301369863,0.00083213698630137,0.000680783561643836,0.000346931506849315,0.000827419178082192,0.00022561095890411
"100177",0.000166882191780822,0.00030412602739726,0.00105637808219178,0.000867550684931507,0.000407539726027398,0.00105213698630137,0.000282230136986302
"100178",0.000147994520547945,0.00032069589041096,0.00103221369863014,0.000847282191780823,0.000435895890410959,0.00103921643835616,0.00026812602739726
"100179",7.98246575342467e-05,0.000195715068493151,0.000675780821917809,0.000548021917808218,0.00027866301369863,0.00067627397260274,0.000183057534246576
"100180",2.29808219178083e-05,6.63561643835615e-05,0.000219945205479452,0.000178564383561644,9.46958904109586e-05,0.000222268493150685,5.39945205479454e-05
"100181",2.37369863013699e-05,6.7868493150685e-05,0.000215550684931507,0.000177742465753425,9.19890410958904e-05,0.000221479452054795,4.67506849315068e-05
"100182",3.74301369863014e-05,9.93698630136985e-05,0.000323983561643836,0.000268043835616438,0.000132558904109589,0.000332728767123288,6.92876712328765e-05
"100183",4.90849315068495e-05,0.0001068,0.000338679452054794,0.000280602739726027,0.000140712328767123,0.000344482191780822,6.93205479452056e-05
"100184",0.000102345205479452,0.000224054794520548,0.000677753424657535,0.000564263013698631,0.000291386301369863,0.000693238356164384,0.000128153424657535
"100185",0.000215298630136987,0.000588816438356165,0.00125508493150685,0.00105883287671233,0.000768734246575342,0.00132638904109589,0.000304021917808218
"100186",0.000165046575342466,0.000357517808219178,0.000847249315068493,0.00070774794520548,0.000469249315068494,0.000869035616438357,0.000227835616438356
"100187",0.000177205479452056,0.000302476712328767,0.000871452054794521,0.000723052054794521,0.000393649315068493,0.000870569863013699,0.000255758904109589
"100188",0.000234284931506849,0.000435298630136987,0.00132614794520548,0.00109234520547945,0.000581282191780821,0.00132500273972603,0.000384728767123288
"100189",0.0003626301369863,0.000775780821917808,0.00234005479452055,0.00192076712328767,0.00105654794520548,0.00235364383561644,0.000664986301369862
"100190",0.000183945205479451,0.000332038356164382,0.00107230684931507,0.000884317808219176,0.000439545205479451,0.00107117260273972,0.000308367123287672
"100191",0.000118098630136987,0.000249468493150685,0.000811769863013698,0.000663791780821918,0.000342942465753424,0.000812575342465753,0.000229983561643837
"100192",3.50794520547946e-05,0.00010841095890411,0.000328734246575343,0.000267978082191781,0.000153156164383562,0.00033521095890411,8.78301369863013e-05
"100193",2.44821917808218e-05,7.46410958904111e-05,0.000215868493150685,0.000178410958904109,0.000101183561643836,0.000223397260273973,5.25369863013699e-05
"100194",4.24767123287668e-05,0.000107260273972603,0.000329786301369863,0.000273353424657534,0.000142421917808219,0.00033866301369863,7.79342465753422e-05
"100195",4.76547945205482e-05,0.000114772602739726,0.000335194520547945,0.000278613698630137,0.000151232876712329,0.000344416438356164,7.60767123287672e-05
"100196",5.79780821917809e-05,0.000118602739726027,0.000344186301369863,0.000288493150684932,0.000150871232876713,0.000352898630136986,7.46136986301367e-05
"100197",0.000146909589041096,0.000350284931506848,0.000992120547945206,0.000834460273972602,0.000445167123287672,0.00103186849315069,0.000196717808219178
"100198",0.000162136986301371,0.000448739726027396,0.00119595616438356,0.00100301917808219,0.000583030136986301,0.00125225205479452,0.000230306849315069
"100199",0.000301260273972603,0.000577643835616438,0.00123572602739726,0.00106421917808219,0.000702356164383562,0.00129397260273973,0.000359780821917809
"100200",0.000323852054794521,0.000603704109589041,0.0013706904109589,0.00116871232876712,0.000746372602739725,0.0014168602739726,0.000410767123287671
"100201",0.000202734246575343,0.000469479452054795,0.00106589589041096,0.000896350684931506,0.00060963287671233,0.00110741917808219,0.000306542465753425
"100202",0.000294958904109589,0.000627813698630136,0.00165092602739726,0.0013773698630137,0.000819517808219178,0.00168882191780822,0.000489654794520547
"100203",0.000395260273972603,0.000869457534246575,0.00243369863013699,0.00201991232876712,0.00114930410958904,0.00248202739726027,0.000727232876712329
"100204",0.000285780821917807,0.000577150684931508,0.0017426301369863,0.00144608219178082,0.000755917808219179,0.00176630136986301,0.000528082191780821
"100205",0.000244186301369863,0.000509386301369864,0.00151526575342466,0.00125255890410959,0.000677638356164384,0.0015328602739726,0.000463013698630136
"100206",9.98794520547944e-05,0.000269336986301369,0.000783808219178082,0.000642887671232877,0.000371939726027398,0.000799419178082191,0.00022917808219178
"100207",4.50191780821917e-05,0.000156997260273973,0.000428427397260274,0.000353183561643836,0.000216043835616438,0.000445610958904109,0.000118487671232877
"100208",3.94027397260278e-05,0.000116104109589041,0.000324460273972603,0.000269687671232877,0.0001548,0.000337430136986301,8.64328767123286e-05
"100209",5.66136986301377e-05,0.00015598904109589,0.000433775342465754,0.000362739726027397,0.000203660273972603,0.000452383561643836,0.00010746301369863
"100210",3.6e-05,8.18191780821917e-05,0.000224032876712329,0.000188865753424657,0.000103375342465754,0.000232865753424658,5.28438356164381e-05
"100211",6.26136986301368e-05,0.000130865753424658,0.000346109589041096,0.000292356164383562,0.000164284931506849,0.000358290410958904,7.91671232876711e-05
"100212",0.000146789041095889,0.000314520547945204,0.000815221917808219,0.00068504109589041,0.000402509589041095,0.000840805479452054,0.000181347945205478
"100213",0.000207945205479452,0.000380602739726028,0.00116,0.00097545205479452,0.000472767123287672,0.0011838904109589,0.000245643835616437
"100214",0.000381715068493152,0.000659638356164383,0.00141704109589041,0.00122301917808219,0.000791276712328768,0.00147044383561644,0.000429813698630137
"100215",0.000727506849315069,0.00122223561643835,0.00280659726027397,0.00241216438356164,0.00146453698630137,0.00289447671232877,0.000905797260273976
"100216",0.000692520547945205,0.0012273808219178,0.00287745753424657,0.00245740821917808,0.00149896986301369,0.00296567671232877,0.000921008219178083
"100217",0.000522641095890411,0.00102951780821918,0.0025379506849315,0.00214050410958904,0.00130407123287671,0.00260883287671233,0.000800186301369864
"100218",0.000663106849315066,0.00132859726027397,0.00348190684931507,0.00290794520547945,0.00172363287671233,0.00354848767123287,0.00112504109589041
"100219",0.000484602739726028,0.000919660273972604,0.00263083835616438,0.00218939178082192,0.00119390684931507,0.00266085479452055,0.000858783561643837
"100220",0.000463868493150686,0.000928942465753421,0.00260142465753424,0.00216636712328767,0.00120933698630137,0.00264385753424657,0.00085251506849315
"100221",0.000314926027397262,0.000739923287671234,0.00205121095890411,0.00170432876712329,0.000978904109589042,0.00210397808219178,0.000650958904109589
"100222",7.66849315068487e-05,0.00020427397260274,0.000559506849315067,0.000462876712328767,0.000275479452054794,0.000575917808219178,0.00017441095890411
"100223",7.36712328767118e-05,0.000199890410958904,0.000552054794520548,0.000458465753424658,0.000266575342465753,0.000571123287671232,0.000163232876712329
"100224",5.12712328767121e-05,0.000117271232876712,0.000335638356164384,0.000281243835616439,0.000150410958904109,0.000346734246575343,9.44383561643837e-05
"100225",8.80273972602734e-05,0.000202520547945205,0.000559150684931508,0.000470493150684932,0.000257342465753424,0.000580520547945206,0.00015027397260274
"100226",7.42575342465752e-05,0.000176854794520548,0.00045253698630137,0.000380756164383562,0.000227024657534247,0.000471101369863014,0.00011493698630137
"100227",0.000120547945205479,0.000225479452054794,0.000598712328767123,0.000505095890410959,0.000282109589041095,0.000613287671232876,0.000150465753424658
"100228",0.00020107397260274,0.000350860273972602,0.000969775342465753,0.00081731506849315,0.00043625205479452,0.000986739726027397,0.000241797260273972
"100229",0.000240115068493151,0.000432443835616438,0.00110963835616438,0.000935063013698629,0.000543747945205479,0.00113074520547945,0.00025934794520548
"100230",0.000719813698630136,0.00120236164383562,0.00252184657534247,0.00217724383561644,0.00144316712328767,0.00260555068493151,0.000813824657534247
"100231",0.00204147945205479,0.00312520547945205,0.00733895890410959,0.00628265753424658,0.00374873972602741,0.00745890410958904,0.00247364383561643
"100232",0.00304757808219179,0.00421094246575343,0.0111019890410959,0.00946200000000001,0.00498591232876713,0.0111397369863014,0.00379480547945207
"100233",0.00194268493150686,0.00292832876712329,0.00778947945205479,0.00658849315068494,0.00357665753424657,0.00783189041095891,0.00268701369863014
"100234",0.0012276602739726,0.00208379178082192,0.00552567671232877,0.00463892602739726,0.00263035616438356,0.00557895890410959,0.00190803287671232
"100235",0.000787989041095886,0.00146814246575342,0.00387752328767123,0.00325821369863013,0.00186020821917808,0.00395309589041096,0.00132050410958904
"100236",0.000948383561643833,0.00189413698630137,0.00480131506849315,0.00403419178082192,0.00242038356164384,0.0049225205479452,0.00165764383561644
"100237",0.000543780821917809,0.00108282739726027,0.00284554520547945,0.00239197808219178,0.00137674520547945,0.00291879452054795,0.000959342465753424
"100238",0.00012453698630137,0.00033573698630137,0.000890213698630138,0.000740383561643837,0.000446904109589042,0.000922564383561644,0.00027629589041096
"100239",3.86630136986303e-05,0.000141501369863014,0.000323424657534246,0.000269079452054795,0.000192065753424658,0.000342279452054795,9.5769863013699e-05
"100240",6.72219178082184e-05,0.000172734246575343,0.000446926027397261,0.000374180821917808,0.000225490410958904,0.000465161643835617,0.000134071232876712
"100241",0.000176745205479452,0.000371342465753426,0.00104035068493151,0.000869868493150685,0.000478504109589042,0.00106589589041096,0.000307380821917808
"100242",0.000128153424657535,0.000243715068493151,0.000710958904109589,0.00059230684931507,0.000314794520547945,0.000720164383561643,0.000208898630136986
"100243",0.000195813698630136,0.00033201095890411,0.000976701369863013,0.000815693150684931,0.000421873972602739,0.000982531506849314,0.000282082191780822
"100244",0.00020721095890411,0.000352745205479453,0.000981830136986302,0.000825249315068493,0.000441380821917808,0.000993884931506849,0.000274060273972603
"100245",0.00019492602739726,0.000328597260273972,0.0008736,0.000736054794520548,0.00040987397260274,0.000884953424657534,0.00023132602739726
"100246",0.000279567123287671,0.000441961643835618,0.00114356712328767,0.000972542465753424,0.00053452602739726,0.00116181369863014,0.000269704109589042
"100247",0.00105103561643835,0.00138427397260274,0.00299454246575343,0.00264530958904109,0.00151476164383561,0.00307566575342465,0.00105483287671233
"100248",0.0012928,0.00221089315068493,0.00428484383561643,0.00373514520547945,0.00262698082191781,0.0044773698630137,0.00145043287671232
"100249",0.00424232328767123,0.00607191232876712,0.0146047671232877,0.0124609534246575,0.00728815342465752,0.0146767890410959,0.00499158356164382
"100250",0.00651019178082193,0.00796496438356165,0.0216578849315069,0.0184690301369863,0.00925603287671234,0.0214384876712329,0.00741647123287673
"100251",0.00409720547945205,0.00591765479452054,0.0147714410958904,0.0125538136986301,0.00715637260273973,0.0148204164383562,0.00513464657534246
"100252",0.0023036,0.0038772,0.00945359999999999,0.0079704,0.0048724,0.0095628,0.00326
"100253",0.00170889863013699,0.00298879452054794,0.00742268493150685,0.00626919452054794,0.00373946849315069,0.00755620273972602,0.00261636712328767
"100254",0.00188199452054795,0.00308916164383562,0.0082368,0.00696996164383561,0.00379183561643835,0.00836156712328767,0.00299947397260274
"100255",0.000998378082191782,0.00207318356164383,0.00517584657534247,0.00437444383561644,0.00261444383561644,0.00535739178082192,0.00180846027397261
"100256",0.000323287671232873,0.00101983561643836,0.00221556164383561,0.00185753424657534,0.00135671232876712,0.00234772602739726,0.000743890410958903
"100257",0.000181972602739725,0.000446597260273972,0.00104049863013699,0.000874158904109589,0.000581621917808219,0.00108468493150685,0.000345254794520548
"100258",0.000129041095890411,0.000273797260273973,0.000705172602739727,0.000591386301369862,0.000352504109589042,0.000725194520547945,0.000230334246575342
"100259",0.00026158904109589,0.000620065753424659,0.00160643287671233,0.00134077808219178,0.000813841095890411,0.00165729315068493,0.000509293150684931
"100260",0.00036372602739726,0.000877917808219178,0.0023094794520548,0.00191287671232877,0.00117742465753425,0.00236624657534247,0.000724164383561644
"100261",0.000139627397260274,0.000264197260273973,0.000730652054794521,0.00060641095890411,0.000346750684931506,0.000736339726027396,0.000228591780821918
"100262",0.000180887671232878,0.000314789041095891,0.000868230136986302,0.000724663013698631,0.000403890410958905,0.000873830136986302,0.000265309589041096
"100263",0.000219397260273973,0.000358750684931507,0.000991517808219179,0.000836602739726027,0.00044238904109589,0.00100392328767123,0.000289139726027397
"100264",0.000288443835616438,0.000429534246575342,0.00115841095890411,0.00098309589041096,0.00051746301369863,0.00116802739726027,0.000308761643835616
"100265",0.000411227397260275,0.000606690410958906,0.00163351232876712,0.001404,0.000699506849315069,0.00166855890410959,0.000431243835616438
"100266",0.00111861369863014,0.00188008767123288,0.00360690410958904,0.00316795068493151,0.0021931397260274,0.00379065205479452,0.0012168493150685
"100267",0.00167334794520548,0.00285543561643835,0.00563453150684931,0.0049364,0.00333797808219178,0.00592174794520548,0.00196975342465754
"100268",0.00530278356164385,0.00733160547945207,0.0168922630136986,0.0146101698630137,0.00847994520547944,0.0171216657534247,0.00594723287671232
"100269",0.00688644383561643,0.00783658082191782,0.0199789589041096,0.0173565808219178,0.00856986301369864,0.0199029479452055,0.00687004931506852
"100270",0.00466737534246575,0.00665694246575342,0.0150673315068493,0.0129931397260274,0.00781446575342466,0.0152738630136986,0.00518577534246575
"100271",0.0034442301369863,0.00577152876712329,0.0128098082191781,0.0109819068493151,0.00700069041095891,0.0131588493150685,0.00438395616438357
"100272",0.00309213698630137,0.00440835616438356,0.0113192054794521,0.009656,0.00524112328767123,0.0113997808219178,0.00412564383561644
"100273",0.0026891506849315,0.00311528767123288,0.00951846575342466,0.00810542465753425,0.00354372602739726,0.00940531506849315,0.00367068493150685
"100274",0.00207698630136986,0.00360575342465753,0.00926835616438355,0.00785095890410958,0.00445027397260274,0.00946438356164384,0.00349191780821918
"100275",0.0010833698630137,0.00258397808219178,0.00575595616438355,0.00485193972602739,0.00334596164383562,0.00601048767123288,0.00212297534246574
"100276",0.00104363287671234,0.00256169315068493,0.00571004383561644,0.00481032328767123,0.00332609315068493,0.0059726301369863,0.00203813150684931
"100277",0.000679101369863017,0.00148637808219178,0.00373917808219178,0.00314143561643836,0.00191123287671233,0.00386209315068493,0.0012826301369863
"100278",0.000410219178082195,0.000994986301369863,0.00261758904109589,0.00218241643835617,0.00130955068493151,0.0027016493150685,0.000862279452054797
"100279",0.000426476712328764,0.00111846575342466,0.00272074520547945,0.00227362191780822,0.00147655890410959,0.00283226301369863,0.000910553424657533
"100280",0.000292980821917808,0.000572926027397261,0.00155159452054795,0.00129764931506849,0.000737046575342466,0.0015808,0.000519287671232877
"100281",0.000285698630136987,0.000519780821917809,0.00146334246575342,0.00121775342465754,0.000673972602739725,0.00147432328767123,0.000483090410958904
"100282",0.000303309589041097,0.000591873972602739,0.00156163835616439,0.00130790684931507,0.000759769863013701,0.00159283835616438,0.000490438356164385
"100283",0.000228690410958903,0.000377556164383561,0.00100094246575342,0.000846027397260273,0.000465665753424657,0.0010153205479452,0.000302465753424657
"100284",0.000275594520547945,0.000390180821917809,0.00106042739726027,0.000896526027397261,0.000473512328767123,0.00105893698630137,0.000321095890410959
"100285",0.000330608219178083,0.000477863013698629,0.0011980602739726,0.00102452054794521,0.000566334246575342,0.00121073424657534,0.000339632876712329
"100286",0.000200602739726028,0.000282493150684932,0.00067282191780822,0.000583123287671233,0.000323178082191781,0.000686356164383561,0.000165972602739727
"100287",0.00136684931506849,0.00214142465753425,0.00419769863013698,0.00366378082191781,0.00251441095890411,0.00434219178082192,0.0014373698630137
"100288",0.00212929315068493,0.00355081643835616,0.0069702794520548,0.00609098082191781,0.00417595616438356,0.00728199452054794,0.00246807671232877
"100289",0.00265274520547945,0.00446202739726027,0.00800336438356164,0.00705820273972602,0.00522,0.00843240547945205,0.00281196712328767
"100290",0.00287747945205479,0.00444972602739726,0.00803150684931506,0.00707857534246574,0.0051724109589041,0.0083536712328767,0.00271413698630137
"100291",0.00393558356164384,0.00548735342465753,0.0109657863013699,0.009612701369863,0.00628330958904109,0.0112123178082192,0.0037377095890411
"100292",0.00346234520547944,0.00532793424657535,0.010718695890411,0.00940103013698632,0.00613699726027397,0.0111315616438356,0.00361364383561644
"100293",0.00409635616438356,0.00700242739726027,0.0144713589041096,0.0125645917808219,0.00831374794520548,0.015081402739726,0.0049350904109589
"100294",0.00472093150684932,0.00726336986301371,0.0175137534246575,0.0150652602739726,0.00855345205479452,0.0179228219178082,0.00635868493150685
"100295",0.00373978082191778,0.00720033424657535,0.0160509095890411,0.0137546410958904,0.00882114520547944,0.0167328273972603,0.00608701369863013
"100296",0.00304142465753425,0.00571457534246576,0.0135592328767123,0.0115044931506849,0.00712739726027398,0.0139606575342466,0.0052974794520548
"100297",0.00186558904109591,0.00420046027397261,0.00927537534246575,0.00785513424657534,0.00536298082191781,0.00968781369863013,0.00349696438356165
"100298",0.00154493698630137,0.00406990684931506,0.00901595616438355,0.00760261369863013,0.00529191780821918,0.00949125479452055,0.0033405095890411
"100299",0.00139688767123287,0.00333404931506849,0.00782950136986302,0.00660960000000001,0.00427785205479451,0.00818570958904109,0.00295436712328767
"100300",0.000713704109589042,0.0014805698630137,0.00377483835616439,0.0032231506849315,0.00180460273972603,0.00395059726027397,0.00142361095890411
"100301",0.000442652054794521,0.00080373698630137,0.00218041643835616,0.00183195616438356,0.00101431232876712,0.0022182904109589,0.000793380821917808
"100302",0.00041521095890411,0.000701983561643837,0.00199951780821918,0.00166207123287671,0.000908361643835617,0.00199925479452055,0.000701545205479452
"100303",0.000580684931506849,0.00114383561643836,0.00302726027397261,0.00252095890410959,0.00149424657534247,0.00307123287671233,0.00104739726027397
"100304",0.000345906849315068,0.000601704109589041,0.00160224109589041,0.00134964931506849,0.000752646575342466,0.00162767123287671,0.000544005479452055
"100305",0.000315775342465753,0.000545961643835616,0.00138117808219178,0.0011659397260274,0.000682180821917807,0.00140414246575342,0.000454284931506848
"100306",0.000305863013698629,0.000533150684931505,0.00126306849315068,0.00107539726027397,0.00065517808219178,0.00129545205479452,0.000394794520547944
"100307",0.000198904109589041,0.000274493150684932,0.000683041095890411,0.000585041095890411,0.000322767123287671,0.000687232876712328,0.000196109589041095
"100308",0.000212575342465753,0.000289397260273973,0.000701616438356164,0.000600246575342466,0.000342630136986301,0.000702794520547946,0.000187369863013699
"100309",0.00159501369863014,0.00240460273972603,0.00444624657534247,0.00389835616438356,0.00281178082191781,0.00458465753424658,0.00155605479452055
"100310",0.00263539726027397,0.0044906301369863,0.00821884931506849,0.00720756164383561,0.0053092602739726,0.0086268493150685,0.00288986301369863
"100311",0.00135068493150685,0.00224287671232876,0.00367520547945206,0.00325616438356164,0.00263780821917808,0.00387246575342466,0.00126876712328767
"100312",0.000556969863013699,0.00074146301369863,0.00124872328767123,0.00110254794520548,0.000857912328767124,0.00126237808219178,0.000440597260273973
"100313",0.000804493150684931,0.00102482191780822,0.00180312328767123,0.0015867397260274,0.00118032876712329,0.00180624657534247,0.000610246575342466
"100314",0.00155677808219178,0.0022202301369863,0.00380751780821918,0.00339037808219178,0.00252677260273973,0.00394204931506849,0.00121604383561644
"100315",0.003652,0.00654267397260275,0.0112820876712329,0.00995090410958904,0.00774287671232878,0.0119797424657534,0.00347826849315068
"100316",0.00416199452054795,0.00791689315068494,0.0149984383561644,0.0130636109589041,0.00953117260273975,0.0158581479452055,0.00493772054794521
"100317",0.00550947945205482,0.0107621260273973,0.0210998794520548,0.0182986520547945,0.0130432438356164,0.022283704109589,0.0075586191780822
"100318",0.00529673424657534,0.00914035068493149,0.0206818520547945,0.0177276821917808,0.0110843506849315,0.0213227506849315,0.00811864109589042
"100319",0.0028962794520548,0.00469090958904111,0.011455397260274,0.00975537534246576,0.0057067287671233,0.0116670465753425,0.00460020273972603
"100320",0.00360082191780822,0.00674147945205479,0.015917698630137,0.0135670136986301,0.00830290410958905,0.0164633424657534,0.00634684931506849
"100321",0.00293089315068494,0.0057587178082192,0.0135987945205479,0.011630498630137,0.00704363835616438,0.0141822246575343,0.00541952876712327
"100322",0.00202019726027397,0.0044146904109589,0.00978126575342465,0.0083550301369863,0.00550119452054794,0.0102833589041096,0.00378980273972603
"100323",0.000845561643835618,0.00176879452054795,0.00418715068493151,0.00353739726027397,0.0022474794520548,0.00433386301369863,0.00154920547945206
"100324",0.000779523287671235,0.00123563835616438,0.0034293698630137,0.00287605479452055,0.00155002191780822,0.0034386904109589,0.00128150136986301
"100325",0.000376273972602741,0.000666575342465753,0.00182547945205479,0.00153427397260274,0.000838109589041095,0.001854,0.000675780821917809
"100326",0.000424273972602739,0.000687041095890411,0.00187224657534247,0.00158161643835617,0.000844684931506849,0.00189558904109589,0.000676109589041095
"100327",0.00051419726027397,0.000953539726027394,0.00235287671232877,0.00198255890410959,0.00120673424657534,0.00240264109589041,0.000826213698630136
"100328",0.000394838356164382,0.000732986301369863,0.0017469698630137,0.00147609863013699,0.000923846575342465,0.00178854794520548,0.000590991780821918
"100329",0.000217150684931507,0.000332350684931507,0.000796504109589041,0.000680219178082192,0.000400208219178082,0.000807945205479452,0.000247528767123288
"100330",0.000384115068493149,0.000516328767123287,0.00126182465753425,0.00108108493150685,0.000607019178082192,0.0012643397260274,0.000382783561643835
"100331",0.000492756164383563,0.000699682191780822,0.00166060273972603,0.00142158904109589,0.000832635616438357,0.00167230684931507,0.00045442191780822
"100332",0.00252990684931507,0.00408705753424658,0.00725093698630137,0.00645569315068493,0.00466860273972603,0.00767235068493151,0.00259401643835618
"100333",0.00424541369863013,0.00782872328767124,0.0132463780821918,0.0116816,0.0093172493150685,0.0141125369863014,0.00463848767123287
"100334",0.000556975342465752,0.000883156164383561,0.00135465205479452,0.00118364931506849,0.00107598904109589,0.00139059726027397,0.000450147945205479
"100335",0.000416449315068493,0.000559232876712329,0.000982684931506849,0.00087573698630137,0.000628306849315068,0.00100888767123288,0.000388109589041096
"100336",0.000235265753424658,0.000280931506849315,0.000510575342465754,0.000462295890410959,0.000296597260273973,0.000523298630136987,0.000204591780821918
"100337",0.00028226301369863,0.000377095890410959,0.000568980821917809,0.000513205479452055,0.000425687671232877,0.000584778082191781,0.000190553424657535
"100338",0.000608750684931506,0.000828761643835617,0.00128723287671233,0.00115053150684931,0.000949928767123288,0.00131749589041096,0.000392613698630137
"100339",0.00276076712328768,0.00420038356164384,0.00720091506849315,0.00636264109589041,0.00489392328767124,0.00747312876712329,0.00224312328767123
"100340",0.00704294794520549,0.0126933150684931,0.0226269369863014,0.0197389917808219,0.015319298630137,0.0237766575342466,0.00756505205479452
"100341",0.00680901369863013,0.0119099452054794,0.0245000821917808,0.0210484383561644,0.0145678630136986,0.0253059726027398,0.00908476712328765
"100342",0.00488929863013698,0.00783643287671235,0.0175968109589041,0.0151160876712329,0.00940473972602739,0.0180260547945205,0.00701001095890411
"100343",0.00599463013698631,0.0103557808219178,0.0237734246575343,0.0204908493150685,0.0123338630136987,0.0246708493150685,0.00988416438356166
"100344",0.00827206027397254,0.0158150520547946,0.0365369808219178,0.0311779178082192,0.0194948,0.037905008219178,0.0148238465753425
"100345",0.00395424657534246,0.00829890410958906,0.0180739726027397,0.015431506849315,0.0103528767123288,0.0189221917808219,0.00719835616438355
"100346",0.0021508602739726,0.00455118904109589,0.0101623890410959,0.00861034520547946,0.0057787397260274,0.0105605260273973,0.00394086575342466
"100347",0.0013139397260274,0.00244554520547945,0.00587332602739726,0.00495006575342466,0.00310225753424657,0.00599874520547945,0.00226578630136986
"100348",0.00056416438356164,0.00102586301369863,0.00249687671232877,0.00210893150684931,0.00128953424657534,0.00255090410958904,0.000951232876712328
"100349",0.000815682191780822,0.00155594520547946,0.00378930410958904,0.00320344657534247,0.00195648219178082,0.0038932602739726,0.00141903561643836
"100350",0.00089687671232877,0.00161889863013698,0.00410104109589041,0.00345008219178082,0.00204889315068493,0.00417138082191781,0.00150299178082192
"100351",0.000687123287671228,0.00125102465753425,0.00299204383561644,0.00253650410958904,0.00155927671232876,0.00306858082191781,0.00107572602739726
"100352",0.000640306849315066,0.000962728767123288,0.00236860273972602,0.00202635616438356,0.0011469698630137,0.00240440547945205,0.000808372602739724
"100353",0.000809868493150682,0.00103474520547945,0.00266458082191781,0.00228135342465753,0.00120246575342466,0.00265687671232877,0.000882120547945207
"100354",0.00118518904109589,0.00161008767123288,0.00385412054794521,0.00328734246575342,0.00192683835616438,0.00384391232876713,0.00117941917808219
"100355",0.00126738082191781,0.0021273698630137,0.0044749808219178,0.00382293698630137,0.00262444931506849,0.00457316712328767,0.00121946301369863
"100356",0.0013635397260274,0.00215830136986302,0.00463778630136986,0.00398610410958904,0.0026011397260274,0.00473932054794521,0.00119251506849315
"100357",8.81479452054793e-05,0.000120460273972603,0.000185304109589041,0.000165627397260274,0.000138383561643835,0.000189665753424658,7.20986301369863e-05
"100358",8.6454794520548e-05,0.000110465753424658,0.00017732602739726,0.000161923287671233,0.000118975342465753,0.000184082191780822,7.2986301369863e-05
"100359",0.000704449315068493,0.000832443835616438,0.00134568767123288,0.00123399452054794,0.000878010958904109,0.00138082191780822,0.000544695890410959
"100360",0.00528710136986302,0.00620475616438355,0.0101341808219178,0.0090571397260274,0.0069338301369863,0.0100831561643836,0.00363379726027397
"100361",0.00472640547945205,0.00732307397260274,0.0117318904109589,0.0101685205479452,0.00899684383561643,0.011911101369863,0.00408517808219178
"100362",0.00753484931506848,0.0121837808219178,0.0238359452054795,0.0203958082191781,0.0150642739726027,0.0242265205479452,0.00900402739726028
"100363",0.00692981369863013,0.0106623780821918,0.0230139726027397,0.0198103178082192,0.0127597150684932,0.0234742520547945,0.00938402739726027
"100364",0.00738016438356165,0.0151253260273973,0.0304859616438356,0.0260979726027397,0.0189023123287671,0.0319218849315069,0.0128096657534247
"100365",0.0092806465753425,0.0173056,0.0417082739726027,0.0353168328767123,0.0216560767123288,0.0428269150684932,0.0177815780821918
"100366",0.0056382904109589,0.0109766246575343,0.0250823123287671,0.0212227287671233,0.0138854246575343,0.0258261150684932,0.0105095342465753
"100367",0.00310042739726027,0.00584074520547946,0.0133525150684932,0.0112929205479452,0.00738166575342465,0.0136969424657534,0.00546437260273974
"100368",0.00309589041095891,0.00635648219178084,0.0140076657534247,0.0118269205479452,0.00814095342465755,0.0144602849315069,0.00572553972602742
"100369",0.00199167123287672,0.00359441095890412,0.00832712328767123,0.00702961643835617,0.00454608219178083,0.00848882191780822,0.00337038356164383
"100370",0.00173534794520549,0.00341960547945206,0.00786550684931507,0.00661620821917808,0.00439377534246575,0.00805744109589041,0.00307681643835616
"100371",0.00146556164383561,0.00287778082191781,0.00678805479452054,0.00571728767123288,0.00367520547945205,0.00696254794520548,0.00261317808219177
"100372",0.0011362191780822,0.00216591780821918,0.00497030136986301,0.00421698630136987,0.0027147397260274,0.00512241095890411,0.001872
"100373",0.00132817534246575,0.00220321643835616,0.0052513698630137,0.00448236712328767,0.0026761205479452,0.00537268493150685,0.00191003835616439
"100374",0.00129087123287671,0.00196313424657534,0.00476580821917808,0.00406888767123287,0.00236061369863014,0.00483110136986301,0.00165915616438356
"100375",0.0014629698630137,0.00239035616438357,0.00544008219178083,0.00463423561643836,0.00293537534246575,0.00553668493150685,0.00178243287671233
"100376",0.00161215890410958,0.00325533698630137,0.00652911780821917,0.00555187397260273,0.00413365479452055,0.00677615342465753,0.0019226301369863
"100377",0.00193087671232877,0.00343893150684932,0.00723528767123288,0.00617778082191781,0.00426528767123288,0.00744293150684932,0.00206106849315069
"100378",0.000163506849315069,0.000226805479452055,0.000347024657534247,0.000315123287671233,0.000252482191780822,0.00036267397260274,0.000158695890410959
"100379",0.000516065753424657,0.000655397260273972,0.00106020821917808,0.00096851506849315,0.000703265753424657,0.00110044931506849,0.000519550684931506
"100380",0.0023011397260274,0.00281449315068493,0.00520893698630137,0.00476122191780822,0.00288537534246575,0.00543189041095891,0.00271775342465753
"100381",0.00747496438356166,0.0111523232876712,0.0198275671232877,0.017598997260274,0.0127432219178082,0.0206532602739726,0.0100475123287671
"100382",0.0086273315068493,0.0137797917808219,0.0257792657534247,0.0220857424657534,0.0170661698630137,0.0261458849315069,0.0107884054794521
"100383",0.0116712328767123,0.0176876712328767,0.0351701917808219,0.0303070684931507,0.0213435616438356,0.0357172602739726,0.015194301369863
"100384",0.0102053260273972,0.0188249205479452,0.0377681095890411,0.0321954849315068,0.0236303561643835,0.0389056657534246,0.0165046794520547
"100385",0.00908136986301372,0.0169391780821918,0.0370993424657534,0.0314884383561644,0.0212947397260274,0.0381401643835616,0.0168533698630137
"100386",0.00602746849315069,0.0101176438356164,0.0239233643835616,0.0202262630136986,0.0126535726027397,0.0242472493150685,0.0109659616438356
"100387",0.00614779726027398,0.0102760767123288,0.0240316602739726,0.0203435835616438,0.0128200273972603,0.0243715890410959,0.0107513753424658
"100388",0.00658607671232878,0.0124788821917808,0.027260498630137,0.0230740273972603,0.0158203561643835,0.0279876164383561,0.0119700164383562
"100389",0.00516295890410959,0.00872232328767122,0.0203834301369863,0.0172565917808219,0.0108883726027397,0.0206988493150685,0.00891465205479453
"100390",0.00338661369863014,0.00527981917808219,0.0130772219178082,0.0110679287671233,0.00651230136986303,0.0131764931506849,0.00565629041095891
"100391",0.0026563506849315,0.00427118904109589,0.0106182136986301,0.00899888219178083,0.00525698630136986,0.0107539068493151,0.00451966027397259
"100392",0.00192756164383561,0.00321567123287671,0.00775857534246575,0.00657106849315068,0.00399024657534246,0.00787758904109589,0.00317687671232877
"100393",0.00150154520547945,0.00264249863013698,0.00616030684931507,0.00521556164383562,0.00330844931506849,0.0062836602739726,0.00240210410958904
"100394",0.00132345753424658,0.0024843397260274,0.00552379178082191,0.00466002191780822,0.00316880547945206,0.00564654794520549,0.00204797808219179
"100395",0.00124952328767123,0.00213632876712329,0.00495894794520548,0.00419603287671232,0.00267478356164384,0.00503869589041096,0.00176299178082191
"100396",0.00169718356164383,0.0033541698630137,0.00709190136986301,0.00602038356164383,0.00424618082191781,0.00733369863013698,0.00239281095890411
"100397",0.00273433424657535,0.00431305205479451,0.0101057095890411,0.00861111232876713,0.00525711780821918,0.0102543780821918,0.00338397808219178
"100398",0.00370035068493151,0.00560580273972602,0.0131112109589041,0.0112009753424657,0.00676236164383562,0.0132754465753425,0.00417445479452055
"100399",0.00392303013698631,0.0060705095890411,0.0138144164383562,0.0118571342465753,0.00726643835616439,0.0140841917808219,0.00429270136986301
"100400",0.00277604383561644,0.00399659178082192,0.00772836164383563,0.00686495342465754,0.00446084383561645,0.00804644383561644,0.00453540821917809
"100401",0.011830093150685,0.0151012821917808,0.0281117808219178,0.0251935561643836,0.0164109150684932,0.0289006465753424,0.0160897753424657
"100402",0.0102019726027397,0.0133945479452055,0.025604301369863,0.0223013150684931,0.0156350410958904,0.0256561095890411,0.0129308219178082
"100403",0.00898709589041097,0.0144855616438356,0.028158,0.0241575616438356,0.0178096438356165,0.028683698630137,0.0128272602739726
"100404",0.00909229041095891,0.0155220219178082,0.0306518082191781,0.0263298849315068,0.0190643616438356,0.031526701369863,0.0139567452054795
"100405",0.00542000000000001,0.00939680000000001,0.0196184,0.0167296,0.0116824,0.0200848,0.00922480000000001
"100406",0.00468030136986303,0.00809627397260274,0.0181644438356164,0.0154339506849315,0.0100696931506849,0.018550597260274,0.00879089315068493
"100407",0.00597027397260275,0.0118810136986301,0.0257536164383562,0.0218063835616438,0.0151048493150685,0.026582602739726,0.0122820273972603
"100408",0.00748928219178083,0.0133771068493151,0.0304110246575343,0.0256630684931507,0.0169595506849315,0.0309431342465754,0.0142259178082192
"100409",0.00806031780821917,0.0127047890410959,0.0298723945205479,0.0254083506849315,0.0155609424657535,0.0302516602739726,0.0139469150684931
"100410",0.00552479452054794,0.00857553424657534,0.0206468493150685,0.0175366575342466,0.0105000821917808,0.0208549315068493,0.00940531506849315
"100411",0.00461236164383562,0.00631729315068494,0.0172128493150685,0.014512098630137,0.00771255342465753,0.017069495890411,0.00773064657534248
"100412",0.00286518356164385,0.0046859397260274,0.0114732712328767,0.00969253698630138,0.00584030684931508,0.0115957479452055,0.00503022465753425
"100413",0.00161123287671233,0.00270931506849315,0.00652438356164383,0.00549753424657534,0.00341424657534246,0.00659287671232876,0.0028131506849315
"100414",0.00111851506849316,0.00200712328767123,0.00475911232876712,0.00399660821917808,0.0025685095890411,0.00482297534246575,0.00197752328767124
"100415",0.00130188493150685,0.00235176986301369,0.00543813698630136,0.00457052054794521,0.00301134246575342,0.00551730410958905,0.00214970958904109
"100416",0.00219914520547945,0.00364151232876713,0.00852935890410959,0.00718693698630137,0.00459783013698629,0.00859739178082192,0.00323121095890411
"100417",0.00333758904109589,0.00479306849315068,0.011817095890411,0.00998016438356165,0.00591367123287671,0.0117588767123288,0.00432545205479452
"100418",0.00513364931506849,0.00690013150684932,0.0173258136986301,0.0147188876712329,0.00829525479452055,0.01722,0.00617628493150685
"100419",0.0043372109589041,0.00643252602739726,0.0150686301369863,0.0129076273972603,0.00768363287671232,0.0152632602739726,0.00512667945205479
"100420",0.0178778794520548,0.020404805479452,0.0394923835616438,0.0350995890410959,0.0221851397260274,0.0394813863013699,0.0232726465753424
"100421",0.0183657534246575,0.0230808657534246,0.0434914520547945,0.0377748164383561,0.0270761753424657,0.0430412383561644,0.0229622465753425
"100422",0.00476122191780823,0.00800353972602739,0.0144295890410959,0.0124468767123288,0.00984195616438358,0.0148375232876712,0.00692728767123289
"100423",0.00402195068493148,0.00673948493150685,0.0129459342465753,0.0110960164383562,0.00834058630136986,0.0132391287671233,0.00613813698630138
"100424",0.0042897698630137,0.00703952876712328,0.0150570739726027,0.0128772164383562,0.00862515616438354,0.0153703068493151,0.0074281808219178
"100425",0.00620050958904109,0.0099496328767123,0.0231336547945205,0.0196272054794521,0.0123062246575342,0.0234038191780822,0.0114663452054795
"100426",0.00850357260273971,0.0143080164383562,0.0331977589041096,0.0281197369863014,0.0178430849315069,0.033709304109589,0.016354197260274
"100427",0.00736966575342465,0.0137759342465753,0.0302286904109589,0.0256224876712328,0.0173773589041096,0.0310394958904109,0.0146061369863013
"100428",0.00704949041095893,0.0142836164383562,0.0297109479452055,0.0251527561643836,0.0182609753424658,0.030708493150685,0.0141105205479452
"100429",0.00524359452054793,0.00758409315068492,0.0193265479452055,0.0163615506849315,0.00925699726027396,0.0193273315068493,0.00920998356164382
"100430",0.00283436712328768,0.00463403835616438,0.0110033095890411,0.00933711780821918,0.00572212602739726,0.0111653260273973,0.00522687123287673
"100431",0.00151283287671233,0.0025306301369863,0.00604099726027398,0.00509100273972603,0.00319000547945206,0.00610023013698631,0.00282402191780822
"100432",0.00131020273972602,0.00216772054794521,0.00538077260273973,0.00450955068493151,0.00276306301369864,0.00539964383561644,0.00242517808219179
"100433",0.00183659178082192,0.00287398356164383,0.00716528219178082,0.00603971506849315,0.00358619178082192,0.00719191232876713,0.00310921643835616
"100434",0.00296889863013698,0.0046016109589041,0.0111447397260274,0.00942516164383561,0.00570130410958905,0.0112038630136986,0.00462298630136986
"100435",0.0033798794520548,0.00527533150684932,0.0126207232876712,0.0106861260273973,0.00652694794520547,0.0127098301369863,0.00496371506849315
"100436",0.00452827397260272,0.00736832876712328,0.0172440547945205,0.0146148493150685,0.00914273972602739,0.0174577534246575,0.00651709589041095
"100437",0.0237438849315068,0.0322113534246575,0.0553513205479452,0.0491066301369863,0.0367885095890411,0.0565537479452055,0.0330604438356163
"100438",0.0143443835616438,0.0189150410958904,0.0343748493150685,0.0302445205479452,0.0217378630136986,0.0347466575342466,0.0191419452054795
"100439",0.00642802739726027,0.00924095890410959,0.0180250684931507,0.0154604109589041,0.0112592876712329,0.0180464931506849,0.00942936986301368
"100440",0.00595642739726027,0.00937021369863014,0.0192479123287671,0.0165092821917808,0.0114217643835617,0.0195750575342466,0.00976964383561646
"100441",0.00940544657534248,0.0139328657534246,0.0301370630136986,0.0259461808219178,0.0166087452054794,0.0305908602739726,0.0151488547945205
"100442",0.00994984109589039,0.0151996383561644,0.0345481753424657,0.0295795178082192,0.0183102684931506,0.0350659178082192,0.0173861260273972
"100443",0.00820887671232878,0.0159248219178082,0.0330862465753425,0.0282295890410959,0.0199281095890411,0.0343271232876712,0.0164419726027397
"100444",0.00764932602739726,0.0130324602739726,0.0296066191780822,0.0251423452054794,0.0161927452054794,0.0301750246575343,0.0147302465753425
"100445",0.00628423013698631,0.0105338739726027,0.0243868054794521,0.0205948931506849,0.0132449753424657,0.0246691068493151,0.0122286904109589
"100446",0.00401005479452056,0.00636159452054794,0.0155350356164383,0.0131110520547945,0.00793548493150685,0.0156286356164384,0.00779316164383562
"100447",0.00264690410958905,0.00473395616438356,0.0108277479452055,0.0091081698630137,0.00604922191780823,0.0109823780821918,0.00526606575342467
"100448",0.0022805698630137,0.00366792876712328,0.00894716164383562,0.00751317808219178,0.00464741369863014,0.00896515068493151,0.00421127123287672
"100449",0.002708,0.00389920000000001,0.00998280000000001,0.00841,0.0048276,0.0099252,0.0045476
"100450",0.00411811506849315,0.00514445479452054,0.0137766575342466,0.011687304109589,0.00611286027397259,0.0135842520547945,0.00605758356164382
"100451",0.0052262794520548,0.00671701917808219,0.0172524712328767,0.0147108602739726,0.0079196383561644,0.0171354849315068,0.00725114520547947
"100452",0.00676313424657535,0.00948874520547946,0.0235390246575342,0.0200848876712328,0.0113152438356164,0.023629501369863,0.00957450958904107
"100453",0.00600369863013697,0.00952958904109591,0.0229130136986301,0.0195156164383562,0.0115960273972603,0.0232754794520548,0.00927739726027396
"100454",0.0101365479452055,0.0147948273972603,0.0285337643835617,0.024730498630137,0.0176246136986302,0.0289571506849315,0.0153552219178082
"100455",0.0109720109589041,0.0186146630136986,0.0340563287671233,0.0291150465753424,0.0233220383561644,0.0347364383561644,0.0188790794520548
"100456",0.0118661808219178,0.0231116328767123,0.0418327452054794,0.035706202739726,0.0293508821917808,0.043366904109589,0.0243917808219178
"100457",0.0113710684931507,0.0209224109589042,0.0375248219178082,0.0322727671232877,0.0260753424657534,0.0389347397260274,0.0223293698630137
"100458",0.0206607123287671,0.0260286520547945,0.0522513260273972,0.0455182410958904,0.029986,0.0521674246575342,0.0317881315068493
"100459",0.0209132712328767,0.0284410301369863,0.0527325150684931,0.0464745424657534,0.0325196273972603,0.0537767232876712,0.0338148821917808
"100460",0.0138888493150685,0.0179418739726027,0.0375187232876712,0.0324060164383561,0.0210533917808219,0.0373641863013699,0.0239558301369863
"100461",0.0164763561643836,0.0248931506849315,0.0470270410958905,0.0399050136986302,0.0313346575342466,0.0468072054794521,0.0268797534246575
"100462",0.0167472767123288,0.0243623561643835,0.0470437589041096,0.0402789863013698,0.0298754246575342,0.0470683342465754,0.0241313479452055
"100463",0.0140169863013698,0.0189106849315068,0.0430520547945205,0.037185205479452,0.0219632876712328,0.0433906849315068,0.0223232876712329
"100464",0.0110805041095891,0.0169494410958904,0.0378859068493151,0.032576498630137,0.0202255890410959,0.0386197150684932,0.0198326958904109
"100465",0.00778783561643837,0.0118865753424657,0.0282320547945206,0.0240481643835616,0.0144399452054794,0.0285358356164383,0.0146919452054795
"100466",0.00595183561643833,0.00873290958904108,0.0220204602739726,0.018583397260274,0.0107887561643835,0.0219725260273972,0.0115148712328767
"100467",0.0050919616438356,0.00866123835616439,0.0205966794520548,0.0173207561643836,0.0109994630136986,0.0207859397260274,0.010671698630137
"100468",0.00357521643835618,0.00686287671232877,0.0151557095890411,0.0127959232876712,0.00875318356164383,0.0155410739726028,0.00766751232876713
"100469",0.00359506849315068,0.00559890410958903,0.0135150684931507,0.0113950684931507,0.0070027397260274,0.013547397260274,0.00668657534246575
"100470",0.00375886027397258,0.00549052602739725,0.0137719726027397,0.0116329863013699,0.00676672328767124,0.0137448547945205,0.00655697534246576
"100471",0.00471782465753424,0.00652827945205479,0.0162620383561644,0.013820104109589,0.0078681698630137,0.016225495890411,0.00733477808219178
"100472",0.0179061917808219,0.0280119671232877,0.0495432767123288,0.0422981041095891,0.0351221260273973,0.0497744876712329,0.0273959671232877
"100473",0.0151200438356164,0.0247297753424657,0.0450086575342465,0.0387804054794521,0.030390005479452,0.0460530849315068,0.0266370630136986
"100474",0.0156279452054794,0.0237287671232876,0.0450246575342466,0.0389342465753424,0.0285879452054795,0.0458186301369863,0.027266301369863
"100475",0.020003002739726,0.0260210520547945,0.0528530849315069,0.0455846246575342,0.0308119123287671,0.0525047561643835,0.0326339397260274
"100476",0.0196995068493151,0.026434301369863,0.0536082191780822,0.046275397260274,0.031330301369863,0.0535802739726028,0.0357158356164384
"100477",0.0114576,0.0152067616438356,0.0345044383561644,0.0295085095890411,0.018158498630137,0.0342993863013699,0.0239695726027398
"100478",0.0127623452054795,0.0178883232876713,0.0388317698630137,0.0332691397260274,0.0214953863013699,0.038899501369863,0.0261472438356165
"100479",0.0169994958904109,0.0235267726027397,0.048151298630137,0.0416832657534246,0.0277156602739726,0.0485503232876713,0.0304443616438356
"100480",0.0168691561643836,0.0229063561643835,0.0514306356164383,0.0441606082191781,0.0271414356164383,0.0514998739726027,0.0283319506849315
"100481",0.0151114082191781,0.0165324273972603,0.045420295890411,0.0390206465753424,0.0184361205479452,0.0446490301369863,0.0250973589041096
"100482",0.0121425534246575,0.0139985095890411,0.0383053150684932,0.0326983890410959,0.0160888109589041,0.0376601424657534,0.0209869150684932
"100483",0.00878632328767123,0.0110867506849315,0.0292666739726027,0.0248531945205479,0.0131727123287671,0.0289054684931506,0.0158591780821918
"100484",0.00741978630136986,0.0120418356164383,0.0276280821917808,0.0235637479452055,0.0147136,0.0281411342465753,0.0149094301369863
"100485",0.00515628493150685,0.00794577534246577,0.0186379397260274,0.0158567671232877,0.00971066301369863,0.0188269808219178,0.0098278684931507
"100486",0.00551715068493153,0.00783156164383561,0.0193798356164384,0.0164256438356164,0.00954761643835617,0.0193353424657534,0.00993347945205478
"100487",0.00501246027397262,0.00733722739726028,0.018067594520548,0.0153412767123288,0.00892521095890411,0.0181288109589041,0.00883994520547945
"100488",0.00681657534246577,0.00966688767123289,0.0234696328767124,0.0200543178082192,0.0115258684931507,0.0236073698630137,0.0109496219178082
"100489",0.00576515068493152,0.00910805479452054,0.0206587397260274,0.0177090684931507,0.0109672054794521,0.021083397260274,0.00919893150684931
"100490",0.0100356164383561,0.0127499178082192,0.0276963287671233,0.0240085479452055,0.0146899726027397,0.0276913972602739,0.0164307945205479
"100491",0.00441961643835616,0.0067837808219178,0.0130650410958904,0.0113572602739726,0.00805709589041097,0.0134048219178082,0.00788202739726028
"100492",0.00877797260273974,0.0132200438356165,0.0253641698630137,0.0221032383561644,0.0155908547945205,0.0260173041095891,0.0160572438356165
"100493",0.0193187835616438,0.0289731616438356,0.0562296328767123,0.0480733479452055,0.035723605479452,0.0564502356164384,0.0372979068493151
"100494",0.0143751780821918,0.0222415232876712,0.0457700164383562,0.0389566465753425,0.0275975890410959,0.0460504657534246,0.0322447890410959
"100495",0.0115552328767123,0.0141585808219178,0.0344952931506849,0.0293756657534247,0.0168154136986301,0.0338634246575343,0.0238804
"100496",0.010906997260274,0.0153624493150685,0.0336892931506849,0.0288832273972603,0.0184065863013699,0.0338158684931507,0.0221873917808219
"100497",0.013408306849315,0.0187657315068493,0.0434508438356165,0.0368433534246576,0.0230074356164384,0.043154301369863,0.0252913041095891
"100498",0.0149923835616438,0.0192261808219178,0.0485960657534247,0.0413582356164384,0.0228599123287672,0.0481034191780822,0.0278289753424657
"100499",0.0165824876712329,0.0210726575342466,0.054014597260274,0.0463051397260275,0.0243929424657534,0.0538841424657534,0.0306968547945206
"100500",0.0127341917808219,0.0178446904109589,0.0427781369863014,0.0365456164383562,0.0213083232876712,0.0429244876712329,0.0238299287671233
"100501",0.00838710136986301,0.0127538191780822,0.0296503287671233,0.0254216602739726,0.0152435506849315,0.0301504547945206,0.0162498575342466
"100502",0.00662649863013701,0.00920646575342468,0.0226661479452055,0.0193421150684932,0.0109785643835617,0.0227182684931507,0.0122510246575342
"100503",0.0069294794520548,0.00920701369863014,0.0236630684931507,0.0201401095890411,0.0109554520547945,0.0235596712328767,0.0125576438356164
"100504",0.00611087671232877,0.0089145205479452,0.0222727397260274,0.0189130684931507,0.0108158630136986,0.0223541095890411,0.0110391780821918
"100505",0.00716531506849316,0.0110621095890411,0.0260776438356164,0.0222428219178082,0.0134117260273973,0.0264270410958904,0.012462904109589
"100506",0.0081625205479452,0.0121085095890411,0.0286578465753425,0.0244840931506849,0.0145526410958904,0.0289561369863014,0.0131779616438356
"100507",0.00541466301369864,0.00775837808219179,0.0219946520547945,0.0184836821917808,0.00956633424657535,0.0218841863013699,0.0114976438356164
"100508",0.00245275068493151,0.00387823561643836,0.00735322191780822,0.0063854794520548,0.00464058082191781,0.0075636493150685,0.00426695342465754
"100509",0.00446170410958903,0.0068332493150685,0.0130495945205479,0.0113344547945205,0.00814264657534246,0.0133675561643836,0.0077754301369863
"100510",0.0183057534246576,0.0286980821917808,0.0535691178082192,0.0457090849315069,0.0358258849315068,0.0539314191780822,0.0338866191780822
"100511",0.0177224767123288,0.0266949698630137,0.0546982136986302,0.0469639452054794,0.032356602739726,0.0553492602739726,0.0382283835616438
"100512",0.0146816,0.019995002739726,0.0437350136986301,0.0376690410958904,0.0235891726027397,0.043903693150685,0.031131090410959
"100513",0.00985235616438357,0.0129615616438356,0.0281829369863014,0.0239869808219178,0.0157608273972603,0.0277533369863014,0.0188602246575342
"100514",0.00698149041095888,0.0119513150684931,0.0249432821917808,0.0210190136986301,0.0152870904109589,0.0251649479452055,0.0156235123287671
"100515",0.0149949589041096,0.0212629698630137,0.0465780383561644,0.0393379287671233,0.0265436931506849,0.0460109808219178,0.0274212821917809
"100516",0.0155724383561644,0.0228467397260274,0.0521689863013699,0.0443979726027398,0.0278807671232877,0.0523291506849315,0.0298919452054795
"100517",0.0122296547945205,0.0190894794520548,0.0423272,0.0364033534246576,0.0228282301369863,0.0432545753424657,0.0235955945205479
"100518",0.00905868493150686,0.0137643287671233,0.0314649863013698,0.0270632219178082,0.0163428164383561,0.0320842849315068,0.0174249863013699
"100519",0.00858140273972602,0.0109777315068493,0.0283751890410959,0.0242488547945205,0.012831704109589,0.0282445808219178,0.0157582136986301
"100520",0.00895441095890409,0.00997160547945203,0.0287991123287671,0.0246251835616438,0.0112312,0.0283342356164383,0.0157792438356164
"100521",0.00738068493150687,0.00869204383561645,0.0249942849315068,0.0212799123287671,0.0100220383561644,0.0246529589041096,0.0129242904109589
"100522",0.00770226849315067,0.0114052383561644,0.0279836931506849,0.0238134356164383,0.0137975232876712,0.0281854246575342,0.0141428602739725
"100523",0.0086400109589041,0.0126460931506849,0.0308127780821918,0.0261875178082192,0.0153580931506849,0.0309366136986301,0.0152404493150685
"100524",0.00301740273972603,0.00581499726027397,0.00976843287671234,0.00847720547945205,0.00719103561643836,0.0102858575342466,0.00550570958904109
"100525",0.00464876712328767,0.00702147945205481,0.0127960767123288,0.0111496767123288,0.00835581369863014,0.013097095890411,0.00736300273972602
"100526",0.020378104109589,0.0254843178082192,0.0521945424657534,0.0451611616438356,0.029769797260274,0.0517166465753425,0.0321367671232877
"100527",0.0221961315068493,0.0303011726027397,0.059403495890411,0.0514050191780822,0.035928591780822,0.0595858849315068,0.0390968328767123
"100528",0.0132696876712329,0.0165889260273973,0.0349870246575343,0.0304350301369863,0.0189938904109589,0.0349543287671233,0.0237178410958904
"100529",0.00717297534246575,0.00888927123287671,0.0192624657534247,0.0167736328767123,0.0100857863013699,0.0192767342465753,0.0132880438356165
"100530",0.00490666301369862,0.00675897534246575,0.0147509808219178,0.0127293205479452,0.00794219726027398,0.0148633260273973,0.00994227397260275
"100531",0.0101016328767123,0.0129799890410959,0.0300891616438356,0.0259264438356164,0.0150635835616438,0.0300589808219178,0.0195951780821918
"100532",0.0187800547945206,0.0234869589041096,0.0499074520547945,0.0430636712328767,0.0274753424657534,0.0494284383561644,0.0301455890410959
"100533",0.0143659178082192,0.0216809041095891,0.0444898904109589,0.0381258356164383,0.0264054794520548,0.0449377808219178,0.0245019452054794
"100534",0.0115468273972603,0.016013501369863,0.0372821753424658,0.0323239890410959,0.0183552383561644,0.0379266356164384,0.0206405479452055
"100535",0.0105657643835617,0.0128863561643836,0.0335136931506849,0.0289523945205479,0.0144238136986302,0.0335621479452055,0.0190230904109589
"100536",0.0110451945205479,0.0134119232876712,0.0357315287671233,0.0305824438356165,0.0154279232876712,0.0354374136986301,0.0200757698630137
"100537",0.00851912328767121,0.0117437808219178,0.0301779726027397,0.0256188493150685,0.0141366575342466,0.0301020273972602,0.0164801095890411
"100538",0.00799078356164384,0.0122860273972603,0.029726104109589,0.0252167671232877,0.0150777534246576,0.0299560109589041,0.015828295890411
"100539",0.00835198356164382,0.0121568164383562,0.0302485424657534,0.0255766630136986,0.0149468657534246,0.0302013150684931,0.0159132109589041
"100540",0.00956153424657533,0.012196602739726,0.0330199178082192,0.027635594520548,0.0151629369863014,0.0321729315068493,0.0174541917808219
"100541",0.00649940273972602,0.00939406027397258,0.0253479780821918,0.0211704493150685,0.0118880767123287,0.0250231616438356,0.0143913150684931
"100542",0.0079088219178082,0.0137283287671233,0.0258779506849315,0.0222863671232877,0.016883704109589,0.0267157150684931,0.0150960657534246
"100543",0.00687955068493151,0.0115374575342466,0.0215968931506849,0.0186852821917808,0.0140156383561644,0.0223002739726027,0.0123749753424657
"100544",0.00507767123287671,0.00760848219178081,0.0147913808219178,0.0128660164383562,0.00899093698630136,0.0151383780821918,0.00849783561643835
"100545",0.00674616438356163,0.00911312328767122,0.0185206246575342,0.0161138849315069,0.0105823616438356,0.018700301369863,0.0110027123287671
"100546",0.0174858191780822,0.0229559452054794,0.0448105534246576,0.0390921315068493,0.0265889863013699,0.0450481863013699,0.0276720438356164
"100547",0.012656394520548,0.015450695890411,0.0280929315068493,0.0246206684931507,0.0177844164383562,0.0278480657534247,0.0172763616438356
"100548",0.0130714739726027,0.0149406246575343,0.029259397260274,0.0258266301369863,0.0165150246575342,0.0290581041095891,0.0190752219178082
"100549",0.00764561095890412,0.0083923397260274,0.0182669917808219,0.0162658082191781,0.0087545589041096,0.0183666794520548,0.0125767452054795
"100550",0.00761569863013697,0.00958549589041097,0.0210124219178082,0.0182356383561644,0.0109780164383562,0.0210176767123288,0.0143718630136986
"100551",0.0143064273972603,0.0199946410958904,0.0424183726027397,0.0368666246575343,0.023178306849315,0.0431103342465753,0.0286963397260274
"100552",0.0141488219178083,0.0242048876712329,0.046555791780822,0.0401009095890411,0.0296471671232877,0.0480065753424658,0.0287395068493151
"100553",0.0114474739726028,0.0188917150684931,0.0394056657534246,0.0340218410958904,0.0226710246575342,0.040646104109589,0.0223504438356164
"100554",0.0133386520547946,0.0170431123287672,0.0416038136986301,0.0360698301369863,0.019195397260274,0.0419492821917808,0.0238486794520548
"100555",0.0141893589041096,0.0171813917808219,0.0449407123287671,0.0385316712328767,0.0197071561643836,0.0445897205479452,0.0255329315068493
"100556",0.00919300273972604,0.0129785095890411,0.0324462739726027,0.0275919945205479,0.0156316109589041,0.0324852328767123,0.0183366575342466
"100557",0.00944613698630137,0.0126036164383562,0.0334356164383562,0.0282082191780822,0.0153665753424657,0.0330318904109589,0.018571397260274
"100558",0.0096472712328767,0.0135011890410959,0.0345715835616439,0.029317501369863,0.0163375616438356,0.0345050410958904,0.0187746794520548
"100559",0.00701342465753424,0.00978465753424657,0.024661095890411,0.0207458904109589,0.0121550684931507,0.0243657534246575,0.0138034246575343
"100560",0.00773260273972604,0.0108803506849315,0.0269231342465754,0.0227475287671233,0.0133789808219178,0.0267369205479452,0.0150275506849315
"100561",0.0101840219178082,0.0183286849315069,0.0351686520547945,0.0301930136986301,0.0227096876712329,0.0363692767123288,0.0210038356164383
"100562",0.0118497534246575,0.0184523835616438,0.0376233315068493,0.0324199342465754,0.0222346849315068,0.0383958246575342,0.0226675726027397
"100563",0.0130744109589041,0.0200558465753425,0.0410175123287671,0.0353569315068493,0.0241052054794521,0.0417939287671233,0.0241635945205479
"100564",0.0114871561643836,0.0164375561643836,0.0329937863013698,0.0286016383561644,0.0194140931506849,0.0334575835616438,0.0193874520547945
"100565",0.00838738082191784,0.0105459890410959,0.0213215397260274,0.0186775726027397,0.0119481369863014,0.0214279397260274,0.0125610301369863
"100566",0.00487133150684931,0.00599242739726027,0.0109575232876712,0.00968660821917808,0.00674967671232877,0.0109942136986301,0.00638752876712329
"100567",0.0109920547945205,0.0118853589041096,0.0220247671232877,0.0194087452054794,0.0132613260273973,0.0214451068493151,0.0129860164383562
"100568",0.0144061479452055,0.0144629260273973,0.0298162356164384,0.0265755835616438,0.0150883452054795,0.0293043726027397,0.0197768383561644
"100569",0.0114484054794521,0.013118597260274,0.0270687178082192,0.023980202739726,0.0141787671232877,0.0271410630136986,0.0194304931506849
"100570",0.0110203397260274,0.0145387726027397,0.031334695890411,0.0270937479452055,0.0169569863013699,0.0314118246575342,0.0225295397260274
"100571",0.00902463561643838,0.0156293479452055,0.0326053534246576,0.0280213041095891,0.019048098630137,0.0336610246575343,0.0226942246575343
"100572",0.0131728767123288,0.020921095890411,0.0406005479452055,0.0346876712328767,0.0259494520547945,0.0410782191780822,0.024991095890411
"100573",0.0119824657534247,0.0169810410958904,0.0392092054794521,0.033649095890411,0.0201415890410959,0.0395344657534247,0.0230996164383562
"100574",0.0131931616438356,0.0177612164383562,0.0436675068493151,0.0374632109589041,0.0207721753424657,0.0438447232876712,0.0258994082191781
"100575",0.0119243506849315,0.0143750465753425,0.0398122191780822,0.0338662684931507,0.016773205479452,0.0392652164383562,0.0233944109589041
"100576",0.0109704328767123,0.0144533260273972,0.0386626849315068,0.0325770739726027,0.0176564383561644,0.0380970739726028,0.0223476821917808
"100577",0.0133462575342466,0.0165096438356164,0.0431081479452055,0.0367698301369863,0.0193200767123288,0.0426463397260274,0.0239167178082192
"100578",0.0118588273972603,0.018269095890411,0.0423253808219178,0.0359066465753425,0.0225426082191781,0.0425979780821918,0.0231182794520547
"100579",0.00624890410958903,0.0084961589041096,0.0203255890410959,0.0173645095890411,0.0101204821917808,0.0203099178082192,0.0111116876712329
"100580",0.00764528219178082,0.0102012493150685,0.0247585753424658,0.0210697643835616,0.0122473424657534,0.024586104109589,0.0137515178082192
"100581",0.0155391780821918,0.0225280273972603,0.048734794520548,0.0421334794520548,0.0264941095890411,0.0495514520547945,0.0307588767123288
"100582",0.0173802739726027,0.0280720657534246,0.0542434630136986,0.0471701698630137,0.0334296547945205,0.0560909808219178,0.0332850849315068
"100583",0.0143251506849316,0.019673402739726,0.0402117479452055,0.0350147506849315,0.022805698630137,0.0407609643835617,0.0240715397260274
"100584",0.00771255342465754,0.00975151232876713,0.0201397643835617,0.0175614904109589,0.0111481643835617,0.020184997260274,0.011769594520548
"100585",0.00396821917808218,0.00503638356164384,0.00984131506849314,0.00862290410958903,0.00574619178082192,0.00988438356164383,0.0056133698630137
"100586",0.00408562191780822,0.00462414246575343,0.00848192876712329,0.00742997260273973,0.00527658082191781,0.00827595616438356,0.00466372602739726
"100587",0.0122690684931507,0.0119183342465753,0.0245494082191781,0.0217687287671233,0.0125753808219178,0.0237988767123288,0.0155848
"100588",0.0140334904109589,0.014659397260274,0.0303857643835617,0.0269707287671233,0.0155515890410959,0.0299904547945206,0.0215160054794521
"100589",0.00665351232876714,0.00828530410958904,0.0183949260273973,0.0160518575342466,0.00930141369863013,0.0184985424657534,0.0138438246575342
"100590",0.00492554520547946,0.00653343561643836,0.0160512876712329,0.0136609315068493,0.00782465753424659,0.0159383671232877,0.0116596602739726
"100591",0.0083186301369863,0.0114496767123288,0.0253191452054795,0.0218076821917808,0.0134976328767123,0.0254716931506849,0.0171578301369863
"100592",0.015540794520548,0.0193311506849315,0.0463499726027397,0.0394812054794521,0.0230279178082192,0.0455728493150685,0.0286649863013699
"100593",0.0151773041095891,0.0193056657534247,0.0492236383561644,0.041868295890411,0.0229505424657535,0.0486614465753424,0.030326498630137
"100594",0.0155076164383561,0.0156283397260275,0.0483905095890411,0.0409536,0.0178812493150685,0.0466116164383562,0.0295186191780822
"100595",0.0131225095890411,0.0170657095890411,0.044786597260274,0.0379421917808219,0.0205088219178082,0.0442812821917808,0.0261108493150685
"100596",0.0147724273972603,0.0191315342465753,0.0476326849315069,0.0406734410958904,0.0225801369863014,0.0473535123287672,0.0272749808219178
"100597",0.00950506849315069,0.0138604602739726,0.031679797260274,0.0271989260273972,0.0164867452054795,0.0320662739726028,0.0174692493150685
"100598",0.0070211506849315,0.00919412602739728,0.0218180383561644,0.0187830356164384,0.0106741479452055,0.0218655123287671,0.0121333479452055
"100599",0.00907681643835617,0.0118750520547945,0.0284497863013699,0.0241921534246576,0.0142904602739726,0.0281272383561644,0.0157932164383562
"100600",0.0196511178082192,0.0263732547945206,0.0565613753424657,0.0493748383561644,0.0300163561643836,0.0574520054794521,0.0352456273972603
"100601",0.0159978246575342,0.0206713643835617,0.0442989698630137,0.0385124547945206,0.0237200876712328,0.0445190136986301,0.0273603780821918
"100602",0.00891639452054793,0.0119274849315068,0.0243198794520548,0.0211555506849315,0.013835605479452,0.0245172712328767,0.0147870684931507
"100603",0.00570185753424658,0.00798184109589041,0.0153197753424658,0.0133641863013699,0.00932878356164384,0.0155519506849315,0.00913512328767123
"100604",0.011043802739726,0.0153340876712329,0.0276011726027397,0.0241693150684932,0.0179417808219178,0.0279910301369863,0.0163684602739726
"100605",0.0100145589041096,0.0113328493150685,0.0222774904109589,0.019617994520548,0.0125830684931507,0.0220267726027397,0.0139337095890411
"100606",0.0128820164383562,0.0136941369863014,0.0273436602739726,0.0238668164383562,0.0154098739726027,0.0264468493150685,0.0179800767123288
"100607",0.00456936438356165,0.00655188493150685,0.0135794684931507,0.0119472109589041,0.00738900821917808,0.0140285917808219,0.0102389479452055
"100608",0.00672006575342465,0.00865269041095891,0.0197276712328767,0.0169835178082192,0.0100978191780822,0.0196734246575342,0.0145619506849315
"100609",0.00670964383561645,0.0086081589041096,0.0209336054794521,0.0180572383561644,0.00986873424657536,0.0209932109589041,0.0148554575342466
"100610",0.0147306684931506,0.0215710684931507,0.0482327561643836,0.0416065369863013,0.0254091123287671,0.0490588821917808,0.0323470410958904
"100611",0.0187124383561644,0.0254163287671233,0.0601785205479453,0.051396493150685,0.0303412602739727,0.0600749589041096,0.0381567123287672
"100612",0.0175923123287671,0.0175557698630137,0.0530615835616438,0.0451107123287671,0.0197790904109589,0.0512017643835616,0.0325631835616438
"100613",0.0201164712328767,0.0195509479452055,0.0586145753424658,0.0503124383561644,0.0211390904109589,0.056918005479452,0.0340185643835617
"100614",0.0190348712328767,0.0207964054794521,0.0557489534246576,0.0481341808219178,0.0228814027397261,0.055005194520548,0.0320393205479452
"100615",0.0134777424657535,0.0192394520547945,0.0433225205479452,0.0372806575342466,0.0227464328767124,0.0438068821917808,0.0244999232876713
"100616",0.0102919397260274,0.013934504109589,0.0317210684931507,0.027371304109589,0.0162353260273972,0.0319523616438356,0.0179355123287671
"100617",0.0178688767123288,0.0311420547945205,0.0588526849315068,0.0502252328767123,0.0391077808219178,0.0601897808219178,0.0375978630136987
"100618",0.0142370630136986,0.0214720438356165,0.0416268493150685,0.0357832109589041,0.0261466520547945,0.0420805479452055,0.0261738739726028
"100619",0.00835919452054795,0.0124283342465753,0.0232291780821918,0.0201123726027397,0.0149353479452055,0.0235783397260274,0.0144140876712329
"100620",0.0134085479452055,0.0199852876712329,0.0373621643835617,0.0324245753424658,0.0238878356164384,0.0380387671232877,0.0235777260273973
"100621",0.0142263945205479,0.018008498630137,0.0340180109589041,0.0298570356164383,0.020585704109589,0.0341281479452055,0.0208169917808219
"100622",0.0171638356164383,0.0193773424657534,0.0368520109589041,0.0322763835616439,0.0219665698630137,0.0360670794520548,0.023164898630137
"100623",0.0158164383561644,0.0177887671232877,0.0381661369863014,0.0335900821917808,0.0193817534246575,0.0379783561643836,0.0273529863013698
"100624",0.00652706849315068,0.0087100712328767,0.0203608493150685,0.0175674520547945,0.0100899232876712,0.0204940547945205,0.0151948273972603
"100625",0.011782504109589,0.0145826630136986,0.0355112876712328,0.0306020219178082,0.0167024219178082,0.0353914520547945,0.0258099287671233
"100626",0.015396504109589,0.0220219397260275,0.051441906849315,0.0442385643835616,0.0259340821917808,0.0520792438356164,0.0355781589041096
"100627",0.0201871945205479,0.0278639068493151,0.0654107068493151,0.0562600657534247,0.0326644109589041,0.0659327232876713,0.0431456821917808
"100628",0.0193545205479452,0.025694794520548,0.0629927671232878,0.0534156164383562,0.0311316986301371,0.0622920000000001,0.0402917260273973
"100629",0.0254795726027398,0.0316755506849314,0.073745402739726,0.0637544219178082,0.036239298630137,0.0735938191780821,0.0448660273972602
"100630",0.0225606904109589,0.0268270465753424,0.0664407232876712,0.0575771506849315,0.0299366356164383,0.0663113643835616,0.0378051397260274
"100631",0.0198811890410959,0.0259019835616438,0.0603701753424657,0.0521170027397261,0.0298960438356164,0.0605826739726028,0.0350759835616438
"100632",0.0163213150684932,0.0210418849315068,0.0488682082191781,0.0422715616438356,0.0241330849315068,0.0490633643835616,0.0280877589041096
"100633",0.0161896547945206,0.0172942246575342,0.0461029479452055,0.0392636054794521,0.0199480821917808,0.044593797260274,0.027864701369863
"100634",0.0164775780821918,0.0244067178082192,0.0487834410958904,0.0417188493150685,0.0299345315068493,0.0489669369863014,0.0315471780821918
"100635",0.00863038356164383,0.0108029589041096,0.022344904109589,0.0192550684931507,0.0127373424657534,0.0220571506849315,0.0140710684931507
"100636",0.0156817808219178,0.0223028767123288,0.0430024657534247,0.0371543835616439,0.0267149315068493,0.0433053424657534,0.0275045205479452
"100637",0.022466,0.032296,0.058246,0.0508259999999999,0.038208,0.059198,0.036856
"100638",0.0244296547945205,0.0290922684931507,0.0544224493150685,0.0479373424657534,0.0328015780821918,0.0541321698630137,0.0350908273972602
"100639",0.0261292602739726,0.0289932328767123,0.0606009041095891,0.0530808493150685,0.0321785753424657,0.0596651506849316,0.0429142191780821
"100640",0.0085601095890411,0.0127522849315068,0.0279727890410959,0.0239357589041096,0.0154342356164383,0.028238597260274,0.0207406356164384
"100641",0.0124713643835617,0.0184854904109589,0.0411307780821918,0.0352017424657534,0.0223049260273973,0.0415289369863014,0.0301765917808219
"100642",0.0198830136986301,0.0253695890410959,0.0616191780821918,0.0528769863013699,0.0295590410958904,0.0613816438356164,0.0430402739726027
"100643",0.0219671780821918,0.0292009863013699,0.0696486575342466,0.059645698630137,0.0344735342465754,0.0695529863013699,0.0470091232876713
"100644",0.0233740657534247,0.0346489150684932,0.0756463068493151,0.0640116821917808,0.0432013698630137,0.0753545205479452,0.0492297315068493
"100645",0.0265041863013699,0.0380464767123287,0.0798596054794521,0.0688498520547946,0.0452716273972603,0.0807062794520548,0.0507735123287671
"100646",0.0315392,0.0442001095890411,0.0919308273972602,0.0793711780821917,0.0523583123287671,0.0926767780821918,0.0551497205479452
"100647",0.0281605479452055,0.038968602739726,0.0829337260273973,0.0713623561643835,0.0463615068493151,0.0832347945205479,0.0482561095890411
"100648",0.0264725041095891,0.0330148821917808,0.0762978191780822,0.0660802630136986,0.0376242849315068,0.0763006246575343,0.0449998904109589
"100649",0.0210900602739726,0.0281499506849315,0.0628729863013698,0.0549169863013698,0.0316907945205479,0.0640040219178082,0.0371255780821917
"100650",0.0161654958904109,0.0216247287671233,0.0481845315068493,0.0417223232876712,0.0250036493150685,0.0485817315068494,0.0287489369863014
"100651",0.0162401315068493,0.0182024547945206,0.0450338410958904,0.0385524164383561,0.0210097753424657,0.0438993972602739,0.027011901369863
"100652",0.0188741917808219,0.0202321643835616,0.0523045479452054,0.0447841643835616,0.0230421369863014,0.0508037260273972,0.0318156164383562
"100653",0.0209951342465753,0.0244188273972603,0.0545353205479452,0.047049402739726,0.0281190356164384,0.0535347726027398,0.0368219835616438
"100654",0.0197400493150685,0.0240510739726028,0.0519078904109589,0.0451439178082192,0.027360493150685,0.0517072109589041,0.0354163397260274
"100655",0.0194823671232877,0.0311291506849315,0.058623304109589,0.0504048602739726,0.0382033643835616,0.0597175013698631,0.0397043506849315
"100656",0.0223156602739726,0.0264881095890411,0.0517642520547945,0.0450368876712329,0.0305674520547945,0.0509215561643835,0.0338924712328767
"100657",0.0328725479452054,0.0363517260273973,0.074752301369863,0.0654221917808219,0.0405653972602739,0.0733583561643835,0.0530654246575343
"100658",0.0263667342465753,0.0331927123287671,0.0695030246575342,0.0601834410958904,0.0385737753424658,0.0691186630136986,0.0516088547945205
"100659",0.0222307287671233,0.0292179397260274,0.0651477205479452,0.0561706630136986,0.0341482575342466,0.0651956109589041,0.0485393260273973
"100660",0.0243304657534247,0.0286670356164384,0.0704843178082192,0.0602351561643836,0.0334879561643836,0.0690965150684932,0.0498881205479452
"100661",0.022958202739726,0.0311914520547945,0.0713116931506849,0.0611832328767123,0.0369444821917808,0.0714195287671232,0.0489384986301369
"100662",0.0354870575342466,0.0427866520547946,0.0957119945205481,0.0824191178082192,0.0497284876712329,0.0943466027397261,0.0625487287671233
"100663",0.0287292328767124,0.0380501917808219,0.0823924109589042,0.0715752328767124,0.0437735342465754,0.0831101095890411,0.053827397260274
"100664",0.0355396493150685,0.0450651397260274,0.0968293369863015,0.0840966684931507,0.0517401863013699,0.0969185205479453,0.0620065863013698
"100665",0.0347173150684931,0.0418041534246575,0.0958430027397259,0.083058701369863,0.0474504109589041,0.095320706849315,0.0610881369863013
"100666",0.0404324383561644,0.0422576547945206,0.101365545205479,0.0884332602739726,0.0457116821917808,0.0995166246575342,0.0618846575342465
"100667",0.0314562465753425,0.0368483178082192,0.0838393643835617,0.0734958191780822,0.0402801808219178,0.0840611616438356,0.0492719616438356
"100668",0.0145953424657534,0.0219489479452055,0.0454203561643836,0.0392343780821918,0.0261492602739726,0.0462803452054794,0.0266456767123288
"100669",0.0152344,0.0194036383561644,0.0424890630136986,0.0368072,0.0223694794520548,0.0424905863013698,0.0249118465753425
"100670",0.0205091506849315,0.0266116164383561,0.0568198356164383,0.0492373698630137,0.0308509041095891,0.0569171506849315,0.0343542465753425
"100671",0.0231306958904109,0.0250858958904109,0.0608852164383561,0.0525514082191781,0.0281824876712329,0.0594883506849315,0.0364421260273973
"100672",0.0254775068493151,0.0309200547945205,0.0703891232876712,0.0608677808219179,0.0354052328767124,0.069885506849315,0.0503367123287671
"100673",0.0268828767123288,0.0296869863013698,0.070748904109589,0.0614563287671232,0.0328519726027398,0.0697467397260274,0.0507885205479452
"100674",0.0181881479452055,0.0282296767123288,0.056523298630137,0.0484725972602739,0.0345069643835616,0.0573076931506849,0.0404474739726027
"100675",0.0258383342465753,0.0303021205479452,0.0645559616438356,0.0559075068493151,0.0348330630136987,0.0634961534246576,0.0439809917808219
"100676",0.0414599561643836,0.0420778849315068,0.0904525150684931,0.0785867506849315,0.0470264219178083,0.0868572931506849,0.0619384219178082
"100677",0.0367200493150685,0.0442433808219178,0.0882618794520548,0.0778588876712328,0.0490827287671233,0.0886386301369863,0.0661387287671233
"100678",0.0274312109589041,0.0344473643835617,0.0758540383561644,0.065760197260274,0.0395308273972602,0.0757755397260274,0.0572715178082192
"100679",0.0310311123287672,0.039137605479452,0.0860858246575343,0.0741057260273973,0.0458673534246575,0.0853612219178082,0.0631944164383562
"100680",0.0313926136986301,0.0400211945205479,0.0875990575342467,0.0758205589041096,0.0462646136986301,0.0875269698630137,0.0616725698630137
"100681",0.034035210958904,0.0439702027397261,0.0930881205479451,0.0805809095890412,0.0511789698630137,0.0930160328767122,0.0627097205479452
"100682",0.0325080328767123,0.0380244164383562,0.0877614904109589,0.0762373479452054,0.0426445808219177,0.0871495890410959,0.0581553534246575
"100683",0.0299287068493149,0.0368296767123287,0.0842359397260273,0.073141704109589,0.0416692383561643,0.0842451287671233,0.0553364054794521
"100684",0.0323015890410959,0.0410855890410959,0.0924425753424658,0.079741205479452,0.0477237260273973,0.0921417534246576,0.0605487671232878
"100685",0.0391307178082192,0.0500986082191781,0.102444383561644,0.0895508602739726,0.0570687561643836,0.103112460273973,0.064756997260274
"100686",0.0388392821917809,0.0456669369863014,0.0991688876712329,0.086744794520548,0.0508224438356164,0.0988738027397261,0.0607434027397261
"100687",0.0300805917808219,0.0369047671232877,0.0824760328767123,0.0714279232876713,0.0422597479452055,0.0820679232876713,0.0487224547945205
"100688",0.0191115616438357,0.0216982356164384,0.0506416438356164,0.0441616438356164,0.0238961095890411,0.0503043287671233,0.0292878246575343
"100689",0.0217414246575343,0.0281419178082192,0.0586254794520548,0.0513579452054795,0.0317809589041096,0.0593385205479453,0.0354516438356164
"100690",0.0220665753424658,0.0227719671232877,0.0557259506849315,0.0483710410958904,0.0249010684931507,0.0543650246575343,0.033291906849315
"100691",0.0268272602739725,0.0348159452054794,0.0767018904109588,0.0661314794520548,0.0407209863013698,0.0765496986301369,0.0562362465753425
"100692",0.0176117698630137,0.0257352876712329,0.0548719452054795,0.0472152000000001,0.0307546630136987,0.0555208219178082,0.0396610191780822
"100693",0.0219690082191781,0.0297079232876712,0.0604363397260274,0.0520367342465754,0.0354521424657535,0.0603185095890411,0.0421116493150685
"100694",0.0295559726027397,0.0388584876712329,0.073423506849315,0.063523495890411,0.0462032000000001,0.0729653479452055,0.0492497205479452
"100695",0.0355432000000001,0.046088,0.0862316,0.075404,0.0534016,0.0864668000000001,0.0613676
"100696",0.0303447671232877,0.0411132547945206,0.0804805698630137,0.0699407835616439,0.0482085753424657,0.0810076986301371,0.0604496767123288
"100697",0.0291544219178082,0.0377546575342466,0.081474695890411,0.0703526520547945,0.0441142520547945,0.0813152712328767,0.0608915232876713
"100698",0.0311529863013699,0.0400238630136986,0.0853574794520549,0.074163205479452,0.046020904109589,0.0856159726027397,0.0619015068493151
"100699",0.0324944657534246,0.0416056712328767,0.0879728219178083,0.0763725205479452,0.0480048767123288,0.0880564109589041,0.0611283561643836
"100700",0.031100405479452,0.0374856109589041,0.0846529753424658,0.0732724602739725,0.042828394520548,0.0839966356164383,0.0567362630136986
"100701",0.0347516712328767,0.0399775561643836,0.0912845589041096,0.0788734684931507,0.0455959232876713,0.089754805479452,0.0599168876712328
"100702",0.0357588931506849,0.0468365589041095,0.0963938301369863,0.0835090739726027,0.0547299835616438,0.0964475726027397,0.0631641917808219
"100703",0.0359665479452055,0.0471881917808219,0.0955558356164383,0.0834917260273973,0.0540559726027396,0.0964623287671232,0.0613584657534246
"100704",0.036859791780822,0.0487899178082192,0.0965670575342465,0.0840938958904109,0.0566722630136987,0.0971134246575343,0.0611864547945206
"100705",0.0391107561643836,0.0465577315068494,0.0991089643835616,0.0863503232876712,0.0527009041095891,0.0984238027397261,0.0617011342465753
"100706",0.0337183287671233,0.0427309863013698,0.0861906301369864,0.0757236438356165,0.0480913972602739,0.0870148493150685,0.0518810136986302
"100707",0.0296933260273973,0.0347288547945205,0.0745915178082192,0.0658808547945205,0.0376022356164383,0.0750673972602739,0.0444016219178082
"100708",0.0270097095890411,0.0314108876712329,0.0686939671232877,0.0603566410958904,0.0343813863013699,0.0687509095890412,0.0405216821917808
"100709",0.0213867945205479,0.0332598904109589,0.0661772876712328,0.0571735232876712,0.0399575342465753,0.0676538136986301,0.049653895890411
"100710",0.0197238136986301,0.030540098630137,0.0594984657534247,0.0512605589041096,0.0370427726027397,0.0605485041095891,0.0433274301369863
"100711",0.019662904109589,0.0284058739726028,0.054669895890411,0.0473509260273973,0.0338775452054794,0.0553409315068494,0.0393414136986301
"100712",0.0275039178082191,0.0385135890410959,0.0699909041095891,0.0612503835616439,0.0450969863013699,0.0710754246575342,0.0481670136986301
"100713",0.0373008328767123,0.0435811561643835,0.0856299452054795,0.0750754027397261,0.0491548438356164,0.0847698082191781,0.0600058027397259
"100714",0.0350024328767124,0.0391047726027398,0.0827055835616439,0.0723749315068493,0.0434433315068493,0.0815402356164383,0.0610626575342466
"100715",0.0311248000000001,0.0378532,0.0822668,0.071092,0.0437976000000001,0.081368,0.0609392000000001
"100716",0.0331386301369863,0.0405764383561643,0.0869120547945204,0.075767397260274,0.045937808219178,0.0868367123287672,0.0640290410958904
"100717",0.0335328493150684,0.0367808767123288,0.0845531232876712,0.0736238356164383,0.040672301369863,0.0832268219178082,0.0594267671232875
"100718",0.0353532328767124,0.0385015835616439,0.0885656164383561,0.0769681205479452,0.0427889479452055,0.086871698630137,0.0604933095890411
"100719",0.042320909589041,0.0436943452054794,0.099795802739726,0.0866034301369862,0.0485290849315068,0.0966732383561644,0.0669195726027397
"100720",0.0452296876712328,0.0476683726027397,0.1042712,0.0907602520547944,0.0530524821917808,0.101328942465753,0.0685808876712329
"100721",0.0430303561643836,0.0491752602739726,0.101517534246575,0.0887533150684931,0.0552047671232876,0.100187260273973,0.0653789589041095
"100722",0.0371734520547945,0.0476000383561643,0.0931091671232877,0.0812969260273973,0.0548483178082192,0.0932955780821918,0.0600802520547945
"100723",0.0351583287671233,0.0464289205479452,0.0887789315068492,0.0778193150684932,0.0533488767123288,0.0897028,0.0563650356164384
"100724",0.0387934191780822,0.046851605479452,0.0914327890410959,0.0811253150684931,0.0514166027397261,0.0923113698630137,0.0564737260273973
"100725",0.0370070684931507,0.0409247123287671,0.0871436164383562,0.0775397260273973,0.0430969863013698,0.087486301369863,0.0517454246575342
"100726",0.0278003726027397,0.035627101369863,0.0730625917808219,0.0644537150684931,0.0395325917808219,0.0743381753424658,0.041800295890411
"100727",0.0242219561643836,0.026006197260274,0.064290093150685,0.0556316657534247,0.028826093150685,0.0629916602739726,0.0383258520547945
"100728",0.021950301369863,0.0297215671232877,0.0608308602739726,0.0529979178082193,0.0343539287671233,0.0615665753424658,0.045986597260274
"100729",0.0245495342465753,0.0315057863013698,0.0638376,0.055716098630137,0.0361139178082192,0.0641239561643836,0.0472223342465753
"100730",0.0218857205479452,0.0290703780821918,0.056092405479452,0.049125698630137,0.0334428931506849,0.0567115397260274,0.0407162739726027
"100731",0.0317014356164383,0.0390329424657535,0.074971989041096,0.0661766246575343,0.0436884493150685,0.0754167671232877,0.0528235068493151
"100732",0.0349793643835617,0.0419680876712329,0.0809154739726027,0.0712201205479452,0.0471617534246576,0.080749501369863,0.0574290739726028
"100733",0.0353572602739726,0.0381419671232877,0.0815952657534246,0.0718913753424658,0.0412389534246576,0.0806248767123288,0.0602338027397261
"100734",0.0355592328767123,0.0397611506849315,0.0839551232876712,0.0736664657534246,0.043850301369863,0.083031506849315,0.0629535890410959
"100735",0.0340778082191781,0.0389216438356165,0.0844793424657535,0.0742275068493151,0.0425887123287671,0.084222904109589,0.0629812602739727
"100736",0.0364935890410959,0.0409183561643836,0.0855419178082192,0.0748048767123288,0.0456841095890411,0.0842316712328767,0.0611385753424658
"100737",0.0344400657534247,0.0373236602739726,0.0841161643835617,0.0732150356164384,0.0414329863013698,0.0824256876712329,0.0582507835616438
"100738",0.0368043616438357,0.0397438849315069,0.0902248273972603,0.0786727068493152,0.0437868328767124,0.0885976438356165,0.0631953369863015
"100739",0.0396125589041097,0.0459678904109588,0.092298608219178,0.0811387397260274,0.0511967013698629,0.0917163287671233,0.0643491945205479
"100740",0.0400513424657535,0.0505996164383561,0.0900809315068494,0.0794247397260275,0.0578301095890411,0.0903825479452054,0.0601157534246576
"100741",0.0355734246575342,0.0433456219178082,0.0817297863013698,0.0715082301369863,0.0497651506849315,0.0810898410958904,0.0540088657534246
"100742",0.0353490410958904,0.0437996712328766,0.0827572602739726,0.0727153972602739,0.0498121643835616,0.0827967123287671,0.0535627397260273
"100743",0.0388159013698631,0.0431735506849315,0.0861042684931507,0.0764416547945206,0.0466025643835617,0.0857680383561644,0.055357890410959
"100744",0.0481031013698631,0.0497095890410959,0.103553753424658,0.0924282739726028,0.0516948164383562,0.102707901369863,0.0632179726027398
"100745",0.0382150684931507,0.0408166904109589,0.0908169863013699,0.0802996,0.0431515561643836,0.0902834739726028,0.0525599561643836
"100746",0.0357288657534246,0.0465345534246575,0.0964926575342466,0.083753391780822,0.0540013479452055,0.0967127671232877,0.0575942136986302
"100747",0.0403473205479452,0.0491736328767123,0.107449512328767,0.0920079452054794,0.0583403835616438,0.105242038356165,0.0664069808219178
"100748",0.0452345753424658,0.0466447397260275,0.11479904109589,0.0981102739726029,0.0536372602739726,0.110014684931507,0.0723520000000001
"100749",0.046503506849315,0.0475901917808219,0.114296493150685,0.0990682191780823,0.0524509041095891,0.11094098630137,0.0728849863013699
"100750",0.0253321753424657,0.0324538794520547,0.0656636054794521,0.0573402410958903,0.0371541589041096,0.0659736383561643,0.0492273369863013
"100751",0.0299386739726027,0.0373079671232877,0.0731332383561644,0.064484997260274,0.0417462356164383,0.0737616657534246,0.054015298630137
"100752",0.030439797260274,0.0349250904109589,0.0706241315068493,0.0623799726027397,0.0382720876712329,0.0704566684931506,0.0506462465753425
"100753",0.0351968438356166,0.0392153424657535,0.0788136328767124,0.0698462684931507,0.0424753095890411,0.0784306849315069,0.0564504547945206
"100754",0.0333072767123288,0.0404713808219178,0.0769616054794521,0.0681368328767123,0.0449714958904109,0.0774237260273972,0.0569124931506849
"100755",0.0246810575342465,0.0314016164383562,0.057962498630137,0.0510153205479452,0.0358225479452055,0.0582894246575343,0.0430316383561644
"100756",0.0265280602739726,0.0307532438356165,0.062208706849315,0.0546207835616438,0.0343118136986302,0.0617577041095891,0.0466214191780822
"100757",0.0264808767123288,0.0324904931506849,0.0645717753424657,0.0567496328767123,0.0365183287671233,0.0647667397260274,0.049023901369863
"100758",0.0310646301369863,0.0362350356164383,0.0758979780821917,0.0663340931506849,0.0406930520547945,0.0752650191780821,0.0561794465753424
"100759",0.0366334136986302,0.0404018082191782,0.0884051835616438,0.076911298630137,0.0452798794520549,0.086625194520548,0.0635613808219178
"100760",0.0347408876712328,0.0404757369863014,0.0872612383561644,0.0756456657534246,0.0462649315068493,0.0859083287671232,0.0632063342465754
"100761",0.0345749917808219,0.044114005479452,0.087235495890411,0.0755541369863014,0.0517938410958904,0.0866176767123287,0.0632463780821919
"100762",0.0331481643835617,0.0444409863013699,0.081323890410959,0.0712473424657535,0.0516178082191781,0.0820917808219178,0.0589154520547945
"100763",0.0403562301369864,0.0484770575342466,0.0864744164383562,0.0762351123287672,0.0551079397260274,0.0858734301369863,0.0604191561643837
"100764",0.0379548054794521,0.0420096657534247,0.0817655890410959,0.0717163835616439,0.0471198684931508,0.0800137205479452,0.055665797260274
"100765",0.0313689315068493,0.0369966027397261,0.0717331506849315,0.0632321095890411,0.0412808219178082,0.0715084931506849,0.0490876712328767
"100766",0.0433095123287671,0.0493917917808219,0.0947802082191782,0.0848371068493152,0.0527566465753425,0.0954513972602741,0.0617375123287672
"100767",0.0479603726027397,0.0523979397260274,0.105891945205479,0.094584810958904,0.0552330520547945,0.105995221917808,0.0651609424657534
"100768",0.0427959232876712,0.0527313095890412,0.103287846575343,0.0913923945205479,0.0583864109589042,0.104371769863014,0.063012997260274
"100769",0.0493377643835616,0.0544591561643836,0.11322477260274,0.10030901369863,0.0584758630136987,0.11279738630137,0.0691750082191781
"100770",0.0319004712328766,0.041592197260274,0.0794074520547945,0.0698747835616438,0.0472697424657534,0.0803995397260274,0.0594120328767123
"100771",0.0363621698630136,0.0420289315068493,0.0839796821917808,0.0743364821917809,0.0459433643835616,0.0840228164383561,0.0607411068493151
"100772",0.0333529643835616,0.0361472657534248,0.0741268602739727,0.0656958575342466,0.0388155945205479,0.0735084493150685,0.0533184767123288
"100773",0.0335724383561644,0.0345236931506849,0.0718325917808219,0.0638497643835616,0.0363533589041096,0.0708127780821917,0.0519376547945206
"100774",0.0218317479452055,0.0231422465753425,0.0469800328767124,0.041786104109589,0.024581391780822,0.0465219945205479,0.0347826410958904
"100775",0.0127020493150685,0.0127936876712329,0.027180098630137,0.0241592767123288,0.0133581150684932,0.0267381260273973,0.020357501369863
"100776",0.0100959780821918,0.0103120438356164,0.0223594082191781,0.019737402739726,0.0109677150684932,0.0219306739726027,0.0168864219178082
"100777",0.0178101917808219,0.0187831232876713,0.040505205479452,0.0356821369863014,0.0202185753424657,0.0398687671232877,0.0312724383561644
"100778",0.0289597534246575,0.0317342410958904,0.0678295780821918,0.0588727178082192,0.0359458136986301,0.0660519123287671,0.0522604657534247
"100779",0.0300743013698631,0.0346701369863014,0.0728130410958904,0.0631334794520548,0.0397446575342466,0.0714,0.0563145205479452
"100780",0.0344019726027398,0.0389369863013699,0.0804464657534247,0.0694235616438357,0.0452512876712329,0.078054794520548,0.0606910684931508
"100781",0.0353215726027398,0.0458560767123288,0.0816136273972602,0.0708023506849315,0.0545903342465753,0.080798005479452,0.0606229972602739
"100782",0.0320042191780822,0.0446518684931507,0.0824462794520548,0.0713830246575342,0.0534678136986302,0.0827433534246575,0.0627211178082192
"100783",0.0352126849315069,0.0449653150684932,0.0834915123287671,0.0730004876712328,0.0521084219178082,0.0834200547945205,0.0624327123287671
"100784",0.0400565479452055,0.0412840547945206,0.0859632876712328,0.0759541917808219,0.0442809863013698,0.0841888219178082,0.0635026849315068
"100785",0.0384268493150685,0.0433173972602739,0.0850835616438356,0.0752946575342465,0.0474297260273973,0.0845395890410959,0.0606099999999999
"100786",0.040159890410959,0.0502253589041096,0.0928977534246575,0.0831536876712328,0.0547219068493151,0.0949590575342466,0.0633410630136987
"100787",0.0413675671232877,0.0490579561643837,0.0955016876712328,0.0854794356164384,0.0524462958904109,0.0970467452054795,0.0626144876712329
"100788",0.0446392438356163,0.0527584438356165,0.101257742465753,0.0903710794520549,0.0570503013698631,0.102356876712329,0.0648456493150684
"100789",0.0518678465753424,0.0546530465753424,0.113412789041096,0.1007736,0.0578405917808219,0.112299402739726,0.072106504109589
"100790",0.0544493479452054,0.0581700657534244,0.121340657534246,0.107092126027397,0.0628738246575341,0.119597150684931,0.0759315780821916
"100791",0.0534570356164383,0.058727501369863,0.122022739726027,0.107570969863014,0.0639674136986301,0.120739495890411,0.0759023452054794
"100792",0.0442657972602739,0.0503387342465753,0.0994071890410959,0.0882969369863013,0.0545344109589041,0.0994290904109589,0.0621154136986302
"100793",0.0385540054794521,0.0474822082191782,0.0896896,0.0798635561643836,0.0521190849315069,0.0910156876712329,0.0572698575342466
"100794",0.0374974575342466,0.0417929589041096,0.0849065589041096,0.0757276931506849,0.0443002630136987,0.0852237315068494,0.0546931342465754
"100795",0.0446301369863014,0.0529873972602739,0.103584657534247,0.0912263013698631,0.0592109589041094,0.103357808219178,0.0751331506849315
"100796",0.0412682849315069,0.0498615452054795,0.0932847780821918,0.0827989369863014,0.0552002739726027,0.0938891068493151,0.0673546520547945
"100797",0.0349379287671233,0.0372947616438356,0.0753865863013699,0.0671777534246575,0.0394706520547946,0.0748918575342465,0.0547316602739726
"100798",0.0320243671232877,0.0312027780821918,0.0664528602739726,0.059498695890411,0.0316429150684932,0.0654923835616438,0.0484444109589041
"100799",0.0175409095890411,0.0182079123287671,0.0362769534246575,0.0323948712328767,0.0191537095890411,0.0358540273972603,0.0269610082191781
"100800",0.0112761863013698,0.0123198246575342,0.0239241863013699,0.0210433095890411,0.0136997917808219,0.0234186739726027,0.0177683506849315
"100801",0.00487791780821917,0.00542695890410958,0.0108118356164384,0.0095467397260274,0.00595035616438356,0.0107010410958904,0.00847199999999999
"100802",0.00966143561643835,0.0110424931506849,0.0218761369863014,0.0191557917808219,0.0124454301369863,0.0215466191780822,0.0174220109589041
"100803",0.0177178849315068,0.0211927561643835,0.0432082849315068,0.0377966465753425,0.0239367452054794,0.0429919890410959,0.0360832438356164
"100804",0.0233109479452055,0.0286716931506849,0.0578428931506849,0.0502560438356164,0.0331540602739726,0.0573490410958904,0.0483447232876713
"100805",0.0252195945205479,0.0310613863013699,0.0629472273972603,0.0548065150684932,0.0356841479452055,0.0626004164383562,0.0515896876712329
"100806",0.0289306849315069,0.0352602739726027,0.0728186301369864,0.0637767123287672,0.0396641095890411,0.0728827397260273,0.0588723287671233
"100807",0.0332355506849316,0.040589698630137,0.0814658191780823,0.0710352876712329,0.0464905205479453,0.0809672328767124,0.0637872219178082
"100808",0.0365346301369863,0.0431564383561644,0.0816606575342467,0.071999698630137,0.0483770958904109,0.0812717260273973,0.0620819452054794
"100809",0.0365010958904111,0.0391256164383562,0.0786960273972603,0.0696138356164384,0.0423882191780822,0.0775269863013698,0.0586546575342466
"100810",0.0414718191780822,0.0477418684931507,0.0899466575342466,0.0801407835616438,0.0519447780821918,0.0901058794520548,0.0657559068493151
"100811",0.0467035068493151,0.0572241534246576,0.102690312328767,0.0915541808219179,0.0633184109589041,0.103800098630137,0.0712336109589041
"100812",0.0423276712328766,0.0489538191780823,0.0978827397260273,0.0863484493150685,0.0540206904109589,0.0975590575342466,0.0660000438356164
"100813",0.0400202684931507,0.0429174520547945,0.0916117479452055,0.0811328219178082,0.0456569260273972,0.0909458630136986,0.0623449369863014
"100814",0.046324405479452,0.0535677315068492,0.102048378082192,0.090827704109589,0.0583228438356164,0.102307632876712,0.0690945643835617
"100815",0.0543995506849315,0.0598915945205479,0.117664679452055,0.104093632876712,0.0654430684931507,0.116301282191781,0.0768536547945204
"100816",0.0484275890410959,0.052817605479452,0.112509145205479,0.0985992054794521,0.0581694794520549,0.110669989041096,0.0722450136986301
"100817",0.0504871890410958,0.0584016657534245,0.111463101369863,0.0999695342465753,0.0622186520547945,0.112780405479452,0.0732932383561643
"100818",0.0409307671232876,0.053261698630137,0.093495890410959,0.0839388767123287,0.0585835342465754,0.0962264657534247,0.0617630136986301
"100819",0.0361538630136986,0.0435971506849315,0.0813527671232877,0.0728311232876713,0.0471872876712329,0.0826520547945205,0.0530367123287672
"100820",0.037292701369863,0.0487852821917808,0.0912990246575341,0.0811620273972603,0.0542390684931506,0.0934440547945205,0.0588499397260274
"100821",0.0429367671232876,0.0515559452054795,0.100038821917808,0.0892018630136985,0.0558423287671233,0.101421205479452,0.0633244383561644
"100822",0.0438829205479453,0.0475589260273973,0.100846482191781,0.0893053095890411,0.0507669589041095,0.10024941369863,0.0652127890410958
"100823",0.0454558684931508,0.0605640328767124,0.110205665753425,0.0970133917808219,0.0695632438356165,0.111687287671233,0.0800732712328768
"100824",0.0484691780821919,0.0606335616438356,0.109150684931507,0.0968116438356164,0.0680753424657534,0.110157534246575,0.0781198630136986
"100825",0.0459986794520548,0.0524483013698629,0.0983507178082191,0.088134805479452,0.056178493150685,0.0989493534246575,0.0711925150684931
"100826",0.0367550246575343,0.0417320657534247,0.0786566246575344,0.070598904109589,0.0444131287671233,0.0792548383561644,0.0578668821917809
"100827",0.0149527671232877,0.0177195835616439,0.0318265863013699,0.0284946410958904,0.0193204602739726,0.0321091506849315,0.0239331068493151
"100828",0.00551500273972602,0.00701181369863013,0.0123757150684931,0.011044602739726,0.00779809315068493,0.0125990136986301,0.00976556712328767
"100829",0.00241252602739726,0.00316076712328767,0.00563350684931507,0.00497115616438357,0.00361806575342466,0.00569824109589041,0.00460896986301371
"100830",0.00512427397260273,0.00711401643835617,0.0124336,0.0109856438356164,0.0081938410958904,0.0127134465753425,0.0106445808219178
"100831",0.00990146849315071,0.0130676876712329,0.0254369315068493,0.0224189753424658,0.014748597260274,0.0258915452054795,0.0223582410958904
"100832",0.0142198356164384,0.0216798246575343,0.0399544109589041,0.0346917698630137,0.0259906191780822,0.0408165698630137,0.0350649863013699
"100833",0.0201744657534246,0.0274319342465754,0.0539523945205479,0.0470915506849315,0.031792898630137,0.0546236054794521,0.0457624767123288
"100834",0.0309476821917808,0.0375039561643836,0.0764898630136987,0.0673472876712328,0.0416523835616439,0.0768674630136987,0.0626712547945206
"100835",0.0360684931506849,0.0447232876712328,0.0852739726027397,0.0749369863013699,0.050758904109589,0.0854027397260274,0.0671479452054794
"100836",0.0321946849315068,0.0402262191780822,0.0729989917808218,0.0645470301369863,0.0454335780821918,0.0734399835616438,0.0562413041095891
"100837",0.0276346410958904,0.031560197260274,0.0592408547945205,0.0526728931506849,0.0345282575342466,0.0590815671232877,0.0446908109589041
"100838",0.0346095671232877,0.0376723780821918,0.0705449753424658,0.0626745150684931,0.0410833698630137,0.0695456767123288,0.0520186082191781
"100839",0.0394798465753425,0.0431961424657534,0.0762939616438356,0.0682483726027397,0.0469386520547945,0.0754107616438356,0.0531250849315069
"100840",0.050547205479452,0.0547175342465753,0.111156410958904,0.0969080547945206,0.0617118904109588,0.107979780821918,0.0749344931506849
"100841",0.037662498630137,0.0389510520547947,0.0862034136986302,0.0759301041095891,0.0415686794520548,0.0847365698630137,0.0611590136986302
"100842",0.0414445260273972,0.0490788931506851,0.0908300547945206,0.0814447123287671,0.0528903452054795,0.0920480000000001,0.0653506410958904
"100843",0.0556639780821918,0.0611810630136986,0.115451704109589,0.102683309589041,0.0664929534246576,0.114299967123288,0.0789336986301371
"100844",0.0403148383561643,0.0531323452054795,0.0978697863013699,0.0859014191780823,0.061263501369863,0.0987414410958903,0.0662618465753425
"100845",0.0460434136986302,0.0581399945205481,0.104044794520548,0.0931822136986302,0.0638400602739727,0.106330230136986,0.0715212876712329
"100846",0.0447641205479453,0.0559345643835617,0.0988237479452055,0.0888346410958904,0.0609544547945206,0.101113578082192,0.0676339178082193
"100847",0.0410621917808218,0.0528062794520548,0.0935465917808219,0.0832825479452055,0.059108498630137,0.0952071287671233,0.0623092438356164
"100848",0.0421584657534246,0.0508741643835616,0.0983505205479452,0.0871986575342466,0.0560606301369864,0.0991166301369863,0.0642025479452054
"100849",0.0494325150684931,0.0527200547945206,0.110810460273973,0.0986683397260273,0.0553332273972602,0.110413567123288,0.070625906849315
"100850",0.0434852219178082,0.052787309589041,0.0960098630136987,0.0857929643835617,0.0578263178082191,0.0972386684931507,0.0696524383561644
"100851",0.0423701643835617,0.0523945698630138,0.0937244657534247,0.0829979506849315,0.0590574465753425,0.094148597260274,0.0686548547945206
"100852",0.0226706849315069,0.0278323945205479,0.0494130849315069,0.0439045589041096,0.0311414136986301,0.0497238684931507,0.0374561753424658
"100853",0.0062282301369863,0.00791861369863014,0.0139351671232877,0.0123512712328767,0.00896271232876714,0.0140710904109589,0.0110656273972603
"100854",0.00529584657534246,0.00720396712328766,0.0126955397260274,0.0111842849315068,0.00832543561643835,0.012897095890411,0.0105787835616438
"100855",0.00400328767123289,0.00609183561643836,0.0101485479452055,0.00898673972602741,0.00710084931506851,0.0105431780821918,0.00888345205479452
"100856",0.00882268493150684,0.0125545753424657,0.0234113698630137,0.0206757260273973,0.014323698630137,0.0241239452054794,0.0211063287671233
"100857",0.0154136547945206,0.0217321643835616,0.0421274301369863,0.0367435397260274,0.0253829260273972,0.0428336876712329,0.0371821150684932
"100858",0.0264150904109589,0.0306325369863014,0.065099693150685,0.0566140383561644,0.0347674958904109,0.0641965589041096,0.0537354301369863
"100859",0.0328032657534246,0.0387092712328767,0.0785121534246575,0.0687734465753424,0.0435317917808219,0.0780134465753424,0.0631256547945206
"100860",0.0374382246575343,0.0435715287671232,0.0884315178082192,0.0783482958904109,0.0473611178082192,0.0888075616438355,0.0706321095890411
"100861",0.0313036164383562,0.0425785753424658,0.0742186849315069,0.0656551780821917,0.0488329589041096,0.0756987671232877,0.0587668219178082
"100862",0.0214409315068493,0.0261138630136987,0.0472734136986301,0.0418238136986302,0.029384197260274,0.0473380164383562,0.0364761424657535
"100863",0.0146474794520548,0.0163137534246575,0.0311194520547945,0.0275355616438356,0.0179628493150685,0.0307460547945206,0.0243042739726027
"100864",0.0263026410958904,0.0303979835616439,0.054790005479452,0.0491051835616438,0.0329265534246576,0.0550722191780822,0.0427878136986302
"100865",0.0435008219178082,0.0484742465753424,0.0896621917808219,0.079034794520548,0.0542638356164384,0.0879090410958903,0.0650194520547945
"100866",0.0268720547945205,0.0346426849315068,0.068552602739726,0.0601057534246576,0.039425698630137,0.0691604931506849,0.0517390136986301
"100867",0.0410457369863014,0.0442692657534247,0.0888931726027397,0.0786456328767124,0.0479982904109588,0.0876889808219177,0.0658997260273973
"100868",0.054611506849315,0.0630883726027397,0.112415934246575,0.10028541369863,0.0693453369863014,0.112238728767123,0.0803288547945206
"100869",0.0387509369863013,0.047335605479452,0.0878547945205481,0.0780122684931507,0.0525064876712329,0.0885966794520549,0.0612947561643836
"100870",0.0370916000000001,0.0479612000000001,0.0861812,0.0764624,0.054012,0.087556,0.0612808
"100871",0.0430344109589041,0.0585911232876712,0.0983425753424657,0.0876229041095891,0.0665903561643835,0.100875506849315,0.0703341369863013
"100872",0.0449863561643835,0.0598453808219178,0.104585473972603,0.0933961150684932,0.0669141698630137,0.107398421917808,0.0722799287671233
"100873",0.0434251178082191,0.0521922191780821,0.101710290410959,0.0900075835616437,0.0576828273972603,0.102269610958904,0.0681742246575342
"100874",0.0470146410958905,0.0531100493150686,0.110358038356164,0.0971194630136987,0.0583488438356166,0.109572219178082,0.0714175123287673
"100875",0.0423558575342466,0.0577174356164384,0.104596734246575,0.0917268821917809,0.0671058410958905,0.105941917808219,0.079466893150685
"100876",0.0375401589041096,0.0499955726027397,0.0898053589041096,0.0787528821917808,0.0581001424657534,0.0905213205479451,0.0698453917808219
"100877",0.0290008328767123,0.035042104109589,0.0645520657534247,0.0568312547945206,0.0397432547945205,0.0642711671232877,0.0508660602739727
"100878",0.0211644931506849,0.0272511232876712,0.0506233150684932,0.0447088219178083,0.0308158630136987,0.0512500273972603,0.0426498630136987
"100879",0.0129290520547945,0.0169773589041096,0.0325984438356164,0.0288555835616438,0.0189889753424657,0.0332845589041096,0.0285581150684932
"100880",0.0141840712328767,0.0175181424657535,0.0353299780821918,0.0309840328767123,0.0197582958904109,0.0354334246575342,0.0308782082191781
"100881",0.0245700821917809,0.0314967671232877,0.066704,0.058407890410959,0.0354555616438356,0.0674465753424657,0.0587237260273972
"100882",0.0329964931506849,0.0397717808219178,0.0839752328767123,0.0738108493150685,0.0440175890410958,0.0843789041095891,0.0709212602739725
"100883",0.0369244931506849,0.0439474520547946,0.0867935890410959,0.076220410958904,0.0493986849315069,0.0864338630136985,0.0696650958904109
"100884",0.0352309315068493,0.0462065479452055,0.0828698904109589,0.0729253972602739,0.0531799178082192,0.0836166575342466,0.0657925753424656
"100885",0.0321015452054794,0.0435044383561643,0.0744138520547945,0.0658443616438356,0.0500312986301369,0.0757636602739726,0.0589615342465754
"100886",0.0192543397260274,0.0243143397260274,0.0436324493150685,0.0387679178082192,0.0272241863013699,0.044193901369863,0.0347684383561644
"100887",0.0150938739726028,0.0207873753424657,0.0351283616438356,0.0310523835616439,0.0240506410958904,0.0358044931506849,0.0285532931506849
"100888",0.0231616,0.0300337972602739,0.0529489972602739,0.0469560767123288,0.0340048876712328,0.0537135123287671,0.0435942356164383
"100889",0.0334424109589041,0.0396940273972602,0.0756100821917808,0.0672850410958904,0.0433707397260274,0.0761838904109589,0.0613757808219178
"100890",0.0266323287671232,0.0334970410958904,0.0673292821917808,0.0590342301369863,0.0379028547945206,0.0677126958904109,0.0531200164383561
"100891",0.0381073424657534,0.0436108493150684,0.0852232328767123,0.074885808219178,0.0488310684931507,0.084193095890411,0.0652694794520547
"100892",0.0486262575342466,0.0592312767123288,0.101321950684932,0.0900989369863013,0.0666034849315068,0.101534750684931,0.0744158684931507
"100893",0.0387493150684932,0.0450500767123288,0.082534810958904,0.0735154465753424,0.0494342849315069,0.0825987780821918,0.0589973698630137
"100894",0.0292895342465754,0.0357637479452054,0.0654083068493151,0.0576775452054794,0.0405027287671232,0.065340493150685,0.0477129205479452
"100895",0.0399640547945205,0.0530886136986302,0.0905719452054795,0.0801523397260274,0.0609451835616438,0.0918577205479452,0.0674875945205479
"100896",0.040221797260274,0.0596735671232876,0.0967674082191781,0.0864537863013698,0.0684066082191781,0.100941336986301,0.0692599890410959
"100897",0.0449470849315068,0.0553881698630138,0.106256071232877,0.0941308273972603,0.0614210301369863,0.107337994520548,0.0732346520547945
"100898",0.0416027397260275,0.0515753424657535,0.102866438356164,0.0901061643835616,0.058513698630137,0.103003424657534,0.0702568493150685
"100899",0.0435162301369862,0.0528732931506849,0.106574246575342,0.0928953424657534,0.0605369424657534,0.105815846575342,0.082693304109589
"100900",0.037063101369863,0.0445118465753425,0.0858748931506849,0.0754202301369863,0.0503080109589042,0.0855055561643835,0.0677180712328768
"100901",0.0349773643835617,0.0428870849315068,0.0845665150684932,0.0743837260273973,0.0481695287671233,0.0848370520547946,0.0705627397260274
"100902",0.0239605972602739,0.0328220219178081,0.0663167178082191,0.0584978136986301,0.036796010958904,0.0681411287671232,0.0588602136986301
"100903",0.0249849863013699,0.0333527671232877,0.0664475178082192,0.0582501698630137,0.0380538739726027,0.0674559123287671,0.0578217205479452
"100904",0.0253901917808219,0.0370896767123288,0.0731935999999999,0.0645161534246576,0.0421339178082191,0.0757959890410959,0.0643922301369863
"100905",0.0313220876712329,0.0435899835616438,0.0851087232876713,0.0749902904109589,0.0494595506849316,0.0873833369863015,0.0715142301369864
"100906",0.0415159999999999,0.0473790136986301,0.0942479452054794,0.0830994246575342,0.0523391232876713,0.0935912876712329,0.074639095890411
"100907",0.0362096821917808,0.0420718356164384,0.0790729205479452,0.0702159452054795,0.0462645863013699,0.0790344328767124,0.0621431561643836
"100908",0.0367945643835617,0.0459652383561644,0.0812724602739727,0.0725085808219178,0.0510425424657534,0.0824318246575343,0.0641998027397261
"100909",0.0274369315068493,0.0371401643835617,0.0615215342465754,0.0550375890410958,0.0419059726027397,0.0632672876712329,0.0491809315068493
"100910",0.0258141369863014,0.0339493150684931,0.058036602739726,0.0514094794520548,0.0388351232876712,0.0588177534246576,0.0459884383561644
"100911",0.0303888,0.0415655999999999,0.0714071999999999,0.0638256,0.0466752,0.0736968,0.0584976
"100912",0.0309554630136986,0.041176701369863,0.0733167616438356,0.0657916767123287,0.045283808219178,0.0758091945205479,0.060203194520548
"100913",0.0235307835616438,0.0283127671232877,0.0595138849315069,0.0522430684931507,0.0314824109589041,0.0596667616438357,0.0467537753424658
"100914",0.0374707013698631,0.047530602739726,0.0859197698630137,0.0757869315068493,0.0541327506849315,0.0864249260273972,0.0666022739726028
"100915",0.0433047671232877,0.050565402739726,0.0866461917808218,0.0778019506849314,0.0552502356164384,0.0870298739726027,0.0630558465753424
"100916",0.0423661917808219,0.045466904109589,0.0843200547945205,0.075642301369863,0.0483249315068493,0.0837286575342466,0.0598748493150685
"100917",0.0213768109589041,0.0273326904109589,0.0481433589041096,0.0427672821917808,0.0307781150684931,0.0487960164383562,0.036375791780822
"100918",0.0370140493150685,0.0466325095890411,0.0805653205479452,0.0716424657534247,0.0525157643835616,0.0813833917808219,0.0603462246575343
"100919",0.0406645205479451,0.0539892328767122,0.0951552876712327,0.0842732328767123,0.061472,0.0968146849315067,0.069756602739726
"100920",0.0443070739726026,0.0532528767123287,0.104283764383562,0.0922142465753425,0.0589048273972602,0.104811189041096,0.0750031890410957
"100921",0.0457909150684932,0.0542887397260274,0.109386295890411,0.0956609260273973,0.0614455397260273,0.108517956164384,0.0765644547945205
"100923",0.0329833863013699,0.048783693150685,0.0896049753424657,0.0788278684931507,0.0565560547945205,0.0924327780821919,0.0752791890410959
"100924",0.0273830575342466,0.0405284438356164,0.0778618082191782,0.0682415232876712,0.047032504109589,0.0801719616438356,0.0681509863013698
"100925",0.0223542136986301,0.0313993863013698,0.0654705315068493,0.0571741479452054,0.0360463561643835,0.0668909917808219,0.0577960657534246
"100926",0.0259479452054794,0.0371527397260274,0.0745758904109589,0.0658421917808219,0.0417842465753426,0.077205205479452,0.0653531506849315
"100927",0.030477106849315,0.0453356876712327,0.0862570849315067,0.0762918904109589,0.0515110684931507,0.0897561369863014,0.0737014684931507
"100928",0.0369231780821918,0.0489846575342466,0.0964711232876713,0.0851518356164385,0.0549567123287672,0.098525095890411,0.0781648767123289
"100929",0.0434642849315069,0.0528421260273971,0.104939704109589,0.0923585753424657,0.0591101808219178,0.105244449315068,0.0813150246575343
"100930",0.044313698630137,0.0527653150684931,0.103036931506849,0.0915490684931507,0.0575808493150686,0.103919835616438,0.0798590136986301
"100931",0.0451958356164383,0.052414005479452,0.100132909589041,0.0892225972602739,0.0568740383561642,0.100603046575342,0.0766824767123288
"100932",0.0451623835616438,0.0506672438356164,0.0974926465753425,0.0869038684931507,0.0546039452054795,0.0974007506849315,0.0740799452054796
"100933",0.0400867945205479,0.0493323561643835,0.0886103342465753,0.0786076986301369,0.0552936328767124,0.0891359287671232,0.0680876383561643
"100934",0.0417902246575343,0.0484754575342466,0.090107095890411,0.080318493150685,0.0528967342465754,0.0903395068493151,0.0692092493150686
"100935",0.0371953643835617,0.0450131178082191,0.083039605479452,0.0737933589041096,0.0498466191780822,0.083616197260274,0.0642925808219178
"100936",0.0266356712328767,0.0382698246575342,0.066930893150685,0.0586708931506849,0.045031709589041,0.0682457041095891,0.0521850958904109
"100937",0.0289691178082192,0.0355395945205479,0.0693644712328768,0.0607573479452054,0.0404557150684931,0.0691990356164383,0.0550408767123288
"100938",0.0519828273972604,0.0527233095890411,0.097667890410959,0.0871447342465754,0.0564599342465754,0.095065205479452,0.068684
"100939",0.0437168986301371,0.0428976876712329,0.0838763397260275,0.0756050246575344,0.043759895890411,0.0825728438356165,0.0604858301369863
"100940",0.0262841369863014,0.0340838630136986,0.0585919178082192,0.0525175287671233,0.0378089369863013,0.0600522520547945,0.0455316054794521
"100941",0.0351358684931507,0.045321095890411,0.0765264,0.0682056109589042,0.0511325150684931,0.0777271452054795,0.0574762958904109
"100942",0.0372701369863014,0.0445089424657534,0.0846032109589041,0.0745560219178082,0.0499787287671232,0.0843669917808219,0.0639445315068493
"100943",0.0345581424657535,0.0450603835616438,0.083200389041096,0.0732203890410959,0.0515378136986301,0.0840452712328768,0.0635657643835617
"100944",0.0474340273972602,0.0514485698630137,0.108183452054794,0.094828208219178,0.0567448438356164,0.106187802739726,0.0779963506849315
"100945",0.0277305479452055,0.0451412876712327,0.0817031780821919,0.073103890410959,0.0507371232876712,0.0870901643835618,0.0724077260273973
"100946",0.0269227397260273,0.0424423561643835,0.0804433972602738,0.0704894794520548,0.0496665205479452,0.0835416986301371,0.0704863561643835
"100947",0.0237125753424658,0.0365918082191781,0.0735589315068494,0.0635213698630137,0.0439090410958904,0.075113808219178,0.0651044657534247
"100948",0.0222544438356164,0.0301926739726027,0.0668927178082191,0.0579599890410958,0.0349266904109589,0.0676157589041096,0.0588656931506849
"100949",0.0346827452054795,0.0507602520547944,0.0965962136986301,0.084478701369863,0.0592793808219177,0.0989998630136986,0.0796324054794519
"100950",0.0412787506849315,0.0543736602739727,0.10322541369863,0.0912470136986302,0.0612082684931508,0.105205167123288,0.0814088876712329
"100951",0.0475561643835616,0.0588430684931507,0.111682849315068,0.0986058082191781,0.0660216986301368,0.112373589041096,0.084259397260274
"100952",0.0514216,0.0619558246575342,0.114439342465753,0.101462706849315,0.0689644821917808,0.114835791780822,0.0834030246575342
"100953",0.0519037698630137,0.0623533698630138,0.111915693150685,0.0998846794520548,0.0686551671232876,0.112808646575342,0.0815859506849315
"100954",0.0509051342465753,0.0593045260273972,0.104107232876712,0.0930359835616438,0.0651897534246575,0.104187567123288,0.0748566410958905
"100955",0.0498173150684931,0.0541300493150685,0.0952146520547945,0.0858665643835616,0.0576078136986302,0.0948265315068493,0.0696344438356165
"100956",0.0472252602739726,0.0498852054794521,0.0881735890410959,0.0792434520547945,0.0533112328767123,0.0869110136986302,0.0638431780821918
"100957",0.0441237808219178,0.0494616164383562,0.0894467671232877,0.0796412054794521,0.0542609315068494,0.0886464657534247,0.0674646575342466
"100958",0.0354750410958904,0.0445825205479452,0.0805063287671233,0.0709326301369863,0.0508702465753424,0.0807207397260274,0.0627675616438356
"100959",0.0240754520547946,0.0280468493150685,0.0575962410958905,0.0502244493150685,0.0318169315068493,0.0568532054794521,0.0463610301369863
"100960",0.0410839178082193,0.0449483013698631,0.0825940219178082,0.0729551452054795,0.0500095397260275,0.0807832821917808,0.0603903780821918
"100961",0.0405064931506849,0.0427784602739726,0.0785344767123288,0.0711978246575343,0.0441847068493151,0.0785806191780822,0.0587723178082192
"100962",0.0257219178082191,0.0320741917808219,0.0567907397260274,0.0509465753424658,0.0351083835616438,0.0579552328767123,0.0451241095890411
"100963",0.0303712273972603,0.0386651342465754,0.0665918630136987,0.0590420219178083,0.0439221205479452,0.0671640657534247,0.0509927671232877
"100964",0.0274645479452055,0.0311216438356164,0.0620849315068493,0.0542323287671234,0.035224,0.0609112328767124,0.0479223013698631
"100965",0.0289908164383562,0.038411704109589,0.0669063452054796,0.0592832876712329,0.0437794191780822,0.0680232767123288,0.0520382684931507
"100966",0.0391496,0.048482,0.0888972,0.0787108000000001,0.0543984000000001,0.0894964,0.0653436000000001
"100967",0.0422098630136986,0.0479804328767124,0.0928871945205479,0.0823092328767123,0.0525696931506849,0.0924622630136987,0.0667510739726028
"100968",0.0460394465753424,0.063052208219178,0.108448635616438,0.0967507726027397,0.0711171945205479,0.111721857534247,0.082400909589041
"100969",0.0497819835616439,0.0578796493150686,0.101387638356164,0.0901402520547945,0.0644533479452055,0.100788230136986,0.070826301369863
"100970",0.0521456000000001,0.0538633205479452,0.0961015671232877,0.0863112767123288,0.0573513205479453,0.094242893150685,0.0666709698630137
"100971",0.0528132821917809,0.0592782794520548,0.101013490410959,0.0917789753424658,0.0626585972602741,0.101897616438356,0.0734438191780822
"100972",0.0429830136986301,0.0459478356164384,0.0779197808219179,0.0707888219178083,0.0483425753424658,0.0776298082191781,0.0567498082191781
"100973",0.0371747178082192,0.0441216438356164,0.0695407123287671,0.0626134356164384,0.0489142904109589,0.0697175561643836,0.0509060164383562
"100974",0.0340129643835616,0.0377159671232877,0.0660199123287671,0.0593141369863014,0.0406883726027397,0.0657323178082192,0.051325797260274
"100975",0.0347329315068493,0.0395875726027397,0.0750023232876713,0.0662781369863013,0.0439264219178083,0.0742983671232877,0.0593581150684932
"100976",0.0276248219178082,0.034967506849315,0.0667808219178082,0.0581858630136987,0.0406369315068493,0.0664901917808219,0.0539866849315069
"100977",0.0247760493150685,0.0291436821917808,0.057431901369863,0.0495742520547945,0.0342440821917808,0.0559203561643835,0.0459751726027397
"100978",0.0302752767123288,0.0382432,0.0613823890410959,0.0551949479452054,0.0426430794520548,0.0624372273972603,0.0469226082191781
"100979",0.0205073698630137,0.0256360273972603,0.0453476712328767,0.0407301369863014,0.0279898082191781,0.0463612054794521,0.0371508219178082
"100980",0.0239656438356164,0.0301125205479453,0.0522620054794521,0.0464898410958904,0.0338389150684932,0.0528057369863014,0.0418577589041096
"100981",0.0171172493150685,0.0183831178082192,0.0367387397260274,0.0322960383561644,0.0203078301369863,0.0359170356164384,0.0284868
"100982",0.024609906849315,0.0313264219178083,0.0541459506849315,0.0487038246575343,0.0343375123287671,0.0555432767123287,0.0423820931506849
"100983",0.0285131671232876,0.0359858684931507,0.0609393534246575,0.0547803890410959,0.0396639561643835,0.0622512109589041,0.0449358191780822
"100984",0.035622394520548,0.0414169150684932,0.0767171342465753,0.0683266684931507,0.0453456,0.0768492493150685,0.055745605479452
"100985",0.0499784657534247,0.0630545534246575,0.105197967123288,0.0939988,0.0707337150684931,0.106566684931507,0.0785843561643836
"100986",0.0479764657534246,0.0585056164383561,0.0967395616438356,0.0860137534246574,0.0662656164383561,0.0966359178082191,0.0716444657534246
"100987",0.0456065753424658,0.0538073424657534,0.090055890410959,0.0820602739726027,0.0570818630136987,0.092020602739726,0.0703824657534247
"100988",0.03935,0.045342,0.073686,0.067232,0.048194,0.074768,0.056846
"100989",0.0372860273972602,0.0436799999999999,0.0708419178082191,0.0642235616438356,0.0472758904109589,0.0715994520547945,0.0558657534246575
"100990",0.0280799835616438,0.0301986465753425,0.0552438301369863,0.0497485479452055,0.0318861863013699,0.0550452054794521,0.0452848821917808
"100991",0.0324488547945206,0.0357195616438357,0.068369901369863,0.060418093150685,0.039381501369863,0.0673018356164384,0.0550347287671233
"100992",0.0278170410958904,0.033021397260274,0.0649816712328767,0.0575095068493151,0.0363524383561644,0.0652474794520548,0.0545160000000001
"100993",0.0336138630136986,0.0361396986301369,0.0723092383561643,0.0639430739726027,0.0392538301369862,0.071217906849315,0.0580004328767122
"100994",0.0280063123287671,0.0281553534246576,0.0541824,0.048928701369863,0.028800701369863,0.0536547945205479,0.0421249753424658
"100995",0.0173604821917809,0.0169395835616439,0.035778498630137,0.0321543287671233,0.0170157260273973,0.0353946136986301,0.0294861698630137
"100996",0.0224876438356165,0.0246020273972603,0.0467084109589042,0.0415493150684931,0.0266721095890411,0.0462358630136987,0.0377058356164384
"100997",0.0222888328767123,0.0215408219178082,0.0441764383561644,0.0392350684931507,0.0226273315068493,0.042833095890411,0.0336971835616438
"100998",0.0218285753424658,0.0210652273972603,0.0420124931506849,0.0378259890410959,0.0213839506849315,0.0412446082191781,0.0303592438356165
"100999",0.0223691178082192,0.0240410958904109,0.0446959232876712,0.0403236493150685,0.025142498630137,0.0447074630136986,0.0326458849315068
"101000",0.0332552273972602,0.0364224876712329,0.0691327452054795,0.0616821424657535,0.0391654356164384,0.0686923452054795,0.0508873150684932
"101001",0.0417754301369863,0.0490102356164383,0.0899866301369863,0.0801345753424658,0.0538397808219178,0.0902203616438356,0.0661650410958904
"101002",0.0429093698630136,0.0446465589041096,0.0902804602739727,0.0805404602739725,0.0469307890410959,0.089319802739726,0.0656662794520547
"101003",0.0402207999999999,0.0560991999999999,0.0937087999999999,0.0844416,0.0622976,0.0977792,0.0778592
"101004",0.0393444657534247,0.052983501369863,0.0892680000000001,0.0793742958904109,0.0603860054794521,0.0911847452054795,0.0729614465753425
"101005",0.0391789260273974,0.0507022849315069,0.0823884328767123,0.0739071616438356,0.0568334136986301,0.0840985260273973,0.0666269095890412
"101006",0.0283399232876712,0.035013901369863,0.055933298630137,0.0507476,0.0381959616438356,0.0571871780821918,0.0455105260273972
"101007",0.0220208712328767,0.0280374246575342,0.044172904109589,0.040099101369863,0.0307502630136986,0.0454338739726027,0.0369551178082191
"101008",0.0287000767123288,0.0336560657534247,0.0566883890410959,0.0507415123287671,0.0372226410958905,0.0566821863013699,0.0464011452054795
"101009",0.0392995726027398,0.0456177534246575,0.0777717643835616,0.0687417260273973,0.0517875342465753,0.0765337424657534,0.060701698630137
"101010",0.0270603123287672,0.0325376876712329,0.0643374246575343,0.0568858191780822,0.0359284438356164,0.0647106410958905,0.0552678410958904
"101011",0.0408328767123289,0.0435903561643836,0.0852121643835617,0.0762743013698631,0.0459420273972603,0.0847912328767124,0.068863890410959
"101012",0.0333146027397259,0.0345940273972603,0.0645219178082191,0.0587746027397259,0.0349868493150684,0.0648009315068492,0.051672602739726
"101013",0.0237296712328767,0.0250570684931507,0.0474886849315069,0.0431138630136986,0.0255237534246575,0.0477751232876713,0.0395704109589041
"101014",0.0212489369863013,0.022712104109589,0.044915797260274,0.0399452547945205,0.0243218520547945,0.0444219123287671,0.037596
"101015",0.0396573808219179,0.0397552657534247,0.0727197643835617,0.0649221808219179,0.0425712054794521,0.0705051178082193,0.052870098630137
"101016",0.0254785808219178,0.0244532219178082,0.0466470246575343,0.0417765698630137,0.0255205479452055,0.0451645643835617,0.0330372
"101017",0.017913095890411,0.0199244931506849,0.0363436164383562,0.0325894246575343,0.0213903561643836,0.0362936438356164,0.0270830684931506
"101018",0.0322673534246575,0.0378540054794521,0.0678496,0.0604838356164383,0.0417054246575343,0.0679473315068494,0.0509260931506849
"101019",0.043315002739726,0.0515960986301369,0.0928874520547945,0.0826717808219178,0.0571214684931507,0.0931880767123288,0.0692327452054795
"101020",0.0481528767123287,0.0530501369863014,0.102200547945205,0.0908449315068493,0.0574772602739726,0.101389863013699,0.0756046575342466
"101021",0.0448101369863014,0.0488789589041096,0.0945581917808219,0.0842799452054795,0.0524391780821918,0.0939489863013698,0.0691895342465753
"101022",0.0365860602739725,0.0392766904109589,0.0754135890410959,0.0672896219178082,0.0419998684931507,0.0747062136986301,0.0539080767123288
"101023",0.0332383726027398,0.0491081753424658,0.0821752602739726,0.0730770301369864,0.0565078027397261,0.0853612109589041,0.0703792493150684
"101024",0.0269314246575342,0.0367252602739725,0.0646912602739727,0.0573193698630137,0.0418829863013698,0.0661803561643836,0.0556268219178082
"101025",0.0306832054794521,0.0404526684931507,0.0699024547945206,0.0616144000000001,0.0467241808219178,0.0705354794520549,0.0583035287671233
"101026",0.025208,0.0330128000000001,0.0533648,0.0477504,0.0373008000000001,0.0544256,0.0446832
"101027",0.0225800767123288,0.0287103013698631,0.0465880438356165,0.041988295890411,0.0317906630136987,0.0476291561643836,0.0395872219178082
"101028",0.0282448219178082,0.0349170410958904,0.0577160547945206,0.0520358356164384,0.0383482739726028,0.0587726027397261,0.0495065753424657
"101029",0.0355276931506849,0.0435938630136986,0.0740834630136987,0.0662413534246576,0.0484883835616439,0.0747882739726028,0.062549797260274
"101030",0.0300875890410959,0.0348671342465754,0.0727369589041096,0.0642095123287671,0.0380397424657534,0.072855901369863,0.0641366904109589
"101031",0.0423857095890411,0.0451390684931507,0.091821895890411,0.0814629698630137,0.048312197260274,0.0907614246575343,0.0756027616438357
"101032",0.0453649479452055,0.0521375342465754,0.0910130794520547,0.0823164328767124,0.0555648493150684,0.0920505369863013,0.0731248767123288
"101033",0.0333451780821918,0.0390025150684931,0.0674097863013698,0.0615194520547945,0.040797002739726,0.0690979945205479,0.0568738136986301
"101034",0.0183669479452055,0.0207679342465753,0.0393618410958904,0.0351607123287671,0.0223578410958904,0.0394263452054794,0.0337714849315068
"101035",0.0214613260273973,0.0248001534246575,0.043768898630137,0.0394235506849315,0.0266580493150685,0.0441561205479452,0.0365527232876712
"101036",0.0368234136986302,0.0362776438356165,0.0656208,0.0588789369863014,0.0383414794520548,0.0636257589041096,0.0474682191780822
"101037",0.0200683506849315,0.0226171068493151,0.0404629150684931,0.0361103890410959,0.0247403178082192,0.0402134575342466,0.0314418082191781
"101038",0.0243268164383562,0.0256964821917808,0.0487964219178082,0.0438362356164384,0.0269774246575342,0.0484928219178082,0.037889002739726
"101039",0.034785901369863,0.0423952493150685,0.0740508328767123,0.0657127452054795,0.0477030849315068,0.0741835287671233,0.0559041260273972
"101040",0.0389833150684931,0.046630997260274,0.0847753150684932,0.0757031671232876,0.0510873534246575,0.0855332876712328,0.0657109972602739
"101041",0.0399315671232875,0.0472740821917808,0.0856998246575342,0.0764523506849315,0.0519055945205479,0.0861585698630136,0.0651262684931507
"101042",0.0310786191780822,0.0356475671232876,0.0642415506849315,0.0575469424657535,0.0386321369863014,0.0644276164383562,0.0468152712328767
"101043",0.0272550575342466,0.0311062794520549,0.0556594849315069,0.0504090301369863,0.0327820273972603,0.0564423890410959,0.0403012383561644
"101044",0.0079755616438356,0.0091427397260274,0.015792301369863,0.0144118082191781,0.00954235616438356,0.016114602739726,0.0110420821917808
"101045",0.0240550301369862,0.0331480876712328,0.0603012219178082,0.0528364986301369,0.0386348219178082,0.0611550301369863,0.0529564383561644
"101046",0.0240701424657534,0.0313699342465754,0.0573796712328767,0.050608005479452,0.0357490575342466,0.0580619123287671,0.0500328931506849
"101047",0.0318177589041096,0.0405375945205479,0.0710634465753424,0.0624657315068493,0.0468450136986301,0.071076301369863,0.0592584602739726
"101048",0.0326157534246576,0.042472602739726,0.0680609589041096,0.0613458904109589,0.0472705479452055,0.0698650684931507,0.0578445205479453
"101049",0.0348274410958904,0.046418597260274,0.0717943561643836,0.0649398356164384,0.0517899506849315,0.0741432438356164,0.0613301479452055
"101050",0.0354127561643836,0.050860898630137,0.0799223671232877,0.0722315835616438,0.0570524054794521,0.0837970520547945,0.0722182684931508
"101051",0.0236205698630136,0.0288256876712328,0.0621073534246575,0.0541474739726027,0.0325800219178082,0.0620490630136986,0.0572800438356164
"101052",0.0367284602739726,0.0437376876712329,0.0857142356164384,0.0753240547945205,0.0491515616438357,0.0853826630136987,0.0729378191780822
"101053",0.0537675726027397,0.0607099835616439,0.106630126027397,0.095542904109589,0.0660339726027398,0.106305852054794,0.0833619945205479
"101054",0.0424297424657535,0.0473595068493151,0.0827096986301371,0.0753970958904109,0.0492500821917808,0.0838844712328768,0.0675803397260274
"101055",0.023356602739726,0.0250480328767123,0.0458994410958904,0.0415658849315068,0.0260169863013699,0.0460194191780822,0.0381243397260274
"101056",0.0155563397260274,0.0185335890410959,0.0319806904109589,0.0287715945205479,0.0201659397260274,0.032360504109589,0.0272796712328767
"101057",0.018224794520548,0.0202202465753425,0.0366210575342466,0.0325599616438356,0.0222287342465754,0.0361547835616438,0.0303920383561644
"101058",0.0208841863013699,0.0226640164383562,0.0409403232876712,0.0362004547945206,0.0252116164383561,0.039939895890411,0.0325551342465753
"101059",0.0180207616438356,0.0203167232876712,0.0368586246575343,0.0327772602739726,0.0223579232876712,0.0365355123287671,0.0294001150684932
"101060",0.0196537369863014,0.0221186575342466,0.0397134739726027,0.0354510301369863,0.0241564438356165,0.0394821095890411,0.0305423232876713
"101061",0.0206269589041096,0.0243495835616438,0.044099698630137,0.0392823397260274,0.0268335342465753,0.044227791780822,0.0348241698630137
"101062",0.0248594301369863,0.030265994520548,0.0545097424657534,0.0485514191780822,0.0335176712328768,0.0549841205479453,0.0432457863013699
"101063",0.0291877808219178,0.0376501095890411,0.0623678465753425,0.0561685863013699,0.0416211178082191,0.0640138904109589,0.0483348876712328
"101064",0.0334987616438357,0.0397227616438356,0.0699262136986301,0.0631629424657534,0.0425406136986302,0.0711539616438356,0.0531128876712329
"101065",0.0227381150684932,0.0264187452054795,0.0459711397260274,0.041887095890411,0.0276747342465754,0.046997002739726,0.0340808328767124
"101066",0.0108106301369863,0.0125605205479452,0.021344,0.0195065205479452,0.0131440273972603,0.0218455890410959,0.0154862465753425
"101067",0.0108689424657535,0.0114315616438356,0.0210534246575343,0.0191636931506849,0.0116531452054795,0.0211555561643836,0.0152582082191781
"101068",0.023739090410959,0.0304830246575343,0.0559177643835617,0.0495936000000001,0.0341854684931507,0.0567996493150685,0.048890301369863
"101069",0.0248946958904109,0.0315840219178082,0.0580334410958904,0.0516577369863013,0.0350281260273973,0.0590699232876712,0.0505696219178082
"101070",0.0311246246575342,0.0396603616438356,0.069800701369863,0.0625878794520548,0.0436291068493151,0.0714622465753426,0.060300997260274
"101071",0.0403177150684932,0.0553494410958904,0.0854959561643835,0.0774790356164384,0.0616943835616439,0.0890194356164384,0.0726774575342465
"101072",0.0363572328767123,0.0557409315068492,0.0819123835616438,0.0744273150684931,0.0631042465753423,0.0871284109589041,0.0740454520547944
"101073",0.0249128,0.0335957479452055,0.0671159123287671,0.0577481315068493,0.0402608438356164,0.0668250301369863,0.0619785205479451
"101074",0.0350537424657535,0.0451338082191781,0.0836367123287672,0.073646695890411,0.0514454465753424,0.0843680219178082,0.0721431452054794
"101075",0.0531439232876713,0.0620248712328768,0.105221660273973,0.0947429095890412,0.0674709863013699,0.105909808219178,0.0818069095890411
"101076",0.0494683561643836,0.0521207671232876,0.0944701643835617,0.0853357808219178,0.0545616986301369,0.0939223561643836,0.0738598356164383
"101077",0.0408435397260273,0.0421069150684931,0.0767846794520547,0.0700312876712328,0.0426945315068493,0.0768854136986301,0.0620816767123287
"101078",0.0317963342465754,0.032415008219178,0.0599778904109589,0.0542392109589041,0.0334737698630136,0.0593958904109589,0.0491080438356164
"101079",0.0205021205479452,0.0204805424657534,0.0383462136986301,0.034460197260274,0.0213976109589041,0.0375605753424658,0.031596197260274
"101080",0.0138898356164383,0.0143558630136986,0.0273225205479452,0.0244139178082192,0.0152487123287671,0.0268520547945206,0.0235425205479452
"101081",0.0190630246575342,0.0194950356164383,0.0358525808219178,0.0317073534246575,0.0214351890410959,0.0345626082191781,0.0279214136986301
"101082",0.0161866356164383,0.0179177753424657,0.0322094794520548,0.0286539780821918,0.019697704109589,0.0317773479452055,0.0253711726027397
"101083",0.0152042630136986,0.0177451397260273,0.0316946958904109,0.0285312328767123,0.0190665863013698,0.0320598575342466,0.0258845260273972
"101084",0.0111386849315069,0.0130726575342466,0.0237070136986302,0.0211718356164384,0.0142971506849315,0.023821698630137,0.0191872876712329
"101085",0.0188633424657535,0.0217854246575342,0.0399483835616438,0.0357834520547946,0.0235297534246576,0.0401906849315069,0.0319717260273973
"101086",0.0350667945205481,0.0414190136986302,0.0758095890410959,0.0679989041095891,0.0447105753424658,0.0767355616438357,0.0608832876712329
"101087",0.0272055452054795,0.0315112273972603,0.0559535506849315,0.0507064767123288,0.0332856493150685,0.0569169534246575,0.0438001150684931
"101088",0.0143799287671233,0.0157948164383562,0.0282708109589041,0.0257145424657534,0.0163704054794521,0.0285720767123288,0.0213825205479452
"101089",0.0145211835616439,0.0158260602739726,0.0286154630136986,0.0258228657534247,0.0166967835616438,0.0286323780821918,0.0212791561643836
"101090",0.0206696164383562,0.0217221369863013,0.0407809589041096,0.0365652602739726,0.0229824657534247,0.0403327671232877,0.030253506849315
"101091",0.0286658630136986,0.0287697534246575,0.0528170958904109,0.0474516164383562,0.0302623561643836,0.0516414246575342,0.0427673424657534
"101092",0.0193409260273972,0.0208794410958904,0.0358171616438356,0.0326074191780822,0.0218074794520548,0.0359119561643835,0.0300147890410959
"101093",0.0163578520547945,0.0171047452054794,0.0304944876712329,0.0277161424657534,0.0176707945205479,0.0304239342465753,0.0257292931506849
"101094",0.0171293260273973,0.0176826904109589,0.0327499890410959,0.0288949643835617,0.0195570410958904,0.0315828493150685,0.0259557698630137
"101095",0.0151493808219178,0.0173965150684932,0.0304177424657534,0.0271512547945205,0.0191618191780822,0.0302903232876713,0.0248231123287671
"101096",0.00911109041095891,0.0104680273972603,0.0186266575342466,0.0166393534246575,0.0114635397260274,0.0186016767123288,0.0151378465753425
"101097",0.0117842575342466,0.0134955123287671,0.0244456767123288,0.0218917150684931,0.0146160109589041,0.0245124328767123,0.0198495506849315
"101098",0.0218611945205479,0.0257591452054795,0.0469021479452055,0.0417565150684931,0.0283854739726027,0.0470162136986301,0.0380768383561644
"101099",0.0236853260273973,0.0276414465753425,0.049331090410959,0.0442882849315069,0.0299161424657535,0.0497378630136986,0.0395098082191781
"101100",0.0236952493150684,0.0259396602739726,0.0473823123287671,0.0427816109589041,0.0272644767123287,0.047543309589041,0.0371289698630137
"101101",0.021590498630137,0.023780893150685,0.0435441972602739,0.0391024602739726,0.0253742465753425,0.0434820054794521,0.033737797260274
"101102",0.0279162739726027,0.0300198575342466,0.0560787287671233,0.0502240438356164,0.0320019287671233,0.0556463342465753,0.0429112109589041
"101103",0.0187287068493151,0.0205066849315069,0.0350892164383562,0.0316787561643836,0.021940597260274,0.0349400602739726,0.0292757863013699
"101104",0.00912543013698631,0.0100384219178082,0.0180494136986301,0.0161840383561644,0.0108018246575343,0.0179496876712329,0.0157397589041096
"101105",0.00767057534246575,0.00898305753424658,0.0153727506849315,0.0137888547945205,0.00984751232876711,0.0154294575342466,0.0132152931506849
"101106",0.00949324383561644,0.0112886739726027,0.019312301369863,0.0171187726027397,0.0127556328767123,0.0191799561643836,0.0157852219178082
"101107",0.0132547287671233,0.0156728,0.0274301424657534,0.0244016767123288,0.0174640219178082,0.0273854794520548,0.0223691178082192
"101108",0.0145770958904109,0.0166058082191781,0.0303193424657534,0.0270071232876712,0.0181917808219178,0.0302009863013699,0.0246058082191781
"101109",0.0205269643835617,0.0230045863013698,0.0422128164383561,0.0376753534246575,0.0249917698630137,0.0420190630136986,0.0338002849315068
"101110",0.0183770136986302,0.0206507671232876,0.0373470410958904,0.033458794520548,0.0223005205479452,0.037304301369863,0.0298472876712329
"101111",0.0171728219178082,0.0190097753424658,0.0348572383561644,0.0312401753424657,0.0203989589041096,0.0347694794520548,0.0277158575342465
"101112",0.0181163835616439,0.0221651506849315,0.0354101917808219,0.0319867397260274,0.0243991232876712,0.0359398356164384,0.0306138082191781
"101113",0.00732493150684932,0.00862849315068495,0.0146884931506849,0.0131498630136987,0.00952150684931508,0.0147205479452055,0.0130097260273973
"101114",0.00544350684931507,0.00625021369863014,0.0108305534246575,0.00975719452054794,0.00674117260273973,0.0108922301369863,0.00956449315068493
"101115",0.00809695890410959,0.0093129095890411,0.0159272657534247,0.0142537643835616,0.0102457589041096,0.0158770520547945,0.0134845424657534
"101116",0.0126012383561644,0.0144384493150685,0.024949205479452,0.0221406794520548,0.0161702410958904,0.0246302958904109,0.0203339671232877
"101117",0.0177065863013698,0.0211776657534247,0.0369221041095891,0.0329215561643836,0.0235146301369863,0.0370380931506849,0.0305749260273973
"101118",0.0179341041095891,0.0203545863013699,0.0370332712328767,0.0330097643835617,0.0222680109589041,0.0368738191780822,0.0302916383561644
"101119",0.0128794191780822,0.0139947397260274,0.0259901260273973,0.0232624,0.0149859726027397,0.0258139068493151,0.0211653917808219
"101120",0.0142315178082192,0.0154171397260274,0.0286138739726027,0.0256684712328767,0.0164040767123288,0.0284743890410959,0.0231188164383562
"101121",0.00867662465753424,0.0104744547945206,0.0170333589041096,0.0152369095890411,0.011728701369863,0.0170692602739726,0.0147384328767123
"101122",0.00533192328767124,0.00584195068493149,0.0104370410958904,0.00936683835616438,0.00627818082191781,0.010373501369863,0.00912293698630138
"101123",0.00569094246575343,0.0063893095890411,0.0112176,0.0100938410958904,0.0068706082191781,0.0112247835616438,0.00981836712328769
"101124",0.00820734246575341,0.00905030136986301,0.0162367123287671,0.014469698630137,0.00990334246575342,0.0160346301369863,0.0137722739726027
"101125",0.0122090739726027,0.0145491068493151,0.0249623890410959,0.022019002739726,0.0166234739726027,0.0246681863013699,0.0204039452054794
"101126",0.0111076821917808,0.0133745424657534,0.0232107506849315,0.0206223452054794,0.0150056657534247,0.0232107506849315,0.0193916493150685
"101127",0.013197002739726,0.0146395561643835,0.026838805479452,0.0239818794520548,0.0158383835616438,0.0266895232876712,0.0223717643835616
"101128",0.0105464109589041,0.0122454356164384,0.0199785753424658,0.0180991232876712,0.0132426191780822,0.0201461150684931,0.0172882739726027
"101129",0.00607490410958903,0.00710778082191781,0.0116460821917808,0.010541698630137,0.00770049315068493,0.0117585863013699,0.0101450739726027
"101130",0.00280847123287671,0.00327215342465753,0.00560454794520548,0.00504472876712329,0.00355325479452055,0.00564236712328767,0.00498291506849315
"101131",0.00283375342465754,0.00320028493150685,0.00555596712328767,0.00499903561643835,0.00345420273972603,0.00555964931506849,0.00489547397260274
"101132",0.00584838356164384,0.0073166794520548,0.0120412493150685,0.0106996712328767,0.00832940273972603,0.0120820164383562,0.010364701369863
"101133",0.00501056438356164,0.00696476712328766,0.0107956273972603,0.0095510904109589,0.00817402739726027,0.0109656547945206,0.0093060602739726
"101134",0.00932800000000002,0.0126292054794521,0.0198295342465754,0.0177910684931507,0.0143192876712329,0.0203786301369863,0.017446301369863
"101135",0.00839218082191781,0.00973626301369862,0.0157792219178082,0.0144139287671233,0.0103366630136986,0.0160536657534247,0.0137360438356165
"101136",0.00451824657534246,0.0050996712328767,0.00878202739726027,0.0079638904109589,0.00540567123287671,0.00886068493150684,0.00783147945205479
"101137",0.00196021917808219,0.00227605479452054,0.00390575342465753,0.00350761643835616,0.00248350684931506,0.00391945205479452,0.00348306849315068
"101138",0.0018132602739726,0.00230586301369863,0.00377950684931507,0.00336865753424658,0.00261358904109589,0.00381786301369863,0.00338060273972603
"101139",0.00209356164383562,0.00296671232876712,0.00451794520547945,0.00402958904109589,0.00344109589041096,0.00464424657534247,0.00410794520547945
"101140",0.006415298630137,0.00829795068493151,0.0134823452054795,0.0120119671232877,0.00944600547945205,0.0136519890410959,0.0119902684931507
"101141",0.0121252273972603,0.01368,0.0226469589041096,0.0207692383561644,0.0142446904109589,0.0230511123287671,0.0198041424657534
"101142",0.00418761095890412,0.00494087671232876,0.00803687671232877,0.00741249315068493,0.0051256,0.00830547945205479,0.00739741369863014
"101143",0.00195276712328767,0.00243342465753425,0.00386860273972602,0.00349249315068493,0.00269095890410959,0.00393808219178082,0.003496
"101144",0.00102188493150685,0.00130800547945206,0.00209795616438356,0.00187584657534247,0.00147948493150685,0.00212592328767123,0.00189875068493151
"101145",0.00133972602739726,0.00165493150684931,0.00279641095890411,0.00250019178082192,0.0018446301369863,0.00282534246575342,0.00257317808219178
"101146",0.00581632876712328,0.00746658630136986,0.0124143780821918,0.0110774794520548,0.00842417534246575,0.012597698630137,0.0114541808219178
"101147",0.0155559178082192,0.0169201095890411,0.0293527671232877,0.0266728493150685,0.0177209863013699,0.0294568493150685,0.025767095890411
"101148",0.00797095890410959,0.00889841095890409,0.0152794520547945,0.0139177643835616,0.00931854246575342,0.015453402739726,0.0137899726027397
"101149",0.00330386849315069,0.00417967123287672,0.00654849315068494,0.00591823561643836,0.00463350136986302,0.0066876602739726,0.0059446904109589
"101150",0.00148146849315069,0.00212122739726028,0.00312110684931507,0.00279563835616439,0.00245722191780822,0.00322301369863014,0.00287099726027398
"101151",0.0015314301369863,0.0021153205479452,0.00326820821917808,0.00292231232876712,0.00242827397260274,0.00335529863013699,0.00303228493150685
"101152",0.00467003835616438,0.00602610410958905,0.00987475068493151,0.00883765479452055,0.00677707397260274,0.0100534684931507,0.00912259726027397
"101153",0.0108887890410959,0.0129132876712329,0.0209391671232877,0.0190600712328767,0.0138607506849315,0.0213249534246575,0.0189211178082192
"101154",0.00608653150684932,0.00722053698630136,0.0117446684931507,0.0107703342465753,0.00760476712328766,0.0120704657534247,0.0108345424657534
"101155",0.00236638356164384,0.00344061369863014,0.00490689863013699,0.0044345095890411,0.00394481095890411,0.00512378630136986,0.00456026301369863
"101156",0.00247216438356164,0.00319650410958904,0.00504138082191781,0.0045460602739726,0.003564,0.00516299178082192,0.00461944109589041
"101157",0.00427056438356165,0.00544564383561644,0.00860641095890411,0.00779076164383562,0.00600722191780823,0.00882847123287672,0.00785100273972603
"101158",0.0093687616438356,0.0112012273972603,0.0180828219178082,0.0163705260273972,0.0122059671232877,0.0183236602739726,0.016124202739726
