"","Andrena_carlini","Andrena_miserabilis","Osmia_atriventris","Osmia_bucephala","Osmia_lignaria","Osmia_pumila","Andrena_violae"
"100001",0,0,0,0,0,0,0
"100002",0,0,0,0,0,0,0
"100003",0,0,0,0,0,0,0
"100004",0,0,0,0,0,0,0
"100005",0,0,0,0,0,0,0
"100006",0,0,0,0,0,0,0
"100007",0,0,0,0,0,0,0
"100008",0,0,0,0,0,0,0
"100009",0,0,0,0,0,0,0
"100010",0,0,0,0,0,0,0
"100011",0,0,0,0,0,0,0
"100012",0,0,0,0,0,0,0
"100013",0,0,0,0,0,0,0
"100014",0,0,0,0,0,0,0
"100015",0,0,0,0,0,0,0
"100016",0,0,0,0,0,0,0
"100017",0,0,0,0,0,0,0
"100018",0,0,0,0,0,0,0
"100019",0,0,0,0,0,0,0
"100020",0,0,0,0,0,0,0
"100021",0,0,0,0,0,0,0
"100022",0,0,0,0,0,0,0
"100023",0,0,0,0,0,0,0
"100024",0,0,0,0,0,0,0
"100025",0,0,0,0,0,0,0
"100026",0,0,0,0,0,0,0
"100027",0,0,0,0,0,0,0
"100028",0,0,0,0,0,0,0
"100029",0,0,0,0,0,0,0
"100030",0,0,0,0,0,0,0
"100031",0,0,0,0,0,0,0
"100032",0,0,0,0,0,0,0
"100033",0,0,0,0,0,0,0
"100034",0,0,0,0,0,0,0
"100035",0,0,0,0,0,0,0
"100036",0,0,0,0,0,0,0
"100037",0,0,0,0,0,0,0
"100038",0,0,0,0,0,0,0
"100039",0,0,0,0,0,0,0
"100040",0,0,0,0,0,0,0
"100041",0,0,0,0,0,0,0
"100042",0,0,0,0,0,0,0
"100043",0,0,0,0,0,0,0
"100044",0,0,0,0,0,0,0
"100045",0,0,0,0,0,0,0
"100046",0,0,0,0,0,0,0
"100047",0,0,0,0,0,0,0
"100048",0,0,0,0,0,0,0
"100049",0,0,0,0,0,0,0
"100050",0,0,0,0,0,0,0
"100051",0,0,0,0,0,0,0
"100052",0,0,0,0,0,0,0
"100053",0,0,0,0,0,0,0
"100054",0,0,0,0,0,0,0
"100055",0,0,0,0,0,0,0
"100056",0,0,0,0,0,0,0
"100057",0,0,0,0,0,0,0
"100058",0,0,0,0,0,0,0
"100059",0,0,0,0,0,0,0
"100060",0,0,0,0,0,0,0
"100061",0,0,0,0,0,0,0
"100062",0,0,0,0,0,0,0
"100063",0,0,0,0,0,0,0
"100064",0,0,0,0,0,0,0
"100065",0,0,0,0,0,0,0
"100066",0,0,0,0,0,0,0
"100067",0,0,0,0,0,0,0
"100068",0,0,0,0,0,0,0
"100069",0,0,0,0,0,0,0
"100070",0,0,0,0,0,0,0
"100071",0,0,0,0,0,0,0
"100072",0,0,0,0,0,0,0
"100073",0,0,0,0,0,0,0
"100074",0,0,0,0,0,0,0
"100075",4.44986301369864e-05,3.09643835616439e-05,5.10630136986302e-05,3.23287671232877e-05,2.31671232876712e-05,5.24054794520547e-05,7.0427397260274e-05
"100076",0,0,0,0,0,0,0
"100077",0,0,0,0,0,0,0
"100078",0,0,0,0,0,0,0
"100079",0,0,0,0,0,0,0
"100080",0,0,0,0,0,0,0
"100081",0,0,0,0,0,0,0
"100082",0,0,0,0,0,0,0
"100083",4.61643835616438e-05,2.14410958904109e-05,4.48109589041096e-05,2.93479452054793e-05,1.25150684931507e-05,5.1654794520548e-05,7.58301369863014e-05
"100084",3.9386301369863e-05,1.97205479452057e-05,5.39178082191781e-05,3.68e-05,1.10739726027398e-05,5.8104109589041e-05,7.24164383561644e-05
"100085",3.77315068493151e-05,2.39780821917807e-05,5.87726027397261e-05,3.93863013698632e-05,1.52383561643835e-05,5.95287671232877e-05,6.79506849315068e-05
"100086",4.00986301369863e-05,2.45698630136986e-05,5.64547945205479e-05,3.70465753424658e-05,1.49643835616439e-05,5.75671232876712e-05,6.8323287671233e-05
"100087",4.77917808219179e-05,2.84931506849315e-05,4.39123287671233e-05,2.78958904109588e-05,2.14356164383563e-05,4.90849315068493e-05,7.13534246575343e-05
"100088",0,0,0,0,0,0,0
"100089",0,0,0,0,0,0,0
"100090",0,0,0,0,0,0,0
"100091",0,0,0,0,0,0,0
"100092",0,0,0,0,0,0,0
"100093",0,0,0,0,0,0,0
"100094",0,0,0,0,0,0,0
"100095",0,0,0,0,0,0,0
"100096",7.08273972602742e-05,3.11342465753425e-05,0.00012532602739726,8.44821917808218e-05,5.22739726027417e-06,0.000127386301369863,0.000144821917808219
"100097",6.05150684931507e-05,2.90520547945204e-05,0.000138323287671233,9.55506849315069e-05,4.58082191780824e-06,0.0001368,0.00013574794520548
"100098",7.01698630136984e-05,2.58301369863013e-05,0.000125128767123288,8.49095890410963e-05,1.49041095890432e-06,0.000128778082191781,0.000140854794520548
"100099",4.08219178082192e-05,1.35780821917807e-05,5.36821917808219e-05,3.57917808219178e-05,3.50684931506784e-07,5.87123287671234e-05,7.15452054794519e-05
"100100",4.16438356164384e-05,1.52876712328767e-05,5.32164383561644e-05,3.50794520547945e-05,2.158904109589e-06,5.78191780821918e-05,7.03835616438356e-05
"100101",4.04986301369862e-05,1.81479452054797e-05,5.56493150684931e-05,3.65863013698629e-05,5.7369863013699e-06,5.85205479452054e-05,6.76328767123289e-05
"100102",4.35287671232878e-05,2.4054794520548e-05,5.24438356164382e-05,3.34739726027397e-05,1.31342465753425e-05,5.48054794520547e-05,6.58027397260275e-05
"100103",4.37479452054794e-05,2.38684931506849e-05,5.03452054794521e-05,3.26794520547945e-05,1.44219178082193e-05,5.40493150684932e-05,6.71561643835616e-05
"100104",4.58246575342465e-05,2.53260273972603e-05,4.79835616438356e-05,3.05205479452055e-05,1.58465753424656e-05,5.20109589041096e-05,6.89041095890411e-05
"100105",5.03999999999999e-05,2.80767123287671e-05,4.53424657534247e-05,2.65534246575343e-05,1.60383561643835e-05,4.84767123287671e-05,6.61643835616438e-05
"100106",5.88767123287672e-05,3.25753424657534e-05,3.66465753424657e-05,1.80493150684932e-05,1.88876712328768e-05,4.07945205479452e-05,6.79945205479453e-05
"100107",0,0,0,0,0,0,0
"100108",0,0,0,0,0,0,0
"100109",0,0,0,0,0,0,0
"100110",0,0,0,0,0,0,0
"100111",0,0,0,0,0,0,0
"100112",9.48986301369864e-05,1.773698630137e-05,0.000195238356164384,0.00013694794520548,2.56602739726027e-05,0.000204904109589041,0.000207945205479452
"100113",6.25972602739727e-05,1.30958904109588e-05,0.000135945205479452,9.35232876712328e-05,1.94849315068493e-05,0.000138542465753425,0.00013892602739726
"100114",6.74191780821918e-05,1.46958904109588e-05,0.000130498630136986,8.853698630137e-05,1.88273972602741e-05,0.000134224657534247,0.000136153424657534
"100115",0.000101358904109589,2.41643835616439e-05,0.000192361643835617,0.000131605479452055,2.24383561643836e-05,0.000199643835616438,0.000200252054794521
"100116",7.00712328767126e-05,2.83945205479452e-05,0.000123210958904109,8.43726027397261e-05,4.09863013698612e-06,0.000127627397260274,0.000128252054794521
"100117",4.33205479452054e-05,1.86520547945206e-05,5.38794520547946e-05,3.41041095890412e-05,4.23561643835609e-06,5.65479452054795e-05,6.43068493150683e-05
"100118",4.96876712328767e-05,2.13534246575342e-05,4.66191780821917e-05,2.74958904109589e-05,6.02191780821912e-06,5.06849315068494e-05,6.58684931506849e-05
"100119",5.29041095890412e-05,2.70246575342465e-05,4.16657534246575e-05,2.37205479452055e-05,1.43780821917807e-05,4.63561643835617e-05,6.57589041095889e-05
"100120",5.10575342465753e-05,2.76602739726026e-05,4.22739726027397e-05,2.51671232876712e-05,1.72602739726027e-05,4.72547945205479e-05,6.42575342465753e-05
"100121",5.4882191780822e-05,2.79123287671234e-05,3.71671232876711e-05,2.09753424657534e-05,1.69917808219178e-05,4.37808219178082e-05,6.60164383561643e-05
"100122",5.43506849315069e-05,3.28493150684932e-05,4.11835616438356e-05,2.2531506849315e-05,2.13753424657534e-05,4.42739726027397e-05,6.23342465753424e-05
"100123",5.77863013698631e-05,3.6986301369863e-05,3.95945205479451e-05,1.96602739726025e-05,2.42027397260275e-05,4.12986301369862e-05,6.12931506849316e-05
"100124",6.25479452054794e-05,3.87561643835616e-05,3.42191780821917e-05,1.47397260273974e-05,2.51342465753425e-05,3.69863013698631e-05,6.27287671232876e-05
"100125",6.27671232876712e-05,3.67342465753426e-05,3.11232876712327e-05,1.36493150684931e-05,2.46082191780822e-05,3.63013698630138e-05,6.46191780821917e-05
"100126",0,0,0,0,0,0,0
"100127",0,0,0,0,0,0,0
"100128",5.89589041095891e-05,4.3468493150685e-05,3.87178082191781e-05,1.85315068493151e-05,3.28876712328767e-05,3.9068493150685e-05,6.40383561643836e-05
"100129",5.96657534246575e-05,2.68438356164384e-05,3.52767123287671e-05,1.71342465753426e-05,1.06465753424657e-05,4.12273972602741e-05,6.6586301369863e-05
"100130",5.66027397260274e-05,3.21808219178082e-05,3.83397260273972e-05,2.01260273972601e-05,1.98794520547944e-05,4.24657534246576e-05,6.32876712328767e-05
"100131",5.84876712328768e-05,3.11178082191781e-05,3.49808219178081e-05,1.7813698630137e-05,1.87506849315068e-05,4.07342465753426e-05,6.29150684931508e-05
"100132",6.15068493150686e-05,3.29205479452056e-05,3.39835616438355e-05,1.54246575342464e-05,1.82027397260275e-05,3.86465753424658e-05,6.21753424657535e-05
"100133",6.28602739726027e-05,3.90246575342466e-05,3.52657534246577e-05,1.48438356164385e-05,2.41698630136985e-05,3.71342465753425e-05,5.92109589041096e-05
"100134",6.47232876712329e-05,4.09260273972603e-05,3.34465753424656e-05,1.29917808219177e-05,2.6054794520548e-05,3.5276712328767e-05,5.82191780821919e-05
"100135",5.99561643835617e-05,3.83232876712328e-05,3.45260273972605e-05,1.66082191780824e-05,2.77260273972602e-05,3.83506849315068e-05,5.9517808219178e-05
"100136",6.0827397260274e-05,3.95945205479452e-05,3.29369863013699e-05,1.55068493150683e-05,2.98136986301371e-05,3.71506849315068e-05,6.16328767123289e-05
"100137",0,0,0,0,0,0,0
"100138",5.14410958904109e-05,4.49095890410957e-05,4.75068493150686e-05,2.63671232876713e-05,3.7358904109589e-05,4.50630136986301e-05,5.6690410958904e-05
"100139",0.000108821917808219,5.61424657534247e-05,8.03397260273971e-05,4.4438356164384e-05,3.03999999999999e-05,8.99068493150686e-05,0.000120372602739726
"100140",0.000107780821917808,6.74849315068493e-05,8.29150684931506e-05,4.58520547945204e-05,4.61260273972603e-05,8.87561643835618e-05,0.000115912328767123
"100141",0.000116734246575342,6.59616438356163e-05,7.35013698630138e-05,3.68547945205481e-05,4.01643835616435e-05,8.19397260273973e-05,0.000119506849315068
"100142",0.000127627397260274,6.55561643835619e-05,6.37150684931506e-05,2.63890410958905e-05,3.35342465753422e-05,7.38739726027396e-05,0.000120493150684931
"100143",0.000125358904109589,8.22136986301368e-05,7.0049315068493e-05,2.97534246575344e-05,5.53753424657535e-05,7.33698630136983e-05,0.000110838356164384
"100144",0.00012427397260274,8.28164383561644e-05,7.01808219178081e-05,3.05205479452053e-05,5.75890410958902e-05,7.37643835616439e-05,0.000109084931506849
"100145",6.22410958904109e-05,3.92164383561644e-05,3.20602739726027e-05,1.42794520547945e-05,2.813698630137e-05,3.63123287671232e-05,5.83123287671234e-05
"100146",6.16876712328767e-05,4.14739726027398e-05,3.31342465753425e-05,1.49643835616439e-05,3.12328767123288e-05,3.64219178082191e-05,5.91013698630137e-05
"100147",5.52821917808219e-05,4.42191780821919e-05,4.05808219178082e-05,2.16164383561644e-05,3.72986301369864e-05,4.11835616438356e-05,5.65041095890412e-05
"100148",5.48876712328769e-05,4.33369863013699e-05,4.19287671232875e-05,2.23068493150685e-05,3.53479452054794e-05,4.19999999999999e-05,5.72164383561644e-05
"100149",5.98191780821917e-05,4.55342465753426e-05,3.5249315068493e-05,1.68602739726027e-05,3.78246575342467e-05,3.70849315068494e-05,6.11726027397261e-05
"100150",0.000105402739726027,5.90356164383561e-05,8.53917808219175e-05,4.83178082191778e-05,3.47835616438356e-05,9.24931506849317e-05,0.000108493150684932
"100151",0.000163101369863013,9.96328767123287e-05,0.000126,6.83178082191782e-05,6.35013698630136e-05,0.000133380821917809,0.000162
"100152",0.000177402739726027,0.000100849315068493,0.000112208219178082,5.42794520547946e-05,5.81753424657534e-05,0.000122104109589041,0.000169183561643835
"100153",0.000307205479452055,0.000181369863013699,0.000178712328767123,7.99178082191779e-05,0.000108219178082192,0.000192657534246576,0.000271589041095891
"100154",0.000311095890410958,0.000207041095890411,0.000179205479452055,7.7178082191781e-05,0.000140109589041096,0.000185479452054795,0.00025931506849315
"100155",0.000126915068493151,8.48767123287672e-05,6.68821917808218e-05,2.76821917808219e-05,5.99561643835618e-05,7.10356164383562e-05,0.000105950684931507
"100156",6.12931506849315e-05,4.16602739726027e-05,3.45534246575342e-05,1.56712328767124e-05,3.07835616438355e-05,3.70301369863013e-05,5.41753424657534e-05
"100157",6.19561643835615e-05,4.41698630136985e-05,3.4027397260274e-05,1.50356164383561e-05,3.40273972602739e-05,3.60109589041097e-05,5.4558904109589e-05
"100158",6.00821917808219e-05,4.46575342465754e-05,3.54027397260274e-05,1.67342465753424e-05,3.60383561643835e-05,3.72054794520549e-05,5.54356164383563e-05
"100159",6.09424657534247e-05,4.23780821917808e-05,3.47616438356166e-05,1.59726027397261e-05,3.21205479452054e-05,3.71013698630137e-05,5.82027397260274e-05
"100160",5.69698630136987e-05,4.4027397260274e-05,3.92821917808219e-05,2.00602739726028e-05,3.58904109589042e-05,4.00328767123287e-05,5.71780821917809e-05
"100161",0.000164580821917808,8.12712328767118e-05,0.000127167123287671,6.78246575342469e-05,3.35835616438354e-05,0.000137095890410959,0.000151117808219178
"100162",0.000280465753424657,0.00015027397260274,0.000207972602739726,0.000107479452054795,7.28767123287675e-05,0.000221178082191781,0.000247890410958904
"100163",0.000353687671232877,0.000206728767123288,0.000236219178082192,0.000112931506849315,0.000114739726027398,0.000247528767123288,0.000304043835616438
"100164",0.000377326027397261,0.000236580821917808,0.000213994520547945,8.96547945205481e-05,0.000146235616438356,0.000223002739726028,0.000306279452054795
"100165",0.000430279452054794,0.000289819178082192,0.000257945205479452,0.00011384109589041,0.000196920547945205,0.000264389041095891,0.000343709589041096
"100166",0.000183304109589041,0.000131556164383562,0.000110613698630137,4.94958904109586e-05,9.65589041095889e-05,0.000112224657534247,0.000145742465753424
"100167",0.000121654794520548,9.19561643835615e-05,7.56712328767123e-05,3.39287671232875e-05,6.96547945205478e-05,7.47726027397263e-05,9.5441095890411e-05
"100168",6.16e-05,4.55671232876714e-05,3.72493150684932e-05,1.62575342465754e-05,3.36931506849316e-05,3.69369863013698e-05,4.98465753424657e-05
"100169",6.52109589041096e-05,4.35616438356165e-05,3.11561643835616e-05,1.19342465753423e-05,3.12821917808219e-05,3.37260273972603e-05,5.48383561643834e-05
"100170",6.3978082191781e-05,4.25095890410959e-05,3.28219178082192e-05,1.32931506849315e-05,2.99287671232877e-05,3.50630136986302e-05,5.63123287671232e-05
"100171",0,0,0,0,0,0,0
"100172",0,0,0,0,0,0,0
"100173",0.000283397260273973,0.000139232876712328,0.000200821917808219,0.000103342465753426,5.9068493150685e-05,0.000219890410958904,0.000240794520547945
"100174",0.000335769863013698,0.000158794520547945,0.000252854794520548,0.00013068493150685,5.40493150684926e-05,0.000271528767123288,0.000280931506849315
"100175",0.000445501369863014,0.0002725698630137,0.000348317808219177,0.00017867397260274,0.000154169863013698,0.000353490410958904,0.000356471232876713
"100176",0.000403430136986302,0.000282876712328768,0.000294997260273972,0.000143643835616438,0.000190208219178083,0.000290279452054795,0.000311528767123288
"100177",0.000348230136986302,0.000256734246575343,0.000244767123287671,0.000118882191780821,0.000187791780821919,0.000241939726027397,0.000271331506849316
"100178",0.000421150684931507,0.000286827397260275,0.000266575342465753,0.000122739726027398,0.000197227397260274,0.000272021917808218,0.000327715068493151
"100179",0.000317205479452054,0.0002206301369863,0.000179424657534247,7.2958904109589e-05,0.000151506849315068,0.000179835616438357,0.000231178082191781
"100180",0.000195682191780822,0.000130619178082192,9.97643835616438e-05,3.76931506849312e-05,8.81095890410957e-05,0.000103249315068494,0.000149161643835616
"100181",0.000129106849315069,8.49753424657534e-05,6.27068493150682e-05,2.48986301369862e-05,6.0854794520548e-05,6.86356164383559e-05,0.000106093150684931
"100182",6.3868493150685e-05,4.32219178082192e-05,3.16493150684932e-05,1.30027397260274e-05,3.2158904109589e-05,3.45643835616438e-05,5.32493150684932e-05
"100183",6.00657534246576e-05,4.08273972602739e-05,3.64657534246575e-05,1.71068493150686e-05,2.95232876712329e-05,3.84e-05,5.33205479452054e-05
"100184",0,0,0,0,0,0,0
"100185",0.000284794520547946,0.000115013698630137,0.000187835616438356,9.86301369863014e-05,3.32328767123288e-05,0.000220246575342465,0.000244465753424658
"100186",0.000318838356164384,0.000153863013698631,0.000265906849315069,0.000146334246575343,5.80931506849311e-05,0.000284580821917809,0.000265019178082191
"100187",0.000410739726027396,0.000267572602739725,0.000382684931506849,0.00021308493150685,0.000163375342465754,0.000381676712328767,0.000320964383561643
"100188",0.000498624657534247,0.00033415890410959,0.000394717808219177,0.000203424657534246,0.000214717808219179,0.000393780821917808,0.000375534246575344
"100189",0.000351583561643836,0.000227638356164383,0.000241643835616439,0.000115857534246575,0.000143408219178081,0.000245720547945205,0.000260876712328766
"100190",0.000505479452054794,0.000357386301369863,0.000382882191780821,0.000194893150684931,0.000249879452054794,0.00038174794520548,0.000381057534246575
"100191",0.000418887671232877,0.000287517808219178,0.000274783561643835,0.000126805479452055,0.000194043835616439,0.00027558904109589,0.000307002739726027
"100192",0.000195106849315069,0.000121775342465753,9.85479452054795e-05,3.77917808219177e-05,7.70301369863017e-05,0.000105024657534247,0.000142356164383562
"100193",0.000192789041095891,0.000117550684931507,9.4290410958904e-05,3.81041095890407e-05,7.77369863013697e-05,0.000105583561643836,0.000150706849315068
"100194",0.000124482191780822,8.12931506849314e-05,6.70575342465751e-05,2.94356164383561e-05,5.78520547945204e-05,7.29753424657533e-05,0.000100843835616438
"100195",6.05424657534247e-05,3.81698630136986e-05,3.53041095890411e-05,1.64438356164383e-05,2.60164383561644e-05,3.83780821917809e-05,5.10684931506849e-05
"100196",5.69972602739727e-05,3.67890410958904e-05,3.84054794520548e-05,1.98410958904111e-05,2.60328767123288e-05,4.13095890410959e-05,5.14520547945206e-05
"100197",0,0,0,0,0,0,0
"100198",0,0,0,0,0,0,0
"100199",0.000230547945205479,9.23561643835615e-05,0.000236684931506849,0.000150931506849315,2.99999999999996e-05,0.000265808219178082,0.000201287671232876
"100200",0.000234739726027397,0.000107534246575343,0.000241095890410959,0.000149287671232877,4.26849315068494e-05,0.000262082191780822,0.000195232876712329
"100201",0.000324526027397259,0.000146695890410959,0.000250915068493151,0.00013788493150685,5.32602739726027e-05,0.000278597260273973,0.000255320547945206
"100202",0.000388394520547945,0.000221967123287672,0.00028958904109589,0.00015281095890411,0.000126115068493151,0.00030853698630137,0.000291046575342467
"100203",0.000404158904109588,0.000246093150684932,0.000275320547945206,0.000137391780821918,0.00015281095890411,0.000291430136986301,0.000293501369863013
"100204",0.000344745205479452,0.000228197260273973,0.000237994520547946,0.000119375342465753,0.000156690410958904,0.000247463013698631,0.000247824657534246
"100205",0.000578191780821918,0.000374191780821917,0.000399561643835616,0.000197479452054795,0.000244767123287672,0.000413095890410959,0.000409863013698631
"100206",0.000249687671232877,0.000152854794520548,0.000141128767123288,6.06027397260277e-05,9.42246575342462e-05,0.000150049315068493,0.000175802739726027
"100207",0.000196027397260274,0.000112043835616438,9.15287671232881e-05,3.50958904109591e-05,6.77589041095886e-05,0.000104416438356164,0.00014092602739726
"100208",0.000189895890410959,0.000113194520547946,9.51616438356166e-05,4.03890410958902e-05,7.44986301369865e-05,0.000108131506849315,0.000142865753424658
"100209",6.21698630136985e-05,3.73260273972602e-05,3.21205479452057e-05,1.43616438356164e-05,2.5408219178082e-05,3.67726027397262e-05,4.94575342465754e-05
"100210",5.82301369863015e-05,3.53205479452055e-05,3.57863013698631e-05,1.82027397260273e-05,2.45424657534247e-05,4.02027397260274e-05,4.98082191780822e-05
"100211",5.5386301369863e-05,3.26356164383561e-05,3.91123287671233e-05,2.11945205479452e-05,2.14958904109588e-05,4.31726027397261e-05,4.9868493150685e-05
"100212",5.54356164383561e-05,3.14739726027397e-05,4.0054794520548e-05,2.14575342465753e-05,1.89041095890411e-05,4.37095890410959e-05,5.04986301369863e-05
"100213",0,0,0,0,0,0,0
"100214",0.00020772602739726,8.13972602739729e-05,0.000262876712328768,0.00017468493150685,2.15616438356166e-05,0.000287150684931507,0.00018586301369863
"100215",0.000258871232876712,0.000123945205479452,0.000308153424657535,0.000200580821917809,5.78630136986299e-05,0.000332120547945206,0.000210246575342465
"100216",0.000323457534246575,0.000160673972602741,0.000341523287671232,0.000213682191780821,7.80164383561649e-05,0.000368372602739727,0.000253917808219178
"100217",0.000309501369863015,0.000164679452054795,0.000266301369863013,0.000152745205479451,8.62356164383566e-05,0.000286553424657533,0.000230202739726027
"100218",0.000322290410958904,0.000184602739726028,0.000260909589041096,0.000142158904109589,0.000102871232876713,0.000274684931506848,0.000226717808219179
"100219",0.000436076712328767,0.000277873972602739,0.000344372602739725,0.000183846575342466,0.00017814794520548,0.000355287671232877,0.00030001095890411
"100220",0.000554520547945204,0.000343123287671233,0.00041709589041096,0.000219342465753426,0.000215671232876712,0.000436383561643834,0.00037786301369863
"100221",0.000649331506849316,0.000389610958904109,0.000411731506849315,0.00019974794520548,0.000243567123287672,0.000443978082191781,0.000443978082191781
"100222",0.000306356164383562,0.000178767123287672,0.000176465753424657,7.98356164383564e-05,0.000107561643835617,0.000192876712328767,0.000208630136986301
"100223",0.000123528767123288,7.30410958904111e-05,6.78246575342464e-05,3.03890410958902e-05,4.63671232876716e-05,7.54520547945204e-05,8.77041095890413e-05
"100224",0.000177632876712329,0.000111632876712329,0.000106734246575342,5.23397260273977e-05,7.84931506849318e-05,0.000117830136986301,0.000134465753424658
"100225",5.86465753424657e-05,3.57479452054795e-05,3.55780821917809e-05,1.78465753424659e-05,2.47835616438355e-05,3.98520547945205e-05,4.61972602739725e-05
"100226",5.77917808219178e-05,3.21424657534247e-05,3.67780821917808e-05,1.88328767123289e-05,1.96e-05,4.14191780821918e-05,4.76219178082193e-05
"100227",5.22575342465755e-05,3.12712328767124e-05,4.33753424657534e-05,2.46520547945206e-05,1.99452054794522e-05,4.6290410958904e-05,4.62739726027398e-05
"100228",5.12109589041095e-05,3.24876712328768e-05,4.48767123287672e-05,2.58191780821918e-05,2.18136986301369e-05,4.69972602739725e-05,4.61205479452055e-05
"100229",4.97698630136986e-05,2.83999999999998e-05,4.68438356164384e-05,2.74465753424657e-05,1.60328767123286e-05,4.91890410958905e-05,4.76328767123287e-05
"100230",0.000230695890410958,7.83123287671226e-05,0.000338367123287672,0.000229545205479452,2.26849315068493e-06,0.0003648,0.000201008219178082
"100231",0.000313950684931507,0.000156317808219179,0.000456591780821918,0.000302947945205479,6.56219178082184e-05,0.000474038356164383,0.000251090410958905
"100232",0.000356301369863013,0.000230153424657535,0.000517068493150684,0.000339238356164383,0.000146120547945204,0.000521161643835616,0.000275276712328767
"100233",0.000352482191780821,0.00022106301369863,0.000427090410958904,0.00026695890410959,0.000134619178082192,0.000432745205479453,0.000253238356164383
"100234",0.000340526027397261,0.000204323287671232,0.000343249315068493,0.000202175342465753,0.000117369863013698,0.000351726027397261,0.00023228493150685
"100235",0.00036281095890411,0.000214027397260274,0.000313024657534245,0.000177550684931506,0.000128263013698631,0.000329556164383561,0.000246323287671234
"100236",0.000475101369863014,0.000262306849315068,0.000391808219178082,0.000219205479452055,0.000143901369863014,0.000419079452054794,0.000315517808219179
"100237",0.000645238356164384,0.000375715068493151,0.000505643835616439,0.000278860273972602,0.000228756164383562,0.000542268493150685,0.000437457534246576
"100238",0.000426558904109589,0.000241758904109588,0.000243408219178082,0.000112306849315069,0.000144487671232876,0.000271715068493151,0.000293769863013699
"100239",0.000382487671232877,0.00017681095890411,0.000187035616438356,7.83452054794517e-05,7.56821917808218e-05,0.000224745205479451,0.00026827397260274
"100240",0.000238400000000001,0.000132887671232877,0.000141304109589041,6.85589041095891e-05,8.01315068493149e-05,0.000159539726027397,0.000171550684931507
"100241",0.000170301369863014,0.000105435616438356,0.000117567123287671,6.07397260273968e-05,6.9715068493151e-05,0.000126082191780822,0.000126756164383561
"100242",0.000110224657534247,7.17041095890411e-05,8.40438356164385e-05,4.44931506849316e-05,4.80109589041096e-05,8.71123287671232e-05,8.3309589041096e-05
"100243",5.20054794520548e-05,3.49808219178081e-05,4.56054794520549e-05,2.54794520547945e-05,2.37479452054794e-05,4.63342465753425e-05,4.12219178082191e-05
"100244",5.05205479452055e-05,3.23287671232876e-05,4.63068493150686e-05,2.67342465753425e-05,2.12493150684931e-05,4.7813698630137e-05,4.21643835616437e-05
"100245",9.72164383561645e-05,5.90246575342469e-05,9.66904109589042e-05,5.73917808219179e-05,3.58027397260275e-05,9.99342465753423e-05,8.68164383561643e-05
"100246",9.04657534246576e-05,5.43780821917808e-05,0.000101534246575343,6.35287671232876e-05,3.38082191780821e-05,0.00010558904109589,9.26575342465755e-05
"100247",0.000154421917808218,5.92109589041094e-05,0.000400865753424658,0.000301084931506849,2.19287671232877e-05,0.00042404383561644,0.00015333698630137
"100248",0.000251079452054795,5.02465753424658e-05,0.000403430136986301,0.000283183561643835,4.07726027397259e-05,0.000445545205479452,0.000216597260273973
"100249",0.000328093150684931,0.000172750684931507,0.000551736986301371,0.000369715068493152,6.9484931506849e-05,0.000557852054794521,0.000264476712328767
"100250",0.000374542465753426,0.000270630136986302,0.000707435616438356,0.000479660273972601,0.000178410958904109,0.000691764383561643,0.000309808219178082
"100251",0.000427764383561643,0.000244049315068494,0.00064945205479452,0.000425654794520546,0.00011904109589041,0.000654394520547944,0.000323068493150684
"100252",0.000450794520547946,0.00023523287671233,0.000528657534246574,0.000325479452054795,9.89041095890413e-05,0.000543616438356164,0.000319780821917809
"100253",0.000380405479452055,0.000206860273972604,0.000394345205479452,0.000237939726027397,0.00010507397260274,0.000412449315068493,0.00025735890410959
"100254",0.000430421917808219,0.000265808219178081,0.000436142465753424,0.000263391780821918,0.000169989041095891,0.000453156164383562,0.000278038356164384
"100255",0.000322060273972603,0.000175495890410959,0.000247594520547945,0.000138312328767124,0.000101687671232877,0.000272350684931507,0.000211594520547945
"100256",0.000483682191780823,0.00020506301369863,0.000273227397260273,0.000130016438356164,7.03123287671241e-05,0.000326093150684931,0.000315441095890411
"100257",0.000507156164383562,0.000242531506849315,0.000351369863013698,0.000185030136986302,0.000107506849315068,0.000395556164383562,0.000343873972602739
"100258",0.000439758904109589,0.000246750684931508,0.000328416438356165,0.000176701369863013,0.000141808219178082,0.000355112328767124,0.000304701369863014
"100259",0.000289123287671233,0.000161095890410958,0.00019117808219178,9.63013698630135e-05,9.18904109589039e-05,0.000209342465753425,0.000200657534246576
"100260",5.84602739726028e-05,3.27506849315068e-05,3.8827397260274e-05,1.89972602739727e-05,1.77753424657535e-05,4.16657534246575e-05,4.04383561643836e-05
"100261",0.000160208219178082,9.79232876712325e-05,0.000135304109589042,7.31835616438357e-05,5.6646575342466e-05,0.000138147945205479,0.00011572602739726
"100262",0.000101512328767123,6.32547945205479e-05,9.48712328767125e-05,5.38520547945208e-05,3.77972602739725e-05,9.64712328767126e-05,7.73917808219175e-05
"100263",9.78630136986302e-05,6.30246575342465e-05,9.51671232876713e-05,5.64383561643836e-05,4.21150684931509e-05,9.82684931506849e-05,8.0427397260274e-05
"100264",8.85479452054794e-05,5.71945205479452e-05,0.000104778082191781,6.58191780821917e-05,3.76547945205477e-05,0.000106915068493151,8.40328767123288e-05
"100265",8.86794520547944e-05,5.86082191780821e-05,9.93643835616438e-05,6.40547945205477e-05,4.43287671232878e-05,0.000104756164383562,8.56000000000001e-05
"100266",0.000138564383561644,2.57534246575347e-05,0.000230071232876712,0.000165041095890411,2.06246575342461e-05,0.000257293150684932,0.00012401095890411
"100267",0.000185753424657534,4.83013698630149e-05,0.000274849315068492,0.000193671232876712,7.80821917808171e-06,0.000308246575342465,0.000151287671232877
"100268",0.000323890410958904,0.000156219178082192,0.000633917808219177,0.00044531506849315,6.13150684931514e-05,0.000652876712328767,0.000270630136986302
"100269",0.000228328767123288,0.00016545205479452,0.000638087671232876,0.000464547945205481,0.000116926027397261,0.000633057534246577,0.000229413698630136
"100270",0.000331178082191781,0.000146958904109588,0.000631780821917808,0.000439726027397259,3.97808219178078e-05,0.000650904109589042,0.000283178082191781
"100271",0.000371342465753424,0.000157610958904108,0.000488761643835618,0.000320893150684932,4.47287671232876e-05,0.000520816438356164,0.00028504109589041
"100272",0.000399561643835616,0.000244712328767122,0.000568328767123288,0.000372657534246576,0.000146739726027398,0.000577808219178083,0.000277972602739726
"100273",0.000302027397260274,0.00025332602739726,0.000478465753424658,0.000316975342465753,0.000204361643835616,0.000465534246575341,0.00018985205479452
"100274",0.000389391780821918,0.000226323287671234,0.000377687671232876,0.000226498630136985,0.000136241095890411,0.000398597260273973,0.000238465753424657
"100275",0.000653720547945207,0.000286224657534247,0.000490586301369864,0.000269194520547944,9.96164383561642e-05,0.000552920547945205,0.000399123287671235
"100276",0.000552876712328766,0.000243068493150684,0.000399452054794521,0.000215835616438356,8.70684931506844e-05,0.000453041095890411,0.000349917808219177
"100277",0.000331495890410959,0.000180131506849316,0.000242268493150685,0.000130191780821918,0.000100471232876713,0.000265315068493151,0.000218334246575343
"100278",0.000293342465753425,0.000166219178082192,0.000186520547945206,9.19178082191777e-05,9.78356164383562e-05,0.000204794520547945,0.000195068493150685
"100279",0.000293890410958905,0.000149726027397261,0.000184082191780822,9.09315068493149e-05,7.5123287671233e-05,0.000207315068493151,0.000193041095890411
"100280",0.00026972602739726,0.000162054794520547,0.000214356164383562,0.00011668493150685,9.89315068493143e-05,0.000225589041095891,0.000182684931506849
"100281",0.000158334246575342,9.98136986301371e-05,0.000136076712328767,7.46794520547949e-05,6.12657534246577e-05,0.00013882191780822,0.000108986301369863
"100282",0.000106356164383562,6.19616438356165e-05,8.72328767123286e-05,4.81972602739723e-05,3.61315068493151e-05,9.20328767123285e-05,7.75671232876713e-05
"100283",0.000143424657534247,8.76000000000002e-05,0.000146169863013699,8.80767123287675e-05,5.4558904109589e-05,0.000151561643835616,0.000115758904109589
"100284",0.000126082191780822,8.31123287671235e-05,0.000168230136986301,0.000106767123287671,5.18630136986304e-05,0.000167671232876712,0.000109019178082192
"100285",0.000118783561643836,6.96986301369864e-05,0.000170367123287671,0.000112520547945206,4.02082191780823e-05,0.000174591780821918,0.000115775342465753
"100286",7.19123287671233e-05,3.91561643835617e-05,0.000116975342465753,8.10958904109589e-05,2.28821917808218e-05,0.00012238904109589,8.57643835616439e-05
"100287",0.000122849315068493,1.9572602739726e-05,0.000254597260273973,0.000183408219178082,3.0158904109589e-05,0.00027386301369863,0.000113446575342465
"100288",0.000140887671232877,3.15397260273976e-05,0.000231495890410959,0.000163857534246575,1.65479452054794e-05,0.00025547397260274,0.000114827397260274
"100289",0.000274142465753425,6.60821917808189e-06,0.00055612602739726,0.00040946301369863,0.000124224657534247,0.000622701369863013,0.000249435616438356
"100290",0.000239780821917808,4.60821917808215e-05,0.000697315068493151,0.000524054794520548,0.000177479452054794,0.000755890410958904,0.000269479452054794
"100291",0.000184504109589041,1.67452054794515e-05,0.000575517808219178,0.000429238356164384,6.93041095890419e-05,0.000602169863013699,0.000205895890410958
"100292",0.000221928767123288,5.45041095890405e-05,0.000429282191780823,0.000311030136986302,1.81041095890415e-05,0.000466334246575342,0.000208350684931507
"100293",0.000314432876712329,0.000104986301369863,0.00043331506849315,0.000295890410958903,1.04767123287677e-05,0.000477282191780821,0.000253983561643836
"100294",0.000370849315068493,0.000201353424657534,0.000482005479452053,0.000318772602739726,0.00011534794520548,0.000509276712328767,0.000261665753424659
"100295",0.000525167123287672,0.000234586301369862,0.000508591780821918,0.000315775342465753,9.84876712328761e-05,0.00056585205479452,0.000328071232876712
"100296",0.000536739726027398,0.000269424657534247,0.000515041095890409,0.00030956712328767,0.000128142465753425,0.000555183561643835,0.000311134246575343
"100297",0.000789123287671233,0.000340109589041095,0.000635835616438355,0.000362712328767122,0.00011654794520548,0.000715150684931505,0.000475397260273975
"100298",0.000683769863013698,0.000300230136986301,0.000451068493150684,0.000236383561643837,0.000114608219178082,0.000523265753424658,0.000411024657534247
"100299",0.000503013698630136,0.000246624657534247,0.000348361643835617,0.000186904109589041,0.000121709589041097,0.000395506849315068,0.000296876712328767
"100300",0.000653260273972604,0.0003744,0.000459879452054794,0.000259265753424656,0.000256569863013699,0.000523791780821917,0.000395112328767124
"100301",0.000621764383561643,0.000381041095890411,0.000536745205479451,0.000304438356164383,0.000240657534246576,0.000561994520547945,0.000387945205479452
"100302",0.000405435616438357,0.000262049315068493,0.000386717808219179,0.000217994520547945,0.000158860273972602,0.000386586301369863,0.000262268493150685
"100303",0.000160208219178082,9.26301369863014e-05,0.000133380821917808,7.26246575342465e-05,5.05808219178083e-05,0.000138657534246575,0.000104202739726028
"100304",0.000199210958904109,0.00012050410958904,0.000187353424657534,0.000109632876712329,7.40602739726015e-05,0.000195178082191781,0.000138257534246575
"100305",0.000191145205479452,0.000107441095890411,0.00019627397260274,0.000118005479452055,5.79068493150679e-05,0.000204624657534247,0.000140778082191781
"100306",0.00013747397260274,6.92876712328765e-05,0.000149687671232876,9.33863013698631e-05,3.26794520547945e-05,0.000159402739726027,0.000110794520547945
"100307",7.31178082191779e-05,4.28821917808219e-05,0.00012053698630137,8.13369863013698e-05,2.35726027397261e-05,0.000122213698630137,7.42356164383563e-05
"100308",3.39287671232877e-05,1.85643835616438e-05,6.38794520547946e-05,4.36054794520548e-05,7.91780821917808e-06,6.41150684931508e-05,3.89698630136985e-05
"100309",0.000139265753424657,2.26520547945202e-05,0.000430980821917808,0.000321402739726027,0.000104087671232877,0.000458663013698631,0.000147057534246576
"100310",0.00016172602739726,7.12328767123269e-06,0.000303561643835617,0.000219287671232877,6.10958904109591e-05,0.000337561643835617,0.000140520547945205
"100311",0.000223835616438356,0.000133041095890411,0.000705972602739725,0.000538356164383561,0.000291013698630138,0.000784876712328767,0.000256602739726027
"100312",5.46849315068466e-05,0.000581808219178082,0.00203112328767123,0.00161347945205479,0.000914520547945205,0.00207013698630137,0.000277808219178083
"100313",6.13863013698597e-05,0.00043594520547945,0.00175905753424657,0.00139120547945205,0.000700306849315067,0.00176436712328767,0.000268832876712331
"100314",0.000159715068493152,0.000227298630136987,0.00115321643835616,0.000909884931506849,0.000406115068493151,0.00123169315068493,0.000358476712328767
"100315",0.000257884931506849,2.07342465753432e-05,0.000477545205479452,0.000349238356164384,0.000136416438356166,0.000544789041095891,0.000274630136986301
"100316",0.000325567123287671,6.88219178082185e-05,0.000415386301369863,0.000283090410958906,4.15561643835639e-05,0.0004741698630137,0.000272526027397259
"100317",0.000521950684931508,0.000146761643835617,0.000591649315068494,0.000391561643835615,1.61753424657539e-05,0.000676208219178083,0.000375583561643836
"100318",0.000567512328767124,0.00025907397260274,0.000667095890410958,0.000430032876712328,0.00010307397260274,0.00071852602739726,0.00034106301369863
"100319",0.000482372602739726,0.000260564383561642,0.000575495890410959,0.000365380821917808,0.000135013698630136,0.000601654794520548,0.000271775342465754
"100320",0.000875441095890411,0.000440580821917808,0.000829972602739728,0.000504493150684928,0.000224383561643837,0.000905523287671229,0.000495221917808222
"100321",0.000504931506849314,0.000256876712328767,0.000430849315068493,0.000258191780821917,0.000144164383561645,0.000482027397260273,0.000286630136986302
"100322",0.00072746301369863,0.000323572602739726,0.000581632876712328,0.00034106301369863,0.000140306849315068,0.000666323287671232,0.000428975342465752
"100323",0.000784520547945205,0.000388849315068492,0.000647589041095889,0.000369123287671233,0.000183698630136987,0.000710465753424658,0.00048295890410959
"100324",0.000428646575342466,0.000276608219178083,0.000454635616438355,0.000270197260273972,0.000171813698630138,0.000457742465753424,0.000261320547945207
"100325",0.000461934246575342,0.000287753424657535,0.00040758904109589,0.000232865753424658,0.000184832876712329,0.000424701369863015,0.000282230136986302
"100326",0.000336498630136986,0.00021387397260274,0.00033922191780822,0.000203594520547946,0.000140306849315069,0.00035011506849315,0.000218975342465753
"100327",0.000247342465753425,0.000131726027397261,0.000236520547945204,0.000139068493150684,6.50958904109596e-05,0.000249616438356164,0.000165232876712329
"100328",0.000145019178082192,7.25589041095892e-05,0.000144723287671233,8.66794520547943e-05,3.1660273972603e-05,0.000153632876712329,0.000102986301369863
"100329",8.04821917808221e-05,4.20821917808223e-05,0.000112635616438356,7.38739726027398e-05,1.94630136986303e-05,0.000116449315068493,7.03561643835618e-05
"100330",3.37369863013699e-05,1.90465753424657e-05,6.37863013698632e-05,4.37041095890413e-05,8.96986301369843e-06,6.40657534246576e-05,3.38849315068493e-05
"100331",7.07835616438356e-05,3.62958904109589e-05,0.000123857534246575,8.40219178082191e-05,1.41369863013697e-05,0.000125808219178082,7.71726027397259e-05
"100332",0.000163824657534247,1.58465753424654e-05,0.000380909589041096,0.000289150684931507,8.29479452054797e-05,0.000429534246575342,0.000156427397260274
"100333",0.000164712328767123,1.81095890410968e-05,0.000294520547945206,0.00021468493150685,9.4054794520548e-05,0.000338712328767124,0.000144657534246575
"100334",0.000115643835616439,0.000495945205479451,0.00138,0.0010593698630137,0.000857506849315067,0.00144739726027397,0.000315945205479453
"100335",8.21260273972599e-05,0.000203441095890412,0.00105034520547945,0.000836449315068493,0.000341589041095892,0.00110275068493151,0.000138805479452055
"100336",4.07671232876723e-05,0.000269095890410959,0.00141731506849315,0.00117591780821918,0.000347424657534245,0.00148093150684932,0.000112602739726027
"100337",0.000507380821917806,0.00142409863013699,0.00327898630136986,0.00273982465753425,0.0018938191780822,0.00343169315068493,0.000379145205479447
"100338",0.000296991780821917,0.00120846575342466,0.00310784657534247,0.00254151232876713,0.00171044383561644,0.00323322191780822,0.000598432876712327
"100339",0.000212186301369864,0.000155375342465753,0.000921468493150683,0.00070744109589041,0.000332449315068492,0.000990969863013698,0.000344350684931508
"100340",0.000408591780821917,1.31506849314691e-07,0.000717961643835616,0.000509194520547944,0.000189698630136986,0.000801073972602741,0.000370849315068493
"100341",0.000516224657534247,0.00015778082191781,0.000726931506849314,0.000484383561643835,2.89917808219166e-05,0.000783561643835615,0.00035630684931507
"100342",0.000396000000000001,0.000174410958904109,0.000559452054794522,0.000372931506849316,5.64931506849328e-05,0.000591726027397261,0.000236547945205478
"100343",0.000713819178082192,0.000346564383561645,0.000783342465753425,0.000506915068493151,0.000179989041095889,0.00085891506849315,0.000386279452054796
"100344",0.000827178082191782,0.000398312328767123,0.000779857534246572,0.000475161643835615,0.00018909589041096,0.00085763835616438,0.000454668493150685
"100345",0.000550361643835618,0.000231753424657534,0.000485084931506849,0.00029130410958904,8.11287671232883e-05,0.000547287671232875,0.000312460273972604
"100346",0.000560186301369862,0.000245857534246574,0.000488942465753425,0.000285698630136987,8.51068493150677e-05,0.000541079452054796,0.000325780821917808
"100347",0.000486356164383561,0.00024558904109589,0.00048372602739726,0.000287287671232877,0.00010586301369863,0.00051041095890411,0.000283835616438357
"100348",0.000676449315068495,0.000353260273972603,0.000676449315068493,0.000404887671232876,0.000168690410958907,0.000714268493150684,0.000405501369863014
"100349",0.000601906849315067,0.000315353424657532,0.000549172602739728,0.000322389041095892,0.000160306849315067,0.000589413698630139,0.000368350684931506
"100350",0.00039495890410959,0.000219923287671234,0.000381808219178081,0.000223999999999999,0.000115682191780823,0.000398860273972602,0.000248021917808219
"100351",0.000286980821917809,0.000146005479452055,0.000289249315068493,0.000175364383561644,6.89424657534252e-05,0.000308383561643835,0.000189830136986302
"100352",0.000122235616438356,6.84986301369866e-05,0.000165813698630137,0.000108772602739726,3.77917808219177e-05,0.000171780821917808,9.42246575342466e-05
"100353",6.7441095890411e-05,4.37698630136986e-05,0.000127791780821918,8.74520547945205e-05,2.61150684931506e-05,0.000126980821917808,5.98356164383559e-05
"100354",9.80876712328767e-05,5.08767123287672e-05,0.000198460273972603,0.000135484931506849,1.56821917808221e-05,0.00019732602739726,9.87287671232874e-05
"100355",0.000153052054794521,4.88109589041096e-05,0.000235747945205479,0.000156712328767123,1.14410958904111e-05,0.000247649315068493,0.000158860273972603
"100356",0.000218202739726028,7.79506849315076e-05,0.000359605479452054,0.000244602739726027,1.97260273972905e-07,0.000377523287671233,0.000248383561643836
"100357",0.000283698630136987,0.00109150684931507,0.00271260273972603,0.00222068493150685,0.00153958904109589,0.00282164383561644,0.000117534246575339
"100358",0.000286569863013699,0.000934865753424659,0.00274009315068493,0.00232421917808219,0.00116462465753425,0.00292250958904109,7.70794520547936e-05
"100359",0.00124438356164384,0.0021586301369863,0.00582465753424657,0.00502684931506849,0.00248410958904109,0.00607561643835616,0.000103287671232875
"100360",0.00286132602739726,0.00450545753424657,0.0115456767123288,0.00961597808219178,0.00581171506849314,0.0114542575342466,0.000100843835616427
"100361",0.000287210958904112,0.000917041095890411,0.0029617095890411,0.00223666849315068,0.00169328219178082,0.00304482191780822,0.000584591780821916
"100362",0.000343501369863015,3.35726027397253e-05,0.000743238356164383,0.000513895890410959,0.000158460273972602,0.000769276712328766,0.000245556164383562
"100363",0.000419506849315068,0.000151298630136987,0.000736241095890412,0.000506038356164383,5.91780821916979e-07,0.000769315068493152,0.000243156164383562
"100364",0.000601561643835615,0.000188909589041095,0.00062948493150685,0.000395698630136988,1.23232876712339e-05,0.000705989041095891,0.000312284931506849
"100365",0.00083267397260274,0.000429052054794522,0.000798301369863013,0.000476838356164383,0.00021024109589041,0.000854564383561643,0.000405112328767124
"100366",0.000535172602739725,0.000244471232876712,0.000523660273972604,0.000313484931506848,8.6071232876711e-05,0.000564164383561643,0.000269906849315068
"100367",0.000520947945205481,0.000236575342465753,0.000542947945205478,0.000329216438356164,7.66684931506854e-05,0.000578690410958904,0.000275632876712329
"100368",0.000492767123287672,0.000204219178082192,0.000472876712328768,0.000279890410958904,4.63013698630138e-05,0.000512931506849315,0.000260054794520547
"100369",0.000874520547945203,0.000406027397260273,0.000977380821917808,0.000598109589041097,0.000127846575342466,0.00102464657534247,0.000471512328767125
"100370",0.000884712328767124,0.00040349589041096,0.000866761643835614,0.00050981917808219,0.000125161643835619,0.000921599999999998,0.000501435616438357
"100371",0.000749260273972601,0.000364109589041097,0.000702328767123287,0.000410301369863014,0.000146630136986303,0.000749917808219178,0.000436273972602742
"100372",0.000577052054794521,0.000268142465753424,0.000573172602739726,0.000347178082191781,0.000103495890410961,0.000618805479452054,0.000356317808219179
"100373",0.000307769863013699,0.000158372602739726,0.000362043835616439,0.000230750684931507,7.76328767123288e-05,0.000382756164383562,0.000208427397260273
"100374",0.00024318904109589,0.000131145205479452,0.000335967123287671,0.000219813698630137,6.48986301369867e-05,0.000346849315068494,0.000181808219178082
"100375",0.000163484931506849,7.30082191780822e-05,0.00022452602739726,0.000145906849315068,1.98356164383563e-05,0.000233950684931506,0.000132317808219178
"100376",0.000180558904109588,5.16821917808212e-05,0.00020508493150685,0.000128438356164384,1.72054794520555e-05,0.000224460273972603,0.000156208219178081
"100377",0.000207506849315069,7.04109589041105e-05,0.000274712328767123,0.000178575342465753,4.71232876712337e-06,0.00029358904109589,0.000195671232876713
"100378",0.000179550684931508,0.00119232876712329,0.00311583561643836,0.00260541369863014,0.00160315616438357,0.00336622465753425,0.000102575342465751
"100379",0.000511506849315065,0.00167260273972603,0.00504602739726027,0.00428191780821918,0.00207150684931506,0.00538136986301371,0.000540547945205486
"100380",0.000193890410958908,0.000350575342465756,0.00289013698630138,0.00241528767123288,0.000425753424657532,0.00312660273972603,0.000247972602739725
"100381",0.000758542465753423,0.000292131506849314,0.00277077260273972,0.00213403835616439,0.000746673972602738,0.00300668493150685,2.35287671232903e-05
"100382",0.000510865753424659,5.83013698630119e-05,0.00138382465753424,0.000975819178082194,0.000421331506849316,0.00142432328767124,0.000272142465753425
"100383",0.000505380821917808,5.41479452054773e-05,0.00125704109589041,0.000892306849315069,0.00022004383561644,0.00129807123287671,0.000241150684931506
"100384",0.000489731506849316,0.000125523287671235,0.000674893150684931,0.0004394301369863,7.75232876712318e-05,0.000722958904109589,0.000223561643835617
"100385",0.000498345205479452,0.000200290410958903,0.000564405479452055,0.000351578082191781,3.50794520547933e-05,0.000603884931506848,0.000203545205479452
"100386",0.00039333698630137,0.000192180821917808,0.00048678904109589,0.000304964383561644,6.74630136986293e-05,0.000502717808219179,0.000150460273972601
"100387",0.000473512328767123,0.000225364383561645,0.00060147397260274,0.000379786301369861,7.24493150684943e-05,0.000621906849315068,0.000196794520547947
"100388",0.000457808219178082,0.000181150684931507,0.00051282191780822,0.00031627397260274,2.42739726027414e-05,0.000546958904109589,0.000205041095890411
"100389",0.000522542465753425,0.000248745205479451,0.00064826301369863,0.000407736986301369,8.21260273972616e-05,0.000672526027397259,0.000233950684931507
"100390",0.000677610958904109,0.000371638356164383,0.00088854794520548,0.000563813698630136,0.000172449315068494,0.000904591780821917,0.000310794520547945
"100391",0.000881315068493153,0.000487452054794522,0.00106060273972602,0.000665643835616438,0.000247013698630137,0.00109369863013698,0.000426849315068496
"100392",0.000754893150684929,0.000389928767123286,0.000897227397260274,0.000560767123287672,0.000170465753424658,0.000930947945205478,0.000400920547945206
"100393",0.000588810958904109,0.000279802739726028,0.000672936986301369,0.000417068493150685,9.94410958904124e-05,0.000706345205479452,0.000344909589041096
"100394",0.000551605479452055,0.000227638356164383,0.000620580821917807,0.000379528767123289,3.66246575342465e-05,0.000654838356164384,0.000349413698630136
"100395",0.00035011506849315,0.000163419178082191,0.000430816438356164,0.000270202739726028,5.00602739726026e-05,0.000447605479452056,0.000242016438356164
"100396",0.000324608219178082,0.000117484931506849,0.000349731506849315,0.000215791780821917,5.98356164383668e-06,0.000379956164383561,0.000237654794520548
"100397",0.000243090410958904,0.000118454794520548,0.000338860273972603,0.000220865753424658,4.39232876712327e-05,0.000350597260273973,0.000191802739726027
"100398",0.000268147945205479,0.000130641095890411,0.000410986301369863,0.000273134246575342,4.71780821917804e-05,0.000422838356164384,0.000233934246575342
"100399",0.000382904109589041,0.000174410958904109,0.000577424657534248,0.000387397260273974,5.83013698630137e-05,0.000603616438356163,0.000347013698630137
"100400",0.000563342465753423,4.34794520547954e-05,0.00154597808219178,0.0011782301369863,0.000154257534246579,0.00168145753424657,0.000186016438356165
"100401",0.00051945205479452,0.000595726027397256,0.00503112328767122,0.00403627397260275,0.00104219178082191,0.00530005479452054,0.000932712328767113
"100402",0.000480263013698634,0.000426016438356165,0.00389201095890412,0.00295438904109589,0.00106202739726027,0.00390671780821918,0.000294378082191786
"100403",0.000584158904109587,4.84109589041076e-05,0.00128377534246575,0.000893989041095892,0.00027547397260274,0.00133499726027397,0.000209989041095888
"100404",0.00057389589041096,0.000112569863013699,0.000972975342465753,0.00066288219178082,0.000141589041095888,0.00103574794520548,0.000224876712328768
"100405",0.000553786301369864,0.000172449315068492,0.000807704109589042,0.00053069589041096,4.6717808219179e-05,0.000852427397260274,0.000188942465753425
"100406",0.000472186301369863,0.000201857534246576,0.000594904109589039,0.00037882191780822,4.56876712328774e-05,0.00062546301369863,0.000146887671232877
"100407",0.000570345205479451,0.000224350684931507,0.000587704109589041,0.000356646575342467,3.56383561643837e-05,0.000636230136986302,0.000200876712328766
"100408",0.000491895890410959,0.000215117808219178,0.00058562191780822,0.000362427397260274,4.67123287671237e-05,0.000610635616438357,0.000175216438356164
"100409",0.000405753424657535,0.00019841095890411,0.000567999999999999,0.000368712328767123,7.09041095890411e-05,0.000584931506849316,0.00014295890410959
"100410",0.000572580821917809,0.000297030136986301,0.000793282191780821,0.000512361643835618,0.000123199999999999,0.000812076712328767,0.000222082191780821
"100411",0.000724241095890411,0.000482597260273974,0.00106165479452055,0.000678871232876709,0.000284843835616441,0.00104133698630137,0.000282279452054793
"100412",0.000836520547945203,0.000443402739726026,0.00102204383561644,0.00063756712328767,0.000194164383561644,0.00104848767123288,0.000369068493150687
"100413",0.000888986301369861,0.000449753424657532,0.00107627397260274,0.000665534246575342,0.000167780821917807,0.00110367123287671,0.000408219178082193
"100414",0.000837369863013696,0.00040507397260274,0.000933731506849313,0.000562783561643836,0.000131967123287672,0.000964799999999998,0.000419473972602741
"100415",0.000641238356164383,0.000291276712328767,0.000737512328767124,0.00044830684931507,7.1419178082191e-05,0.000763901369863016,0.000358630136986301
"100416",0.000424219178082191,0.000198849315068493,0.000564876712328768,0.000355123287671233,4.94246575342468e-05,0.000575506849315068,0.00026295890410959
"100417",0.000224778082191781,0.000122038356164384,0.000373775342465753,0.000244109589041096,4.29369863013699e-05,0.000369665753424658,0.000155046575342465
"100418",0.000208964383561644,0.000122794520547945,0.000385775342465753,0.000258608219178082,5.47397260273969e-05,0.000380613698630137,0.000158104109589041
"100419",0.000410526027397261,0.000202882191780822,0.000652947945205479,0.000438794520547944,7.88986301369851e-05,0.000672235616438357,0.000332290410958903
"100420",0.000403528767123282,0.00155934246575341,0.0102899835616438,0.00828072328767124,0.00237366575342467,0.0102849534246575,0.0028710904109589
"100421",0.000172400000000003,0.0012268,0.0072836,0.0055872,0.0024124,0.00715,0.0011916
"100422",0.00074851506849315,0.000103002739726025,0.00179065205479452,0.0012699397260274,0.000585819178082193,0.00189778630136986,0.000179649315068493
"100423",0.000653041095890414,5.57808219178065e-05,0.00130827397260274,0.000901698630136987,0.000296109589041096,0.00137271232876713,0.000187945205479451
"100424",0.000607123287671232,0.000210761643835617,0.000944920547945205,0.00063070684931507,1.77972602739725e-05,0.000990071232876713,0.000154739726027399
"100425",0.00057066301369863,0.000267265753424659,0.000799649315068493,0.000515890410958904,7.65589041095902e-05,0.000821512328767123,0.000144526027397259
"100426",0.000687868493150686,0.000320789041095889,0.000873819178082189,0.000552679452054795,9.72273972602716e-05,0.000906169863013701,0.000191386301369861
"100427",0.000590663013698629,0.000237775342465753,0.000668520547945205,0.000414789041095891,3.93917808219173e-05,0.000713183561643835,0.000192043835616438
"100428",0.000559693150684932,0.000188712328767125,0.000602432876712328,0.000368679452054795,1.52547945205476e-05,0.00065358904109589,0.00019758904109589
"100429",0.00067813698630137,0.000399895890410958,0.000996060273972605,0.00064357808219178,0.000201019178082192,0.000996153424657534,0.000206608219178082
"100430",0.000898800000000002,0.000448882191780822,0.00114343561643836,0.000726887671232877,0.000176860273972602,0.0011839397260274,0.000300673972602739
"100431",0.00105139726027397,0.000520372602739724,0.00131112328767123,0.000815473972602742,0.000176350684931506,0.00134202739726028,0.000367298630136986
"100432",0.00121048767123288,0.000645780821917807,0.00147013150684932,0.000896399999999999,0.000253726027397264,0.00148255890410959,0.000476235616438357
"100433",0.000896038356164381,0.00049260821917808,0.0011762301369863,0.000738509589041095,0.000215638356164383,0.00118658630136987,0.000401128767123289
"100434",0.000613315068493152,0.000318246575342466,0.000864246575342465,0.000553479452054795,0.000119506849315066,0.000874931506849315,0.000314383561643835
"100435",0.000488153424657535,0.000246180821917808,0.000691528767123289,0.00044455890410959,8.64000000000004e-05,0.000702904109589042,0.000285961643835616
"100436",0.000417808219178082,0.000199342465753425,0.000560328767123287,0.000358082191780821,6.28493150684924e-05,0.000576767123287672,0.000264821917808218
"100437",0.000517079452054814,0.00254562191780822,0.010915397260274,0.00865667945205478,0.00420118904109588,0.0113503178082192,0.00285273972602737
"100438",0.000444219178082184,0.00104960547945206,0.00610232328767123,0.00475241095890411,0.00197218630136987,0.00622384109589041,0.00112376438356164
"100439",0.000613052054794522,9.62958904109565e-05,0.00231141917808219,0.0016646794520548,0.000605265753424657,0.00231682191780822,0.000143808219178081
"100440",0.00065764383561644,0.000155616438356165,0.00129698630136986,0.000894246575342466,0.000146082191780823,0.00134509589041096,9.68767123287646e-05
"100441",0.000747972602739726,0.000261380821917807,0.00148019178082192,0.0010297698630137,2.6213698630137e-05,0.00152896438356164,0.000130690410958902
"100442",0.000745863013698628,0.000332493150684933,0.00119101369863014,0.000799780821917812,8.75616438356167e-05,0.00123178082191781,0.00016032876712329
"100443",0.000900164383561643,0.000306630136986299,0.00101347945205479,0.000639890410958903,1.31506849315038e-06,0.00110893150684932,0.000266849315068495
"100444",0.000726854794520549,0.000321928767123288,0.0009248,0.000588991780821918,8.42082191780807e-05,0.000967556164383564,0.000194219178082194
"100445",0.00063854794520548,0.000292109589041096,0.000837205479452059,0.000528082191780821,7.10958904109587e-05,0.000860219178082192,0.00015394520547945
"100446",0.000889709589041096,0.000467638356164386,0.00117887671232876,0.000743802739726025,0.000185145205479454,0.00119567671232877,0.000210690410958905
"100447",0.00116764931506849,0.000513873972602743,0.00139502465753425,0.000856361643835617,0.00010186301369863,0.00144346301369863,0.000347189041095888
"100448",0.00124024657534247,0.000639747945205479,0.00164529315068493,0.00102461369863014,0.000215791780821917,0.00165307945205479,0.000404569863013699
"100449",0.0010296,0.000605336986301368,0.00156142465753425,0.0010012493150685,0.000274673972602738,0.0015409095890411,0.0003744
"100450",0.000647249315068491,0.000446213698630134,0.0012446301369863,0.000835375342465753,0.000256526027397258,0.00120694246575342,0.000267353424657533
"100451",0.000571199999999997,0.000363473972602738,0.00110458082191781,0.000750421917808219,0.000195895890410958,0.00108827945205479,0.000289046575342462
"100452",0.000482175342465755,0.000276169863013698,0.000785769863013697,0.000524701369863011,0.000138120547945207,0.00079260821917808,0.000269687671232878
"100453",0.00054721095890411,0.000285287671232877,0.000708909589041094,0.000456531506849316,0.000131780821917808,0.000735835616438356,0.00030402191780822
"100454",0.000273336986301368,2.40000000000015e-05,0.000900953424657536,0.000658191780821918,0.000204624657534248,0.000927978082191784,5.97698630136981e-05
"100455",0.000477457534246575,4.9621917808218e-05,0.00111456438356164,0.000773786301369862,0.000374268493150687,0.00116146849315068,6.78575342465786e-05
"100456",0.000421616438356165,1.86849315068505e-05,0.00065210410958904,0.000432586301369864,0.000204871232876712,0.00070707397260274,2.71835616438339e-05
"100457",0.000243293150684931,4.33424657534341e-06,0.000434767123287672,0.000298602739726028,0.000137928767123287,0.000471320547945206,4.08109589041103e-05
"100458",0.000272471232876711,0.000114558904109587,0.00200522191780822,0.00151976438356164,0.000399884931506847,0.00199917260273973,0.000529819178082189
"100459",0.000951983561643832,0.000657868493150679,0.00585273424657534,0.00451443287671233,0.00153009863013698,0.00607604383561644,0.00180709589041096
"100460",0.000922471232876712,5.03013698630109e-05,0.00416243835616438,0.00306223561643836,0.000619265753424657,0.00412918356164384,0.00124384109589042
"100461",0.000972000000000001,0.000311917808219174,0.00368827397260274,0.00260186301369863,0.0012945205479452,0.0036547397260274,0.000614958904109585
"100462",0.000675068493150681,0.000139923287671234,0.00256736438356165,0.00184337534246575,0.000729950684931507,0.00256999452054795,0.00011520000000001
"100463",0.000710663013698629,0.00031916712328767,0.00161214246575343,0.00114279452054794,7.49589041095892e-05,0.00163923287671233,4.61589041095868e-05
"100464",0.000917123287671233,0.000391232876712326,0.00148479452054794,0.00100904109589041,9.76712328767115e-05,0.00155054794520548,0.000132876712328769
"100465",0.000946191780821917,0.000477764383561643,0.0013902904109589,0.000912131506849316,0.000185950684931508,0.00142500821917808,0.000157150684931506
"100466",0.000997808219178088,0.000568630136986305,0.00148191780821918,0.000951506849315067,0.0002513698630137,0.0014745205479452,0.00013931506849315
"100467",0.00106323287671233,0.000517610958904107,0.00130691506849315,0.000806136986301369,0.000160175342465752,0.00133584657534247,0.000210279452054794
"100468",0.00140054794520548,0.000571726027397263,0.00151890410958904,0.000923999999999998,9.51780821917825e-05,0.00161605479452055,0.000368876712328766
"100469",0.00138645479452055,0.000705150684931509,0.00198634520547945,0.00126554520547945,0.000227846575342465,0.00199733698630137,0.000335342465753424
"100470",0.00126141369863014,0.000712767123287675,0.00191105753424657,0.00123335890410959,0.000308427397260273,0.00190246575342466,0.00037488219178082
"100471",0.00112228493150685,0.000642591780821915,0.00193643835616438,0.0012894301369863,0.000287578082191781,0.00192675616438356,0.000428904109589037
"100472",0.00081330410958904,0.000564756164383562,0.00350084383561644,0.00251286575342465,0.00153432328767123,0.00353237260273973,0.000480756164383561
"100473",0.000898323287671234,0.000144838356164384,0.00234616438356164,0.00167007123287671,0.00075927123287671,0.0024595397260274,0.000351879452054796
"100474",0.000543430136986302,5.06301369863037e-05,0.00161232876712329,0.00116569863013698,0.000406969863013699,0.00167055342465754,0.000310049315068495
"100475",0.000403890410958906,7.60767123287667e-05,0.00221605479452055,0.00163636164383562,0.000458169863013697,0.00218827397260273,0.000603484931506849
"100476",0.000622208219178084,3.1463013698628e-05,0.00266893150684932,0.00195721643835617,0.00050666301369863,0.00266621917808219,0.000932317808219181
"100477",0.000650169863013698,0.000260646575342461,0.00174430684931507,0.0012252493150685,4.60273972602739e-05,0.00172300273972602,0.000649775342465755
"100478",0.00101411506849315,0.000312460273972602,0.00255432328767123,0.00179289863013699,0.000181282191780825,0.00256359452054794,0.000818038356164383
"100479",0.00120269589041096,0.000135342465753419,0.0038913095890411,0.00283364383561643,0.000549632876712329,0.0039565589041096,0.000995835616438359
"100480",0.000655594520547947,0.000259994520547945,0.00160911780821918,0.00113273424657534,1.75178082191807e-05,0.00161365479452055,9.5528767123286e-05
"100481",0.000651879452054794,0.000541150684931505,0.00170985205479452,0.00121117808219178,0.000392810958904109,0.00164975342465754,0.000126246575342465
"100482",0.000789687671232879,0.000606904109589041,0.00178694794520548,0.00123475068493151,0.000401041095890411,0.00172340821917808,8.13479452054788e-05
"100483",0.000880723287671234,0.00059037808219178,0.00170417534246575,0.00114713424657534,0.000327101369863015,0.00165858630136986,1.19671232876699e-05
"100484",0.00139390684931507,0.000641994520547945,0.00189356712328767,0.00123238356164383,0.000207353424657532,0.0019770301369863,0.000175495890410958
"100485",0.00156799999999999,0.000759452054794517,0.00233972602739727,0.00153358904109589,0.000247890410958906,0.00239452054794521,0.00021391780821918
"100486",0.00145058630136986,0.000805857534246571,0.00241116164383562,0.00158820821917809,0.000327813698630136,0.00239876712328767,0.000220323287671235
"100487",0.0016305205479452,0.000896383561643829,0.00249215342465754,0.00163121095890411,0.000394915068493151,0.00251148493150685,0.000421841095890406
"100488",0.00149734246575342,0.000813934246575346,0.00249549589041096,0.0016766191780822,0.000368213698630139,0.0025285205479452,0.000506378082191783
"100489",0.00144938630136986,0.000651402739726033,0.00210585753424657,0.00140174246575342,0.000207605479452061,0.00220722739726027,0.0006297095890411
"100490",0.000497358904109589,0.000135452054794521,0.00185740273972603,0.00136569863013699,0.000123221917808218,0.00185674520547945,0.000355331506849316
"100491",0.000603824657534245,2.59178082191794e-05,0.00150950136986301,0.00109204383561644,0.000285336986301371,0.00159255890410959,0.000242542465753427
"100492",0.000798695890410962,2.71780821918186e-06,0.00217339726027397,0.00158906849315068,0.000422109589041094,0.00229043287671233,0.000505682191780821
"100493",0.00114293698630137,9.68328767123328e-05,0.00359698082191782,0.0025495890410959,0.000963693150684938,0.0036253095890411,0.00116585753424658
"100494",0.00134065753424658,0.000263419178082196,0.00295863561643835,0.00202559452054794,0.000470054794520551,0.00299704109589041,0.00110645479452055
"100495",0.000644794520547942,0.00035808219178082,0.00188164383561644,0.00131780821917809,6.54794520547931e-05,0.00181205479452055,0.00071260273972603
"100496",0.000852997260273974,0.000293654794520551,0.00200711780821918,0.00140375890410959,8.85095890410942e-05,0.00202300821917808,0.000563156164383561
"100497",0.000735243835616441,0.000323134246575346,0.00157572054794521,0.00106745205479452,3.15068493150425e-06,0.00155290958904109,0.000178832876712328
"100498",0.000643835616438358,0.00039331506849315,0.00134454794520548,0.00091627397260274,0.000178301369863014,0.00131539726027397,0.000115726027397258
"100499",0.000761331506849316,0.00049238904109589,0.00148069589041096,0.00101893150684932,0.000293517808219176,0.00147288219178082,8.40602739726019e-05
"100500",0.000874794520547943,0.000458630136986302,0.00157178082191781,0.00106424657534247,0.000176575342465755,0.00158369863013699,2.87671232876707e-05
"100501",0.00119124931506849,0.000578723287671234,0.00179137534246575,0.00119821369863014,0.000229484931506849,0.00186152876712329,8.83287671232871e-05
"100502",0.00144197260273973,0.000812712328767125,0.00247013698630136,0.00165939726027397,0.000380493150684932,0.00248284931506849,7.01369863013723e-05
"100503",0.00178438356164383,0.0011145205479452,0.00313726027397261,0.00210109589041096,0.000600273972602733,0.00310684931506849,0.00012904109589041
"100504",0.00173492602739726,0.000987287671232871,0.00257490410958904,0.00167899178082192,0.000480263013698634,0.00259660273972603,0.000420712328767121
"100505",0.00170609863013699,0.000846805479452054,0.00246431232876713,0.00161868493150685,0.000328684931506847,0.00254135890410959,0.000537912328767126
"100506",0.00143400547945206,0.000723353424657534,0.00225709589041096,0.00150542465753425,0.000283178082191776,0.00231081643835616,0.000530750684931511
"100507",0.00115155068493151,0.000788832876712327,0.0014144,0.000871035616438358,0.000509030136986301,0.00139730410958904,0.00021013698630137
"100508",0.000455627397260273,8.41643835616454e-06,0.00108177534246575,0.000778169863013697,0.000230750684931506,0.00114779178082192,0.000113534246575342
"100509",0.000555550684931509,4.02739726027349e-06,0.00147080547945206,0.0010661095890411,0.000312986301369864,0.00154583013698631,0.000226339726027397
"100510",0.00142950136986301,0.000302553424657535,0.00444772602739726,0.00313772054794521,0.00149052054794521,0.0045081095890411,0.0011673095890411
"100511",0.00133126027397261,0.000257424657534255,0.00309402739726027,0.00216838356164383,0.000420164383561641,0.00317194520547945,0.00112290410958903
"100512",0.000888739726027397,0.000296367123287671,0.00235032328767123,0.0016740493150685,0.000104334246575341,0.00236912876712329,0.000945156164383565
"100513",0.000901550684931508,0.000189386301369866,0.00329707397260274,0.00233598904109589,0.000451786301369855,0.00319867397260274,0.00116170410958904
"100514",0.000646931506849316,0.000174936986301371,0.00105893698630137,0.000686241095890411,0.000141868493150683,0.00107998904109589,0.00017381917808219
"100515",0.000881419178082193,0.000250547945205477,0.00229739726027398,0.00156868493150685,0.000280953424657535,0.00224032328767123,0.000369282191780822
"100516",0.000899243835616438,0.000388076712328767,0.00167240547945206,0.00112633424657534,3.43342465753405e-05,0.00168366027397261,0.000106991780821922
"100517",0.000823583561643835,0.000342958904109587,0.00128516164383562,0.00087011506849315,8.10082191780789e-05,0.00135013698630137,2.72438356164369e-05
"100518",0.0011657698630137,0.000542372602739725,0.00180258630136986,0.00121944657534247,0.00020077808219178,0.0018846301369863,5.74136986301321e-05
"100519",0.00135539726027397,0.000880876712328768,0.00256416438356164,0.00174706849315068,0.000513753424657537,0.00253830136986301,6.57534246575331e-05
"100520",0.0014659506849315,0.00123431232876713,0.00305313972602739,0.00210264109589041,0.000947473972602746,0.00294727671232876,8.82191780821953e-05
"100521",0.00199609315068493,0.00157850958904109,0.00361270684931506,0.00242991780821918,0.00115499178082192,0.00350401643835616,0.000230810958904121
"100522",0.0017337205479452,0.000950399999999997,0.0025565808219178,0.00167441095890411,0.0004443397260274,0.00259925479452055,0.000371287671232887
"100523",0.00183688767123288,0.000986038356164384,0.00287237260273972,0.00189001643835616,0.000410038356164391,0.00289867397260273,0.000435024657534248
"100524",0.000548120547945206,8.23232876712328e-05,0.000973238356164384,0.000682257534246576,0.000392416438356165,0.00108984109589041,1.26246575342451e-05
"100525",0.000575654794520548,0.000187002739726029,0.00204312328767123,0.00151392328767123,0.000615895890410962,0.00213987945205479,0.000296778082191779
"100526",0.000700865753424658,0.000220191780821929,0.00503817534246576,0.00376949589041096,0.000993205479452065,0.00495197260273973,0.0014201589041096
"100527",0.00104580821917808,0.000254465753424658,0.00492328767123287,0.00364010958904109,0.00115726027397261,0.00495254794520547,0.00166553424657533
"100528",0.000623824657534244,5.30958904109563e-05,0.00311037808219179,0.00232768219178082,0.000360427397260277,0.00310475616438356,0.00117269041095891
"100529",0.000870465753424657,0.000219934246575341,0.00371184109589041,0.00276849315068493,0.000233583561643838,0.0037172493150685,0.00144734246575343
"100530",0.00103174246575342,0.000353172602739725,0.00257459178082192,0.00183398356164383,8.02849315068507e-05,0.00261574794520548,0.000812986301369868
"100531",0.000752701369863013,0.000357632876712328,0.00199068493150685,0.00141933150684931,7.16493150684921e-05,0.00198654246575342,0.000550334246575343
"100532",0.000808219178082194,4.90410958904133e-05,0.00421232876712328,0.00310849315068493,0.000594246575342468,0.00413506849315069,0.00102493150684931
"100533",0.000772021917808223,0.000148449315068494,0.00179592328767123,0.00125341369863013,0.000254301369863014,0.00183410410958904,9.20328767123266e-05
"100534",0.000804427397260273,0.000408854794520547,0.00147471780821918,0.00103561643835616,0.000201468493150683,0.00153179178082192,9.20547945204575e-07
"100535",0.00124201643835617,0.000863342465753425,0.00250262465753424,0.00175831232876712,0.000612460273972604,0.00251053150684931,0.000138049315068486
"100536",0.0016876493150685,0.00119927671232877,0.00340635616438356,0.00234384657534246,0.000783276712328772,0.00334566575342465,0.000175802739726026
"100537",0.00271785205479454,0.00166250958904109,0.00437049863013697,0.00287842191780821,0.000879386301369869,0.00434564383561643,0.000112438356164396
"100538",0.00235114520547945,0.00122896438356164,0.00332745205479452,0.00214933698630138,0.000499594520547944,0.00338751780821919,0.000303506849315065
"100539",0.00248284931506849,0.00138099726027396,0.00385823561643837,0.00250529315068494,0.000573019178082196,0.00384455890410959,0.000293172602739727
"100540",0.00234922191780822,0.00157826301369862,0.00451414794520549,0.00293882191780823,0.000710383561643824,0.0042663397260274,4.00164383561746e-05
"100541",0.00159641643835616,0.00100819726027397,0.00223377534246575,0.00138486575342466,0.000501391780821918,0.0021677698630137,7.28767123287649e-06
"100542",0.000444635616438356,3.78958904109598e-05,0.000811271232876712,0.000560246575342465,0.000182641095890409,0.000869824657534246,5.76986301369861e-05
"100543",0.000506915068493149,1.98136986301369e-05,0.00103215342465754,0.000727671232876712,0.000239342465753425,0.0011057095890411,6.77698630136975e-05
"100544",0.000393123287671234,1.72602739726049e-05,0.00104950684931507,0.000763561643835614,0.000188054794520547,0.00110104109589041,0.000114821917808218
"100545",0.000455430136986304,2.50739726027419e-05,0.00168538082191781,0.00124779178082192,0.000242060273972604,0.00171804931506849,0.000318487671232878
"100546",0.000657271232876705,0.000287210958904112,0.00406066849315069,0.00307331506849316,0.000914498630136991,0.004101698630137,0.00110150136986301
"100547",0.000586536986301373,0.00229620821917807,0.0100312602739726,0.00790678356164383,0.00372407671232876,0.00988144109589041,0.00341322739726029
"100548",0.000302695890410959,0.00136264109589042,0.00948243287671233,0.00753580273972605,0.0022554410958904,0.00936828493150686,0.00370726027397261
"100549",0.000589599999999982,0.000107200000000002,0.00627200000000001,0.0049792,0.00012680000000001,0.00633640000000002,0.00259600000000001
"100550",0.00122784657534247,0.000379539726027403,0.00454154520547944,0.00334570410958904,0.000220158904109577,0.00454380821917808,0.00168174246575342
"100551",0.000660032876712329,0.00019410410958904,0.00164265205479452,0.00118790136986302,6.66739726027377e-05,0.00169933150684932,0.000518663013698632
"100552",0.000829676712328767,0.000111386301369861,0.00148510684931507,0.00102404383561644,0.000277347945205481,0.00158873424657534,0.000212515068493152
"100553",0.000786263013698631,0.000254531506849318,0.00121075068493151,0.000826191780821918,1.5419178082187e-05,0.00129935342465753,7.47945205479758e-06
"100554",0.00102345205479452,0.000610454794520543,0.00212773150684932,0.00151076712328767,0.00037050410958904,0.00216624657534247,0.000148273972602746
"100555",0.00149260273972603,0.00103522191780821,0.00320824109589041,0.00222851506849315,0.000649117808219177,0.00315458630136987,0.000241446575342467
"100556",0.00282534246575343,0.00162739726027397,0.00453328767123286,0.00299712328767122,0.000787808219178079,0.00454561643835616,6.82191780821823e-05
"100557",0.00245700821917809,0.00158870136986301,0.00414009863013698,0.00270256438356165,0.000828887671232889,0.00402907397260273,5.24383561643776e-05
"100558",0.00268416438356164,0.00161786301369862,0.00421189041095892,0.00275819178082193,0.000833095890410945,0.00419347945205481,0.000158794520547942
"100559",0.00275219178082192,0.00156452054794522,0.00481109589041095,0.0031331506849315,0.000548630136986306,0.0046845205479452,0.000157808219178074
"100560",0.00171157260273973,0.0009410301369863,0.00298610958904109,0.00196395616438357,0.000329386301369868,0.00294052602739726,7.41698630136942e-05
"100561",0.000560712328767123,8.9013698630137e-05,0.00088627397260274,0.000598109589041097,0.000164712328767126,0.000955808219178083,6.59178082191778e-05
"100562",0.000544279452054795,0.000122306849315069,0.00110290410958904,0.000770356164383559,0.00011941917808219,0.00115227397260274,0.00014708493150685
"100563",0.000498936986301371,0.000111079452054793,0.00105345753424657,0.000738980821917808,0.000113884931506852,0.00109659178082192,0.00011712876712329
"100564",0.000467139726027396,4.15397260273981e-05,0.00138184657534247,0.00100424109589041,0.00021436164383562,0.0014217205479452,0.000212071232876712
"100565",0.000306246575342464,6.70465753424658e-05,0.00193048767123288,0.0014732602739726,0.000309523287671233,0.00194888767123287,0.000415512328767124
"100566",8.84821917808212e-05,0.000884098630136991,0.00440771506849316,0.00350577534246575,0.00142150136986301,0.00443375342465754,0.00116449315068493
"100567",0.00389439999999999,0.00512480000000001,0.0190904,0.0154872,0.00702,0.018292,0.0066408
"100568",0.00198885479452054,0.00203478356164384,0.0144543397260274,0.0118329205479452,0.00254069589041098,0.0140402849315068,0.006333298630137
"100569",0.000538389041095891,0.000404295890410952,0.00827798356164383,0.00653477260273973,0.00100267397260274,0.00831881643835616,0.00396683835616438
"100570",0.00130533698630137,0.000353490410958904,0.00419033424657534,0.00304302465753425,0.000300712328767119,0.00421119999999999,0.00180826301369864
"100571",0.000718915068493149,0.000237600000000001,0.000999517808219177,0.000665457534246575,1.15397260273958e-05,0.00107644931506849,0.000277249315068492
"100572",0.00110585205479452,3.51890410958955e-05,0.00268415342465753,0.00186710136986301,0.000659638356164387,0.00275015890410958,0.000527210958904109
"100573",0.000974717808219179,0.000457008219178084,0.00184519452054794,0.00126932602739726,0.000129665753424657,0.00187888219178082,0.000176701369863013
"100574",0.0017145205479452,0.00098712328767124,0.00313808219178082,0.00215013698630137,0.000507671232876719,0.00316630136986301,0.000308767123287666
"100575",0.00211139726027398,0.00157259178082192,0.00401997808219177,0.00271271232876712,0.00104533698630137,0.00389971506849315,0.000410389041095888
"100576",0.00280054794520547,0.00184149041095891,0.00482485479452055,0.00314910684931506,0.000959473972602737,0.00466910684931508,0.000332317808219171
"100577",0.00336345205479452,0.00225994520547945,0.00701860273972603,0.00480756164383563,0.00127956164383561,0.00685750684931508,0.000323917808219179
"100578",0.00371044931506849,0.00169816438356164,0.00585348493150685,0.00383854246575342,0.000356641095890411,0.00593905753424658,0.000175928767123287
"100579",0.0029172493150685,0.00151860821917807,0.00584376438356164,0.00400085479452054,0.000507665753424646,0.00583401095890412,0.000109238356164387
"100580",0.00179997808219178,0.000967802739726034,0.00377179178082191,0.00257078356164384,0.000301632876712338,0.00371563835616438,0.000188098630136982
"100581",0.000532635616438355,0.000188257534246575,0.0011030904109589,0.00077780821917808,7.17260273972592e-06,0.00114333150684931,0.000217320547945207
"100582",0.000474575342465753,6.12328767123308e-05,0.000950547945205478,0.000677095890410959,0.000145890410958903,0.00102197260273972,0.000140301369863012
"100583",0.000413556164383561,5.43452054794502e-05,0.00132509589041096,0.000976043835616437,0.000156032876712328,0.00136198356164384,0.000241052054794522
"100584",0.000267528767123291,5.40273972602506e-06,0.00139595616438356,0.00105083287671233,0.00019235616438356,0.00140201095890411,0.000275539726027396
"100585",0.000145293150684933,0.000103945205479452,0.00122509589041096,0.000940799999999997,0.00026956712328767,0.00123514520547945,0.000238575342465753
"100586",0.00108384657534247,0.00177623013698631,0.00673624109589042,0.00538372602739727,0.0026150794520548,0.00647141917808219,0.00182712328767124
"100587",0.00302135342465752,0.00267061917808217,0.0153016931506849,0.0125210136986301,0.00332766575342466,0.0145511616438356,0.00633708493150685
"100588",0.000901726027397257,0.00133273972602739,0.0121622739726027,0.009810602739726,0.00194712328767124,0.0118900547945205,0.00605435616438356
"100589",0.00140827397260274,0.000538876712328773,0.00484739726027397,0.0035990410958904,2.49315068492906e-06,0.00490260273972602,0.00242263013698631
"100590",0.000880421917808221,0.000492805479452057,0.00180167671232877,0.0012254301369863,0.000181528767123289,0.00177445479452055,0.000742980821917809
"100591",0.00100454794520548,0.000374739726027397,0.00241509589041096,0.00170876712328767,3.72054794520529e-05,0.00244578082191781,0.000773452054794524
"100592",0.000979254794520552,0.00050701369863014,0.00285926575342466,0.00200348493150685,4.64328767123268e-05,0.00276244383561644,0.000655890410958905
"100593",0.00144616438356164,0.000902958904109588,0.00303361643835616,0.00206580821917808,0.000423369863013702,0.00295964383561644,0.000547150684931511
"100594",0.00188380273972603,0.0018592109589041,0.00481456438356165,0.00329963835616438,0.00140028493150685,0.00445219726027397,0.000970290410958904
"100595",0.00317194520547946,0.00205594520547946,0.00578958904109589,0.00385249315068492,0.00108147945205479,0.00564657534246575,0.000503999999999991
"100596",0.00343044931506847,0.00202977534246575,0.00712825205479452,0.00489209863013698,0.000921665753424658,0.00703854794520548,0.000586887671232883
"100597",0.00401019178082192,0.00182298630136986,0.00712558904109588,0.00487536986301369,0.00050410958904111,0.00731967123287672,1.07123287671207e-05
"100598",0.00316438356164384,0.00166331506849315,0.0070571506849315,0.00496060273972602,0.00064093150684931,0.00708994520547945,0.000367068493150685
"100599",0.00213711780821918,0.00109321643835616,0.00509010410958904,0.00350176438356165,0.000192131506849311,0.00496977534246576,0.000368482191780817
"100600",0.000406619178082192,0.000128701369863014,0.00111938630136986,0.000822268493150686,2.19178082191789e-05,0.00115620821917808,0.000238115068493153
"100601",0.000406964383561643,0.000101819178082191,0.00144087671232877,0.00106306301369863,9.72383561643822e-05,0.00145524383561644,0.000334920547945209
"100602",0.000341397260273973,1.74191780821925e-05,0.0013159397260274,0.000975473972602742,0.00018788493150685,0.00133717808219178,0.000290257534246576
"100603",0.000303868493150686,6.46136986301379e-05,0.00125054246575342,0.000934487671232876,0.000282301369863014,0.00128806575342466,0.000251002739726027
"100604",0.000319583561643834,0.00039123287671233,0.0024236493150685,0.00185505753424658,0.000823276712328767,0.00248824109589041,0.000562608219178085
"100605",0.00024191780821918,0.000777808219178083,0.00522684931506849,0.00414575342465754,0.00128602739726028,0.00512493150684933,0.00183506849315069
"100606",0.00156440547945207,0.00212935890410959,0.0116246794520548,0.00920600547945205,0.00332291506849315,0.0110008109589041,0.00511088219178082
"100607",0.00124311232876713,0.000364263013698629,0.00275105753424657,0.0020274794520548,6.83287671232602e-06,0.00295015342465753,0.00127020821917808
"100608",0.00148543561643836,0.00063625205479452,0.00423002739726028,0.00302426301369862,1.27123287670811e-06,0.00420619178082193,0.00196024109589042
"100609",0.0010097095890411,0.000583512328767119,0.00218342465753424,0.0015377095890411,0.00030052602739726,0.00219680547945206,0.000818942465753425
"100610",0.00112597808219178,0.000479178082191778,0.00204184109589042,0.00141529315068493,0.000116268493150683,0.00211995616438356,0.000539753424657535
"100611",0.00121579178082191,0.000609249315068491,0.00253590136986302,0.00174133698630138,0.000163660273972598,0.00252653150684932,0.000543452054794523
"100612",0.0014954301369863,0.00150136438356164,0.00426453698630137,0.0029733698630137,0.00114031232876712,0.00396251506849316,0.000935736986301373
"100613",0.00181726027397261,0.00192657534246575,0.00562438356164384,0.00401958904109589,0.0016195890410959,0.00529643835616438,0.00087000000000001
"100614",0.00269675616438357,0.00220015342465753,0.0076534904109589,0.00550677260273971,0.00161236164383562,0.00744381369863013,0.000969391780821907
"100615",0.00410863561643836,0.00175157260273973,0.00810059178082191,0.00562892054794521,0.00031689863013698,0.00829873972602739,0.000400438356164379
"100616",0.00395793424657534,0.00176580273972601,0.00893832876712329,0.00632059726027401,0.000381145205479466,0.00907752328767125,0.000642043835616446
"100617",0.000848767123287672,4.9178082191785e-05,0.00162013698630136,0.00110041095890411,0.000430684931506848,0.00170068493150685,0.00033972602739726
"100618",0.000506849315068492,1.74246575342478e-05,0.00147791780821918,0.00105446575342466,0.000356164383561643,0.00151079452054795,0.000358136986301372
"100619",0.000322356164383562,8.18630136986288e-05,0.00115479452054795,0.00084517808219178,0.000330904109589041,0.00118947945205479,0.000279123287671233
"100620",0.000396591780821919,8.65972602739733e-05,0.00136326575342466,0.00100050410958904,0.000373315068493151,0.00141297534246575,0.000350531506849317
"100621",0.000210476712328767,0.000466915068493147,0.0033342904109589,0.00258904109589041,0.000928504109589043,0.00335401643835617,0.000969928767123283
"100622",0.00128821917808219,0.00244712328767124,0.0115961643835616,0.0092005479452055,0.00380273972602742,0.011185205479452,0.00443013698630136
"100623",0.000535758904109604,8.16657534246507e-05,0.00646066849315069,0.00502816438356163,0.00058033972602739,0.00640188493150685,0.00307568219178081
"100624",0.00144167671232877,0.000724186301369861,0.0031050904109589,0.0021869808219178,0.000270668493150689,0.00314887123287671,0.00140716712328767
"100625",0.00153095890410959,0.00089717808219178,0.00383975342465753,0.00272860273972603,0.000417397260273976,0.0038126301369863,0.00164397260273972
"100626",0.000738049315068493,0.00036603287671233,0.0012858904109589,0.000881424657534245,0.000146367123287673,0.00132167671232877,0.000395145205479449
"100627",0.00102597260273973,0.000516383561643834,0.00197601643835617,0.00136858630136986,0.000197720547945205,0.00201066849315068,0.000498038356164385
"100628",0.00135205479452055,0.000739890410958906,0.00286129315068493,0.00193660273972603,0.000214947945205476,0.00279363287671233,0.000669468493150686
"100629",0.0018307397260274,0.000902597260273988,0.00539936438356164,0.00390273972602739,0.000218958904109598,0.00537665753424656,0.00107330410958903
"100630",0.00314159999999999,0.00202332602739727,0.00835999452054793,0.00603672328767123,0.00120825753424658,0.00832608767123287,0.000854191780821925
"100631",0.00346159452054796,0.00171455342465754,0.00828700821917806,0.00589220273972603,0.000555605479452076,0.00834866849315068,0.000947446575342459
"100632",0.00373709589041096,0.0018404383561644,0.0093397808219178,0.00668934246575342,0.000598438356164382,0.00941819178082193,0.000990493150684918
"100633",0.00226462465753424,0.00186501917808218,0.0085572493150685,0.00608294794520547,0.000904920547945193,0.00801127671232878,0.00195911232876714
"100634",0.000620186301369861,2.91945205479448e-05,0.00178770410958904,0.00126115068493151,0.000382816438356165,0.00180138082191781,0.000503013698630136
"100635",0.000195041095890408,4.63561643835632e-05,0.00132879452054795,0.000985479452054796,0.000261287671232877,0.00129682191780822,0.000409479452054794
"100636",0.000377293150684934,8.01643835616414e-05,0.00151031780821918,0.00110626849315068,0.000384997260273967,0.00153124383561644,0.000439550684931508
"100637",0.000533534246575346,0.000409068493150685,0.00289742465753425,0.00218591780821917,0.000975972602739725,0.00298871232876712,0.000846328767123289
"100638",0.000412865753424654,0.00183798356164382,0.00958009863013698,0.00759793972602739,0.00297172602739725,0.00949137534246575,0.00367143013698629
"100639",9.08931506849314e-05,0.000872065753424661,0.0114995726027397,0.00897109041095891,0.0019430794520548,0.0111849424657535,0.00555274520547945
"100640",0.00177005479452054,0.000647906849315073,0.00342626849315068,0.00234564931506849,6.998904109589e-05,0.00349741917808219,0.00149038904109589
"100641",0.00224472328767124,0.000890005479452061,0.0042109808219178,0.0028754301369863,2.96547945205505e-05,0.00430066849315068,0.00174348493150685
"100642",0.0013327397260274,0.000751808219178085,0.00308638356164383,0.0021607397260274,0.000308219178082193,0.00306123287671232,0.00111920547945205
"100643",0.000903687671232879,0.000471150684931511,0.0019473698630137,0.00134925479452054,0.000155884931506849,0.0019416493150685,0.000593665753424656
"100644",0.00139763287671232,0.000438071232876709,0.00305106849315068,0.00206088767123288,0.000289797260273977,0.00302623561643835,0.000802849315068493
"100645",0.00170967123287671,0.000420147945205486,0.00425128219178082,0.00302125479452055,0.000387057534246574,0.00434587397260273,0.00100173698630136
"100646",0.00274172054794522,0.000521950684931508,0.00784642191780821,0.00564440547945205,0.000908383561643841,0.00797720547945205,0.00139778630136986
"100647",0.00307835068493151,0.000760947945205495,0.00866580821917808,0.00618473972602737,0.000824197260273968,0.00873036164383559,0.00123042739726026
"100648",0.00312037260273972,0.00149755616438355,0.00923864109589041,0.00670420821917808,0.000354208219178087,0.00923933698630137,0.00147528767123289
"100649",0.00410767123287673,0.00179164383561642,0.00959939726027395,0.00698939726027395,0.000630054794520551,0.00997043835616437,0.00115284931506848
"100650",0.00492470684931509,0.00197243287671234,0.0123907232876712,0.00889605479452055,0.000145161643835628,0.0126055232876713,0.00188023561643835
"100651",0.00256694794520548,0.00165488219178081,0.0108160438356164,0.00780355068493149,0.000350071232876725,0.0102887671232877,0.00243964931506849
"100652",0.00160269589041097,0.00126114520547946,0.00680554520547944,0.00491405479452055,0.000554394520547966,0.00642806575342464,0.00165226849315069
"100653",0.000242334246575344,5.67123287671216e-05,0.0015761095890411,0.00117024657534247,0.000143901369863014,0.00152186301369863,0.00061574794520548
"100654",0.000273863013698628,4.97424657534239e-05,0.00139847123287671,0.00104682739726027,0.000122306849315065,0.00138803835616438,0.000541112328767121
"100655",0.000612986301369866,3.24273972602714e-05,0.00155603287671233,0.00110060273972603,0.000424449315068492,0.00161666849315069,0.000507627397260273
"100656",3.98630136986405e-05,0.0011264383561644,0.00770876712328768,0.0059568493150685,0.00218876712328767,0.00748931506849315,0.00305465753424658
"100657",0.000371835616438387,0.00158745205479455,0.0150045205479452,0.0117446027397261,0.003059698630137,0.0145174794520548,0.00742717808219182
"100658",0.00178385205479452,2.47671232876667e-06,0.00947342465753426,0.00704129315068491,0.0014018191780822,0.00937311780821917,0.00480358356164384
"100659",0.00235721643835615,0.000886224657534254,0.0066779397260274,0.00478803287671233,0.00015173698630136,0.00668802191780822,0.00318143561643837
"100660",0.00176178082191782,0.00105164383561644,0.00579616438356163,0.00411780821917808,0.00026219178082193,0.00556890410958905,0.00242342465753424
"100661",0.00092558356164384,0.000406821917808216,0.00212107945205479,0.00148290410958904,4.433424657534e-05,0.00212787397260274,0.000711386301369861
"100662",0.00163740273972603,0.000491890410958915,0.0078135890410959,0.00572756164383562,0.000597479452054794,0.0075993205479452,0.00260933698630136
"100663",0.00159668493150684,0.000505041095890418,0.00468819178082192,0.00342131506849315,0.000165260273972609,0.00477224657534247,0.0013427397260274
"100664",0.00165054246575343,0.000372361643835611,0.00657363287671234,0.00486509589041097,0.000523331506849314,0.00658560000000001,0.00190093150684931
"100665",0.00203750136986303,0.000911342465753431,0.0076758904109589,0.00564435616438357,1.41041095890471e-05,0.00759289315068493,0.00215304657534246
"100666",0.00121235068493152,0.00087861369863014,0.00992913972602738,0.007564498630137,0.000247052054794528,0.00959106849315068,0.00271014246575342
"100667",0.00298004383561645,0.0013929808219178,0.0124380219178082,0.00939357808219179,0.000382871232876725,0.0125033041095891,0.00226370410958904
"100668",0.00540826301369865,0.00135110136986302,0.0115986410958904,0.00818568767123287,0.000966312328767094,0.0120731178082192,0.00124019726027397
"100669",0.0037886301369863,0.00116410958904109,0.0133680821917808,0.00979136986301371,0.000702876712328798,0.0133690410958904,0.00230328767123289
"100670",0.00307759999999999,0.000669599999999992,0.0112504,0.00825840000000003,0.00100320000000001,0.0112888,0.00238560000000002
"100671",0.0017917808219178,0.00116778082191779,0.0102575342465753,0.00759780821917809,0.000179506849315059,0.00981172602739727,0.00245654794520549
"100672",0.00045012602739726,0.000186969863013701,0.00172142465753424,0.00126105205479452,2.98958904109588e-05,0.00169707397260274,0.000751857534246576
"100673",0.000333583561643837,0.000201254794520548,0.00173649863013699,0.00129797260273973,5.18958904109565e-05,0.00168920547945206,0.000794547945205479
"100674",0.000631380821917805,8.92931506849305e-05,0.00143812602739726,0.00100351232876712,0.000249583561643837,0.00148047123287671,0.000570279452054796
"100675",0.000333764383561648,8.58082191780782e-05,0.0033054904109589,0.00249258082191781,0.00051169315068493,0.00320587397260274,0.00137155068493151
"100676",0.00166053698630136,0.00184352876712326,0.0161690630136986,0.0126551671232877,0.00330897534246577,0.0151043835616438,0.00772497534246575
"100677",0.00128712328767125,0.00116889863013697,0.0155389150684931,0.0121428164383561,0.00274872328767123,0.015661906849315,0.00831672328767122
"100678",0.00175548493150685,0.00056245479452055,0.00647835616438357,0.00476199452054794,0.000301939726027392,0.00646500821917809,0.00331857534246577
"100679",0.00260278356164384,0.000719605479452073,0.010186695890411,0.00740366027397259,0.000843747945205475,0.0100183671232877,0.0048689095890411
"100680",0.0018777698630137,0.00056538082191783,0.00667111232876712,0.00487962739726026,0.000384230136986297,0.00666014794520547,0.00272774794520547
"100681",0.00176893150684931,0.000273698630136987,0.0071186301369863,0.00523627397260275,0.000811232876712323,0.00710778082191781,0.00254663013698631
"100682",0.00128699178082192,0.000612115068493152,0.0054727397260274,0.0040628712328767,4.68821917808393e-05,0.00539787945205479,0.00185071232876713
"100683",0.00138511780821918,0.000632060273972605,0.00454107397260273,0.00333043287671232,0.000103950684931506,0.00454207671232877,0.00138745753424657
"100684",0.00103454246575343,0.000400942465753423,0.00330349589041096,0.00238733150684931,7.78739726027405e-05,0.00328179726027397,0.00100295890410959
"100685",0.0017483506849315,5.15945205479679e-05,0.00864208219178085,0.00652612054794523,0.00119546849315069,0.00875172054794521,0.00245718904109589
"100686",0.00202520547945204,0.000370684931506854,0.0125942465753424,0.00958356164383561,0.000878630136986303,0.0125227397260274,0.00328273972602741
"100687",0.00296285479452058,0.00105157260273975,0.0117118082191781,0.00861750684931506,0.000448224657534246,0.0115975068493151,0.00225826849315067
"100688",0.00285156164383563,0.00152629041095892,0.0133027397260274,0.0099827397260274,0.000400219178082223,0.0131299178082192,0.00236220273972604
"100689",0.00462614794520549,0.000735978082191779,0.017791693150685,0.0133745424657535,0.00147580273972603,0.0182250739726028,0.00370681643835616
"100690",0.00239527671232875,0.00193269041095889,0.0196780821917809,0.0148548328767123,0.000536454794520552,0.0187856054794521,0.00496614246575341
"100691",0.000655890410958905,0.000212953424657533,0.00210943561643835,0.00152335342465753,0.000114454794520547,0.00210099726027397,0.000974706849315072
"100692",0.000730783561643834,0.000220405479452054,0.0016101698630137,0.00112911780821918,9.49479452054779e-05,0.00165093698630137,0.000654509589041095
"100693",0.000510739726027394,1.32493150684955e-05,0.00209381917808219,0.00152509589041096,0.00040218082191781,0.00208584109589041,0.000853084931506848
"100694",0.000681643835616447,0.0010450410958904,0.00746082191780822,0.00562323287671233,0.0024083287671233,0.00737578082191781,0.00297380821917809
"100695",0.00113846575342466,0.0021219616438356,0.0145342684931506,0.0111864,0.0043833095890411,0.0146069917808219,0.00684637808219177
"100696",0.0022004219178082,0.000528723287671257,0.010505901369863,0.0078347178082192,0.00232694794520549,0.010639495890411,0.00542930958904113
"100697",0.00259768767123286,0.000630526027397244,0.00936970958904111,0.00682572602739727,0.000824126027397273,0.00933324383561646,0.0046616493150685
"100698",0.00241521095890411,0.000513167123287667,0.00920701369863015,0.0068068,0.000772684931506853,0.00926243835616437,0.00417771506849315
"100699",0.0018411397260274,0.000276915068493144,0.00768346301369865,0.00569190684931507,0.000821709589041097,0.00769781369863015,0.00307476712328769
"100700",0.00154454794520548,0.000590301369863003,0.00645869589041097,0.00475791780821917,0.000208158904109607,0.00636060821917808,0.00228664109589041
"100701",0.00116380273972602,0.000441073972602735,0.00665457534246576,0.00493814794520549,0.00033593424657534,0.00644301369863015,0.00231649315068493
"100702",0.00122545753424658,1.46849315068587e-05,0.00540185205479452,0.00399356712328766,0.000848054794520547,0.00540772602739727,0.00176990136986301
"100703",0.00196734246575342,3.97808219178009e-05,0.00869090410958905,0.00653309589041097,0.00126816438356164,0.00885304109589041,0.00257430136986302
"100704",0.00185091506849315,0.00042522739726028,0.00954060273972603,0.00716085479452054,0.00192909589041097,0.00964484383561645,0.00279035616438356
"100705",0.00135847671232878,2.78630136986285e-05,0.00981087671232875,0.00743570958904108,0.00117148493150683,0.00968332602739726,0.0028469808219178
"100706",0.00200388493150686,0.000294756164383569,0.0113789589041096,0.008709397260274,0.00166190684931505,0.0115891726027397,0.00262843287671233
"100707",0.00303570410958903,0.000560613698630141,0.019032898630137,0.0147513863013699,0.000851726027397276,0.019266805479452,0.00419379726027397
"100708",0.00384635616438356,0.0010003287671233,0.0231088219178082,0.0177174794520548,0.000920547945205463,0.0231456438356165,0.00489117808219175
"100709",0.00100265753424657,0.000156410958904112,0.00218975342465753,0.00154801643835616,0.000320958904109589,0.00229499178082191,0.0010120602739726
"100710",0.000986136986301366,5.36986301369821e-05,0.00244271232876713,0.00173254794520548,0.000506876712328769,0.00253323287671234,0.00104865753424658
"100711",0.000774838356164383,0.000109282191780823,0.00276519452054795,0.00202507397260274,0.00066259726027397,0.00283305205479453,0.00121512328767123
"100712",0.000687452054794521,0.000603336986301377,0.00429378082191782,0.0032690301369863,0.00137518356164385,0.00442093150684932,0.00173511780821918
"100713",7.49260273972818e-05,0.00175227945205481,0.012982701369863,0.0101637863013699,0.00324090410958905,0.0127529753424658,0.00613898630136986
"100714",0.000601786301369839,0.000922673972602733,0.0171250630136986,0.0132861150684932,0.00253491506849315,0.0166920109589041,0.0090823890410959
"100715",0.00166695890410959,0.000271243835616441,0.00894175342465753,0.00662369315068494,0.000961841095890426,0.0087553095890411,0.00451763287671235
"100716",0.0019492602739726,0.000312942465753432,0.00988089315068492,0.0074290684931507,0.000866558904109596,0.0098643178082192,0.0048466301369863
"100717",0.00108746301369864,0.000475698630136981,0.00852218082191783,0.00646365479452055,0.0002572493150685,0.00827237260273973,0.00378964383561643
"100718",0.000967364383561653,0.000400306849315066,0.00861685479452054,0.00652799999999999,0.000371901369863009,0.00831175890410958,0.00356067945205479
"100719",0.000171419178082194,0.000151167123287665,0.0133280219178082,0.0102294575342466,0.00128672876712327,0.0125946082191781,0.00560620273972604
"100720",0.00024555616438357,0.000895309589041104,0.0159763397260274,0.0123765369863014,0.00232983013698632,0.0151924164383562,0.00646715616438356
"100721",0.000387353424657538,0.000967676712328752,0.0125098191780822,0.00969514520547946,0.00229726027397256,0.0122164767123288,0.00454079999999998
"100722",0.000971134246575342,0.000647101369863012,0.00771024657534247,0.00587695342465754,0.00177205479452054,0.00773917808219178,0.00258406575342465
"100723",0.00147272328767124,0.000900032876712323,0.00981582465753424,0.00750853698630136,0.00235686575342466,0.0100103232876712,0.00299184657534245
"100724",0.000888383561643835,0.00137843835616439,0.0139194246575342,0.0110198630136986,0.00266260273972604,0.0141665753424657,0.00408520547945207
"100725",0.00124426849315068,0.000285830136986298,0.0183373643835616,0.0145864109589041,0.00113424657534247,0.0184712054794521,0.00451203287671231
"100726",0.00470515068493149,0.000440482191780778,0.0199575616438356,0.0152667123287671,0.00168756164383566,0.0206526082191781,0.00292320000000001
"100727",0.00207535342465751,0.00150864657534244,0.010651002739726,0.00790093150684933,0.000612997260273945,0.010238597260274,0.00240429589041097
"100728",0.00113345753424657,0.000128219178082187,0.00389586849315069,0.00288265205479452,0.000470991780821918,0.00399103561643836,0.00197571506849315
"100729",0.000755002739726035,9.28986301369783e-05,0.00403384109589041,0.00304390684931506,0.000654586301369858,0.00406874520547945,0.00200859726027397
"100730",0.000774049315068498,0.000328142465753418,0.00447356712328766,0.0034048109589041,0.000998926027397255,0.00456854794520548,0.00211472876712328
"100731",0.000381895890410974,0.000801665753424635,0.00660348493150684,0.00518360547945204,0.00155322739726026,0.00667528767123286,0.00302794520547944
"100732",0.000188767123287636,0.00176087671232877,0.0126260273972603,0.00992131506849316,0.00320975342465754,0.0125797260273973,0.00607402739726029
"100733",0.000176942465753421,0.000745380821917829,0.0151375561643836,0.0119235287671233,0.00177113424657535,0.0148161534246575,0.00806242191780823
"100734",0.000826800000000016,0.0010512,0.0208032,0.0162048,0.00287880000000001,0.0203904,0.0114168
"100735",0.00126237808219178,0.000153884931506837,0.0102718191780822,0.00792572602739727,0.000685309589041089,0.0102131342465753,0.00535206575342466
"100736",0.000389326027397219,0.00133543013698634,0.0187295123287672,0.0145442575342466,0.00319310136986303,0.0182187835616439,0.00921718904109592
"100737",0.000637747945205491,0.000108701369863018,0.00847621369863014,0.00647620821917809,0.000645227397260265,0.00816606575342466,0.00373075068493151
"100738",0.000959736986301363,0.000286438356164376,0.0112762356164384,0.0086302191780822,0.000639600000000018,0.0109035287671233,0.00508512328767126
"100739",0.000436761643835604,0.00186020273972601,0.0186052,0.0145717643835616,0.00375001643835615,0.0183947506849315,0.00850363287671232
"100740",0.00062693150684931,0.00574441095890407,0.0248987123287671,0.0197288767123288,0.00925227397260273,0.0250450410958904,0.0103611506849315
"100741",0.000169347945205511,0.00359726027397259,0.0205265205479452,0.0160183232876712,0.0064285808219178,0.0202442739726027,0.00830026301369866
"100742",0.000493221917808206,0.00244689315068491,0.0160008876712329,0.0125071561643836,0.00453873972602739,0.0160146136986301,0.00584362739726024
"100743",0.000791802739726039,0.00278719452054793,0.0224454082191781,0.0180208438356164,0.0043573589041096,0.0222914465753424,0.00836647123287673
"100744",0.00215390136986299,0.00294319999999998,0.0293978849315068,0.0239317205479452,0.00391858082191782,0.028982301369863,0.00958013150684928
"100745",0.00167868493150686,0.000365983561643801,0.0248626849315069,0.0195559232876712,0.000812120547945216,0.0245934904109589,0.00555932054794522
"100746",0.00391431232876713,0.000259961643835627,0.0166352547945205,0.0123269917808219,0.00226521643835617,0.0167096931506849,0.00348027945205479
"100747",0.00215324383561644,0.000250323287671217,0.0123137424657535,0.00898459726027398,0.00172599452054795,0.0118378191780822,0.00346512328767123
"100748",0.00105372054794521,0.000801375342465743,0.0113946575342466,0.00840824657534248,0.00044991780821918,0.0105385095890411,0.00379887123287673
"100749",0.0011247616438356,0.000866876712328768,0.0149634246575343,0.0113495506849315,0.00028663561643838,0.0141671178082192,0.0051359178082192
"100750",0.00123966027397261,0.000174334246575328,0.00676803287671233,0.00511545205479451,0.00110756164383562,0.00682958904109589,0.00350465753424657
"100751",0.000889008219178089,0.000657227397260277,0.00817413698630137,0.00635955068493152,0.00158847123287671,0.00830599452054795,0.00416278356164385
"100752",0.000201720547945206,0.000656241095890409,0.00748487123287671,0.00590790136986301,0.00129646575342465,0.00745283835616438,0.00366343561643835
"100753",0.000267978082191783,0.00129054246575341,0.0113668931506849,0.00908501917808219,0.00212008767123285,0.0112694465753425,0.00567626301369861
"100754",0.000318082191780811,0.00173107397260275,0.0121684109589041,0.00964425205479454,0.00301824657534247,0.0123005917808219,0.00643374246575344
"100755",0.000770169863013731,0.00327406027397262,0.0192576,0.0150769972602739,0.00593444383561642,0.0194543342465754,0.0102726575342466
"100756",0.000600263013698588,0.00178737534246579,0.0195627616438356,0.0152748493150685,0.00379831232876715,0.0193079013698631,0.0107544328767123
"100757",0.00186766027397259,0.00145223013698625,0.0191748821917808,0.014853698630137,0.00367732602739726,0.0192825863013698,0.0105857753424657
"100758",0.00141042191780821,0.000632630136986334,0.0163051835616439,0.0125260767123288,0.00239418630136989,0.0160550739726028,0.00851353424657533
"100759",0.000965638356164394,0.000376027397260281,0.0174667232876712,0.0133745424657534,0.00211277260273973,0.0168329917808219,0.00862155616438354
"100760",0.0015509698630137,0.000140920547945234,0.0139435397260274,0.0105167232876712,0.00184884383561648,0.013544405479452,0.00684688219178084
"100761",0.00195493698630136,0.00140747397260274,0.0166073863013699,0.0124898191780822,0.00411454246575343,0.0163896109589041,0.00815145205479453
"100762",0.00223450410958903,0.00345800000000002,0.022049994520548,0.0169705917808219,0.00707570410958902,0.0224370739726027,0.0107543123287671
"100763",0.00407469041095893,0.0104185315068493,0.0401013698630137,0.0321026136986302,0.0155984547945205,0.0396318904109589,0.0197474794520549
"100764",0.00398413150684934,0.00716738630136987,0.0383776438356164,0.0304885479452055,0.0111791342465754,0.0370023452054794,0.0178880876712329
"100765",1.42520547944947e-05,0.00398107397260278,0.0284661041095891,0.0224739068493151,0.00700092602739727,0.0283077479452055,0.0125038027397261
"100766",0.00126581917808216,0.00490172054794519,0.0320342794520548,0.0260904328767124,0.00691318356164383,0.0324355068493151,0.0122818191780822
"100767",0.0010267397260274,0.00355936438356164,0.0340896602739726,0.0276364109589041,0.00517743013698624,0.034148602739726,0.0108435123287671
"100768",0.00236958904109591,0.00201644383561644,0.0243349150684931,0.0190835999999999,0.00451292054794522,0.0248134191780822,0.00655535342465752
"100769",0.000493852054794519,0.0021714410958904,0.0327544547945205,0.0260327890410959,0.00426183013698633,0.0325320328767123,0.00982991780821918
"100770",0.00114351780821918,0.000806646575342462,0.00841581369863013,0.00649765479452055,0.0019490794520548,0.00861544109589041,0.00439234520547944
"100771",0.000266695890410978,0.00108088767123286,0.0110569808219178,0.00876378082191781,0.00201175890410957,0.0110672383561644,0.00553073424657533
"100772",0.000480986301369862,0.00136339726027401,0.0133569534246576,0.0106945315068493,0.00220602739726028,0.0131616657534247,0.00678588493150686
"100773",0.00184188493150689,0.00229926575342468,0.0202380712328767,0.0163997808219178,0.00317900273972604,0.0197477260273972,0.0106722191780822
"100774",0.00137357260273971,0.00219136438356163,0.0170668821917808,0.0138257095890411,0.00308943561643837,0.0167810520547945,0.00945533150684927
"100775",0.0014532383561644,0.00154487671232878,0.0159312876712329,0.0129104657534247,0.00210930410958907,0.0154893150684932,0.00910869041095894
"100776",0.00079347397260271,0.00105658630136984,0.0157271671232876,0.0125342410958904,0.00185502465753423,0.0152050794520548,0.00906248219178077
"100777",0.000232164383561634,0.00103589041095889,0.0189802191780822,0.0149959452054794,0.00222169863013696,0.0184544657534247,0.0113531506849315
"100778",8.83726027397502e-05,0.00178568767123283,0.026166706849315,0.0201166904109589,0.00463044383561639,0.0249659616438356,0.0156503671232877
"100779",0.00123494246575342,0.00138030684931506,0.0230854356164384,0.017577304109589,0.00426795068493147,0.0222813479452054,0.0136969917808219
"100780",0.000321599999999977,0.00333119999999998,0.0308784,0.0235632,0.00752159999999996,0.0292912,0.017768
"100781",0.000533254794520654,0.00800403287671242,0.033362295890411,0.0256952383561644,0.0141981260273973,0.0327838794520548,0.0184763232876713
"100782",0.003409298630137,0.00306569315068489,0.0224146246575343,0.0167507671232877,0.00757903561643838,0.0225667123287671,0.0123162849315068
"100783",0.00112126575342464,0.00467377534246577,0.0275661534246575,0.0213323561643836,0.00891823013698628,0.0275236931506849,0.0150529534246575
"100784",0.00398383561643834,0.00497117808219177,0.0409088219178081,0.0328580273972602,0.00738175342465747,0.0394815342465753,0.0228426849315068
"100785",0.00175061917808222,0.00570424109589041,0.0394688876712329,0.0315553315068492,0.00902873424657541,0.0390291287671233,0.0196839452054794
"100786",0.00154080000000006,0.00418795068493144,0.0284748986301369,0.0229290739726027,0.00674715616438348,0.0296480876712328,0.0116527397260274
"100787",0.00126360547945209,0.00250853698630144,0.0252892273972602,0.020373304109589,0.0041705205479452,0.0260470794520548,0.00915802739726029
"100788",0.000497375342465745,0.00471142465753427,0.0358257150684932,0.0288414739726028,0.00746482739726034,0.0365308547945206,0.0124658630136986
"100789",0.00219657534246565,0.00384657534246574,0.0386568493150685,0.0311691780821917,0.00573493150684928,0.0379972602739725,0.014186301369863
"100790",0.00163627397260274,0.00380715068493148,0.0406644383561645,0.0323510410958905,0.00655158904109593,0.0396471780821918,0.0141702191780822
"100791",0.000136399999999981,0.0027149205479452,0.0336814575342466,0.0266110794520547,0.0052784931506849,0.0330536438356164,0.0111175342465753
"100792",0.000444789041095905,0.00391200000000003,0.0319265643835617,0.0255834082191781,0.00630743013698631,0.0319390684931506,0.0106356383561644
"100793",0.00158227397260274,0.00413243835616445,0.031148301369863,0.0248589041095891,0.00710038356164389,0.0319970958904109,0.0103972602739726
"100794",0.000235167123287694,0.00244198904109588,0.0293123890410958,0.0235916931506849,0.00400465753424656,0.0295100657534247,0.0104819780821918
"100795",0.000302054794520557,0.00174547397260269,0.014141802739726,0.011114005479452,0.00327024657534242,0.0140862246575342,0.00717118356164384
"100796",6.07561643835575e-05,0.00252053698630136,0.0149502356164384,0.0119487123287671,0.0040487232876712,0.0151232219178082,0.00752785753424656
"100797",0.00115441643835615,0.00201708493150685,0.0159597863013698,0.0129551178082192,0.00281352328767123,0.015778701369863,0.00839949041095892
"100798",0.00284035068493149,0.00237087123287666,0.0225137753424657,0.0185399671232876,0.00262237808219176,0.0219649315068493,0.0122232328767123
"100799",0.00270688767123289,0.00332178082191781,0.0199791780821918,0.0164003835616439,0.00419368767123288,0.0195892931506849,0.0113910410958904
"100800",0.00225736438356161,0.00359557808219177,0.0184753643835616,0.0147813369863013,0.00536505205479451,0.0178271671232876,0.0105819945205479
"100801",0.000565863013698639,0.00161819178082193,0.0119392054794521,0.00951443835616439,0.00262136986301371,0.0117268493150685,0.0074545205479452
"100802",0.000533391780821901,0.00246230684931503,0.017593594520548,0.013794104109589,0.00442178082191777,0.0171333589041096,0.0113725424657534
"100803",0.00153255890410961,0.00110726575342465,0.0178322410958904,0.0137210739726027,0.00319184657534247,0.0176679232876712,0.0124194191780822
"100804",0.0018680109589041,0.0013733698630137,0.0190117698630137,0.0144243726027397,0.00408363835616443,0.0187131616438356,0.0132686904109589
"100805",0.00234033972602743,0.00123563835616436,0.0207541479452055,0.0157709150684931,0.00406540273972603,0.0205418520547945,0.0138017753424657
"100806",0.00290256438356165,0.000487282191780819,0.0206018684931507,0.0157594191780822,0.00284578082191778,0.020636202739726,0.0131328493150685
"100807",0.00200387397260274,0.00180995068493148,0.023008104109589,0.0175988821917808,0.0048700876712329,0.0227495397260274,0.0138400712328767
"100808",0.00113643835616434,0.0055752328767123,0.0313857534246575,0.0249097260273973,0.00907479452054794,0.0311250410958904,0.0182615616438356
"100809",0.00313442191780822,0.00515993424657535,0.0356989808219179,0.0286896657534246,0.0076778958904109,0.0347967561643835,0.0202317589041096
"100810",0.00264544657534255,0.00768901917808218,0.0416381808219178,0.0337504219178082,0.0110698027397261,0.0417662575342466,0.0221793534246576
"100811",0.00171533150684933,0.00959677808219178,0.0436573369863013,0.035314805479452,0.0141622356164384,0.0444887232876712,0.0200918356164383
"100812",0.000594838356164418,0.00320819726027405,0.0312906410958904,0.0246706082191781,0.00611629589041096,0.0311048657534247,0.0129917698630137
"100813",0.000332383561643834,0.00149941917808216,0.0322873698630137,0.0256618575342466,0.00323150684931506,0.0318663506849315,0.0137828383561644
"100814",0.00190722739726029,0.00781989041095887,0.0473942136986301,0.0382348767123287,0.0117014465753424,0.0476058410958903,0.0204943068493151
"100815",0.00400377534246577,0.007903298630137,0.048924,0.0392881315068493,0.0118450191780822,0.0479559452054794,0.0199468931506849
"100816",0.000427134246575367,0.00219458630136987,0.0378424109589041,0.0295353863013699,0.00539072876712332,0.0367440657534246,0.0137966465753425
"100817",0.00083026849315071,0.00588673972602738,0.039787101369863,0.032443989041096,0.00832536986301374,0.0406287123287672,0.0154008
"100818",0.001380295890411,0.00700037260273972,0.0343453808219178,0.0278499945205479,0.0106173369863014,0.036201205479452,0.0127782575342466
"100819",0.000258191780821926,0.00563441095890416,0.0355242739726027,0.0287779726027397,0.00847660273972606,0.0365528767123287,0.013107397260274
"100820",0.00370566575342468,0.00294161095890411,0.0275314410958904,0.0216682301369864,0.00609606575342464,0.0287721205479452,0.00876298082191779
"100821",0.000992016438356169,0.00181455890410959,0.0176015452054795,0.0140728164383562,0.00321029041095891,0.0180516767123288,0.00564661369863015
"100822",0.0001917808219178,0.000588356164383561,0.0118972602739726,0.00944794520547944,0.00126917808219178,0.0117705479452055,0.0043349315068493
"100823",0.00173269589041092,0.00300845479452058,0.0185866849315069,0.0144467671232877,0.00583253150684937,0.0190516383561644,0.00913072328767128
"100824",0.00025441643835622,0.00475037260273975,0.022682301369863,0.0181217917808219,0.00750085479452059,0.0230544328767124,0.0112133095890411
"100825",0.00162591780821916,0.00409298630136984,0.0216512876712329,0.0177435616438356,0.00551983561643835,0.0218802739726027,0.011262904109589
"100826",0.00117990136986301,0.00302658630136984,0.016727101369863,0.0137373589041096,0.00402136986301366,0.0169490630136986,0.00901326027397259
"100827",0.00160037260273976,0.00447723287671237,0.0191453095890411,0.0156808438356165,0.0061417808219178,0.0194391123287671,0.0109378849315069
"100828",3.5594520547938e-05,0.00244712328767124,0.0110889643835616,0.00894439452054795,0.00371390684931508,0.0114487232876712,0.00688372602739727
"100829",0.000312597260273981,0.00170538630136986,0.0083742904109589,0.0065879506849315,0.00293870684931506,0.00854887671232875,0.00561114520547946
"100830",0.00101329315068494,0.00189277808219179,0.00966216986301371,0.00754739178082194,0.0034698904109589,0.0100708931506849,0.00704926027397262
"100831",0.00172308493150686,0.000433052054794492,0.00885627945205476,0.00680110684931505,0.00157772054794518,0.00916586301369861,0.00675974794520547
"100832",0.0038240712328767,0.000894936986301359,0.012454997260274,0.00912597808219179,0.00362184109589039,0.0130003780821918,0.00936206575342466
"100833",0.00353637808219184,0.000446887671232854,0.0150026575342465,0.0112370794520548,0.00284040547945205,0.0153710520547945,0.0105076164383562
"100834",0.0026482684931507,0.000810443835616431,0.0213771616438356,0.0165540657534246,0.00299891506849317,0.0215763616438356,0.0140872602739726
"100835",0.00132769863013699,0.00388248767123284,0.028294,0.0220711342465754,0.00751592876712331,0.0283715178082192,0.0173821315068493
"100836",0.00020909589041096,0.00633386301369859,0.0313260493150684,0.0248806684931507,0.0103049424657534,0.0316623452054794,0.018546805479452
"100837",0.00302478904109593,0.00701111232876722,0.0351202630136986,0.0284506301369863,0.0100251178082192,0.0349585095890412,0.0203449863013699
"100838",0.00739923287671235,0.0105729534246575,0.0446359232876713,0.0364804602739726,0.0141074630136986,0.0436004383561644,0.0254386849315069
"100839",0.0151827178082192,0.0201714410958904,0.0646016657534246,0.0538013369863014,0.0251953534246575,0.0634160657534246,0.0334999671232877
"100840",0.00379760547945213,0.00664198356164386,0.045136191780822,0.0354180821917809,0.0114124931506849,0.0429695671232878,0.02043098630137
"100841",8.35397260273707e-05,0.00103231232876716,0.0358246191780822,0.0282602958904109,0.00295969315068489,0.0347445698630137,0.0173842191780822
"100842",0.00144096438356156,0.00798053698630147,0.0437444383561644,0.0357049863013698,0.0112454136986301,0.0447877260273972,0.0219188602739726
"100843",0.00857964383561638,0.0135578082191782,0.0625271780821918,0.0510060273972603,0.0183508219178082,0.0614879452054794,0.0295763287671233
"100844",0.00352458082191781,0.006148597260274,0.0399112657534247,0.0308789205479452,0.0122850575342466,0.0405690904109589,0.0160572328767123
"100845",0.000676657534246616,0.00845949589041101,0.043129895890411,0.0349257424657535,0.0127645698630138,0.0448560109589041,0.0185659506849315
"100846",0.000642131506849331,0.00931951780821916,0.0426365479452054,0.0348768438356163,0.0132190520547945,0.0444153260273972,0.0184077698630137
"100847",0.000611271232876742,0.00788126575342474,0.0373419287671233,0.0299196602739727,0.0124386082191781,0.0385427178082193,0.0147531726027398
"100848",0.00160328767123286,0.00413268493150687,0.0353778082191781,0.0280385479452055,0.007546,0.035882,0.0129043561643836
"100849",0.000315616438356148,0.00162858082191786,0.024828493150685,0.0199792219178082,0.00267221917808219,0.0246699835616438,0.00877974794520547
"100850",0.000812372602739697,0.00575885479452048,0.028742898630137,0.0233099561643835,0.00843839999999996,0.0293963287671233,0.0147270630136986
"100851",0.0011020712328767,0.00585551780821919,0.0254536328767123,0.0203672547945205,0.00901496986301373,0.0256547506849315,0.0135659397260274
"100852",0.00105034520547947,0.00421518904109588,0.0174471452054795,0.0140696547945206,0.00624407671232877,0.017637698630137,0.010115901369863
"100853",0.000267682191780805,0.00279255890410958,0.0117793095890411,0.0094134904109589,0.004352098630137,0.0119823342465753,0.00749316164383562
"100854",0.000544931506849311,0.00141340273972602,0.00704949041095891,0.00549846575342466,0.00256438356164382,0.00725635068493151,0.0048770301369863
"100855",0.00140407671232877,0.00161628493150685,0.00748291506849316,0.00580276164383561,0.00307547397260274,0.0080536109589041,0.00565339178082191
"100856",0.00226178630136988,0.000555189041095874,0.00875031780821915,0.00668534794520546,0.0018905917808219,0.00928819726027397,0.00701038356164384
"100857",0.00370064109589044,0.000397232876712311,0.013624597260274,0.0101328712328767,0.00276493698630134,0.0140826410958904,0.0104173095890411
"100858",0.00158282739726026,0.000536821917808239,0.017859693150685,0.0135948821917809,0.00261501369863013,0.0174057863013699,0.0121481205479452
"100859",0.00129603287671237,0.00173367123287671,0.0221520328767123,0.017156202739726,0.00420756164383559,0.021896202739726,0.0142589589041096
"100860",0.001664,0.00170239999999994,0.0263248,0.0207903999999999,0.00378239999999996,0.0265311999999999,0.0165552
"100861",0.00196279452054787,0.00606903013698629,0.0286081643835617,0.0225078684931507,0.0105244,0.0296625150684932,0.0176008821917809
"100862",0.00142107945205477,0.00625453150684935,0.0281409369863014,0.0225041369863014,0.00963720547945207,0.0282077589041096,0.0169727671232877
"100863",0.00303850958904109,0.00554296986301367,0.0277963835616438,0.0224096876712329,0.00802161095890408,0.0272351561643836,0.0175529643835617
"100864",0.00489215342465743,0.010232701369863,0.0420412164383561,0.034627901369863,0.0135300931506849,0.0424092383561644,0.0263897095890411
"100865",0.00958717808219184,0.0149363726027397,0.059236295890411,0.0478059397260274,0.0211633972602741,0.0573506849315069,0.0327316602739726
"100866",0.0049905917808219,0.00149698082191779,0.0298078191780822,0.0227556821917809,0.00549024109589041,0.0303153369863013,0.0157704273972602
"100867",0.00400946849315076,0.00710619178082189,0.049974706849315,0.0401302794520548,0.0106885260273972,0.0488178849315068,0.0278857643835616
"100868",0.00976778082191776,0.0183455616438355,0.0682603561643835,0.0559854246575342,0.0246770136986301,0.0680810410958905,0.0357912876712329
"100869",8.26356164384534e-05,0.00762501369863006,0.0440047178082192,0.0351677150684931,0.0122676328767123,0.0446708109589041,0.0201580821917808
"100870",0.0017593863013699,0.00811046575342467,0.0428151232876712,0.0339902246575342,0.0136047342465753,0.0440634739726027,0.0202049753424657
"100871",0.00110306849315062,0.0120664931506849,0.0457181534246575,0.0366433972602741,0.0188382575342466,0.0478624109589042,0.0220075616438356
"100872",0.00223024657534243,0.00793398356164388,0.0385381863013698,0.0308841698630137,0.0127693479452055,0.0404623671232876,0.0164397643835617
"100873",0.00186008219178085,0.00433785205479448,0.0393448328767123,0.0310715616438356,0.00821945753424658,0.0397402465753424,0.0156363890410959
"100874",0.00116945753424658,0.00198203835616445,0.0315808438356164,0.0247361315068493,0.0046906410958904,0.0311745534246575,0.0114475068493151
"100875",0.00293802739726018,0.00413892602739729,0.0257358356164384,0.0198068000000001,0.00846408767123297,0.0263555506849315,0.0141587232876713
"100876",0.00142244931506849,0.00439321643835613,0.0229811506849315,0.0178205424657534,0.00817739178082191,0.0233154465753425,0.0136614684931507
"100877",0.00113934246575342,0.00519513972602736,0.0250066027397261,0.0198232493150685,0.00835124931506842,0.0248180219178082,0.0158185260273973
"100878",0.00116791232876715,0.00214481095890409,0.0148654136986301,0.0116463780821918,0.00408496438356165,0.0152065095890411,0.0105257643835616
"100879",0.00159912328767123,0.000619660273972589,0.00918121643835614,0.0071298410958904,0.00172218082191777,0.00955726027397259,0.00696680547945205
"100880",0.0013359726027397,0.000523117808219203,0.0104550630136986,0.0080317479452055,0.00177223561643838,0.0105127452054795,0.00797273972602741
"100881",0.00397158904109587,0.000901808219178069,0.014701397260274,0.0110247123287672,0.00085265753424657,0.0150304931506849,0.0111646849315069
"100882",0.00291928767123287,0.000234739726027389,0.0172798356164383,0.0132524383561644,0.00144756164383558,0.0174397808219178,0.012107506849315
"100883",0.000821539726027359,0.00255782465753426,0.0231748767123288,0.0180871890410959,0.00518089315068498,0.0230017808219178,0.0149328493150685
"100884",0.00136126027397265,0.0062877260273973,0.0318386739726027,0.0249082849315068,0.0111475178082192,0.032359101369863,0.0199373698630136
"100885",0.00106082191780832,0.00814518356164373,0.0330995726027397,0.0261810849315068,0.0134145753424657,0.0341893260273972,0.020624306849315
"100886",7.01369863014278e-05,0.00504986301369859,0.0245970410958904,0.0196748273972603,0.00799421369863013,0.0251651506849315,0.0156279232876712
"100887",0.000912416438356156,0.00643938630136986,0.0249573589041096,0.019694202739726,0.0106531178082191,0.0258304219178082,0.0164672219178082
"100888",0.00047128767123289,0.00769502465753424,0.0349254246575342,0.0278039671232876,0.0124139178082191,0.035833906849315,0.0238090520547945
"100889",7.18356164383094e-05,0.00613715616438354,0.0418083287671233,0.0335400493150685,0.00978880000000004,0.0423782246575343,0.0276710794520548
"100890",0.00509030136986299,0.00141397260273973,0.0334698191780822,0.025610306849315,0.00558845479452058,0.033833101369863,0.0200066246575343
"100891",0.00204978082191781,0.00742448219178082,0.0480629589041097,0.0379674739726028,0.0125225260273973,0.0470569315068494,0.0285762082191781
"100892",0.00865910684931503,0.0204003780821918,0.0670007671232877,0.0545752876712329,0.0285624657534247,0.0672363671232876,0.037211890410959
"100893",0.00490028493150679,0.0118184931506849,0.0529765643835615,0.0430733424657534,0.0166323342465753,0.0530467999999999,0.0271325589041095
"100894",0.00191864109589046,0.0109185095890411,0.0521277041095891,0.0413810958904109,0.0175062136986301,0.0520334356164384,0.0275291726027397
"100895",0.00023013698630131,0.0128986301369863,0.0490794520547945,0.0390219178082192,0.0204821917808218,0.0503205479452055,0.0267972602739726
"100896",0.00457498082191787,0.0101261917808219,0.0381608109589041,0.0303660273972602,0.0167264109589041,0.0413153643835616,0.0173713753424657
"100897",0.00260008767123288,0.00460573150684929,0.0397117479452055,0.0313436219178082,0.00876925479452051,0.0404584273972602,0.0169223178082191
"100898",0.0041235287671233,0.00251423561643838,0.0366535890410959,0.0281603506849314,0.00713240547945204,0.0367447671232877,0.0149486465753425
"100899",0.00267304109589045,0.00243484931506849,0.0317494520547945,0.0242823287671233,0.00661832876712332,0.0313354520547945,0.0187131780821918
"100900",0.000367797260273972,0.00418926027397259,0.029494701369863,0.0230986575342466,0.00773528767123288,0.0292687452054795,0.0183865643835617
"100901",0.00193943561643833,0.00199211506849317,0.0227090027397261,0.0176476164383562,0.00461776986301374,0.0228434739726028,0.0157483835616439
"100902",0.00464888219178083,0.000716991780821963,0.0141448931506849,0.0106755780821918,0.00104630136986297,0.0149544,0.0108363780821918
"100903",0.00271849315068495,0.000128876712328779,0.0113902849315068,0.00860090958904111,0.00172855890410961,0.0117334191780822,0.0084551178082192
"100904",0.00659117808219178,0.000969052054794528,0.0163804986301369,0.0122105972602739,0.00145493150684928,0.0176310630136986,0.0121510465753424
"100905",0.00496513424657535,4.08547945205395e-05,0.0169828273972603,0.0128539397260274,0.00243596712328764,0.017910997260274,0.0114355123287671
"100906",0.000377095890410906,0.00377435616438354,0.0309320547945205,0.0244721643835616,0.00664843835616435,0.0305515616438356,0.0195699178082192
"100907",0.00221940821917799,0.00703999452054793,0.0374668547945205,0.0301835561643835,0.0104877917808219,0.037435205479452,0.023545112328767
"100908",0.00110493150684937,0.00841775342465756,0.0365722191780822,0.0295837808219178,0.0124664657534246,0.0374967123287672,0.0229582465753425
"100909",5.80273972602963e-05,0.00945653150684933,0.0333638191780822,0.0270059506849315,0.0141296712328767,0.0350756273972603,0.0212631726027397
"100910",0.000558663013698613,0.00940875068493147,0.0356127999999999,0.0284032931506849,0.0147239178082191,0.036462597260274,0.0225058575342466
"100911",0.00238658630136979,0.00651912876712329,0.0302970246575343,0.0242559780821918,0.0105904767123288,0.0321213863013699,0.020010608219178
"100912",0.00344451506849325,0.00555195616438353,0.0338408109589041,0.0272174246575342,0.00916692602739722,0.0360345863013697,0.0222985863013698
"100913",0.00491765479452055,4.5687671232808e-05,0.0317425479452055,0.0243349150684932,0.00318360000000001,0.031898301369863,0.0187423287671233
"100914",0.000272482191780721,0.00886917260273973,0.0437542575342466,0.0345463232876713,0.0148686904109589,0.044213304109589,0.0262000219178082
"100915",0.0111076821917809,0.0198334684931507,0.0631951342465754,0.0525661808219178,0.0254636712328768,0.0636562410958905,0.0348444054794521
"100916",0.0112172931506849,0.0148371945205479,0.0601959890410959,0.0500652164383562,0.0181737753424657,0.0595055671232877,0.0316576328767124
"100917",0.000381156164383611,0.0117983835616439,0.0516917589041095,0.0413859945205479,0.0184031506849314,0.0529428821917808,0.0291337150684932
"100918",0.0032476602739725,0.014415402739726,0.053813901369863,0.0434538082191781,0.021246295890411,0.0547637424657534,0.0303380383561644
"100919",0.00218871780821916,0.0092021424657534,0.0443936547945206,0.0350909424657535,0.0155989150684931,0.0458122191780822,0.0226811506849315
"100920",0.00237397808219181,0.00458386849315068,0.0442745589041096,0.0348871561643836,0.00897983013698628,0.0446847780821918,0.0215007780821917
"100921",0.00223392876712325,0.00380364931506849,0.0429496438356164,0.0331979726027397,0.00888844931506849,0.0423327013698629,0.0196302136986301
"100923",0.00659559452054792,0.0016480438356164,0.022946104109589,0.0173232657534247,0.00570318904109585,0.0244214794520548,0.0154717808219178
"100924",0.00742305753424655,7.34794520547699e-05,0.0207995835616439,0.0154208876712328,0.00356293698630133,0.0220911890410959,0.0153702684931507
"100925",0.00811627945205479,0.0021193698630137,0.0204696493150685,0.0149691835616438,0.000961550684931478,0.0214114082191781,0.0153815123287671
"100926",0.00753494794520543,0.00147368767123285,0.0187704547945206,0.0140459397260274,0.00103173698630143,0.0201927890410959,0.0137813917808219
"100927",0.00798535890410962,0.000272695890411012,0.0209684273972602,0.0157957808219178,0.00293276712328766,0.0227846849315068,0.0144511671232876
"100928",0.00485091506849311,0.000452306849315076,0.0213312767123288,0.0163543835616439,0.00307811506849315,0.0222343726027397,0.0132823397260274
"100929",0.00205825753424654,0.00197777534246568,0.0243995178082192,0.0189848547945205,0.00467541917808217,0.0245306739726028,0.0142319342465754
"100930",0.0014015342465753,0.00338084383561643,0.0318272219178082,0.0253267726027398,0.0061057315068494,0.0323268164383562,0.0187119123287672
"100931",0.00105776438356164,0.005689002739726,0.0363058520547945,0.029305704109589,0.00855059726027391,0.0366074958904109,0.0212598575342466
"100932",0.00289077260273968,0.00689985753424655,0.041001906849315,0.033290301369863,0.00976688219178085,0.0409349808219178,0.0239508821917808
"100933",0.00168241095890415,0.00919791780821921,0.0411260931506849,0.0329951780821918,0.0140437041095891,0.0415533369863014,0.0244436602739726
"100934",0.00366281095890408,0.0102140712328767,0.051011408219178,0.0414189698630137,0.0145467452054794,0.0512391616438356,0.0305323561643835
"100935",0.00105296438356167,0.00920058082191783,0.0488315616438356,0.0391951780821918,0.0142380273972603,0.0494324821917809,0.0292935232876713
"100936",0.00600350684931494,0.00779972602739731,0.041804383561644,0.0320043835616439,0.0158223013698631,0.0433643287671234,0.0243093698630137
"100937",0.002071501369863,0.00390312328767117,0.0346605479452055,0.0268339726027397,0.00837341917808215,0.0345101150684931,0.021635906849315
"100938",0.0214934684931508,0.022386695890411,0.0766023561643837,0.0639085041095891,0.0268941041095891,0.0734627945205479,0.0416397260273973
"100939",0.0152832328767122,0.0142716164383561,0.0648747945205479,0.0546608219178082,0.0153363287671232,0.0632651506849314,0.0359906301369862
"100940",0.000227506849315051,0.0120294246575342,0.0491130410958904,0.0399217643835616,0.017665906849315,0.051322701369863,0.0293512273972603
"100941",0.00298104109589037,0.0157363726027396,0.0548159123287671,0.0443954849315069,0.0230142246575342,0.0563196493150684,0.0309587726027397
"100942",0.000675506849315166,0.00877571506849328,0.0536411178082192,0.0423983342465754,0.0148963945205479,0.0533767890410959,0.0305240986301369
"100943",0.00394126027397257,0.00742389041095892,0.0486976438356165,0.0378976438356164,0.0144335342465753,0.0496119452054795,0.0274497534246576
"100944",0.000883347945205393,0.00414930410958897,0.050304909589041,0.0394399999999999,0.00845798904109579,0.0486813863013698,0.0257467561643835
"100945",0.0090019616438356,0.000339758904109644,0.0178505369863014,0.0135722136986302,0.00244428493150689,0.0205306739726028,0.0132258575342466
"100946",0.010245704109589,0.000634432876712332,0.0228995452054794,0.0167351013698631,0.00383947945205487,0.0248183178082192,0.0167331671232877
"100947",0.0108289589041095,0.00195104109589034,0.0235311506849316,0.0166120547945205,0.00309287671232883,0.0246029589041096,0.0177033150684932
"100948",0.0091994520547945,0.00361011506849318,0.0222305205479452,0.0159409534246575,0.000276876712328789,0.0227396164383562,0.0165786630136986
"100949",0.00806387397260278,0.000707934246575226,0.025715808219178,0.0191045534246575,0.00535592876712321,0.0270272273972602,0.0164604383561643
"100950",0.00447293698630136,0.00254722191780832,0.0287365643835617,0.0223149643835617,0.0062112438356165,0.0297979068493151,0.0170407616438356
"100951",0.0016064547945206,0.00477235616438354,0.0346348383561644,0.0272443287671233,0.00882936986301364,0.035025210958904,0.0191364328767124
"100952",0.00140799999999996,0.00858301369863013,0.044330301369863,0.0354917260273973,0.0133567123287672,0.0446003287671233,0.0231910136986301
"100953",0.00348136986301378,0.0116293698630137,0.0502752328767123,0.0408941369863014,0.0165431506849315,0.050971506849315,0.0266258356164383
"100954",0.00904132602739727,0.0171158794520548,0.0601858849315069,0.0495428054794521,0.0227735013698629,0.0602631123287671,0.0320665315068495
"100955",0.0164500602739727,0.0214106301369864,0.0686667397260275,0.0579144328767124,0.0254108054794522,0.0682203178082192,0.0392440109589042
"100956",0.0201862520547944,0.0235663287671233,0.0722205917808219,0.0608727835616438,0.0279198904109588,0.070616197260274,0.0413031671232877
"100957",0.0118619506849315,0.0186779561643834,0.0697359178082191,0.0572149698630137,0.0248063123287671,0.0687139945205479,0.0416664547945205
"100958",0.000680109589041078,0.0113889041095889,0.0536289863013698,0.0423719999999999,0.0187821643835616,0.053881095890411,0.0327713150684931
"100959",0.0017009315068493,0.00274608219178085,0.0358343232876713,0.0275796821917808,0.00696767123287673,0.035002301369863,0.0232535780821918
"100960",0.0130578301369864,0.0180537205479452,0.0667222575342466,0.0542610794520548,0.0245969095890411,0.0643813260273972,0.038017298630137
"100961",0.0148712328767122,0.0182140273972602,0.0708226301369863,0.0600280547945206,0.0202830684931506,0.0708905205479451,0.0417461369863014
"100962",0.00100775342465753,0.0115756273972603,0.0526949753424658,0.0429724109589041,0.0166234191780822,0.0546322684931507,0.0332859452054795
"100963",0.0030642849315069,0.0152916164383562,0.0564627287671233,0.0453323397260274,0.0230417534246575,0.0573063013698631,0.0334656876712328
"100964",0.00237347945205479,0.00877339726027404,0.0629591506849315,0.049217095890411,0.0159525205479452,0.0609051780821919,0.0381745479452056
"100965",0.0014280712328768,0.0118140438356164,0.0518664602739727,0.0411513972602739,0.0193589698630137,0.0534364328767124,0.030967709589041
"100966",6.92383561643473e-05,0.00894506301369863,0.0473830027397261,0.0376949589041096,0.0145720109589042,0.0479528876712329,0.0249817315068493
"100967",0.00248791232876705,0.00774504657534253,0.0486562356164384,0.0390194465753425,0.0119259780821918,0.0482691123287672,0.0248455726027398
"100968",0.00259341369863014,0.00720881095890413,0.0333648219178083,0.0266248767123288,0.0118556054794521,0.0352507506849316,0.0183569315068493
"100969",0.0104162410958905,0.0186708383561643,0.0630220054794521,0.0515566465753425,0.0253719342465752,0.0624109808219178,0.0318683945205478
"100970",0.0242876657534247,0.0265057315068493,0.0810473205479452,0.0684052712328767,0.0310097315068493,0.0786472438356164,0.0430440493150686
"100971",0.0148758356164385,0.0216837698630137,0.0656328328767123,0.0559084712328768,0.025243397260274,0.0665638575342466,0.0366007232876712
"100972",0.021054410958904,0.0250651561643835,0.0683160931506849,0.0586694904109589,0.0283047068493151,0.0679238246575343,0.0396778246575343
"100973",0.018685402739726,0.0293828164383561,0.0685250630136987,0.057857906849315,0.036762904109589,0.0687973808219179,0.0398299178082191
"100974",0.0147550684931507,0.0207525698630137,0.0665945424657534,0.0557336547945205,0.0255667726027397,0.0661287452054795,0.0427954849315069
"100975",0.00497115068493148,0.0113278465753425,0.0577001315068494,0.0462766301369863,0.0170091616438357,0.0567783671232878,0.0372155123287672
"100976",0.00277199999999994,0.00592625753424658,0.0436128,0.0334310794520548,0.0126423452054795,0.0432685150684932,0.0284566684931508
"100977",0.00115967123287675,0.00791475616438359,0.0516659890410959,0.0395131616438356,0.0158031561643835,0.049328197260274,0.0339467397260274
"100978",0.00956319999999999,0.0232788821917808,0.0631098082191781,0.0524589808219178,0.0308526684931507,0.0649255671232878,0.0382192876712329
"100979",0.000739068493150752,0.0116156931506851,0.0534192547945206,0.0436265972602741,0.016607484931507,0.0555687123287673,0.0360357479452056
"100980",0.00309578082191775,0.014354493150685,0.0549238246575344,0.0443514410958904,0.0211798136986302,0.0559197315068494,0.0358672493150686
"100981",0.00689797808219172,0.0106562301369862,0.0651524547945205,0.0519624657534247,0.0163705315068493,0.0627128876712328,0.0406531726027398
"100982",0.000964465753424681,0.0123357808219179,0.0509701095890411,0.0417563835616438,0.0174336712328768,0.0533358356164384,0.0310534520547945
"100983",0.00315016986301364,0.0131065095890411,0.0463535726027397,0.0381476054794521,0.0180070520547945,0.0481014410958904,0.0250310794520547
"100984",0.00385319452054794,0.0105381260273973,0.0512627287671233,0.0415829479452055,0.0150705095890411,0.0514151452054795,0.0270686246575342
"100985",0.00588383561643835,0.0178338630136986,0.0563480547945205,0.0461133150684931,0.0248517260273973,0.0575989041095891,0.0320263013698631
"100986",0.0126813534246575,0.0252077863013698,0.0706943561643835,0.0579339616438356,0.0344397863013698,0.0705710520547944,0.0408389534246575
"100987",0.0102073150684933,0.0193135835616438,0.0595645753424659,0.0506861095890411,0.0229496657534247,0.0617462246575343,0.0377188767123288
"100988",0.0159194465753426,0.0241440821917809,0.0630491342465754,0.0541903561643836,0.0280587452054795,0.064534290410959,0.039934504109589
"100989",0.0151095890410959,0.0242438356164383,0.0630465753424658,0.0535917808219178,0.0293808219178082,0.0641287671232877,0.0416520547945206
"100990",0.0125375342465753,0.0165034301369863,0.0633851616438356,0.0530986191780821,0.019662312328767,0.0630133589041096,0.0447431452054794
"100991",0.00760249863013696,0.012476493150685,0.061131901369863,0.0492821479452055,0.0179335013698629,0.0595402739726028,0.0412598794520548
"100992",0.00173842191780821,0.00416886027397267,0.0404458465753424,0.0319644547945205,0.00794980821917807,0.0407475561643835,0.0285666301369864
"100993",0.00456999452054796,0.00753087123287677,0.0499301260273973,0.040123002739726,0.0111813698630137,0.0486508273972603,0.0331568219178082
"100994",0.0139927890410958,0.0142755287671232,0.0636503671232876,0.0536837917808218,0.0154997917808218,0.0626494684931506,0.0407767232876712
"100995",0.00788225753424654,0.00667844383561644,0.0605596931506849,0.050194191780822,0.00689621917808214,0.0594617424657534,0.0425629808219178
"100996",0.00830503013698636,0.0129566739726027,0.0615907178082193,0.050240706849315,0.0175108547945205,0.0605511123287672,0.0417850520547945
"100997",0.0141102739726026,0.0122921917808219,0.0673093150684931,0.0552990410958903,0.01493301369863,0.0640442465753424,0.0418389041095889
"100998",0.014321095890411,0.0125362630136986,0.0615144109589041,0.0517256767123289,0.0132814904109589,0.0597189698630137,0.0342672000000001
"100999",0.00896758356164379,0.0122257972602739,0.0524762301369863,0.043955901369863,0.0143721205479452,0.0524987178082192,0.028994104109589
"101000",0.00737033424657529,0.011797594520548,0.0575206520547945,0.0471060493150685,0.0156317424657534,0.0569050520547946,0.0320168219178082
"101001",0.00429131506849312,0.0122408493150684,0.0572653150684931,0.0464399726027396,0.0175475068493151,0.0575221369863013,0.0310903835616437
"101002",0.0051450575342466,0.00666821917808225,0.0466798739726029,0.0381398739726028,0.00867102465753428,0.0458375726027397,0.0250982410958904
"101003",0.00239470684931514,0.00679518904109583,0.0285623890410958,0.0231988383561643,0.0103826191780821,0.030918202739726,0.0193891616438356
"101004",0.00041310684931517,0.0150654904109588,0.0562438520547945,0.0450157369863012,0.023466405479452,0.0584191178082192,0.0377379561643835
"101005",0.00553863013698641,0.019131594520548,0.0565086027397261,0.0465040876712329,0.0263638794520548,0.0585258301369863,0.0379162958904111
"101006",0.0101166301369862,0.0213462246575342,0.0565450739726027,0.0478196493150685,0.0267003397260273,0.0586548438356164,0.0390077808219177
"101007",0.00843695890410961,0.0212570410958904,0.0556385479452055,0.0469580821917808,0.0270375616438356,0.0583254246575342,0.0402588767123288
"101008",0.0123092602739726,0.0210128876712328,0.0614618794520548,0.0510180712328767,0.0272764493150685,0.0614509863013699,0.0433955890410958
"101009",0.0144273424657535,0.0229764712328767,0.0664840547945206,0.0542655123287673,0.0313248,0.0648088876712329,0.0433865534246576
"101010",0.0027852054794521,0.00347060821917805,0.0397896876712329,0.0312790684931507,0.00734325479452053,0.0402159452054795,0.0294311452054794
"101011",0.00562305205479458,0.00826663561643837,0.0481692821917808,0.0396005917808219,0.0105211726027397,0.0477657369863014,0.0324962630136987
"101012",0.0121124383561643,0.0140487616438356,0.0593426136986301,0.0506444383561643,0.0146432712328766,0.0597648821917808,0.0398960383561643
"101013",0.00919434520547946,0.0119376328767123,0.0582963068493151,0.0492550082191781,0.0129021150684931,0.0588882794520549,0.0419318739726027
"101014",0.00653996712328764,0.00986700273972596,0.0603550684931506,0.0490527561643835,0.0135273424657534,0.0592320438356164,0.0437108821917808
"101015",0.0240966904109589,0.0242519561643835,0.0765404712328767,0.0641718904109588,0.0287186191780822,0.0730275835616438,0.0450547945205479
"101016",0.0225541150684931,0.0201616109589041,0.0719471506849315,0.0605827561643835,0.0226520383561644,0.0684880767123288,0.0401908931506849
"101017",0.009107901369863,0.0144433972602739,0.0579972821917809,0.048038794520548,0.0183317917808219,0.0578647232876712,0.0334324602739725
"101018",0.00658023013698628,0.0148527726027398,0.0592693260273973,0.0483623287671233,0.0205558356164384,0.0594140438356165,0.0342095178082191
"101019",0.00524347397260283,0.0149264876712327,0.0632081095890411,0.0512630136986301,0.0213872547945205,0.0635596273972603,0.0355488657534246
"101020",0.00609415890410947,0.0109201863013698,0.0593556821917809,0.0481652383561643,0.0152829150684931,0.0585567890410958,0.0331466410958904
"101021",0.00539210958904113,0.00907798356164391,0.050457994520548,0.0411471123287672,0.0123031232876713,0.0499061260273972,0.0274769753424657
"101022",0.00670139726027391,0.00952112328767124,0.0473918630136986,0.038878109589041,0.0123749589041096,0.0466505479452054,0.0248545205479452
"101023",0.00582715068493156,0.00833687671232869,0.0378497260273972,0.0297294246575343,0.0149411506849315,0.0406932328767123,0.0273216164383561
"101024",0.00371506849315067,0.00749205479452048,0.0394936547945207,0.0310579726027397,0.0133940602739726,0.0411976328767124,0.0291211835616438
"101025",0.0002637753424658,0.0132815232876712,0.0525231780821918,0.0414793972602741,0.0216382739726028,0.0533666794520549,0.0370676821917809
"101026",0.00519857534246582,0.0194450082191782,0.0565943780821919,0.0463461753424658,0.0272720767123288,0.0585307013698631,0.0407474849315069
"101027",0.00665286575342472,0.0191556164383562,0.0556177315068493,0.0462364273972603,0.025438093150685,0.057741106849315,0.0413393753424658
"101028",0.00744991232876713,0.0182761260273972,0.0552693643835617,0.0460527506849315,0.0238435780821918,0.056983698630137,0.0419488219178082
"101029",0.00665179178082198,0.0170545095890411,0.0563761095890412,0.0462623561643837,0.0233668383561645,0.057285084931507,0.0415014575342467
"101030",0.00427648219178089,0.00134460821917814,0.0458822575342466,0.0358533643835616,0.0050758246575342,0.0460221424657534,0.0357677205479452
"101031",0.00363678904109588,0.00614431232876717,0.0486590301369862,0.0392250082191781,0.00903412602739723,0.0476932438356164,0.0338880328767124
"101032",0.0088801643835616,0.0158210136986301,0.055662410958904,0.0467496986301369,0.0193334794520547,0.0567256438356163,0.0373297808219178
"101033",0.00713753424657537,0.0150244383561644,0.0546270684931507,0.0464153424657535,0.0175261369863013,0.056980602739726,0.0399388493150685
"101034",0.00444105205479461,0.0104765589041097,0.057217205479452,0.0466565698630137,0.014473205479452,0.0573793534246575,0.0431643835616439
"101035",0.00792480000000007,0.0151731945205479,0.0563532054794521,0.0469197150684931,0.0192065753424657,0.0571938410958905,0.0406873205479452
"101036",0.0288562630136986,0.027837101369863,0.0826320273972602,0.0700423835616439,0.0316910739726027,0.0789065205479452,0.0487341972602739
"101037",0.0112163506849314,0.0178480657534247,0.0642818191780822,0.0529568,0.0233725369863014,0.0636327452054794,0.0408094246575342
"101038",0.0115290739726026,0.0146311232876712,0.0669483780821917,0.0557144383561644,0.0175322301369862,0.0662607780821917,0.04224501369863
"101039",0.00665301917808214,0.0183066301369862,0.0667867178082191,0.0540170520547945,0.0264355068493148,0.0669899397260273,0.0389952876712327
"101040",0.00343835616438348,0.0134589041095891,0.0634383561643835,0.0515513698630136,0.0192979452054794,0.064431506849315,0.0384589041095889
"101041",0.0048512383561643,0.0141186410958903,0.0626179397260275,0.0509461808219178,0.0199643342465754,0.0631969479452055,0.0366508931506849
"101042",0.00782465753424666,0.0150710356164384,0.0604212602739727,0.0498035726027398,0.0198045808219179,0.0607163616438356,0.0327830794520548
"101043",0.00675221917808216,0.0129471123287672,0.0524422356164383,0.043996602739726,0.0156426410958905,0.0537015780821918,0.0277376876712329
"101044",0.00904657534246572,0.0159123287671233,0.055027397260274,0.0469068493150685,0.0182630136986301,0.0569232876712329,0.0270849315068493
"101045",0.00503730410958908,0.00540378082191773,0.0365823123287671,0.0280109589041095,0.0117039123287672,0.037562695890411,0.0281486794520548
"101046",0.00272136986301363,0.00642997260273975,0.0390369315068493,0.0305476712328768,0.0119198356164384,0.0398922191780823,0.0298266849315069
"101047",0.00249435616438354,0.0150277260273972,0.0589037589041096,0.0465459178082192,0.0240936328767123,0.0589222356164383,0.0419359780821917
"101048",0.00557992328767121,0.0194057972602739,0.0552977315068493,0.0458787287671233,0.0261357150684932,0.057828295890411,0.0409674739726028
"101049",0.00582391232876711,0.020062794520548,0.0512350465753424,0.0428147726027397,0.0266611068493151,0.0541204821917808,0.0383805369863014
"101050",0.00179115616438352,0.0154688054794521,0.0479387178082191,0.0393459287671233,0.0223864767123287,0.0522678410958904,0.0393310520547947
"101051",0.00945586849315083,0.00184635616438367,0.0468090739726028,0.035172295890411,0.00364221369863016,0.0467238575342466,0.0397518904109588
"101052",0.00128712328767122,0.00608952328767121,0.0502664547945206,0.0393316273972603,0.0117871890410959,0.0499175013698631,0.0368203068493151
"101053",0.0119677753424658,0.0185359671232877,0.0619808602739725,0.0514912767123288,0.0235729753424658,0.0616740657534247,0.0399669589041096
"101054",0.0117185753424658,0.0177615123287672,0.0610940054794521,0.0521301698630137,0.0200789917808218,0.0625340493150685,0.0425483397260274
"101055",0.011273402739726,0.0148694684931507,0.0592006136986301,0.0499872547945205,0.0169295123287672,0.059455693150685,0.0426703561643836
"101056",0.00719490410958901,0.0159535561643835,0.0555130520547945,0.0460723397260274,0.020755704109589,0.0566304109589041,0.0416833095890411
"101057",0.0123000986301369,0.018144701369863,0.0661820493150685,0.0542872547945206,0.0240274849315069,0.0648163506849315,0.0479374904109589
"101058",0.0172566301369863,0.0223563506849316,0.0747231780821918,0.0611421041095891,0.0296559506849315,0.0718566684931507,0.0506972219178082
"101059",0.0109444273972602,0.0180266794520547,0.0690527561643836,0.0564631506849315,0.0243230794520548,0.0680560657534245,0.0460458191780821
"101060",0.0121664328767124,0.0194276273972603,0.0712586630136985,0.058702301369863,0.0254305643835616,0.0705771068493151,0.0442421698630137
"101061",0.00572340821917805,0.0153157315068492,0.066207106849315,0.0537939123287671,0.0217162849315067,0.0665371726027396,0.0423062630136987
"101062",0.00279393972602748,0.0133957369863015,0.0609355945205479,0.0492518465753424,0.019771989041096,0.0618658082191782,0.0388479671232876
"101063",0.00375318904109589,0.0176333260273972,0.0581760164383562,0.0480078246575343,0.0241466794520547,0.0608759013698629,0.0351587835616438
"101064",0.00580306849315071,0.0149230684931506,0.0591800547945204,0.0492698630136985,0.0190520547945205,0.0609790684931506,0.0345435616438355
"101065",0.0080972493150685,0.0164041260273973,0.0605322575342466,0.0513149095890411,0.0192387890410959,0.0628475452054794,0.0336968219178082
"101066",0.0103250630136986,0.0189071342465754,0.0619843726027398,0.0529727342465754,0.0217688547945206,0.0644443397260275,0.0332559123287672
"101067",0.0138535616438357,0.0168215068493152,0.0675790410958903,0.0576102739726027,0.0179904109589041,0.068117808219178,0.0370079452054795
"101068",0.00312520547945205,0.00791397260273974,0.0495482191780822,0.0391961643835617,0.0139745205479451,0.0509917808219179,0.0380449315068493
"101069",0.00291299726027405,0.00854894246575344,0.0538691506849315,0.0429445917808219,0.014450301369863,0.0556451287671232,0.0410801424657534
"101070",0.000331068493150677,0.0114780821917807,0.053177095890411,0.0431981917808218,0.0169688219178081,0.0554758356164384,0.040034301369863
"101071",0.00344846027397261,0.0204782684931507,0.0546319890410959,0.0455494246575343,0.0276666082191781,0.0586238246575344,0.0401096
"101072",0.00232566575342463,0.0190539780821918,0.0479203123287671,0.039664504109589,0.0271754958904109,0.0536734356164383,0.0392433205479451
"101073",0.0101549589041096,0.00199701369863015,0.048909205479452,0.0357987945205479,0.0113249589041096,0.0485021095890411,0.0417193150684931
"101074",0.00314827397260276,0.00723540821917812,0.0468980383561644,0.0366071178082192,0.0137371561643835,0.0476513753424657,0.0350582794520548
"101075",0.0118603452054794,0.0206424328767123,0.0633583671232877,0.0529962630136986,0.0260279232876712,0.0640388547945205,0.0402042630136986
"101076",0.0171054246575343,0.0203225424657534,0.0716882630136986,0.0606091397260274,0.0232831561643836,0.0710238246575343,0.0466899287671233
"101077",0.0168255616438356,0.0186167178082192,0.0677812767123288,0.0582066246575342,0.0194498136986302,0.0679240931506849,0.0469360273972603
"101078",0.0166078136986301,0.017668701369863,0.064932887671233,0.0550923342465754,0.0194842410958904,0.0639348876712329,0.0462935287671233
"101079",0.0204087890410959,0.0203445369863012,0.0735423178082191,0.0619711068493151,0.0230752493150684,0.0712029589041096,0.053443106849315
"101080",0.0150916821917808,0.0170524493150684,0.0716084602739727,0.0593707835616437,0.0208090301369863,0.0696290191780822,0.0557044602739726
"101081",0.025209501369863,0.0267926301369863,0.0867357863013699,0.0715453643835616,0.0339024328767122,0.0820086082191781,0.0576715726027397
"101082",0.0146500712328766,0.0209975835616438,0.073400498630137,0.0603636602739726,0.0275239890410959,0.0718160164383561,0.0483267068493151
"101083",0.00657545205479459,0.0150450410958903,0.0615435616438357,0.0509986849315068,0.0194498630136986,0.0627607671232877,0.0421763287671233
"101084",0.00563880547945195,0.0145499561643835,0.0635497972602739,0.0518684767123289,0.0201920438356163,0.0640782301369862,0.0427242904109589
"101085",0.00588526027397263,0.0140139616438356,0.0645400109589042,0.0529539287671233,0.0188663671232877,0.0652140493150685,0.0423504000000001
"101086",0.00355852054794525,0.0130573041095891,0.0644832109589041,0.0528035123287671,0.0179793369863014,0.0658678630136986,0.0421631835616437
"101087",0.00766635616438349,0.0163891945205479,0.0659066520547945,0.0552766575342465,0.0199839780821917,0.0678584,0.0412851287671232
"101088",0.0127537589041096,0.0185747397260274,0.0699021534246574,0.0593854246575342,0.0209427671232876,0.0711415890410958,0.0415630794520547
"101089",0.0134358356164382,0.0186730958904109,0.070004712328767,0.0587963287671233,0.0221678356164382,0.0700726027397259,0.0405596712328766
"101090",0.0158900383561644,0.0191964931506849,0.0790690849315069,0.0658256219178082,0.0231557698630138,0.0776611068493152,0.0459974794520548
"101091",0.0238168767123287,0.0240562575342467,0.0794653424657534,0.0671023835616438,0.0274954630136985,0.0767563999999999,0.0563090356164384
"101092",0.0204200547945205,0.0254891506849315,0.0747059178082191,0.0641304657534246,0.0285468493150685,0.0750182465753425,0.0555882739726027
"101093",0.0206362958904108,0.0236440547945205,0.0775649095890409,0.0663764383561644,0.0259235506849315,0.0772807890410958,0.0583753424657534
"101094",0.0234742356164384,0.0257178082191781,0.086806991780822,0.071177095890411,0.0333172164383562,0.0820749150684932,0.0592603616438356
"101095",0.01262378630137,0.0210724273972605,0.0700288602739726,0.0577477150684932,0.0277095123287672,0.0695497972602741,0.0489945041095891
"101096",0.0106233315068492,0.0191146794520547,0.0701691999999999,0.0577331835616438,0.0253443287671232,0.0700128767123287,0.0483371561643835
"101097",0.00855472876712338,0.0166929863013699,0.0687689589041096,0.0566230191780822,0.0220217698630137,0.0690864328767125,0.0469110465753425
"101098",0.00568557260273972,0.0155897041095889,0.0693110301369864,0.0562367178082191,0.0222628273972603,0.0696008547945206,0.0468871890410959
"101099",0.00764528219178084,0.0168565479452055,0.0673578082191781,0.0556163506849315,0.0221528547945206,0.0683049205479451,0.0444903452054795
"101100",0.0117713753424656,0.0172787452054795,0.0698950520547944,0.0586057808219178,0.0205295999999999,0.0702901095890409,0.0447352438356164
"101101",0.0114553479452055,0.0172738849315069,0.0697728821917808,0.057973906849315,0.0215064493150685,0.0696076767123288,0.0437232821917809
"101102",0.0131766849315068,0.0178147945205479,0.0752709863013699,0.0623622191780822,0.0221849863013699,0.0743176164383561,0.0462384383561645
"101103",0.0212863287671233,0.0276210410958905,0.0795767671232878,0.0674257260273973,0.032729890410959,0.0790453424657535,0.0588642465753425
"101104",0.014716191780822,0.0208864109589041,0.0750266301369863,0.0624199726027397,0.0260456712328768,0.0743526575342466,0.0594174246575342
"101105",0.0121640602739725,0.0219495287671233,0.0695891397260274,0.0577800931506849,0.0283946410958903,0.0700119287671233,0.0535037917808219
"101106",0.0123769972602739,0.0233161643835617,0.0722023890410959,0.0588376931506849,0.0322540273972602,0.0713960383561644,0.0507126575342466
"101107",0.0098101369863014,0.0201249863013699,0.0702786849315068,0.0573600547945206,0.0277658630136987,0.0700881643835615,0.0486896986301369
"101108",0.00918391232876703,0.0170958904109589,0.0705786739726029,0.0576610191780822,0.0232811835616439,0.0701170849315069,0.0482958904109589
"101109",0.0106674630136987,0.0178873205479452,0.0738606246575343,0.0606383342465754,0.0236780273972604,0.0732960219178083,0.0493462794520547
"101110",0.0113323397260274,0.0186666520547945,0.0725228383561644,0.0599807506849315,0.0239881643835617,0.0723849753424658,0.0483313260273973
"101111",0.011420997260274,0.017759495890411,0.0724419506849315,0.0599610958904109,0.0225529424657535,0.0721391342465754,0.0478002630136986
"101112",0.0144359506849315,0.0278643616438357,0.0717937479452055,0.060439298630137,0.0352737041095891,0.0735504,0.0558857424657535
"101113",0.0126364383561642,0.0230475506849315,0.0714467506849313,0.0591582246575342,0.0301797534246575,0.0717027616438356,0.058038997260274
"101114",0.012183490410959,0.0205530739726028,0.0680740986301369,0.0569379999999999,0.0256467726027398,0.0687139945205479,0.0549387232876712
"101115",0.0153465863013699,0.0244585205479452,0.0740243287671233,0.0614836602739725,0.0314489863013698,0.0736480438356163,0.0557193643835615
"101116",0.0163190575342467,0.0254140109589042,0.077446597260274,0.0635432328767124,0.0339870958904109,0.0758678630136986,0.0545992602739725
"101117",0.00853961643835599,0.0194487232876711,0.0689312438356163,0.0563580931506847,0.0267934684931507,0.0692957808219177,0.0489829698630135
"101118",0.00992524931506855,0.0176358575342466,0.0707669260273973,0.0579497753424657,0.0237312,0.0702589808219177,0.049291002739726
"101119",0.0130262465753426,0.0184696767123288,0.0770143232876712,0.063701391780822,0.0233074849315069,0.0761542684931508,0.0534667397260273
"101120",0.0131086684931508,0.0183478356164384,0.0766631342465753,0.0636476383561645,0.0227090301369864,0.0760467616438357,0.0523809205479453
"101121",0.0150590136986302,0.0272371726027397,0.0716659397260273,0.0594971342465753,0.0357331999999999,0.0719091287671233,0.0561205479452054
"101122",0.0145595835616438,0.0200129534246574,0.0691450739726027,0.0577021369863013,0.0246772602739725,0.0684656876712327,0.0550942684931507
"101123",0.0135904438356165,0.0206476273972602,0.0694387726027397,0.0580828931506849,0.0255112767123288,0.0695113643835616,0.0552991561643836
"101124",0.0151511342465753,0.0212836602739727,0.0735648000000001,0.0607097753424658,0.0274895342465753,0.0720946520547946,0.055636010958904
"101125",0.0127183287671232,0.0239467123287671,0.0739136712328766,0.0597901643835617,0.0339003287671232,0.0725019726027397,0.0520404931506849
"101126",0.00901783013698632,0.0206494246575343,0.0711204602739727,0.0578389698630137,0.0290189589041097,0.0711204602739727,0.0515240876712331
"101127",0.0115490136986302,0.0179730465753425,0.0722992,0.0595766301369863,0.0233117095890413,0.0716344109589041,0.0524064054794521
"101128",0.0171113589041096,0.026594690410959,0.0697582356164384,0.0592678246575342,0.032160602739726,0.0706933808219177,0.0547419616438356
"101129",0.0157082301369863,0.0255561753424658,0.0688265315068493,0.0582968054794522,0.0312073808219179,0.0698992000000001,0.054515194520548
"101130",0.0109198465753425,0.0194260164383562,0.062213391780822,0.0519436054794521,0.0245827726027398,0.0629071780821918,0.0508096438356164
"101131",0.0136006356164384,0.020748,0.0666838027397261,0.0558236383561644,0.025699397260274,0.066755605479452,0.0538041863013698
"101132",0.0104297753424658,0.0245917260273973,0.0701609643835617,0.0572212273972604,0.034359605479452,0.0705541698630137,0.0539903890410959
"101133",0.0056950684931506,0.0264163561643834,0.0670366849315068,0.053840301369863,0.0392386849315068,0.0688395616438356,0.0512421369863013
"101134",0.00525476712328776,0.0242517041095891,0.0656863232876713,0.0539558794520548,0.0339773589041097,0.0688461205479453,0.0519719013698631
"101135",0.0169591068493151,0.0265037917808219,0.0694164493150685,0.0597211397260273,0.0307673917808219,0.0713653479452055,0.054907298630137
"101136",0.0135664,0.0207502246575342,0.0662477808219177,0.0561392438356164,0.0245310246575341,0.0672196383561643,0.0545032328767123
"101137",0.0117093150684932,0.0202526684931507,0.0643360164383562,0.0535664109589041,0.0258642465753424,0.0647065643835616,0.0529023890410959
"101138",0.00791465205479447,0.0219045698630136,0.0637560547945204,0.0520879342465752,0.0306439890410958,0.0648453698630136,0.0524271780821917
"101139",0.00414904109589043,0.0251046575342465,0.0623342465753425,0.050613698630137,0.0364898630136986,0.0653654794520547,0.0524942465753424
"101140",0.00766881643835626,0.0238543945205479,0.06842578630137,0.0557846191780822,0.0337244767123288,0.0698842520547945,0.0555980712328769
"101141",0.0175322301369862,0.025347008219178,0.0704177753424657,0.0609797589041096,0.0281853205479451,0.0724491780821918,0.0561288821917807
"101142",0.0121741150684931,0.021914016438356,0.0619460164383562,0.0538725917808219,0.0243025315068494,0.0654191123287671,0.0536776109589041
"101143",0.011629610958904,0.0247996273972603,0.064123506849315,0.053818104109589,0.0318560657534247,0.0660272438356165,0.053914191780822
"101144",0.00882153424657539,0.0229975068493151,0.0621359726027397,0.0511314520547945,0.0314935342465754,0.0635216164383562,0.0522662465753425
"101145",0.00770958904109587,0.0203178082191781,0.0659769863013698,0.0541282191780822,0.0279057534246575,0.0671342465753425,0.0570476712328768
"101146",0.00548600547945199,0.0202655178082192,0.0645773589041095,0.0526042520547946,0.0288415726027397,0.0662191561643836,0.0559779452054794
"101147",0.0186226849315069,0.0242205753424657,0.0752373424657534,0.0642404383561643,0.0275069315068492,0.0756644383561644,0.0605237260273972
"101148",0.0153696,0.0223135999999999,0.0700895999999999,0.0598943999999999,0.0254591999999999,0.071392,0.0589375999999999
"101149",0.0120051287671233,0.0269195342465753,0.0672591780821918,0.0565262630136987,0.034647994520548,0.0696291123287671,0.0569767726027397
"101150",0.0057739726027396,0.0269236493150684,0.0599784876712327,0.0492188821917807,0.0380312328767123,0.0633474082191779,0.0517101589041096
"101151",0.00483619726027396,0.0235855671232876,0.0606060712328769,0.0494989698630138,0.0336348493150685,0.0634026410958904,0.0530303123287671
"101152",0.00572372054794512,0.0201130849315069,0.0609515013698629,0.0499467616438356,0.028081709589041,0.062847895890411,0.052970317808219
"101153",0.0156750794520547,0.0272355342465753,0.0730655561643835,0.0623353917808219,0.0326458136986302,0.075268504109589,0.0615419287671233
"101154",0.0138757753424658,0.0251975397260273,0.0703658849315069,0.0606382575342467,0.0290336438356164,0.0736186027397261,0.061279304109589
"101155",0.00646770410958908,0.0299018356164384,0.0618885698630138,0.0515834904109589,0.0409008054794521,0.0666199342465753,0.0543267780821918
"101156",0.00905355616438341,0.0250963397260273,0.0659569424657535,0.0549865095890411,0.033235693150685,0.0686503999999999,0.0566117589041096
"101157",0.00997175890410951,0.0253499726027396,0.066714794520548,0.0560404273972601,0.0326993205479452,0.0696208876712329,0.0568287999999999
"101158",0.0171180493150684,0.0300862684931508,0.0787867835616438,0.0666689972602741,0.0371967342465753,0.0804911780821919,0.0649257863013699
