"","Andrena_carlini","Andrena_miserabilis","Osmia_atriventris","Osmia_bucephala","Osmia_lignaria","Osmia_pumila","Andrena_violae"
"100001",0,0,0,0,0,0,0
"100002",0,0,0,0,0,0,0
"100003",8.0158904109589e-05,6.85698630136986e-05,2.38465753424658e-05,7.50684931506793e-07,5.41972602739726e-05,1.91178082191781e-05,0.000101671232876712
"100004",0,0,0,0,0,0,0
"100005",0,0,0,0,0,0,0
"100006",7.65753424657535e-05,6.27890410958903e-05,2.89260273972602e-05,3.3095890410958e-06,4.60602739726027e-05,2.36767123287671e-05,9.85095890410958e-05
"100007",8.3495890410959e-05,6.35232876712329e-05,1.71342465753426e-05,5.05205479452045e-06,4.82465753424658e-05,1.64876712328767e-05,0.000104065753424657
"100008",0,0,0,0,0,0,0
"100009",0,0,0,0,0,0,0
"100010",0,0,0,0,0,0,0
"100011",7.5386301369863e-05,6.32821917808219e-05,2.77753424657534e-05,3.76986301369874e-06,4.94136986301369e-05,2.37260273972603e-05,9.55945205479452e-05
"100012",7.8958904109589e-05,6.71835616438357e-05,1.91287671232876e-05,1.36986301369868e-06,5.79561643835616e-05,1.84e-05,9.73643835616439e-05
"100013",8.33205479452055e-05,6.47999999999999e-05,6.84383561643832e-06,8.11506849315077e-06,5.94630136986301e-05,1.28767123287671e-05,0.00010481095890411
"100014",0,0,0,0,0,0,0
"100015",7.80438356164383e-05,6.66739726027396e-05,2.35342465753425e-05,6.13698630137034e-07,5.45479452054795e-05,2.03780821917809e-05,9.76821917808219e-05
"100016",7.24602739726027e-05,6.58410958904109e-05,2.95945205479454e-05,6.30684931506855e-06,5.54958904109589e-05,2.50904109589041e-05,9.38904109589041e-05
"100017",7.60602739726027e-05,6.68821917808219e-05,2.53863013698631e-05,2.53698630136982e-06,5.5890410958904e-05,2.18410958904112e-05,9.21369863013698e-05
"100018",0.000160087671232877,0.000147101369863014,3.6372602739726e-05,4.90958904109584e-06,0.000133293150684932,3.24273972602744e-05,0.000184547945205479
"100019",0.000222197260273973,0.000216756164383562,6.30739726027395e-05,7.54520547945189e-06,0.000210904109589041,6.0378082191781e-05,0.000285764383561644
"100020",0,0,0,0,0,0,0
"100021",7.9041095890411e-05,6.72493150684931e-05,2.18301369863015e-05,5.97260273972481e-07,5.55452054794521e-05,1.92383561643836e-05,9.23561643835616e-05
"100022",7.39397260273972e-05,6.68219178082192e-05,2.79287671232876e-05,4.77260273972608e-06,5.64109589041097e-05,2.36547945205479e-05,8.88e-05
"100023",0.000158827397260274,0.000136021917808219,4.28383561643835e-05,1.97260273972601e-06,0.00011305205479452,3.75452054794524e-05,0.000178465753424657
"100024",0.000181841095890411,0.000161884931506849,2.9917808219179e-06,3.0180821917808e-05,0.000155156164383561,8.32876712328779e-06,0.000184284931506849
"100025",0.000168186301369863,0.000149172602739726,1.74465753424659e-05,1.62958904109589e-05,0.000142169863013698,2.20493150684931e-05,0.000190202739726027
"100026",6.54301369863014e-05,5.87999999999999e-05,3.62301369863014e-05,1.32164383561644e-05,4.88054794520548e-05,3.19890410958904e-05,9.6690410958904e-05
"100027",0,0,0,0,0,0,0
"100028",7.16109589041096e-05,6.44657534246575e-05,2.92109589041095e-05,6.78356164383561e-06,5.49698630136987e-05,2.56438356164383e-05,8.72054794520548e-05
"100029",0.000153950684931507,0.000134257534246575,4.77808219178082e-05,2.90410958904115e-06,0.000112679452054794,4.17643835616435e-05,0.0001728
"100030",0.000248054794520548,0.000210065753424657,4.95945205479451e-05,1.42191780821916e-05,0.000178175342465753,4.57150684931508e-05,0.000262356164383561
"100031",0.000266975342465754,0.000225945205479452,2.06136986301369e-05,3.6213698630137e-05,0.000201550684931507,2.41315068493153e-05,0.000268717808219178
"100032",0.000249780821917808,0.000215293150684932,3.77424657534244e-05,1.9101369863014e-05,0.00019398904109589,3.98630136986301e-05,0.000274504109589041
"100033",7.44328767123287e-05,6.37589041095891e-05,2.40876712328766e-05,3.28219178082176e-06,5.46630136986302e-05,2.28273972602739e-05,9.65041095890412e-05
"100034",0,0,0,0,0,0,0
"100035",6.94082191780821e-05,6.33315068493151e-05,3.3095890410959e-05,9.49041095890408e-06,5.28438356164384e-05,2.81698630136986e-05,8.45534246575342e-05
"100036",7.70958904109588e-05,6.42191780821918e-05,2.47068493150684e-05,1.64383561643841e-06,5.11890410958903e-05,2.17315068493152e-05,8.67452054794521e-05
"100037",0.000160284931506849,0.000133106849315068,4.46027397260273e-05,2.40000000000006e-06,0.000105260273972603,3.81041095890411e-05,0.000172350684931507
"100038",0.000239572602739726,0.000201172602739726,6.44876712328768e-05,3.76438356164367e-06,0.000163413698630137,5.64164383561644e-05,0.000258213698630137
"100039",0.000229150684931506,0.000194087671232877,7.53041095890414e-05,6.75616438356201e-06,0.000157528767123287,6.62465753424662e-05,0.000264591780821918
"100040",7.53041095890411e-05,6.80986301369864e-05,2.42849315068493e-05,2.71232876712332e-06,5.96657534246575e-05,2.15561643835615e-05,8.68054794520549e-05
"100041",7.41698630136986e-05,6.21424657534247e-05,2.72383561643835e-05,4.44383561643827e-06,4.98575342465753e-05,2.43452054794521e-05,8.70246575342466e-05
"100042",7.94410958904109e-05,6.32821917808219e-05,2.10520547945206e-05,1.07397260273976e-06,4.9890410958904e-05,1.96657534246576e-05,8.89369863013699e-05
"100043",0.000149293150684931,0.000135846575342466,5.55068493150684e-05,8.44931506849321e-06,0.000114454794520548,4.60821917808219e-05,0.000165490410958904
"100044",0.000223989041095891,0.000196619178082192,8.7747945205479e-05,1.40876712328764e-05,0.000157183561643836,7.21315068493147e-05,0.0002472
"100045",0.000152372602739726,0.000132832876712329,5.48712328767124e-05,6.18082191780828e-06,0.000106443835616438,4.51397260273971e-05,0.000169775342465753
"100046",6.83232876712329e-05,6.06356164383562e-05,3.27945205479452e-05,1.01643835616438e-05,5.06301369863014e-05,2.91506849315068e-05,8.28712328767123e-05
"100047",7.51561643835616e-05,5.80109589041095e-05,2.6295890410959e-05,3.51232876712334e-06,4.33205479452054e-05,2.44821917808218e-05,8.6158904109589e-05
"100048",0.000165895890410959,0.000123287671232877,3.34684931506848e-05,9.57808219178083e-06,9.31726027397261e-05,3.4027397260274e-05,0.000176931506849315
"100049",0.000160810958904109,0.000136142465753425,3.7972602739726e-05,4.82191780821909e-06,0.000114871232876712,3.50136986301368e-05,0.000170619178082192
"100050",0.000239621917808219,0.000195797260273972,6.0805479452055e-05,4.88219178082158e-06,0.000158728767123288,5.63342465753425e-05,0.0002532
"100051",0.000162279452054795,0.000139419178082192,4.13260273972602e-05,4.82191780821909e-06,0.000114717808219178,3.47506849315065e-05,0.000168920547945206
"100052",6.80054794520548e-05,5.38410958904108e-05,3.22191780821919e-05,1.02575342465754e-05,4.16219178082192e-05,3.05753424657536e-05,8.24164383561644e-05
"100053",0.000144986301369863,0.000115967123287671,5.49260273972603e-05,1.13863013698626e-05,9.1682191780822e-05,5.21534246575341e-05,0.000163265753424658
"100054",0.000158991780821918,0.000120449315068493,4.12602739726028e-05,2.43287671232873e-06,9.14301369863016e-05,4.03397260273974e-05,0.000169895890410959
"100055",0.000158378082191781,0.000125994520547945,4.44273972602738e-05,1.08493150684924e-06,9.75780821917806e-05,4.04602739726028e-05,0.000171890410958904
"100056",0.000157808219178082,0.000112186301369863,4.23890410958905e-05,1.20547945205466e-06,7.99342465753426e-05,4.30465753424657e-05,0.000175013698630137
"100057",7.51726027397259e-05,6.43671232876713e-05,2.51452054794521e-05,3.09589041095899e-06,5.36164383561643e-05,2.27123287671234e-05,8.29424657534246e-05
"100058",0.000135079452054794,0.000100712328767123,6.31123287671233e-05,2.08109589041098e-05,7.54739726027398e-05,6.26520547945203e-05,0.000162268493150685
"100059",0.000214142465753425,0.000169923287671233,8.13863013698632e-05,1.90849315068495e-05,0.000136997260273972,8.02849315068494e-05,0.000239342465753425
"100060",0.00015546301369863,0.000111397260273973,4.09753424657536e-05,3.28767123286729e-08,8.31999999999999e-05,4.38027397260273e-05,0.000166882191780822
"100061",0.000150367123287671,0.000109698630136986,5.08931506849315e-05,6.52054794520558e-06,7.88054794520546e-05,4.97534246575344e-05,0.000166027397260274
"100062",0.000155430136986301,0.000106542465753424,4.28712328767126e-05,6.13698630137251e-07,7.44657534246576e-05,4.55013698630138e-05,0.000170827397260274
"100063",0.000125183561643836,8.41643835616439e-05,6.37917808219176e-05,2.79342465753425e-05,6.4e-05,7.09479452054794e-05,0.000161589041095891
"100064",0.000197868493150685,0.000140860273972603,9.50794520547947e-05,3.46849315068492e-05,0.000104317808219178,9.84821917808217e-05,0.000238602739726027
"100065",0.000221720547945206,0.000148158904109589,7.22958904109594e-05,1.12931506849314e-05,0.000102969863013699,7.85917808219178e-05,0.000241726027397261
"100066",0.000151013698630137,9.22301369863012e-05,4.59178082191781e-05,4.69041095890396e-06,5.6767123287671e-05,5.16164383561643e-05,0.000164
"100067",0.00014534794520548,9.33589041095893e-05,5.26246575342465e-05,1.06191780821917e-05,6.01315068493151e-05,5.61424657534245e-05,0.000164580821917808
"100068",0.000149961643835616,0.000110739726027397,4.55342465753425e-05,5.13972602739741e-06,8.56328767123286e-05,4.79342465753425e-05,0.000162356164383562
"100069",5.55506849315068e-05,3.60712328767123e-05,3.94739726027398e-05,2.11616438356166e-05,2.59835616438355e-05,4.24712328767123e-05,7.76054794520548e-05
"100070",5.34684931506849e-05,3.9441095890411e-05,4.38739726027397e-05,2.39068493150683e-05,2.98301369863014e-05,4.4131506849315e-05,7.67123287671233e-05
"100071",0.000200104109589041,0.000133446575342465,8.77479452054799e-05,3.09534246575346e-05,9.69205479452052e-05,9.66575342465758e-05,0.000233671232876712
"100072",0.00022106301369863,0.000133512328767123,7.40219178082193e-05,1.24109589041098e-05,8.08931506849318e-05,8.26520547945208e-05,0.000237024657534246
"100073",0.000152109589041096,9.0750684931507e-05,4.49205479452056e-05,3.6602739726028e-06,5.40164383561646e-05,5.11232876712329e-05,0.000161446575342466
"100074",0.000146706849315068,9.95287671232876e-05,4.94027397260272e-05,8.64657534246568e-06,7.01917808219178e-05,5.31287671232876e-05,0.000158224657534247
"100075",4.76602739726029e-05,3.41260273972603e-05,4.79013698630137e-05,2.91671232876713e-05,2.63287671232877e-05,4.92438356164383e-05,7.35890410958905e-05
"100076",9.67780821917808e-05,7.50027397260276e-05,9.71945205479451e-05,5.77095890410958e-05,5.9331506849315e-05,9.68219178082192e-05,0.000143758904109589
"100077",0.00010694794520548,7.0301369863014e-05,8.74301369863013e-05,4.77917808219175e-05,4.73753424657538e-05,9.00164383561644e-05,0.000147495890410959
"100078",0.000115956164383562,8.88328767123289e-05,7.47945205479452e-05,3.75780821917806e-05,7.35232876712328e-05,7.77315068493151e-05,0.000146958904109589
"100079",0.000133457534246575,8.93808219178084e-05,5.79506849315069e-05,2.04273972602737e-05,6.56438356164385e-05,6.41424657534244e-05,0.000149358904109589
"100080",0.000140339726027397,9.11342465753427e-05,5.40602739726025e-05,1.45095890410956e-05,6.23561643835616e-05,5.93753424657532e-05,0.000148854794520548
"100081",0.000149380821917808,9.08273972602741e-05,4.99068493150683e-05,7.04657534246565e-06,5.33808219178083e-05,5.39835616438355e-05,0.000155386301369863
"100082",0.000143002739726027,0.000103506849315068,5.74684931506848e-05,1.36328767123286e-05,7.38630136986303e-05,5.66027397260274e-05,0.000150323287671233
"100083",0,0,0,0,0,0,0
"100084",4.21369863013698e-05,2.24712328767123e-05,5.11671232876714e-05,3.40493150684933e-05,1.38246575342466e-05,5.53534246575342e-05,7.51671232876712e-05
"100085",4.1013698630137e-05,2.72602739726028e-05,5.54904109589042e-05,3.61041095890412e-05,1.85205479452054e-05,5.62465753424656e-05,7.12328767123288e-05
"100086",4.33698630136987e-05,2.7841095890411e-05,5.31835616438355e-05,3.37753424657534e-05,1.82356164383562e-05,5.42958904109588e-05,7.15945205479453e-05
"100087",0.000100887671232877,6.22904109589041e-05,8.25205479452055e-05,5.04876712328769e-05,4.81753424657534e-05,9.28657534246574e-05,0.00014801095890411
"100088",0.000216372602739726,0.000134991780821918,0.000157194520547945,8.84821917808221e-05,9.88493150684937e-05,0.000174290410958904,0.000292405479452055
"100089",0.000111397260273973,6.9950684931507e-05,7.91342465753424e-05,4.21917808219176e-05,4.81972602739726e-05,8.53369863013697e-05,0.000146235616438356
"100090",0.000119397260273973,7.98027397260273e-05,7.04328767123291e-05,3.39616438356167e-05,5.95287671232873e-05,7.67013698630139e-05,0.000145808219178082
"100091",0.000121172602739726,8.76602739726027e-05,7.01808219178081e-05,3.26027397260275e-05,6.88876712328767e-05,7.41150684931506e-05,0.000143945205479452
"100092",0.000129819178082192,8.24328767123287e-05,6.18520547945207e-05,2.41753424657532e-05,5.69095890410958e-05,6.85917808219178e-05,0.000145161643835617
"100093",0.000130202739726027,8.85041095890411e-05,6.40328767123287e-05,2.45369863013699e-05,6.33534246575343e-05,6.78246575342464e-05,0.000143112328767123
"100094",0.000140372602739726,9.70630136986302e-05,5.6931506849315e-05,1.53205479452054e-05,6.84493150684932e-05,5.90136986301369e-05,0.000150060273972603
"100095",0.000146257534246575,0.000100975342465753,4.93369863013697e-05,8.9205479452052e-06,7.29643835616438e-05,5.29863013698628e-05,0.000151134246575343
"100096",0,0,0,0,0,0,0
"100097",3.38246575342467e-05,1.80931506849316e-05,6.55945205479451e-05,4.42082191780822e-05,5.85753424657532e-06,6.48328767123287e-05,7.14410958904111e-05
"100098",3.83232876712328e-05,1.61534246575343e-05,5.93260273972602e-05,3.92164383561645e-05,2.49315068493144e-06,6.11506849315069e-05,7.36657534246575e-05
"100099",8.71013698630139e-05,3.26136986301372e-05,0.000101906849315068,6.61260273972601e-05,6.15890410958888e-06,0.000111967123287671,0.000148547945205479
"100100",8.88657534246576e-05,3.61534246575341e-05,0.000100854794520548,6.45808219178082e-05,9.89589041095872e-06,0.000110060273972603,0.000146345205479452
"100101",8.70794520547943e-05,4.23780821917808e-05,0.000105216438356164,6.7090410958904e-05,1.75561643835616e-05,0.000110958904109589,0.00014134794520548
"100102",0.00013987397260274,8.14520547945206e-05,0.000148043835616439,9.11342465753427e-05,4.86904109589042e-05,0.000155128767123288,0.000206695890410959
"100103",0.000139923287671232,8.02849315068494e-05,0.000142356164383562,8.93589041095887e-05,5.19452054794523e-05,0.000153468493150685,0.000210147945205479
"100104",0.000194805479452055,0.00011281095890411,0.000180427397260274,0.000110575342465754,7.48931506849319e-05,0.000196536986301369,0.000287123287671233
"100105",0.000267150684931507,0.000155534246575343,0.000211561643835617,0.000117616438356165,9.53424657534245e-05,0.000227232876712329,0.000345972602739726
"100106",0.000247013698630137,0.000141808219178082,0.000135079452054795,6.06904109589045e-05,8.70575342465756e-05,0.000151671232876713,0.00028348493150685
"100107",0.000127419178082192,8.1972602739726e-05,6.37041095890409e-05,2.63890410958901e-05,5.78520547945204e-05,7.03890410958903e-05,0.000141939726027397
"100108",0.00019027397260274,0.000123205479452055,9.47671232876708e-05,3.99287671232875e-05,8.89643835616438e-05,0.000105649315068493,0.000211709589041096
"100109",0.000190734246575343,0.000119424657534247,9.56054794520544e-05,3.99123287671234e-05,8.20931506849316e-05,0.000106553424657534,0.000210542465753425
"100110",0.000126191780821918,8.59945205479453e-05,6.71671232876712e-05,2.82630136986301e-05,6.23123287671232e-05,7.12109589041095e-05,0.000140328767123288
"100111",6.56438356164383e-05,4.96054794520548e-05,3.19397260273973e-05,1.18246575342466e-05,3.88547945205479e-05,3.24767123287672e-05,7.25095890410959e-05
"100112",0.000103906849315068,2.67452054794519e-05,0.000186230136986302,0.000127939726027397,1.66520547945207e-05,0.000195895890410959,0.000216953424657534
"100113",6.92493150684932e-05,1.97479452054795e-05,0.000129293150684931,8.68712328767124e-05,1.28328767123286e-05,0.000131890410958904,0.000145578082191781
"100114",0.000110827397260274,3.17424657534245e-05,0.000186049315068493,0.000123106849315068,1.85424657534248e-05,0.000191638356164384,0.000213928767123288
"100115",0.000184684931506849,5.60273972602743e-05,0.000304849315068493,0.000203589041095891,2.1643835616438e-05,0.000316986301369863,0.000349506849315069
"100116",0.000229150684931507,0.000104120547945205,0.000350695890410959,0.000234180821917809,3.12328767123286e-05,0.000363945205479452,0.000403693150684932
"100117",0.000278630136986301,0.000130619178082192,0.000304569863013699,0.000185917808219178,4.41205479452056e-05,0.000320580821917808,0.000404547945205479
"100118",0.000315682191780822,0.000145676712328766,0.000262158904109589,0.000147419178082192,5.36876712328768e-05,0.000286553424657534,0.000412767123287671
"100119",0.000389813698630137,0.000208657534246575,0.000272175342465753,0.00014655890410959,0.000120131506849315,0.000305008219178083,0.000479797260273972
"100120",0.000376465753424657,0.000212684931506849,0.000276854794520547,0.000157106849315069,0.000139884931506849,0.000311720547945205,0.000468865753424657
"100121",0.000344284931506849,0.000182465753424657,0.00020801095890411,0.000110860273972602,0.000116942465753425,0.000247693150684932,0.000411090410958903
"100122",0.000286794520547945,0.000179287671232877,0.000190876712328768,9.76164383561648e-05,0.000121917808219178,0.000206328767123288,0.000326712328767123
"100123",0.000305123287671233,0.000201123287671232,0.000181780821917808,8.21095890410958e-05,0.000137205479452054,0.000190301369863014,0.000322657534246575
"100124",0.000262597260273973,0.000167430136986301,0.000124471232876712,4.65534246575344e-05,0.000112942465753425,0.000135539726027398,0.000263320547945205
"100125",0.000261939726027397,0.000157808219178083,0.000113621917808219,4.37260273972607e-05,0.000109304109589041,0.000134334246575343,0.000269347945205479
"100126",0.000321561643835616,0.000211424657534247,0.000146410958904109,5.9890410958904e-05,0.00016145205479452,0.000168931506849315,0.000339041095890411
"100127",0.000194580821917808,0.000128630136986301,9.27780821917811e-05,3.63287671232876e-05,9.28602739726026e-05,0.000101868493150685,0.000208043835616439
"100128",0.000124756164383562,9.37753424657534e-05,7.05972602739727e-05,3.02246575342468e-05,7.26136986301368e-05,7.12986301369864e-05,0.000134915068493151
"100129",0.000311616438356165,0.000147506849315068,0.000163095890410959,7.23835616438361e-05,6.65205479452053e-05,0.000192849315068493,0.000346219178082191
"100130",0.000297369863013698,0.000175260273972602,0.000177342465753425,8.62739726027392e-05,0.000113753424657534,0.000197972602739726,0.000330794520547945
"100131",0.000244471232876712,0.000134991780821918,0.000129402739726027,6.07342465753424e-05,8.55232876712329e-05,0.000152416438356165,0.000262180821917809
"100132",0.000192953424657534,0.000107194520547946,9.35178082191782e-05,3.78410958904109e-05,6.30410958904109e-05,0.000107506849315069,0.000194958904109589
"100133",0.000264460273972603,0.000169117808219178,0.000128043835616438,4.63561643835615e-05,0.000109698630136986,0.000135517808219177,0.000249863013698631
"100134",0.000272,0.000176810958904109,0.000120679452054794,3.88602739726032e-05,0.00011732602739726,0.000128,0.000245983561643836
"100135",0.000251441095890411,0.000164909589041096,0.000126487671232877,5.48164383561648e-05,0.000122520547945205,0.000141786301369863,0.000249687671232877
"100136",0.000381895890410959,0.000254498630136987,0.000180690410958904,7.61095890410958e-05,0.000195813698630137,0.000205972602739726,0.000386728767123288
"100137",0.000237830136986302,0.000182991780821918,0.000146323287671233,7.00712328767124e-05,0.000149786301369863,0.000150575342465753,0.000251901369863014
"100138",0.000220931506849315,0.000194805479452055,0.000174860273972603,9.03013698630136e-05,0.000164602739726028,0.000165084931506849,0.000241928767123288
"100139",0.000171550684931506,9.2531506849315e-05,0.000112191780821918,5.83397260273976e-05,5.39178082191779e-05,0.000126542465753425,0.000188876712328767
"100140",0.000113797260273973,7.35013698630138e-05,7.68986301369862e-05,3.98356164383559e-05,5.21424657534248e-05,8.27397260273973e-05,0.000121928767123288
"100141",0.000122487671232877,7.17150684931506e-05,6.77479452054794e-05,3.11013698630134e-05,4.59178082191781e-05,7.61863013698629e-05,0.000125260273972603
"100142",0.000199808219178082,0.000106701369863014,8.72054794520548e-05,3.12164383561644e-05,5.86684931506848e-05,0.000102443835616438,0.000189106849315068
"100143",0.000197819178082191,0.000133101369863014,9.52931506849313e-05,3.48493150684939e-05,9.2843835616438e-05,0.000100273972602739,0.000176038356164383
"100144",0.000261457534246575,0.000178542465753425,0.00012745205479452,4.8131506849315e-05,0.000128087671232877,0.000134619178082192,0.000231079452054794
"100145",0.000195271232876712,0.000126197260273972,8.76328767123289e-05,3.42904109589042e-05,9.2958904109589e-05,0.00010038904109589,0.000183484931506849
"100146",0.000193972602739726,0.000133331506849315,9.04931506849316e-05,3.59835616438359e-05,0.000102608219178082,0.000100356164383562,0.000186213698630137
"100147",0.000292986301369863,0.000237671232876713,0.000186328767123288,9.15068493150687e-05,0.000203068493150685,0.000189342465753425,0.000299095890410959
"100148",0.000291534246575343,0.000233780821917808,0.000192547945205479,9.44383561643832e-05,0.000193835616438356,0.000192904109589041,0.000303178082191781
"100149",0.000251879452054794,0.000194739726027397,0.000128394520547945,5.48383561643833e-05,0.000163901369863014,0.00013573698630137,0.000257293150684932
"100150",0.000278246575342466,0.000162328767123287,0.000198739726027397,0.000106054794520547,0.000101698630136987,0.000216493150684931,0.000285972602739726
"100151",0.00011493698630137,7.26246575342465e-05,7.77972602739726e-05,3.93424657534249e-05,4.85369863013701e-05,8.27178082191782e-05,0.000114202739726027
"100152",0.000124306849315069,7.32712328767125e-05,6.87671232876713e-05,3.01479452054793e-05,4.48219178082192e-05,7.53643835616439e-05,0.000118827397260274
"100153",0.000129106849315068,7.87726027397261e-05,6.5260273972603e-05,2.57424657534246e-05,4.95123287671234e-05,7.08383561643835e-05,0.000114860273972603
"100154",0.000131101369863014,8.94794520547948e-05,6.50191780821917e-05,2.42082191780823e-05,6.27068493150684e-05,6.75287671232875e-05,0.00011038904109589
"100155",0.000199923287671233,0.000136865753424657,9.0772602739726e-05,3.19726027397265e-05,9.9484931506849e-05,9.70027397260275e-05,0.000168476712328767
"100156",0.0001932,0.000134301369863014,9.43397260273972e-05,3.76931506849312e-05,0.000101671232876712,0.000101769863013698,0.000171846575342466
"100157",0.000195402739726027,0.000142043835616438,9.25479452054795e-05,3.5572602739726e-05,0.000111616438356164,9.84986301369862e-05,0.000173210958904109
"100158",0.000253019178082192,0.000191320547945205,0.000128920547945206,5.42465753424655e-05,0.000156843835616438,0.000136131506849315,0.000234432876712329
"100159",0.000384526027397261,0.000273139726027397,0.000189698630136987,7.69643835616439e-05,0.000211594520547946,0.000203736986301369,0.000368087671232878
"100160",0.000301506849315069,0.000236794520547945,0.000179753424657534,8.36438356164385e-05,0.000196109589041096,0.000183506849315068,0.00030254794520548
"100161",0.000405156164383562,0.000210767123287671,0.00027558904109589,0.000137123287671233,9.94958904109592e-05,0.000298756164383561,0.000373742465753425
"100162",0.000118465753424657,6.63890410958904e-05,7.69095890410959e-05,3.67123287671233e-05,3.54301369863016e-05,8.21917808219177e-05,0.000105435616438356
"100163",6.21863013698631e-05,3.76931506849315e-05,3.61315068493151e-05,1.55835616438356e-05,2.23616438356164e-05,3.80164383561644e-05,5.39123287671233e-05
"100164",0.000132350684931507,8.54356164383563e-05,6.47561643835615e-05,2.33095890410959e-05,5.53205479452055e-05,6.77589041095893e-05,0.000108668493150685
"100165",0.000129676712328767,8.95452054794524e-05,6.69589041095891e-05,2.57863013698625e-05,6.30027397260275e-05,6.87999999999999e-05,0.000104942465753425
"100166",0.000387057534246575,0.000283561643835616,0.000200778082191781,7.85424657534246e-05,0.000213567123287671,0.000204,0.000311934246575342
"100167",0.000321890410958904,0.000247643835616438,0.000171424657534247,6.70684931506852e-05,0.000191890410958903,0.000169178082191782,0.000256356164383562
"100168",0.00032572602739726,0.000245561643835617,0.000168520547945205,6.35616438356161e-05,0.000186191780821918,0.000166958904109588,0.00026695890410959
"100169",0.000410005479452055,0.000280109589041096,0.000168197260273973,5.28657534246569e-05,0.000206432876712328,0.000183616438356165,0.000347769863013698
"100170",0.000335945205479452,0.000228602739726027,0.000148054794520548,5.04109589041096e-05,0.000165698630136987,0.000159260273972603,0.000297616438356164
"100171",0.000414438356164383,0.000321041095890411,0.000275589041095891,0.000129835616438356,0.000248394520547945,0.000270564383561644,0.000398098630136986
"100172",0.0005385698630137,0.000448421917808221,0.000318624657534246,0.000151693150684931,0.000395408219178082,0.00032572602739726,0.00052949589041096
"100173",0.000417353424657534,0.000215523287671233,0.000260553424657534,0.000124082191780822,0.000103293150684932,0.000287249315068494,0.000357709589041096
"100174",0.000236230136986301,0.000118246575342466,0.000156186301369863,7.47397260273978e-05,4.84164383561638e-05,0.000168635616438356,0.000199671232876712
"100175",0.000118169863013699,7.49369863013701e-05,8.02849315068492e-05,3.78739726027396e-05,4.53369863013696e-05,8.15780821917808e-05,9.59123287671236e-05
"100176",0.0001224,8.79561643835616e-05,7.71506849315069e-05,3.39068493150686e-05,6.14794520547946e-05,7.58027397260272e-05,9.61424657534248e-05
"100177",0.000184684931506849,0.00013893698630137,0.000111813698630137,4.88712328767125e-05,0.000104465753424657,0.0001104,0.000146235616438356
"100178",0.000127024657534246,8.86465753424657e-05,6.9468493150685e-05,2.83726027397262e-05,6.30465753424657e-05,7.10246575342465e-05,0.000100328767123288
"100179",0.000334657534246574,0.000238082191780821,0.000161972602739726,5.55068493150682e-05,0.000168958904109589,0.000162383561643836,0.0002486301369863
"100180",0.000274367123287671,0.000187616438356165,0.000119561643835617,3.68e-05,0.00013093698630137,0.000124208219178082,0.000212339726027397
"100181",0.000338082191780822,0.000227753424657534,0.00014145205479452,4.69315068493152e-05,0.000167452054794521,0.00015627397260274,0.000280547945205479
"100182",0.000401589041095891,0.000277709589041096,0.000171517808219178,5.96383561643843e-05,0.000211331506849315,0.000189008219178081,0.00033787397260274
"100183",0.000506345205479452,0.000352438356164384,0.000265906849315069,0.000111035616438356,0.000262005479452054,0.000281380821917808,0.000452383561643835
"100184",0.000561649315068493,0.000379084931506849,0.000301463013698631,0.000131227397260274,0.000278087671232876,0.000324690410958905,0.00052293698630137
"100185",0.000654334246575343,0.000280816438356164,0.000385452054794521,0.0001892,0.000100898630136986,0.000456756164383561,0.00056561095890411
"100186",0.000449446575342466,0.000229479452054795,0.000330213698630137,0.000170783561643836,0.000101786301369863,0.000355112328767124,0.000377687671232876
"100187",0.000219287671232876,0.000147704109589041,0.000177424657534247,9.2624657534247e-05,9.56054794520548e-05,0.000176920547945206,0.000174399999999999
"100188",0.000176646575342465,0.000121824657534246,0.000121134246575342,5.7369863013699e-05,8.20109589041093e-05,0.000120821917808219,0.000135616438356164
"100189",0.000433846575342466,0.000289243835616439,0.000258252054794521,0.000111501369863014,0.000190975342465753,0.000263008219178082,0.000328021917808219
"100190",0.000178898630136987,0.000129534246575343,0.000117221917808219,5.45589041095885e-05,9.36986301369866e-05,0.000116843835616438,0.000137424657534247
"100191",0.000253282191780821,0.000178213698630137,0.000143101369863014,5.85424657534254e-05,0.0001248,0.000143561643835617,0.000189347945205479
"100192",0.000409545205479452,0.000262882191780822,0.000177764383561644,5.62520547945202e-05,0.000173391780821918,0.000190717808219178,0.000304043835616438
"100193",0.000336191780821918,0.000210794520547945,0.00014227397260274,4.86301369863008e-05,0.000144438356164384,0.000161095890410959,0.000266054794520547
"100194",0.000457090410958904,0.000305928767123288,0.000213298630136985,8.16219178082179e-05,0.00022388493150685,0.000234010958904109,0.000374356164383562
"100195",0.000635999999999999,0.000412273972602739,0.000322465753424657,0.00013386301369863,0.000290739726027396,0.000353205479452055,0.000541260273972603
"100196",0.000720657534246575,0.00047815890410959,0.000424175342465754,0.000201402739726029,0.000349084931506849,0.000459024657534246,0.000654115068493151
"100197",0.000940027397260275,0.000601068493150687,0.000468657534246573,0.000205890410958904,0.000442931506849317,0.000534904109589042,0.000857013698630138
"100198",0.000771221917808219,0.000458564383561644,0.000356580821917809,0.000146104109589042,0.000312065753424658,0.000417994520547945,0.000696854794520549
"100199",0.00121657534246575,0.000525616438356167,0.00111958904109589,0.000690821917808219,0.000213835616438358,0.00126520547945205,0.00107027397260274
"100200",0.00134378630136986,0.000656876712328766,0.00122572602739726,0.000729961643835618,0.000306690410958904,0.00133905205479452,0.00113044931506849
"100201",0.000739824657534246,0.000354526027397261,0.000506964383561645,0.000262065753424658,0.000152082191780822,0.000566942465753425,0.000589879452054794
"100202",0.000526980821917808,0.000313002739726028,0.000344712328767123,0.000168854794520548,0.000189764383561645,0.000369073972602741,0.000401819178082193
"100203",0.000608602739726027,0.000382794520547946,0.000362082191780822,0.000165041095890411,0.000249534246575343,0.000385095890410959,0.000450520547945206
"100204",0.000667715068493151,0.000454043835616438,0.00040064109589041,0.000183172602739725,0.00032294794520548,0.000418,0.000490027397260276
"100205",0.000244427397260274,0.000162827397260274,0.00014667397260274,6.58410958904107e-05,0.000111057534246576,0.000152087671232877,0.000177095890410959
"100206",0.000590449315068492,0.000372575342465754,0.000288887671232876,0.000107704109589041,0.000240657534246576,0.000308958904109589,0.000424208219178083
"100207",0.000682575342465755,0.000402630136986302,0.000275945205479453,8.78356164383549e-05,0.000255013698630138,0.000318904109589039,0.000498904109589042
"100208",0.000661863013698631,0.000406191780821918,0.000288328767123288,0.000105753424657535,0.000277205479452055,0.000331561643835616,0.000505095890410959
"100209",0.000909808219178082,0.000561994520547945,0.000410257534246576,0.000161632876712328,0.000395145205479451,0.000475386301369864,0.000731835616438357
"100210",0.000854805479452055,0.000534071232876713,0.000461424657534248,0.000215254794520548,0.000383178082191781,0.000523254794520549,0.000736898630136986
"100211",0.000815298630136987,0.00049678904109589,0.000507682191780823,0.00025683287671233,0.000340832876712327,0.000564526027397261,0.000738049315068493
"100212",0.000758986301369863,0.000447484931506851,0.00048238904109589,0.000240624657534246,0.000284076712328767,0.000529901369863013,0.000694805479452054
"100213",0.000526093150684932,0.000370701369863013,0.000330756164383562,0.00016466301369863,0.000287753424657535,0.000352257534246576,0.000492164383561644
"100214",0.00163671780821917,0.000701884931506851,0.00184574246575343,0.00119312328767123,0.000259101369863013,0.0020253698630137,0.00147493150684931
"100215",0.00165461917808219,0.000845063013698633,0.00174752876712329,0.00110209315068493,0.000448569863013698,0.00189133150684932,0.00136287123287671
"100216",0.00122712328767123,0.000645753424657537,0.00114780821917808,0.000691232876712328,0.000350547945205483,0.00124369863013699,0.00097876712328767
"100217",0.00120029589041096,0.000669282191780824,0.000910980821917803,0.000494608219178079,0.000381654794520552,0.000985238356164379,0.000909534246575344
"100218",0.00130753424657534,0.000779731506849318,0.000928065753424655,0.000472854794520545,0.000466427397260275,0.000980871232876705,0.00094117260273973
"100219",0.000866547945205479,0.000569917808219177,0.000596794520547946,0.000295808219178084,0.000382931506849316,0.000617260273972603,0.000611424657534247
"100220",0.0005277698630137,0.000337512328767125,0.000346684931506849,0.000168706849315069,0.000222805479452056,0.000364043835616437,0.000368778082191781
"100221",0.00043465205479452,0.000269375342465752,0.000240569863013699,0.000105671232876713,0.000176438356164384,0.000261090410958904,0.000303972602739726
"100222",0.000707556164383562,0.000426860273972603,0.00035465205479452,0.000142065753424658,0.000270208219178083,0.000390756164383561,0.000492558904109588
"100223",0.00103574794520548,0.000631846575342467,0.000495079452054794,0.000195594520547945,0.000418454794520549,0.000556098630136986,0.000749150684931506
"100224",0.000807994520547946,0.000521994520547946,0.00042426301369863,0.000188553424657534,0.000378389041095892,0.00047234520547945,0.000620936986301371
"100225",0.000983758904109589,0.000617380821917807,0.000523835616438361,0.000240131506849317,0.000441950684931506,0.000592219178082193,0.000784569863013698
"100226",0.000969556164383562,0.000559167123287671,0.000543561643835616,0.000256438356164384,0.000358487671232876,0.000617819178082192,0.000806838356164382
"100227",0.000940542465753424,0.000583775342465755,0.000685216438356163,0.000366920547945206,0.00039123287671233,0.000734772602739724,0.000838821917808222
"100228",0.00086987397260274,0.000570301369863014,0.000667528767123287,0.000362608219178082,0.000399517808219178,0.000701457534246573,0.000788427397260275
"100229",0.000740350684931506,0.000441172602739725,0.000612241095890411,0.000340679452054795,0.000268032876712327,0.000645073972602741,0.000710432876712326
"100230",0.00247430136986301,0.000950465753424654,0.00321632876712329,0.0021281095890411,0.000190027397260283,0.00348065753424658,0.00217742465753425
"100231",0.00241523835616439,0.00129210410958904,0.00307487671232876,0.00198016438356165,0.000645895890410961,0.00319918356164384,0.0019673589041096
"100232",0.00231889315068493,0.00156200547945206,0.00292132602739726,0.00185434520547945,0.00105780821917809,0.00294588493150685,0.00183274520547945
"100233",0.00194373698630137,0.00127021369863014,0.00205157260273972,0.00123089863013699,0.00082718904109589,0.00208055342465754,0.00143511232876713
"100234",0.00145400547945206,0.000909194520547944,0.00128109589041096,0.000716800000000004,0.000561380821917801,0.00131500273972603,0.00102104109589041
"100235",0.00142850410958904,0.000875879452054796,0.00108174246575342,0.000578553424657534,0.000557326027397258,0.00114314520547945,0.000995835616438356
"100236",0.00145115616438356,0.000836416438356167,0.00105324931506849,0.000554619178082191,0.000494356164383564,0.00113203287671233,0.000990136986301366
"100237",0.000908712328767124,0.000549347945205478,0.000625797260273973,0.000323419178082193,0.000353402739726026,0.000674630136986301,0.000631671232876713
"100238",0.00102172054794521,0.000599320547945207,0.000509632876712327,0.000209972602739725,0.000376986301369862,0.000574334246575341,0.000718202739726028
"100239",0.000862986301369863,0.000417353424657534,0.000370980821917808,0.000135484931506849,0.00019824109589041,0.000452684931506849,0.000615523287671232
"100240",0.000811342465753425,0.000468427397260274,0.000422695890410961,0.00018627397260274,0.000296969863013698,0.000481961643835618,0.000594082191780821
"100241",0.000897287671232878,0.000572958904109589,0.000542054794520547,0.000257917808219175,0.000394356164383563,0.000584630136986302,0.000679561643835615
"100242",0.000933961643835617,0.000625797260273973,0.000620186301369863,0.000303780821917808,0.000436252054794521,0.000644734246575341,0.000718641095890413
"100243",0.00116311232876712,0.000805594520547945,0.000886717808219181,0.000464071232876714,0.00056970410958904,0.000902021917808221,0.000936657534246575
"100244",0.00118293698630137,0.000782717808219174,0.000947265753424659,0.000516668493150685,0.000538969863013699,0.000980416438356165,0.000999101369863011
"100245",0.000829282191780823,0.000523747945205481,0.000721972602739726,0.000407583561643837,0.000337972602739729,0.000747923287671232,0.000746082191780822
"100246",0.000725260273972602,0.000454602739726025,0.000714739726027399,0.000429698630136985,0.000300328767123286,0.000745150684931507,0.000741698630136985
"100247",0.00387506849315067,0.00171695342465752,0.00871145205479454,0.00644975342465753,0.000871890410958892,0.00923682191780822,0.00385047671232877
"100248",0.0039964493150685,0.00101264657534247,0.00572769315068493,0.00394117260273973,0.000339638356164379,0.00635340273972602,0.00348414246575343
"100249",0.00370318356164384,0.00209797808219178,0.00538839452054794,0.00350750136986301,0.00103089863013699,0.00545158356164384,0.00304581369863015
"100250",0.00403082191780822,0.00302003835616439,0.00649387397260275,0.00427824109589041,0.00212299726027397,0.00634143561643835,0.00340113424657534
"100251",0.00350919452054795,0.00212298082191781,0.00461889315068494,0.00293024109589041,0.00117973698630137,0.00465618630136987,0.00271921643835617
"100252",0.00227196712328767,0.00125882739726028,0.00233145753424657,0.0013765205479452,0.000618082191780819,0.00240176438356164,0.00165620273972603
"100253",0.00243366575342466,0.00139239452054795,0.00221483835616438,0.00127640547945206,0.000781676712328767,0.00232346301369863,0.00169538630136987
"100254",0.00260058082191781,0.00166776986301369,0.00230995068493151,0.0013310301369863,0.00112479452054794,0.00240636164383562,0.00173707397260274
"100255",0.00322292054794521,0.00183055890410959,0.0021888,0.00115061917808219,0.00112938082191782,0.00242398356164383,0.00217349589041096
"100256",0.00201696438356165,0.000902487671232872,0.00101067397260274,0.000437830136986297,0.000363484931506848,0.00122213698630137,0.001344
"100257",0.00124193424657534,0.000624476712328768,0.000761293150684933,0.000373167123287672,0.00030941917808219,0.000864394520547949,0.000860942465753422
"100258",0.000985254794520548,0.000575112328767124,0.000647117808219178,0.00032472328767123,0.000352109589041097,0.000703846575342466,0.000698257534246578
"100259",0.00115467945205479,0.00066817534246575,0.000670465753424658,0.000309934246575341,0.000405194520547943,0.000739490410958908,0.000818509589041096
"100260",0.00153876712328768,0.000896027397260274,0.000893424657534246,0.000397671232876713,0.000521643835616439,0.000964383561643835,0.0010882191780822
"100261",0.00102161095890411,0.000647901369863015,0.00075146301369863,0.000378739726027397,0.000400241095890416,0.000768526027397257,0.000754717808219181
"100262",0.00108241095890411,0.000699835616438358,0.000881424657534248,0.00047123287671233,0.000445260273972604,0.000897424657534247,0.000841205479452056
"100263",0.000938761643835617,0.000625216438356165,0.000798509589041096,0.000449950684931508,0.000437030136986302,0.000826421917808219,0.000781841095890412
"100264",0.000808268493150684,0.000541764383561641,0.000835002739726028,0.000503852054794522,0.000375676712328767,0.00085316712328767,0.000769890410958905
"100265",0.000662410958904108,0.000451912328767122,0.00065389589041096,0.000406728767123287,0.000351956164383561,0.000691638356164384,0.000640854794520548
"100266",0.0070398904109589,0.0016813698630137,0.010470301369863,0.00738136986301369,0.000521589041095893,0.0117633424657534,0.00634860273972604
"100267",0.00605712328767122,0.00185109041095891,0.0080373205479452,0.00555327123287672,0.000134136986301353,0.00905927671232878,0.0050024712328767
"100268",0.00529378630136987,0.00279548493150686,0.00897755616438356,0.00616737534246575,0.00138141369863015,0.00926004383561643,0.00450020821917807
"100269",0.00549975342465758,0.00416536986301369,0.0128875287671233,0.0092046301369863,0.00313553972602743,0.0127807780821918,0.00552277808219176
"100270",0.00598520547945205,0.0029455890410959,0.00990361643835616,0.00673471232876713,0.00117715068493152,0.0102191506849315,0.00519320547945207
"100271",0.00472910684931509,0.00218807671232878,0.00549657534246575,0.00350080547945204,0.000846032876712338,0.00587767123287671,0.00370307945205479
"100272",0.00289807123287672,0.00186058082191781,0.00358679452054794,0.00227579726027397,0.00120416438356165,0.00365030684931505,0.00208342465753426
"100273",0.00297902465753425,0.00254071232876713,0.00404541369863014,0.002592,0.00210003287671233,0.0039290301369863,0.00196944657534247
"100274",0.0040885205479452,0.00247821917808219,0.0034863890410959,0.00199339726027396,0.00158865753424657,0.00369287123287672,0.00259812602739726
"100275",0.00280441095890412,0.00130380273972603,0.00186817534246575,0.000964158904109585,0.000541819178082194,0.00212270684931506,0.00176480547945206
"100276",0.00388746849315069,0.00181175342465754,0.00249313424657534,0.00126290410958904,0.000766553424657548,0.00285218082191781,0.00252764383561645
"100277",0.00168724383561644,0.000955649315068495,0.00108595068493151,0.000544246575342466,0.000570624657534245,0.00119734246575343,0.00114029589041096
"100278",0.00123276712328767,0.000724273972602739,0.000686684931506851,0.000308273972602739,0.000450739726027397,0.00075978082191781,0.000839671232876711
"100279",0.00147866301369863,0.00078667397260274,0.000815605479452058,0.000368482191780824,0.000428580821917809,0.000927123287671236,0.000994586301369862
"100280",0.00102762739726028,0.000640010958904109,0.000715068493150686,0.00036345205479452,0.000412767123287673,0.000755506849315069,0.000714279452054795
"100281",0.00101036712328767,0.000659243835616437,0.000756098630136988,0.000387715068493152,0.000427956164383562,0.000772569863013699,0.000714279452054795
"100282",0.00129505753424657,0.000784520547945203,0.000931216438356166,0.000482306849315068,0.000487473972602737,0.000986416438356164,0.000963983561643834
"100283",0.000918246575342466,0.000583298630136987,0.000819320547945208,0.000470761643835617,0.00038505205479452,0.000851671232876713,0.000752252054794521
"100284",0.00077398904109589,0.00053049315068493,0.000893780821917808,0.000545490410958905,0.000353413698630137,0.000890613698630135,0.000677298630136988
"100285",0.000985660273972601,0.000609342465753424,0.00123116164383561,0.000787671232876715,0.000383249315068494,0.00126355068493151,0.000962597260273975
"100286",0.00054580821917808,0.00031651506849315,0.000776405479452055,0.000525249315068494,0.000202597260273971,0.000814301369863015,0.000642772602739726
"100287",0.00789080547945203,0.0017974794520548,0.0143785424657534,0.0101783890410959,0.00113667945205478,0.0155152219178082,0.00733604383561642
"100288",0.00781836164383559,0.00215960547945204,0.0114524876712329,0.00795220273972602,0.000328931506849317,0.0126933534246575,0.00646974246575341
"100289",0.00843523287671233,0.000418241095890393,0.0152735452054795,0.011085501369863,0.0029403616438356,0.0171746410958904,0.00772971506849313
"100290",0.00863876712328765,0.000651780821917802,0.0218168493150685,0.0161858904109589,0.00492219178082187,0.0237205479452055,0.00960397260273976
"100291",0.0092338904109589,0.00178958904109588,0.0244920821917808,0.0180009315068493,0.00202884931506847,0.0256747671232876,0.0101831506849315
"100292",0.00930309589041095,0.00282136986301368,0.0159080712328767,0.0113300273972603,1.03945205479627e-05,0.0173425150684932,0.00877743013698629
"100293",0.00792557260273971,0.00297739726027396,0.00973997260273973,0.00649331506849316,0.000744608219178072,0.010778695890411,0.00649745753424655
"100294",0.00600859178082191,0.00344732054794519,0.00687899178082191,0.00441236164383563,0.00214768219178083,0.00729109041095891,0.00435870684931508
"100295",0.00484208219178082,0.00230610410958904,0.00417981369863013,0.0024970520547945,0.00111833424657534,0.00467953972602739,0.00312197260273973
"100296",0.00460507945205479,0.00244225753424658,0.00390478356164384,0.00224231232876712,0.00129915616438357,0.00422957260273971,0.00277972602739726
"100297",0.00420727671232876,0.00193227397260273,0.00301251506849315,0.00162869041095891,0.000799561643835614,0.00341437808219178,0.00261773150684931
"100298",0.0051880602739726,0.00240739726027397,0.00303951780821916,0.00148305205479453,0.00106163835616439,0.00356294794520548,0.00321065753424658
"100299",0.00252062465753424,0.00129565479452054,0.00154705753424658,0.000775649315068502,0.000698838356164383,0.00177230684931507,0.00153574794520547
"100300",0.00154144109589041,0.000914005479452053,0.000963123287671234,0.000511742465753424,0.000648887671232876,0.00110692602739726,0.000960608219178084
"100301",0.00104432328767123,0.000663178082191778,0.000789983561643837,0.000422164383561643,0.000440904109589042,0.000829961643835617,0.000674109589041096
"100302",0.000920794520547948,0.000616098630136987,0.000762531506849316,0.000403994520547943,0.00039682191780822,0.000762252054794521,0.000616564383561644
"100303",0.00147295342465753,0.000887276712328765,0.00107148493150685,0.000544931506849318,0.000522849315068491,0.00111721643835616,0.000987572602739725
"100304",0.00121830684931507,0.000765742465753422,0.00100443835616438,0.000557545205479452,0.000498690410958902,0.0010494301369863,0.000867824657534245
"100305",0.00132535890410959,0.000781282191780818,0.00119286575342466,0.00068412054794521,0.000459309589041095,0.00124714520547945,0.000997972602739726
"100306",0.00146531506849315,0.000783452054794524,0.00140630136986301,0.000843287671232876,0.000417369863013699,0.00150345205479452,0.00119852054794521
"100307",0.000838158904109588,0.000520684931506848,0.00119521643835616,0.000783616438356165,0.000317934246575342,0.00121282191780822,0.00084989589041096
"100308",0.000597917808219177,0.000352087671232876,0.000967013698630139,0.000642630136986302,0.000181742465753424,0.000970783561643838,0.000678575342465753
"100309",0.00846706849315065,0.000330465753424658,0.0225163287671233,0.0165625863013699,0.00475513424657537,0.024020394520548,0.0088904219178082
"100310",0.0107532,0.00119875068493147,0.0180015780821918,0.0127934465753425,0.00301719452054794,0.0201027780821918,0.00944270136986297
"100311",0.00934540273972601,0.00414453698630135,0.0258013479452055,0.0194654465753424,0.010115901369863,0.0287839232876713,0.010584
"100312",0.000216405479452064,0.0112221698630137,0.0426723068493151,0.0336094356164384,0.0184420273972603,0.043518904109589,0.00743150684931504
"100313",7.20876712329011e-05,0.0112207232876712,0.0506027726027398,0.0396537643835617,0.0190893698630137,0.0507608109589041,0.00975678904109595
"100314",0.00772410958904113,0.00747999999999993,0.0438553424657534,0.0342958904109589,0.0145049315068493,0.0469383561643836,0.015532602739726
"100315",0.0158172657534247,0.000168509589041077,0.0263780383561644,0.0190164328767123,0.00680577534246579,0.0302361534246575,0.0167780219178083
"100316",0.0117205917808219,0.00299125479452056,0.0134718246575342,0.00897376438356162,0.000761600000000029,0.0154704657534246,0.00991719452054796
"100317",0.00776751780821916,0.00248360547945206,0.00791568219178082,0.00509778082191781,0.000188909589041081,0.00910655342465755,0.00570618082191779
"100318",0.00568085479452053,0.00278627945205479,0.0059054684931507,0.00368072328767123,0.00132227945205479,0.00638812054794521,0.00355571506849314
"100319",0.00413431232876713,0.00235984657534245,0.00432863561643836,0.00264771506849315,0.00135544109589041,0.00453790684931507,0.00244953424657535
"100320",0.00478911780821918,0.00254233972602741,0.00402218630136987,0.00234054246575341,0.00142532054794521,0.0044125315068493,0.00282465205479454
"100321",0.00287250410958903,0.00153300821917807,0.00218071232876713,0.00124836164383561,0.000924361643835615,0.00245707397260274,0.00169367671232877
"100322",0.00207344657534247,0.000977172602739725,0.00147981369863014,0.000826838356164386,0.000479736986301368,0.00170968767123288,0.00126326575342466
"100323",0.0015451397260274,0.000806553424657536,0.00112813150684931,0.000608328767123283,0.000423605479452055,0.00124550136986301,0.00098222465753425
"100324",0.00147955616438356,0.000989654794520546,0.00136657534246575,0.000772273972602742,0.000651983561643834,0.00137658630136986,0.000940394520547946
"100325",0.00119957260273973,0.000773797260273976,0.000925928767123288,0.000498827397260274,0.00052221369863014,0.000967758904109588,0.000760295890410958
"100326",0.00123169315068493,0.000811265753424655,0.00108506301369863,0.000620054794520548,0.000559035616438358,0.00112241095890411,0.000828756164383562
"100327",0.0014725698630137,0.000825117808219179,0.00123706301369863,0.000691331506849316,0.00045198904109589,0.0013104,0.00101275616438356
"100328",0.00159382465753425,0.000845068493150684,0.00140018082191781,0.000800394520547944,0.000422449315068494,0.00149224657534247,0.00115948493150685
"100329",0.00121696438356165,0.000679364383561646,0.00148668493150685,0.000944021917808225,0.00036269589041096,0.00154007671232877,0.0010752
"100330",0.000966487671232877,0.000584536986301371,0.00156911780821918,0.00104698082191781,0.000322542465753424,0.00157638356164384,0.000970334246575343
"100331",0.000581095890410957,0.000322438356164384,0.000878712328767123,0.000579945205479451,0.000156246575342465,0.000893342465753424,0.000629013698630136
"100332",0.0104729863013698,0.00015756164383568,0.0217571232876713,0.0163280547945206,0.0041277260273973,0.0246340821917809,0.0100353150684931
"100333",0.0144266630136986,0.000601298630137026,0.0233222794520548,0.0167597917808219,0.00684399452054796,0.0269548438356165,0.0127781589041096
"100334",0.00451509041095888,0.0127317205479452,0.0376620657534247,0.028620295890411,0.0229277589041096,0.0395626684931507,0.0101635890410959
"100335",0.00311141917808216,0.004575095890411,0.0273709315068493,0.0216135671232877,0.00829357808219183,0.0287815123287671,0.00463704109589042
"100336",1.01917808219554e-05,0.00708838356164387,0.0426831780821918,0.0351998630136987,0.00951657534246575,0.0446552876712329,0.00474427397260274
"100337",0.00922260273972597,0.0289794520547946,0.0689554794520548,0.0573356164383563,0.0391027397260274,0.0722465753424657,0.00988356164383553
"100338",0.00496726027397254,0.0261826027397259,0.0703923287671232,0.0572104109589041,0.0378665753424657,0.0733105479452054,0.0158745205479452
"100339",0.0116872767123288,0.00595568219178078,0.0427281534246575,0.0324548383561644,0.0144552328767122,0.0460642191780821,0.0180311671232877
"100340",0.0129437917808219,0.000894213698630131,0.0202895342465754,0.0141309041095891,0.00470577534246575,0.0227413479452055,0.0118303890410959
"100341",0.00821809863013698,0.00289658630136988,0.0102379890410959,0.00663708493150683,0.000123731506849328,0.0110787287671233,0.00584393424657537
"100342",0.00792105205479451,0.00379949589041095,0.00985035616438357,0.00638107397260276,0.00160622465753427,0.0104506520547945,0.00495524383561644
"100343",0.00757830136986301,0.00390575342465754,0.00739331506849314,0.00462904109589041,0.00223999999999999,0.0081490410958904,0.00430290410958906
"100344",0.00746293150684932,0.00380495890410959,0.00624413698630136,0.00364526027397261,0.00202046575342466,0.0069075616438356,0.00428564383561644
"100345",0.00263643835616438,0.00118821917808219,0.00207013698630138,0.00118931506849315,0.000503561643835616,0.00235287671232877,0.00155506849315069
"100346",0.00209681095890411,0.000982372602739721,0.00162282739726027,0.00090223561643836,0.000412438356164384,0.00180767671232877,0.00126573698630137
"100347",0.00222539726027397,0.00119009863013698,0.00194595616438356,0.00110127123287671,0.000589276712328765,0.00206070136986301,0.00135455890410958
"100348",0.00164576438356165,0.000907046575342466,0.00144657534246575,0.000825863013698629,0.000485172602739732,0.00153301917808219,0.00102645479452055
"100349",0.00154264109589041,0.000850136986301368,0.00123913424657534,0.000691073972602738,0.00047544109589041,0.00133638356164383,0.000978213698630135
"100350",0.00141968219178082,0.000828936986301369,0.00120190684931507,0.000669304109589045,0.000477123287671233,0.00125945753424658,0.000923769863013697
"100351",0.00152597260273973,0.000821095890410958,0.00135517808219178,0.000785753424657535,0.000435780821917808,0.00145084931506849,0.00104021917808219
"100352",0.00144928767123288,0.000858180821917805,0.00171925479452054,0.00109180273972603,0.000520405479452056,0.00178489315068493,0.00114116712328768
"100353",0.00115387945205479,0.000786975342465752,0.0018722301369863,0.00124696438356165,0.000513326027397256,0.00185966027397261,0.00103599452054794
"100354",0.00101459726027397,0.000573961643835618,0.00175318356164383,0.00116541369863013,0.000245479452054796,0.00174259726027397,0.00102058082191781
"100355",0.000909895890410958,0.000336569863013697,0.00122850410958904,0.000793808219178082,5.18356164383796e-06,0.00129396164383562,0.000941841095890412
"100356",0.000591287671232876,0.000240657534246574,0.000853232876712328,0.000565726027397261,4.52876712328763e-05,0.000898027397260274,0.000666739726027397
"100357",0.00362945753424659,0.0174914465753425,0.0453094520547945,0.0368681424657535,0.0251805369863013,0.047180597260274,0.00325569863013697
"100358",0.00425469589041105,0.0166923726027398,0.0513259945205479,0.0433473753424657,0.0211003397260274,0.0548256876712329,0.00272198356164377
"100359",0.0126453917808219,0.0230312328767123,0.0646773041095891,0.0556142027397261,0.0267286794520548,0.067528197260274,0.000317457534246612
"100360",0.0179442410958905,0.0295296328767123,0.0791386191780822,0.0655409753424658,0.0387341917808219,0.0784944328767124,0.00292872328767113
"100361",0.00699592328767129,0.0144924493150685,0.0509770027397261,0.0380395506849315,0.028343501369863,0.0524600383561644,0.0123023123287671
"100362",0.0119444054794521,0.00216756164383558,0.0223372931506849,0.0151025808219178,0.00389020273972601,0.0231586849315068,0.00885467945205481
"100363",0.00859419178082194,0.0035429369863014,0.0131723945205479,0.00883690958904107,0.000704624657534264,0.0137952876712329,0.00527292054794523
"100364",0.0102289753424658,0.00359480000000001,0.00956246575342465,0.00580390136986303,0.000359594520547957,0.0107924164383562,0.00557829589041095
"100365",0.00883720547945205,0.00480098630136988,0.00747254794520547,0.00425791780821916,0.00261287671232877,0.00803517808219176,0.00456158904109591
"100366",0.00392409863013699,0.00191561643835617,0.00339147397260274,0.00193935342465754,0.000821216438356157,0.00367132054794521,0.00209135342465754
"100367",0.00231865205479452,0.00112945753424657,0.00213036712328767,0.00123658082191781,0.000460756164383562,0.00227983561643836,0.00129278904109589
"100368",0.0031853698630137,0.00142522739726027,0.00270505753424657,0.00152784109589042,0.000461928767123289,0.00294939178082192,0.00176582465753424
"100369",0.00240999452054794,0.00120177534246575,0.00236596164383562,0.00138784109589041,0.000484361643835619,0.00248785753424657,0.00137065753424658
"100370",0.00219366575342465,0.00107082739726028,0.00189310684931507,0.00106024109589041,0.000421380821917811,0.00202106301369863,0.00129935342465753
"100371",0.00169608767123287,0.000874432876712326,0.00140063561643836,0.000777643835616439,0.000410476712328772,0.00150215890410959,0.00102838356164384
"100372",0.0016331397260274,0.00080938082191781,0.00143412602739726,0.000831473972602741,0.00037032328767124,0.00155581369863014,0.00104451506849315
"100373",0.0018326794520548,0.00100032328767124,0.0018991397260274,0.00116764931506849,0.000550487671232884,0.00201453698630136,0.0012792
"100374",0.0017492602739726,0.00100230136986301,0.00211178082191781,0.00133742465753425,0.000560657534246577,0.00218432876712329,0.00134005479452055
"100375",0.00171706849315068,0.000834920547945206,0.00206603835616438,0.00129950136986301,0.000316487671232879,0.00215792876712328,0.00141318904109589
"100376",0.00134415342465754,0.00044201643835616,0.00135535342465753,0.000818827397260271,4.01972602739713e-05,0.00149098082191781,0.00117369863013699
"100377",0.00102296438356165,0.000392323287671234,0.00119524383561644,0.000753013698630133,4.67561643835608e-05,0.00128207671232877,0.000968520547945207
"100378",0.00160184109589045,0.0169201095890411,0.0460131506849316,0.0382930191780822,0.0231338739726028,0.0498002849315068,0.000437589041095809
"100379",0.00382395068493147,0.0151330246575342,0.0479901808219178,0.0405477534246575,0.0190183506849315,0.0512564164383563,0.00410681095890408
"100380",0.00382871232876714,0.00379380821917807,0.0393476712328767,0.0326997808219178,0.00484630136986303,0.0426581917808219,0.00235736986301366
"100381",0.010841698630137,0.00248527123287667,0.0339248767123287,0.0258484054794521,0.00825078356164372,0.0369172383561643,0.00151863013698633
"100382",0.0128684931506849,7.7210958904117e-05,0.0297121808219178,0.020542794520548,0.00808141369863019,0.0306223342465754,0.007503501369863
"100383",0.0101542465753424,0.00200698630136986,0.0216672602739726,0.0150817808219179,0.00294369863013699,0.0224080821917808,0.00538342465753422
"100384",0.0075255890410959,0.00230527123287672,0.00916736438356164,0.00579239452054794,0.000605063013698587,0.00985630684931504,0.00371048767123289
"100385",0.00767904657534246,0.00337080000000001,0.0076825315068493,0.00460620821917807,0.000982750684931505,0.00825318904109587,0.00341784657534247
"100386",0.00347333698630137,0.00181938630136985,0.00376325479452055,0.00226825205479453,0.000793928767123281,0.00389422465753425,0.0014763506849315
"100387",0.00347054794520547,0.0017786301369863,0.00385890410958906,0.00234739726027397,0.000736027397260267,0.0039982191780822,0.00158383561643835
"100388",0.00449010410958903,0.00194485479452054,0.00443969315068495,0.00263145205479452,0.000501589041095901,0.00475375342465754,0.00216464657534246
"100389",0.00317979178082192,0.00162827397260275,0.00345477260273971,0.0020917917808219,0.000684098630136992,0.00359226301369862,0.00154443835616438
"100390",0.00255881643835616,0.00148791232876713,0.0029227397260274,0.0017861698630137,0.000790750684931507,0.00297889315068493,0.00127495890410959
"100391",0.00208089863013699,0.0012144,0.00219132054794521,0.00132241095890411,0.000685435616438357,0.00226413150684932,0.00108107397260274
"100392",0.00176160547945205,0.000967271232876717,0.00183418630136986,0.0011018904109589,0.000489616438356162,0.00190757808219178,0.000991194520547946
"100393",0.00188845479452054,0.000961430136986303,0.00189678904109589,0.00112918356164383,0.000420345205479455,0.00199701369863014,0.00115675068493151
"100394",0.00196361643835616,0.000883726027397259,0.00194367123287671,0.00114016438356165,0.000247013698630137,0.00205786301369863,0.00128964383561644
"100395",0.00169170410958904,0.000851572602739721,0.00182248767123288,0.00109972602739726,0.000341457534246574,0.00189803835616439,0.0012052602739726
"100396",0.00162667397260274,0.000650235616438358,0.00155235616438356,0.000920926027397261,0.000124586301369863,0.00169484383561644,0.00121675068493151
"100397",0.00113673424657534,0.000596646575342467,0.00138505205479452,0.000873742465753426,0.000273676712328766,0.00143591232876712,0.000914487671232877
"100398",0.00099682191780822,0.0005253698630137,0.00133163835616438,0.000859002739726025,0.000239210958904109,0.00137227397260274,0.000879517808219179
"100399",0.00070356712328767,0.000349128767123289,0.000928991780821918,0.000605945205479453,0.000151742465753425,0.000973517808219176,0.000642553424657535
"100400",0.0111634465753425,0.00182851506849313,0.0267126136986302,0.0201091397260275,0.00172215342465759,0.0291453534246576,0.00229243287671238
"100401",0.00590664657534246,0.00373964383561642,0.0421058301369862,0.0335003835616439,0.00760157260273975,0.0444320876712328,0.00665457534246572
"100402",0.00724432876712328,0.00315728767123291,0.0429374520547945,0.0321761095890411,0.0104569589041096,0.0431062465753425,0.0016464383561644
"100403",0.0102299397260274,0.00171436712328765,0.0194603835616439,0.0132648328767123,0.00343369863013698,0.0202745424657534,0.00428260821917803
"100404",0.00663386301369862,0.00170344109589041,0.00989832328767123,0.00658420273972601,0.00101288219178081,0.0105692054794521,0.00290372054794522
"100405",0.00515294246575343,0.001857101369863,0.00661422465753425,0.00422008219178081,3.71287671232928e-05,0.00700076164383563,0.00199964931506849
"100406",0.00418400547945205,0.00194764931506849,0.00464374246575341,0.00285615342465755,0.000655698630136994,0.00489654794520548,0.00149289863013699
"100407",0.00443905753424657,0.00190176438356164,0.00405330410958904,0.00235888219178082,0.000517873972602736,0.00440916164383562,0.00172962191780822
"100408",0.0041199890410959,0.00195608767123287,0.00430424109589042,0.00255926575342466,0.000639463013698618,0.00449980273972603,0.00164413150684932
"100409",0.00368127123287672,0.00193959452054794,0.00449825753424657,0.00282424109589041,0.000868536986301363,0.00464048219178083,0.00147379726027397
"100410",0.0035813095890411,0.00198705205479453,0.00432118356164383,0.00269585753424657,0.000981320547945197,0.00442992328767122,0.00155342465753425
"100411",0.00245786301369863,0.00170608219178082,0.00309825753424658,0.00190737534246575,0.0010908493150685,0.00303504657534247,0.00108287123287671
"100412",0.00246095342465753,0.00138505205479451,0.00262564383561643,0.00157339178082191,0.000702926027397258,0.00269801643835617,0.00118161095890411
"100413",0.00238876712328766,0.00129068493150684,0.00252438356164383,0.00149753424657535,0.00058575342465754,0.00259287671232877,0.0011868493150685
"100414",0.00199232876712329,0.00103167123287672,0.00194345205479451,0.00111912328767123,0.000424767123287678,0.00201249315068493,0.00106367123287672
"100415",0.00186543561643836,0.000915539726027398,0.00187688767123288,0.00109190136986301,0.000318783561643839,0.00194851506849315,0.00109835616438356
"100416",0.00192440547945205,0.000977852054794517,0.00222979726027397,0.00134883287671233,0.000350268493150688,0.00227444383561644,0.00124711232876713
"100417",0.00160231232876713,0.000934504109589042,0.00228828493150685,0.00144545753424657,0.000420345205479448,0.00226157260273973,0.00114905753424657
"100418",0.00126810410958904,0.000794169863013693,0.00200296438356164,0.00130354520547946,0.000419868493150684,0.00197457534246576,0.00098837260273972
"100419",0.000972493150684931,0.00051945205479452,0.00134781369863014,0.0008805698630137,0.000248942465753424,0.00138989589041096,0.000801797260273972
"100420",0.000299402739726062,0.00642974794520546,0.0527363835616439,0.0420794246575343,0.0107488547945206,0.0527097041095891,0.0133871561643836
"100421",0.00342440547945211,0.00725168219178085,0.053465895890411,0.0405221315068494,0.0162979726027397,0.0524465095890411,0.00698310136986302
"100422",0.0118061589041096,0.000377095890410961,0.0245234630136986,0.0170732712328767,0.00728508493150687,0.0260563068493151,0.00366700273972603
"100423",0.00810483287671235,0.00132592876712329,0.0141560931506849,0.00954146301369863,0.00266802739726027,0.0148874684931507,0.00282599452054794
"100424",0.00532750684931504,0.00210706849315068,0.00728284931506851,0.00472986301369865,0.000250027397260266,0.00764969863013699,0.00165189041095889
"100425",0.00466574246575342,0.00236859178082192,0.0057094794520548,0.00356101917808219,0.00092466849315069,0.00587501369863014,0.00143927671232875
"100426",0.00508169863013699,0.00255802739726027,0.00565490410958903,0.00344706849315068,0.00102104109589041,0.00587731506849315,0.00166838356164384
"100427",0.00460528767123287,0.00202649315068493,0.00459643835616438,0.00274224657534246,0.000576767123287664,0.00492282191780821,0.00169230136986302
"100428",0.00451160547945205,0.00169833424657535,0.00430118356164381,0.00252855342465753,0.000151583561643839,0.00468911780821916,0.00176564931506849
"100429",0.00325356164383561,0.00202602739726027,0.00413260273972603,0.00257753424657534,0.0011486301369863,0.00413301369863013,0.00117328767123287
"100430",0.00349683287671233,0.0018685589041096,0.00389411506849315,0.00238660821917808,0.000884098630136984,0.00404070136986301,0.00133218630136986
"100431",0.0031108602739726,0.00165054246575343,0.00338607123287671,0.00202303561643837,0.00070448219178082,0.00347105753424659,0.00122958904109589
"100432",0.00193227397260275,0.00109567123287671,0.00203901369863014,0.00118904109589041,0.00051484931506849,0.00205742465753424,0.000844493150684932
"100433",0.00179870136986301,0.00104947397260274,0.00204979726027397,0.00123688767123287,0.000535101369863011,0.0020690301369863,0.000879583561643839
"100434",0.00208242191780822,0.00115787397260275,0.00254727123287671,0.00157353424657534,0.000535156164383557,0.00258075068493151,0.0011457698630137
"100435",0.00176263013698631,0.000956054794520551,0.00216964383561644,0.00134641095890411,0.000423452054794521,0.00220756164383561,0.00108865753424658
"100436",0.00171260273972603,0.00088243287671233,0.00200431780821918,0.0012357808219178,0.000363758904109591,0.00206678356164383,0.00113125479452055
"100437",0.00420910684931508,0.0106668712328767,0.0513200657534246,0.0403491506849315,0.018708197260274,0.0534325369863013,0.0121585863013698
"100438",0.00528271780821921,0.00671247123287666,0.0472850410958904,0.0364454465753424,0.0141206575342466,0.0482608109589042,0.00730795616438351
"100439",0.00967533698630141,6.24493150684913e-05,0.0299562904109589,0.0211918520547945,0.00683496986301368,0.0300295068493151,0.000581424657534246
"100440",0.00720109589041096,0.00218082191780816,0.0123452054794521,0.0083178082191781,0.000836164383561655,0.012826301369863,0.00159342465753423
"100441",0.00673875616438355,0.00274024109589044,0.0115709424657534,0.00786964931506851,0.000376964383561662,0.0119717260273973,0.00166630684931504
"100442",0.00542094246575339,0.00265136438356164,0.00755613150684931,0.00493487123287673,0.00101032328767123,0.00782927123287672,0.00149786301369864
"100443",0.00564395616438355,0.00214210410958904,0.00564654246575343,0.00344236712328767,0.000325227397260278,0.0062097095890411,0.00190739726027397
"100444",0.00440653150684932,0.00211989041095891,0.0049204602739726,0.00302413150684931,0.00077746849315069,0.00516190684931507,0.00139870684931508
"100445",0.00408278356164384,0.00202724931506849,0.00467335342465754,0.00283922191780821,0.00071590136986302,0.00480990136986301,0.00120747397260274
"100446",0.00365939726027398,0.00205150684931507,0.00422093150684931,0.00256350684931507,0.000975342465753426,0.0042849315068493,0.00107265753424657
"100447",0.00395127671232877,0.0018893698630137,0.00413100273972603,0.00243214246575342,0.000589950684931506,0.0042837698630137,0.00136367123287671
"100448",0.00259072876712329,0.00143114520547945,0.00298134794520548,0.00178279452054795,0.000612471232876714,0.00299638356164383,0.00097700821917808
"100449",0.00190104109589041,0.00118305753424657,0.00248376986301371,0.00153578082191781,0.000623473972602741,0.00244905205479452,0.000792241095890413
"100450",0.00173892602739726,0.00125220821917808,0.00284141369863014,0.00185058630136987,0.000792964383561641,0.0027501698630137,0.000819178082191778
"100451",0.00174788493150684,0.00117358356164383,0.00288515616438357,0.00190601095890412,0.000710279452054791,0.00284008767123288,0.000967813698630131
"100452",0.00186192876712329,0.00113298630136986,0.00262464657534247,0.00170086575342466,0.000644504109589036,0.00264884383561644,0.00111004931506849
"100453",0.00176515068493151,0.000979380821917807,0.00200321095890411,0.00124607671232877,0.000518860273972598,0.00208398904109589,0.00103558356164384
"100454",0.0124642191780822,0.000570739726027392,0.0345073972602739,0.0247969315068493,0.00665424657534247,0.0355883835616439,0.000860054794520504
"100455",0.0171426410958904,4.55013698630324e-05,0.0344985698630138,0.0234445808219178,0.0104852219178083,0.0360200219178082,0.000546016438356167
"100456",0.0182031342465753,0.00201261369863015,0.024940909589041,0.0161202849315069,0.00697027945205481,0.027149698630137,0.000169534246575342
"100457",0.0176539726027397,0.00102756164383555,0.0278729315068494,0.0187304657534247,0.0079423561643836,0.0303272328767124,0.00142158904109591
"100458",0.00876962191780817,0.00085564931506843,0.0478756164383561,0.035802498630137,0.00795158356164383,0.0477251726027398,0.0111829917808219
"100459",0.00943377534246581,0.00362643287671238,0.0457706958904109,0.0349134904109588,0.0107025534246575,0.0475823342465753,0.0129497424657534
"100460",0.0104270465753424,0.00218418630136985,0.0376303342465754,0.0272323397260274,0.00414387945205485,0.0373160438356165,0.0100467287671233
"100461",0.0116474520547946,0.00147704109589036,0.0359909041095891,0.0248853698630137,0.0115214246575342,0.0356481095890411,0.00457479452054793
"100462",0.0100446246575342,0.000346520547945206,0.031296394520548,0.0220655342465754,0.00786936986301373,0.0313299287671234,3.12986301370666e-05
"100463",0.00718920000000001,0.00361680000000003,0.0140064,0.00972359999999997,0.00138840000000004,0.0142536,0.0011256
"100464",0.00619982465753424,0.00291826849315069,0.00878814246575343,0.00581944109589042,0.00108644383561643,0.00919844383561644,0.00130612602739727
"100465",0.00478132602739725,0.0025953315068493,0.00612225753424657,0.0038908493150685,0.00123353424657535,0.00628427397260274,0.00109913424657533
"100466",0.00434520547945205,0.00262849315068493,0.00557369863013699,0.00345205479452056,0.00135945205479451,0.0055441095890411,0.000911232876712326
"100467",0.00452564383561643,0.00236589041095889,0.00485619178082193,0.00287394520547946,0.000951041095890406,0.00497071232876713,0.00114936986301369
"100468",0.00422950684931507,0.00188117808219178,0.00404227397260275,0.00235671232876712,0.000530958904109591,0.00431753424657536,0.00130643835616438
"100469",0.00345080547945206,0.00188781369863014,0.00428679452054795,0.00263319452054794,0.000792821917808217,0.0043120109589041,0.00103943013698631
"100470",0.00244678356164384,0.00146950684931507,0.00320418082191781,0.00199703013698631,0.000749276712328766,0.00318887671232877,0.00086764931506849
"100471",0.00206432876712329,0.00125968219178082,0.00306643287671233,0.00198112876712329,0.000664175342465753,0.00305019178082192,0.000901238356164374
"100472",0.0135166575342466,0.00584180821917812,0.0470868493150685,0.0332081095890411,0.0194619178082192,0.0475297534246576,0.00466180821917805
"100473",0.0169687671232877,0.000733369863013644,0.038089205479452,0.026616109589041,0.011160109589041,0.0400131506849315,0.00424679452054788
"100474",0.0153404438356164,0.000461934246575257,0.0386515178082193,0.0274654630136986,0.00846275616438352,0.0401097808219179,0.00603533698630143
"100475",0.0108288,0.00041720547945201,0.0460038575342466,0.0334289753424657,0.00787127671232879,0.0454012273972602,0.011023495890411
"100476",0.012592690410959,0.00144066301369872,0.0435561479452055,0.0314138575342465,0.00666653698630126,0.0435098739726028,0.0139284657534245
"100477",0.0139259835616438,0.00655750136986294,0.0313695342465753,0.021550695890411,0.000756252054794515,0.0309665315068492,0.0106646465753425
"100478",0.014062,0.00538876712328762,0.0300478630136986,0.020635808219178,0.000714438356164415,0.0301624657534246,0.00858545205479455
"100479",0.0128514630136987,0.00285528767123283,0.0348558575342466,0.0249504109589041,0.00355976986301371,0.0354669424657535,0.00773863013698634
"100480",0.00927692054794521,0.00427172054794522,0.0193766136986301,0.0133493260273972,0.000760586301369881,0.0194340164383561,0.000226421917808195
"100481",0.00546420821917809,0.00464758356164383,0.0119535616438356,0.00827584109589038,0.00355357808219178,0.0115103342465754,0.000274471232876689
"100482",0.00491414794520548,0.0039018082191781,0.00935644931506849,0.00629812602739727,0.00276164383561645,0.00900453698630138,8.99506849315057e-05
"100483",0.00466036164383561,0.00327563835616439,0.00766761643835617,0.00501095890410959,0.00202001095890411,0.00745019178082192,0.000402915068493145
"100484",0.00595701369863014,0.00297147945205478,0.00709619178082191,0.00447090410958903,0.00124569863013699,0.00742758904109589,0.00111920547945205
"100485",0.00480172602739726,0.00251757808219179,0.0062376,0.00396026301369863,0.00107241643835618,0.00639239452054795,0.000976443835616445
"100486",0.00423636164383562,0.00251708493150686,0.00606163287671231,0.00386709041095891,0.00124230136986303,0.0060285808219178,0.000955660273972606
"100487",0.0030389917808219,0.0017804712328767,0.0040284493150685,0.00255254794520549,0.000920810958904103,0.00406158904109589,0.000966969863013686
"100488",0.00278887671232876,0.00162208219178082,0.00402816438356164,0.00263008219178082,0.000861095890410959,0.00408454794520548,0.00109698630136987
"100489",0.0020273095890411,0.000992087671232877,0.00258489863013699,0.00167145205479452,0.000416350684931503,0.00271640547945206,0.000963945205479454
"100490",0.0131182849315069,0.00493014246575341,0.0401581972602739,0.0290333917808219,0.00092235616438352,0.0401433205479451,0.00617383561643836
"100491",0.0180988054794521,0.00244278356164385,0.0391531178082192,0.0278438136986302,0.00598939178082203,0.0414032219178083,0.00483004931506859
"100492",0.0170610136986301,0.00178336986301375,0.0399839999999999,0.0287686575342465,0.00637057534246577,0.0422303287671233,0.00797463013698629
"100493",0.0159367561643836,0.000795736986301421,0.0419507506849315,0.0291591999999999,0.00979102465753423,0.0422967232876712,0.0122600109589041
"100494",0.0183853369863014,0.00505764383561647,0.0348059178082191,0.0232622465753425,0.00401696438356169,0.0352810739726027,0.0118905643835617
"100495",0.0133965369863013,0.00821277808219179,0.0322814684931506,0.0220873205479452,0.00292252054794517,0.031023298630137,0.0111452054794521
"100496",0.0158043178082192,0.00650766027397259,0.0317327671232877,0.0217045260273973,0.000155824657534276,0.0319968767123287,0.00773312876712323
"100497",0.012343693150685,0.00612621369863015,0.0225217260273973,0.014853501369863,0.00120356712328767,0.0221775780821918,0.00144694246575339
"100498",0.00756131506849317,0.00491832328767125,0.0134161315068493,0.0088978410958904,0.00264992876712328,0.0131085917808219,0.000452060273972599
"100499",0.00756542465753426,0.00514494246575342,0.0126128219178082,0.00845694246575343,0.00335510136986303,0.012542498630137,4.31013698629912e-05
"100500",0.00675261369863014,0.00382281643835616,0.0104712767123288,0.00689823561643838,0.00183715068493151,0.0105551780821918,0.000391539726027401
"100501",0.00602564383561643,0.00316060273972604,0.00792534246575344,0.00515087671232875,0.00152706849315071,0.00825347945205479,0.000866821917808208
"100502",0.00509143561643835,0.00306207123287669,0.00752511780821918,0.00491048219178082,0.00166816438356165,0.00756611506849317,0.000667265753424656
"100503",0.00439346849315068,0.00289297534246574,0.00663101369863013,0.00431000547945205,0.00174106301369863,0.00656289315068494,0.000685501369863006
"100504",0.00316801095890412,0.00191061917808219,0.00408033972602739,0.00257357808219177,0.00105789589041097,0.00411683287671233,0.000957742465753433
"100505",0.0031716602739726,0.00169287671232876,0.00400532602739727,0.0025500602739726,0.000801227397260268,0.00413791780821918,0.00116129315068493
"100506",0.00262417534246576,0.00142728767123287,0.00359241643835616,0.00232644383561643,0.000685939726027388,0.00368289315068494,0.00110290410958903
"100507",0.00287243835616438,0.00203539726027397,0.00304898630136987,0.00179506849315068,0.00138969863013699,0.00300953424657534,0.000699945205479453
"100508",0.0189341589041095,0.00205194520547947,0.0391027945205479,0.0276416876712329,0.00697661369863012,0.0415949150684931,0.00255169315068493
"100509",0.0175861150684932,0.00165146301369867,0.0401167890410958,0.0285925917808219,0.00714650958904106,0.0422532054794521,0.00467914520547941
"100510",0.0163655287671233,0.00104460821917807,0.0427107397260275,0.0295429260273973,0.0129857260273973,0.043317698630137,0.00973689863013705
"100511",0.0176762465753425,0.00481408219178081,0.0353288657534248,0.024241709589041,0.00330192876712332,0.0362621479452055,0.0117191890410959
"100512",0.0152553205479452,0.00620817534246582,0.034214005479452,0.0238854575342465,8.83726027397502e-05,0.0345012164383561,0.0127532712328767
"100513",0.0140495671232878,0.0046177315068493,0.0415566082191781,0.0288280931506849,0.00387389589041087,0.0402534082191781,0.0132759780821917
"100514",0.0171866849315069,0.00566446575342466,0.0244565753424658,0.0153584109589041,0.00206931506849317,0.0249704931506849,0.00284928767123283
"100515",0.0152152109589042,0.00560968767123288,0.0331848328767123,0.0220896,0.00248284931506848,0.0323158356164383,0.00382772602739728
"100516",0.012156493150685,0.00586520547945207,0.0194945753424658,0.012773698630137,0.00151145205479453,0.019633095890411,0.000227945205479474
"100517",0.00991276712328767,0.00456035616438358,0.0135709863013698,0.00894887671232872,0.00164317808219178,0.0142945753424657,0.00104443835616441
"100518",0.00764567671232877,0.00386507397260274,0.0103559671232877,0.00681950684931509,0.00179346849315068,0.0108535232876712,0.000924032876712305
"100519",0.00583482739726027,0.00398419726027396,0.00945146301369862,0.0062647890410959,0.00255241643835616,0.00935059726027399,0.00029233972602738
"100520",0.0042693698630137,0.00366509589041096,0.00751956164383562,0.00503999999999999,0.00291682191780823,0.00724339726027397,0.00021501369863014
"100521",0.00297958356164382,0.00241547945205479,0.00459721643835616,0.00299941369863013,0.00184335890410958,0.00445038904109589,0.000594904109589053
"100522",0.00371644931506848,0.00216761095890411,0.00476664657534247,0.00302235616438357,0.00116699178082191,0.00485102465753424,0.00102254794520548
"100523",0.00345689315068493,0.00198563287671233,0.00468620273972603,0.00298754520547946,0.000989632876712332,0.00473168219178083,0.00103283835616438
"100524",0.0215662191780822,0.00156318904109587,0.0342486356164384,0.0235732767123288,0.0129397315068494,0.0385264986301369,0.000993879452054869
"100525",0.0148590246575343,0.0024278794520548,0.0444999452054794,0.0325047452054794,0.0121494575342466,0.0466930849315067,0.0049161205479451
"100526",0.00934397260273978,0.000108986301369907,0.049556712328767,0.0365360547945205,0.00804254794520554,0.0486719999999999,0.0124244383561645
"100527",0.0121776164383562,0.000500054794520532,0.0460210684931507,0.0335100821917808,0.00930230136986299,0.0463063561643834,0.0142579726027396
"100528",0.0112405808219178,0.00272470684931503,0.0444776547945206,0.0327990082191781,0.0034454958904111,0.0443937698630138,0.0155653150684932
"100529",0.0123428109589041,0.00455027397260277,0.0425473753424658,0.0312472712328767,0.000882290410958886,0.0426121589041096,0.0154215726027398
"100530",0.0158273315068494,0.00651075068493157,0.0336866630136987,0.0235183123287671,0.000559495890410933,0.0342517260273973,0.00950029589041096
"100531",0.014461594520548,0.00773132054794523,0.0322739506849315,0.0225405369863013,0.00285938630136989,0.0322033808219178,0.00773654794520545
"100532",0.0114736054794521,0.0027126904109589,0.0464635178082192,0.0337252547945206,0.00471084931506849,0.0455719342465754,0.00968095342465747
"100533",0.0144576,0.00395279999999998,0.0288024,0.0196632,0.002832,0.0294456,9.83999999999985e-05
"100534",0.00841106849315068,0.00462016438356164,0.0134307397260274,0.00922268493150682,0.00263271232876711,0.013977698630137,0.000693150684931504
"100535",0.00738624657534245,0.00534723287671232,0.012777205479452,0.00876936986301369,0.00399632876712325,0.0128197808219178,4.48767123287785e-05
"100536",0.00565716164383562,0.00418265205479451,0.00972281643835615,0.00651485479452055,0.00292665205479453,0.00953957808219177,3.09698630137079e-05
"100537",0.0049499178082192,0.00319101369863012,0.006864,0.00437720547945206,0.0018858082191781,0.00682257534246575,0.000607561643835616
"100538",0.00478106849315069,0.00267214246575342,0.00589077808219178,0.00367673424657534,0.0013014301369863,0.00600366027397262,0.000932920547945207
"100539",0.0040598794520548,0.00240710136986301,0.00545174794520548,0.00342233424657534,0.00119513424657534,0.00543123287671232,0.000775364383561641
"100540",0.00375215342465754,0.00264749589041095,0.00608192876712328,0.00382474520547946,0.00140396712328766,0.00572686027397259,0.000443441095890409
"100541",0.00361625205479453,0.00239337534246577,0.00434651506849315,0.00258167671232877,0.00133975342465754,0.00420929315068494,0.00028223561643835
"100542",0.0173774136986302,0.00270349589041097,0.0279318410958904,0.0188756438356164,0.00525279999999995,0.0300442684931506,0.000745260273972592
"100543",0.0170822465753425,0.0020125479452055,0.0305326849315068,0.0211127671232876,0.00600509589041098,0.0328083287671233,0.000697068493150654
"100544",0.0165960931506849,0.0023383561643836,0.0381276767123289,0.0272808219178082,0.00544992876712336,0.0400825424657534,0.00267196164383554
"100545",0.0138691506849316,0.00252339726027406,0.0425704109589042,0.0310339726027398,0.0045192328767123,0.0434316712328767,0.00653413698630134
"100546",0.00958336438356167,0.00151430136986308,0.0458524273972603,0.0342510246575343,0.00888493150684933,0.0463345315068494,0.0110822136986302
"100547",0.00158720547945213,0.012893095890411,0.0640442465753425,0.049995287671233,0.0223354520547946,0.0630535068493152,0.0202798356164384
"100548",0.000229013698630154,0.00709942465753433,0.0632394904109589,0.0497805315068495,0.0132722246575342,0.0624502739726028,0.0233100712328768
"100549",0.00685083287671229,0.00282642739726024,0.0503918301369863,0.0396066904109589,0.000874290410958878,0.0509290849315069,0.0197249260273973
"100550",0.012629610958904,0.00513863013698623,0.0383170520547945,0.0277571671232877,0.000157013698630082,0.0383370356164384,0.0130635397260275
"100551",0.0135851835616439,0.00496550136986301,0.0290144876712328,0.0206016,0.000141106849315176,0.0300630575342465,0.00822069041095896
"100552",0.017120597260274,0.00344315068493151,0.0269567397260274,0.0181773315068493,0.00395899726027393,0.0289299780821918,0.00272447123287667
"100553",0.0114440328767124,0.00425299726027401,0.0155632,0.010362498630137,0.000602235616438351,0.0167614465753425,0.000911912328767139
"100554",0.00862323287671232,0.00546943561643834,0.0154403506849315,0.0107289863013699,0.00363708493150683,0.0157344657534247,0.000324493150684946
"100555",0.00724800547945206,0.00525649315068494,0.0132202520547945,0.00895436164383562,0.0035753315068493,0.0129866301369863,0.000302334246575331
"100556",0.00608300273972601,0.00371905753424656,0.00843802739726029,0.00540666301369863,0.00206226849315067,0.00846235616438357,0.000373041095890397
"100557",0.00462526027397261,0.00313861369863014,0.00666978630136986,0.00420855342465754,0.0018377205479452,0.00647969863013698,0.000328783561643828
"100558",0.00435261369863015,0.00276839452054795,0.00589295342465755,0.00373317260273974,0.00160245479452054,0.00586560000000001,0.000600635616438347
"100559",0.0029940602739726,0.00182222465753426,0.00446838356164383,0.00281281095890411,0.000819879452054792,0.00434349589041096,0.000122860273972597
"100560",0.00320482191780821,0.0018932602739726,0.00479123287671233,0.00305139726027398,0.000852164383561643,0.00471364383561644,0.000165260273972609
"100561",0.015725698630137,0.00343008767123287,0.0219924109589041,0.0144809260273973,0.00318370410958907,0.0238049369863014,0.0006084602739726
"100562",0.0137711506849315,0.00401613698630138,0.0243078575342466,0.0166201315068493,0.00157200000000002,0.0254491726027398,0.00221156712328768
"100563",0.0137394684931507,0.00401878904109587,0.0251674191780821,0.0172858465753424,0.00161938082191782,0.0262484712328768,0.00170067945205482
"100564",0.013643901369863,0.00262310136986305,0.0342351123287671,0.0244571178082191,0.00400339726027393,0.0352676383561643,0.00394408767123283
"100565",0.00908929315068485,0.000195178082191716,0.0442033315068493,0.0333093917808219,0.00558209315068503,0.0446417315068492,0.00810739726027399
"100566",0.000819572602739571,0.0102648109589042,0.059355194520548,0.0467895342465753,0.0177518082191781,0.0597179561643837,0.0141712164383563
"100567",0.014110197260274,0.0194278849315068,0.0797860602739726,0.0642133260273973,0.0276187835616438,0.0763354410958904,0.0259799123287672
"100568",0.00781972054794522,0.0080587671232879,0.0726991342465754,0.0590553698630137,0.0106919013698631,0.0705440931506849,0.0304313534246576
"100569",0.00560446027397266,0.000656197260273883,0.0529477534246575,0.0413705589041096,0.00463020821917803,0.0532189369863013,0.0243161260273972
"100570",0.0139906082191781,0.00510104109589038,0.0373350356164384,0.0266199835616438,0.00100874520547944,0.037529906849315,0.015088191780822
"100571",0.0159705315068493,0.00599661369863014,0.0196392164383561,0.0127167452054795,0.000833884931506879,0.0212334082191781,0.00467220821917808
"100572",0.0171894246575343,0.00225649315068499,0.0356711780821918,0.0242754520547945,0.00743452054794524,0.0365917808219178,0.00558750684931508
"100573",0.00910854794520546,0.00469909041095892,0.0149093260273973,0.0100045150684931,0.00191103561643835,0.0151962520547945,0.000698367123287663
"100574",0.00880609315068492,0.00540187397260278,0.0139040876712329,0.00928050410958906,0.00315803835616441,0.0140361534246575,0.000662893150684907
"100575",0.00675884383561645,0.00520326027397261,0.0109430301369863,0.00716882739726027,0.00368102465753425,0.0105958191780822,0.00052179726027396
"100576",0.00531895890410961,0.00366584657534247,0.00782482739726027,0.00493636712328765,0.00214552876712329,0.00755636712328767,8.11123287671189e-05
"100577",0.00456311232876713,0.00321788493150686,0.00809310684931507,0.00539774246575342,0.00202275068493152,0.00789672328767124,6.80328767123373e-05
"100578",0.00541156164383562,0.00271468493150687,0.00740608219178081,0.00470564383561645,0.000916767123287671,0.00752076712328767,0.000674575342465789
"100579",0.00206730410958904,0.00117154520547945,0.00354368219178082,0.00236339178082192,0.000524087671232874,0.00353743561643836,0.000128991780821916
"100580",0.00261120000000001,0.00152640000000001,0.00465199999999999,0.0030864,0.000658000000000006,0.00457879999999999,1.95999999999946e-05
"100581",0.0110406410958904,0.00453797260273969,0.0198457150684931,0.0137036219178082,0.000847791780821894,0.0206055616438356,0.00312029589041096
"100582",0.0125176109589041,0.00248716712328767,0.0220653808219178,0.0154296109589042,0.00253902465753425,0.0237986191780822,0.002403397260274
"100583",0.0109660273972603,0.00258443835616434,0.0296025205479452,0.0214579726027397,0.00232438356164383,0.0304632328767123,0.00430816438356169
"100584",0.00943878356164385,0.00150771506849312,0.0389001315068493,0.0288712547945206,0.00392493150684936,0.0390760767123287,0.00634214794520549
"100585",0.00795473972602745,0.00237084931506859,0.0488185205479451,0.0370405479452054,0.00923232876712332,0.0492348493150684,0.00794838356164385
"100586",0.0105124657534247,0.0190390410958905,0.0801206575342466,0.0634646849315069,0.0293693150684932,0.0768594246575343,0.0196657808219178
"100587",0.0133447671232876,0.0114722520547944,0.0789075726027397,0.0640619616438355,0.0149801205479452,0.0749006027397259,0.0310469369863012
"100588",0.00251463013698627,0.00482336438356168,0.0628320000000001,0.0502352219178082,0.00811432328767137,0.0613738520547946,0.0301148054794521
"100589",0.0129814794520547,0.00602630136986293,0.0370638904109589,0.0270770410958904,0.00169534246575342,0.0375055342465753,0.0176657534246575
"100590",0.0142065095890411,0.00857889315068494,0.0247335890410958,0.0163673424657534,0.00405961643835612,0.0243383671232877,0.00936289315068495
"100591",0.0156828328767123,0.00688351232876716,0.0320944767123287,0.0222260547945206,0.00112804931506844,0.0325231890410959,0.00915836712328766
"100592",0.0114065479452055,0.00662200000000002,0.0274837260273973,0.0188133150684932,0.00195558904109583,0.0265027671232878,0.00516005479452059
"100593",0.00827169863013699,0.00548324383561644,0.0147245095890411,0.00975642739726026,0.00302135342465754,0.0143447835616438,0.00196065205479454
"100594",0.00700395616438357,0.00692421917808217,0.0147149917808219,0.00980295890410957,0.00543618630136988,0.0135400438356164,0.00225022465753424
"100595",0.00630335342465754,0.00429455342465754,0.00982740821917807,0.00634063561643838,0.00254051506849315,0.00956998356164385,0.000313347945205489
"100596",0.00644359999999999,0.00407423561643835,0.0114173808219178,0.00763472876712326,0.00219976986301371,0.0112656383561644,0.000352082191780817
"100597",0.00350406575342466,0.00175430136986301,0.00540455890410958,0.00360438356164383,0.000699200000000011,0.00555982465753425,0.000304482191780822
"100598",0.00204525479452055,0.00117320547945205,0.0038929698630137,0.00267497534246575,0.000579249315068482,0.00391202191780821,6.35068493150259e-06
"100599",0.00264184657534246,0.00149645479452054,0.00528802191780822,0.00354526027397262,0.000507764383561649,0.00515599452054795,0.000107353424657536
"100600",0.0110689150684932,0.00431203835616439,0.0260320931506849,0.0188084164383562,0.000650109589041103,0.0269273260273973,0.00460618630136983
"100601",0.0105321205479452,0.0036904438356164,0.0308984219178082,0.0224274410958905,0.000772635616438366,0.0312205479452055,0.00610172054794528
"100602",0.0108177095890412,0.0019940712328767,0.0343203506849315,0.0250476657534247,0.00359744657534244,0.0348987835616438,0.00638559452054793
"100603",0.0113148,0.000453599999999943,0.0383292000000001,0.0282352000000001,0.00740600000000002,0.0395276,0.00640640000000003
"100604",0.00867242191780815,0.00638165479452057,0.0494253315068494,0.0373833698630137,0.0155317260273973,0.0507932931506849,0.0100111397260274
"100605",0.000680328767123206,0.00753972602739716,0.0644874520547944,0.0506494246575342,0.0140449315068493,0.063182904109589,0.0210726575342464
"100606",0.00724688219178082,0.0108602301369862,0.0715907178082192,0.0561212821917808,0.0184940164383561,0.0676005589041097,0.0299295561643835
"100607",0.0163163287671233,0.00579057534246574,0.0315208219178082,0.0228547123287672,0.00134605479452055,0.0339053424657534,0.0137850684931508
"100608",0.0142627232876713,0.00710322739726027,0.0339245424657534,0.0237587013698629,0.00174968219178079,0.0337235835616438,0.0147878958904109
"100609",0.0140872602739726,0.00872750684931506,0.0260688219178082,0.0179484657534247,0.00516873972602738,0.026237095890411,0.00890942465753425
"100610",0.0148121424657534,0.00701134246575336,0.0233936767123288,0.0158371287671233,0.00263443287671228,0.024335791780822,0.00527758904109588
"100611",0.0109327342465754,0.00601654794520545,0.0194757260273973,0.0130355726027397,0.00240493150684928,0.0193997808219178,0.00332640000000001
"100612",0.00689831232876714,0.00692194520547945,0.016040504109589,0.0108984876712329,0.00548407123287672,0.0148377150684932,0.00278370410958903
"100613",0.00609179178082195,0.00640661917808219,0.0153401424657534,0.0107183342465753,0.00552249863013701,0.0143956602739726,0.00164751780821917
"100614",0.00590312876712329,0.00495208767123287,0.0139185698630137,0.00980740273972602,0.00382641095890413,0.0135170191780822,0.00111789041095889
"100615",0.00462138082191781,0.00220819726027396,0.00787854246575342,0.00534802191780823,0.000739364383561647,0.00808140821917808,4.94794520547459e-06
"100616",0.0032694410958904,0.00163770410958904,0.00633003287671233,0.00438149589041097,0.000607019178082188,0.00643364383561644,0.000154602739726034
"100617",0.014077698630137,0.00192394520547945,0.0234496438356164,0.0155498082191781,0.00536997260273975,0.0246739726027398,0.00398739726027403
"100618",0.0127477260273973,0.00108263013698628,0.0314133424657535,0.0219915342465754,0.00645432876712326,0.0321448493150685,0.00649821917808219
"100619",0.0128969753424658,0.00116985205479447,0.0385078684931507,0.0277332164383561,0.00983648219178079,0.0397149041095891,0.00803450958904106
"100620",0.0117355397260274,0.00077368767123287,0.0338252164383562,0.0244337205479452,0.00819649315068494,0.0351121424657534,0.00760665205479455
"100621",0.00558128219178078,0.00574621369863015,0.0536951013698631,0.0412328767123288,0.0134650082191782,0.0540249643835617,0.0141577205479452
"100622",0.00533457534246573,0.0124038904109589,0.0682130410958904,0.0535997808219179,0.0206731506849316,0.0657061917808218,0.0245002739726026
"100623",0.00647415890410963,0.00142328219178078,0.0507605041095891,0.0390418246575344,0.00265614794520552,0.0502796219178083,0.0230694356164384
"100624",0.0152659999999999,0.00841167671232873,0.0281701369863014,0.0193992602739726,0.00407913424657536,0.0285883835616438,0.0119495506849315
"100625",0.014070306849315,0.0088963506849315,0.0297742356164383,0.0207032054794521,0.00497959452054791,0.0295528109589042,0.0118486794520548
"100626",0.0121467452054794,0.00653106849315066,0.0184051068493151,0.0122996,0.00321516164383562,0.0189453095890411,0.00495909589041094
"100627",0.0117084493150685,0.00641529863013701,0.019473501369863,0.0131640657534247,0.00310531506849315,0.0198334356164384,0.00412159999999995
"100628",0.00969484931506848,0.00575950684931509,0.0173909589041096,0.0114465205479452,0.00238487671232873,0.016956,0.00330065753424658
"100629",0.00933873424657533,0.00518717808219177,0.0230013260273972,0.0163069643835617,0.00212928219178082,0.0228997589041096,0.00365097534246572
"100630",0.0064444931506849,0.00441468493150685,0.0144323506849315,0.0102153205479452,0.00293523287671232,0.014370805479452,0.000808372602739749
"100631",0.00591290410958906,0.00324180821917808,0.0120498356164384,0.0083883561643836,0.00146986301369864,0.0121441095890411,0.000828191780821913
"100632",0.00477695342465753,0.0026133589041096,0.0101403726027397,0.0071169095890411,0.00119655890410961,0.0102298191780822,0.000615999999999978
"100633",0.00317236164383562,0.00270489863013701,0.00948718904109588,0.00659272328767123,0.00158176438356164,0.00884850410958904,0.00176861369863014
"100634",0.0136289589041096,0.00217849315068497,0.0330239178082192,0.0228219452054794,0.00580421917808216,0.0332889041095891,0.00813304109589036
"100635",0.00931464109589042,0.000415128767123352,0.046864098630137,0.0342072164383562,0.0075086794520548,0.0456853753424658,0.0129720164383561
"100636",0.0118599452054795,0.000419178082191829,0.038807506849315,0.0279619726027397,0.00860153424657528,0.0393692054794521,0.0100658630136987
"100637",0.010586301369863,0.00489931506849317,0.0457794520547946,0.0340904109589041,0.0142127397260274,0.0472791780821917,0.0120828767123288
"100638",0.000519715068493243,0.00993788493150682,0.0611031671232877,0.0480036821917809,0.0174304438356164,0.0605168219178083,0.0220545753424657
"100639",0.0028018849315069,0.00220384109589045,0.0574485534246576,0.0443048054794519,0.00777126575342457,0.0558130191780822,0.0265353041095889
"100640",0.0164813753424657,0.00697487671232877,0.027540306849315,0.0183856273972602,0.000893079452054801,0.0281430739726027,0.0111401205479452
"100641",0.0171598904109589,0.00771791780821923,0.0278344109589041,0.0185260273972602,0.0017215342465754,0.0284595068493151,0.0106367123287671
"100642",0.0134171506849315,0.00818876712328764,0.0263549589041095,0.0180241643835617,0.00419646575342469,0.0261286027397261,0.00865035616438359
"100643",0.0109794904109589,0.00625141369863014,0.0201855178082192,0.013647501369863,0.0028052328767123,0.0201229863013699,0.0053881315068493
"100644",0.0123890410958904,0.00475616438356163,0.0229983561643836,0.0151219178082192,0.00103369863013708,0.0228008219178082,0.00511479452054797
"100645",0.0113653808219178,0.00369166027397261,0.0241071780821918,0.0167875068493151,0.00111187397260276,0.0246700767123287,0.00476972054794517
"100646",0.0103958465753425,0.00295550684931506,0.0250940383561644,0.0177132054794521,0.00183876164383562,0.0255324054794521,0.00347916712328766
"100647",0.00799254246575343,0.00267614794520549,0.0189499397260274,0.0132580767123288,0.000960361643835617,0.0190980328767123,0.00189230136986301
"100648",0.00766749589041099,0.00416630136986301,0.0189968328767123,0.0135288438356164,0.00169955068493155,0.0189983342465753,0.00224755068493149
"100649",0.00636585753424659,0.00312341917808218,0.0128240383561644,0.00917003835616437,0.00149719452054795,0.013343495890411,0.000998871232876702
"100650",0.00541983561643836,0.0025170410958904,0.0116053917808219,0.00816929315068493,0.000720394520547951,0.011816591780822,0.00127105753424656
"100651",0.00293767123287671,0.0020739726027397,0.00973561643835619,0.00688287671232876,0.000838356164383561,0.00923630136986302,0.00180342465753425
"100652",0.00283305753424658,0.00233513424657535,0.00942473972602738,0.00666726575342466,0.00130481095890411,0.00887443835616436,0.00191213150684932
"100653",0.00892529315068491,0.00362475616438351,0.0430013808219178,0.0314117369863013,0.00210387945205481,0.0414523397260275,0.0155777205479452
"100654",0.0100379999999999,0.00330119999999989,0.0402304000000001,0.0296604000000001,0.00187040000000005,0.0399168000000001,0.0144592000000001
"100655",0.0147419178082192,0.000806849315068525,0.0320891780821917,0.0222560273972603,0.00765726027397257,0.0333983561643836,0.00945315068493152
"100656",0.00207886027397253,0.00672964383561658,0.060090389041096,0.0458881753424658,0.0153415890410958,0.0583113643835617,0.0223610739726027
"100657",0.00085872876712334,0.00431392876712333,0.0614058684931507,0.0475343561643836,0.0105785917808218,0.0593334246575341,0.0291629698630138
"100658",0.0116449315068494,0.00218630136986298,0.0481282191780822,0.0352142465753423,0.00527013698630141,0.0475956164383561,0.0233326027397259
"100659",0.0155516438356164,0.0069975068493151,0.0369897534246576,0.0259995342465753,0.000961534246575413,0.0370483835616439,0.0166568219178084
"100660",0.0128467452054793,0.0084060219178082,0.034415605479452,0.0239202849315069,0.00346931506849313,0.0329944712328768,0.0133247397260274
"100661",0.0108256164383562,0.00538698630136986,0.0211152054794521,0.0144246575342466,0.00158671232876711,0.0211864383561644,0.00633616438356166
"100662",0.0113595890410959,0.00483991780821924,0.0424306301369863,0.0305580273972603,0.00136021917808216,0.0412111232876712,0.0128106849315068
"100663",0.0098816438356164,0.00391958904109585,0.0244434520547945,0.0175243561643836,0.000258712328767119,0.0249025205479452,0.00617213698630137
"100664",0.00970257534246577,0.00331167123287673,0.031418301369863,0.0228756164383562,0.00116679452054791,0.0314781369863014,0.00805479452054791
"100665",0.00955390684931506,0.00504927123287674,0.0292996602739726,0.0211735232876713,0.0014603178082192,0.0289676712328767,0.00720828493150683
"100666",0.00512962191780825,0.0040870630136986,0.029675210958904,0.0222883232876712,0.00211413150684936,0.0286191123287671,0.00712383013698625
"100667",0.00661287123287668,0.00362603835616437,0.0224037369863014,0.0166741315068493,0.00172502465753421,0.022526597260274,0.00325579726027397
"100668",0.0058854904109589,0.0018744328767123,0.0109281534246575,0.00755398356164383,0.000416646575342461,0.0113972383561644,0.00068741917808221
"100669",0.0038932602739726,0.00156868493150683,0.0113026849315069,0.00813473972602741,8.49315068493228e-05,0.0113035342465753,0.00150243835616437
"100670",0.00424584657534247,0.00139253150684934,0.0127318520547945,0.00918653698630137,0.000589621917808231,0.0127773534246575,0.0022276712328767
"100671",0.00310207123287673,0.00224927123287672,0.0133653260273973,0.00973036712328765,0.000898630136986323,0.0127560547945205,0.00270397808219178
"100672",0.0114850958904109,0.00576743013698633,0.0356967780821917,0.0256941369863015,0.00105552876712323,0.0351677041095891,0.0146307287671233
"100673",0.00918469041095893,0.00622934794520547,0.0370471452054795,0.027253397260274,0.00289366575342459,0.0359909315068494,0.0160102465753424
"100674",0.0140187232876712,0.00315115616438355,0.0274699616438356,0.0187569917808219,0.00364251506849317,0.0283188821917808,0.0100717041095891
"100675",0.00722684931506856,0.000816712328767122,0.0483728767123287,0.0359534246575341,0.00568986301369867,0.0468509589041095,0.0188265753424657
"100676",0.00463982465753432,0.0054672657534246,0.0702435945205478,0.0543546739726026,0.0120936328767125,0.0654293917808219,0.0320616328767124
"100677",0.00672734246575335,0.00213692054794523,0.0540011178082193,0.0417439342465753,0.00783881643835627,0.0544450191780822,0.0279348164383563
"100678",0.0132711232876713,0.00553063013698629,0.0401508219178082,0.029014904109589,7.764383561637e-05,0.0400642191780822,0.0196498630136986
"100679",0.0136831232876712,0.00529709589041094,0.0432700273972604,0.0308768219178083,0.00166471232876708,0.0425204383561644,0.0195892602739727
"100680",0.0132110958904109,0.00526133698630138,0.0385735123287672,0.0277216438356165,0.000490904109589074,0.038507095890411,0.0146866958904109
"100681",0.0118356,0.00334599999999996,0.038626,0.0279384000000001,0.00281399999999998,0.0385644,0.0126672
"100682",0.00905212602739724,0.0050713315068493,0.030820493150685,0.0225043123287671,0.00173727671232882,0.0303789260273973,0.00945578082191784
"100683",0.00979726027397265,0.00516780821917812,0.0266342465753424,0.0191917808219177,0.00192123287671236,0.0266404109589041,0.0072472602739726
"100684",0.00952039452054798,0.004451594520548,0.0251839123287672,0.0178545972602739,0.000621063013698631,0.0250103232876712,0.00677961643835617
"100685",0.00826774794520552,0.00118572054794519,0.0326142356164383,0.0242888164383562,0.00331494246575342,0.0330456164383561,0.00827928219178081
"100686",0.00677534794520546,0.00237432328767123,0.032112394520548,0.0241039726027397,0.000948854794520559,0.0319221863013699,0.00734378630136989
"100687",0.00682135890410956,0.00308858630136988,0.0218385534246576,0.0157953205479452,0.000159452054794507,0.0216153205479453,0.00337560000000003
"100688",0.00418610410958906,0.00257342465753427,0.0154715397260274,0.0114315397260274,0.00120314520547946,0.0152612383561644,0.00215835616438353
"100689",0.00525758904109588,0.00145054246575341,0.0166812383561644,0.0123584712328768,0.000713978082191813,0.0171053589041096,0.00289732054794523
"100690",0.00280962739726029,0.00241402191780821,0.0160675890410959,0.0119427287671233,0.00121995616438356,0.0153043397260274,0.00348588493150684
"100691",0.0119967890410959,0.00494143561643839,0.032050904109589,0.0227154520547945,0.000273709589041049,0.0319164931506849,0.013976295890411
"100692",0.0138276164383562,0.0050873917808219,0.0262612109589042,0.018023194520548,0.000313035616438362,0.0269593479452055,0.00989552876712324
"100693",0.010569205479452,0.00137924383561644,0.0351107506849315,0.0251362191780822,0.00544201643835618,0.0349708273972603,0.0133501808219178
"100694",0.00724272328767128,0.00555632876712331,0.053113304109589,0.0394921753424657,0.0156616986301371,0.0524829369863015,0.0198533150684932
"100695",0.00654816438356154,0.0061633753424658,0.0545556602739725,0.0415032109589042,0.0149797698630137,0.054839189041096,0.0245826191780822
"100696",0.0123898739726027,0.000473073972602878,0.047497293150685,0.0349075287671234,0.00894842739726032,0.0481269479452057,0.0235704109589042
"100697",0.0144139342465753,0.00503333698630137,0.0426537369863014,0.030522509589041,0.00190330958904106,0.0424798465753425,0.020202904109589
"100698",0.0135904328767124,0.00441586849315068,0.0424697095890412,0.0308922082191782,0.00178647671232879,0.0427370520547945,0.0182107397260274
"100699",0.0120629917808219,0.00338718904109592,0.04076418630137,0.0297182356164384,0.00270621369863011,0.0408437808219179,0.0152025534246576
"100700",0.0104350684931507,0.0050158904109589,0.0350154520547946,0.0253567123287671,0.000481424657534257,0.0344584109589041,0.011322301369863
"100701",0.00841012602739727,0.00425906849315072,0.0364954301369864,0.0266369753424658,0.000203747945205501,0.0352803068493151,0.0115792657534247
"100702",0.00946750684931502,0.00160652054794519,0.0335605479452055,0.024417205479452,0.00399484931506849,0.0335986849315069,0.0099799726027397
"100703",0.00976739726027398,0.00131923287671237,0.0350941315068493,0.0260117205479451,0.00385114520547941,0.0357765808219178,0.00934879452054793
"100704",0.00897386301369862,0.000150328767123287,0.0366904109589041,0.027150904109589,0.00617876712328769,0.0371082739726028,0.0096312328767123
"100705",0.00663066301369863,0.00142882191780819,0.0352791232876712,0.0263669917808219,0.00286229041095892,0.0348005260273973,0.00914910684931508
"100706",0.00687468493150684,0.000425260273972605,0.0306743013698631,0.0231841643835617,0.00341063013698628,0.0312641095890411,0.00612246575342468
"100707",0.00501124931506852,0.00173602191780825,0.0241916,0.0185259780821918,0.000132893150684932,0.0245011232876712,0.0045553753424657
"100708",0.00442346301369861,0.00180105205479453,0.0204138082191781,0.0154460712328767,3.11013698630069e-05,0.0204477369863014,0.00362755068493154
"100709",0.0160227945205479,0.00371375342465752,0.0304122739726027,0.0210779178082191,0.00322980821917807,0.0319430136986301,0.0132821917808219
"100710",0.0142021150684932,0.00210705753424656,0.0302749589041096,0.0210631123287672,0.00516440547945207,0.0314491397260274,0.0121920767123287
"100711",0.0125072109589041,8.04054794519837e-05,0.0372499178082192,0.0268471123287671,0.00769674520547942,0.038203693150685,0.015462805479452
"100712",0.00934425753424661,0.00490504109589041,0.0456446465753425,0.034332202739726,0.0134256219178083,0.0470482904109589,0.0173990136986301
"100713",0.00190474520547934,0.00605293150684927,0.0593321424657535,0.0459586849315069,0.0131152438356165,0.0582422794520547,0.0268642849315067
"100714",0.00433852054794515,0.000885753424657576,0.056410794520548,0.0432548493150685,0.00641084931506852,0.0549267397260274,0.0288488219178081
"100715",0.0111397479452054,0.00359498630136978,0.0462073479452055,0.033676701369863,0.00307065205479462,0.0451994958904111,0.0222920547945206
"100716",0.0112580383561645,0.00346862465753428,0.0450574027397259,0.0333859068493151,0.00214619178082187,0.044978498630137,0.0210926465753425
"100717",0.00808056986301375,0.00468117808219182,0.0453173479452055,0.0338787342465753,0.000608405479452068,0.0439292383561644,0.0190200547945204
"100718",0.00713160000000002,0.00411319999999993,0.0438844,0.0327656,2.79999999996949e-06,0.0422604,0.0169708
"100719",0.00314168767123291,0.00175847671232876,0.0547422794520549,0.0414560109589042,0.00311067397260267,0.0515974904109588,0.0216320547945206
"100720",0.00148719452054802,0.000913517808219133,0.0566349863013698,0.0433344164383561,0.00621379178082193,0.0537385424657534,0.0215004054794521
"100721",0.00366694246575339,0.00201578082191778,0.0504212,0.0386170246575342,0.0075917863013697,0.0491909808219179,0.0170007397260273
"100722",0.00700791780821919,0.00191076712328764,0.0408383287671233,0.0307343835616438,0.00811079452054797,0.0409977808219178,0.0125860821917808
"100723",0.00781564383561645,0.00222766027397264,0.0399660547945205,0.0301998630136986,0.00839408219178084,0.0407893205479452,0.011081802739726
"100724",0.00431489315068495,0.00276344109589038,0.0419236821917808,0.0328695671232876,0.00677334794520551,0.0426954301369863,0.0112155397260275
"100725",0.00364790136986298,0.000742931506849287,0.0335288219178083,0.0264074465753426,0.000867830136986325,0.0337829260273973,0.00728072876712327
"100726",0.00588116712328768,0.00132238356164383,0.0204824219178082,0.0154680657534247,0.000952421917808255,0.0212254027397261,0.00227327671232874
"100727",0.00507590136986297,0.00396019726027397,0.0199791123287671,0.0145649095890411,0.00219688767123286,0.0191671890410959,0.0037434082191781
"100728",0.0123600821917808,0.00279098630136987,0.0355152328767123,0.025870191780822,0.00291304109589036,0.0364211506849315,0.0172368493150685
"100729",0.00980087671232877,0.00075082739726029,0.0413127013698631,0.0307466684931508,0.00524432876712333,0.0416852493150686,0.0196963232876713
"100730",0.00967285479452062,0.00159399452054798,0.0439694465753424,0.0330443835616439,0.00845089315068492,0.0449403616438356,0.0198568767123287
"100731",0.00494704657534251,0.00455432328767125,0.0511300383561645,0.0397315616438356,0.010587693150685,0.0517064547945205,0.0224264000000001
"100732",0.00300821917808214,0.00614010958904099,0.0571227397260273,0.0444313972602739,0.0129386849315068,0.0569054794520547,0.0263787397260274
"100733",0.00286833424657529,0.00068497534246581,0.0561317534246575,0.0437495068493151,0.00463675616438364,0.0548935287671233,0.0288743452054795
"100734",0.00442509589041096,0.000685808219178186,0.0544401095890412,0.0419257424657535,0.00565955068493162,0.0533166904109589,0.0288953863013699
"100735",0.00817670136986304,0.00275533150684937,0.0482342465753425,0.0367600767123287,0.00134896438356158,0.0479472328767123,0.0241729315068493
"100736",0.00345067397260279,0.00185904657534242,0.0554073205479452,0.0425228712328767,0.00757795068493139,0.0538350246575342,0.0261233095890411
"100737",0.00567345205479453,0.00265614246575341,0.0463061753424658,0.0348995506849316,0.00164373698630127,0.0445373095890411,0.0192413917808219
"100738",0.00626733150684933,0.00332233424657535,0.0472526136986302,0.0356789808219179,0.000728142465753479,0.0456224000000001,0.020172789041096
"100739",0.00339515616438346,0.00348383561643828,0.0536320657534246,0.0415526575342466,0.00914348493150674,0.0530018082191781,0.023379704109589
"100740",0.000507331506849229,0.0117328438356165,0.0575468054794521,0.0451814027397262,0.0201230794520548,0.0578968000000001,0.0227753315068493
"100741",0.00166434520547931,0.00822908493150687,0.0570892767123288,0.0440779945205481,0.0164006684931508,0.0562746739726028,0.0218026027397261
"100742",0.00360295890410955,0.00629132054794512,0.0519041643835617,0.0401468164383562,0.0133309479452055,0.0519503561643836,0.0177222465753424
"100743",2.47671232878055e-05,0.00508035616438363,0.0548870410958905,0.0436768219178083,0.00905857534246579,0.0544969589041095,0.019216191780822
"100744",0.002102301369863,0.00355818082191783,0.0523544547945206,0.0422719890410959,0.00535729315068501,0.051587901369863,0.0158001534246576
"100745",0.00343680000000002,0.0017340931506849,0.0309900493150685,0.0241066410958904,0.000205972602739746,0.0306408767123288,0.0059516273972603
"100746",0.0101022465753425,0.00214660273972606,0.0346348493150685,0.0252556164383562,0.00335079452054793,0.034796904109589,0.00599602739726024
"100747",0.00736054794520552,0.00223210958904108,0.0316284931506849,0.0226563287671233,0.0030941369863014,0.0303458630136986,0.00778115068493151
"100748",0.00358116164383565,0.00301709589041099,0.0242446246575342,0.0175691178082192,0.000220087671232883,0.0223308821917808,0.0072658082191781
"100749",0.00146810958904109,0.0012572602739726,0.0116857534246575,0.00873101369863016,0.000314136986301367,0.0110346849315068,0.00365068493150686
"100750",0.00971298630136985,0.000642728767123346,0.0416534356164384,0.0310527342465753,0.00534358356164388,0.042048295890411,0.0207200767123288
"100751",0.00715769863013693,0.00213616438356168,0.047317589041096,0.0364107671232877,0.00773353424657541,0.0481101369863014,0.023206794520548
"100752",0.00336600000000009,0.00272661369863003,0.0512185315068492,0.0400200493150684,0.0072730191780821,0.0509910575342465,0.024081501369863
"100753",0.000684657534246513,0.00465241095890423,0.057243890410959,0.045334109589041,0.00898205479452052,0.0567352876712329,0.027542794520548
"100754",0.00349525479452062,0.00621043835616431,0.0556461972602739,0.0436906849315067,0.0123070465753423,0.0562722630136985,0.028484317808219
"100755",0.00413439999999998,0.00744320000000009,0.0532,0.041232,0.0150592000000001,0.0537632000000001,0.0274784000000001
"100756",0.00370707397260273,0.00295256438356173,0.0525319506849314,0.0405720383561644,0.008561501369863,0.0518210904109589,0.0279636219178082
"100757",0.00673168219178077,0.00190618082191774,0.0480178958904109,0.0367748164383562,0.00769555068493155,0.0482981260273972,0.0256703123287672
"100758",0.00655578082191788,4.99726027397562e-05,0.0498570410958904,0.0378230136986302,0.00555945205479447,0.049060602739726,0.0250456438356164
"100759",0.00524427397260274,0.00107997808219173,0.0519665534246575,0.0392651397260274,0.00431057534246582,0.0499995616438356,0.0245127013698629
"100760",0.00752064109589035,0.00157705205479441,0.0469113698630139,0.0348730082191782,0.00442286027397276,0.0455092164383562,0.0219809041095892
"100761",0.00817724931506847,0.00227546301369863,0.0495273643835616,0.036727101369863,0.0106909150684932,0.0488503671232876,0.0232404383561644
"100762",0.00706727671232876,0.00616145753424657,0.0493671452054796,0.0375631890410959,0.0145685917808218,0.0502666739726028,0.0231172602739725
"100763",0.0043882191780823,0.0145170410958905,0.0619098082191781,0.049138684931507,0.0227875068493151,0.0611602191780823,0.0294120000000001
"100764",0.00458745205479461,0.0101770958904109,0.0649808219178082,0.0511279452054795,0.0172215342465755,0.0625658630136986,0.0290021369863014
"100765",0.00203200000000003,0.00598399999999999,0.0554623999999999,0.0433536,0.0120863999999999,0.0551423999999998,0.0232064
"100766",0.00039427397260261,0.00695909589041088,0.0559484383561644,0.0452164931506849,0.0105909041095891,0.0566728767123288,0.0202842739726028
"100767",0.000211254794520555,0.00359133150684932,0.0494307671232877,0.0397415945205479,0.00602076164383558,0.0495192657534247,0.0145280493150685
"100768",0.00624413150684933,0.00213492054794528,0.044772,0.0347399178082192,0.00690417534246579,0.0456861315068494,0.0108060273972603
"100769",0.00265477808219183,0.00147487671232882,0.0488607671232877,0.038446093150685,0.00471376438356164,0.0485161424657534,0.0133410630136986
"100770",0.00827140821917816,0.00279922191780835,0.0459946958904109,0.0351057534246575,0.0092845479452055,0.0471279342465755,0.0231544
"100771",0.00328543561643846,0.00340641095890404,0.0529458136986302,0.0415582136986301,0.00802894246575325,0.0529967506849314,0.025503512328767
"100772",3.81369863013958e-05,0.00391539726027412,0.0566143561643837,0.0449158356164384,0.00761786301369871,0.0557562739726027,0.0277414794520549
"100773",0.00356128767123287,0.00498452054794518,0.0608047397260274,0.0488611232876712,0.00772200000000001,0.0592789315068493,0.0310386575342466
"100774",0.00287506849315067,0.00583638904109585,0.059702394520548,0.0479657260273972,0.00908841095890423,0.0586673698630137,0.0321400712328767
"100775",0.00342118904109578,0.00376978630136982,0.0584964712328767,0.047005101369863,0.005916898630137,0.0568151835616439,0.0325429424657534
"100776",0.000753501369862963,0.00168223561643832,0.0534664712328766,0.0421960767123287,0.00450056438356161,0.051623605479452,0.0299414575342465
"100777",0.00134929315068499,0.000905369863013705,0.0512439342465753,0.040066997260274,0.00423187397260261,0.0497690575342466,0.029848
"100778",0.00235922739726024,0.00149870136986296,0.0516893150684931,0.0392347890410959,0.00735489863013694,0.0492174684931507,0.0300404438356164
"100779",0.00520652054794524,0.00103068493150682,0.0527960547945205,0.0396595068493151,0.00791753424657526,0.0508783561643835,0.0304052054794521
"100780",0.00182094246575337,0.00406426849315078,0.0579322520547945,0.0436275287671234,0.0122585095890411,0.0548285150684932,0.0322951342465754
"100781",0.00124136986301349,0.0123097260273974,0.0583065753424659,0.0443994520547946,0.0235450684931507,0.057257397260274,0.0313052054794521
"100782",0.00990991780821915,0.0050052383561644,0.0495755397260276,0.0365288328767124,0.0154017315068494,0.0499258739726027,0.0263139945205479
"100783",0.0044803726027397,0.00769527123287672,0.0557931945205479,0.0426957041095891,0.0166130630136986,0.0557039835616439,0.0295023945205479
"100784",0.00409261369863012,0.00568837260273969,0.0637713753424657,0.0507595506849314,0.00958438356164371,0.0614645698630136,0.0345725917808218
"100785",0.000566915068493268,0.00651793972602743,0.0573407671232876,0.0454292164383561,0.011521994520548,0.0566788383561645,0.0275603068493151
"100786",0.00432047123287671,0.00570930410958903,0.0482303780821918,0.0385208657534246,0.010189906849315,0.0502843726027398,0.018778498630137
"100787",0.00391923287671236,0.00304063561643841,0.0450726136986301,0.0360023890410959,0.00610711232876704,0.046470904109589,0.01530941369863
"100788",0.00238452602739725,0.00485067397260275,0.0480694794520548,0.0383681315068494,0.00867524383561658,0.0490489424657534,0.0156218520547945
"100789",0.00123248219178074,0.00373168219178088,0.0564576438356165,0.0451163178082191,0.0065919123287671,0.0554585863013698,0.0193929205479452
"100790",0.000168460273972659,0.00318570410958896,0.0544126684931507,0.0428580986301371,0.0070001260273973,0.0529988054794521,0.0175890575342466
"100791",0.00164638356164376,0.00209663013698635,0.0470480547945206,0.0367846027397261,0.00581794520547957,0.0461367123287672,0.0142939726027398
"100792",0.000466410958904123,0.00191596712328768,0.0211652383561644,0.0168067506849315,0.00356190684931507,0.0211738301369863,0.00653589041095892
"100793",0.00154522191780823,0.00178421917808222,0.017523895890411,0.0138596383561644,0.00351336986301373,0.0180184109589041,0.00543415890410956
"100794",0.000572498630137003,0.000641260273972599,0.0128236602739726,0.0102300328767123,0.00134973698630136,0.0129132821917808,0.00428639999999997
"100795",0.0032400657534245,0.00486647671232876,0.0539458191780823,0.0419582136986302,0.0109033315068493,0.0537257753424658,0.0263478575342467
"100796",0.00169689863013689,0.00774290958904111,0.055443895890411,0.0439250630136987,0.0136075726027397,0.0561077589041096,0.0269593150684931
"100797",0.00237293150684925,0.00569956164383567,0.0594655342465754,0.0478789041095891,0.00877079452054808,0.0587672328767124,0.0303114520547946
"100798",0.00589571506849318,0.00457012602739726,0.0614442082191782,0.0502240438356164,0.00528026301369866,0.0598945315068493,0.0323885589041095
"100799",0.00677033424657536,0.0087921863013698,0.0635639671232877,0.0517964054794521,0.0116591342465754,0.0622819726027397,0.0353250082191781
"100800",0.0056625534246576,0.0103589260273974,0.0625785534246577,0.0496146082191782,0.0165687780821919,0.0603037479452056,0.034877293150685
"100801",0.000631868493150667,0.00528041643835619,0.0508723726027397,0.0401612273972604,0.00971184657534252,0.0499343123287672,0.0310617643835616
"100802",0.000354208219178087,0.00545536438356164,0.051028295890411,0.0395848602739726,0.0113569753424657,0.0496421424657534,0.0322915178082191
"100803",0.00582136986301374,0.00107449863013698,0.0447642301369863,0.0340248547945206,0.00651993424657538,0.044334991780822,0.0306246136986301
"100804",0.00703101369863013,0.00161786301369859,0.0486818630136986,0.0364414520547945,0.00884958904109601,0.047885095890411,0.0333577808219179
"100805",0.00792198904109587,0.00100254246575349,0.049714684931507,0.0372780821917809,0.00806475616438362,0.0491848602739726,0.0323637205479453
"100806",0.0091589917808218,0.000803934246575322,0.048773095890411,0.0368377643835618,0.00500912876712323,0.0488577205479451,0.0303639780821918
"100807",0.00704119999999997,0.00218187397260272,0.0534459342465754,0.0403646684931507,0.00958228493150681,0.0528206410958905,0.0312746356164383
"100808",9.54301369863186e-05,0.00914766027397251,0.0617841972602741,0.0485773479452054,0.0162844712328767,0.0612525150684932,0.0350194520547945
"100809",0.00355615342465754,0.00734781369863013,0.0645154191780821,0.0513943232876711,0.0120613150684931,0.0628264986301369,0.0355615342465753
"100810",0.001926794520548,0.00938577534246576,0.0595934684931506,0.047928197260274,0.0143856438356165,0.0597828821917809,0.0308156493150685
"100811",0.000444164383561541,0.0109105808219176,0.0561423780821917,0.0450636493150685,0.0169734246575342,0.0572464438356164,0.0248478246575342
"100812",0.00293792876712329,0.00343157260273985,0.0504653589041096,0.0393778191780823,0.00830219178082192,0.0501542136986302,0.0198175561643836
"100813",0.00242446027397258,0.000445545205479347,0.0486830465753424,0.0383024219178082,0.0031593205479451,0.048023408219178,0.0196907835616439
"100814",0.000375013698630133,0.00765599999999989,0.0563887123287671,0.0451096986301369,0.0124358356164382,0.056649315068493,0.0232635616438356
"100815",0.00284122191780822,0.00768764931506849,0.0586692273972603,0.0466935232876712,0.0125865205479452,0.057466104109589,0.0226557369863013
"100816",0.00262430684931514,0.000953249315068461,0.0495976767123288,0.0382620493150685,0.00531465205479453,0.0480988931506849,0.0167852273972602
"100817",0.000463769863013774,0.00465376986301358,0.0389635561643835,0.0315317589041095,0.00712185205479443,0.0398153315068493,0.0142827342465752
"100818",0.0016405698630137,0.00401201643835619,0.0224556547945206,0.0180746520547945,0.00645158356164388,0.0237073698630137,0.00790907945205482
"100819",0.000411156164383586,0.00131010410958902,0.0100410904109589,0.00807046027397258,0.00214032328767123,0.0103415506849315,0.00349300273972601
"100820",0.00222758356164385,0.000935879452054783,0.0126382684931507,0.00984794520547946,0.00243709589041097,0.0132287123287671,0.00370629041095888
"100821",0.000603353424657546,0.000450893150684931,0.00638103013698631,0.00505551780821917,0.000975178082191774,0.00655011506849315,0.00189034520547945
"100822",0.000228328767123288,5.25205479452034e-05,0.00412372602739726,0.00324197260273972,0.000297616438356164,0.00407810958904109,0.00140128767123287
"100823",0.00681723287671232,0.00668030136986308,0.0510298082191781,0.0392439178082192,0.0147201369863015,0.0523534794520548,0.0241097260273974
"100824",0.00130538082191767,0.0106449095890412,0.0583081315068494,0.0461862575342465,0.0179557150684932,0.0592972602739726,0.0278234520547945
"100825",0.0027337205479453,0.00982947945205481,0.0603304986301371,0.0490911342465753,0.0139333698630139,0.0609891068493151,0.0304515287671233
"100826",0.00242375890410962,0.00919118356164383,0.0593985589041096,0.0484422465753425,0.0128367013698629,0.0602119671232876,0.0311301534246575
"100827",0.00318195616438355,0.0121583890410959,0.0579259945205479,0.0471161041095891,0.0173521424657533,0.0588427232876713,0.0323170356164384
"100828",0.00146801095890425,0.00994517260273964,0.0508449205479451,0.0406951890410958,0.0159405534246575,0.0525475726027397,0.0309425424657533
"100829",0.00322980821917812,0.00765369863013698,0.0436208219178083,0.0339866301369863,0.0143053150684931,0.0445624109589041,0.0287184657534247
"100830",0.00594042739726025,0.00691435616438363,0.0412816657534247,0.031927106849315,0.0138905917808219,0.0430896219178082,0.0297236602739727
"100831",0.00925815890410958,0.00043474520547937,0.0383013260273972,0.029062306849315,0.00558059726027399,0.0396930575342466,0.0288763780821917
"100832",0.0133848986301369,0.00119598904109597,0.036914498630137,0.0266284273972603,0.00962163287671236,0.0385996273972602,0.027357895890411
"100833",0.0123990794520549,0.000470136986301273,0.0431209643835616,0.0318439452054795,0.00669788493150691,0.0442242191780822,0.0296593753424659
"100834",0.00851146301369854,3.35890410974038e-06,0.0506354794520549,0.0387617534246576,0.0053910410958905,0.0511258794520549,0.0326888547945207
"100835",0.00494607123287671,0.00601089863013693,0.0573480657534247,0.0442614410958905,0.0136519890410959,0.0575110849315068,0.0344005150684931
"100836",0.00164540273972591,0.0103537479452055,0.0593164273972603,0.0466891561643837,0.0181335671232877,0.0599752712328768,0.0342803616438356
"100837",0.00347261917808217,0.0108011342465755,0.062477408219178,0.0502158575342465,0.0163421260273973,0.0621800383561644,0.0353143232876711
"100838",0.00962010410958913,0.0147304767123287,0.0695791835616439,0.0564471342465753,0.020421797260274,0.0679118301369863,0.0386675013698631
"100839",0.0151593534246576,0.0208448821917808,0.0714809479452055,0.0591720712328768,0.0265705150684932,0.0701297479452055,0.0360350849315069
"100840",0.00304320000000002,0.00720639999999995,0.0635488,0.0493248000000001,0.0141887999999999,0.0603776,0.0273888
"100841",0.00193614246575347,0.000532586301369764,0.0509370246575342,0.0397468273972603,0.00231866301369865,0.0493392657534247,0.0236574246575343
"100842",7.87726027396962e-05,0.00882253150684942,0.0566407835616439,0.045891605479452,0.0131878465753424,0.0580357150684931,0.0274588164383562
"100843",0.00683999999999996,0.0120465205479452,0.0632621917808219,0.0512125479452055,0.0170593972602739,0.0621752876712327,0.0287998356164384
"100844",0.00588373150684929,0.0054926246575342,0.0451999616438356,0.0345772712328767,0.0127095452054795,0.045973610958904,0.0171458958904109
"100845",0.00206046575342467,0.00721292602739732,0.0424041260273973,0.0340767342465754,0.0115826684931508,0.0441561698630137,0.017471194520548
"100846",0.000543572602739628,0.0069162739726028,0.0355585315068493,0.0288876054794521,0.0102686575342467,0.0370877260273973,0.0147293369863015
"100847",0.000934487671232886,0.00342943561643838,0.0185679123287671,0.0147539506849315,0.00577124383561645,0.0191849424657534,0.00696059178082195
"100848",0.000819123287671225,0.000819726027397272,0.00974690410958906,0.00764997260273972,0.00179495890410959,0.0098909589041096,0.00332591780821917
"100849",0.000155391780821926,0.000198493150684931,0.00645159452054796,0.00514456438356163,0.000479786301369856,0.00640887123287671,0.00212595616438357
"100850",0.000166986301369798,0.00954027397260271,0.0546454794520548,0.0439835616438357,0.0147987671232876,0.0559278082191781,0.0271400000000001
"100851",0.000668493150684957,0.0123604383561644,0.0605654794520548,0.0480546301369863,0.0201316712328767,0.0610601643835617,0.0313255890410958
"100852",0.00178879452054803,0.0130729698630137,0.0602511945205481,0.0482088328767124,0.0203069205479453,0.0609306082191781,0.0341118191780823
"100853",0.000493791780821984,0.0107825643835616,0.0509183068493151,0.0403523178082192,0.0177476273972603,0.0518250356164383,0.0317759342465754
"100854",0.00524118904109594,0.00778926575342453,0.0452909260273973,0.0349706465753424,0.015447715068493,0.0466673424657534,0.030835709589041
"100855",0.00797547397260268,0.00661223013698636,0.0349468054794521,0.0268320219178083,0.0136598027397261,0.0377031452054795,0.026110597260274
"100856",0.010612602739726,0.000944219178082129,0.0345652602739726,0.0260935890410959,0.00642279452054795,0.0367719452054794,0.0274270684931507
"100857",0.0121352000000001,0.000436800000000126,0.037324,0.0273559999999999,0.00632239999999995,0.0386315999999999,0.028168
"100858",0.00675739726027391,0.000562339726027372,0.0500668767123289,0.037602197260274,0.00551155068493148,0.0487402520547946,0.0333737753424658
"100859",0.00541479452054794,0.00225534246575343,0.0539473972602739,0.0412997260273973,0.00851835616438357,0.0532997260273972,0.0339649315068493
"100860",0.00570179726027387,0.00165355616438345,0.0554518136986302,0.0433595287671232,0.00619821369863005,0.0559027835616438,0.034105906849315
"100861",0.00575122191780808,0.0101350684931507,0.0547156273972603,0.0426497424657534,0.0189474246575342,0.0568010465753425,0.0329441260273973
"100862",0.00106195068493153,0.0114422794520549,0.0584455561643835,0.0463399561643837,0.0187069150684932,0.0585890630136987,0.0344607780821918
"100863",0.00420682191780825,0.00920564383561639,0.0536227397260274,0.0428710684931507,0.0141529315068493,0.0525025479452055,0.0331772054794521
"100864",0.00501391780821903,0.0123744657534246,0.0562141808219178,0.0459968657534247,0.0169190575342466,0.056721402739726,0.0346426739726028
"100865",0.00932878356164391,0.0158826520547944,0.0701592109589041,0.0561546630136986,0.0235120438356164,0.0678489479452055,0.0376855561643835
"100866",0.00888689315068492,0.000474005479451978,0.0413236273972603,0.0311481205479453,0.00623586849315072,0.0420559232876712,0.0210691178082191
"100867",0.00289504109589056,0.00687940273972609,0.0620356602739726,0.0493694465753426,0.0114885698630136,0.0605472493150685,0.0336151890410959
"100868",0.0076101917808219,0.0161158904109587,0.0656112328767123,0.0534394520547946,0.0223941369863013,0.0654334246575343,0.0334150136986302
"100869",0.00182500821917808,0.00706324383561641,0.0490153315068494,0.0388247397260274,0.0124169863013699,0.0497834520547946,0.0215160383561643
"100870",0.00332614794520553,0.00690531506849312,0.0428814794520547,0.0337332547945204,0.0126008821917807,0.0441755671232876,0.0194429424657533
"100871",0.00209477260273966,0.00884856986301369,0.0368116602739726,0.0292709260273973,0.0144756164383562,0.0385934465753425,0.0171091726027398
"100872",0.00270271232876718,0.0052549643835616,0.0292152986301369,0.0232228931506849,0.00904061917808213,0.0307217589041095,0.0119142246575342
"100873",0.000947605479452066,0.000837747945205469,0.0109217260273972,0.00853855890410958,0.00195586849315067,0.0110356273972603,0.0040923616438356
"100874",0.000865895890410931,0.000275813698630181,0.0109987342465754,0.00851906301369866,0.00125707397260277,0.0108515452054795,0.00370492054794523
"100875",0.00742234520547946,0.00617603287671231,0.0476745315068492,0.0362818794520547,0.0144868383561644,0.048865315068493,0.0254290904109589
"100876",0.00568553424657536,0.00914794520547946,0.0565584657534247,0.0433957808219178,0.0187998904109589,0.0574111232876712,0.0327876164383561
"100877",0.000694016438356204,0.0105535068493151,0.0587144273972604,0.0461138904109589,0.0182258904109588,0.0582559945205479,0.0363785589041097
"100878",0.00576854794520554,0.00552664109589029,0.048899298630137,0.0379235506849315,0.0121418630136986,0.0500623123287671,0.0341026630136987
"100879",0.00879038904109575,0.00129145205479453,0.0401939616438356,0.0308728,0.00630115068493142,0.0419026520547946,0.0301319890410959
"100880",0.00681379178082187,0.000453561643835643,0.0392784383561643,0.0298054794520548,0.00533647671232879,0.0395039232876711,0.0295748109589041
"100881",0.0134584547945205,0.0044537643835616,0.0413156383561645,0.030530695890411,0.000692668493150639,0.0422809863013699,0.0309412821917809
"100882",0.010526805479452,0.0026904821917807,0.048435397260274,0.0366792328767124,0.00222023561643836,0.0489022849315071,0.0333371232876712
"100883",0.00419792876712344,0.00427134246575334,0.0559412383561643,0.04319061369863,0.010845205479452,0.0555074301369861,0.0352852931506848
"100884",0.00446062465753427,0.00941164931506855,0.0557510904109589,0.0431820712328767,0.0182254136986302,0.0566949424657535,0.0341667726027396
"100885",0.00369342465753419,0.0122601643835617,0.05550498630137,0.0435155616438356,0.0213917808219178,0.0573934794520549,0.0338859178082193
"100886",0.00191326027397265,0.00938673972602733,0.0525279726027397,0.041664493150685,0.0158850136986302,0.0537818082191781,0.0327328493150685
"100887",0.00307370958904096,0.0101097863013699,0.0433168273972603,0.0338787616438357,0.017665989041096,0.0448824328767123,0.0280920328767124
"100888",0.00203719999999996,0.00829340821917812,0.0427406082191781,0.0337317698630137,0.0142629369863013,0.0438898630136986,0.0286780931506849
"100889",0.00201132602739718,0.00641414794520545,0.054819194520548,0.0435993095890411,0.0113693534246576,0.0555925315068494,0.0356352383561644
"100890",0.00857455890410963,0.000125112328767107,0.0430008164383562,0.0324884712328767,0.00570861369863018,0.0434867178082191,0.0249933698630137
"100891",0.000407780821917725,0.0075506301369862,0.0615581917808219,0.0481415342465752,0.0143258082191779,0.060221205479452,0.0356607671232876
"100892",0.00675754520547944,0.0187380273972603,0.0662878301369864,0.0536091999999999,0.027066405479452,0.0665282301369863,0.0358920493150685
"100893",0.00344786301369859,0.0108993205479452,0.0552298191780821,0.0445632657534247,0.0160842082191781,0.0553054684931507,0.0273937808219178
"100894",0.00010542465753427,0.00866063561643832,0.047833802739726,0.0376181534246575,0.0149228602739726,0.047744191780822,0.0244506136986302
"100895",0.00116712328767127,0.00962643287671233,0.0404524931506849,0.0318834739726028,0.0160876273972603,0.041509906849315,0.0214680657534247
"100896",0.00404944657534245,0.00631841095890412,0.0260895506849315,0.0205923561643835,0.0109731506849315,0.0283142684931506,0.0114280054794521
"100897",0.00117902465753422,0.000928800000000007,0.0111979068493151,0.00875008767123289,0.00214670136986303,0.0114163232876712,0.00453161095890411
"100898",0.00156876164383563,0.000298109589041098,0.00989980273972603,0.00751107945205479,0.00159696986301369,0.00992544657534246,0.00379528767123287
"100899",0.00652001095890409,0.00197833424657534,0.0507510356164383,0.0383274739726028,0.00893867397260284,0.0500622356164384,0.0290616986301371
"100900",0.0028807945205479,0.00627873972602744,0.0571418356164383,0.044286,0.0134061369863014,0.0566876712328767,0.0348148493150686
"100901",0.00676668493150689,0.00279024657534244,0.0531494794520548,0.0408461095890411,0.00917276712328774,0.0534763561643836,0.0362293972602741
"100902",0.0142258684931507,0.0034865260273973,0.0371063835616439,0.027630493150685,0.00132963287671228,0.0393174246575343,0.028069693150685
"100903",0.0118709589041097,0.00121753424657534,0.0409169863013699,0.0304805479452055,0.00476767123287669,0.0422008219178082,0.0299350684931508
"100904",0.0163529095890411,0.00367467397260268,0.0354496164383561,0.0260462356164384,0.00179155616438353,0.0382697150684932,0.0259119452054795
"100905",0.0140863999999999,0.00153919999999996,0.0409248,0.0305759999999999,0.00446400000000002,0.0432512,0.0270208000000001
"100906",0.00147495890410965,0.00538531506849316,0.0602263452054794,0.0471815342465752,0.0111891068493151,0.0594579945205479,0.0372821589041096
"100907",0.00152663013698628,0.00893778082191776,0.0557159178082192,0.044518602739726,0.0142384109589041,0.0556672602739726,0.0343126849315069
"100908",4.38082191780431e-05,0.0121112876712328,0.0589085753424659,0.0472926575342466,0.0188409041095891,0.0604452328767123,0.0362799452054795
"100909",0.00171436164383576,0.014107298630137,0.0538624767123287,0.0432900438356164,0.0218782136986301,0.0567090246575342,0.0337404383561644
"100910",0.000873797260274034,0.0126355287671233,0.0526350246575342,0.0416299835616438,0.0207489315068493,0.053932208219178,0.0326277698630137
"100911",0.00577775342465736,0.00968603835616444,0.0509737315068494,0.0404841205479453,0.016755484931507,0.0541415342465754,0.0331125041095891
"100912",0.00684988493150684,0.00682296986301367,0.0498164273972603,0.0397501917808218,0.012317008219178,0.0531505315068492,0.0322745315068493
"100913",0.0080418410958904,0.0017172821917808,0.0395487123287672,0.0299324712328768,0.00247482739726024,0.039750904109589,0.0226724383561644
"100914",0.00244490958904098,0.0101656767123287,0.0582884054794521,0.0455863890410959,0.018441797260274,0.0589216438356164,0.0340729643835617
"100915",0.0100239780821918,0.0194009424657533,0.0659985534246574,0.0545763945205479,0.0254513095890411,0.0664940712328767,0.0355320986301368
"100916",0.00958632328767128,0.0132783342465754,0.059540690410959,0.0492081095890411,0.0166813808219178,0.0588365150684931,0.0304338410958905
"100917",0.00120284931506848,0.00933282191780821,0.0461459178082192,0.0366358904109589,0.0154276164383561,0.0473004383561643,0.0253296438356165
"100918",0.00103068493150676,0.00838977534246571,0.0343517917808219,0.0275249095890411,0.0128910575342465,0.0349776986301369,0.0188821479452054
"100919",0.00172750684931505,0.00360237808219177,0.0200688,0.0157159780821918,0.00659548493150686,0.0207325589041095,0.00990932602739725
"100920",0.00127419178082191,0.000944252054794537,0.0135992547945206,0.0106061698630137,0.00234586301369866,0.0137300493150685,0.00633804931506848
"100921",0.0010808219178082,0.000581506849315086,0.0113595890410959,0.00867465753424659,0.00198150684931507,0.0111897260273973,0.00493904109589041
"100923",0.014246219178082,0.00152766575342478,0.0422806849315069,0.0315216000000001,0.0092870301369864,0.0451037589041097,0.0279788547945207
"100924",0.015652821917808,0.00171821917808213,0.0378565479452057,0.0276586849315069,0.00517632876712326,0.040305397260274,0.0275627123287671
"100925",0.0152852,0.00510440000000001,0.0332444,0.0239063999999999,0.000125999999999959,0.0348432,0.0246064
"100926",0.0159805808219178,0.00428490958904104,0.0347777315068494,0.0256614136986302,0.000549501369863203,0.0375222356164384,0.0251509479452056
"100927",0.0151436712328766,0.00183747945205481,0.0348085479452055,0.025884493150685,0.00369271232876722,0.0379420273972603,0.0235647123287671
"100928",0.0118052547945205,0.000720180821917826,0.0429221424657533,0.0325191780821917,0.00476842191780824,0.0448098410958904,0.0260978301369862
"100929",0.00690230136986303,0.00249037808219166,0.0546703890410959,0.0420693534246575,0.00876835068493143,0.0549756164383561,0.0310083287671233
"100930",0.00459379726027398,0.00418763835616442,0.0564210739726028,0.0444849041095892,0.00919109589041101,0.0573384328767124,0.0323386520547946
"100931",0.000234739726027389,0.00771534246575334,0.0602728767123287,0.0482562739726028,0.0126276164383561,0.0607906849315067,0.0344446027397262
"100932",0.00246180821917807,0.00881122191780825,0.0628205589041098,0.0506072547945206,0.013351890410959,0.0627145643835616,0.035815890410959
"100933",0.000543693150684921,0.0122262136986302,0.0618571397260275,0.049217994520548,0.0197587726027398,0.0625212712328767,0.0359250410958905
"100934",0.00256188493150689,0.010814597260274,0.0622075616438357,0.0501238356164384,0.0162725260273973,0.0624944657534247,0.0364098191780822
"100935",0.000690756164383521,0.00935357260273961,0.0582103890410958,0.0463307178082191,0.015563704109589,0.0589512,0.0341240219178082
"100936",0.00841699726027401,0.00704825753424654,0.0451473534246576,0.0341673534246575,0.0160368164383561,0.0468951287671233,0.025545797260274
"100937",0.00523362191780818,0.00401013698630126,0.0515970958904109,0.0394880547945204,0.0109264438356164,0.0513643506849314,0.0314457643835617
"100938",0.0193932273972602,0.0202964164383561,0.0751167123287671,0.0622812931506848,0.0248540931506849,0.0719421369863013,0.0397641643835616
"100939",0.0126347506849315,0.0116766904109589,0.0596008767123288,0.0499276438356165,0.0126850356164384,0.0580764493150685,0.0322458739726028
"100940",0.00120306849315061,0.0101440547945205,0.0457986301369864,0.0369615452054795,0.0155633315068493,0.0479231397260274,0.0267983506849315
"100941",0.00060987945205479,0.00653539726027397,0.0246898849315069,0.0198490520547945,0.0099163397260274,0.0253884493150685,0.013606997260274
"100942",0.000412569863013662,0.00227742465753425,0.0171767561643835,0.0134431452054795,0.00431003835616436,0.0170889753424658,0.00949983561643833
"100943",0.00176882739726025,0.0017459506849315,0.0145102410958904,0.0111702410958904,0.00391374794520549,0.014792997260274,0.00793913424657536
"100944",0.00044594520547947,0.000912109589041116,0.020104602739726,0.0155867397260274,0.00270375342465753,0.0194295068493151,0.00989279452054795
"100945",0.0167622575342465,0.0016825424657535,0.0299842849315069,0.0225363068493151,0.003164098630137,0.0346500383561645,0.0219333479452055
"100946",0.0163163287671233,0.00229421917808226,0.0320400547945205,0.0230466027397261,0.00423287671232886,0.034839397260274,0.0230437808219178
"100947",0.0169375616438356,0.00430841095890411,0.0319409041095891,0.0220982465753424,0.00286673972602736,0.0334655890410958,0.023650602739726
"100948",0.0157900657534247,0.00716602739726035,0.0327046465753424,0.0230001917808219,0.00202302465753434,0.0334901534246575,0.0239841424657534
"100949",0.0129999452054794,0.000451041095890448,0.0353250958904109,0.0258670684931507,0.00619835616438352,0.037201205479452,0.0220844109589041
"100950",0.00898569863013698,0.00247989041095897,0.0452533150684932,0.0347653150684931,0.0084641095890412,0.0469867397260275,0.0261512876712329
"100951",0.00442035616438363,0.00558394520547945,0.052419205479452,0.040828191780822,0.0119468219178082,0.0530314520547944,0.0281120547945205
"100952",7.39780821917835e-05,0.00949814246575342,0.0571882739726027,0.0453968109589041,0.0158666904109589,0.0575485150684931,0.0289865424657534
"100953",0.00232800000000011,0.0121056,0.0584806356164383,0.0472233205479452,0.0180021369863014,0.0593161643835616,0.0301013589041096
"100954",0.00801034520547961,0.0169201972602739,0.0644457205479453,0.0527016328767124,0.0231630904109589,0.0645309369863014,0.0334174684931509
"100955",0.0115872000000001,0.0155297424657535,0.0530877698630137,0.044542093150685,0.0187089863013699,0.0527329643835616,0.0297032876712329
"100956",0.0132265808219178,0.0156854082191781,0.0510788164383562,0.0428238849315069,0.0188523945205479,0.0499117041095891,0.0285880219178083
"100957",0.00952602739726027,0.0162129863013699,0.0663042739726029,0.0540203835616438,0.0222253150684932,0.0653016986301371,0.0387662465753426
"100958",0.00125317808219161,0.0103363397260274,0.0560503726027398,0.0438675780821919,0.0183376438356165,0.0563232164383562,0.033477304109589
"100959",0.00456482739726027,0.00193922739726027,0.050332991780822,0.0382600273972603,0.00811358356164382,0.0491161041095891,0.0319328109589041
"100960",0.0126095342465754,0.0184013150684932,0.0748231890410959,0.0603768328767124,0.025986893150685,0.0721093260273973,0.0415452712328768
"100961",0.0120465205479451,0.0151683506849315,0.0642994356164383,0.0542183999999999,0.0171006246575343,0.0643628383561643,0.0371449479452054
"100962",0.00060433972602747,0.00990578630136973,0.0508004383561643,0.041131002739726,0.0149259945205479,0.0527271452054793,0.0314974684931506
"100963",0.000522586301369837,0.00560232328767118,0.022706498630137,0.0180824767123287,0.00882204931506844,0.0230569534246575,0.0131525808219178
"100964",5.47945205479905e-06,0.00133904109589042,0.012722602739726,0.00983561643835618,0.00284726027397258,0.012291095890411,0.00751575342465755
"100965",0.000915287671232917,0.00292997260273972,0.0145604383561644,0.0114489863013698,0.00512087671232878,0.0150163287671233,0.00849183561643835
"100966",0.000599424657534264,0.00281575890410959,0.0176056657534246,0.0138779616438356,0.00498086027397263,0.0178249424657534,0.0089862465753425
"100967",0.000176087671232852,0.00132573698630137,0.0102723452054794,0.00816493698630136,0.00224003835616438,0.0101876876712329,0.00506534246575342
"100968",0.0051283835616438,0.00875382465753416,0.0457967616438356,0.0362514465753424,0.0153347561643835,0.0484676712328768,0.0245421315068493
"100969",0.00766130410958915,0.0150841643835617,0.054966487671233,0.0446563835616439,0.0211100547945205,0.0544170301369863,0.0269519287671233
"100970",0.0185130904109589,0.0203765808219178,0.0661992657534247,0.0555781479452055,0.0241605808219178,0.0641828602739726,0.0342711178082192
"100971",0.0112831123287672,0.0171003397260273,0.0546538301369863,0.0463445808219178,0.0201419616438356,0.0554493698630137,0.0298465424657534
"100972",0.0118813589041096,0.0143438082191781,0.0408982849315069,0.0349756273972603,0.0163327726027397,0.0406574465753425,0.0233154465753425
"100973",0.0115511671232877,0.0188390465753425,0.0455056767123288,0.0382384109589041,0.0238669150684932,0.0456912,0.0259563945205479
"100974",0.0103142465753425,0.0151190630136986,0.0518447342465753,0.0431436821917809,0.0189758958904109,0.0514715671232877,0.0327784438356165
"100975",0.00316454794520538,0.00986972054794522,0.0587841534246576,0.0467344109589041,0.015862487671233,0.0578118575342467,0.0371765589041096
"100976",0.00559351780821915,0.00534519999999994,0.0527388821917808,0.039934597260274,0.0137911890410959,0.0523059178082192,0.0336788986301371
"100977",0.00103594520547945,0.00666007671232871,0.0565055561643835,0.0426599232876712,0.0156472767123287,0.0538421260273972,0.0363181369863014
"100978",0.00749801095890412,0.0205969808219177,0.0586369479452055,0.0484650246575342,0.0278302191780821,0.0603710630136987,0.0348656054794521
"100979",0.000877293150684855,0.00984450410958915,0.051052997260274,0.0413997369863014,0.0147652383561645,0.0531718575342467,0.0339169424657535
"100980",0.00103051506849305,0.00950095342465757,0.040023095890411,0.0320690136986301,0.0146359506849315,0.0407723616438356,0.0256859726027398
"100981",0.00111563835616438,0.00204044383561644,0.0154505095890411,0.0122048054794521,0.00344658082191782,0.014850197260274,0.00942189041095892
"100982",0.000201550684931495,0.00407066301369868,0.0185856164383562,0.0151240109589041,0.00598594520547946,0.0194744219178082,0.0111029095890411
"100983",0.000497945205479453,0.00322123287671235,0.0123150684931507,0.0100705479452055,0.00456164383561644,0.0127931506849315,0.00648287671232876
"100984",0.00046785753424658,0.00189251506849317,0.0105715287671233,0.00850862465753424,0.00285843287671234,0.0106040109589041,0.00541540821917808
"100985",0.0048804712328766,0.0185080986301369,0.0624290904109588,0.0507575506849315,0.0265111616438356,0.0638555397260274,0.0346929369863014
"100986",0.00924230136986298,0.0201405150684931,0.0597146191780822,0.0486128547945205,0.0281725150684932,0.0596073424657533,0.033739901369863
"100987",0.00696534246575348,0.0142264383561644,0.0463215068493152,0.0392420547945206,0.0171257534246577,0.048061095890411,0.0289023287671233
"100988",0.0125134684931508,0.0196382027397261,0.0533403835616439,0.0456663123287671,0.0230293479452055,0.0546269260273973,0.0333169315068493
"100989",0.0112764493150685,0.0188761424657534,0.0511600219178082,0.0432936328767123,0.0231501150684931,0.0520604054794521,0.0333597808219178
"100990",0.00839576986301371,0.0115021369863014,0.0482231890410958,0.0401660493150685,0.0139763945205479,0.0479319671232877,0.0336214575342466
"100991",0.00515568219178092,0.00969985753424668,0.0550627945205481,0.0440149041095891,0.014787594520548,0.0535788712328768,0.0365354958904111
"100992",0.0041321095890412,0.00353248767123293,0.0506012547945204,0.0395967945205478,0.00843820273972595,0.050992717808219,0.0351881753424658
"100993",0.00358821369863016,0.00734774794520543,0.0611836438356164,0.0487311780821917,0.0119829205479451,0.0595592712328767,0.0398859616438356
"100994",0.0119426739726027,0.0122215780821918,0.0609266027397259,0.0510952328767122,0.0134292328767123,0.0599392821917807,0.0383632602739725
"100995",0.00534216986301372,0.00424957808219184,0.0531526684931506,0.0437448493150685,0.00444723287671234,0.0521561589041095,0.036818695890411
"100996",0.00583561643835623,0.0101506849315069,0.0552657534246577,0.0447369863013699,0.0143753424657535,0.0543013698630138,0.0368931506849316
"100997",0.00733342465753423,0.00620794520547951,0.0402661643835617,0.0328312328767124,0.00784273972602739,0.0382449315068494,0.0244987671232877
"100998",0.00579082191780819,0.00496109589041094,0.0277298630136986,0.0231793150684932,0.00530753424657532,0.026895205479452,0.0150632876712329
"100999",0.00218658630136986,0.00314404383561642,0.0149720219178082,0.0124682410958904,0.00377476164383561,0.0149786301369863,0.00807157260273972
"101000",0.000991583561643833,0.00178555616438357,0.00998540273972602,0.00811767671232878,0.00247316164383563,0.00987500273972602,0.00541161643835616
"101001",0.000659687671232895,0.00280387397260276,0.0149480876712329,0.0120282246575343,0.00423521095890414,0.0150173589041096,0.0078880602739726
"101002",0.00115617534246573,0.00164843835616438,0.0145796054794521,0.011819605479452,0.00229571506849313,0.0143073863013698,0.00760474520547944
"101003",0.00572686027397262,0.0108040767123289,0.0499592767123288,0.0403112328767125,0.0172572054794521,0.0541969534246576,0.0334583232876713
"101004",0.00158639999999999,0.00992399999999999,0.0405456000000001,0.0321959999999999,0.0161712,0.0421632,0.026784
"101005",0.00380597260273985,0.0167601698630138,0.0523807397260274,0.0428463616438357,0.0236525917808219,0.0543031726027398,0.0346621315068494
"101006",0.00732311232876715,0.0167304602739727,0.0462175287671233,0.0389079945205481,0.0212157534246576,0.0479849424657535,0.0315260438356165
"101007",0.00552353424657531,0.0155003506849316,0.0422566520547945,0.0355013589041095,0.0199988547945206,0.0443476273972602,0.0302879178082192
"101008",0.00779329315068494,0.0142028054794521,0.0439901917808219,0.0362991780821918,0.0188154082191782,0.0439821698630137,0.0306858410958904
"101009",0.0101006191780822,0.0170659452054794,0.0525133589041096,0.0425584109589041,0.0238676712328767,0.0511485315068493,0.0336948767123287
"101010",0.00533845479452055,0.00255915616438351,0.0484099397260274,0.0376657643835616,0.00744815342465754,0.0489480657534247,0.0353328657534246
"101011",0.00545148493150693,0.00897626301369858,0.0621797917808219,0.0507548712328767,0.011982312328767,0.0616417315068493,0.0412824328767124
"101012",0.0106141808219178,0.0125734191780822,0.0584032931506849,0.0496021808219178,0.0131749643835616,0.0588305589041096,0.0387265808219178
"101013",0.00714520547945208,0.0097479452054795,0.0537315068493151,0.0451534246575343,0.0106630136986302,0.0542931506849316,0.0382054794520548
"101014",0.00397543013698626,0.00691390684931498,0.0515055561643835,0.0415232219178081,0.0101467616438356,0.0505136876712328,0.0368052164383561
"101015",0.0196817095890411,0.0198216328767123,0.0669432986301369,0.055796909589041,0.0238469260273973,0.0637775342465754,0.0385688547945205
"101016",0.010399397260274,0.00918085479452058,0.035556098630137,0.0297680219178082,0.0104492712328767,0.0337943342465754,0.019382104109589
"101017",0.00260318904109594,0.00448755068493153,0.0198696767123288,0.016352591780822,0.00586083287671235,0.0198228602739726,0.0111940054794521
"101018",0.000782712328767129,0.0021486794520548,0.00948276712328766,0.00768179726027397,0.00309037260273973,0.00950666301369864,0.00534487671232876
"101019",0.000776526027397278,0.0030913205479452,0.0146333917808219,0.0117778301369863,0.00463581369863014,0.0147174246575343,0.00802124931506851
"101020",0.00125761643835612,0.00272679452054791,0.0174719178082192,0.0140652328767123,0.0040549315068493,0.0172287123287671,0.00949315068493151
"101021",0.00108521643835618,0.00215427945205482,0.0141562739726027,0.0114557150684932,0.00308970958904112,0.0139962082191781,0.00749078356164384
"101022",0.00137243835616438,0.00211983561643837,0.0121578630136986,0.00990120547945207,0.00287627397260276,0.0119613698630137,0.00618410958904111
"101023",0.00738087671232873,0.00754465753424655,0.0386442191780822,0.0300873424657535,0.0145040000000001,0.0416406027397261,0.0275500821917808
"101024",0.00433635068493149,0.00535830684931504,0.0330411068493152,0.0257438684931507,0.0104638027397261,0.0345151232876713,0.0240684602739726
"101025",0.00149183013698617,0.0117227835616439,0.0515578849315069,0.0403470904109591,0.0202059123287672,0.0524141424657535,0.0358686575342466
"101026",0.00300317808219175,0.0148172931506849,0.0456240876712329,0.0371255780821917,0.0213080328767123,0.0472298191780822,0.0324827616438356
"101027",0.00406775342465748,0.0138809589041096,0.0424994794520548,0.0351362465753424,0.0188119726027397,0.0441660821917808,0.0312926301369863
"101028",0.00451835616438356,0.012697205479452,0.0406443835616438,0.0336815342465753,0.0169032328767123,0.0419395068493151,0.0305811506849315
"101029",0.00407110136986299,0.012523309589041,0.0444721095890411,0.0362546849315069,0.0176520767123288,0.0452106520547946,0.0323864547945206
"101030",0.00643678356164379,0.00042728767123279,0.0471878191780823,0.0364659506849315,0.00356174794520558,0.0473373698630138,0.0363743890410959
"101031",0.00253520547945196,0.00579662465753428,0.0610935452054794,0.0488231506849315,0.00955527123287669,0.0598373917808219,0.041881594520548
"101032",0.00769478356164388,0.0149581369863014,0.0566507506849315,0.0473239123287672,0.0186338082191781,0.0577633863013699,0.0374663013698631
"101033",0.00575241095890411,0.0136544821917808,0.0533332712328767,0.0451057534246576,0.016160991780822,0.0556913315068494,0.0386168054794521
"101034",0.00219887671232882,0.00732024657534258,0.0469815616438357,0.0380204383561644,0.0107115616438356,0.0471191506849316,0.0350571780821918
"101035",0.00529328767123294,0.011357397260274,0.0458091780821918,0.0379169863013699,0.0147317808219178,0.0465124657534247,0.0327028767123287
"101036",0.0216991561643835,0.0208658301369863,0.0656693589041095,0.0553753315068493,0.0240170630136986,0.0626231671232877,0.0379525150684931
"101037",0.00384029589041093,0.00658701369863016,0.025818904109589,0.0211283178082192,0.00887513424657532,0.0255500712328767,0.0160971287671233
"101038",0.0025219506849315,0.00334483287671233,0.0172230575342465,0.0142430246575343,0.00411441095890411,0.0170406575342466,0.0106699835616438
"101039",0.00153553424657532,0.00546479452054793,0.0218108767123287,0.0175053150684931,0.0082056164383561,0.021879397260274,0.0124404109589041
"101040",0.000616536986301375,0.00488128219178086,0.0261525369863014,0.0210934356164384,0.00736637808219182,0.0265752219178083,0.0155212821917808
"101041",0.00122064657534238,0.0051325150684931,0.0256045808219178,0.020677808219178,0.00760004383561644,0.0258489863013698,0.0146436164383561
"101042",0.00140430684931508,0.00309601643835616,0.0136832931506849,0.0112045315068493,0.00420109041095891,0.0137521863013699,0.00723099726027397
"101043",0.000551917808219178,0.00119801095890411,0.00531713424657534,0.004436301369863,0.0014791397260274,0.00544847671232877,0.00274058630136986
"101044",0.000137293150684932,0.000260876712328767,0.000964947945205481,0.00081877808219178,0.000303189041095891,0.000999073972602739,0.000461983561643835
"101045",0.00527324931506851,0.00335412602739721,0.0291166684931507,0.0220342356164383,0.00855986849315071,0.0299267506849316,0.0221480328767124
"101046",0.00443019178082193,0.00548730958904114,0.0408241534246575,0.0316241643835616,0.0114367890410959,0.0417510465753425,0.0308428164383562
"101047",0.000462904109589046,0.011881205479452,0.0518536767123287,0.0405952876712329,0.0201405369863014,0.051870509589041,0.0363954849315068
"101048",0.0036461095890411,0.015868602739726,0.0475981643835616,0.0392714794520547,0.0218180547945205,0.0498352602739726,0.0349297808219178
"101049",0.00381641643835617,0.0157017643835617,0.0417215780821918,0.0346930849315069,0.0212094465753425,0.0441300821917808,0.0309917808219178
"101050",0.00245759999999995,0.0114648,0.037656,0.0307248000000001,0.0170448,0.041148,0.0307128
"101051",0.0107010410958905,0.0035935452054795,0.0418519780821918,0.030982904109589,0.0015329315068493,0.0417723835616438,0.0352603726027397
"101052",0.003667989041096,0.00492396712328758,0.0563790904109589,0.0436427397260274,0.0115603287671233,0.0559726465753425,0.0407176767123287
"101053",0.0108251506849315,0.0178191780821919,0.0640807342465753,0.0529110794520549,0.0231827506849316,0.0637540493150686,0.0406396054794521
"101054",0.0103571671232878,0.0165250520547946,0.0607535178082193,0.0516043397260275,0.0188904493150686,0.0622233369863015,0.041824389041096
"101055",0.00910493698630133,0.0125091178082191,0.0544747671232876,0.0457530301369863,0.0144592383561644,0.0547162356164384,0.0388265589041096
"101056",0.00446027397260279,0.0113841095890411,0.0426564383561644,0.0351934246575342,0.0151802739726027,0.0435397260273974,0.0317238356164384
"101057",0.00709270684931501,0.0111381315068493,0.0443878630136986,0.0361547123287672,0.0152099835616439,0.0434425753424658,0.0317596328767123
"101058",0.00958956712328773,0.0128725698630138,0.0465843068493151,0.0378413369863014,0.0175717698630137,0.0447389589041096,0.0311173260273973
"101059",0.00206363287671232,0.00372790136986298,0.0157185917808219,0.0127601424657534,0.005207501369863,0.0154843780821918,0.0103121589041096
"101060",0.00264660821917811,0.00456511780821922,0.018259605479452,0.0149420383561644,0.00615117808219179,0.0180795287671233,0.0111214684931507
"101061",0.000885315068493153,0.00321774794520546,0.015592301369863,0.0125739561643836,0.00477408219178083,0.0156725589041096,0.00978066301369865
"101062",0.000280997260273974,0.00376796712328767,0.0194039999999999,0.0155611726027397,0.0058651397260274,0.0197099506849315,0.012139298630137
"101063",0.0010321095890411,0.00767252054794521,0.0270685917808219,0.0222040164383562,0.0107885808219178,0.0283602465753424,0.0160568931506849
"101064",0.00091824657534248,0.00293424657534246,0.0127173698630137,0.010526695890411,0.00384696986301371,0.0131150465753425,0.00727140821917809
"101065",0.000320350684931508,0.000727693150684931,0.00289159452054795,0.00243960547945206,0.000866695890410961,0.00300512876712329,0.00157567123287672
"101066",0.000109123287671231,0.000215638356164382,0.000750284931506849,0.000638438356164383,0.00025115616438356,0.000780816438356164,0.00039372602739726
"101067",0.00014644383561644,0.000182575342465755,0.000800493150684932,0.000679134246575344,0.000196805479452056,0.000807052054794521,0.000428323287671234
"101068",0.00418806575342456,0.00540598356164385,0.0415899287671233,0.0325930520547946,0.0106731506849315,0.0428445150684932,0.0315925260273973
"101069",0.0043306849315069,0.00621123287671232,0.0478936986301369,0.0378460273972602,0.011638904109589,0.0495271232876712,0.0361312328767124
"101070",0.00197918904109584,0.00997498630136995,0.052186093150685,0.0420846410958905,0.0155331561643837,0.0545130630136988,0.038881895890411
"101071",0.00215615342465747,0.0195855780821917,0.0545407397260274,0.0452450465753425,0.0269425972602739,0.0586262465753425,0.0396775726027396
"101072",0.00309452054794523,0.0161740273972603,0.0421900054794521,0.034749402739726,0.0234935999999999,0.0473750465753425,0.034369808219178
"101073",0.0105571287671232,0.000129282191780766,0.0401269917808219,0.0288766904109589,0.00787521095890414,0.0397776547945206,0.033957205479452
"101074",0.00577395616438348,0.00663383561643838,0.0540279726027397,0.0417310246575342,0.0144029808219177,0.0549281589041095,0.0398802684931506
"101075",0.010642093150685,0.0198855287671232,0.0648454520547946,0.0539389972602741,0.0255539342465754,0.0655616876712329,0.0404749972602739
"101076",0.0152635068493151,0.0185148493150685,0.0704270136986302,0.0592300273972604,0.0215069589041096,0.0697555068493152,0.0451627397260275
"101077",0.0142234520547945,0.0159156493150685,0.0623639342465754,0.0533182684931507,0.0167027178082192,0.0624988602739726,0.0426703561643836
"101078",0.0124025753424659,0.0132912547945206,0.0528832986301371,0.0446401095890412,0.0148120876712329,0.0520472986301371,0.0372695671232878
"101079",0.00926136986301368,0.00922882191780816,0.0361770410958904,0.0303154520547946,0.0106121095890411,0.034992,0.0259954520547945
"101080",0.00308440547945205,0.00355388493150685,0.0166165917808219,0.0136864438356164,0.00445334794520549,0.0161426410958904,0.0128085917808219
"101081",0.00827023561643839,0.00885263013698631,0.0309042575342466,0.0253160712328767,0.0114681534246575,0.0291652438356164,0.0202122410958904
"101082",0.00482856986301372,0.00730007123287674,0.0277039506849315,0.0226278575342466,0.00984122739726026,0.0270870082191781,0.0179410849315068
"101083",0.00202980821917809,0.00560747945205475,0.0252490958904109,0.0207947945205479,0.0074681369863013,0.0257632602739726,0.0170681095890411
"101084",0.000447199999999981,0.0015332,0.00750479999999999,0.00608119999999999,0.0022208,0.00756919999999998,0.00496679999999999
"101085",0.00096863561643834,0.00298752876712327,0.0155364821917808,0.0126588931506849,0.00419270136986299,0.0157038904109589,0.0100253369863014
"101086",0.000541200000000019,0.00377640000000001,0.0212916,0.0173136,0.00545280000000001,0.0217632,0.0136896
"101087",0.000542816438356172,0.00135100273972603,0.00593888219178083,0.00495399452054795,0.00168406575342466,0.00611971506849316,0.00365765479452056
"101088",0.000177698630136988,0.000272657534246577,0.00110997260273973,0.00093841095890411,0.000311287671232877,0.00113019178082192,0.000647671232876713
"101089",0.00019413698630137,0.00028290410958904,0.00115293150684932,0.000962958904109589,0.000342136986301369,0.00115408219178082,0.00065386301369863
"101090",0.000209698630136985,0.000261041095890409,0.0011907397260274,0.000985095890410957,0.000322520547945205,0.00116887671232877,0.000677205479452053
"101091",0.00876575342465749,0.00886315068493149,0.0314075342465753,0.0263773972602739,0.0102624657534246,0.0303053424657534,0.0219858904109589
"101092",0.00540113972602738,0.00687740273972601,0.0212107068493151,0.0181308383561644,0.00776789041095888,0.0213016657534247,0.0156431123287671
"101093",0.0049001205479452,0.00569243287671231,0.0198964164383561,0.0169491178082192,0.00629290410958902,0.0198215726027397,0.0148414465753425
"101094",0.00558515616438354,0.00619122191780822,0.022693501369863,0.0184713315068493,0.0082440821917808,0.0214152054794521,0.0152522136986301
"101095",0.00449878356164385,0.00810295342465756,0.0289876493150685,0.0237485424657534,0.0109343178082192,0.0287832821917808,0.0200144438356164
"101096",0.000574673972602739,0.00114822465753425,0.00459671780821918,0.00375672328767124,0.00156900821917808,0.00458615890410959,0.00312206575342466
"101097",0.00054974794520548,0.00124208767123288,0.00567230684931507,0.00463902465753424,0.0016954191780822,0.00569931506849316,0.00381280547945206
"101098",0.000523561643835602,0.00200993972602739,0.0100722520547945,0.00811010410958904,0.00301141917808219,0.0101157479452055,0.00670695890410959
"101099",0.00111744657534248,0.00293312876712329,0.0128877041095891,0.0105732821917808,0.00397711232876713,0.013074394520548,0.00838017534246575
"101100",0.0011688,0.0018268,0.0081132,0.0067644,0.0022152,0.00816039999999998,0.00510720000000001
"101101",0.000466684931506853,0.000756164383561651,0.00336805479452055,0.00278104109589041,0.000966739726027403,0.00335983561643836,0.00207205479452055
"101102",0.000479605479452055,0.000684120547945206,0.00321762191780822,0.00264841643835616,0.000876821917808222,0.00317558356164383,0.00193744657534247
"101103",0.00376515616438357,0.00501080547945204,0.0152273095890411,0.0128379452054794,0.00601540273972603,0.0151228109589041,0.0111544273972603
"101104",0.00111747945205479,0.00166928767123287,0.00651109589041095,0.0053836712328767,0.00213068493150685,0.00645082191780821,0.0051151506849315
"101105",0.00138213698630137,0.00271123287671234,0.00918180821917809,0.00757786301369863,0.00358663013698629,0.00923923287671234,0.0069970410958904
"101106",0.00122042191780822,0.00253460273972603,0.00840756712328768,0.00680199452054796,0.00360835616438357,0.00831069589041096,0.00582589041095892
"101107",0.00118105205479453,0.00277055342465755,0.0104991561643836,0.00850841643835616,0.00394800000000001,0.010469797260274,0.00717232876712329
"101108",0.000806005479452046,0.00171892602739725,0.00789001643835617,0.00639951780821917,0.00243261369863013,0.00783675616438356,0.00531892602739725
"101109",0.000977671232876717,0.00181849315068493,0.00833712328767122,0.00679726027397259,0.00249287671232877,0.0082713698630137,0.0054821917808219
"101110",0.00123983561643835,0.00223095890410957,0.00950882191780821,0.00781394520547946,0.00295008219178082,0.00949019178082192,0.006239698630137
"101111",0.000735890410958909,0.00124054794520549,0.00559424657534247,0.00460054794520548,0.00162219178082192,0.00557013698630137,0.00363232876712329
"101112",0.00177159452054795,0.0036610191780822,0.0098420383561644,0.00824442739726029,0.00470353972602741,0.0100892054794521,0.00760372602739727
"101113",0.000564778082191783,0.00112096438356165,0.00370656438356164,0.00305008219178083,0.00150198356164384,0.00372024109589042,0.00299029041095891
"101114",0.000531123287671235,0.000963287671232875,0.00341704109589041,0.00284202739726027,0.00122630136986302,0.00345008219178082,0.00273879452054794
"101115",0.000872317808219183,0.00147259726027397,0.00473791232876712,0.00391175342465753,0.00193311780821918,0.00471312328767123,0.0035320109589041
"101116",0.00221857534246575,0.00366101369863013,0.0119132602739726,0.00970821917808219,0.00502068493150684,0.0116628767123288,0.00828972602739725
"101117",0.00300730958904105,0.0080722520547945,0.0310462794520548,0.0252087452054794,0.0114823123287671,0.0312155287671232,0.0217845808219178
"101118",0.00254612054794523,0.00507889315068497,0.0225313315068494,0.0183211671232877,0.00708108493150686,0.0223644821917808,0.0154769424657534
"101119",0.000572465753424657,0.000863780821917806,0.00399690410958904,0.00328443835616438,0.00112268493150685,0.00395087671232877,0.00273671232876712
"101120",0.000479731506849317,0.000712049315068495,0.00329789589041096,0.00272075616438356,0.000905435616438358,0.00327056438356164,0.00222116164383562
"101121",0.000574246575342465,0.00110931506849315,0.0030613698630137,0.00252671232876712,0.00148260273972602,0.00307205479452055,0.00237835616438356
"101122",0.000519232876712329,0.000744821917808215,0.00277726575342466,0.00230390684931507,0.000937769863013697,0.00274916164383561,0.00219602739726028
"101123",0.00058587945205479,0.000941189041095886,0.00339768767123287,0.00282595068493151,0.0011860602739726,0.00340134246575342,0.00268579726027397
"101124",0.00113401643835617,0.00167140273972603,0.00625273972602741,0.00512626849315069,0.00221521643835616,0.00612391232876713,0.0046816602739726
"101125",0.00222197808219178,0.00461862465753426,0.0152838410958904,0.0122692438356165,0.00674317808219178,0.0149825205479452,0.0106151123287671
"101126",0.0023428602739726,0.00631915616438355,0.0235728328767124,0.0190325150684931,0.00918030684931509,0.0235728328767124,0.0168737534246576
"101127",0.0031770410958904,0.00535643835616439,0.0237869589041096,0.0194707397260274,0.00716761643835617,0.0235614246575342,0.0170381917808219
"101128",0.000700958904109591,0.00113438356164384,0.00310712328767123,0.00262767123287671,0.00138876712328767,0.00314986301369863,0.00242082191780822
"101129",0.000503890410958899,0.000860054794520549,0.00242498630136986,0.00204416438356165,0.00106443835616438,0.00246378082191781,0.00190739726027397
"101130",0.000276164383561643,0.000531989041095891,0.00181882739726028,0.00150996164383562,0.000687079452054797,0.00183969315068493,0.00147585753424657
"101131",0.000322602739726029,0.000518958904109589,0.00178093150684932,0.00148257534246575,0.000654986301369865,0.00178290410958904,0.00142709589041096
"101132",0.000517594520547948,0.00139383561643835,0.00421333698630137,0.00341271780821918,0.00199820273972603,0.00423766575342466,0.00321281643835616
"101133",0.000243726027397258,0.00159145205479452,0.00423342465753425,0.00337512328767123,0.00242542465753424,0.00435068493150685,0.00320613698630137
"101134",0.000477830136986296,0.00305877260273973,0.00868812054794521,0.00709441095890412,0.0043801095890411,0.00911741369863014,0.00682486575342467
"101135",0.000846087671232881,0.00137351232876712,0.0037448,0.00320905205479452,0.00160911232876713,0.00385249315068494,0.00294304657534247
"101136",0.000318986301369862,0.000512794520547945,0.00174024657534247,0.00146753424657534,0.000614794520547943,0.00176646575342466,0.00142339726027397
"101137",0.000146498630136986,0.000272832876712327,0.000924712328767123,0.000765457534246575,0.000355813698630135,0.000930191780821917,0.000755638356164384
"101138",9.626301369863e-05,0.000317934246575342,0.000981073972602739,0.000796191780821917,0.00045641095890411,0.000998334246575344,0.000801567123287671
"101139",4.09863013698612e-05,0.000390246575342465,0.00101073972602739,0.000815397260273971,0.000579999999999999,0.0010612602739726,0.000846739726027395
"101140",0.000212482191780824,0.000813884931506848,0.00247001095890411,0.00200030684931507,0.00118062465753424,0.00252420273972603,0.00199337534246576
"101141",0.00119198356164384,0.00177843287671233,0.00516070684931507,0.00445244383561644,0.0019914301369863,0.00531315068493151,0.00408841643835616
"101142",0.000253446575342467,0.00048117808219178,0.00141717808219178,0.00122841095890411,0.000537024657534246,0.00149838356164384,0.00122385205479452
"101143",0.000109479452054793,0.000253676712328767,0.000684230136986301,0.000571397260273972,0.00033093698630137,0.000705073972602739,0.000572449315068494
"101144",3.91068493150685e-05,0.000117139726027398,0.000332580821917808,0.000272005479452055,0.000163906849315068,0.000340208219178082,0.00027825205479452
"101145",5.80273972602737e-05,0.000184109589041095,0.000640701369863013,0.000522213698630137,0.000259989041095889,0.00065227397260274,0.000551408219178082
"101146",8.32328767123285e-05,0.00042299178082192,0.00144165479452055,0.00116641095890411,0.000620142465753424,0.00147939726027397,0.00124396712328767
"101147",0.000699999999999999,0.000935205479452052,0.00307876712328767,0.00261671232876712,0.00107328767123287,0.00309671232876713,0.00246054794520548
"101148",0.000255863013698631,0.000386657534246574,0.00128654794520548,0.00109451506849315,0.000445906849315069,0.00131107945205479,0.00107649315068493
"101149",8.91506849315079e-05,0.000217945205479453,0.000566301369863013,0.000473616438356164,0.00028468493150685,0.000586767123287671,0.000477506849315068
"101150",2.26849315068498e-05,0.000135583561643836,0.000312032876712329,0.000254597260273973,0.000194876712328768,0.000330016438356165,0.00026789589041096
"101151",2.211506849315e-05,0.000151868493150684,0.000408065753424658,0.0003312,0.000221413698630137,0.000427419178082192,0.000355638356164383
"101152",9.79616438356173e-05,0.000449534246575345,0.00144733150684932,0.00117845479452055,0.000644230136986302,0.00149366575342466,0.00125232876712329
"101153",0.000204509589041096,0.000374794520547945,0.00104986849315069,0.000891813698630136,0.000454487671232878,0.00108231780821918,0.000880126027397262
"101154",0.000118750684931506,0.000228493150684931,0.000666312328767123,0.000572021917808219,0.000265676712328767,0.00069784109589041,0.000578235616438356
"101155",2.57260273972605e-05,0.00014508493150685,0.000308005479452055,0.000255517808219178,0.000201106849315069,0.000332104109589041,0.000269490410958904
"101156",4.91835616438351e-05,0.000156493150684931,0.000429808219178082,0.000356427397260274,0.00021093698630137,0.000447824657534247,0.000367298630136987
"101157",0.000124273972602739,0.000354180821917807,0.000972591780821918,0.000813008219178081,0.000464054794520549,0.00101603835616438,0.000824794520547945
"101158",0.000164164383561643,0.000305123287671233,0.000834476712328766,0.000702761643835616,0.000382410958904109,0.000853002739726027,0.000683813698630137
