,Andrena_carlini,Andrena_miserabilis,Osmia_atriventris,Osmia_bucephala,Osmia_lignaria,Osmia_pumila,Andrena_violae
100001,13.58630137,12.83178082,5.314191781,0.751561644,10.70136986,4.05369863,16.86673973
100002,12.92547945,13.00734247,5.182027397,1.160876712,11.96778082,4.268712329,17.50093151
100003,13.66717808,11.58115068,5.053808219,0.62630137,8.994082192,4.202630137,17.53939726
100004,12.5990137,11.60580822,5.163287671,1.390684932,10.37293151,4.715506849,17.98619178
100005,11.92832877,10.77139726,5.95430137,2.099835616,9.358027397,5.462136986,18.73873973
100006,12.99846575,10.51693151,5.991780822,1.380821918,7.505753425,5.04690411,16.94663014
100007,14.37336986,10.77830137,3.740054795,0.253479452,8.028493151,3.623671233,18.07594521
100008,15.52536986,10.74180822,0.848219178,1.931178082,8.982246575,2.154082192,19.47846575
100009,12.58816438,9.896547945,4.713534247,1.273315068,8.285917808,4.943342466,19.65994521
100010,12.20547945,10.93216438,6.566794521,2.096876712,8.677479452,5.504547945,16.31835616
100011,12.82290411,10.64416438,5.746191781,1.425205479,8.147835616,5.017315068,16.46038356
100012,13.57249315,11.45293151,4.083287671,0.393534247,9.792,3.952109589,16.88547945
100013,14.55879452,11.22509589,1.670794521,1.021808219,10.26443836,2.756712329,18.42706849
100014,13.34268493,10.00010959,3.259726027,0.30969863,8.70509589,4.098082192,19.47254795
100015,13.32986301,11.28328767,4.954191781,0.828493151,9.10060274,4.386082192,16.86476712
100016,12.29917808,11.10772603,6.070684932,1.87890411,9.245589041,5.259945205,16.15660274
100017,12.97084932,11.31879452,5.289534247,1.176657534,9.340273973,4.65139726,15.86465753
100018,13.74608219,12.57731507,3.935342466,0.219945205,11.33457534,3.580273973,15.94750685
100019,12.71342466,12.3869589,4.402849315,1.071123288,12.03583562,4.24109589,16.52745205
100020,11.94016438,10.87693151,5.184986301,1.853260274,10.17665753,5.178082192,17.83824658
100021,13.53008219,11.40756164,4.626739726,0.589808219,9.300821918,4.160219178,15.92679452
100022,12.57041096,11.28920548,5.765917808,1.597808219,9.415232877,4.99660274,15.24526027
100023,13.60010959,11.54761644,4.549808219,0.516821918,9.480328767,4.073424658,15.36756164
100024,15.84394521,14.04789041,0.791013699,2.194520548,13.44230137,1.271342466,16.06389041
100025,14.60021918,12.8889863,2.106739726,0.930082192,12.25873973,2.520986301,16.58169863
100026,11.04361644,9.850191781,7.255232877,3.112767123,8.051178082,6.491835616,16.67046575
100027,11.45687671,10.76449315,7.039232877,2.755726027,9.02169863,6.035178082,14.93753425
100028,12.17194521,10.88580822,5.976,1.939068493,9.176547945,5.333917808,14.9789589
100029,13.15035616,11.3779726,5.005479452,0.966575342,9.435945205,4.464,14.84679452
100030,14.22739726,11.94805479,3.631561644,0.197260274,10.03463014,3.398794521,15.08547945
100031,15.43956164,12.97775342,1.815780822,1.593863014,11.51408219,2.026849315,15.54410959
100032,14.3990137,12.32975342,2.852383562,0.558246575,11.05150685,2.979616438,15.88241096
100033,12.74893151,10.82761644,4.984767123,1.239780822,9.190356164,4.757917808,16.72175342
100034,11.68964384,11.18071233,6.700931507,2.488438356,9.616438356,5.727452055,14.52526027
100035,11.736,10.64219178,6.714739726,2.465753425,8.754410959,5.828054795,14.46213699
100036,13.17008219,10.85227397,5.154410959,1.003068493,8.506849315,4.618849315,14.9069589
100037,13.70465753,11.25863014,4.735232877,0.504986301,8.752438356,4.150356164,14.79057534
100038,13.67013699,11.36613699,4.573479452,0.478356164,9.10060274,4.089205479,14.78860274
100039,13.04186301,10.93808219,5.225424658,1.112547945,8.744547945,4.681972603,15.16832877
100040,12.85742466,11.56043836,5.06860274,1.185534247,10.04252055,4.577424658,14.92767123
100041,12.63846575,10.47353425,5.615013699,1.512,8.262246575,5.094246575,14.95232877
100042,13.62969863,10.72109589,4.459068493,0.476383562,8.310575342,4.209534247,15.3389589
100043,12.68284932,11.47265753,5.749150685,1.513972603,9.54739726,4.900931507,14.14060274
100044,12.66509589,11.02290411,6.039123288,1.619506849,8.656767123,5.102136986,14.05775342
100045,12.95112329,11.19254795,5.700821918,1.318684932,8.817534247,4.824986301,14.51736986
100046,11.57621918,10.19243836,6.624986301,2.551561644,8.391452055,5.96909589,14.19484932
100047,12.84065753,9.754520548,5.420712329,1.319671233,7.110246575,5.094246575,14.82115068
100048,14.29939726,10.46465753,3.64339726,0.230794521,7.75430137,3.69369863,15.29260274
100049,13.80920548,11.5890411,4.081315068,0.229808219,9.674630137,3.815013699,14.69194521
100050,13.71156164,11.08208219,4.314082192,0.372821918,8.857972603,4.045808219,14.52624658
100051,13.89106849,11.83364384,4.433424658,0.280109589,9.610520548,3.841643836,14.48876712
100052,11.56931507,9.019726027,6.471123288,2.518027397,6.820273973,6.175232877,14.16328767
100053,12.384,9.772273973,5.608109589,1.689534247,7.586630137,5.358575342,14.02915068
100054,13.66027397,10.19145205,4.362410959,0.430027397,7.579726027,4.279561644,14.64164384
100055,13.56756164,10.6530411,4.684931507,0.588821918,8.095561644,4.327890411,14.78367123
100056,13.57347945,9.467506849,4.444273973,0.520767123,6.564821918,4.503452055,15.1219726
100057,12.84756164,10.90257534,5.209643836,1.240767123,8.967452055,4.771726027,14.24613699
100058,11.52690411,8.433863014,6.310356164,2.503232877,6.162410959,6.268931507,13.97391781
100059,12.21534247,9.562191781,5.516383562,1.77830137,7.586630137,5.45030137,13.72734247
100060,13.39594521,9.430027397,4.283506849,0.592767123,6.892273973,4.537972603,14.42367123
100061,12.88306849,9.22290411,5.230356164,1.236821918,6.442520548,5.127780822,14.29249315
100062,13.3910137,8.991123288,4.456109589,0.652931507,6.104219178,4.692821918,14.77676712
100063,10.74378082,7.052054795,6.264,3.036821918,5.237260274,6.908054795,14.02027397
100064,11.27835616,7.857863014,6.298520548,2.674849315,5.665315068,6.502684932,13.72241096
100065,12.72328767,8.309589041,4.91769863,1.257534247,5.598246575,5.295452055,13.92361644
100066,13.02706849,7.736547945,4.696767123,0.98630137,4.544876712,5.209643836,14.19583562
100067,12.48953425,7.810520548,5.328,1.547506849,4.820054795,5.64460274,14.22049315
100068,12.90279452,9.372821918,4.691835616,1.056328767,7.113205479,4.907835616,14.01830137
100069,9.458630137,5.952328767,7.645808219,4.349589041,4.136547945,8.185315068,13.42849315
100070,9.008876712,6.483945205,8.512767123,4.918684932,4.753972603,8.559123288,13.19276712
100071,11.46082192,7.461369863,5.81030137,2.402630137,5.269808219,6.344876712,13.47484932
100072,12.69665753,7.443616438,5.008438356,1.311780822,4.286465753,5.526246575,13.65435616
100073,13.12767123,7.605369863,4.605041096,0.891616438,4.299287671,5.163287671,13.968
100074,12.62268493,8.376657534,5.027178082,1.359123288,5.736328767,5.362520548,13.65928767
100075,8.009753425,5.573589041,9.191342466,5.819178082,4.170082192,9.432986301,12.67693151
100076,8.094575342,6.134794521,9.362958904,5.809315068,4.724383562,9.329424658,12.32284932
100077,9.039452055,5.741260274,8.454575342,4.887123288,3.677917808,8.687342466,12.68876712
100078,9.863013699,7.421917808,7.304547945,3.955068493,6.044054795,7.568876712,12.65326027
100079,11.47265753,7.505753425,5.754082192,2.376986301,5.369424658,6.311342466,12.90378082
100080,12.06739726,7.63890411,5.42860274,1.869041096,5.048876712,5.906958904,12.83375342
100081,12.84953425,7.579726027,5.086356164,1.228931507,4.209534247,5.453260274,13.3900274
100082,12.22126027,8.666630137,5.821150685,1.875945205,5.998684932,5.743232877,12.88010959
100083,8.309589041,3.85939726,8.065972603,5.282630137,2.252712329,9.297863014,13.64942466
100084,7.089534247,3.54969863,9.705205479,6.624,1.993315068,10.45873973,13.0349589
100085,6.791671233,4.316054795,10.57906849,7.089534247,2.74290411,10.71517808,12.23112329
100086,7.217753425,4.422575342,10.16186301,6.668383562,2.693589041,10.36208219,12.29819178
100087,8.602520548,5.128767123,7.904219178,5.021260274,3.858410959,8.835287671,12.84361644
100088,9.232767123,5.570630137,7.577753425,4.48569863,3.944219178,8.347068493,12.65424658
100089,9.488219178,5.758027397,7.659616438,4.334794521,3.800219178,8.217863014,12.62367123
100090,10.21216438,6.648657534,6.872547945,3.590136986,4.824,7.436712329,12.58915068
100091,10.34531507,7.329205479,6.876493151,3.494465753,5.639671233,7.230575342,12.39484932
100092,11.15013699,6.885369863,6.100273973,2.709369863,4.588273973,6.706849315,12.5309589
100093,11.14126027,7.388383562,6.339945205,2.785315068,5.124821918,6.681205479,12.30312329
100094,12.024,8.126136986,5.733369863,1.988383562,5.55090411,5.920767123,12.89589041
100095,12.57534247,8.499945205,5.028164384,1.390684932,5.978958904,5.35660274,13.01424658
100096,6.374465753,2.802082192,11.27934247,7.60339726,0.470465753,11.46476712,13.0339726
100097,5.446356164,2.614684932,12.44909589,8.599561644,0.412273973,12.312,12.21731507
100098,6.315287671,2.324712329,11.26158904,7.641863014,0.134136986,11.5900274,12.67693151
100099,7.347945205,2.444054795,9.662794521,6.442520548,0.063123288,10.56821918,12.87813699
100100,7.495890411,2.751780822,9.578958904,6.31430137,0.38860274,10.40745205,12.6690411
100101,7.289753425,3.266630137,10.01687671,6.585534247,1.032657534,10.53369863,12.17391781
100102,7.835178082,4.329863014,9.439890411,6.025315068,2.364164384,9.864986301,11.84449315
100103,7.874630137,4.296328767,9.062136986,5.88230137,2.595945205,9.728876712,12.08810959
100104,8.248438356,4.558684932,8.637041096,5.49369863,2.852383562,9.361972603,12.40273973
100105,9.072,5.053808219,8.161643836,4.779616438,2.88690411,8.725808219,11.90958904
100106,10.59780822,5.863561644,6.596383562,3.248876712,3.399780822,7.343013699,12.2390137
100107,10.93315068,6.842958904,6.267945205,2.909589041,4.672109589,6.869589041,12.24
100108,10.89172603,6.867616438,6.210739726,2.920438356,4.813150685,6.863671233,12.17786301
100109,10.91934247,6.640767123,6.261041096,2.919452055,4.400876712,6.917917808,12.10783562
100110,10.78421918,7.166465753,6.618082192,3.116712329,5.035068493,6.982027397,12.05654795
100111,11.20536986,8.318465753,6.359671233,2.738958904,6.383342466,6.456328767,12.44120548
100112,5.693917808,1.064219178,11.71430137,8.216876712,1.539616438,12.29424658,12.47671233
100113,5.633753425,1.178630137,12.23506849,8.41709589,1.753643836,12.46882192,12.50334247
100114,6.067726027,1.322630137,11.74487671,7.968328767,1.694465753,12.08021918,12.25380822
100115,6.081534247,1.449863014,11.54169863,7.896328767,1.34630137,11.97863014,12.01512329
100116,6.306410959,2.555506849,11.0889863,7.593534247,0.368876712,11.48646575,11.54268493
100117,7.79769863,3.357369863,9.69830137,6.138739726,0.762410959,10.17863014,11.57523288
100118,8.943780822,3.843616438,8.391452055,4.949260274,1.083945205,9.123287671,11.85632877
100119,9.522739726,4.864438356,7.499835616,4.26969863,2.588054795,8.344109589,11.83660274
100120,9.190356164,4.978849315,7.609315068,4.530082192,3.106849315,8.505863014,11.56635616
100121,9.878794521,5.024219178,6.690082192,3.775561644,3.058520548,7.880547945,11.8829589
100122,9.783123288,5.912876712,7.413041096,4.055671233,3.847561644,7.969315068,11.22016438
100123,10.40153425,6.657534247,7.127013699,3.538849315,4.356493151,7.433753425,11.03276712
100124,11.25863014,6.976109589,6.159452055,2.653150685,4.524164384,6.657534247,11.29117808
100125,11.29808219,6.612164384,5.602191781,2.456876712,4.429479452,6.534246575,11.63145205
100126,11.07616438,7.111232877,5.770849315,2.656109589,5.312219178,6.581589041,11.70542466
100127,11.12745205,7.170410959,6.114082192,2.727123288,5.024219178,6.659506849,11.93523288
100128,10.61260274,7.824328767,6.969205479,3.335671233,5.919780822,7.032328767,11.52690411
100129,10.73983562,4.831890411,6.349808219,3.084164384,1.916383562,7.420931507,11.98553425
100130,10.18849315,5.792547945,6.901150685,3.622684932,3.57830137,7.643835616,11.39178082
100131,10.52778082,5.601205479,6.296547945,3.206465753,3.375123288,7.332164384,11.32471233
100132,11.07123288,5.92569863,6.117041096,2.776438356,3.276493151,6.956383562,11.19156164
100133,11.31484932,7.024438356,6.347835616,2.671890411,4.350575342,6.684164384,10.6579726
100134,11.65019178,7.366684932,6.020383562,2.338520548,4.689863014,6.349808219,10.47945205
100135,10.79210959,6.898191781,6.214684932,2.989479452,4.990684932,6.903123288,10.71320548
100136,10.94893151,7.127013699,5.928657534,2.791232877,5.366465753,6.687123288,11.09391781
100137,10.11747945,7.649753425,7.169424658,3.738082192,6.155506849,7.360767123,10.75068493
100138,9.25939726,8.083726027,8.551232877,4.746082192,6.72460274,8.111342466,10.20427397
100139,9.793972603,5.052821918,7.230575342,3.999452055,2.736,8.091616438,10.83353425
100140,9.700273973,6.073643836,7.462356164,4.126684932,4.151342466,7.988054795,10.43210959
100141,10.50608219,5.936547945,6.615123288,3.316931507,3.614794521,7.374575342,10.75561644
100142,11.48646575,5.900054795,5.734356164,2.375013699,3.018082192,6.648657534,10.84438356
100143,11.28230137,7.399232877,6.304438356,2.677808219,4.983780822,6.603287671,9.975452055
100144,11.18465753,7.453479452,6.316273973,2.746849315,5.183013699,6.638794521,9.817643836
100145,11.20339726,7.058958904,5.770849315,2.57030137,5.064657534,6.536219178,10.49621918
100146,11.10378082,7.465315068,5.964164384,2.693589041,5.621917808,6.555945205,10.63824658
100147,9.950794521,7.959452055,7.304547945,3.890958904,6.713753425,7.413041096,10.17073973
100148,9.879780822,7.800657534,7.547178082,4.015232877,6.362630137,7.56,10.2989589
100149,10.76745205,8.196164384,6.344876712,3.034849315,6.808438356,6.675287671,11.01106849
100150,9.486246575,5.313205479,7.685260274,4.34860274,3.130520548,8.324383562,9.764383562
100151,9.786082192,5.977972603,7.56,4.099068493,3.810082192,8.002849315,9.72
100152,10.64416438,6.050958904,6.732493151,3.256767123,3.490520548,7.326246575,10.1510137
100153,11.05939726,6.529315068,6.433643836,2.877041096,3.895890411,6.935671233,9.777205479
100154,11.19945205,7.453479452,6.45139726,2.778410959,5.043945205,6.677260274,9.335342466
100155,11.42235616,7.63890411,6.01939726,2.49139726,5.396054795,6.393205479,9.535561644
100156,11.03276712,7.498849315,6.219616438,2.820821918,5.541041096,6.665424658,9.751561644
100157,11.15210959,7.950575342,6.124931507,2.706410959,6.124931507,6.481972603,9.82060274
100158,10.81479452,8.038356164,6.372493151,3.012164384,6.48690411,6.696986301,9.978410959
100159,10.96964384,7.628054795,6.25709589,2.875068493,5.78169863,6.678246575,10.47649315
100160,10.25457534,7.924931507,7.070794521,3.610849315,6.460273973,7.205917808,10.29205479
100161,9.874849315,4.876273973,7.630027397,4.069479452,2.015013699,8.225753425,9.067068493
100162,10.09676712,5.409863014,7.487013699,3.869260274,2.623561644,7.962410959,8.924054795
100163,10.61063014,6.201863014,7.086575342,3.387945205,3.442191781,7.425863014,9.121315068
100164,11.31978082,7.097424658,6.419835616,2.689643836,4.387068493,6.690082192,9.188383562
100165,11.06432877,7.452493151,6.632876712,2.927342466,5.063671233,6.798575342,8.838246575
100166,10.99824658,7.893369863,6.636821918,2.969753425,5.793534247,6.733479452,8.744547945
100167,10.94893151,8.276054795,6.810410959,3.053589041,6.268931507,6.729534247,8.58969863
100168,11.088,8.202082192,6.704876712,2.926356164,6.064767123,6.648657534,8.972383562
100169,11.7379726,7.84109589,5.608109589,2.148164384,5.630794521,6.070684932,9.87090411
100170,11.51605479,7.651726027,5.907945205,2.392767123,5.387178082,6.311342466,10.13621918
100171,10.008,7.606356164,7.735561644,3.987616438,5.73830137,7.606356164,9.587835616
100172,10.17961644,8.376657534,6.964273973,3.625643836,7.316383562,7.10630137,9.998136986
100173,10.20230137,5.012383562,7.229589041,3.720328767,2.126465753,7.916054795,8.66860274
100174,10.07309589,4.763835616,7.585643836,3.920547945,1.621479452,8.145863014,8.427945205
100175,10.02378082,6.132821918,7.837150685,4.020164384,3.468821918,7.953534247,8.02060274
100176,10.37391781,7.273972603,7.585643836,3.69369863,4.891068493,7.464328767,8.010739726
100177,10.44690411,7.702027397,7.343013699,3.566465753,5.633753425,7.258191781,8.139945205
100178,10.82958904,7.375561644,6.854794521,3.156164384,5.071561644,6.994849315,8.426958904
100179,11.41939726,7.942684932,6.459287671,2.626520548,5.454246575,6.474082192,8.322410959
100180,11.74093151,7.837150685,5.985863014,2.261589041,5.286575342,6.194958904,8.94969863
100181,11.61961644,7.647780822,5.643616438,2.240876712,5.476931507,6.177205479,9.548383562
100182,11.49632877,7.779945205,5.696876712,2.340493151,5.78860274,6.221589041,9.584876712
100183,10.81183562,7.348931507,6.563835616,3.079232877,5.314191781,6.912,9.59769863
100184,10.67375342,7.022465753,6.588493151,3.183780822,5.002520548,7.053041096,9.899506849
100185,10.25260274,4.140493151,6.762082192,3.550684932,1.196383562,7.928876712,8.800767123
100186,9.565150685,4.615890411,7.977205479,4.390027397,1.742794521,8.537424658,7.950575342
100187,9.241643836,6.020383562,8.610410959,4.794410959,3.675945205,8.587726027,7.22169863
100188,9.972493151,6.683178082,7.894356164,4.068493151,4.294356164,7.875616438,7.510684932
100189,10.54750685,6.829150685,7.249315068,3.475726027,4.302246575,7.371616438,7.82630137
100190,10.10958904,7.147726027,7.657643836,3.897863014,4.997589041,7.634958904,7.621150685
100191,10.77139726,7.393315068,7.065863014,3.260712329,4.98969863,7.086575342,7.894356164
100192,11.70641096,7.306520548,5.912876712,2.267506849,4.621808219,6.301479452,8.541369863
100193,11.56734247,7.053041096,5.657424658,2.286246575,4.664219178,6.335013699,9.042410959
100194,11.20339726,7.316383562,6.035178082,2.649205479,5.206684932,6.567780822,9.075945205
100195,10.89764384,6.870575342,6.354739726,2.959890411,4.682958904,6.908054795,9.192328767
100196,10.25950685,6.622027397,6.912986301,3.57139726,4.685917808,7.435726027,9.261369863
100197,10.77534247,6.707835616,6.128876712,2.975671233,4.810191781,6.923835616,9.779178082
100198,11.07813699,6.388273973,5.83890411,2.681753425,4.190794521,6.760109589,9.962630137
100199,8.299726027,3.324821918,8.520657534,5.433534247,1.08,9.56909589,7.246356164
100200,8.450630137,3.871232877,8.679452055,5.374356164,1.536657534,9.434958904,7.028383562
100201,9.735780822,4.400876712,7.527452055,4.136547945,1.597808219,8.357917808,7.659616438
100202,9.987287671,5.707726027,7.446575342,3.929424658,3.242958904,7.933808219,7.484054795
100203,10.39265753,6.328109589,7.079671233,3.532931507,3.929424658,7.493917808,7.547178082
100204,10.34235616,6.845917808,7.139835616,3.581260274,4.700712329,7.423890411,7.434739726
100205,10.40745205,6.735452055,7.192109589,3.554630137,4.405808219,7.435726027,7.377534247
100206,11.23594521,6.878465753,6.350794521,2.727123288,4.240109589,6.752219178,7.911123288
100207,11.76164384,6.722630137,5.491726027,2.105753425,4.065534247,6.264986301,8.455561644
100208,11.39375342,6.791671233,5.70969863,2.423342466,4.469917808,6.487890411,8.571945205
100209,11.19057534,6.718684932,5.78169863,2.58509589,4.573479452,6.619068493,8.902356164
100210,10.48142466,6.35769863,6.441534247,3.276493151,4.417643836,7.236493151,8.965479452
100211,9.969534247,5.874410959,7.040219178,3.815013699,3.869260274,7.771068493,8.976328767
100212,9.978410959,5.665315068,7.209863014,3.862356164,3.402739726,7.867726027,9.089753425
100213,9.968547945,6.860712329,7.168438356,3.846575342,5.201753425,7.598465753,9.289972603
100214,7.478136986,2.93030137,9.463561644,6.288657534,0.776219178,10.33742466,6.691068493
100215,7.766136986,3.718356164,9.24460274,6.017424658,1.735890411,9.963616438,6.30739726
100216,8.317479452,4.131616438,8.782027397,5.494684932,2.006136986,9.472438356,6.529315068
100217,9.285041096,4.940383562,7.989041096,4.582356164,2.587068493,8.59660274,6.906082192
100218,9.668712329,5.538082192,7.827287671,4.264767123,3.086136986,8.240547945,6.801534247
100219,9.811726027,6.252164384,7.748383562,4.136547945,4.008328767,7.993972603,6.750246575
100220,9.981369863,6.176219178,7.507726027,3.948164384,3.882082192,7.85490411,6.801534247
100221,10.62542466,6.375452055,6.737424658,3.26860274,3.985643836,7.26509589,7.26509589
100222,11.02882192,6.435616438,6.352767123,2.874082192,3.872219178,6.943561644,7.510684932
100223,11.11758904,6.57369863,6.104219178,2.735013699,4.173041096,6.790684932,7.893369863
100224,10.6579726,6.697972603,6.404054795,3.140383562,4.709589041,7.069808219,8.067945205
100225,10.55638356,6.434630137,6.404054795,3.212383562,4.461041096,7.173369863,8.315506849
100226,10.40252055,5.785643836,6.620054795,3.389917808,3.528,7.455452055,8.571945205
100227,9.406356164,5.628821918,7.807561644,4.437369863,3.590136986,8.332273973,8.329315068
100228,9.217972603,5.847780822,8.077808219,4.647452055,3.926465753,8.459506849,8.30169863
100229,8.958575342,5.112,8.431890411,4.940383562,2.885917808,8.854027397,8.573917808
100230,6.920876712,2.349369863,10.1510137,6.886356164,0.068054795,10.944,6.030246575
100231,7.063890411,3.517150685,10.27331507,6.816328767,1.476493151,10.66586301,5.649534247
100232,7.126027397,4.603068493,10.34136986,6.784767123,2.922410959,10.42323288,5.505534247
100233,7.930849315,4.973917808,9.609534247,6.006575342,3.028931507,9.736767123,5.697863014
100234,8.756383562,5.254027397,8.826410959,5.198794521,3.018082192,9.044383562,5.973041096
100235,9.329424658,5.503561644,8.049205479,4.565589041,3.298191781,8.47430137,6.334027397
100236,9.502027397,5.246136986,7.836164384,4.384109589,2.878027397,8.381589041,6.310356164
100237,9.678575342,5.635726027,7.584657534,4.18290411,3.431342466,8.134027397,6.561863014
100238,10.96865753,6.216657534,6.259068493,2.887890411,3.71539726,6.986958904,7.554082192
100239,11.47463014,5.304328767,5.611068493,2.350356164,2.270465753,6.742356164,8.048219178
100240,10.728,5.979945205,6.358684932,3.085150685,3.605917808,7.179287671,7.719780822
100241,10.21808219,6.326136986,7.054027397,3.644383562,4.18290411,7.564931507,7.605369863
100242,9.920219178,6.453369863,7.563945205,4.004383562,4.320986301,7.840109589,7.497863014
100243,9.360986301,6.296547945,8.208986301,4.58630137,4.274630137,8.340164384,7.419945205
100244,9.09369863,5.819178082,8.335232877,4.812164384,3.824876712,8.606465753,7.589589041
100245,8.749479452,5.312219178,8.702136986,5.165260274,3.222246575,8.994082192,7.813479452
100246,8.141917808,4.894027397,9.138082192,5.717589041,3.042739726,9.503013699,8.339178082
100247,4.632657534,1.776328767,12.0259726,9.032547945,0.657863014,12.72131507,4.600109589
100248,6.456328767,1.292054795,10.37391781,7.281863014,1.048438356,11.45687671,5.569643836
100249,6.561863014,3.455013699,11.03473973,7.39430137,1.38969863,11.1570411,5.289534247
100250,6.128876712,4.428493151,11.57621918,7.848986301,2.919452055,11.31978082,5.069589041
100251,6.999780822,3.993534247,10.62739726,6.965260274,1.947945205,10.70827397,5.286575342
100252,8.11430137,4.234191781,9.515835616,5.858630137,1.780273973,9.78509589,5.756054795
100253,8.559123288,4.654356164,8.872767123,5.353643836,2.364164384,9.280109589,5.790575342
100254,8.608438356,5.316164384,8.722849315,5.267835616,3.399780822,9.063123288,5.560767123
100255,9.661808219,5.264876712,7.427835616,4.149369863,3.050630137,8.170520548,6.347835616
100256,10.88284932,4.613917808,6.147616438,2.925369863,1.582027397,7.33709589,7.097424658
100257,10.14312329,4.850630137,7.02739726,3.70060274,2.150136986,7.911123288,6.877479452
100258,9.894575342,5.551890411,7.389369863,3.975780822,3.190684932,7.990027397,6.855780822
100259,10.40843836,5.799452055,6.882410959,3.466849315,3.308054795,7.536328767,7.223671233
100260,10.52284932,5.895123288,6.988931507,3.419506849,3.199561644,7.499835616,7.27890411
100261,9.612493151,5.87539726,8.118246575,4.391013699,3.398794521,8.288876712,6.943561644
100262,9.136109589,5.692931507,8.538410959,4.846684932,3.401753425,8.682410959,6.965260274
100263,8.807671233,5.672219178,8.565041096,5.079452055,3.790356164,8.844164384,7.238465753
100264,7.969315068,5.147506849,9.430027397,5.923726027,3.388931507,9.622356164,7.562958904
100265,7.981150685,5.274739726,8.942794521,5.764931507,3.989589041,9.428054795,7.704
100266,6.23539726,1.15890411,10.35320548,7.426849315,0.928109589,11.57819178,5.580493151
100267,6.687123288,1.738849315,9.894575342,6.972164384,0.28109589,11.09687671,5.446356164
100268,5.830027397,2.811945205,11.41052055,8.015671233,1.103671233,11.75178082,4.871342466
100269,4.566575342,3.309041096,12.76175342,9.290958904,2.338520548,12.66115068,4.588273973
100270,5.961205479,2.645260274,11.37205479,7.915068493,0.716054795,11.71627397,5.097205479
100271,7.426849315,3.152219178,9.775232877,6.417863014,0.894575342,10.41632877,5.700821918
100272,7.192109589,4.404821918,10.22991781,6.707835616,2.641315068,10.40054795,5.003506849
100273,6.795616438,5.699835616,10.76547945,7.131945205,4.598136986,10.47452055,4.271671233
100274,8.761315068,5.092273973,8.497972603,5.096219178,3.065424658,8.968438356,5.365479452
100275,9.805808219,4.293369863,7.358794521,4.037917808,1.494246575,8.293808219,5.986849315
100276,9.951780822,4.375232877,7.190136986,3.885041096,1.567232877,8.154739726,6.298520548
100277,9.944876712,5.403945205,7.268054795,3.905753425,3.014136986,7.959452055,6.550027397
100278,10.56032877,5.983890411,6.714739726,3.309041096,3.522082192,7.37260274,7.022465753
100279,10.58005479,5.390136986,6.626958904,3.273534247,2.704438356,7.463342466,6.949479452
100280,9.710136986,5.833972603,7.716821918,4.200657534,3.561534247,8.121205479,6.576657534
100281,9.500054795,5.988821918,8.16460274,4.480767123,3.675945205,8.329315068,6.539178082
100282,9.572054795,5.576547945,7.850958904,4.337753425,3.251835616,8.282958904,6.981041096
100283,8.605479452,5.256,8.770191781,5.28460274,3.273534247,9.09369863,6.945534247
100284,7.564931507,4.986739726,10.09380822,6.406027397,3.111780822,10.06027397,6.541150685
100285,7.127013699,4.181917808,10.2220274,6.751232877,2.412493151,10.47550685,6.946520548
100286,6.472109589,3.524054795,10.52778082,7.298630137,2.05939726,11.0150137,7.718794521
100287,5.528219178,0.880767123,11.45687671,8.253369863,1.357150685,12.32383562,5.10509589
100288,6.339945205,1.419287671,10.41731507,7.373589041,0.744657534,11.49632877,5.167232877
100289,5.482849315,0.132164384,11.12252055,8.189260274,2.484493151,12.4540274,4.988712329
100290,4.316054795,0.829479452,12.55167123,9.432986301,3.194630137,13.6060274,4.850630137
100291,4.151342466,0.376767123,12.94915068,9.657863014,1.559342466,13.54882192,4.632657534
100292,5.706739726,1.401534247,11.03868493,7.997917808,0.465534247,11.99145205,5.357589041
100293,7.074739726,2.362191781,9.749589041,6.657534247,0.235726027,10.73884932,5.714630137
100294,7.416986301,4.027068493,9.640109589,6.375452055,2.306958904,10.18553425,5.233315068
100295,8.593643836,3.838684932,8.322410959,5.167232877,1.611616438,9.25939726,5.368438356
100296,8.783013699,4.408767123,8.427945205,5.065643836,2.096876712,9.084821918,5.091287671
100297,9.469479452,4.081315068,7.630027397,4.352547945,1.398575342,8.581808219,5.704767123
100298,10.25654795,4.503452055,6.766027397,3.545753425,1.719123288,7.848986301,6.165369863
100299,10.06027397,4.932493151,6.967232877,3.738082192,2.434191781,7.910136986,5.937534247
100300,9.79890411,5.616,6.898191781,3.888986301,3.848547945,7.856876712,5.926684932
100301,9.326465753,5.715616438,8.051178082,4.566575342,3.609863014,8.429917808,5.819178082
100302,9.12230137,5.896109589,8.701150685,4.904876712,3.574356164,8.698191781,5.901041096
100303,9.612493151,5.557808219,8.002849315,4.357479452,3.034849315,8.319452055,6.252164384
100304,8.964493151,5.422684932,8.43090411,4.933479452,3.332712329,8.783013699,6.221589041
100305,8.601534247,4.834849315,8.832328767,5.310246575,2.605808219,9.208109589,6.335013699
100306,8.248438356,4.157260274,8.981260274,5.603178082,1.960767123,9.564164384,6.647671233
100307,6.58060274,3.85939726,10.84832877,7.320328767,2.121534247,10.99923288,6.681205479
100308,6.107178082,3.341589041,11.49830137,7.848986301,1.425205479,11.54071233,7.014575342
100309,4.177972603,0.679561644,12.92942466,9.642082192,3.122630137,13.75989041,4.411726027
100310,5.822136986,0.256438356,10.92821918,7.894356164,2.199452055,12.15221918,5.058739726
100311,4.029041096,2.394739726,12.70750685,9.690410959,5.238246575,14.12778082,4.618849315
100312,0.492164384,5.236273973,18.28010959,14.52131507,8.230684932,18.63123288,2.500273973
100313,0.649972603,4.615890411,18.62531507,14.73041096,7.415013699,18.68153425,2.846465753
100314,2.053479452,2.922410959,14.82706849,11.69852055,5.221479452,15.83605479,4.608986301
100315,5.802410959,0.466520548,10.74476712,7.857863014,3.069369863,12.25775342,6.179178082
100316,7.325260274,1.548493151,9.346191781,6.369534247,0.935013699,10.66882192,6.131835616
100317,7.829260274,2.201424658,8.874739726,5.873424658,0.242630137,10.14312329,5.633753425
100318,7.857863014,3.587178082,9.236712329,5.95430137,1.427178082,9.948821918,4.722410959
100319,7.893369863,4.263780822,9.417205479,5.978958904,2.209315068,9.845260274,4.447232877
100320,8.754410959,4.405808219,8.299726027,5.044931507,2.243835616,9.055232877,4.952219178
100321,9.088767123,4.623780822,7.755287671,4.647452055,2.594958904,8.676493151,5.159342466
100322,9.35309589,4.160219178,7.478136986,4.38509589,1.803945205,8.567013699,5.51539726
100323,9.414246575,4.666191781,7.771068493,4.429479452,2.204383562,8.525589041,5.795506849
100324,8.572931507,5.532164384,9.092712329,5.403945205,3.436273973,9.154849315,5.226410959
100325,9.238684932,5.755068493,8.151780822,4.657315068,3.696657534,8.494027397,5.64460274
100326,8.652821918,5.499616438,8.722849315,5.235287671,3.607890411,9.002958904,5.630794521
100327,8.904328767,4.742136986,8.514739726,5.006465753,2.343452055,8.986191781,5.948383562
100328,8.701150685,4.353534247,8.68339726,5.200767123,1.899616438,9.217972603,6.179178082
100329,7.24339726,3.78739726,10.13720548,6.648657534,1.751671233,10.48043836,6.332054795
100330,6.072657534,3.428383562,11.48153425,7.866739726,1.614575342,11.53183562,6.099287671
100331,6.370520548,3.266630137,11.14717808,7.561972603,1.272328767,11.32273973,6.945534247
100332,4.914739726,0.47539726,11.42728767,8.674520548,2.488438356,12.8860274,4.692821918
100333,5.929643836,0.651945205,10.60273973,7.728657534,3.385972603,12.19364384,5.207671233
100334,1.387726027,5.951342466,16.56,12.71243836,10.29008219,17.36876712,3.791342466
100335,1.231890411,3.051616438,15.75517808,12.54673973,5.123835616,16.54126027,2.082082192
100336,0.489205479,3.229150685,17.00778082,14.1110137,4.16909589,17.77117808,1.351232877
100337,3.149260274,8.839232877,20.35232877,17.00580822,11.75473973,21.30016438,2.353315068
100338,1.84339726,7.500821918,19.29008219,15.77490411,10.61654795,20.06827397,3.714410959
100339,3.182794521,2.330630137,13.8220274,10.61161644,4.986739726,14.86454795,5.165260274
100340,6.128876712,0.001972603,10.76942466,7.637917808,2.845479452,12.01610959,5.562739726
100341,7.147726027,2.184657534,10.06520548,6.706849315,0.401424658,10.84931507,4.933479452
100342,7.128,3.13939726,10.07013699,6.712767123,1.016876712,10.65106849,4.257863014
100343,8.030465753,3.898849315,8.81260274,5.702794521,2.024876712,9.662794521,4.345643836
100344,8.758356164,4.217424658,8.257315068,5.031123288,2.002191781,9.080876712,4.814136986
100345,9.005917808,3.792328767,7.937753425,4.766794521,1.327561644,8.955616438,5.112986301
100346,9.166684932,4.023123288,8.000876712,4.675068493,1.392657534,8.854027397,5.330958904
100347,8.754410959,4.42060274,8.707068493,5.171178082,1.905534247,9.18739726,5.109041096
100348,8.697205479,4.541917808,8.697205479,5.20569863,2.168876712,9.183452055,5.213589041
100349,9.02860274,4.73030137,8.237589041,4.835835616,2.40460274,8.841205479,5.525260274
100350,8.886575342,4.948273973,8.590684932,5.04,2.602849315,8.974356164,5.580493151
100351,8.609424658,4.380164384,8.677479452,5.260931507,2.068273973,9.251506849,5.69490411
100352,7.334136986,4.109917808,9.948821918,6.526356164,2.267506849,10.30684932,5.653479452
100353,6.06969863,3.939287671,11.50126027,7.870684932,2.350356164,11.42827397,5.385205479
100354,5.885260274,3.05260274,11.90761644,8.12909589,0.940931507,11.83956164,5.923726027
100355,6.887342466,2.196493151,10.60865753,7.052054795,0.514849315,11.14421918,7.148712329
100356,6.546082192,2.338520548,10.78816438,7.338082192,0.005917808,11.32569863,7.451506849
100357,2.042630137,7.858849315,19.53073973,15.98893151,11.0850411,20.31583562,0.846246575
100358,1.910465753,6.232438356,18.26728767,15.49479452,7.764164384,19.48339726,0.513863014
100359,4.479780822,7.771068493,20.96876712,18.09665753,8.942794521,21.87221918,0.371835616
100360,5.988821918,9.430027397,24.16536986,20.12646575,12.16405479,23.9740274,0.211068493
100361,1.615561644,5.158356164,16.65961644,12.58126027,9.524712329,17.12712329,3.288328767
100362,5.620931507,0.549369863,12.16208219,8.409205479,2.592986301,12.58816438,4.018191781
100363,6.29260274,2.269479452,11.04361644,7.590575342,0.008876712,11.53972603,3.647342466
100364,8.329315068,2.615671233,8.715945205,5.47890411,0.170630137,9.775232877,4.323945205
100365,8.816547945,4.54290411,8.45260274,5.048876712,2.226082192,9.048328767,4.289424658
100366,8.757369863,4.000438356,8.568986301,5.129753425,1.408438356,9.231780822,4.416657534
100367,8.52460274,3.871232877,8.88460274,5.387178082,1.254575342,9.469479452,4.510356164
100368,8.869808219,3.675945205,8.511780822,5.038027397,0.833424658,9.232767123,4.680986301
100369,8.284931507,3.846575342,9.25939726,5.66630137,1.211178082,9.707178082,4.466958904
100370,8.847123288,4.034958904,8.667616438,5.098191781,1.251616438,9.216,5.014356164
100371,8.991123288,4.369315068,8.427945205,4.923616438,1.759561644,8.999013699,5.235287671
100372,8.655780822,4.022136986,8.597589041,5.207671233,1.552438356,9.282082192,5.344767123
100373,7.914082192,4.072438356,9.30969863,5.933589041,1.996273973,9.84230137,5.359561644
100374,7.295671233,3.934356164,10.0790137,6.594410959,1.946958904,10.40547945,5.454246575
100375,7.356821918,3.285369863,10.10367123,6.565808219,0.89260274,10.52778082,5.95430137
100376,8.125150685,2.32569863,9.228821918,5.779726027,0.774246575,10.10071233,7.029369863
100377,7.470246575,2.534794521,9.889643836,6.428712329,0.169643836,10.56920548,7.044164384
100378,1.009972603,6.706849315,17.52657534,14.65545205,9.017753425,18.9350137,0.576986301
100379,1.841424658,6.021369863,18.16569863,15.41490411,7.457424658,19.37293151,1.945972603
100380,0.997150685,1.802958904,14.86356164,12.42147945,2.189589041,16.07967123,1.275287671
100381,3.59309589,1.383780822,13.12471233,10.10860274,3.536876712,14.24219178,0.111452055
100382,4.839780822,0.552328767,13.10991781,9.24460274,3.991561644,13.49358904,2.578191781
100383,5.053808219,0.541479452,12.57041096,8.923068493,2.200438356,12.98071233,2.411506849
100384,7.345972603,1.882849315,10.12339726,6.591452055,1.162849315,10.84438356,3.353424658
100385,8.154739726,3.277479452,9.235726027,5.75309589,0.574027397,9.881753425,3.330739726
100386,7.866739726,3.843616438,9.735780822,6.099287671,1.349260274,10.05435616,3.009205479
100387,7.748383562,3.687780822,9.84230137,6.214684932,1.185534247,10.17665753,3.220273973
100388,8.240547945,3.260712329,9.230794521,5.692931507,0.436931507,9.845260274,3.690739726
100389,7.838136986,3.731178082,9.723945205,6.116054795,1.231890411,10.08789041,3.509260274
100390,7.623123288,4.180931507,9.996164384,6.34290411,1.940054795,10.17665753,3.496438356
100391,7.931835616,4.387068493,9.545424658,5.990794521,2.223123288,9.843287671,3.841643836
100392,7.992986301,4.128657534,9.500054795,5.937534247,1.804931507,9.85709589,4.245041096
100393,8.152767123,3.874191781,9.317589041,5.774794521,1.376876712,9.780164384,4.775671233
100394,8.274082192,3.414575342,9.308712329,5.692931507,0.549369863,9.822575342,5.241205479
100395,7.877589041,3.676931507,9.693369863,6.079561644,1.126356164,10.07112329,5.445369863
100396,8.347068493,3.021041096,8.99309589,5.548931507,0.153863014,9.77030137,6.111123288
100397,7.292712329,3.553643836,10.16580822,6.625972603,1.31769863,10.51791781,5.754082192
100398,6.895232877,3.359342466,10.56821918,7.023452055,1.213150685,10.8729863,6.015452055
100399,6.892273973,3.13939726,10.39364384,6.973150685,1.049424658,10.86509589,6.246246575
100400,4.408767123,0.340273973,12.0989589,9.220931507,1.207232877,13.15923288,1.455780822
100401,1.558356164,1.787178082,15.09336986,12.10882192,3.126575342,15.90016438,2.798136986
100402,1.964712329,1.742794521,15.92186301,12.08613699,4.344657534,15.9820274,1.204273973
100403,5.534136986,0.458630137,12.16208219,8.469369863,2.609753425,12.64734247,1.989369863
100404,6.456328767,1.266410959,10.9459726,7.457424658,1.592876712,11.65216438,2.529863014
100405,7.120109589,2.217205479,10.38476712,6.823232877,0.600657534,10.95978082,2.429260274
100406,7.726684932,3.303123288,9.734794521,6.19890411,0.747616438,10.23484932,2.403616438
100407,8.555178082,3.365260274,8.815561644,5.34969863,0.534575342,9.543452055,3.013150685
100408,8.049205479,3.520109589,9.58290411,5.930630137,0.764383562,9.992219178,2.867178082
100409,7.303561644,3.57139726,10.224,6.636821918,1.276273973,10.52876712,2.573260274
100410,7.361753425,3.818958904,10.19934247,6.587506849,1.584,10.4409863,2.855342466
100411,7.242410959,4.825972603,10.61654795,6.788712329,2.848438356,10.41336986,2.822794521
100412,7.924931507,4.200657534,9.682520548,6.040109589,1.839452055,9.933041096,3.496438356
100413,8.000876712,4.047780822,9.686465753,5.989808219,1.510027397,9.933041096,3.673972603
100414,8.37369863,4.050739726,9.337315068,5.627835616,1.319671233,9.648,4.194739726
100415,8.244493151,3.744986301,9.48230137,5.763945205,0.918246575,9.821589041,4.610958904
100416,7.635945205,3.579287671,10.16778082,6.392219178,0.889643836,10.35912329,4.733260274
100417,6.743342466,3.661150685,11.21326027,7.323287671,1.288109589,11.0899726,4.65139726
100418,6.268931507,3.683835616,11.57326027,7.758246575,1.642191781,11.41841096,4.743123288
100419,6.71769863,3.319890411,10.68460274,7.180273973,1.291068493,11.00021918,5.437479452
100420,0.712109589,2.751780822,18.15879452,14.6130411,4.188821918,18.14991781,5.066630137
100421,0.42509589,3.024986301,17.95956164,13.77665753,5.948383562,17.63013699,2.938191781
100422,5.182027397,0.71309589,12.39682192,8.791890411,4.055671233,13.13852055,1.243726027
100423,5.877369863,0.502027397,11.77446575,8.115287671,2.664986301,12.35441096,1.691506849
100424,6.830136986,2.371068493,10.63035616,7.095452055,0.200219178,11.13830137,1.740821918
100425,7.33709589,3.436273973,10.28120548,6.632876712,0.984328767,10.56230137,1.858191781
100426,7.738520548,3.608876712,9.830465753,6.217643836,1.093808219,10.19441096,2.15309589
100427,8.178410959,3.292273973,9.256438356,5.743232877,0.545424658,9.874849315,2.659068493
100428,8.39539726,2.830684932,9.036493151,5.530191781,0.228821918,9.803835616,2.963835616
100429,7.180273973,4.234191781,10.54652055,6.814356164,2.128438356,10.54750685,2.187616438
100430,7.704,3.847561644,9.800876712,6.230465753,1.515945205,10.14805479,2.577205479
100431,7.885479452,3.902794521,9.833424658,6.116054795,1.322630137,10.06520548,2.754739726
100432,8.069917808,4.305205479,9.800876712,5.976,1.691506849,9.883726027,3.17490411
100433,7.680328767,4.222356164,10.0819726,6.330082192,1.848328767,10.17073973,3.438246575
100434,7.359780822,3.818958904,10.3709589,6.641753425,1.434082192,10.49917808,3.77260274
100435,7.32230137,3.692712329,10.37293151,6.668383562,1.296,10.54356164,4.289424658
100436,7.520547945,3.588164384,10.08591781,6.445479452,1.131287671,10.38180822,4.766794521
100437,0.782136986,3.850520548,16.51068493,13.09413699,6.354739726,17.16854795,4.315068493
100438,1.193424658,2.819835616,16.39430137,12.76767123,5.298410959,16.72076712,3.019068493
100439,3.805150685,0.59769863,14.34673973,10.33249315,3.756821918,14.38027397,0.89260274
100440,5.918794521,1.400547945,11.67287671,8.048219178,1.314739726,12.10586301,0.871890411
100441,5.85369863,2.045589041,11.58410959,8.059068493,0.205150685,11.96580822,1.022794521
100442,6.712767123,2.992438356,10.71912329,7.198027397,0.788054795,11.0860274,1.442958904
100443,8.101479452,2.759671233,9.121315068,5.759013699,0.011835616,9.980383562,2.401643836
100444,7.696109589,3.408657534,9.792,6.236383562,0.891616438,10.24471233,2.056438356
100445,7.662575342,3.505315068,10.04646575,6.336986301,0.853150685,10.32263014,1.847342466
100446,7.626082192,4.008328767,10.10465753,6.375452055,1.586958904,10.24865753,1.805917808
100447,8.083726027,3.557589041,9.657863014,5.928657534,0.705205479,9.993205479,2.403616438
100448,7.698082192,3.970849315,10.21216438,6.359671233,1.33939726,10.26049315,2.511123288
100449,7.128,4.190794521,10.80986301,6.931726027,1.901589041,10.66783562,2.592
100450,6.131835616,4.227287671,11.79123288,7.914082192,2.430246575,11.43419178,2.532821918
100451,6.048,3.848547945,11.69556164,7.945643836,2.074191781,11.5229589,3.060493151
100452,6.676273973,3.823890411,10.87989041,7.26509589,1.912438356,10.97457534,3.734136986
100453,7.576767123,3.950136986,9.815671233,6.321205479,1.824657534,10.18849315,4.209534247
100454,4.100054795,0.36,13.51430137,9.872876712,3.069369863,13.91967123,0.896547945
100455,5.37139726,0.558246575,12.53884932,8.70509589,4.210520548,13.06652055,0.76339726
100456,6.899178082,0.305753425,10.67079452,7.078684932,3.352438356,11.57030137,0.444821918
100457,6.256109589,0.111452055,11.17972603,7.678356164,3.546739726,12.11967123,1.049424658
100458,2.132383562,0.896547945,15.6930411,11.89380822,3.129534247,15.64569863,4.146410959
100459,2.413479452,1.667835616,14.83791781,11.4450411,3.879123288,15.40405479,4.581369863
100460,3.255780822,0.177534247,14.6909589,10.80789041,2.185643836,14.57358904,4.390027397
100461,3.888,1.247671233,14.75309589,10.40745205,5.178082192,14.6189589,2.459835616
100462,3.797260274,0.787068493,14.44142466,10.3689863,4.105972603,14.45621918,0.648
100463,5.329972603,2.393753425,12.09106849,8.570958904,0.562191781,12.29424658,0.346191781
100464,6.603287671,2.816876712,10.69052055,7.26509589,0.703232877,11.16394521,0.956712329
100465,7.096438356,3.583232877,10.42717808,6.840986301,1.394630137,10.68756164,1.178630137
100466,7.184219178,4.094136986,10.66980822,6.850849315,1.809863014,10.61654795,1.003068493
100467,7.974246575,3.882082192,9.801863014,6.046027397,1.201315068,10.01884932,1.57709589
100468,8.403287671,3.430356164,9.113424658,5.544,0.571068493,9.696328767,2.213260274
100469,7.340054795,3.733150685,10.51594521,6.699945205,1.206246575,10.57413699,1.775342466
100470,7.095452055,4.009315068,10.74969863,6.937643836,1.73490411,10.70136986,2.108712329
100471,6.516493151,3.731178082,11.24383562,7.487013699,1.669808219,11.18761644,2.490410959
100472,3.485589041,2.420383562,15.00361644,10.76942466,6.575671233,15.13873973,2.060383562
100473,4.899945205,0.790027397,12.79726027,9.109479452,4.141479452,13.41567123,1.919342466
100474,4.446246575,0.414246575,13.19178082,9.537534247,3.329753425,13.66816438,2.536767123
100475,2.796164384,0.526684932,15.34191781,11.32865753,3.171945205,15.14958904,4.177972603
100476,3.393863014,0.171616438,14.55780822,10.67572603,2.763616438,14.5430137,5.085369863
100477,4.876273973,1.954849315,13.08230137,9.189369863,0.345205479,12.92252055,4.873315068
100478,5.070575342,1.56230137,12.77161644,8.964493151,0.906410959,12.8179726,4.090191781
100479,4.163178082,0.468493151,13.46991781,9.808767123,1.902575342,13.69578082,3.447123288
100480,5.130739726,2.034739726,12.59309589,8.864876712,0.13709589,12.62860274,0.747616438
100481,4.88909589,4.058630137,12.82389041,9.083835616,2.946082192,12.37315068,0.946849315
100482,5.467068493,4.201643836,12.37117808,8.548273973,2.776438356,11.93128767,0.563178082
100483,6.097315068,4.087232877,11.79813699,7.94169863,2.264547945,11.48252055,0.082849315
100484,7.379506849,3.398794521,10.02476712,6.524383562,1.097753425,10.46663014,0.92909589
100485,7.056,3.417534247,10.52876712,6.901150685,1.115506849,10.77534247,0.962630137
100486,6.695013699,3.719342466,11.12843836,7.330191781,1.512986301,11.07123288,1.016876712
100487,6.987945205,3.841643836,10.68065753,6.99090411,1.692493151,10.76350685,1.807890411
100488,6.57369863,3.573369863,10.95583562,7.360767123,1.616547945,11.10082192,2.223123288
100489,7.051068493,3.168986301,10.24471233,6.819287671,1.009972603,10.73786301,3.063452055
100490,3.730191781,1.015890411,13.93052055,10.24273973,0.924164384,13.92558904,2.664986301
100491,4.940383562,0.212054795,12.35046575,8.93490411,2.334575342,13.0300274,1.984438356
100492,4.637589041,0.015780822,12.61972603,9.226849315,2.450958904,13.29928767,2.936219178
100493,4.377205479,0.370849315,13.77567123,9.764383562,3.690739726,13.88416438,4.464986301
100494,5.612054795,1.102684932,12.3849863,8.479232877,1.967671233,12.54575342,4.631671233
100495,4.642520548,2.578191781,13.54783562,9.488219178,0.471452055,13.04679452,5.130739726
100496,5.294465753,1.822684932,12.4579726,8.712986301,0.549369863,12.55660274,3.495452055
100497,5.754082192,2.528876712,12.33172603,8.353972603,0.024657534,12.15320548,1.399561644
100498,5.794520548,3.539835616,12.10093151,8.246465753,1.604712329,11.83857534,1.041534247
100499,5.958246575,3.853479452,11.58805479,7.974246575,2.29709589,11.52690411,0.657863014
100500,6.298520548,3.302136986,11.31682192,7.662575342,1.271342466,11.40263014,0.207123288
100501,6.916931507,3.360328767,10.40153425,6.957369863,1.332493151,10.80887671,0.512876712
100502,6.488876712,3.657205479,11.11561644,7.467287671,1.712219178,11.17282192,0.315616438
100503,6.423780822,4.012273973,11.29413699,7.563945205,2.160986301,11.18465753,0.464547945
100504,7.097424658,4.03890411,10.53369863,6.86860274,1.964712329,10.62246575,1.72109589
100505,7.141808219,3.544767123,10.31572603,6.775890411,1.375890411,10.63824658,2.251726027
100506,6.792657534,3.426410959,10.69150685,7.130958904,1.341369863,10.9459726,2.514082192
100507,7.972273973,5.461150685,9.792,6.030246575,3.524054795,9.673643836,1.454794521
100508,5.125808219,0.094684932,12.1699726,8.754410959,2.595945205,12.91265753,1.277260274
100509,4.761863014,0.034520548,12.60690411,9.138082192,2.682739726,13.2499726,1.940054795
100510,4.436383562,0.938958904,13.80328767,9.737753425,4.625753425,13.99068493,3.622684932
100511,5.325041096,1.02969863,12.37610959,8.673534247,1.680657534,12.68778082,4.491616438
100512,4.847671233,1.616547945,12.81994521,9.131178082,0.56909589,12.92252055,5.15539726
100513,3.958027397,0.831452055,14.4749589,10.25556164,1.983452055,14.0429589,5.100164384
100514,6.849863014,1.852273973,11.21227397,7.266082192,1.502136986,11.43517808,1.840438356
100515,5.117917808,1.454794521,13.33972603,9.108493151,1.631342466,13.00832877,2.144219178
100516,6.225534247,2.686684932,11.57819178,7.79769863,0.23769863,11.65610959,0.740712329
100517,6.738410959,2.806027397,10.5149589,7.119123288,0.662794521,11.04657534,0.22290411
100518,6.768986301,3.149260274,10.46663014,7.080657534,1.165808219,10.9430137,0.333369863
100519,6.099287671,3.963945205,11.53873973,7.861808219,2.311890411,11.42235616,0.295890411
100520,5.736328767,4.829917808,11.94706849,8.227726027,3.707506849,11.53282192,0.345205479
100521,6.303452055,4.984767123,11.40854795,7.673424658,3.647342466,11.06531507,0.728876712
100522,7.092493151,3.888,10.45873973,6.849863014,1.817753425,10.63331507,1.51890411
100523,6.888328767,3.697643836,10.77139726,7.087561644,1.537643836,10.8700274,1.631342466
100524,6.166356164,0.926136986,10.94893151,7.67539726,4.414684932,12.26071233,0.142027397
100525,3.83769863,1.246684932,13.62082192,10.09282192,4.105972603,14.26586301,1.978520548
100526,2.213260274,0.695342466,15.9100274,11.90367123,3.136438356,15.63780822,4.484712329
100527,3.137424658,0.76339726,14.76986301,10.92032877,3.471780822,14.85764384,4.99660274
100528,2.954958904,0.251506849,14.73336986,11.02586301,1.707287671,14.70673973,5.554849315
100529,3.33369863,0.84230137,14.21556164,10.60273973,0.894575342,14.23627397,5.543013699
100530,5.019287671,1.718136986,12.5250411,8.922082192,0.390575342,12.72526027,3.955068493
100531,4.838794521,2.299068493,12.79726027,9.124273973,0.46060274,12.77063014,3.537863014
100532,2.909589041,0.176547945,15.16438356,11.19057534,2.139287671,14.88624658,3.689753425
100533,5.344767123,1.027726027,12.43331507,8.677479452,1.760547945,12.69764384,0.637150685
100534,6.033205479,3.066410959,11.06038356,7.767123288,1.511013699,11.48843836,0.00690411
100535,5.732383562,3.984657534,11.55057534,8.115287671,2.826739726,11.58706849,0.637150685
100536,5.841863014,4.151342466,11.79123288,8.113315068,2.711342466,11.58115068,0.608547945
100537,6.794630137,4.156273973,10.92624658,7.196054795,2.198465753,10.86410959,0.28109589
100538,7.296657534,3.814027397,10.32657534,6.670356164,1.550465753,10.5129863,0.941917808
100539,6.983013699,3.884054795,10.85128767,7.046136986,1.611616438,10.81282192,0.824547945
100540,6.311342466,4.240109589,12.12756164,7.895342466,1.908493151,11.46180822,0.107506849
100541,7.561972603,4.775671233,10.5810411,6.559890411,2.375013699,10.26838356,0.034520548
100542,6.156493151,0.524712329,11.2329863,7.757260274,2.528876712,12.04372603,0.79890411
100543,5.702794521,0.22290411,11.61172603,8.18630137,2.69260274,12.43923288,0.762410959
100544,4.717479452,0.207123288,12.59408219,9.162739726,2.256657534,13.21249315,1.377863014
100545,3.726246575,0.205150685,13.78947945,10.20920548,1.980493151,14.05676712,2.605808219
100546,2.464767123,1.077041096,15.22750685,11.52493151,3.429369863,15.38136986,4.130630137
100547,1.135232877,4.444273973,19.41534247,15.30345205,7.207890411,19.12536986,6.606246575
100548,0.585863014,2.637369863,18.35309589,14.58542466,4.365369863,18.13216438,7.175342466
100549,1.453808219,0.264328767,15.46520548,12.27747945,0.312657534,15.624,6.40109589
100550,3.745972603,1.157917808,13.85556164,10.20723288,0.671671233,13.86246575,5.130739726
100551,4.950246575,1.455780822,12.31989041,8.909260274,0.500054795,12.7449863,3.889972603
100552,6.222575342,0.83539726,11.13830137,7.680328767,2.080109589,11.91550685,1.593863014
100553,6.73939726,2.18169863,10.37786301,7.081643836,0.132164384,11.13731507,0.064109589
100554,5.582465753,3.329753425,11.60580822,8.240547945,2.020931507,11.81589041,0.808767123
100555,5.597260274,3.882082192,12.03090411,8.356931507,2.434191781,11.82969863,0.905424658
100556,6.780821918,3.905753425,10.87989041,7.19309589,1.890739726,10.90947945,0.163726027
100557,6.700931507,4.332821918,11.29117808,7.370630137,2.26060274,10.98838356,0.143013699
100558,6.902136986,4.160219178,10.83057534,7.092493151,2.142246575,10.78323288,0.408328767
100559,6.605260274,3.754849315,11.54663014,7.519561644,1.316712329,11.24284932,0.378739726
100560,6.554958904,3.603945205,11.43616438,7.521534247,1.261479452,11.26158904,0.284054795
100561,6.728547945,1.068164384,10.63528767,7.177315068,1.976547945,11.46969863,0.791013699
100562,5.762958904,1.295013699,11.67780822,8.156712329,1.264438356,12.20054795,1.557369863
100563,5.613041096,1.249643836,11.85139726,8.313534247,1.281205479,12.33665753,1.31769863
100564,4.425534247,0.393534247,13.09117808,9.513863014,2.030794521,13.46893151,2.00909589
100565,2.396712329,0.524712329,15.10816438,11.52986301,2.422356164,15.25216438,3.251835616
100566,0.361972603,3.616767123,18.03156164,14.34180822,5.815232877,18.13808219,4.763835616
100567,4.801315068,6.318246575,23.53610959,19.09380822,8.654794521,22.55178082,8.187287671
100568,2.818849315,2.883945205,20.48646575,16.77106849,3.600986301,19.89961644,8.976328767
100569,1.053369863,0.791013699,16.19605479,12.78542466,1.961753425,16.27594521,7.761205479
100570,4.195726027,1.136219178,13.46893151,9.781150685,0.966575342,13.536,5.812273973
100571,7.189150685,2.376,9.995178082,6.654575342,0.11539726,10.76449315,2.772493151
100572,5.238246575,0.166684932,12.71441096,8.844164384,3.12460274,13.02706849,2.497315068
100573,6.049972603,2.83660274,11.45293151,7.878575342,0.804821918,11.6620274,1.096767123
100574,6.172273973,3.553643836,11.29709589,7.740493151,1.827616438,11.39868493,1.111561644
100575,6.129863014,4.565589041,11.67090411,7.875616438,3.034849315,11.32175342,1.191452055
100576,6.632876712,4.361424658,11.42728767,7.458410959,2.272438356,11.05841096,0.787068493
100577,5.765917808,3.874191781,12.03189041,8.241534247,2.193534247,11.75572603,0.555287671
100578,6.885369863,3.151232877,10.86213699,7.123068493,0.661808219,11.02093151,0.326465753
100579,5.900054795,3.071342466,11.81884932,8.091616438,1.026739726,11.79912329,0.220931507
100580,5.785643836,3.110794521,12.12361644,8.263232877,0.969534247,11.94312329,0.60460274
100581,5.639671233,1.993315068,11.67978082,8.235616438,0.075945205,12.10586301,2.301041096
100582,5.69490411,0.734794521,11.40657534,8.125150685,1.750684932,12.26367123,1.683616438
100583,4.135561644,0.543452055,13.2509589,9.760438356,1.560328767,13.61983562,2.410520548
100584,2.832657534,0.057205479,14.78071233,11.12646575,2.036712329,14.84482192,2.917479452
100585,1.868054795,1.336438356,15.75123288,12.096,3.465863014,15.88043836,3.06739726
100586,3.612821918,5.920767123,22.45413699,17.94575342,8.716931507,21.57139726,6.090410959
100587,4.494575342,3.972821918,22.76284932,18.62630137,4.950246575,21.64635616,9.427068493
100588,1.41139726,2.086027397,19.03660274,15.35572603,3.047671233,18.61052055,9.476383562
100589,3.899835616,1.492273973,13.42356164,9.966575342,0.00690411,13.57643836,6.708821918
100590,5.869479452,3.285369863,12.01117808,8.169534247,1.210191781,11.82969863,4.953205479
100591,5.166246575,1.927232877,12.42049315,8.787945205,0.191342466,12.57830137,3.977753425
100592,4.638575342,2.401643836,13.54389041,9.490191781,0.219945205,13.08526027,3.106849315
100593,5.784657534,3.611835616,12.13446575,8.263232877,1.693479452,11.83857534,2.18860274
100594,5.137643836,5.070575342,13.13063014,8.999013699,3.818958904,12.14235616,2.646246575
100595,6.343890411,4.111890411,11.57917808,7.704986301,2.162958904,11.29315068,1.008
100596,5.770849315,3.414575342,11.99145205,8.22969863,1.550465753,11.84054795,0.987287671
100597,6.276821918,2.853369863,11.15309589,7.631013699,0.789041096,11.45687671,0.016767123
100598,5.424657534,2.85139726,12.0979726,8.503890411,1.098739726,12.15419178,0.629260274
100599,5.342794521,2.733041096,12.72526027,8.754410959,0.480328767,12.42443836,0.921205479
100600,4.574465753,1.447890411,12.59309589,9.250520548,0.246575342,13.00734247,2.678794521
100601,3.855452055,0.96460274,13.65041096,10.07112329,0.921205479,13.78652055,3.172931507
100602,3.614794521,0.184438356,13.93347945,10.32854795,1.989369863,14.15835616,3.073315068
100603,3.418520548,0.72690411,14.06860274,10.5129863,3.175890411,14.49073973,2.823780822
100604,2.054465753,2.515068493,15.58060274,11.92536986,5.292493151,15.99583562,3.616767123
100605,0.87090411,2.800109589,18.81665753,14.92471233,4.62969863,18.44975342,6.606246575
100606,2.933260274,3.992547945,21.79627397,17.26126027,6.230465753,20.62652055,9.58290411
100607,5.203726027,1.524821918,11.51605479,8.487123288,0.02860274,12.34947945,5.317150685
100608,4.609972603,1.974575342,13.12767123,9.385643836,0.003945205,13.05369863,6.083506849
100609,5.507506849,3.182794521,11.90958904,8.387506849,1.639232877,11.98257534,4.466958904
100610,6.14169863,2.61369863,11.13731507,7.719780822,0.634191781,11.56339726,2.944109589
100611,5.759013699,2.885917808,12.01216438,8.248438356,0.775232877,11.96778082,2.574246575
100612,4.722410959,4.741150685,13.4669589,9.389589041,3.600986301,12.51320548,2.954958904
100613,4.361424658,4.623780822,13.49852055,9.647013699,3.887013699,12.71145205,2.088
100614,4.57939726,3.736109589,12.99649315,9.351123288,2.737972603,12.64043836,1.646136986
100615,5.869479452,2.502246575,11.57227397,8.041315068,0.452712329,11.85534247,0.572054795
100616,5.35660274,2.389808219,12.0969863,8.554191781,0.515835616,12.28536986,0.868931507
100617,6.111123288,0.354082192,11.6649863,7.922958904,3.100931507,12.24493151,2.446027397
100618,4.561643836,0.156821918,13.30126027,9.490191781,3.205479452,13.59715068,3.223232877
100619,3.868273973,0.982356164,13.85753425,10.14213699,3.970849315,14.27375342,3.349479452
100620,3.965917808,0.865972603,13.63265753,10.0050411,3.733150685,14.12975342,3.505315068
100621,1.052383562,2.334575342,16.67145205,12.94520548,4.642520548,16.77008219,4.849643836
100622,2.318794521,4.404821918,20.87309589,16.5609863,6.844931507,20.13336986,7.974246575
100623,1.33939726,0.204164384,16.15167123,12.57041096,1.450849315,16.00471233,7.689205479
100624,5.521315068,2.773479452,11.89183562,8.375671233,1.03660274,12.05950685,5.389150685
100625,5.010410959,2.936219178,12.56646575,8.929972603,1.366027397,12.47769863,5.380273973
100626,6.326136986,3.137424658,11.02191781,7.555068493,1.254575342,11.32865753,3.386958904
100627,5.957260274,2.998356164,11.47364384,7.946630137,1.148054795,11.67484932,2.891835616
100628,5.794520548,3.170958904,12.26268493,8.299726027,0.921205479,11.97271233,2.869150685
100629,4.453150685,2.195506849,13.13358904,9.493150685,0.53260274,13.07835616,2.610739726
100630,4.752,3.060493151,12.64536986,9.131178082,1.827616438,12.59408219,1.292054795
100631,5.149479452,2.550575342,12.32778082,8.765260274,0.826520548,12.41950685,1.409424658
100632,4.982794521,2.453917808,12.4530411,8.919123288,0.797917808,12.55758904,1.320657534
100633,3.845589041,3.167013699,14.53117808,10.32953425,1.536657534,13.60405479,3.326794521
100634,4.65139726,0.218958904,13.40778082,9.458630137,2.871123288,13.51035616,3.77260274
100635,2.340493151,0.556273973,15.94553425,11.82575342,3.135452055,15.56186301,4.913753425
100636,3.574356164,0.759452055,14.30827397,10.48043836,3.647342466,14.50652055,4.164164384
100637,2.743890411,2.103780822,14.9010411,11.24186301,5.019287671,15.37052055,4.352547945
100638,0.807780822,3.596054795,18.74367123,14.86553425,5.814246575,18.57008219,7.183232877
100639,0.141041096,1.353205479,17.84416438,13.92065753,3.015123288,17.35594521,8.616328767
100640,6.011506849,2.200438356,11.63638356,7.966356164,0.23769863,11.8780274,5.06169863
100641,6.121972603,2.427287671,11.48449315,7.842082192,0.080876712,11.72909589,4.754958904
100642,5.330958904,3.007232877,12.34553425,8.642958904,1.232876712,12.24493151,4.476821918
100643,5.60909589,2.924383562,12.08712329,8.374684932,0.967561644,12.05161644,3.684821918
100644,5.717589041,1.792109589,12.48164384,8.43090411,1.185534247,12.38005479,3.284383562
100645,5.044931507,1.239780822,12.54476712,8.915178082,1.142136986,12.82389041,2.955945205
100646,4.569534247,0.869917808,13.07736986,9.407342466,1.513972603,13.29534247,2.329643836
100647,4.656328767,1.151013699,13.10794521,9.355068493,1.246684932,13.20558904,1.861150685
100648,4.422575342,2.122520548,13.09413699,9.502027397,0.502027397,13.09512329,2.090958904
100649,5.099178082,2.224109589,11.91649315,8.676493151,0.782136986,12.37709589,1.431123288
100650,4.952219178,1.983452055,12.45994521,8.945753425,0.145972603,12.67594521,1.890739726
100651,3.500383562,2.256657534,14.74915068,10.64120548,0.477369863,14.03013699,3.326794521
100652,3.475726027,2.735013699,14.7590137,10.6569863,1.20230137,13.94038356,3.583232877
100653,2.423342466,0.567123288,15.76109589,11.70246575,1.439013699,15.21863014,6.157479452
100654,2.899726027,0.526684932,14.80734247,11.08405479,1.295013699,14.69687671,5.729424658
100655,5.015342466,0.265315068,12.73117808,9.004931507,3.472767123,13.22728767,4.153315068
100656,0.095671233,2.703452055,18.5010411,14.29643836,5.253041096,17.97435616,7.331178082
100657,0.461589041,1.970630137,18.62630137,14.57950685,3.798246575,18.02169863,9.219945205
100658,2.841534247,0.003945205,15.09041096,11.21621918,2.232986301,14.93063014,7.651726027
100659,4.611945205,1.733917808,13.06553425,9.367890411,0.296876712,13.08526027,6.224547945
100660,4.228273973,2.523945205,13.91079452,9.882739726,0.629260274,13.36536986,5.816219178
100661,5.374356164,2.362191781,12.31594521,8.610410959,0.257424658,12.35539726,4.130630137
100662,3.135452055,0.941917808,14.96219178,10.96767123,1.144109589,14.55189041,4.99660274
100663,4.421589041,1.398575342,12.98268493,9.474410959,0.457643836,13.21545205,3.718356164
100664,3.536876712,0.797917808,14.08635616,10.42520548,1.121424658,14.112,4.073424658
100665,3.704547945,1.656986301,13.95616438,10.26246575,0.025643836,13.80526027,3.914630137
100666,1.931178082,1.399561644,15.81632877,12.04964384,0.393534247,15.27780822,4.317041096
100667,3.331726027,1.557369863,13.90586301,10.50213699,0.428054795,13.97884932,2.530849315
100668,5.531178082,1.381808219,11.86224658,8.371726027,0.988273973,12.34750685,1.268383562
100669,3.896876712,1.197369863,13.7500274,10.07112329,0.722958904,13.7510137,2.36909589
100670,3.79430137,0.825534247,13.87035616,10.18158904,1.236821918,13.91769863,2.941150685
100671,2.687671233,1.751671233,15.38630137,11.39671233,0.269260274,14.71758904,3.684821918
100672,3.682849315,1.529753425,14.08438356,10.31769863,0.24460274,13.88515068,6.151561644
100673,2.859287671,1.725041096,14.88427397,11.12547945,0.444821918,14.47890411,6.810410959
100674,5.411835616,0.765369863,12.32679452,8.601534247,2.139287671,12.68975342,4.888109589
100675,1.668821918,0.429041096,16.52745205,12.46290411,2.558465753,16.02936986,6.857753425
100676,2.165917808,2.40460274,21.09008219,16.50673973,4.316054795,19.70136986,10.07605479
100677,1.331506849,1.209205479,16.07473973,12.56153425,2.843506849,16.2019726,8.603506849
100678,3.761753425,1.205260274,13.88219178,10.20427397,0.647013699,13.85358904,7.111232877
100679,3.660164384,1.011945205,14.3250411,10.41139726,1.186520548,14.08832877,6.84690411
100680,3.885041096,1.169753425,13.80230137,10.09578082,0.794958904,13.77961644,5.643616438
100681,3.537863014,0.54739726,14.23726027,10.47254795,1.622465753,14.21556164,5.093260274
100682,3.357369863,1.596821918,14.27671233,10.59879452,0.12230137,14.08142466,4.827945205
100683,4.087232877,1.86509589,13.39989041,9.827506849,0.306739726,13.40284932,4.094136986
100684,4.232219178,1.640219178,13.51430137,9.766356164,0.318575342,13.42553425,4.103013699
100685,2.941150685,0.086794521,14.53808219,10.97852055,2.011068493,14.72252055,4.133589041
100686,2.430246575,0.444821918,15.11309589,11.50027397,1.054356164,15.02728767,3.939287671
100687,3.579287671,1.270356164,14.14849315,10.41041096,0.541479452,14.01041096,2.728109589
100688,3.092054795,1.655013699,14.42465753,10.82465753,0.433972603,14.23726027,2.561424658
100689,3.558575342,0.566136986,13.68591781,10.28810959,1.135232877,14.01928767,2.85139726
100690,1.95090411,1.574136986,16.02739726,12.0989589,0.436931507,15.30049315,4.044821918
100691,4.216438356,1.368986301,13.56065753,9.792986301,0.735780822,13.50641096,6.265972603
100692,5.480876712,1.653041096,12.07627397,8.468383562,0.712109589,12.3820274,4.908821918
100693,3.535890411,0.091726027,14.49567123,10.55835616,2.784328767,14.44043836,5.905972603
100694,1.53369863,2.351342466,16.78684932,12.65227397,5.418739726,16.59550685,6.691068493
100695,1.296986301,2.417424658,16.5580274,12.744,4.993643836,16.64087671,7.799671233
100696,3.070356164,0.737753425,14.65939726,10.93216438,3.24690411,14.84580822,7.575780822
100697,3.864328767,0.937972603,13.93841096,10.1539726,1.225972603,13.88416438,6.934684932
100698,3.653260274,0.776219178,13.92657534,10.296,1.168767123,14.01041096,6.319232877
100699,3.416547945,0.513863014,14.2579726,10.56230137,1.524821918,14.28460274,5.705753425
100700,3.432328767,1.311780822,14.35265753,10.57315068,0.462575342,14.13468493,5.081424658
100701,2.68569863,1.017863014,15.35671233,11.39572603,0.775232877,14.86849315,5.345753425
100702,3.292273973,0.039452055,14.51243836,10.7289863,2.278356164,14.52821918,4.754958904
100703,3.219287671,0.06509589,14.22147945,10.69052055,2.075178082,14.48679452,4.212493151
100704,2.872109589,0.659835616,14.80438356,11.11167123,2.993424658,14.96613699,4.329863014
100705,2.163945205,0.044383562,15.62794521,11.84449315,1.866082192,15.42476712,4.535013699
100706,2.594958904,0.38169863,14.73534247,11.27835616,2.152109589,15.00756164,3.403726027
100707,2.355287671,0.434958904,14.76690411,11.4450411,0.660821918,14.94838356,3.253808219
100708,2.472657534,0.643068493,14.85567123,11.38980822,0.591780822,14.87934247,3.144328767
100709,5.469041096,0.853150685,11.94410959,8.443726027,1.750684932,12.51813699,5.520328767
100710,5.071561644,0.276164384,12.56252055,8.910246575,2.606794521,13.02805479,5.39309589
100711,3.874191781,0.546410959,13.8259726,10.12536986,3.312986301,14.16526027,6.075616438
100712,2.42630137,2.129424658,15.15452055,11.53775342,4.853589041,15.60328767,6.123945205
100713,0.104547945,2.445041096,18.11539726,14.1820274,4.522191781,17.79484932,8.566027397
100714,0.608547945,0.933041096,17.31747945,13.43539726,2.56339726,16.87956164,9.184438356
100715,2.830684932,0.46060274,15.18410959,11.24778082,1.633315068,14.86750685,7.671452055
100716,2.899726027,0.465534247,14.69884932,11.05150685,1.28909589,14.67419178,7.209863014
100717,2.017972603,0.882739726,15.81435616,11.99441096,0.477369863,15.35079452,7.032328767
100718,1.813808219,0.750575342,16.15660274,12.24,0.697315068,15.58454795,6.676273973
100719,0.233753425,0.206136986,18.17457534,13.94926027,1.754630137,17.17446575,7.644821918
100720,0.287013699,1.046465753,18.67364384,14.46608219,2.723178082,17.75736986,7.559013699
100721,0.540493151,1.350246575,17.45556164,13.52810959,3.205479452,17.04624658,6.336
100722,1.986410959,1.323616438,15.7709589,12.0210411,3.624657534,15.83013699,5.285589041
100723,2.285260274,1.39660274,15.23145205,11.65117808,3.657205479,15.53326027,4.642520548
100724,1.031671233,1.600767123,16.16449315,12.79726027,3.092054795,16.45150685,4.744109589
100725,1.081972603,0.248547945,15.94553425,12.68383562,0.98630137,16.06191781,3.923506849
100726,3.244931507,0.303780822,13.76383562,10.52876712,1.163835616,14.24317808,2.016
100727,2.918465753,2.121534247,14.9779726,11.11068493,0.862027397,14.3980274,3.381041096
100728,3.923506849,0.443835616,13.48569863,9.978410959,1.630356164,13.81512329,6.839013699
100729,2.773479452,0.341260274,14.81819178,11.18169863,2.40460274,14.94641096,7.378520548
100730,2.580164384,1.093808219,14.91189041,11.34936986,3.329753425,15.22849315,7.04909589
100731,0.954739726,2.004164384,16.50871233,12.9590137,3.883068493,16.68821918,7.569863014
100732,0.261369863,2.438136986,17.48219178,13.73720548,4.444273973,17.41808219,8.410191781
100733,0.204164384,0.860054795,17.46641096,13.75791781,2.043616438,17.09556164,9.302794521
100734,0.679561644,0.864,17.09852055,13.3190137,2.366136986,16.75923288,9.383671233
100735,1.909479452,0.232767123,15.53720548,11.98849315,1.03660274,15.44843836,8.095561644
100736,0.36690411,1.258520548,17.65084932,13.70663014,3.009205479,17.16953425,8.686356164
100737,1.261479452,0.215013699,16.76613699,12.81008219,1.276273973,16.15265753,7.379506849
100738,1.404493151,0.419178082,16.50180822,12.62958904,0.936,15.95638356,7.441643836
100739,0.407342466,1.73490411,17.352,13.59024658,3.497424658,17.15572603,7.930849315
100740,0.46060274,4.220383562,18.29293151,14.49468493,6.797589041,18.40043836,7.612273973
100741,0.15090411,3.205479452,18.2909589,14.27375342,5.728438356,18.03945205,7.396273973
100742,0.531616438,2.637369863,17.24646575,13.48076712,4.892054795,17.26126027,6.298520548
100743,0.639123288,2.249753425,18.11736986,14.5459726,3.517150685,17.99309589,6.753205479
100744,1.369972603,1.872,18.69830137,15.22158904,2.492383562,18.4339726,6.093369863
100745,1.094794521,0.238684932,16.21479452,12.75386301,0.529643836,16.03923288,3.625643836
100746,3.371178082,0.223890411,14.3270137,10.61654795,1.95090411,14.39112329,2.997369863
100747,2.748821918,0.319561644,15.71967123,11.46969863,2.20339726,15.11210959,4.423561644
100748,1.593863014,1.212164384,17.23561644,12.71835616,0.680547945,15.94060274,5.746191781
100749,1.273315068,0.981369863,16.93972603,12.84854795,0.324493151,16.03824658,5.814246575
100750,2.721205479,0.382684932,14.85665753,11.2290411,2.431232877,14.99178082,7.693150685
100751,1.702356164,1.258520548,15.65260274,12.17786301,3.041753425,15.90509589,7.971287671
100752,0.459616438,1.495232877,17.05413699,13.4610411,2.953972603,16.98115068,8.347068493
100753,0.423123288,2.03769863,17.94772603,14.34476712,3.347506849,17.79386301,8.962520548
100754,0.443835616,2.415452055,16.97917808,13.45709589,4.211506849,17.16361644,8.977315068
100755,0.679561644,2.888876712,16.992,13.30323288,5.236273973,17.16558904,9.064109589
100756,0.529643836,1.57709589,17.26126027,13.47780822,3.351452055,17.03638356,9.489205479
100757,1.556383562,1.210191781,15.97906849,12.37808219,3.064438356,16.06882192,8.821479452
100758,1.41830137,0.636164384,16.39627397,12.59605479,2.407561644,16.14476712,8.56109589
100759,0.949808219,0.369863014,17.18038356,13.15528767,2.078136986,16.5570411,8.480219178
100760,1.812821918,0.164712329,16.29764384,12.29227397,2.160986301,15.83112329,8.002849315
100761,1.912438356,1.376876712,16.24635616,12.21830137,4.02509589,16.03331507,7.974246575
100762,1.628383562,2.52,16.06882192,12.36723288,5.156383562,16.35090411,7.837150685
100763,2.054465753,5.253041096,20.21917808,16.18619178,7.864767123,19.98246575,9.956712329
100764,2.134356164,3.839671233,20.55945205,16.33315068,5.988821918,19.82268493,9.58290411
100765,0.008876712,2.479561644,17.72975342,13.99758904,4.360438356,17.63112329,7.787835616
100766,0.703232877,2.723178082,17.79682192,14.49468493,3.840657534,18.01972603,6.823232877
100767,0.53260274,1.846356164,17.68339726,14.33589041,2.68569863,17.7139726,5.624876712
100768,1.528767123,1.300931507,15.69994521,12.312,2.911561644,16.00865753,4.229260274
100769,0.258410959,1.136219178,17.1389589,13.62180822,2.230027397,17.02257534,5.143561644
100770,2.079123288,1.466630137,15.30147945,11.81391781,3.543780822,15.66443836,7.986082192
100771,0.41030137,1.66290411,17.01073973,13.48273973,3.095013699,17.02652055,8.508821918
100772,0.655890411,1.859178082,18.2140274,14.58345205,3.008219178,17.94772603,9.253479452
100773,1.763506849,2.201424658,19.37687671,15.70191781,3.043726027,18.90739726,10.21808219
100774,1.535671233,2.449972603,19.0809863,15.45731507,3.454027397,18.76142466,10.57117808
100775,1.767452055,1.87890411,19.37589041,15.70191781,2.565369863,18.83835616,11.07813699
100776,0.945863014,1.259506849,18.74761644,14.94147945,2.211287671,18.12526027,10.8029589
100777,0.219945205,0.981369863,17.98126027,14.20668493,2.104767123,17.48317808,10.75561644
100778,0.062136986,1.255561644,18.39846575,14.14454795,3.255780822,17.55419178,11.00416438
100779,0.930082192,1.039561644,17.38652055,13.23813699,3.214356164,16.78093151,10.31572603
100780,0.198246575,2.053479452,19.03463014,14.52526027,4.63660274,18.05621918,10.95287671
100781,0.302794521,4.544876712,18.94389041,14.59035616,8.062027397,18.61545205,10.49128767
100782,2.387835616,2.147178082,15.6989589,11.73205479,5.308273973,15.80547945,8.626191781
100783,0.703232877,2.931287671,17.28887671,13.37917808,5.593315068,17.26224658,9.440876712
100784,1.938082192,2.418410959,19.90158904,15.9849863,3.591123288,19.20723288,11.11265753
100785,0.82060274,2.673863014,18.5010411,14.79156164,4.232219178,18.29490411,9.226849315
100786,0.864,2.348383562,15.96723288,12.85742466,3.783452055,16.62509589,6.534246575
100787,0.800876712,1.589917808,16.02838356,12.91265753,2.643287671,16.50871233,5.804383562
100788,0.233753425,2.214246575,16.83715068,13.55473973,3.508273973,17.16854795,5.858630137
100789,1.054356164,1.846356164,18.55528767,14.96120548,2.752767123,18.23868493,6.809424658
100790,0.745643836,1.73490411,18.53063014,14.74224658,2.985534247,18.06706849,6.457315068
100791,0.072,1.43309589,17.77906849,14.04690411,2.78630137,17.44767123,5.868493151
100792,0.245589041,2.16,17.62816438,14.12580822,3.482630137,17.63506849,5.872438356
100793,0.825534247,2.156054795,16.25128767,12.96986301,3.704547945,16.69413699,5.424657534
100794,0.136109589,1.413369863,16.96536986,13.65435616,2.317808219,17.07978082,6.066739726
100795,0.369863014,2.137315068,17.31649315,13.6089863,4.004383562,17.24843836,8.781041096
100796,0.071013699,2.946082192,17.47430137,13.9660274,4.732273973,17.67649315,8.798794521
100797,1.358136986,2.373041096,18.77621918,15.24131507,3.310027397,18.56317808,9.881753425
100798,2.506191781,2.091945205,19.86509589,16.35879452,2.313863014,19.38082192,10.78520548
100799,2.752767123,3.378082192,20.31780822,16.67835616,4.264767123,19.92131507,11.58410959
100800,2.555506849,4.070465753,20.91550685,16.73358904,6.073643836,20.18169863,11.97961644
100801,0.88569863,2.532821918,18.68745205,14.89216438,4.103013699,18.35506849,11.66794521
100802,0.568109589,2.622575342,18.73873973,14.69194521,4.709589041,18.24854795,12.11276712
100803,1.407452055,1.016876712,16.37654795,12.6009863,2.931287671,16.22564384,11.40558904
100804,1.616547945,1.188493151,16.45249315,12.48263014,3.533917808,16.19408219,11.48252055
100805,1.815780822,0.958684932,16.10235616,12.23605479,3.154191781,15.93764384,10.70827397
100806,2.167890411,0.363945205,15.38728767,11.77052055,2.125479452,15.41293151,9.808767123
100807,1.437041096,1.297972603,16.49983562,12.62071233,3.492493151,16.31441096,9.925150685
100808,0.670684932,3.29030137,18.52273973,14.70082192,5.355616438,18.36887671,10.77731507
100809,1.720109589,2.831671233,19.59090411,15.74432877,4.213479452,19.09578082,11.10279452
100810,1.181589041,3.43430137,18.59769863,15.07463014,4.944328767,18.65490411,9.906410959
100811,0.708164384,3.961972603,18.02367123,14.57950685,5.846794521,18.36690411,8.294794521
100812,0.328438356,1.77139726,17.2770411,13.62180822,3.37709589,17.17446575,7.173369863
100813,0.177534247,0.800876712,17.24547945,13.70663014,1.726027397,17.02060274,7.361753425
100814,0.728876712,2.988493151,18.11243836,14.61205479,4.471890411,18.19331507,7.832219178
100815,1.59090411,3.140383562,19.44,15.61117808,4.706630137,19.05534247,7.925917808
100816,0.200219178,1.028712329,17.73863014,13.84471233,2.52690411,17.22378082,6.467178082
100817,0.360986301,2.559452055,17.29873973,14.10608219,3.619726027,17.66465753,6.696
100818,0.647013699,3.281424658,16.09939726,13.05468493,4.976876712,16.96931507,5.989808219
100819,0.12230137,2.668931507,16.82728767,13.63167123,4.015232877,17.31452055,6.208767123
100820,2.00909589,1.594849315,14.92668493,11.74783562,3.30509589,15.59934247,4.751013699
100821,0.906410959,1.657972603,16.08263014,12.85841096,2.933260274,16.49391781,5.159342466
100822,0.276164384,0.847232877,17.13205479,13.6050411,1.827616438,16.94958904,6.24230137
100823,1.492273973,2.591013699,16.00767123,12.44219178,5.023232877,16.40810959,7.863780822
100824,0.198246575,3.701589041,17.67452055,14.12087671,5.844821918,17.96449315,8.737643836
100825,1.393643836,3.508273973,18.55824658,15.20876712,4.731287671,18.75452055,9.653917808
100826,1.295013699,3.321863014,18.3590137,15.07758904,4.41369863,18.60263014,9.89260274
100827,1.574136986,4.403835616,18.83145205,15.42378082,6.04109589,19.12043836,10.75857534
100828,0.055232877,3.797260274,17.2070137,13.87923288,5.762958904,17.76526027,10.68164384
100829,0.632219178,3.44909589,16.93676712,13.32394521,5.943452055,17.28986301,11.34838356
100830,1.643178082,3.069369863,15.66838356,12.2390137,5.626849315,16.33117808,11.43123288
100831,2.794191781,0.702246575,14.36153425,11.02882192,2.558465753,14.86356164,10.96175342
100832,4.121753425,0.96460274,13.42454795,9.836383562,3.903780822,14.01238356,10.09084932
100833,3.332712329,0.421150685,14.13863014,10.58991781,2.676821918,14.48580822,9.902465753
100834,1.914410959,0.585863014,15.45336986,11.96679452,2.167890411,15.59736986,10.18356164
100835,0.793972603,2.321753425,16.92,13.19868493,4.494575342,16.96635616,10.39463014
100836,0.118356164,3.585205479,17.73172603,14.08339726,5.832986301,17.92208219,10.49819178
100837,1.659945205,3.847561644,19.27331507,15.61315068,5.501589041,19.18454795,11.16493151
100838,3.580273973,5.115945205,21.5980274,17.65183562,6.826191781,21.0969863,12.3090411
100839,5.532164384,7.349917808,23.53906849,19.60372603,9.180493151,23.10706849,12.20646575
100840,1.713205479,2.996383562,20.36219178,15.97808219,5.148493151,19.38476712,9.216986301
100841,0.041424658,0.511890411,17.76427397,14.01336986,1.467616438,17.22871233,8.620273973
100842,0.578958904,3.206465753,17.57589041,14.34575342,4.518246575,17.99506849,8.806684932
100843,2.833643836,4.477808219,20.65117808,16.8460274,6.060821918,20.30794521,9.768328767
100844,1.432109589,2.49830137,16.21676712,12.54673973,4.991671233,16.48405479,6.524383562
100845,0.261369863,3.267616438,16.65961644,13.49063014,4.930520548,17.32635616,7.17139726
100846,0.257424658,3.736109589,17.09260274,13.98180822,5.29939726,17.80569863,7.379506849
100847,0.277150685,3.573369863,16.93084932,13.56558904,5.639671233,17.47528767,6.68909589
100848,0.749589041,1.932164384,16.54027397,13.10893151,3.528,16.776,6.033205479
100849,0.221917808,1.14509589,17.45753425,14.04789041,1.87890411,17.34608219,6.173260274
100850,0.499068493,3.537863014,17.65775342,14.32010959,5.184,18.05917808,9.047342466
100851,0.799890411,4.249972603,18.47441096,14.78268493,6.543123288,18.62038356,9.846246575
100852,1.125369863,4.516273973,18.69336986,15.07463014,6.690082192,18.89753425,10.83846575
100853,0.408328767,4.259835616,17.96843836,14.35956164,6.638794521,18.27813699,11.43024658
100854,1.257534247,3.26169863,16.26805479,12.68876712,5.917808219,16.74542466,11.25468493
100855,2.688657534,3.095013699,14.3289863,11.11167123,5.889205479,15.42180822,10.82564384
100856,3.479671233,0.854136986,13.4620274,10.28515068,2.90860274,14.28953425,10.78520548
100857,3.721315068,0.399452055,13.70071233,10.18947945,2.780383562,14.16131507,10.47550685
100858,1.46860274,0.498082192,16.57084932,12.61380822,2.42630137,16.14969863,11.27145205
100859,0.984328767,1.316712329,16.82432877,13.0300274,3.195616438,16.6300274,10.82958904
100860,1.025753425,1.049424658,16.22761644,12.816,2.331616438,16.35484932,10.20526027
100861,1.114520548,3.446136986,16.24438356,12.78049315,5.976,16.84306849,9.994191781
100862,0.943890411,4.15430137,18.69139726,14.94739726,6.40109589,18.73578082,11.27342466
100863,2.205369863,4.023123288,20.17479452,16.26509589,5.822136986,19.76745205,12.74005479
100864,2.281315068,4.771726027,19.60471233,16.14772603,6.309369863,19.77632877,12.30608219
100865,3.565479452,5.554849315,22.0300274,17.77906849,7.870684932,21.32876712,12.17293151
100866,2.502246575,0.750575342,14.94542466,11.40953425,2.752767123,15.19989041,7.907178082
100867,1.55539726,2.756712329,19.38673973,15.56778082,4.146410959,18.9379726,10.81775342
100868,2.954958904,5.549917808,20.65019178,16.93676712,7.465315068,20.59594521,10.82761644
100869,0.032547945,3.003287671,17.33227397,13.85161644,4.831890411,17.59463014,7.939726027
100870,0.682520548,3.14630137,16.60931507,13.18586301,5.27769863,17.09358904,7.838136986
100871,0.404383562,4.423561644,16.76021918,13.43342466,6.906082192,17.54630137,8.067945205
100872,0.927123288,3.298191781,16.02049315,12.83868493,5.308273973,16.82038356,6.834082192
100873,0.784109589,1.82860274,16.58564384,13.09808219,3.464876712,16.75232877,6.591452055
100874,0.630246575,1.068164384,17.01961644,13.33084932,2.527890411,16.80065753,6.169315068
100875,1.804931507,2.542684932,15.81041096,12.168,5.199780822,16.19112329,8.698191781
100876,1.03660274,3.201534247,16.74739726,12.98663014,5.959232877,16.9910137,9.955726027
100877,0.858082192,3.912657534,18.83342466,14.92964384,6.289643836,18.69139726,11.91353425
100878,1.266410959,2.32569863,16.11912329,12.62860274,4.429479452,16.4889863,11.41347945
100879,2.524931507,0.978410959,14.49665753,11.25764384,2.719232877,15.09041096,11.00021918
100880,1.98739726,0.778191781,15.5529863,11.94805479,2.636383562,15.63879452,11.86027397
100881,3.666082192,0.832438356,13.57052055,10.17665753,0.787068493,13.87430137,10.30586301
100882,2.502246575,0.201205479,14.81128767,11.35923288,1.240767123,14.94838356,10.37786301
100883,0.608547945,1.894684932,17.16657534,13.39791781,3.83769863,17.03835616,11.06136986
100884,0.724931507,3.348493151,16.95550685,13.26476712,5.936547945,17.23265753,10.61753425
100885,0.542465753,4.165150685,16.92591781,13.38805479,6.859726027,17.48317808,10.54652055
100886,0.049315068,3.550684932,17.29479452,13.83386301,5.620931507,17.69424658,10.98838356
100887,0.617424658,4.357479452,16.88843836,13.32690411,7.208876712,17.47923288,11.14323288
100888,0.231780822,3.784438356,17.17643836,13.67408219,6.105205479,17.62323288,11.70936986
100889,0.029589041,2.527890411,17.22082192,13.81512329,4.032,17.45556164,11.39769863
100890,2.307945205,0.64109589,15.17523288,11.61172603,2.533808219,15.33994521,9.071013699
100891,0.803835616,2.911561644,18.84821918,14.88920548,4.910794521,18.45369863,11.20635616
100892,2.646246575,6.234410959,20.47561644,16.67835616,8.728767123,20.54761644,11.37205479
100893,1.789150685,4.315068493,19.34235616,15.72657534,6.072657534,19.368,9.906410959
100894,0.682520548,3.884054795,18.54345205,14.72054795,6.227506849,18.50991781,9.792986301
100895,0.082849315,4.643506849,17.66860274,14.04789041,7.373589041,18.11539726,9.647013699
100896,1.798027397,3.979726027,14.99769863,11.93424658,6.57369863,16.23747945,6.827178082
100897,1.061260274,1.879890411,16.20887671,12.79331507,3.579287671,16.51364384,6.907068493
100898,1.784219178,1.087890411,15.85972603,12.18476712,3.086136986,15.89917808,6.468164384
100899,1.394630137,1.270356164,16.56493151,12.6690411,3.453041096,16.34893151,9.76339726
100900,0.219945205,2.505205479,17.6380274,13.81315068,4.625753425,17.50290411,10.99528767
100901,1.379835616,1.417315068,16.15660274,12.55561644,3.285369863,16.25227397,11.20438356
100902,4.163178082,0.642082192,12.66706849,9.560219178,0.936986301,13.392,9.704219178
100903,3.328767123,0.157808219,13.94728767,10.53172603,2.11660274,14.36745205,10.35320548
100904,4.803287671,0.706191781,11.93720548,8.898410959,1.060273973,12.84854795,8.855013699
100905,3.835726027,0.031561644,13.11978082,9.930082192,1.881863014,13.83682192,8.83430137
100906,0.218958904,2.191561644,17.96054795,14.20964384,3.860383562,17.73961644,11.36317808
100907,1.106630137,3.510246575,18.68153425,15.0499726,5.229369863,18.66575342,11.73994521
100908,0.537534247,4.095123288,17.79189041,14.39210959,6.064767123,18.24164384,11.16887671
100909,0.029589041,4.822027397,17.01271233,13.77073973,7.204931507,17.88558904,10.84241096
100910,0.280109589,4.717479452,17.856,14.24120548,7.382465753,18.28208219,11.28427397
100911,1.23090411,3.36230137,15.6259726,12.51024658,5.462136986,16.56690411,10.32065753
100912,1.534684932,2.473643836,15.07758904,12.12657534,4.084273973,16.0550137,9.935013699
100913,2.335561644,0.02169863,15.07561644,11.55747945,1.512,15.14958904,8.901369863
100914,0.109479452,3.563506849,17.57983562,13.88021918,5.974027397,17.76427397,10.52679452
100915,3.730191781,6.660493151,21.22224658,17.65282192,8.551232877,21.37709589,11.70147945
100916,4.022136986,5.320109589,21.58421918,17.95167123,6.516493151,21.33665753,11.35134247
100917,0.129205479,3.999452055,17.52263014,14.02915068,6.238356164,17.94673973,9.875835616
100918,1.126356164,4.999561644,18.66378082,15.07068493,7.368657534,18.99320548,10.52186301
100919,0.815671233,3.429369863,16.54421918,13.07736986,5.813260274,17.07287671,8.45260274
100920,0.884712329,1.708273973,16.49983562,13.00142466,3.346520548,16.65271233,8.012712329
100921,0.88569863,1.508054795,17.02849315,13.16219178,3.524054795,16.78389041,7.78290411
100923,3.805150685,0.950794521,13.23813699,9.994191781,3.29030137,14.08931507,8.926027397
100924,4.483726027,0.044383562,12.56350685,9.314630137,2.152109589,13.34367123,9.284054795
100925,4.853589041,1.26739726,12.2409863,8.951671233,0.575013699,12.80416438,9.198246575
100926,4.775671233,0.934027397,11.89676712,8.902356164,0.653917808,12.79824658,8.734684932
100927,4.592219178,0.156821918,12.05852055,9.083835616,1.686575342,13.1030137,8.310575342
100928,3.152219178,0.293917808,13.86147945,10.62739726,2.000219178,14.44832877,8.631123288
100929,1.362082192,1.308821918,16.14673973,12.56350685,3.094027397,16.23353425,9.418191781
100930,0.724931507,1.748712329,16.46235616,13.10005479,3.158136986,16.72076712,9.678575342
100931,0.518794521,2.790246575,17.80668493,14.37336986,4.193753425,17.95463014,10.42717808
100932,1.320657534,3.152219178,18.73183562,15.20876712,4.462027397,18.70126027,10.9420274
100933,0.749589041,4.098082192,18.32350685,14.70082192,6.25709589,18.51386301,10.89073973
100934,1.348273973,3.759780822,18.77720548,15.24624658,5.354630137,18.8610411,11.23890411
100935,0.383671233,3.352438356,17.79287671,14.28164384,5.187945205,18.01183562,10.67375342
100936,2.205369863,2.865205479,15.35671233,11.75671233,5.812273973,15.92975342,8.929972603
100937,1.005041096,1.89369863,16.81643836,13.01917808,4.062575342,16.74345205,10.49720548
100938,7.191123288,7.489972603,25.6290411,21.3820274,8.998027397,24.57863014,13.93150685
100939,5.394082192,5.037041096,22.8969863,19.29205479,5.412821918,22.32887671,12.70257534
100940,0.07890411,4.172054795,17.03342466,13.84569863,6.12690411,17.79978082,10.17961644
100941,1.00109589,5.28460274,18.40832877,14.90893151,7.728657534,18.91331507,10.39660274
100942,0.226849315,2.947068493,18.01380822,14.23824658,5.002520548,17.9250411,10.25063014
100943,1.313753425,2.474630137,16.23254795,12.63254795,4.811178082,16.53731507,9.149917808
100944,0.322520548,1.514958904,18.36690411,14.4,3.088109589,17.77413699,9.400438356
100945,5.383232877,0.203178082,10.67473973,8.116273973,1.46169863,12.27747945,7.909150685
100946,5.224438356,0.323506849,11.67682192,8.533479452,1.957808219,12.65523288,8.532493151
100947,5.490739726,0.989260274,11.93128767,8.423013699,1.568219178,12.47473973,8.976328767
100948,5.079452055,1.993315068,12.27452055,8.801753425,0.152876712,12.55561644,9.153863014
100949,4.111890411,0.360986301,13.11287671,9.74169863,2.731068493,13.78158904,8.393424658
100950,2.306958904,1.313753425,14.82115068,11.50915068,3.203506849,15.36854795,8.788931507
100951,0.775232877,2.303013699,16.71386301,13.14739726,4.260821918,16.90224658,9.234739726
100952,0.576,3.511232877,18.13512329,14.51934247,5.464109589,18.24558904,9.487232877
100953,1.292054795,4.316054795,18.65884932,15.17720548,6.139726027,18.91726027,9.881753425
100954,3.11769863,5.902027397,20.75375342,17.08372603,7.852931507,20.78038356,11.05742466
100955,5.524273973,7.190136986,23.05972603,19.44887671,8.533479452,22.90980822,13.1789589
100956,6.974136986,8.141917808,24.95145205,21.03090411,9.646027397,24.39715068,14.26980822
100957,3.674958904,5.786630137,21.60493151,17.72580822,7.685260274,21.28832877,12.90871233
100958,0.228821918,3.831780822,18.04339726,14.256,6.319232877,18.12821918,11.02586301
100959,0.818630137,1.321643836,17.24646575,13.27364384,3.353424658,16.8460274,11.19156164
100960,4.511342466,6.237369863,23.05183562,18.74663014,8.497972603,22.24306849,13.13457534
100961,4.536986301,5.556821918,21.60690411,18.31364384,6.188054795,21.62761644,12.73610959
100962,0.330410959,3.795287671,17.2770411,14.08931507,5.45030137,17.91221918,10.91342466
100963,1.013917808,5.059726027,18.68252055,14.99967123,7.624109589,18.96164384,11.07320548
100964,0.718027397,2.654136986,19.04646575,14.88920548,4.825972603,18.42509589,11.54860274
100965,0.466520548,3.85939726,16.94367123,13.44328767,6.324164384,17.45654795,10.11649315
100966,0.025643836,3.312986301,17.54926027,13.96109589,5.397041096,17.76032877,9.252493151
100967,0.950794521,2.959890411,18.59473973,14.91189041,4.55769863,18.44679452,9.495123288
100968,1.222027397,3.396821918,15.72164384,12.54575342,5.586410959,16.61030137,8.649863014
100969,3.564493151,6.389260274,21.56646575,17.6429589,8.682410959,21.35736986,10.90553425
100970,7.765150685,8.47430137,25.91210959,21.87024658,9.91430137,25.14476712,13.76186301
100971,4.995616438,7.281863014,22.04087671,18.77523288,8.477260274,22.35353425,12.29128767
100972,7.781917808,9.264328767,25.25030137,21.68482192,10.46169863,25.10531507,14.66531507
100973,6.699945205,10.53567123,24.57073973,20.74586301,13.18191781,24.66838356,14.28164384
100974,5.030136986,7.074739726,22.70268493,19.00010959,8.715945205,22.54389041,14.58936986
100975,1.691506849,3.854465753,19.63331507,15.74630137,5.787616438,19.31967123,12.66312329
100976,1.08,2.308931507,16.992,13.02509589,4.925589041,16.85786301,11.0870137
100977,0.433972603,2.961863014,19.33446575,14.78663014,5.913863014,18.45961644,12.70356164
100978,3.096,7.536328767,20.43123288,16.98312329,9.988273973,21.01906849,12.37315068
100979,0.236712329,3.720328767,17.10936986,13.97293151,5.319123288,17.79780822,11.54169863
100980,1.045479452,4.847671233,18.54838356,14.9779726,7.152657534,18.88471233,12.11276712
100981,2.16690411,3.347506849,20.46673973,16.32328767,5.142575342,19.70038356,12.77063014
100982,0.324493151,4.150356164,17.14882192,14.04887671,5.865534247,17.94476712,10.44789041
100983,1.240767123,5.16230137,18.25742466,15.02531507,7.092493151,18.94586301,9.859068493
100984,1.421260274,3.887013699,18.90838356,15.3379726,5.558794521,18.96460274,9.984328767
100985,2.036712329,6.173260274,19.50509589,15.96230137,8.602520548,19.93808219,11.0860274
100986,3.956054795,7.863780822,22.05369863,18.0729863,10.74378082,22.01523288,12.74005479
100987,3.447123288,6.522410959,20.11561644,17.11726027,7.750356164,20.85238356,12.73808219
100988,5.719561644,8.674520548,22.65238356,19.46958904,10.0809863,23.1859726,14.34772603
100989,5.439452055,8.727780822,22.69676712,19.2930411,10.57709589,23.08635616,14.99473973
100990,4.290410959,5.647561644,21.69073973,18.17063014,6.728547945,21.56350685,15.31134247
100991,2.572273973,4.221369863,20.68372603,16.67441096,6.067726027,20.14520548,13.96010959
100992,0.716054795,1.717150685,16.65961644,13.16613699,3.274520548,16.78389041,11.76657534
100993,1.803945205,2.972712329,19.70926027,15.8380274,4.41369863,19.20427397,13.08821918
100994,4.881205479,4.979835616,22.20361644,18.72690411,5.40690411,21.85446575,14.22443836
100995,2.57030137,2.177753425,19.74772603,16.36767123,2.248767123,19.38969863,13.87923288
100996,2.773479452,4.32690411,20.56832877,16.7779726,5.847780822,20.22115068,13.95419178
100997,4.837808219,4.214465753,23.07747945,18.95967123,5.119890411,21.9580274,14.34476712
100998,5.326027397,4.662246575,22.87726027,19.23682192,4.93939726,22.20953425,12.744
100999,3.539835616,4.825972603,20.71430137,17.3510137,5.673205479,20.72317808,11.4450411
101000,2.586082192,4.139506849,20.18268493,16.52843836,5.484821918,19.96668493,11.2339726
101001,1.417315068,4.042849315,18.91331507,15.3379726,5.795506849,18.99813699,10.26838356
101002,2.168876712,2.810958904,19.67769863,16.07769863,3.655232877,19.32263014,10.58005479
101003,1.275287671,3.618739726,15.21073973,12.35441096,5.529205479,16.46531507,10.32558904
101004,0.126246575,4.604054795,17.18827397,13.75693151,7.17139726,17.8530411,11.53282192
101005,1.873972603,6.47309589,19.11945205,15.73446575,8.920109589,19.8019726,12.82882192
101006,3.69369863,7.793753425,20.64526027,17.45950685,9.74860274,21.41556164,14.24219178
101007,3.007232877,7.576767123,19.83156164,16.73753425,9.637150685,20.78926027,14.34969863
101008,4.458082192,7.61030137,22.25983562,18.47736986,9.878794521,22.25589041,15.71671233
101009,5.173150685,8.238575342,23.83890411,19.45775342,11.232,23.23824658,15.55693151
101010,1.134246575,1.413369863,16.20394521,12.73808219,2.990465753,16.37753425,11.98553425
101011,2.295123288,3.374136986,19.66093151,16.16350685,4.294356164,19.49621918,13.26378082
101012,4.300273973,4.987726027,21.06838356,17.98027397,5.198794521,21.21830137,14.16427397
101013,3.140383562,4.077369863,19.91145205,16.82334247,4.406794521,20.11364384,14.32208219
101014,2.148164384,3.240986301,19.82465753,16.11221918,4.443287671,19.45578082,14.35758904
101015,8.571945205,8.627178082,27.22783562,22.82794521,10.21610959,25.97819178,16.02739726
101016,8.405260274,7.513643836,26.81260274,22.57742466,8.441753425,25.52350685,14.9779726
101017,3.252821918,5.158356164,20.71331507,17.15671233,6.547068493,20.6659726,11.94016438
101018,2.197479452,4.960109589,19.79309589,16.15068493,6.864657534,19.84142466,11.42432877
101019,1.588931507,4.523178082,19.1539726,15.53424658,6.480986301,19.26049315,10.77238356
101020,2.023890411,3.626630137,19.71221918,15.99583562,5.075506849,19.44690411,11.00810959
101021,2.100821918,3.536876712,19.6589589,16.03134247,4.793424658,19.44394521,10.70531507
101022,2.906630137,4.129643836,20.55550685,16.86279452,5.367452055,20.2339726,10.78027397
101023,2.255671233,3.227178082,14.65150685,11.50816438,5.783671233,15.75221918,10.57610959
101024,1.479452055,2.983561644,15.72756164,12.36821918,5.333917808,16.40613699,11.59693151
101025,0.089753425,4.519232877,17.87178082,14.1139726,7.362739726,18.15879452,12.61282192
101026,1.755616438,6.566794521,19.11254795,15.65161644,9.210082192,19.76646575,13.76087671
101027,2.320767123,6.682191781,19.40153425,16.1289863,8.873753425,20.14224658,14.42071233
101028,2.665972603,6.540164384,19.77830137,16.48010959,8.532493151,20.39178082,15.01150685
101029,2.338520548,5.995726027,19.81972603,16.26410959,8.21490411,20.13928767,14.59035616
101030,1.477479452,0.464547945,15.85183562,12.3869589,1.753643836,15.90016438,12.35736986
101031,1.426191781,2.409534247,19.0819726,15.38235616,3.542794521,18.70323288,13.28942466
101032,3.229150685,5.75309589,20.24087671,16.99989041,7.030356164,20.62750685,13.57446575
101033,2.470684932,5.200767123,18.90936986,16.06684932,6.066739726,19.72405479,13.8249863
101034,1.458739726,3.441205479,18.7939726,15.32515068,4.753972603,18.84723288,14.17808219
101035,2.808,5.376328767,19.96767123,16.62509589,6.805479452,20.26553425,14.41676712
101036,9.969534247,9.617424658,28.54849315,24.19890411,10.94893151,27.26136986,16.83715068
101037,3.766684932,5.993753425,21.58717808,17.784,7.848986301,21.36920548,13.70465753
101038,3.62169863,4.596164384,21.03090411,17.50191781,5.507506849,20.81490411,13.27068493
101039,1.969643836,5.419726027,19.77238356,15.99189041,7.82630137,19.83254795,11.54465753
101040,0.990246575,3.876164384,18.27024658,14.84679452,5.557808219,18.55627397,11.07616438
101041,1.462684932,4.256876712,18.87978082,15.36065753,6.01939726,19.05435616,11.05052055
101042,2.589041096,4.986739726,19.99232877,16.47912329,6.552986301,20.0899726,10.84734247
101043,2.485479452,4.765808219,19.30389041,16.19506849,5.758027397,19.76745205,10.21019178
101044,3.256767123,5.728438356,19.80986301,16.88646575,6.574684932,20.49238356,9.750575342
101045,2.128438356,2.283287671,15.45731507,11.83561644,4.945315068,15.87156164,11.89380822
101046,1.139178082,2.691616438,16.3410411,12.78739726,4.98969863,16.69906849,12.48558904
101047,0.79890411,4.813150685,18.8659726,14.90794521,7.716821918,18.87189041,13.43145205
101048,1.909479452,6.640767123,18.92317808,15.69994521,8.943780822,19.78915068,14.01928767
101049,2.165917808,7.461369863,19.05435616,15.92284932,9.915287671,20.12745205,14.27375342
101050,0.593753425,5.127780822,15.89128767,13.04284932,7.420931507,17.32635616,13.03791781
101051,2.954958904,0.576986301,14.62783562,10.99134247,1.138191781,14.60120548,12.42246575
101052,0.443835616,2.099835616,17.33326027,13.56263014,4.064547945,17.21293151,12.69665753
101053,4.232219178,6.554958904,21.91857534,18.20909589,8.336219178,21.81008219,14.13369863
101054,3.964931507,6.009534247,20.67090411,17.6380274,6.793643836,21.15813699,14.39605479
101055,4.01030137,5.289534247,21.05950685,17.7820274,6.022356164,21.15024658,15.17917808
101056,2.559452055,5.675178082,19.74772603,16.38936986,7.383452055,20.14520548,14.82805479
101057,4.130630137,6.093369863,22.22531507,18.23079452,8.068931507,21.76668493,16.09841096
101058,5.616986301,7.276931507,24.32219178,19.90158904,9.652931507,23.38915068,16.50180822
101059,3.379068493,5.56569863,21.31989041,17.43287671,7.50969863,21.01216438,14.21654795
101060,3.662136986,5.847780822,21.44909589,17.66958904,7.654684932,21.24394521,13.3170411
101061,1.658958904,4.439342466,19.19046575,15.59243836,6.294575342,19.28613699,12.26268493
101062,0.83539726,4.005369863,18.21994521,14.72646575,5.911890411,18.49808219,11.61567123
101063,1.166794521,5.481863014,18.08580822,14.92471233,7.506739726,18.92515068,10.93019178
101064,1.832547945,4.712547945,18.68843836,15.55890411,6.016438356,19.25654795,10.90849315
101065,2.552547945,5.171178082,19.0819726,16.17632877,6.064767123,19.81183562,10.62246575
101066,3.295232877,6.034191781,19.78224658,16.90619178,6.947506849,20.56734247,10.61358904
101067,4.336767123,5.265863014,21.15517808,18.03452055,5.631780822,21.32383562,11.58509589
101068,1.022794521,2.590027397,16.21578082,12.82783562,4.573479452,16.68821918,12.45106849
101069,0.876821918,2.573260274,16.21479452,12.92646575,4.349589041,16.74936986,12.36526027
101070,0.104547945,3.624657534,16.79276712,13.64153425,5.358575342,17.51868493,12.64241096
101071,1.120438356,6.653589041,17.75046575,14.79945205,8.989150685,19.04745205,13.032
101072,0.751561644,6.157479452,15.48591781,12.8179726,8.782027397,17.34509589,12.68186301
101073,3.12460274,0.614465753,15.0489863,11.0150137,3.48460274,14.92372603,12.83671233
101074,1.104657534,2.538739726,16.45545205,12.84460274,4.820054795,16.71978082,12.30115068
101075,4.005369863,6.971178082,21.39682192,17.89742466,8.789917808,21.62663014,13.57742466
101076,5.459178082,6.485917808,22.87923288,19.34334247,7.430794521,22.66717808,14.9010411
101077,5.577534247,6.171287671,22.46893151,19.2950137,6.447452055,22.51627397,15.55890411
101078,5.990794521,6.373479452,23.42268493,19.8729863,7.028383562,23.06268493,16.69906849
101079,6.892273973,6.870575342,24.83605479,20.92832877,7.792767123,24.0460274,18.04832877
101080,4.782575342,5.403945205,22.69282192,18.81468493,6.594410959,22.06553425,17.65282192
101081,7.837150685,8.329315068,26.96449315,22.24208219,10.53961644,25.49490411,17.9289863
101082,4.523178082,6.482958904,22.66224658,18.63715068,8.497972603,22.1730411,14.92076712
101083,2.040657534,4.669150685,19.09972603,15.82717808,6.036164384,19.47747945,13.08920548
101084,1.694465753,4.372273973,19.09676712,15.58652055,6.067726027,19.25556164,12.83868493
101085,1.730958904,4.121753425,18.98235616,15.57468493,5.548931507,19.18060274,12.456
101086,0.996164384,3.655232877,18.05128767,14.78169863,5.03309589,18.43890411,11.80306849
101087,2.204383562,4.712547945,18.95079452,15.89424658,5.746191781,19.512,11.87112329
101088,3.744986301,5.454246575,20.52591781,17.43780822,6.149589041,20.88986301,12.20449315
101089,4.099068493,5.696876712,21.35736986,17.93786301,6.763068493,21.37808219,12.37413699
101090,4.441315068,5.365479452,22.10005479,18.39846575,6.472109589,21.70652055,12.85643836
101091,7.752328767,7.830246575,25.86575342,21.84164384,8.94969863,24.984,18.32843836
101092,6.448438356,8.049205479,23.59134247,20.25172603,9.014794521,23.6899726,17.55419178
101093,6.232438356,7.140821918,23.42564384,20.04657534,7.829260274,23.33983562,17.63013699
101094,7.089534247,7.767123288,26.21687671,21.49643836,10.06224658,24.78772603,17.89742466
101095,3.924493151,6.551013699,21.77063014,17.95265753,8.614356164,21.62169863,15.23145205
101096,3.150246575,5.668273973,20.808,17.12021918,7.515616438,20.76164384,14.33391781
101097,2.471671233,4.823013699,19.8690411,16.35978082,6.362630137,19.96076712,13.55375342
101098,1.567232877,4.297315068,19.10564384,15.50169863,6.136767123,19.18553425,12.92449315
101099,2.205369863,4.862465753,19.43013699,16.04317808,6.390246575,19.70334247,12.83375342
101100,3.467835616,5.09030137,20.5910137,17.26520548,6.048,20.70739726,13.1789589
101101,3.419506849,5.156383562,20.82772603,17.30564384,6.419835616,20.77841096,13.05172603
101102,3.735123288,5.049863014,21.33665753,17.67747945,6.288657534,21.06641096,13.1069589
101103,6.439561644,8.355945205,24.07364384,20.39769863,9.901479452,23.91287671,17.80767123
101104,4.307178082,6.11309589,21.9590137,18.26926027,7.623123288,21.76175342,17.39046575
101105,3.717369863,6.707835616,21.26663014,17.65775342,8.677479452,21.39583562,16.35090411
101106,3.769643836,7.101369863,21.99057534,17.92010959,9.823561644,21.7449863,15.44547945
101107,2.894794521,5.938520548,20.7379726,16.92591781,8.193205479,20.68175342,14.36745205
101108,2.649205479,4.931506849,20.35923288,16.6329863,6.715726027,20.22608219,13.93150685
101109,2.981589041,4.999561644,20.64427397,16.94860274,6.618082192,20.48646575,13.79243836
101110,3.242958904,5.341808219,20.75375342,17.16460274,6.864657534,20.71430137,13.83090411
101111,3.273534247,5.09030137,20.76361644,17.18630137,6.464219178,20.67682192,13.70071233
101112,4.352547945,8.401315068,21.64635616,18.22290411,10.63528767,22.176,16.8499726
101113,3.797260274,6.925808219,21.46980822,17.77709589,9.069041096,21.54673973,17.44076712
101114,3.774575342,6.367561644,21.09008219,17.64,7.945643836,21.28832877,17.02060274
101115,4.666191781,7.436712329,22.50739726,18.69435616,9.562191781,22.3929863,16.94169863
101116,4.903890411,7.636931507,23.27276712,19.09479452,10.21315068,22.79835616,16.40712329
101117,2.495342466,5.683068493,20.14224658,16.46827397,7.829260274,20.24876712,14.31320548
101118,2.890849315,5.136657534,20.61172603,16.87857534,6.912,20.46378082,14.35660274
101119,3.585205479,5.08339726,21.19660274,17.53249315,6.41490411,20.95989041,14.71561644
101120,3.607890411,5.049863014,21.09994521,17.51769863,6.250191781,20.93030137,14.41676712
101121,4.763835616,8.616328767,22.67112329,18.82158904,11.304,22.74805479,17.75342466
101122,4.713534247,6.479013699,22.38509589,18.68054795,7.989041096,22.16515068,17.83627397
101123,4.247013699,6.452383562,21.69961644,18.15090411,7.972273973,21.72230137,17.2809863
101124,4.685917808,6.582575342,22.752,18.77621918,8.501917808,22.29731507,17.2070137
101125,3.847561644,7.244383562,22.36043836,18.08778082,10.25556164,21.93336986,15.74334247
101126,2.592986301,5.937534247,20.4499726,16.6310137,8.344109589,20.4499726,14.81523288
101127,3.358356164,5.226410959,21.024,17.32438356,6.778849315,20.83068493,15.23934247
101128,5.630794521,8.751452055,22.95517808,19.50312329,10.5830137,23.26290411,18.01380822
101129,5.112986301,8.318465753,22.40284932,18.97545205,10.15791781,22.752,17.74454795
101130,3.694684932,6.572712329,21.04964384,17.57490411,8.317479452,21.28438356,17.19123288
101131,4.483726027,6.84,21.98367123,18.40339726,8.472328767,22.00734247,17.73764384
101132,3.13939726,7.402191781,21.11868493,17.22378082,10.34235616,21.2370411,16.25128767
101133,1.666849315,7.731616438,19.62049315,15.75813699,11.48449315,20.14816438,14.99769863
101134,1.494246575,6.896219178,18.67857534,15.34290411,9.661808219,19.57709589,14.77873973
101135,5.441424658,8.503890411,22.27265753,19.16186301,9.871890411,22.8979726,17.61731507
101136,4.392,6.71769863,21.44712329,18.17457534,7.94169863,21.76175342,17.64493151
101137,3.895890411,6.738410959,21.40569863,17.82246575,8.605479452,21.5289863,17.60153425
101138,2.508164384,6.941589041,20.20438356,16.50673973,9.711123288,20.54958904,16.61424658
101139,1.244712329,7.53139726,18.70027397,15.18410959,10.9469589,19.60964384,15.74827397
101140,2.230027397,6.936657534,19.89764384,16.22169863,9.806794521,20.32175342,16.16745205
101141,5.507506849,7.962410959,22.12076712,19.15594521,8.854027397,22.75890411,17.63210959
101142,3.941260274,7.094465753,20.05446575,17.44076712,7.867726027,21.17884932,17.37764384
101143,3.819945205,8.145863014,21.06246575,17.67747945,10.46367123,21.68778082,17.7090411
101144,2.913534247,7.595506849,20.5219726,16.88745205,10.40153425,20.97961644,17.26224658
101145,2.312876712,6.095342466,19.79309589,16.23846575,8.371726027,20.14027397,17.11430137
101146,1.621479452,5.989808219,19.08690411,15.54805479,8.52460274,19.57216438,16.54520548
101147,5.633753425,7.327232877,22.76087671,19.43408219,8.321424658,22.89008219,18.30969863
101148,4.737205479,6.877479452,21.6029589,18.46060274,7.847013699,22.00438356,18.16569863
101149,3.732164384,8.368767123,20.90958904,17.57293151,10.77139726,21.64635616,17.7129863
101150,1.849315068,8.623232877,19.21019178,15.76405479,12.18082192,20.28920548,16.5619726
101151,1.506082192,7.344986301,18.87386301,15.41490411,10.47452055,19.74476712,16.51463014
101152,1.798027397,6.318246575,19.14706849,15.69008219,8.821479452,19.74279452,16.63989041
101153,4.617863014,8.023561644,21.5250411,18.36394521,9.617424658,22.1740274,18.13019178
101154,4.034958904,7.327232877,20.46180822,17.63309589,8.442739726,21.40767123,17.81950685
101155,1.976547945,9.138082192,18.91331507,15.76405479,12.49939726,20.35923288,16.60241096
101156,2.725150685,7.554082192,19.85326027,16.55112329,10.00405479,20.664,17.04032877
101157,2.981589041,7.579726027,19.94794521,16.75627397,9.777205479,20.81687671,16.992
101158,4.784547945,8.409205479,22.02115068,18.63419178,10.39660274,22.49753425,18.1469589
