"","Andrena_carlini","Andrena_miserabilis","Osmia_atriventris","Osmia_bucephala","Osmia_lignaria","Osmia_pumila","Andrena_violae"
"100001",22.3249315068493,21.5704109589041,3.42443835616439,7.98706849315069,19.44,4.68493150684931,25.6053698630137
"100002",21.7469589041096,21.8288219178082,3.63945205479452,7.66060273972603,20.7892602739726,4.55276712328767,26.3224109589041
"100003",22.3209863013699,20.2349589041096,3.59999999999999,8.02750684931507,17.6478904109589,4.45117808219179,26.1932054794521
"100004",21.3573698630137,20.3641643835617,3.59506849315071,7.36767123287672,19.1312876712329,4.04284931506851,26.7445479452055
"100005",20.6768219178082,19.5198904109589,2.79419178082192,6.64865753424658,18.1065205479452,3.28635616438356,27.4872328767123
"100006",21.6167671232877,19.1352328767123,2.6265205479452,7.23747945205479,16.1240547945205,3.57139726027397,25.5649315068493
"100007",22.9433424657534,19.3482739726027,4.82991780821916,8.82345205479452,16.5984657534247,4.94630136986301,26.6459178082192
"100008",24.0756164383561,19.2920547945205,7.70202739726027,10.4814246575342,17.5324931506849,6.39616438356164,28.0287123287671
"100009",21.2518356164384,18.5602191780822,3.95013698630139,7.39035616438358,16.9495890410959,3.72032876712331,28.3236164383562
"100010",20.9164931506849,19.6431780821918,2.14421917808218,6.61413698630136,17.3884931506849,3.20646575342465,25.0293698630137
"100011",21.4737534246575,19.2950136986302,2.90465753424658,7.22564383561644,16.7986849315068,3.63353424657535,25.1112328767123
"100012",22.2608219178082,20.1412602739726,4.6050410958904,8.29479452054794,18.4803287671233,4.73621917808218,25.5738082191781
"100013",23.212602739726,19.8789041095891,6.98301369863015,9.67561643835617,18.9182465753425,5.89709589041097,27.0808767123288
"100014",21.9856438356164,18.6430684931507,5.38323287671233,8.3332602739726,17.3480547945205,4.54487671232877,28.1155068493151
"100015",22.0083287671233,19.9617534246575,3.72427397260275,7.84997260273973,17.7790684931507,4.29238356164383,25.5432328767123
"100016",21.0269589041096,19.8355068493151,2.65709589041094,6.84887671232876,17.9733698630137,3.46783561643835,24.8843835616438
"100017",21.6690410958904,20.0169863013699,3.40865753424657,7.52153424657534,18.0384657534247,4.04679452054795,24.5628493150685
"100018",22.4965479452055,21.3277808219178,4.81512328767124,8.5305205479452,20.0850410958904,5.17019178082191,24.6979726027397
"100019",21.5398356164383,21.2133698630137,4.42356164383561,7.75528767123288,20.8622465753425,4.58531506849313,25.3538630136986
"100020",20.7202191780822,19.6569863013699,3.59506849315069,6.92679452054794,18.9567123287671,3.60197260273974,26.618301369863
"100021",22.2016438356164,20.0791232876712,4.04482191780822,8.08175342465753,17.9723835616438,4.51134246575342,24.5983561643836
"100022",21.2912876712329,20.0100821917808,2.95495890410959,7.12306849315067,18.1361095890411,3.72427397260273,23.9661369863014
"100023",22.2746301369863,20.2221369863014,4.12471232876713,8.15769863013699,18.1548493150685,4.60109589041095,24.0420821917808
"100024",24.5875068493151,22.7914520547945,7.9525479452055,10.9380821917808,22.1858630136986,7.47221917808221,24.8074520547945
"100025",23.349698630137,21.6384657534247,6.6427397260274,9.67956164383561,21.0082191780822,6.22849315068493,25.3311780821918
"100026",19.7743561643836,18.5809315068493,1.47550684931507,5.61797260273973,16.7819178082192,2.23890410958904,25.4012054794521
"100027",20.2112876712329,19.518904109589,1.71517808219177,5.99868493150683,17.7761095890411,2.71923287671233,23.6919452054794
"100028",20.8967671232877,19.6106301369863,2.74882191780821,6.78575342465753,17.9013698630137,3.39090410958903,23.7037808219178
"100029",21.844602739726,20.0722191780822,3.68876712328768,7.72767123287672,18.1301917808219,4.23024657534248,23.5410410958904
"100030",22.8979726027397,20.6186301369863,5.03901369863016,8.86783561643837,18.7052054794521,5.27178082191782,23.7560547945206
"100031",24.113095890411,21.6512876712329,6.85775342465755,10.267397260274,20.1876164383562,6.64668493150685,24.2176438356164
"100032",23.1001643835617,21.0309041095891,5.84876712328769,9.25939726027399,19.7526575342466,5.72153424657536,24.5835616438356
"100033",21.4481095890411,19.526794520548,3.71441095890412,7.45939726027399,17.8895342465754,3.9412602739726,25.4209315068493
"100034",20.4618082191781,19.9528767123288,2.07123287671234,6.28372602739726,18.388602739726,3.04471232876713,23.2974246575343
"100035",20.4627945205479,19.3689863013699,2.01205479452054,6.26104109589041,17.4812054794521,2.89873972602739,23.1889315068493
"100036",21.8219178082192,19.5041095890411,3.49742465753424,7.64876712328767,17.1586849315068,4.03298630136985,23.5587945205479
"100037",22.3436712328767,19.8976438356164,3.90378082191782,8.13402739726027,17.3914520547945,4.48865753424657,23.4295890410959
"100038",22.3209863013699,20.0169863013699,4.07736986301371,8.17249315068494,17.7514520547945,4.56164383561645,23.4394520547945
"100039",21.7045479452055,19.6007671232877,3.4372602739726,7.55013698630138,17.4072328767123,3.98071232876713,23.8310136986302
"100040",21.5960547945205,20.2990684931507,3.67002739726027,7.55309589041096,18.7811506849315,4.16120547945206,23.666301369863
"100041",21.3041095890411,19.1391780821918,3.05063013698631,7.15364383561645,16.9278904109589,3.57139726027397,23.6179726027397
"100042",22.2509589041096,19.3423561643836,4.16219178082193,8.14487671232878,16.9318356164384,4.41172602739726,23.9602191780822
"100043",21.4047123287671,20.1945205479452,2.97271232876713,7.20789041095891,18.2692602739726,3.82093150684932,22.8624657534247
"100044",21.3455342465753,19.7033424657534,2.64131506849314,7.06093150684931,17.3372054794521,3.57830136986301,22.7381917808219
"100045",21.6266301369863,19.8680547945206,2.97468493150686,7.35682191780822,17.4930410958904,3.85052054794522,23.1928767123288
"100046",20.2961095890411,18.9123287671233,2.09490410958905,6.16832876712328,17.1113424657534,2.75079452054796,22.9147397260274
"100047",21.4412054794521,18.3550684931507,3.17983561643835,7.28087671232878,15.7107945205479,3.50630136986302,23.421698630137
"100048",22.8624657534247,19.0277260273973,4.91967123287671,8.79386301369863,16.3173698630137,4.8693698630137,23.8556712328767
"100049",22.4817534246575,20.2615890410959,4.59123287671233,8.44273972602738,18.3471780821918,4.85753424657536,23.3644931506849
"100050",22.3515616438356,19.7220821917808,4.32591780821917,8.26717808219178,17.4979726027397,4.59419178082193,23.1662465753425
"100051",22.5606575342466,20.5032328767123,4.23616438356164,8.38947945205479,18.2801095890411,4.82794520547947,23.1583561643836
"100052",20.2122739726027,17.6626849315068,2.17183561643836,6.12493150684932,15.4632328767123,2.46772602739725,22.8062465753425
"100053",21.0249863013699,18.4132602739726,3.03287671232876,6.95145205479453,16.2276164383562,3.28241095890409,22.6701369863014
"100054",22.2450410958904,18.7762191780822,4.22235616438357,8.15473972602739,16.1644931506849,4.30520547945206,23.2264109589041
"100055",22.1878356164383,19.2733150684931,3.93534246575341,8.03145205479451,16.7158356164383,4.29238356164383,23.4039452054794
"100056",22.1178082191781,18.0118356164383,4.10005479452055,8.02356164383562,15.1091506849315,4.04087671232875,23.666301369863
"100057",21.5368767123288,19.5918904109589,3.47967123287673,7.44854794520549,17.6567671232877,3.91758904109588,22.9354520547945
"100058",20.1373150684932,17.0442739726028,2.30005479452056,6.10717808219179,14.7728219178082,2.34147945205481,22.5843287671233
"100059",20.8622465753425,18.209095890411,3.13052054794521,6.86860273972604,16.2335342465754,3.19660273972605,22.3742465753425
"100060",21.9550684931507,17.9891506849315,4.27561643835615,7.96635616438355,15.451397260274,4.0211506849315,22.9827945205479
"100061",21.4510684931507,17.790904109589,3.33764383561643,7.33117808219177,15.0105205479452,3.44021917808219,22.8604931506849
"100062",21.9205479452055,17.5206575342466,4.07342465753425,7.87660273972602,14.6337534246575,3.83671232876712,23.306301369863
"100063",19.3453150684932,15.6535890410959,2.33753424657536,5.56471232876713,13.8387945205479,1.69347945205479,22.6218082191781
"100064",19.8759452054795,16.4554520547945,2.2990684931507,5.9227397260274,14.262904109589,2.09490410958905,22.32
"100065",21.2508493150685,16.8371506849315,3.60986301369863,7.27002739726029,14.1258082191781,3.2321095890411,22.4511780821918
"100066",21.4934794520548,16.2029589041096,3.76964383561644,7.48010958904111,13.0112876712329,3.25676712328767,22.6622465753425
"100067",20.9963835616438,16.3173698630137,3.17884931506849,6.95934246575342,13.326904109589,2.86224657534247,22.7273424657534
"100068",21.5003835616438,17.9704109589041,3.90575342465755,7.54126027397261,15.7107945205479,3.68975342465754,22.6158904109589
"100069",18.0690410958904,14.5627397260274,0.964602739726018,4.26082191780822,12.7469589041096,0.425095890410958,22.038904109589
"100070",17.6705753424658,15.1456438356164,0.148931506849323,3.74301369863015,13.4156712328767,0.102575342465769,21.8544657534247
"100071",20.0288219178082,16.0293698630137,2.75769863013697,6.16536986301368,13.8378082191781,2.22312328767121,22.0428493150685
"100072",21.1640547945206,15.9110136986301,3.45895890410959,7.15561643835616,12.7538630136986,2.9411506849315,22.1217534246575
"100073",21.5802739726027,16.0579726027397,3.8475616438356,7.56098630136985,12.7518904109589,3.28931506849314,22.420602739726
"100074",21.1640547945205,16.9180273972603,3.51419178082192,7.18224657534246,14.277698630137,3.17884931506849,22.2006575342466
"100075",16.6832876712329,14.2471232876712,0.517808219178107,2.85435616438355,12.8436164383562,0.759452054794536,21.3504657534247
"100076",16.7957260273973,14.8359452054795,0.66180821917807,2.89183561643836,13.4255342465753,0.628273972602742,21.024
"100077",17.646904109589,14.3487123287671,0.152876712328762,3.72032876712331,12.2853698630137,0.0798904109589103,21.2962191780822
"100078",18.5375342465753,16.0964383561644,1.36997260273972,4.71945205479452,14.7185753424658,1.10564383561643,21.3277808219178
"100079",20.0416438356164,16.0747397260274,2.81490410958902,6.19200000000001,13.9384109589041,2.25764383561643,21.4727671232877
"100080",20.5979178082192,16.1694246575343,3.10191780821918,6.66147945205479,13.579397260274,2.62356164383563,21.3642739726027
"100081",21.3129863013699,16.0431780821918,3.37709589041097,7.23452054794519,12.6729863013699,3.01019178082193,21.8534794520548
"100082",20.7991232876712,17.2444931506849,2.75671232876712,6.70191780821918,14.5765479452055,2.83463013698629,21.4579726027397
"100083",16.8775890410959,12.427397260274,0.502027397260292,3.28536986301373,10.8207123287671,0.729863013698619,22.2174246575343
"100084",15.7038904109589,12.1640547945206,1.09084931506851,1.99035616438354,10.6076712328767,1.84438356164384,21.6493150684931
"100085",15.458301369863,12.9826849315068,1.9124383561644,1.57709589041093,11.4095342465753,2.04854794520548,20.8977534246575
"100086",15.8607123287671,13.0655342465753,1.51890410958903,1.97457534246576,11.3365479452055,1.71912328767122,20.9411506849315
"100087",17.229698630137,13.7559452054795,0.722958904109589,3.60591780821919,12.4855890410959,0.208109589041086,21.470794520548
"100088",17.8392328767123,14.177095890411,1.02871232876711,4.12076712328766,12.5506849315068,0.259397260273957,21.2607123287671
"100089",18.078904109589,14.3487123287671,0.931068493150676,4.2558904109589,12.390904109589,0.37282191780821,21.2143561643836
"100090",18.8117260273973,15.2482191780822,1.72701369863013,5.00942465753424,13.4235616438356,1.16284931506848,21.1887123287671
"100091",18.9734794520548,15.9573698630137,1.75167123287673,5.13369863013699,14.2678356164384,1.3975890410959,21.0230136986302
"100092",19.6944657534247,15.429698630137,2.44405479452054,5.8349589041096,13.132602739726,1.83747945205479,21.0752876712329
"100093",19.7191232876712,15.9662465753425,2.23791780821919,5.79254794520548,13.7026849315069,1.89665753424657,20.8809863013699
"100094",20.5900273972603,16.6921643835616,2.83265753424658,6.57764383561646,14.1169315068493,2.64526027397261,21.4619178082192
"100095",21.1364383561644,17.0610410958904,3.53293150684931,7.17041095890411,14.5400547945205,3.20449315068493,21.5753424657534
"100096",14.9582465753425,11.3858630136986,2.69556164383562,0.980383561643833,9.05424657534248,2.88098630136986,21.6177534246575
"100097",14.068602739726,11.2369315068493,3.82684931506849,0.0226849315068591,9.03452054794522,3.68975342465754,20.8395616438356
"100098",14.8714520547945,10.8808767123288,2.70542465753424,0.914301369863011,8.42202739726028,3.03386301369864,21.233095890411
"100099",15.8626849315068,10.9587945205479,1.14805479452055,2.07221917808219,8.57786301369862,2.0534794520548,21.3928767123288
"100100",16.0204931506849,11.2763835616438,1.05435616438356,2.21030136986302,8.91320547945205,1.8828493150685,21.1936438356164
"100101",15.8557808219178,11.8326575342466,1.4508493150685,1.98049315068494,9.59868493150685,1.96767123287673,20.7399452054794
"100102",16.4357260273973,12.9304109589041,0.839342465753433,2.57523287671232,10.9647123287671,1.26443835616439,20.4450410958904
"100103",16.4791232876712,12.9008219178082,0.457643835616437,2.72219178082193,11.2004383561644,1.12438356164384,20.692602739726
"100104",16.8499726027397,13.1602191780822,0.0355068493150696,3.10783561643835,11.4539178082192,0.760438356164371,21.0042739726028
"100105",17.6390136986301,13.6208219178082,0.405369863013689,3.78739726027396,11.4539178082192,0.158794520547957,20.476602739726
"100106",19.1164931506849,14.3822465753425,1.92230136986302,5.26980821917809,11.9184657534247,1.17567123287672,20.757698630137
"100107",19.4922739726027,15.4020821917808,2.29117808219178,5.64953424657534,13.2312328767123,1.68953424657533,20.7991232876712
"100108",19.4577534246575,15.4336438356164,2.35528767123287,5.64558904109589,13.3791780821918,1.70235616438356,20.7438904109589
"100109",19.4676164383561,15.1890410958904,2.28723287671232,5.6288219178082,12.9491506849315,1.63035616438354,20.6561095890411
"100110",19.3758904109589,15.7581369863014,1.97358904109588,5.47495890410958,13.6267397260274,1.60964383561644,20.6482191780822
"100111",19.843397260274,16.9564931506849,2.27835616438357,5.89906849315068,15.0213698630137,2.18169863013699,21.0792328767123
"100112",14.2086575342466,9.5789589041096,3.19956164383562,0.297863013698645,6.97512328767124,3.77950684931506,20.9914520547945
"100113",14.1445479452055,9.68942465753425,3.72427397260273,0.0936986301369984,6.75715068493152,3.95802739726027,21.0141369863014
"100114",14.5627397260274,9.81764383561644,3.24986301369863,0.526684931506864,6.80054794520548,3.58520547945206,20.7488219178082
"100115",14.5913424657534,9.95967123287672,3.03189041095891,0.613479452054776,7.16350684931507,3.46882191780823,20.5249315068493
"100116",14.8862465753425,11.1353424657534,2.5091506849315,0.986301369863014,8.94871232876713,2.90663013698629,20.1225205479452
"100117",16.3301917808219,11.8898630136986,1.16580821917809,2.39375342465753,9.29490410958904,1.64613698630137,20.1077260273972
"100118",17.4358356164384,12.3356712328767,0.100602739726043,3.54279452054796,9.57600000000001,0.631232876712332,20.3483835616438
"100119",18.0532602739726,13.3949589041096,1.03068493150685,4.2608219178082,11.1185753424657,0.186410958904091,20.3671232876712
"100120",17.7573698630137,13.5458630136986,0.957698630137003,4.03693150684933,11.6738630136986,0.0611506849315191,20.1333698630137
"100121",18.4093150684931,13.5547397260274,1.84043835616438,4.75495890410959,11.5890410958904,0.649972602739709,20.4134794520548
"100122",18.3570410958904,14.4867945205479,1.16087671232876,4.51824657534246,12.4214794520548,0.604602739726019,19.7940821917808
"100123",18.9744657534247,15.2304657534247,1.44591780821918,5.03408219178083,12.9294246575342,1.13917808219178,19.605698630137
"100124",19.8,15.5174794520548,2.38191780821919,5.8882191780822,13.0655342465754,1.88383561643835,19.8325479452055
"100125",19.8276164383561,15.141698630137,2.92734246575343,6.07265753424656,12.9590136986301,1.99528767123284,20.1609863013698
"100126",19.6609315068493,15.696,2.81391780821919,5.92865753424658,13.8969863013699,2.00317808219178,20.2901917808219
"100127",19.7013698630137,15.7443287671233,2.45983561643837,5.84679452054797,13.5981369863014,1.91441095890413,20.5091506849315
"100128",19.2545753424658,16.466301369863,1.67276712328768,5.30630136986302,14.5617534246575,1.60964383561644,20.1688767123288
"100129",19.1786301369863,13.2706849315069,2.08898630136987,5.3546301369863,10.3551780821918,1.01786301369863,20.4243287671233
"100130",18.7298630136986,14.3339178082192,1.64021917808219,4.91868493150686,12.1196712328767,0.897534246575333,19.9331506849315
"100131",19.0385753424657,14.112,2.21424657534246,5.30432876712328,11.8859178082192,1.17863013698629,19.8355068493151
"100132",19.555397260274,14.4098630136986,2.36712328767123,5.70772602739726,11.7606575342466,1.5277808219178,19.6757260273973
"100133",19.8453698630137,15.5549589041096,2.18268493150683,5.85863013698629,12.8810958904109,1.84635616438356,19.1884931506849
"100134",20.1836712328767,15.9001643835616,2.51309589041097,6.1949589041096,13.2233424657534,2.18367123287672,19.0129315068493
"100135",19.3719452054794,15.4780273972603,2.36515068493149,5.59035616438355,13.5705205479452,1.67671232876712,19.2930410958904
"100136",19.5415890410959,15.7196712328767,2.66400000000002,5.80142465753427,13.9591232876712,1.90553424657536,19.6865753424658
"100137",18.7890410958904,16.3213150684932,1.50213698630138,4.9334794520548,14.8270684931507,1.31079452054797,19.4222465753425
"100138",18.0029589041096,16.8272876712329,0.1923287671233,3.9974794520548,15.4681643835617,0.632219178082195,18.9478356164384
"100139",18.3126575342466,13.5715068493151,1.28810958904111,4.51923287671232,11.2546849315069,0.427068493150685,19.3522191780822
"100140",18.2899726027397,14.6633424657534,1.12734246575343,4.46301369863014,12.7410410958904,0.601643835616414,19.0218082191781
"100141",19.0346301369863,14.465095890411,1.91342465753424,5.21161643835617,12.1433424657534,1.15397260273973,19.2841643835616
"100142",19.9420273972603,14.3556164383562,2.72120547945205,6.08054794520548,11.4736438356164,1.80690410958906,19.2999452054794
"100143",19.8414246575342,15.9583561643835,2.25468493150684,5.88131506849312,13.542904109589,1.95583561643836,18.5345753424657
"100144",19.7575890410959,16.0264109589041,2.25665753424659,5.82608219178084,13.7559452054794,1.93413698630138,18.3905753424658
"100145",19.7674520547945,15.6230136986301,2.79320547945204,5.99375342465753,13.6287123287671,2.02783561643835,19.0602739726027
"100146",19.7003835616438,16.0619178082192,2.63243835616439,5.90301369863013,14.2185205479452,2.04065753424658,19.2348493150685
"100147",18.6539178082192,16.6625753424658,1.39857534246575,4.81216438356164,15.4168767123288,1.29008219178081,18.8738630136986
"100148",18.5730410958904,16.4939178082192,1.14608219178082,4.67802739726027,15.0558904109589,1.1332602739726,18.9922191780822
"100149",19.4409863013699,16.869698630137,2.3286575342466,5.63868493150686,15.4819726027397,1.99824657534246,19.684602739726
"100150",18.0384657534246,13.8654246575342,0.866958904109595,4.20361643835618,11.6827397260274,0.227835616438341,18.316602739726
"100151",18.36,14.5518904109589,1.01391780821918,4.4748493150685,12.384,0.571068493150676,18.2939178082192
"100152",19.1648219178082,14.5716164383562,1.78816438356165,5.26389041095891,12.0111780821918,1.1944109589041,18.6716712328767
"100153",19.5800547945205,15.0499726027397,2.08701369863013,5.64361643835616,12.4165479452055,1.58498630136987,18.2978630136986
"100154",19.7674520547945,16.0214794520548,2.11660273972602,5.78958904109589,13.6119452054794,1.89073972602739,17.9033424657534
"100155",19.9952876712329,16.2118356164383,2.55353424657534,6.08153424657533,13.9689863013699,2.17972602739725,18.1084931506849
"100156",19.627397260274,16.0934794520548,2.37501369863014,5.77380821917808,14.1356712328767,1.92920547945207,18.3461917808219
"100157",19.7694246575343,16.5678904109589,2.49238356164385,5.91090410958905,14.7422465753425,2.13534246575344,18.4379178082192
"100158",19.4666301369863,16.6901917808219,2.27934246575343,5.63967123287672,15.1387397260274,1.95484931506849,18.6302465753425
"100159",19.5859726027397,16.2443835616438,2.35923287671231,5.7412602739726,14.3980273972603,1.93808219178082,19.0928219178082
"100160",18.9379726027397,16.6083287671233,1.61260273972601,5.07254794520547,15.1436712328767,1.47747945205481,18.9754520547945
"100161",18.36,13.3614246575342,0.855123287671233,4.41567123287672,10.5001643835616,0.259397260273971,17.5522191780822
"100162",18.6016438356165,13.9147397260274,1.01786301369866,4.63561643835618,11.1284383561644,0.542465753424693,17.4289315068493
"100163",19.1312876712329,14.7225205479452,1.43408219178083,5.13271232876713,11.9628493150685,1.09479452054795,17.6419726027397
"100164",19.8473424657534,15.6249863013699,2.10772602739726,5.83791780821917,12.9146301369863,1.83747945205478,17.7159452054795
"100165",19.6372602739726,16.0254246575343,1.94005479452055,5.6455890410959,13.636602739726,1.77435616438355,17.4111780821918
"100166",19.6076712328767,16.5027945205479,1.97260273972601,5.63967123287671,14.4029589041096,1.87594520547944,17.3539726027397
"100167",19.5859726027397,16.913095890411,1.8266301369863,5.58345205479452,14.9059726027397,1.90750684931506,17.2267397260274
"100168",19.7102465753425,16.8243287671233,1.9173698630137,5.69589041095892,14.6870136986302,1.97358904109591,17.5946301369863
"100169",20.3099178082192,16.4130410958904,2.96383561643837,6.42378082191783,14.2027397260274,2.5012602739726,18.4428493150685
"100170",20.0909589041096,16.2266301369863,2.66695890410959,6.18213698630137,13.9620821917808,2.26356164383562,18.7111232876712
"100171",18.6726575342466,16.2710136986301,0.929095890410949,4.67704109589042,14.4029589041096,1.058301369863,18.2524931506849
"100172",18.9044383561644,17.1014794520548,1.76054794520547,5.09917808219177,16.041205479452,1.6185205479452,18.7229589041096
"100173",18.6785753424657,13.4886575342466,1.24668493150686,4.75594520547943,10.6027397260274,0.560219178082178,17.1448767123288
"100174",18.5345753424657,13.2253150684932,0.875835616438366,4.5409315068493,10.0829589041096,0.315616438356159,16.8894246575342
"100175",18.5750136986301,14.6840547945205,0.714082191780818,4.53106849315068,12.0200547945205,0.597698630136975,16.5718356164384
"100176",18.9695342465753,15.8695890410959,1.00997260273972,4.90191780821918,13.4866849315069,1.13128767123288,16.6063561643836
"100177",19.0721095890411,16.3272328767123,1.2821917808219,5.0587397260274,14.2589589041096,1.36701369863013,16.7651506849315
"100178",19.4123835616438,15.9583561643835,1.72799999999998,5.42663013698628,13.6543561643836,1.58794520547944,17.0097534246575
"100179",19.9962739726027,16.5195616438356,2.1175890410959,5.95035616438358,14.0311232876712,2.10279452054795,16.8992876712329
"100180",20.297095890411,16.3933150684932,2.57030136986302,6.29457534246576,13.8427397260274,2.36120547945205,17.5058630136986
"100181",20.188602739726,16.2167671232877,2.92536986301371,6.32810958904111,14.0459178082192,2.39178082191782,18.1173698630137
"100182",20.0860273972603,16.3696438356164,2.89282191780822,6.24920547945204,14.378301369863,2.36810958904111,18.1745753424658
"100183",19.4143561643836,15.9514520547945,2.03868493150685,5.52328767123286,13.9167123287671,1.69052054794521,18.2002191780822
"100184",19.2683835616438,15.6170958904109,2.00613698630136,5.41084931506848,13.5971506849315,1.54158904109586,18.4941369863014
"100185",18.6825205479452,12.5704109589041,1.66783561643835,4.87923287671232,9.62630136986301,0.501041095890415,17.2306849315069
"100186",18.0542465753425,13.1049863013699,0.511890410958912,4.09906849315068,10.2318904109589,0.0483287671233086,16.4396712328767
"100187",17.8372602739726,14.616,0.0147945205479516,3.80120547945205,12.2715616438356,0.00789041095890752,15.8173150684931
"100188",18.5582465753425,15.2689315068493,0.691397260273988,4.51726027397261,12.8801095890411,0.710136986301379,16.0964383561644
"100189",19.1056438356164,15.3872876712329,1.3088219178082,5.08241095890411,12.8603835616438,1.18652054794521,16.3844383561644
"100190",18.7190136986301,15.7571506849315,0.951780821917808,4.71156164383564,13.6070136986301,0.974465753424653,16.2305753424657
"100191",19.3541917808219,15.9761095890411,1.51693150684932,5.32208219178081,13.5724931506849,1.49621917808219,16.4771506849315
"100192",20.2310136986301,15.8311232876712,2.61172602739725,6.25709589041097,13.1464109589041,2.22312328767123,17.0659726027397
"100193",20.0968767123288,15.5825753424657,2.87210958904109,6.24328767123289,13.1937534246575,2.19452054794519,17.5719452054794
"100194",19.7763287671233,15.8893150684932,2.53775342465757,5.92372602739728,13.7796164383562,2.00515068493152,17.6488767123288
"100195",19.4636712328767,15.436602739726,2.2112876712329,5.60613698630138,13.2489863013699,1.65797260273973,17.7583561643836
"100196",18.8531506849315,15.2156712328767,1.68065753424658,5.02224657534246,13.2795616438356,1.1579178082192,17.8550136986302
"100197",19.3512328767123,15.2837260273973,2.44701369863014,5.60021917808218,13.3860821917808,1.65205479452054,18.3550684931507
"100198",19.612602739726,14.9227397260274,2.6955616438356,5.85271232876711,12.7252602739726,1.77435616438356,18.497095890411
"100199",16.8095342465753,11.8346301369863,0.0108493150684978,3.07627397260273,9.58980821917808,1.05928767123287,15.7561643835616
"100200",16.9781917808219,12.398794520548,0.151890410958899,3.15320547945205,10.0642191780822,0.907397260273967,15.5559452054795
"100201",18.2061369863014,12.8712328767123,0.942904109589051,4.3338082191781,10.0681643835617,0.112438356164404,16.1299726027397
"100202",18.5237260273972,14.2441643835616,1.08986301369862,4.60701369863011,11.779397260274,0.602630136986278,16.0204931506849
"100203",18.9409315068493,14.8763835616438,1.46860273972604,5.01534246575342,12.477698630137,1.05435616438356,16.0954520547945
"100204",18.9281095890411,15.4316712328767,1.44591780821918,5.00449315068494,13.2864657534247,1.16186301369864,16.0204931506849
"100205",18.979397260274,15.307397260274,1.37983561643836,5.01731506849315,12.9777534246575,1.13621917808219,15.9494794520548
"100206",19.7615342465754,15.4040547945206,2.17479452054795,5.79846575342467,12.765698630137,1.77336986301371,16.4367123287671
"100207",20.253698630137,15.2146849315068,3.00032876712326,6.38630136986301,12.5575890410959,2.22706849315068,16.9476164383562
"100208",19.9232876712329,15.3212054794521,2.81983561643835,6.10619178082192,12.9994520547945,2.04164383561644,17.1014794520548
"100209",19.7329315068493,15.2610410958904,2.76065753424656,5.95726027397261,13.1158356164383,1.92328767123287,17.4447123287671
"100210",19.0494246575343,14.925698630137,2.12646575342467,5.29150684931508,12.9856438356164,1.33150684931508,17.5334794520548
"100211",18.5345753424658,14.4394520547945,1.52482191780821,4.75002739726027,12.434301369863,0.793972602739714,17.5413698630137
"100212",18.5266849315068,14.2135890410959,1.33841095890409,4.68591780821916,11.9510136986301,0.680547945205461,17.6380273972603
"100213",18.6026301369863,15.4947945205479,1.46564383561642,4.78750684931506,13.8358356164383,1.03561643835617,17.9240547945205
"100214",16.0135890410959,11.4657534246575,0.928109589041114,2.24679452054794,9.31167123287671,1.80197260273974,15.2265205479452
"100215",16.337095890411,12.2893150684932,0.673643835616446,2.55353424657535,10.3068493150685,1.39265753424657,14.8783561643836
"100216",16.8736438356164,12.6877808219178,0.225863013698628,3.0614794520548,10.562301369863,0.916273972602752,15.0854794520548
"100217",17.8224657534247,13.4778082191781,0.54838356164386,3.95506849315069,11.1244931506849,0.0591780821917638,15.4435068493151
"100218",18.2130410958904,14.0824109589041,0.717041095890409,4.27956164383561,11.6304657534247,0.303780821917812,15.3458630136986
"100219",18.3935342465753,14.8339726027397,0.833424657534238,4.44526027397258,12.5901369863014,0.58783561643834,15.3320547945205
"100220",18.5493698630137,14.7442191780822,1.06027397260276,4.61983561643837,12.4500821917808,0.713095890410997,15.3695342465754
"100221",19.1687671232877,14.9187945205479,1.80591780821918,5.27473972602739,12.5289863013699,1.27824657534248,15.8084383561644
"100222",19.5494794520548,14.9562739726027,2.16789041095892,5.64657534246575,12.3928767123288,1.57709589041096,16.0313424657534
"100223",19.6471232876712,15.1032328767123,2.42531506849316,5.79452054794523,12.7025753424658,1.73884931506851,16.422904109589
"100224",19.2328767123288,15.2728767123288,2.17084931506851,5.4345205479452,13.2844931506849,1.50509589041097,16.6428493150685
"100225",19.1224109589041,15.0006575342466,2.16197260273971,5.35364383561644,13.0270684931507,1.39265753424658,16.8815342465753
"100226",18.9340273972603,14.3171506849315,1.91145205479452,5.14158904109588,12.0595068493151,1.07605479452056,17.1034520547945
"100227",17.9901369863014,14.212602739726,0.776219178082201,4.1464109589041,12.1739178082192,0.251506849315078,16.913095890411
"100228",17.8264109589041,14.4562191780822,0.530630136986304,3.96098630136986,12.534904109589,0.148931506849323,16.9101369863014
"100229",17.5324931506849,13.6859178082192,0.142027397260264,3.63353424657535,11.4598356164384,0.280109589041103,17.1478356164384
"100230",15.4543561643836,10.8828493150685,1.61753424657535,1.64712328767123,8.60153424657535,2.41052054794521,14.5637260273973
"100231",15.6624657534247,12.1157260273972,1.67473972602741,1.78224657534244,10.0750684931507,2.06728767123289,14.2481095890411
"100232",15.7857534246575,13.2627945205479,1.68164383561644,1.87495890410959,11.5821369863014,1.76350684931508,14.1652602739726
"100233",16.5560547945205,13.5991232876712,0.984328767123273,2.6186301369863,11.6541369863014,1.11156164383563,14.3230684931507
"100234",17.3381917808219,13.8358356164384,0.24460273972602,3.38301369863014,11.5998904109589,0.462575342465755,14.5548493150685
"100235",17.9003835616438,14.0745205479452,0.521753424657561,4.00536986301371,11.8691506849315,0.0966575342465745,14.9049863013699
"100236",18.0453698630137,13.7894794520548,0.707178082191788,4.15923287671232,11.4213698630137,0.161753424657533,14.853698630137
"100237",18.2386849315069,14.1958356164384,0.975452054794516,4.37720547945206,11.9914520547945,0.426082191780822,15.1219726027397
"100238",19.4863561643835,14.7343561643835,2.25863013698628,5.62980821917806,12.2330958904109,1.53073972602738,16.0717808219178
"100239",19.8986301369863,13.7283287671233,2.81293150684932,6.07364383561644,10.6944657534247,1.68164383561644,16.4722191780822
"100240",19.2476712328767,14.4996164383562,2.16098630136986,5.43452054794523,12.1255890410959,1.34038356164383,16.2394520547945
"100241",18.7890410958904,14.897095890411,1.51693150684932,4.92657534246577,12.7538630136986,1.00602739726027,16.1763287671233
"100242",18.5168219178082,15.0499726027397,1.03265753424658,4.59221917808219,12.9175890410959,0.756493150684946,16.0944657534247
"100243",17.9822465753425,14.9178082191781,0.412273972602719,4.03495890410959,12.8958904109589,0.281095890410953,16.041205479452
"100244",17.7021369863014,14.4276164383562,0.273205479452045,3.79627397260273,12.4333150684931,0.00197260273972688,16.1980273972603
"100245",17.3431232876712,13.9058630136986,0.108493150684936,3.42838356164381,11.8158904109589,0.400438356164386,16.4071232876712
"100246",16.7552876712329,13.507397260274,0.524712328767123,2.89578082191782,11.6561095890411,0.889643835616425,16.9525479452055
"100247",13.3002739726028,10.4439452054795,3.35835616438357,0.364931506849302,9.32547945205482,4.05369863013698,13.2677260273973
"100248",14.9592328767123,9.79495890410959,1.87101369863014,1.22104109589041,7.45446575342466,2.95397260273973,14.0725479452055
"100249",15.1821369863014,12.0752876712329,2.41446575342465,1.22597260273974,10.0099726027397,2.53676712328766,13.9098082191781
"100250",14.8408767123288,13.1404931506849,2.86421917808221,0.863013698630141,11.6314520547945,2.6077808219178,13.7815890410959
"100251",15.6230136986301,12.6167671232877,2.00416438356164,1.65797260273975,10.5711780821918,2.0850410958904,13.9098082191781
"100252",16.6714520547945,12.7913424657534,0.958684931506852,2.69852054794519,10.3374246575342,1.22794520547946,14.3132054794521
"100253",17.1241643835616,13.219397260274,0.307726027397251,3.21139726027397,10.9292054794521,0.715068493150682,14.3556164383562
"100254",17.2198356164384,13.9275616438356,0.111452054794526,3.34356164383561,12.0111780821918,0.451726027397257,14.1721643835616
"100255",18.2041643835617,13.8072328767123,1.11452054794522,4.39298630136987,11.5929863013699,0.371835616438389,14.8901917808219
"100256",19.2969863013699,13.0280547945205,2.26652054794521,5.48876712328767,9.99616438356163,1.07704109589041,15.5115616438356
"100257",18.6174246575343,13.3249315068493,1.44690410958906,4.77369863013701,10.6244383561644,0.563178082191783,15.3517808219178
"100258",18.4349589041096,14.0922739726027,1.15101369863011,4.56460273972603,11.7310684931507,0.550356164383544,15.3961643835616
"100259",18.9320547945205,14.3230684931507,1.64120547945205,5.05676712328768,11.8316712328767,0.987287671232863,15.7472876712329
"100260",19.0405479452055,14.4128219178082,1.52876712328769,5.09819178082194,11.7172602739726,1.01786301369866,15.7966027397261
"100261",18.1795068493151,14.4424109589041,0.448767123287666,4.176,11.9658082191781,0.278136986301391,15.5105753424658
"100262",17.7248219178082,14.2816438356164,0.0503013698630213,3.74202739726027,11.9904657534247,0.0936986301369842,15.5539726027397
"100263",17.4269589041096,14.2915068493151,0.054246575342475,3.53983561643837,12.4096438356164,0.224876712328765,15.8577534246575
"100264",16.6073424657534,13.7855342465753,0.792000000000002,2.71430136986301,12.0269589041096,0.984328767123287,16.2009863013699
"100265",16.6477808219178,13.9413698630137,0.27616438356165,2.90169863013699,12.6562191780822,0.761424657534263,16.3706301369863
"100266",14.7570410958904,9.68054794520548,1.83156164383563,1.09479452054795,7.59353424657535,3.05654794520548,14.1021369863014
"100267",15.2166575342466,10.2683835616439,1.36504109589039,1.5573698630137,8.24843835616439,2.56734246575343,13.9758904109589
"100268",14.4680547945205,11.4499726027397,2.77249315068492,0.622356164383561,9.74169863013699,3.11375342465753,13.5093698630137
"100269",13.3180273972603,12.0604931506849,4.01030136986301,0.539506849315089,11.0899726027397,3.90969863013702,13.3397260273972
"100270",14.5735890410959,11.2576438356164,2.75967123287673,0.697315068493154,9.32843835616437,3.10389041095891,13.7095890410959
"100271",15.9751232876712,11.7004931506849,1.22695890410959,2.13041095890411,9.4428493150685,1.86805479452055,14.249095890411
"100272",15.833095890411,13.0458082191781,1.58893150684931,1.93315068493153,11.282301369863,1.7595616438356,13.644493150685
"100273",15.5460821917808,14.450301369863,2.01501369863014,1.6185205479452,13.348602739726,1.72405479452054,13.0221369863014
"100274",17.3490410958904,13.68,0.0897534246575304,3.49150684931507,11.6531506849315,0.380712328767146,13.953205479452
"100275",18.2672876712329,12.7548493150685,1.10268493150684,4.42356164383563,9.95572602739725,0.167671232876714,14.4483287671233
"100276",18.410301369863,12.8337534246575,1.26838356164384,4.5734794520548,10.0257534246576,0.303780821917812,14.7570410958904
"100277",18.4734246575343,13.9324931506849,1.26049315068495,4.62279452054796,11.5426849315069,0.569095890410964,15.0785753424658
"100278",19.0888767123288,14.5124383561644,1.81380821917807,5.21950684931507,12.0506301369863,1.15594520547944,15.5510136986301
"100279",19.0691506849315,13.8792328767123,1.86213698630135,5.21556164383561,11.1935342465754,1.02575342465752,15.4385753424658
"100280",18.281095890411,14.4049315068493,0.854136986301356,4.37030136986301,12.1324931506849,0.44975342465753,15.1476164383562
"100281",18.0877808219178,14.5765479452055,0.423123287671217,4.10695890410958,12.2636712328767,0.258410958904093,15.126904109589
"100282",18.1331506849315,14.1376438356164,0.71013698630135,4.22334246575342,11.8129315068493,0.278136986301362,15.5421369863014
"100283",17.2109589041096,13.8614794520548,0.164712328767123,3.32087671232878,11.8790136986301,0.48821917808219,15.5510136986301
"100284",16.2128219178082,13.6346301369863,1.44591780821918,2.24186301369863,11.7596712328767,1.41238356164384,15.1890410958904
"100285",15.7620821917808,12.8169863013699,1.58695890410958,1.88383561643835,11.0475616438356,1.84043835616437,15.5815890410959
"100286",15.1229589041096,12.1749041095891,1.87693150684932,1.35221917808219,10.7102465753425,2.36416438356164,16.3696438356164
"100287",14.0636712328767,9.41621917808219,2.92142465753426,0.282082191780816,7.17830136986301,3.78838356164384,13.6405479452055
"100288",14.8655342465753,9.94487671232875,1.89172602739728,1.152,7.7809315068493,2.9707397260274,13.6928219178082
"100289",13.9630684931507,8.34805479452055,2.64230136986301,0.290958904109587,5.99572602739727,3.97380821917808,13.4689315068493
"100290",12.8209315068493,7.67539726027397,4.04679452054795,0.928109589041085,5.31024657534248,5.1011506849315,13.3555068493151
"100291",12.7420273972603,8.96745205479453,4.35846575342464,1.06717808219176,7.03134246575344,4.95813698630137,13.2233424657534
"100292",14.2688219178082,9.96361643835614,2.47660273972605,0.564164383561618,8.09654794520547,3.42936986301369,13.9196712328767
"100293",15.6072328767123,10.8946849315069,1.21709589041096,1.8749589041096,8.76821917808221,2.20635616438355,14.2471232876712
"100294",16.0303561643835,12.6404383561644,1.0267397260274,2.23791780821917,10.9203287671233,1.57216438356166,13.8466849315068
"100295",17.1192328767123,12.3642739726027,0.203178082191783,3.35835616438357,10.137205479452,0.733808219178087,13.8940273972603
"100296",17.3224109589041,12.9481643835616,0.111452054794526,3.47375342465754,10.6362739726028,0.545424657534227,13.6306849315068
"100297",17.9457534246575,12.5575890410959,0.846246575342462,4.12372602739727,9.87484931506849,0.105534246575331,14.1810410958904
"100298",18.7091506849315,12.9560547945206,1.68657534246577,4.90684931506848,10.1717260273973,0.603616438356156,14.6179726027397
"100299",18.5562739726027,13.4284931506849,1.52876712328768,4.75791780821918,10.9301917808219,0.585863013698642,14.4335342465753
"100300",18.3738082191781,14.190904109589,1.67671232876712,4.68591780821919,12.4234520547945,0.718027397260272,14.5015890410959
"100301",17.9181369863014,14.3072876712329,0.540493150684924,4.02509589041097,12.2015342465753,0.161753424657533,14.4108493150685
"100302",17.726794520548,14.500602739726,0.0966575342465887,3.69961643835617,12.1788493150685,0.0936986301369984,14.5055342465753
"100303",18.165698630137,14.1110136986301,0.550356164383572,4.19572602739727,11.5880547945206,0.23375342465755,14.8053698630137
"100304",17.5581369863014,14.0163287671233,0.162739726027411,3.66016438356164,11.9263561643835,0.189369863013695,14.8152328767123
"100305",17.1784109589041,13.4117260273973,0.255452054794532,3.26663013698628,11.1826849315068,0.631232876712332,14.9118904109589
"100306",16.8115068493151,12.7203287671233,0.4181917808219,2.95989041095891,10.5238356164384,1.00109589041095,15.2107397260274
"100307",15.2314520547945,12.5102465753424,2.19747945205481,1.3305205479452,10.7723835616438,2.34838356164384,15.3320547945205
"100308",14.7501369863014,11.9845479452055,2.85534246575342,0.793972602739728,10.0681643835617,2.89775342465754,15.6575342465753
"100309",12.6946849315068,7.83715068493152,4.41271232876711,1.12536986301369,5.39408219178083,5.24317808219179,12.9284383561644
"100310",14.3023561643836,8.73665753424658,2.44799999999999,0.585863013698642,6.28076712328767,3.672,13.5389589041096
"100311",12.4490958904109,6.02531506849316,4.28745205479453,1.27035616438356,3.18180821917808,5.70772602739727,13.038904109589
"100312",8.00876712328768,3.26465753424658,9.77917808219179,6.02038356164383,0.270246575342455,10.130301369863,11.0012054794521
"100313",7.89830136986301,3.93238356164385,10.0770410958904,6.18213698630139,1.1332602739726,10.1332602739726,11.3947397260274
"100314",10.5701917808219,5.59430136986302,6.31035616438356,3.18180821917808,3.29523287671233,7.31934246575342,13.125698630137
"100315",14.2431780821918,7.97424657534248,2.30399999999999,0.582904109589052,5.37139726027397,3.81698630136985,14.6199452054795
"100316",15.7926575342466,10.0158904109589,0.878794520547928,2.09786301369863,7.53238356164383,2.20142465753425,14.5992328767123
"100317",16.3065205479452,10.6786849315068,0.397479452054796,2.60383561643835,8.2346301369863,1.66586301369864,14.1110136986301
"100318",16.4130410958904,12.1423561643835,0.681534246575353,2.60087671232876,9.98235616438355,1.39364383561646,13.2775890410959
"100319",16.4830684931507,12.8534794520548,0.827506849315057,2.6107397260274,10.7990136986301,1.25556164383561,13.0369315068493
"100320",17.3036712328767,12.9550684931507,0.249534246575323,3.5043287671233,10.793095890411,0.505972602739718,13.5014794520548
"100321",17.6380273972603,13.1730410958904,0.793972602739728,3.90180821917808,11.1442191780822,0.127232876712327,13.708602739726
"100322",17.856,12.6631232876712,1.02476712328766,4.11780821917807,10.3068493150685,0.0641095890411094,14.018301369863
"100323",17.9358904109589,13.1878356164384,0.750575342465766,4.09216438356165,10.7260273972603,0.00394520547945376,14.3171506849315
"100324",17.1922191780822,14.1514520547945,0.473424657534238,3.21534246575341,12.0555616438356,0.535561643835607,13.845698630137
"100325",17.8402191780822,14.356602739726,0.44975342465753,3.94421917808218,12.2981917808219,0.107506849315058,14.2461369863014
"100326",17.2780273972603,14.1248219178082,0.097643835616438,3.38991780821918,12.233095890411,0.377753424657513,14.256
"100327",17.4585205479452,13.2963287671233,0.0394520547945234,3.54772602739725,10.8976438356164,0.432000000000002,14.5025753424657
"100328",17.2425205479452,12.894904109589,0.142027397260279,3.34060273972602,10.4409863013699,0.676602739726022,14.7205479452055
"100329",15.8429589041096,12.3869589041096,1.53764383561644,1.95090410958902,10.3512328767123,1.88087671232877,14.9316164383562
"100330",14.7215342465754,12.0772602739726,2.83265753424658,0.782136986301367,10.2634520547945,2.88295890410957,14.7481643835617
"100331",14.9917808219178,11.8878904109589,2.52591780821915,1.05928767123291,9.89358904109591,2.70147945205476,15.566794520548
"100332",13.4215890410959,8.03145205479451,2.9204383561644,0.167671232876714,6.0184109589041,4.37917808219179,13.1996712328767
"100333",14.3487123287671,7.76712328767123,2.18367123287672,0.69041095890411,5.03309589041096,3.77457534246577,13.6267397260274
"100334",9.70520547945208,2.36613698630138,8.2425205479452,4.39495890410959,1.97260273972601,9.05128767123286,12.1088219178082
"100335",9.78608219178082,5.50257534246575,7.20098630136987,3.99254794520549,3.43035616438355,7.98706849315067,10.6362739726027
"100336",8.18728767123285,5.44734246575341,8.3312876712329,5.43452054794521,4.50739726027398,9.09468493150686,10.0277260273973
"100337",5.30728767123287,0.382684931506859,11.8957808219178,8.54926027397262,3.29819178082194,12.8436164383562,10.8098630136986
"100338",6.61019178082192,0.952767123287671,10.8364931506849,7.32131506849316,2.1629589041096,11.6146849315068,12.168
"100339",11.6580821917808,6.14465753424658,5.34673972602741,2.13632876712329,3.48854794520548,6.38926027397261,13.6405479452055
"100340",14.5696438356164,8.44273972602741,2.32865753424657,0.802849315068499,5.59528767123288,3.57534246575342,14.0035068493151
"100341",15.652602739726,10.6895342465753,1.56032876712329,1.79802739726027,8.10345205479452,2.3444383561644,13.4383561643836
"100342",15.6969863013698,11.7083835616438,1.50115068493152,1.85621917808217,9.58586301369863,2.08208219178083,12.8268493150685
"100343",16.6004383561644,12.4688219178082,0.242630136986307,2.86717808219178,10.5948493150685,1.09282191780822,12.9156164383562
"100344",17.2997260273973,12.7587945205479,0.284054794520571,3.51024657534248,10.5435616438356,0.539506849315046,13.3555068493151
"100345",17.5058630136986,12.2922739726027,0.562191780821905,3.73315068493152,9.82750684931507,0.455671232876696,13.6129315068493
"100346",17.661698630137,12.5181369863014,0.49413698630137,3.81994520547944,9.88767123287671,0.359013698630136,13.8259726027397
"100347",17.2918356164384,12.9580273972603,0.169643835616426,3.36624657534247,10.4429589041096,0.649972602739723,13.6464657534247
"100348",17.2494246575342,13.0941369863014,0.144986301369869,3.3465205479452,10.721095890411,0.631232876712332,13.7658082191781
"100349",17.5788493150685,13.2805479452055,0.312657534246569,3.71441095890411,10.9548493150685,0.290958904109587,14.0755068493151
"100350",17.4555616438356,13.5172602739726,0.0216986301369673,3.52898630136987,11.1718356164384,0.405369863013689,14.1494794520548
"100351",17.1626301369863,12.9333698630137,0.124273972602737,3.29227397260273,10.6214794520548,0.698301369863017,14.2481095890411
"100352",15.9524383561644,12.7282191780822,1.33052054794521,2.09194520547943,10.8858082191781,1.68854794520549,14.2717808219178
"100353",14.7511232876712,12.6207123287671,2.81983561643835,0.810739726027393,11.0317808219178,2.7468493150685,14.0666301369863
"100354",14.5124383561644,11.6797808219178,3.28043835616438,0.498082191780824,9.56810958904109,3.21238356164383,14.550904109589
"100355",15.401095890411,10.7102465753425,2.09490410958902,1.46169863013701,7.99890410958906,2.63046575342464,15.6624657534247
"100356",15.1002739726027,10.8927123287671,2.23397260273973,1.2161095890411,8.54827397260273,2.77150684931507,16.005698630137
"100357",6.39419178082191,0.57797260273972,11.0939178082192,7.55210958904112,2.6482191780822,11.8790136986302,9.28306849315067
"100358",6.66936986301371,2.34739726027399,9.68745205479448,6.91495890410957,0.815671232876724,10.9035616438356,9.093698630137
"100359",4.17008219178082,0.878794520547942,12.3189041095891,9.44679452054794,0.292931506849328,13.2223561643836,8.27802739726027
"100360",2.58904109589038,0.852164383561643,15.5875068493151,11.548602739726,3.58619178082192,15.3961643835617,8.78893150684929
"100361",9.96164383561646,3.18772602739726,8.31353424657534,4.23517808219178,1.17863013698629,8.78104109589042,11.6344109589041
"100362",14.0962191780822,9.02465753424657,3.68679452054793,0.0660821917808221,5.88230136986301,4.11287671232876,12.4934794520548
"100363",14.853698630137,10.8305753424658,2.48252054794521,0.970520547945213,8.56997260273974,2.97863013698631,12.2084383561644
"100364",16.7898082191781,11.0761643835616,0.255452054794517,2.98158904109589,8.28986301369864,1.3147397260274,12.7844383561644
"100365",17.3697534246575,13.0961095890411,0.100602739726028,3.50432876712328,10.7792876712329,0.495123287671234,12.8426301369863
"100366",17.2740821917808,12.5171506849315,0.0522739726027481,3.38695890410959,9.92515068493149,0.715068493150682,12.9333698630137
"100367",17.042301369863,12.3889315068493,0.366904109589029,3.13052054794521,9.77227397260276,0.951780821917794,13.0280547945206
"100368",17.3500273972603,12.1561643835616,0.0315616438356159,3.44219178082191,9.31364383561645,0.752547945205478,13.1612054794521
"100369",16.8105205479452,12.3721643835616,0.733808219178087,2.85928767123289,9.73676712328768,1.18158904109588,12.9925479452055
"100370",17.3510136986301,12.5388493150685,0.16372602739726,3.40569863013698,9.75550684931507,0.712109589041091,13.5182465753425
"100371",17.5137534246575,12.8919452054795,0.0946849315068619,3.59901369863015,10.2821917808219,0.476383561643829,13.7579178082192
"100372",17.1823561643836,12.5487123287671,0.0710136986301393,3.31890410958903,10.0790136986301,0.755506849315069,13.8713424657534
"100373",16.4919452054795,12.650301369863,0.731835616438374,2.64427397260273,10.5741369863014,1.26443835616439,13.9374246575342
"100374",15.9011506849315,12.5398356164384,1.47353424657534,2.0110684931507,10.5524383561644,1.8,14.0597260273973
"100375",15.9129863013699,11.8415342465754,1.54750684931506,1.99035616438358,9.44876712328768,1.97161643835614,14.5104657534247
"100376",16.5688767123288,10.7694246575342,0.785095890410958,2.66400000000002,7.6694794520548,1.65698630136986,15.473095890411
"100377",15.9731506849315,11.037698630137,1.3867397260274,2.07419178082192,8.33326027397258,2.06630136986304,15.5470684931507
"100378",7.47024657534243,1.77336986301367,9.04635616438361,6.17523287671236,0.537534246575376,10.454794520548,7.90323287671232
"100379",6.74827397260275,2.56832876712329,9.57599999999999,6.82520547945205,1.13227397260275,10.7832328767124,6.64372602739725
"100380",9.69534246575343,6.89523287671233,6.16536986301372,3.7232876712329,6.50860273972602,7.3814794520548,7.42290410958904
"100381",12.1157260273972,7.13884931506848,4.60208219178082,1.58597260273974,4.98575342465755,5.71956164383563,8.63408219178082
"100382",13.2894246575343,7.89731506849316,4.66027397260272,0.794958904109592,4.45808219178082,5.04394520547946,11.0278356164384
"100383",13.5724931506849,9.06016438356166,4.05172602739725,0.404383561643826,6.31824657534247,4.46202739726024,10.9301917808219
"100384",15.8074520547945,10.3443287671233,1.66191780821917,1.87002739726029,7.29863013698633,2.38290410958902,11.8149041095891
"100385",16.6596164383562,11.7823561643836,0.730849315068482,2.75178082191782,9.07890410958903,1.37687671232875,11.8356164383562
"100386",16.4169863013699,12.3938630136986,1.18553424657534,2.45095890410958,9.89950684931506,1.50410958904111,11.5594520547945
"100387",16.2956712328767,12.2350684931507,1.29501369863014,2.33260273972604,9.73282191780822,1.62936986301369,11.7675616438356
"100388",16.7306301369863,11.7507945205479,0.740712328767145,2.79715068493148,8.92701369863013,1.3551780821918,12.1808219178082
"100389",16.3844383561644,12.2774794520548,1.17764383561644,2.43024657534248,9.77819178082193,1.54158904109588,12.0555616438356
"100390",16.2157808219178,12.7735890410959,1.40350684931506,2.24975342465754,10.5327123287671,1.58399999999999,12.089095890411
"100391",16.5254794520548,12.9807123287671,0.951780821917808,2.60284931506848,10.8167671232877,1.24964383561644,12.4352876712329
"100392",16.5639452054795,12.6996164383562,0.929095890410949,2.63342465753426,10.3758904109589,1.28613698630136,12.816
"100393",16.6961095890411,12.4175342465753,0.77424657534246,2.76854794520547,9.92021917808221,1.23682191780821,13.3190136986301
"100394",16.7740273972603,11.9145205479452,0.80876712328768,2.80701369863012,9.04931506849314,1.32263013698632,13.7411506849315
"100395",16.4229041095891,12.2222465753425,1.14805479452055,2.46575342465755,9.67167123287672,1.52580821917807,13.9906849315069
"100396",16.8213698630137,11.4953424657534,0.518794520547956,2.92536986301369,8.62816438356164,1.29600000000001,14.5854246575342
"100397",15.8735342465753,12.1344657534247,1.58498630136987,1.95484931506847,9.8985205479452,1.93709589041096,14.334904109589
"100398",15.4898630136986,11.9539726027397,1.97358904109591,1.57117808219179,9.8077808219178,2.27835616438357,14.6100821917808
"100399",15.48,11.7271232876712,1.80591780821918,1.61457534246576,9.63715068493151,2.27736986301369,14.8339726027397
"100400",12.9994520547945,8.93095890410959,3.50827397260275,0.630246575342468,7.38345205479452,4.56854794520547,7.13490410958904
"100401",10.195397260274,6.84986301369862,6.45632876712327,3.47178082191783,5.51046575342465,7.26312328767122,5.83890410958905
"100402",10.5327123287671,6.82520547945205,7.35386301369864,3.51813698630137,4.22334246575342,7.41402739726028,7.36372602739725
"100403",14.0123835616438,8.93687671232875,3.68383561643837,0.00887671232877096,5.86849315068491,4.16909589041097,10.4676164383561
"100404",14.9404931506849,9.75057534246575,2.46180821917811,1.02673972602739,6.89128767123287,3.16800000000002,11.0140273972603
"100405",15.6161095890411,10.713205479452,1.88876712328768,1.67276712328767,7.89534246575342,2.46378082191782,10.9252602739726
"100406",16.2493150684931,11.8257534246575,1.21216438356163,2.32372602739726,9.27024657534248,1.71221917808219,10.9262465753425
"100407",17.0334246575342,11.8435068493151,0.33731506849314,3.12854794520548,9.01282191780822,1.06520547945206,11.491397260274
"100408",16.566904109589,12.0378082191781,1.06520547945206,2.58706849315068,9.28208219178082,1.47452054794522,11.3848767123288
"100409",15.8774794520548,12.1453150684931,1.65008219178081,1.93709589041096,9.8501917808219,1.9548493150685,11.1471780821918
"100410",15.9524383561644,12.4096438356165,1.60865753424656,2.00317808219179,10.1746849315069,1.85030136986299,11.4460273972603
"100411",15.9021369863014,13.485698630137,1.95682191780821,1.87101369863016,11.5081643835617,1.75364383561643,11.4825205479452
"100412",16.5018082191781,12.7775342465753,1.10564383561642,2.53676712328769,10.4163287671233,1.35616438356165,12.0733150684932
"100413",16.56,12.606904109589,1.12734246575343,2.56931506849314,10.0691506849315,1.37391780821919,12.233095890411
"100414",16.9061917808219,12.5832328767123,0.804821917808212,2.90465753424657,9.85216438356164,1.11550684931507,12.7272328767123
"100415",16.7631780821918,12.2636712328767,0.963616438356141,2.7547397260274,9.43693150684933,1.30290410958905,13.1296438356164
"100416",16.1832328767123,12.1265753424658,1.62049315068492,2.15506849315071,9.43693150684935,1.81183561643833,13.2805479452055
"100417",15.3517808219178,12.2695890410959,2.60482191780822,1.28515068493151,9.89654794520548,2.48153424657535,13.2598356164384
"100418",14.9158356164384,12.3307397260274,2.92635616438355,0.888657534246576,10.289095890411,2.77150684931507,13.3900273972603
"100419",15.3241643835616,11.9263561643835,2.07813698630137,1.42619178082191,9.89753424657532,2.39375342465756,14.0439452054794
"100420",7.98213698630137,5.94246575342467,9.46454794520548,5.91879452054795,4.50542465753423,9.45567123287674,3.62761643835617
"100421",8.99309589041096,5.54301369863013,9.39156164383562,5.20865753424658,2.61961643835618,9.06213698630137,5.62980821917807
"100422",13.6099726027397,7.71484931506852,3.96887671232875,0.363945205479439,4.37227397260276,4.71057534246575,9.67167123287672
"100423",14.3339178082192,8.95857534246574,3.31791780821919,0.341260273972594,5.79156164383561,3.89786301369865,10.1480547945205
"100424",15.3517808219178,10.8927123287671,2.10871232876711,1.42619178082192,8.32142465753427,2.61665753424657,10.2624657534247
"100425",15.9001643835616,11.9993424657534,1.71813698630139,1.93019178082191,9.54739726027397,1.99923287671234,10.4212602739726
"100426",16.2907397260274,12.161095890411,1.27824657534244,2.33457534246577,9.64602739726028,1.6421917808219,10.7053150684932
"100427",16.6813150684931,11.7951780821918,0.753534246575356,2.75967123287671,9.04832876712327,1.37194520547945,11.1619726027397
"100428",16.8509589041096,11.2862465753425,0.580931506849311,2.92536986301367,8.22673972602739,1.34827397260275,11.419397260274
"100429",15.8044931506849,12.8584109589041,1.92230136986302,1.80986301369863,10.7526575342466,1.92328767123288,10.8118356164383
"100430",16.272,12.4155616438356,1.23287671232877,2.33753424657534,10.0839452054795,1.58005479452056,11.145205479452
"100431",16.4396712328767,12.4569863013699,1.27923287671231,2.43813698630137,9.87682191780823,1.51101369863014,11.3089315068493
"100432",16.6329863013699,12.8682739726027,1.23780821917808,2.58706849315068,10.2545753424658,1.32065753424658,11.7379726027397
"100433",16.2660821917808,12.8081095890411,1.49621917808217,2.25567123287672,10.4340821917808,1.58498630136987,12.024
"100434",15.9445479452055,12.4037260273973,1.78619178082189,1.94301369863014,10.0188493150685,1.9144109589041,12.3573698630137
"100435",15.9060821917808,12.2764931506849,1.78915068493151,1.91539726027396,9.87978082191781,1.95978082191782,12.8732054794521
"100436",16.0885479452055,12.1561643835616,1.5179178082192,2.1225205479452,9.69928767123287,1.8138082191781,13.3347945205479
"100437",9.30082191780824,4.66816438356165,7.99199999999999,4.57545205479451,2.16394520547945,8.64986301369862,4.20361643835619
"100438",9.74268493150684,5.72942465753424,7.84504109589039,4.21841095890412,3.25084931506848,8.17150684931508,5.53019178082192
"100439",12.3060821917808,7.90323287671234,5.84580821917808,1.83156164383561,4.74410958904109,5.87934246575344,7.6083287671233
"100440",14.4345205479452,9.91627397260274,3.15715068493148,0.467506849315086,7.20098630136987,3.59013698630136,9.38761643835618
"100441",14.4256438356164,10.6175342465754,3.01216438356163,0.512876712328776,8.36679452054797,3.39386301369862,9.5947397260274
"100442",15.2916164383562,11.5712876712329,2.14027397260273,1.38082191780821,9.36690410958904,2.50717808219179,10.0218082191781
"100443",16.5787397260274,11.2369315068493,0.644054794520557,2.71824657534246,8.46542465753424,1.50312328767124,10.878904109589
"100444",16.2364931506849,11.9490410958904,1.25161643835617,2.304,9.432,1.7043287671233,10.5968219178082
"100445",16.2059178082192,12.0486575342466,1.50312328767126,2.20635616438356,9.39649315068493,1.77928767123288,10.3906849315068
"100446",16.2039452054794,12.5861917808219,1.52679452054794,2.20241095890411,10.1648219178082,1.67079452054794,10.3837808219178
"100447",16.6014246575342,12.0752876712329,1.14016438356164,2.58904109589041,9.22290410958904,1.47550684931507,10.9213150684931
"100448",16.2601643835617,12.5329315068493,1.65008219178081,2.20241095890411,9.9014794520548,1.69841095890409,11.0732054794521
"100449",15.7413698630137,12.8041643835616,2.19649315068494,1.68164383561644,10.5149589041096,2.05446575342465,11.2053698630137
"100450",14.8181917808219,12.9136438356164,3.10487671232876,0.772273972602747,11.116602739726,2.74783561643835,11.2191780821918
"100451",14.7235068493151,12.5240547945206,3.02005479452056,0.729863013698633,10.749698630137,2.84745205479452,11.736
"100452",15.3172602739726,12.4648767123287,2.23890410958906,1.3758904109589,10.5534246575342,2.33358904109591,12.3751232876712
"100453",16.1733698630137,12.5467397260274,1.21906849315069,2.27539726027395,10.4212602739726,1.59189041095891,12.8061369863014
"100454",12.6256438356164,8.16558904109587,4.98871232876712,1.34728767123289,5.45621917808218,5.39408219178085,7.62904109589041
"100455",13.7865205479452,7.85687671232877,4.12372602739727,0.289972602739709,4.20460273972601,4.65139726027397,7.65172602739725
"100456",15.2827397260274,8.68931506849314,2.28723287671234,1.30487671232873,5.03112328767121,3.18673972602743,7.93873972602738
"100457",14.6574246575342,8.28986301369861,2.77841095890412,0.722958904109575,4.85457534246575,3.71835616438358,7.3518904109589
"100458",10.7418082191781,7.71287671232875,7.08361643835619,3.28438356164386,5.47989041095889,7.03627397260277,4.46301369863012
"100459",10.9686575342466,6.88734246575342,6.28273972602739,2.88986301369863,4.67605479452054,6.84887671232877,3.97380821917808
"100460",11.8573150684931,8.77906849315067,6.08942465753424,2.20635616438355,6.41589041095889,5.97205479452057,4.21150684931506
"100461",12.3317260273972,7.19605479452053,6.30936986301373,1.96372602739729,3.26564383561642,6.17523287671236,5.98389041095889
"100462",12.2873424657534,7.70301369863016,5.95134246575341,1.87890410958902,4.38410958904112,5.96613698630136,7.84208219178082
"100463",13.9541917808219,11.0179726027397,3.4668493150685,0.0532602739725974,9.1864109589041,3.67002739726028,8.9704109589041
"100464",15.1772054794521,11.3907945205479,2.11660273972602,1.30882191780823,9.2771506849315,2.59002739726029,9.53063013698632
"100465",15.6861369863014,12.1729315068493,1.83747945205479,1.74871232876713,9.9843287671233,2.09786301369861,9.76832876712328
"100466",15.7946301369863,12.7045479452055,2.05939726027397,1.75956164383561,10.4202739726027,2.00613698630137,9.61347945205479
"100467",16.5215342465753,12.4293698630137,1.25457534246577,2.50126027397259,9.74860273972601,1.47156164383563,10.1243835616438
"100468",16.8973150684931,11.9243835616438,0.619397260273985,2.95002739726027,9.06509589041096,1.20230136986304,10.7072876712329
"100469",15.9169315068493,12.3100273972603,1.93906849315069,1.87693150684932,9.78312328767123,1.99726027397259,10.3522191780822
"100470",15.7048767123288,12.6187397260274,2.14027397260273,1.67178082191779,10.3443287671233,2.09194520547945,10.7181369863014
"100471",15.1495890410959,12.3642739726027,2.6107397260274,1.14608219178082,10.302904109589,2.55452054794522,11.123506849315
"100472",11.8809863013699,5.97501369863014,6.60821917808219,2.37402739726026,1.81972602739727,6.74334246575343,6.33501369863014
"100473",13.3347945205479,7.64482191780822,4.36241095890411,0.674630136986295,4.29336986301369,4.98082191780823,6.51550684931507
"100474",12.9363287671233,8.07583561643835,4.70169863013699,1.0474520547945,5.1603287671233,5.17808219178083,5.95331506849315
"100475",11.3730410958904,8.05019178082192,6.76504109589044,2.75178082191781,5.40493150684932,6.5727123287671,4.39890410958904
"100476",11.9618630136986,8.39638356164386,5.98980821917809,2.10772602739726,5.80438356164385,5.97501369863014,3.48263013698632
"100477",13.4866849315068,10.5652602739726,4.47189041095891,0.578958904109612,8.26520547945205,4.31210958904109,3.73709589041094
"100478",13.6474520547945,10.1391780821918,4.19473972602738,0.387616438356147,7.67046575342465,4.24109589041093,4.48668493150686
"100479",12.7311780821918,9.03649315068492,4.90191780821917,1.24076712328767,6.66542465753425,5.12778082191784,5.12087671232875
"100480",13.730301369863,10.634301369863,3.99353424657534,0.265315068493152,8.46246575342467,4.02904109589041,7.85194520547947
"100481",13.6454794520548,12.8150136986301,4.06750684931507,0.32745205479452,11.7024657534246,3.61676712328769,7.80953424657535
"100482",14.1958356164383,12.9304109589041,3.64241095890412,0.18049315068491,11.505205479452,3.20252054794523,8.16558904109587
"100483",14.7767671232877,12.7666849315069,3.11868493150685,0.737753424657541,10.944,2.80306849315066,8.59660273972604
"100484",15.9425753424658,11.9618630136986,1.46169863013698,2.03868493150686,9.66082191780822,1.90356164383562,9.49216438356164
"100485",15.6378082191781,11.9993424657534,1.94695890410959,1.68065753424656,9.69731506849315,2.19353424657534,9.54443835616438
"100486",15.3172602739726,12.3415890410959,2.50619178082194,1.29205479452052,10.1352328767123,2.44898630136987,9.63912328767123
"100487",15.6032876712328,12.4569863013698,2.06531506849318,1.62443835616438,10.3078356164383,2.14816438356165,10.4232328767123
"100488",15.2067945205479,12.2064657534247,2.32273972602741,1.27232876712327,10.2496438356164,2.46772602739725,10.8562191780822
"100489",15.6338630136986,11.7517808219178,1.66191780821919,1.76350684931508,9.59276712328767,2.15506849315068,11.6462465753425
"100490",12.3632876712329,9.64898630136986,5.29742465753425,1.60964383561644,7.70893150684931,5.29249315068493,5.96810958904109
"100491",13.4472328767123,8.71890410958905,3.84361643835615,0.428054794520548,6.17227397260272,4.52317808219181,6.5224109589041
"100492",13.154301369863,8.53249315068493,4.10301369863014,0.71013698630135,6.06575342465753,4.78257534246576,5.58049315068492
"100493",12.8534794520548,8.10542465753424,5.29939726027399,1.28810958904108,4.78553424657534,5.40789041095891,4.01128767123288
"100494",14.1110136986301,9.60164383561644,3.88602739726025,0.0197260273972688,6.53128767123287,4.04679452054793,3.86728767123286
"100495",13.3061917808219,11.2418630136986,4.88416438356163,0.824547945205495,9.13512328767122,4.38312328767125,3.53293150684931
"100496",13.8762739726027,10.4044931506849,3.87616438356163,0.131178082191781,8.03243835616439,3.97479452054792,5.08635616438357
"100497",14.3378630136987,11.1126575342466,3.74794520547945,0.229808219178082,8.55912328767126,3.56942465753423,7.1842191780822
"100498",14.4542465753425,12.1995616438356,3.44120547945205,0.413260273972597,10.2644383561644,3.17884931506849,7.61819178082193
"100499",14.6436164383562,12.5388493150685,2.90268493150685,0.711123287671214,10.9824657534247,2.84153424657534,8.02750684931507
"100500",14.9207671232877,11.9243835616438,2.69457534246575,0.959671232876701,9.89358904109589,2.78038356164383,8.41512328767124
"100501",15.5115616438356,11.9549589041096,1.80690410958906,1.6372602739726,9.92712328767124,2.21424657534249,9.10750684931506
"100502",15.1239452054794,12.2922739726027,2.48054794520549,1.1677808219178,10.3472876712329,2.53775342465755,8.95068493150686
"100503",15.0864657534247,12.6749589041096,2.63145205479451,1.09873972602742,10.8236712328767,2.52197260273971,9.12723287671234
"100504",15.7216438356164,12.6631232876712,1.90947945205478,1.75561643835616,10.5889315068493,1.99824657534248,10.3453150684932
"100505",15.7384109589041,12.1413698630137,1.71912328767125,1.82071232876712,9.97249315068493,2.04164383561644,10.8483287671233
"100506",15.4060273972603,12.0397808219178,2.07813698630137,1.48241095890411,9.95473972602738,2.33260273972603,11.1274520547945
"100507",16.6270684931507,14.1159452054794,1.13720547945206,2.62454794520546,12.1788493150685,1.01884931506849,10.1095890410959
"100508",13.6178630136986,8.5867397260274,3.67791780821916,0.262356164383561,5.8961095890411,4.42060273972604,7.21479452054795
"100509",13.2667397260274,8.47035616438356,4.10202739726027,0.633205479452045,5.82213698630137,4.74509589041098,6.56482191780823
"100510",12.8692602739726,7.49391780821917,5.37041095890413,1.30487671232879,3.80712328767122,5.5578082191781,4.8101917808219
"100511",13.8496438356164,9.55430136986301,3.85150684931509,0.148931506849323,6.84394520547944,4.16317808219179,4.03298630136986
"100512",13.4462465753425,10.2151232876713,4.22136986301368,0.532602739726002,8.02947945205482,4.32394520547945,3.44317808219178
"100513",12.5437808219178,9.41720547945205,5.88920547945204,1.66980821917807,6.60230136986303,5.45720547945206,3.48558904109591
"100514",15.3182465753425,10.3206575342466,2.7438904109589,1.20230136986301,6.96624657534247,2.96679452054795,6.62794520547946
"100515",13.6652054794521,10.0020821917808,4.79243835616438,0.561205479452056,6.91594520547946,4.46104109589038,6.40306849315068
"100516",14.8024109589041,11.2635616438356,3.00131506849316,0.779178082191777,8.81457534246576,3.07923287671233,7.83616438356164
"100517",15.3093698630137,11.3769863013699,1.944,1.45183561643836,9.23375342465751,2.47561643835617,8.79386301369863
"100518",15.364602739726,11.7448767123288,1.87101369863015,1.51495890410958,9.76142465753425,2.34739726027397,8.92898630136985
"100519",14.7797260273973,12.6443835616438,2.858301369863,0.8186301369863,10.9923287671233,2.74191780821917,8.38454794520548
"100520",14.4996164383562,13.5932054794521,3.18378082191781,0.535561643835621,12.470794520548,2.76953424657533,8.41808219178081
"100521",15.0450410958904,13.7263561643836,2.66695890410956,1.06816438356165,12.3889315068493,2.32372602739724,9.47046575342469
"100522",15.7107945205479,12.506301369863,1.84043835616437,1.7684383561644,10.4360547945206,2.01501369863013,10.1372054794521
"100523",15.5046575342466,12.3139726027397,2.15506849315068,1.52876712328768,10.1539726027397,2.25369863013697,10.2476712328767
"100524",14.5282191780822,7.43572602739727,2.5870684931507,0.686465753424656,3.94717808219177,3.89884931506847,8.21983561643837
"100525",12.3238356164384,7.23945205479453,5.13468493150683,1.60668493150683,4.38016438356165,5.77972602739723,6.50761643835619
"100526",10.8197260273973,7.91112328767122,7.30356164383559,3.29720547945206,5.47002739726027,7.03134246575343,4.12175342465753
"100527",11.6827397260274,7.78191780821918,6.22454794520547,2.37501369863011,5.07353424657533,6.31232876712326,3.54871232876714
"100528",11.5860821917808,8.88263013698631,6.10224657534246,2.39473972602741,6.92383561643835,6.07561643835618,3.07627397260273
"100529",11.9884931506849,9.49709589041098,5.56076712328766,1.94794520547944,7.7602191780822,5.58147945205479,3.11178082191779
"100530",13.6208219178082,10.3196712328767,3.92350684931507,0.320547945205462,8.21095890410959,4.12372602739727,4.64646575342465
"100531",13.492602739726,10.9528767123288,4.14345205479451,0.470465753424619,9.11441095890413,4.1168219178082,5.11594520547946
"100532",11.534794520548,8.80175342465755,6.53917808219177,2.5653698630137,6.48591780821918,6.26104109589042,4.93545205479454
"100533",13.8723287671233,9.55528767123289,3.90575342465752,0.149917808219158,6.76701369863017,4.17008219178079,7.89041095890413
"100534",14.6761643835616,11.7093698630137,2.41742465753427,0.875835616438366,10.1539726027397,2.84547945205482,8.63605479452055
"100535",14.450301369863,12.7025753424658,2.83265753424656,0.602630136986321,11.5446575342466,2.86915068493148,8.08076712328767
"100536",14.5548493150685,12.8643287671233,3.07824657534246,0.599671232876702,11.4243287671233,2.86816438356165,8.10443835616438
"100537",15.4444931506849,12.8061369863014,2.27638356164383,1.45380821917809,10.8483287671233,2.21424657534246,8.9309589041096
"100538",15.8942465753425,12.4116164383561,1.72898630136986,1.92723287671231,10.1480547945205,1.91539726027399,9.53950684931506
"100539",15.6013150684932,12.5023561643836,2.23298630136986,1.57216438356166,10.2299178082192,2.19452054794519,9.4428493150685
"100540",14.9819178082192,12.9106849315069,3.45698630136985,0.775232876712337,10.5790684931507,2.79123287671231,8.77808219178084
"100541",16.1911232876712,13.4048219178082,1.9518904109589,2.06926027397262,11.0041643835617,1.63923287671233,8.59463013698631
"100542",14.6031780821918,8.97139726027397,2.78630136986301,0.689424657534261,5.9178082191781,3.5970410958904,7.64778082191781
"100543",14.1652602739726,8.6853698630137,3.1492602739726,0.276164383561664,5.76986301369864,3.97676712328766,7.70005479452057
"100544",13.2499726027397,8.73961643835618,4.0615890410959,0.630246575342454,6.27583561643836,4.67999999999999,7.15463013698631
"100545",12.318904109589,8.79780821917808,5.19682191780825,1.61654794520551,6.61216438356163,5.4641095890411,5.98684931506848
"100546",11.0406575342466,7.4988493150685,6.65161643835617,2.94904109589041,5.1465205479452,6.80547945205481,4.44526027397261
"100547",7.4367123287671,4.12767123287671,10.843397260274,6.73150684931508,1.36405479452054,10.5534246575343,1.96569863013696
"100548",8.09161643835617,6.04010958904109,9.67561643835617,5.90794520547948,4.31210958904111,9.45468493150688,1.50213698630137
"100549",10.2210410958904,9.03156164383563,6.69797260273972,3.51024657534245,8.45457534246576,6.85676712328768,2.36613698630137
"100550",12.3968219178083,9.80876712328769,5.20471232876707,1.55638356164383,7.97917808219182,5.21161643835615,3.52010958904113
"100551",13.5498082191781,10.0553424657534,3.72032876712328,0.309698630137007,8.09950684931508,4.14542465753425,4.70958904109587
"100552",14.6919452054794,9.30476712328768,2.66893150684933,0.789041095890397,6.3892602739726,3.44613698630138,6.87550684931507
"100553",15.2768219178082,10.7191232876712,1.8404383561644,1.4557808219178,8.4052602739726,2.59989041095891,8.60153424657534
"100554",14.2698082191781,12.0170958904109,2.91846575342466,0.44679452054794,10.7082739726027,3.12854794520548,7.87857534246574
"100555",14.3102465753425,12.5950684931507,3.31791780821916,0.35605479452056,11.1471780821918,3.11671232876712,7.80756164383563
"100556",15.4178630136986,12.5427945205479,2.24284931506848,1.44394520547945,10.5277808219178,2.27243835616439,8.47331506849315
"100557",15.3636164383562,12.995506849315,2.62849315068495,1.29205479452052,10.9232876712329,2.32569863013698,8.51967123287669
"100558",15.5500273972603,12.8081095890411,2.18268493150686,1.55539726027396,10.7901369863014,2.13534246575344,9.0562191780822
"100559",15.2324383561644,12.3820273972603,2.91945205479452,1.10761643835617,9.94389041095891,2.61567123287671,8.24843835616439
"100560",15.1781917808219,12.2271780821918,2.81293150684931,1.10169863013698,9.88471232876714,2.63835616438357,8.33917808219179
"100561",15.1791780821918,9.51879452054794,2.18465753424657,1.27331506849315,6.47408219178081,3.01906849315068,7.65961643835617
"100562",14.2895342465753,9.82158904109589,3.15123287671233,0.369863013698634,7.26213698630139,3.67397260273972,6.96920547945207
"100563",14.1445479452055,9.7811506849315,3.31989041095888,0.217972602739735,7.250301369863,3.80515068493152,7.21380821917808
"100564",12.9767671232877,8.94476712328768,4.53994520547944,0.962630136986292,6.52043835616438,4.91769863013697,6.54213698630137
"100565",11.0199452054794,8.0985205479452,6.48493150684932,2.90663013698629,6.20087671232876,6.6289315068493,5.37139726027397
"100566",8.23364383561642,4.97884931506849,9.43594520547947,5.7461917808219,2.78038356164382,9.54246575342469,3.83178082191779
"100567",3.87715068493151,2.36021917808219,14.8576438356164,10.4153424657534,0.0236712328767226,13.8733150684932,0.491178082191766
"100568",5.99375342465754,5.92865753424655,11.6738630136986,7.95846575342463,5.21161643835615,11.0870136986301,0.163726027397274
"100569",9.76142465753423,7.91704109589043,7.488,4.0773698630137,6.746301369863,7.56789041095891,0.946849315068505
"100570",12.8120547945205,9.75254794520546,4.85260273972605,1.16482191780824,7.64975342465752,4.91967123287671,2.80405479452051
"100571",15.7058630136986,10.8927123287671,1.47846575342467,1.86213698630134,8.40131506849313,2.24778082191783,5.74421917808218
"100572",13.7164931506849,8.64493150684933,4.23616438356163,0.365917808219152,5.35364383561644,4.5488219178082,5.98093150684933
"100573",14.666301369863,11.4529315068493,2.83660273972602,0.737753424657541,9.4211506849315,3.04569863013698,7.51956164383562
"100574",14.8310136986301,12.2123835616438,2.63835616438357,0.918246575342451,10.4863561643836,2.73994520547944,7.54717808219179
"100575",14.8546849315069,13.2904109589041,2.94608219178082,0.849205479452067,11.7596712328767,2.59693150684932,7.5333698630137
"100576",15.3014794520548,13.0300273972603,2.75868493150685,1.21019178082192,10.9410410958904,2.38980821917809,7.88153424657536
"100577",14.4641095890411,12.5723835616438,3.33369863013699,0.45665753424656,10.8917260273973,3.05753424657536,8.14290410958904
"100578",15.4681643835616,11.7340273972603,2.27934246575343,1.45972602739724,9.24460273972601,2.43813698630137,8.90926027397261
"100579",14.5459726027397,11.7172602739726,3.17293150684932,0.554301369863012,9.67265753424655,3.15320547945207,8.42498630136986
"100580",14.4305753424658,11.7557260273973,3.47868493150683,0.381698630136981,9.61446575342467,3.29819178082191,8.04032876712328
"100581",14.2234520547945,10.5770958904109,3.09600000000002,0.348164383561638,8.50783561643834,3.52208219178083,6.28273972602739
"100582",14.1968219178082,9.23671232876714,2.90465753424657,0.376767123287678,6.75123287671234,3.76175342465751,6.81830136986302
"100583",12.7183561643836,9.12624657534246,4.66816438356162,1.17764383561644,7.02246575342467,5.0370410958904,6.17227397260274
"100584",11.4549041095891,8.56504109589041,6.15846575342465,2.5042191780822,6.58553424657534,6.22257534246575,5.70476712328768
"100585",10.4715616438356,7.26706849315069,7.14772602739723,3.49249315068491,5.13764383561644,7.27693150684928,5.5361095890411
"100586",5.00843835616436,2.70049315068491,13.8328767123288,9.32449315068496,0.0956712328767253,12.9501369863014,2.53084931506848
"100587",4.33479452054797,4.85654794520551,13.9334794520548,9.79693150684929,3.87912328767123,12.8169863013698,0.597698630136961
"100588",7.3627397260274,6.68810958904109,10.2624657534247,6.58158904109587,5.72646575342463,9.83638356164386,0.702246575342485
"100589",12.5753424657534,10.1677808219178,4.74805479452056,1.29106849315068,8.66860273972603,4.9009315068493,1.96668493150685
"100590",14.515397260274,11.9312876712329,3.36526027397261,0.476383561643843,9.85610958904108,3.18378082191782,3.69271232876712
"100591",13.7776438356165,10.5386301369863,3.80909589041093,0.176547945205456,8.42005479452057,3.96690410958902,4.63364383561647
"100592",13.2973150684931,11.0603835616438,4.88515068493152,0.831452054794525,8.87868493150684,4.42652054794522,5.55189041095889
"100593",14.4581917808219,12.2853698630137,3.46093150684931,0.410301369863021,10.3670136986301,3.1650410958904,6.48493150684931
"100594",13.9472876712329,13.8802191780822,4.32098630136986,0.189369863013681,12.628602739726,3.33271232876712,6.16339726027398
"100595",15.0184109589041,12.7864109589041,2.90465753424657,0.96953424657535,10.8374794520548,2.6186301369863,7.66652054794521
"100596",14.4404383561644,12.0841643835616,3.32186301369863,0.43989041095891,10.2200547945205,3.1709589041096,7.682301369863
"100597",14.8901917808219,11.4667397260274,2.53972602739725,0.982356164383575,9.40241095890411,2.84350684931508,8.63013698630137
"100598",14.0863561643836,11.513095890411,3.43627397260273,0.157808219178079,9.76043835616437,3.49249315068492,8.03243835616439
"100599",13.9837808219178,11.3740273972603,4.08427397260274,0.113424657534267,9.12131506849316,3.78345205479452,7.71978082191781
"100600",13.1986849315068,10.0721095890411,3.96887671232878,0.626301369863029,8.37764383561642,4.38312328767125,5.94542465753423
"100601",12.4816438356165,9.59079452054796,5.02421917808218,1.44493150684931,7.70498630136989,5.16032876712327,5.4532602739726
"100602",12.2064657534247,8.77610958904108,5.34180821917811,1.73687671232879,6.60230136986301,5.56668493150686,5.51835616438355
"100603",11.9648219178082,7.81939726027399,5.52230136986302,1.96668493150685,5.37041095890412,5.94443835616437,5.72252054794521
"100604",10.5682191780822,5.99868493150684,7.06684931506851,3.41161643835619,3.2212602739726,7.48208219178082,4.89698630136985
"100605",7.80756164383561,5.87835616438358,10.1381917808219,6.24624657534247,4.04876712328766,9.7712876712329,2.07221917808221
"100606",5.77578082191778,4.71649315068493,13.0872328767124,8.5522191780822,2.47857534246575,11.9174794520548,0.873863013698639
"100607",13.8161095890411,10.137205479452,2.90367123287672,0.125260273972572,8.5837808219178,3.73709589041096,3.2952328767123
"100608",13.2578630136986,10.6224657534247,4.47978082191781,0.737753424657512,8.65183561643835,4.40580821917808,2.56438356164384
"100609",14.184,11.8592876712329,3.23309589041095,0.28898630136986,10.3157260273972,3.30608219178085,4.20953424657533
"100610",14.7412602739726,11.2132602739726,2.53775342465754,0.879780821917834,9.23375342465754,2.96383561643835,5.65545205479454
"100611",14.3881643835617,11.5150684931507,3.38301369863014,0.380712328767117,9.40438356164384,3.33863013698628,6.05490410958905
"100612",13.5389589041096,13.557698630137,4.65041095890412,0.573041095890417,12.4175342465753,3.69665753424658,5.86158904109588
"100613",13.2085479452055,13.470904109589,4.65139726027398,0.799890410958909,12.7341369863014,3.86432876712328,6.75912328767122
"100614",13.3604383561644,12.5171506849315,4.21545205479454,0.570082191780813,11.5190136986301,3.85939726027398,7.13490410958904
"100615",14.4858082191781,11.1185753424657,2.95594520547945,0.57501369863013,9.0690410958904,3.23901369863015,8.04427397260272
"100616",13.9936438356165,11.0268493150685,3.45994520547944,0.0828493150684864,9.15287671232878,3.64832876712329,7.76810958904109
"100617",14.5370958904109,8.78005479452055,3.23901369863012,0.503013698630127,5.3250410958904,3.81895890410962,5.97994520547942
"100618",13.053698630137,8.33523287671233,4.80920547945207,0.998136986301361,5.28657534246577,5.10509589041096,5.26882191780821
"100619",12.3593424657534,7.50871232876715,5.36646575342465,1.65106849315066,4.52021917808221,5.78268493150685,5.1415890410959
"100620",12.4658630136986,7.63397260273972,5.13271232876716,1.50509589041096,4.76679452054793,5.6298082191781,4.99463013698629
"100621",9.64504109589041,6.25808219178082,8.07879452054794,4.35254794520546,3.95013698630137,8.17742465753426,3.74301369863016
"100622",6.33402739726029,4.24800000000002,12.2202739726027,7.90816438356165,1.80789041095889,11.4805479452054,0.678575342465791
"100623",10.0671780821918,8.52361643835616,7.42389041095893,3.84263013698632,7.27693150684931,7.27693150684934,1.03857534246575
"100624",14.1721643835616,11.4243287671233,3.24098630136987,0.275178082191786,9.68745205479452,3.40865753424657,3.26169863013698
"100625",13.6977534246575,11.6235616438356,3.87912328767123,0.242630136986321,10.0533698630137,3.79035616438358,3.30706849315068
"100626",14.9464109589041,11.757698630137,2.40164383561643,1.06520547945206,9.8748493150685,2.70838356164384,5.23331506849316
"100627",14.5933150684932,11.6344109589041,2.8375890410959,0.689424657534246,9.78410958904111,3.03879452054794,5.7442191780822
"100628",14.4345205479452,11.8109589041096,3.62268493150684,0.340273972602759,9.56120547945206,3.33271232876712,5.7708493150685
"100629",13.1355616438356,10.8779178082192,4.45117808219179,0.810739726027407,9.21501369863014,4.39594520547944,6.07167123287672
"100630",13.4837260273972,11.7922191780822,3.91364383561644,0.399452054794537,10.5593424657534,3.86235616438357,7.43967123287669
"100631",13.8141369863014,11.2152328767123,3.66312328767124,0.100602739726057,9.49117808219178,3.75484931506851,7.25523287671231
"100632",13.6523835616438,11.1235068493151,3.78345205479452,0.249534246575337,9.46750684931509,3.88799999999999,7.34893150684933
"100633",12.6078904109589,11.9293150684932,5.76887671232878,1.56723287671232,10.2989589041096,4.84175342465754,5.43550684931505
"100634",13.154301369863,8.72186301369864,4.90487671232876,0.955726027397247,5.63178082191781,5.00745205479453,4.73030136986303
"100635",10.9430136986301,8.04624657534248,7.34301369863013,3.22323287671233,5.46706849315071,6.95934246575342,3.6887671232877
"100636",12.096,7.76219178082191,5.7866301369863,1.95879452054797,4.87430136986302,5.98487671232877,4.35747945205478
"100637",11.2408767123288,6.39320547945205,6.40405479452056,2.74487671232876,3.47769863013698,6.87353424657533,4.14443835616437
"100638",7.81742465753427,5.02915068493155,10.1184657534246,6.24032876712326,2.81095890410964,9.94487671232875,1.44197260273978
"100639",8.8540273972603,7.35978082191781,9.13117808219178,5.20767123287669,5.69786301369865,8.64295890410961,0.0966575342465887
"100640",14.5795068493151,10.7684383561644,3.06838356164383,0.601643835616443,8.33030136986301,3.31002739726028,3.506301369863
"100641",14.7008219178082,11.0061369863014,2.90564383561642,0.736767123287706,8.65972602739727,3.15024657534246,3.82389041095891
"100642",14.0015342465753,11.6778082191781,3.67495890410957,0.0276164383561479,9.90345205479453,3.57435616438356,4.19375342465753
"100643",14.256,11.5712876712329,3.44021917808219,0.272219178082196,9.61446575342465,3.40471232876713,4.96208219178082
"100644",14.2658630136986,10.3403835616438,3.93336986301367,0.117369863013707,7.3627397260274,3.83178082191779,5.26389041095892
"100645",13.6237808219178,9.8186301369863,3.9659178082192,0.336328767123305,7.43671232876711,4.24504109589041,5.62290410958904
"100646",13.154301369863,9.45468493150686,4.49260273972601,0.822575342465754,7.07079452054795,4.71057534246575,6.25512328767124
"100647",13.2509589041096,9.74564383561646,4.51331506849314,0.760438356164357,7.34794520547946,4.61095890410957,6.73347945205481
"100648",13.104,10.8039452054795,4.41271232876711,0.820602739726027,9.18345205479451,4.41369863013701,6.59046575342465
"100649",13.7579178082192,10.8828493150685,3.25775342465754,0.0177534246575419,9.44087671232876,3.71835616438359,7.22761643835615
"100650",13.586301369863,10.6175342465753,3.82586301369861,0.311671232876705,8.78005479452057,4.04186301369865,6.74334246575344
"100651",12.2252054794521,10.9814794520548,6.02432876712329,1.91638356164381,9.20219178082193,5.30531506849313,5.39802739726029
"100652",12.2439452054795,11.5032328767123,5.99079452054791,1.88876712328766,9.97052054794523,5.17216438356162,5.18498630136988
"100653",11.0978630136986,9.24164383561643,7.08657534246575,3.02794520547945,7.23550684931506,6.54410958904111,2.51704109589042
"100654",11.5545205479452,9.1814794520548,6.15254794520547,2.4292602739726,7.35978082191782,6.04208219178082,2.92536986301371
"100655",13.4748493150685,8.19419178082192,4.27167123287671,0.545424657534255,4.98673972602741,4.76778082191782,4.30619178082192
"100656",8.52361643835616,5.91583561643833,9.88175342465755,5.67715068493152,3.36624657534247,9.35506849315067,1.28810958904111
"100657",8.23857534246574,6.72953424657533,9.92613698630137,5.87934246575344,4.9019178082192,9.32153424657534,0.519780821917834
"100658",11.462794520548,8.62520547945206,6.46915068493149,2.59495890410955,6.38827397260275,6.30936986301367,0.969534246575364
"100659",13.2430684931507,10.3650410958904,4.4344109589041,0.736767123287649,8.33424657534249,4.45413698630136,2.40657534246574
"100660",12.9254794520548,11.2211506849315,5.21358904109587,1.18553424657534,9.32646575342467,4.66816438356165,2.88098630136987
"100661",14.0015342465754,10.9893698630137,3.68876712328766,0.0167671232876785,8.88460273972603,3.72821917808217,4.49654794520549
"100662",11.8010958904109,9.60756164383562,6.2965479452055,2.30202739726028,7.52153424657534,5.88624657534245,3.66904109589042
"100663",13.0586301369863,10.0356164383562,4.34564383561644,0.837369863013691,8.17939726027397,4.5784109589041,4.91868493150685
"100664",12.1887123287671,9.44975342465754,5.4345205479452,1.7733698630137,7.53041095890413,5.46016438356165,4.57841095890413
"100665",12.4037260273973,10.3561643835617,5.25698630136984,1.5632876712329,8.72482191780823,5.10608219178081,4.78454794520549
"100666",10.7250410958904,10.1934246575342,7.02246575342463,3.25578082191782,9.18739726027398,6.48394520547944,4.47682191780822
"100667",12.0575342465753,10.2831780821918,5.18005479452054,1.77632876712329,9.15386301369864,5.25304109589041,6.19495890410961
"100668",14.0912876712329,9.94191780821917,3.30213698630136,0.188383561643846,7.57183561643836,3.78739726027396,7.29172602739725
"100669",12.5447671232877,9.8452602739726,5.10213698630136,1.42323287671233,7.9249315068493,5.10312328767122,6.27879452054795
"100670",12.4234520547945,9.45468493150686,5.24120547945205,1.5524383561644,7.39232876712327,5.28854794520547,5.688
"100671",11.4450410958904,10.5090410958904,6.6289315068493,2.63934246575342,9.02663013698631,5.9602191780822,5.07254794520549
"100672",12.3484931506849,10.195397260274,5.41873972602738,1.65205479452058,8.42104109589039,5.21950684931508,2.5140821917808
"100673",11.5959452054795,10.461698630137,6.14761643835615,2.3888219178082,9.18147945205479,5.74224657534248,1.92624657534247
"100674",13.9137534246575,9.26728767123284,3.8248767123288,0.0996164383561791,6.36263013698627,4.18783561643838,3.61380821917804
"100675",10.3275616438356,8.22969863013699,7.86871232876712,3.80416438356164,6.10027397260274,7.37063013698631,1.80098630136987
"100676",6.59342465753423,6.35473972602739,12.3307397260274,7.74739726027397,4.44328767123284,10.9420273972603,1.31671232876712
"100677",9.98728767123291,7.44657534246579,7.41895890410956,3.90575342465749,5.81227397260275,7.54619178082189,0.0522739726027623
"100678",12.412602739726,9.8561095890411,5.23134246575341,1.55342465753424,8.00383561643837,5.2027397260274,1.53961643835615
"100679",12.2981917808219,9.64997260273974,5.68701369863015,1.7733698630137,7.45150684931508,5.45030136986301,1.79112328767121
"100680",12.5319452054795,9.81665753424659,5.15539726027399,1.44887671232877,7.85194520547945,5.13271232876713,3.00328767123287
"100681",12.1620821917808,9.17161643835614,5.61304109589042,1.84832876712332,7.00175342465752,5.59134246575343,3.53095890410957
"100682",12.0703561643836,10.3098082191781,5.56372602739728,1.88580821917807,8.83528767123288,5.3684383561644,3.88504109589039
"100683",12.7765479452055,10.5544109589041,4.71057534246575,1.1381917808219,8.99605479452056,4.71353424657534,4.59517808219179
"100684",12.8889863013699,10.2969863013699,4.85753424657536,1.10958904109587,8.33819178082192,4.76876712328767,4.55375342465751
"100685",11.577205479452,8.54926027397259,5.9020273972603,2.34246575342468,6.62498630136986,6.08646575342465,4.50246575342466
"100686",11.131397260274,9.14597260273973,6.41194520547944,2.79912328767122,7.64679452054796,6.32613698630138,4.76186301369863
"100687",12.2518356164384,9.94290410958904,5.47594520547946,1.73786301369864,8.13106849315068,5.33786301369867,5.94443835616437
"100688",11.8287123287671,10.3916712328767,5.68799999999999,2.08800000000001,9.17063013698632,5.50060273972602,6.17523287671233
"100689",12.2005479452055,9.2081095890411,5.04394520547946,1.64613698630139,7.50673972602739,5.37731506849316,5.79057534246576
"100690",10.7487123287671,10.3719452054794,7.22958904109591,3.3011506849315,9.2347397260274,6.50268493150686,4.75298630136987
"100691",12.8386849315068,9.99123287671232,4.93841095890411,1.17073972602742,7.88646575342464,4.88416438356165,2.35627397260271
"100692",14.0439452054794,10.2161095890411,3.51320547945207,0.0946849315068334,7.85095890410959,3.81895890410959,3.65424657534247
"100693",12.0930410958904,8.46542465753427,5.93852054794516,2.00120547945204,5.77282191780824,5.88328767123284,2.65117808219182
"100694",10.0632328767124,6.17819178082195,8.25731506849311,4.12273972602736,3.11079452054796,8.06597260273972,1.83846575342469
"100695",9.85512328767123,6.14071232876714,7.99989041095887,4.18586301369862,3.56449315068494,8.0827397260274,0.758465753424673
"100696",11.6304657534247,7.82235616438356,6.09928767123284,2.37205479452055,5.31320547945208,6.28569863013701,0.984328767123287
"100697",12.4875616438356,9.56120547945206,5.31517808219178,1.53073972602738,7.39726027397261,5.26093150684932,1.68854794520547
"100698",12.2883287671233,9.41128767123288,5.29150684931508,1.66093150684932,7.46630136986302,5.37534246575342,2.31583561643836
"100699",12.0476712328767,9.14498630136987,5.62684931506851,1.93117808219176,7.10630136986302,5.6534794520548,2.92536986301369
"100700",12.1117808219178,9.99123287671233,5.67320547945206,1.89369863013695,8.21687671232877,5.45523287671233,3.59802739726028
"100701",11.390794520548,9.7229589041096,6.65161643835617,2.6906301369863,7.92986301369864,6.16339726027397,3.35934246575344
"100702",11.8967671232877,8.64394520547947,5.90794520547945,2.12449315068491,6.32613698630139,5.92372602739727,3.84953424657536
"100703",11.8346301369863,8.55024657534246,5.60613698630138,2.0751780821918,6.54016438356163,5.87145205479453,4.40284931506847
"100704",11.4598356164384,7.9278904109589,6.21665753424656,2.52394520547944,5.594301369863,6.37841095890411,4.25786301369864
"100705",10.8404383561644,8.63210958904108,6.95145205479452,3.16800000000001,6.8104109589041,6.74827397260276,4.14147945205478
"100706",11.2300273972603,8.25336986301373,6.10027397260274,2.64328767123288,6.48295890410962,6.3724931506849,5.23134246575344
"100707",11.0702465753425,9.14991780821919,6.05194520547944,2.73008219178082,8.05413698630136,6.23342465753423,5.46115068493151
"100708",11.1935342465753,9.36394520547945,6.13479452054793,2.6689315068493,8.12909589041097,6.15846575342468,5.57654794520548
"100709",13.9857534246575,9.36986301369865,3.42739726027395,0.0729863013698946,6.76602739726029,4.00142465753422,2.99638356164385
"100710",13.5655890410959,8.77019178082193,4.06849315068493,0.416219178082201,5.88723287671233,4.53402739726027,3.10093150684932
"100711",12.3869589041096,7.96635616438354,5.31320547945208,1.61260273972601,5.19978082191781,5.65249315068496,2.43715068493151
"100712",10.9331506849315,6.37742465753422,6.64767123287675,3.03090410958904,3.65326027397256,7.09643835616441,2.38290410958905
"100713",8.53841095890411,6.19791780821919,9.47243835616439,5.53906849315069,4.12076712328769,9.15189041095888,0.0769315068493484
"100714",9.31068493150684,7.76909589041097,8.61534246575343,4.7332602739726,6.13873972602741,8.17742465753423,0.482301369862995
"100715",11.4815342465754,9.11145205479454,6.53326027397259,2.5969315068493,7.01753424657534,6.21665753424656,0.97939726027397
"100716",11.563397260274,9.12920547945204,6.03517808219178,2.38783561643839,7.37457534246573,6.01052054794525,1.45380821917806
"100717",10.7635068493151,9.62827397260274,7.06882191780824,3.24887671232875,8.26816438356164,6.60526027397262,1.71320547945209
"100718",10.5593424657534,9.49610958904107,7.41106849315068,3.49446575342466,8.04821917808218,6.83901369863014,2.06926027397259
"100719",9.00789041095892,8.56800000000003,9.40043835616439,5.17512328767123,7.01950684931509,8.40032876712328,1.12931506849316
"100720",8.46345205479454,7.70400000000001,9.92317808219175,5.71561643835614,6.0272876712329,9.00690410958902,1.19145205479452
"100721",9.2238904109589,7.33315068493152,8.77216438356163,4.84471232876712,5.47791780821922,8.3628493150685,2.34739726027399
"100722",10.5859726027397,7.27594520547946,7.17139726027398,3.4214794520548,4.97490410958905,7.23057534246576,3.31397260273974
"100723",10.8680547945206,7.18619178082191,6.64865753424655,3.06838356164383,4.92558904109589,6.95046575342465,3.94027397260275
"100724",9.69928767123287,7.06684931506848,7.49687671232877,4.12964383561643,5.5755616438356,7.78389041095892,3.92350684931503
"100725",9.84427397260271,8.51375342465752,7.18323287671234,3.92153424657539,7.776,7.2996164383562,4.83879452054794
"100726",11.9046575342466,8.96350684931505,5.1041095890411,1.86904109589042,7.49589041095889,5.58345205479453,6.64372602739726
"100727",11.6975342465753,10.900602739726,6.19890410958902,2.33161643835616,9.64109589041097,5.61895890410958,5.39802739726028
"100728",12.5230684931507,9.04339726027396,4.88613698630138,1.37884931506852,6.96920547945206,5.21556164383563,1.76054794520547
"100729",11.3858630136986,8.27112328767126,6.2058082191781,2.56931506849315,6.20778082191782,6.33402739726029,1.23386301369862
"100730",11.153095890411,7.47912328767123,6.33895890410957,2.77643835616439,5.24317808219178,6.65556164383563,1.52383561643836
"100731",9.57501369863016,6.61610958904112,7.88843835616439,4.3387397260274,4.73720547945206,8.06794520547945,1.05041095890411
"100732",8.89446575342464,6.1949589041096,8.84909589041095,5.10410958904109,4.18882191780821,8.78498630136986,0.222904109589024
"100733",8.95167123287672,7.88745205479452,8.71890410958903,5.01041095890412,6.70389041095891,8.34805479452052,0.55528767123289
"100734",9.39353424657534,7.84997260273971,8.3845479452055,4.60504109589041,6.34783561643835,8.04526027397259,0.669698630136992
"100735",10.6293698630137,8.95265753424658,6.81731506849314,3.26860273972602,7.6832876712329,6.72854794520546,0.624328767123302
"100736",9.0739726027397,7.44854794520546,8.94378082191781,4.99956164383565,5.69786301369862,8.46246575342468,0.0207123287671038
"100737",10.0070136986301,8.96054794520549,8.02060273972603,4.06454794520548,7.46926027397264,7.40712328767123,1.3660273972603
"100738",10.158904109589,9.17358904109589,7.74739726027397,3.87517808219178,7.81841095890411,7.20197260273972,1.31276712328767
"100739",9.08580821917806,6.94356164383564,8.67353424657531,4.9117808219178,5.18104109589044,8.4772602739726,0.747616438356175
"100740",8.10049315068494,4.34071232876715,9.73183561643836,5.9335890410959,1.76350684931509,9.83934246575342,0.948821917808232
"100741",8.44569863013697,5.39112328767123,9.69435616438355,5.67715068493152,2.86816438356163,9.44284931506849,1.20032876712327
"100742",9.13808219178081,5.96909589041096,8.64000000000004,4.87430136986302,3.7144109589041,8.65479452054797,2.30794520547946
"100743",8.09161643835617,6.48098630136988,9.3866301369863,5.81523287671232,5.2135890410959,9.26235616438353,1.97753424657535
"100744",7.44263013698631,6.94060273972605,9.88569863013697,6.40898630136985,6.3202191780822,9.62136986301368,2.71923287671234
"100745",9.88175342465755,9.02564383561644,7.42783561643836,3.96690410958902,8.25731506849316,7.25227397260275,5.16131506849315
"100746",11.9963835616438,8.84909589041095,5.70180821917809,1.99134246575342,6.674301369863,5.76591780821919,5.62783561643836
"100747",11.397698630137,8.96843835616438,7.07079452054796,2.82082191780822,6.44547945205478,6.46323287671234,4.22531506849315
"100748",10.3719452054795,9.99024657534247,8.45753424657531,3.94027397260274,8.09753424657535,7.16252054794521,3.03189041095891
"100749",10.0711232876712,9.77917808219179,8.14191780821918,4.05073972602742,8.47331506849315,7.24043835616436,2.98356164383561
"100750",11.3424657534247,8.23857534246577,6.235397260274,2.6077808219178,6.19002739726025,6.3705205479452,0.9281095890411
"100751",10.3374246575343,7.37654794520549,7.01753424657534,3.54279452054794,5.59331506849315,7.27002739726026,0.663780821917811
"100752",9.15189041095891,7.19704109589043,8.36186301369861,4.76876712328766,5.73830136986302,8.28887671232874,0.345205479452062
"100753",8.29183561643831,6.67726027397256,9.23276712328772,5.6298082191781,5.36745205479451,9.07890410958908,0.247561643835638
"100754",9.07989041095888,6.22060273972602,8.34312328767123,4.82104109589042,4.42454794520549,8.52756164383561,0.341260273972608
"100755",9.259397260274,5.69095890410958,8.41216438356162,4.72339726027397,3.34356164383561,8.58575342465755,0.48427397260275
"100756",9.20515068493151,7.09841095890411,8.5857534246575,4.80230136986302,5.32405479452055,8.36087671232877,0.813698630136969
"100757",10.1953972602739,7.42882191780825,7.34005479452054,3.73906849315068,5.57457534246575,7.42980821917808,0.182465753424651
"100758",10.0977534246576,8.04328767123289,7.7168219178082,3.91660273972602,6.27189041095892,7.46531506849314,0.118356164383584
"100759",9.67463013698631,8.35495890410957,8.45556164383561,4.43046575342467,6.64668493150683,7.8322191780822,0.244602739726048
"100760",10.4912876712329,8.51375342465752,7.61917808219181,3.61380821917808,6.51747945205477,7.15265753424657,0.675616438356144
"100761",10.4991780821918,7.20986301369865,7.65961643835615,3.6315616438356,4.56164383561645,7.44657534246571,0.612493150684941
"100762",10.1697534246575,6.02136986301369,7.52745205479454,3.82586301369864,3.38498630136988,7.80953424657534,0.704219178082212
"100763",6.53227397260272,3.33369863013698,11.6324383561644,7.59945205479454,0.721972602739726,11.3957260273973,1.36997260273975
"100764",6.54706849315068,4.84175342465753,11.8780273972603,7.65172602739727,2.692602739726,11.1412602739726,0.901479452054815
"100765",8.64789041095892,6.17720547945206,9.07298630136984,5.3408219178082,4.2963287671233,8.97435616438352,0.868931506849322
"100766",8.00876712328767,5.9888219178082,9.08482191780826,5.78268493150688,4.8713424657534,9.30772602739731,1.88876712328764
"100767",8.22772602739727,6.91397260273973,8.92306849315068,5.57556164383561,6.07463013698631,8.95364383561645,3.13545205479451
"100768",10.1865205479452,7.35682191780823,7.0421917808219,3.65424657534243,5.74619178082192,7.35090410958904,4.42849315068494
"100769",9.01676712328768,7.62213698630136,8.38060273972602,4.86345205479452,6.52832876712327,8.26421917808219,3.61479452054795
"100770",10.677698630137,7.13194520547944,6.70290410958904,3.21534246575342,5.05479452054794,7.06586301369865,0.612493150684941
"100771",9.10553424657536,7.03232876712329,8.31550684931508,4.78750684931509,5.6002191780822,8.33128767123287,0.186410958904105
"100772",8.09161643835617,6.88832876712326,9.46652054794524,5.83594520547945,5.73928767123286,9.20021917808219,0.505972602739746
"100773",7.03331506849315,6.59539726027398,10.5800547945205,6.90509589041093,5.75309589041098,10.1105753424657,1.42126027397259
"100774",7.23156164383565,6.31726027397264,10.3137534246575,6.69008219178079,5.31320547945205,9.99419178082189,1.80394520547941
"100775",7.05106849315072,6.93961643835618,10.5573698630137,6.88339726027397,6.25315068493151,10.0198356164384,2.25961643835615
"100776",7.85194520547947,7.53830136986301,9.94980821917807,6.14367123287673,6.58652054794518,9.32745205479452,2.00515068493149
"100777",8.54827397260274,7.78684931506848,9.21304109589039,5.43846575342468,6.66345205479453,8.71495890410961,1.98739726027398
"100778",8.7701917808219,7.45249315068492,9.69041095890412,5.43649315068495,5.45227397260274,8.84613698630139,2.29610958904112
"100779",9.59967123287672,7.63002739726028,8.71693150684931,4.56854794520547,5.45523287671236,8.11134246575341,1.64613698630137
"100780",8.46049315068493,6.60526027397259,10.3758904109589,5.86652054794521,4.02213698630138,9.3974794520548,2.29413698630137
"100781",8.19715068493147,3.95506849315066,10.4439452054795,6.0904109589041,0.437917808219169,10.1155068493151,1.99134246575343
"100782",10.8917260273973,6.35671232876712,7.19506849315073,3.22816438356165,3.19561643835613,7.30158904109589,0.12230136986301
"100783",9.27024657534244,5.63572602739725,8.72186301369862,4.81216438356165,2.97369863013699,8.69523287671234,0.873863013698639
"100784",6.84000000000003,6.35967123287674,11.123506849315,7.206904109589,5.18695890410964,10.4291506849315,2.33457534246571
"100785",7.87857534246572,6.02531506849314,9.80186301369864,6.09238356164383,4.46695890410956,9.59572602739729,0.527671232876713
"100786",9.50202739726025,6.28964383561643,7.32920547945207,4.21939726027398,4.85457534246575,7.9870684931507,2.10378082191778
"100787",9.49808219178082,7.10728767123285,7.33117808219177,4.21545205479453,6.05391780821918,7.81150684931507,2.89282191780822
"100788",8.91813698630136,6.47013698630136,8.15276712328767,4.87035616438359,5.17610958904106,8.48416438356165,2.82575342465753
"100789",7.73358904109591,6.94158904109588,9.76734246575344,6.1732602739726,6.03517808219178,9.45073972602739,1.97852054794521
"100790",8.02060273972604,7.03134246575347,9.76438356164383,5.976,5.78071232876715,9.30082191780821,2.30893150684935
"100791",8.66958904109588,7.30849315068492,9.03747945205481,5.30531506849314,5.95528767123285,8.70608219178084,2.87309589041095
"100792",8.4723287671233,6.5579178082192,8.91024657534246,5.40789041095888,5.2352876712329,8.91715068493147,2.8454794520548
"100793",9.48131506849315,6.49972602739723,7.59550684931509,4.31408219178084,4.95123287671231,8.03835616438354,3.23112328767124
"100794",8.88854794520549,7.33906849315071,8.21293150684929,4.90191780821914,6.43463013698633,8.32734246575342,2.68569863013701
"100795",9.02860273972601,6.52142465753425,8.65775342465756,4.95024657534248,4.65435616438359,8.58969863013701,0.122301369863038
"100796",8.56997260273968,5.694904109589,8.83331506849316,5.32504109589044,3.90871232876711,9.03550684931508,0.157808219178094
"100797",7.40515068493153,6.39024657534247,10.0129315068493,6.47802739726026,5.4532602739726,9.79989041095888,1.11846575342466
"100798",6.35868493150687,6.77293150684935,11.0002191780822,7.49391780821915,6.55101369863016,10.5159452054794,1.92032876712324
"100799",6.03320547945205,5.40789041095891,11.5318356164384,7.89238356164387,4.52120547945205,11.1353424657534,2.79813698630139
"100800",6.14071232876711,4.62575342465752,12.2192876712329,8.03736986301371,2.62257534246572,11.4854794520548,3.283397260274
"100801",7.82334246575343,6.17621917808219,9.97841095890411,6.18312328767124,4.60602739726028,9.64602739726027,2.95890410958901
"100802",8.09950684931505,6.04504109589041,10.0711232876713,6.02432876712331,3.95802739726028,9.58093150684934,3.44515068493149
"100803",10.0612602739726,7.63693150684932,7.72273972602738,3.94717808219178,5.72252054794521,7.57183561643839,2.75178082191781
"100804",10.2338630136986,7.42882191780822,7.83517808219176,3.86531506849315,5.08339726027395,7.57676712328768,2.86520547945207
"100805",10.4439452054795,7.66947945205479,7.47419178082194,3.6078904109589,5.47397260273971,7.3094794520548,2.08010958904111
"100806",10.8246575342465,8.2928219178082,6.73052054794525,3.11375342465757,6.53128767123286,6.75616438356164,1.15200000000002
"100807",10.065205479452,7.33019178082191,7.87167123287674,3.9925479452055,5.13567123287669,7.68624657534249,1.29698630136986
"100808",7.96734246575343,5.34772602739727,9.88471232876714,6.06279452054795,3.28241095890411,9.7308493150685,2.13928767123286
"100809",7.0204931506849,5.90893150684929,10.850301369863,7.00372602739728,4.52712328767123,10.3551780821918,2.36219178082195
"100810",7.49786301369861,5.2451506849315,9.91824657534247,6.39517808219176,3.73512328767123,9.97545205479452,1.22695890410961
"100811",7.91013698630138,4.65632876712331,9.40536986301368,5.96120547945205,2.77150684931507,9.74860273972601,0.323506849315066
"100812",9.02071232876715,6.92087671232875,8.58476712328766,4.92953424657534,5.31517808219178,8.48219178082192,1.51890410958904
"100813",8.95068493150684,7.97227397260275,8.47232876712329,4.9334794520548,7.04712328767124,8.24745205479451,1.41139726027396
"100814",7.9594520547945,5.69983561643835,9.42410958904111,5.92372602739727,4.21643835616439,9.50498630136985,0.856109589041068
"100815",7.12997260273974,5.58049315068496,10.7191232876712,6.89030136986298,4.01424657534247,10.3344657534246,0.79495890410962
"100816",8.94378082191783,7.71484931506851,8.99506849315068,5.1011506849315,6.21665753424658,8.48021917808217,2.27638356164385
"100817",8.35002739726028,6.15156164383563,8.58772602739725,5.39506849315069,5.09128767123289,8.95364383561645,2.01501369863016
"100818",9.24558904109591,5.31715068493151,7.50082191780822,4.45610958904109,3.62169863013699,8.37073972602741,2.60876712328766
"100819",8.79189041095893,6.00065753424659,8.15769863013696,4.96208219178081,4.65435616438356,8.64493150684928,2.46082191780823
"100820",10.627397260274,7.02345205479453,6.30838356164381,3.12953424657536,5.31320547945205,6.98104109589042,3.8672876712329
"100821",9.59375342465754,7.0293698630137,7.39528767123289,4.17106849315067,5.75408219178082,7.80657534246575,3.52799999999999
"100822",9.04339726027396,7.92,8.36482191780823,4.83780821917807,6.93961643835617,8.18235616438355,2.52493150684933
"100823",10.0523835616438,5.96909589041093,7.44756164383563,3.88208219178085,3.53687671232873,7.84800000000001,0.696328767123248
"100824",8.39835616438356,4.89501369863015,9.07791780821918,5.52427397260271,2.75178082191781,9.36789041095889,0.141041095890387
"100825",7.30454794520546,5.18991780821915,9.86005479452058,6.51057534246576,3.966904109589,10.0563287671233,0.955726027397276
"100826",7.41205479452054,5.38520547945205,9.65194520547948,6.3705205479452,4.29336986301371,9.89556164383561,1.18553424657534
"100827",7.0717808219178,4.24208219178081,10.1855342465753,6.77786301369864,2.60482191780824,10.4745205479452,2.11265753424658
"100828",8.53052054794523,4.78849315068493,8.62126027397258,5.29347945205478,2.82279452054794,9.17950684931506,2.0958904109589
"100829",9.18345205479451,5.10213698630136,8.38553424657536,4.77271232876714,2.6077808219178,8.7386301369863,2.79715068493155
"100830",10.158904109589,5.44635616438353,7.1526575342466,3.7232876712329,2.88887671232877,7.81545205479452,2.91550684931511
"100831",11.3957260273972,7.89928767123288,5.75999999999999,2.42728767123288,6.04306849315068,6.26202739726028,2.36021917808219
"100832",12.6,7.51364383561642,4.94630136986302,1.35813698630139,4.57446575342465,5.53413698630138,1.61260273972604
"100833",11.9056438356165,8.15178082191781,5.56569863013695,2.01698630136985,5.89610958904109,5.91287671232874,1.32953424657535
"100834",10.5780821917808,8.07780821917808,6.789698630137,3.30312328767121,6.4957808219178,6.933698630137,1.51989041095891
"100835",9.40241095890414,6.2866849315069,8.3115616438356,4.59024657534246,4.11386301369865,8.35791780821916,1.78619178082189
"100836",8.46936986301372,5.00252054794524,9.14399999999995,5.4956712328767,2.75473972602742,9.33435616438354,1.91046575342463
"100837",7.01457534246575,4.82695890410955,10.598794520548,6.93863013698629,3.1729315068493,10.5100273972603,2.49041095890411
"100838",5.12580821917805,3.59013698630136,12.8919452054795,8.94575342465754,1.87989041095889,12.3909041095891,3.60295890410961
"100839",3.16109589041093,1.34334246575341,14.8458082191781,10.9104657534247,0.487232876712341,14.4138082191781,3.51320547945207
"100840",6.99780821917807,5.7146301369863,11.6511780821918,7.2670684931507,3.56252054794521,10.6737534246575,0.505972602739746
"100841",8.75539726027398,8.28493150684929,8.96745205479451,5.21654794520546,7.32920547945207,8.43189041095889,0.176547945205471
"100842",8.09556164383565,5.46805479452053,8.90136986301368,5.67123287671231,4.15627397260275,9.32054794520548,0.132164383561644
"100843",5.88032876712327,4.23616438356163,11.9372054794521,8.13205479452057,2.65315068493149,11.5939726027397,1.05435616438359
"100844",10.0050410958904,6.07463013698629,7.64383561643837,3.9738082191781,3.58126027397259,7.91112328767122,2.04854794520548
"100845",8.8855890410959,5.35660273972601,8.03539726027398,4.86641095890411,3.69369863013696,8.70213698630135,1.45282191780822
"100846",8.36876712328765,4.89008219178081,8.46641095890411,5.35561643835615,3.32679452054794,9.17950684931509,1.24668493150682
"100847",8.86487671232879,5.01435616438354,8.34312328767123,4.97786301369865,2.94805479452054,8.88756164383562,1.8986301369863
"100848",9.41523287671235,6.73347945205481,7.8746301369863,4.44328767123287,5.13764383561644,8.11035616438355,2.63243835616441
"100849",8.57194520547947,7.64876712328767,8.66367123287674,5.25402739726024,6.9149589041096,8.5522191780822,2.62060273972602
"100850",8.13994520547942,5.1011506849315,9.01873972602743,5.681095890411,3.45501369863013,9.42016438356168,0.408328767123322
"100851",7.79079452054793,4.3407123287671,9.88372602739727,6.19200000000001,2.04756164383559,10.029698630137,1.25556164383562
"100852",7.47024657534246,4.07934246575346,10.0977534246575,6.47901369863013,1.90553424657537,10.3019178082191,2.2428493150685
"100853",8.1547397260274,4.30323287671231,9.4053698630137,5.79649315068497,1.92427397260272,9.71506849315068,2.8671780821918
"100854",9.77523287671232,5.256,7.75035616438359,4.1710684931507,2.59989041095892,8.22772602739727,2.73698630136988
"100855",11.1402739726027,5.35660273972601,5.87736986301371,2.66005479452056,2.56241095890408,6.97019178082192,2.37402739726028
"100856",12.0318904109589,7.69808219178083,4.90980821917807,1.73293150684933,5.64361643835616,5.73731506849316,2.23298630136989
"100857",12.268602739726,8.14783561643836,5.15342465753426,1.64219178082192,5.76690410958903,5.61402739726029,1.92821917808223
"100858",10.1421369863014,8.1754520547945,7.89731506849319,3.94027397260277,6.24723287671233,7.47616438356167,2.59791780821919
"100859",9.64405479452057,7.34301369863013,8.16460273972601,4.370301369863,5.4641095890411,7.97030136986299,2.16986301369863
"100860",9.72098630136983,7.64580821917809,7.53238356164385,4.12076712328766,6.36361643835616,7.65961643835615,1.51002739726027
"100861",9.63715068493147,5.07649315068491,7.72175342465755,4.25786301369862,2.54663013698629,8.3204383561644,1.47156164383563
"100862",7.65764383561645,4.44723287671232,10.0898630136986,6.34586301369865,2.20043835616437,10.1342465753425,2.67189041095889
"100863",6.48394520547947,4.66619178082195,11.4854794520548,7.57578082191779,2.8671780821918,11.0781369863014,4.05073972602739
"100864",6.38728767123291,3.89687671232878,10.9361095890411,7.47912328767123,2.35923287671233,11.1077260273973,3.63747945205481
"100865",5.10410958904112,3.11473972602744,13.3604383561644,9.10947945205479,0.798904109589046,12.6591780821917,3.50334246575341
"100866",11.1195616438356,7.86673972602742,6.32810958904108,2.79221917808221,5.86454794520549,6.58257534246573,0.710136986301393
"100867",7.18816438356163,5.9868493150685,10.6431780821918,6.82421917808219,4.59715068493153,10.1944109589041,2.07419178082191
"100868",5.70082191780824,3.10586301369867,11.9944109589041,8.28098630136986,1.19046575342466,11.9401643835617,2.17183561643836
"100869",8.6755068493151,5.63967123287674,8.68931506849316,5.20865753424656,3.81106849315069,8.95167123287672,0.703232876712349
"100870",9.27616438356162,5.44734246575339,8.01567123287674,4.59221917808219,3.31594520547944,8.49994520547946,0.755506849315054
"100871",8.93095890410956,4.10301369863012,8.23364383561645,4.90684931506854,1.62049315068492,9.0197260273973,0.458630136986301
"100872",9.49808219178084,5.27276712328768,7.44953424657533,4.26772602739726,3.26268493150687,8.24942465753421,1.73687671232878
"100873",9.45665753424659,6.84394520547946,7.91309589041094,4.42553424657532,5.20767123287672,8.07978082191781,2.08109589041098
"100874",9.36000000000001,7.66158904109589,8.28986301369861,4.60109589041093,6.20186301369864,8.07090410958901,2.56043835616441
"100875",10.3413698630137,5.99375342465754,7.27397260273972,3.63156164383562,3.33665753424657,7.65468493150684,0.161753424657547
"100876",9.5710684931507,5.33293150684935,8.21293150684929,4.45216438356161,2.57523287671236,8.45654794520544,1.42126027397256
"100877",7.74838356164383,4.69380821917809,10.2269589041096,6.32317808219179,2.31682191780826,10.0849315068493,3.30706849315069
"100878",9.85413698630137,6.26202739726028,7.53139726027399,4.04087671232878,4.15824657534245,7.90126027397261,2.82575342465756
"100879",11.1294246575342,7.62608219178082,5.89216438356164,2.65315068493152,5.88526027397262,6.4859178082192,2.39572602739727
"100880",10.6244383561643,7.85884931506845,6.91594520547946,3.31101369863015,6.00065753424656,7.00175342465752,3.22323287671233
"100881",12.3110136986301,9.47736986301371,4.92558904109589,1.53172602739727,7.85786301369865,5.22936986301369,1.66093150684932
"100882",11.1826849315068,8.88164383561642,6.1308493150685,2.67879452054797,7.43967123287672,6.26794520547949,1.69742465753424
"100883",9.25347945205479,6.75024657534246,8.52164383561643,4.75298630136984,4.80723287671231,8.39342465753424,2.41643835616438
"100884",9.27024657534247,5.19682191780819,8.41019178082195,4.71945205479452,2.60876712328763,8.68734246575346,2.07221917808218
"100885",9.05030136986301,4.34268493150685,8.41808219178085,4.8802191780822,1.6481095890411,8.97534246575344,2.03868493150688
"100886",8.64098630136988,5.04098630136988,8.70312328767122,5.24219178082191,2.9707397260274,9.10257534246577,2.39671232876711
"100887",9.10454794520547,4.12964383561646,8.40131506849315,4.8397808219178,1.27824657534248,8.99210958904106,2.65610958904108
"100888",8.79386301369863,4.77764383561643,8.61435616438357,5.11199999999999,2.45687671232878,9.0611506849315,3.14728767123287
"100889",8.69720547945204,6.13972602739727,8.55320547945206,5.14750684931508,4.63561643835615,8.78794520547947,2.73008219178084
"100890",10.9420273972603,7.99298630136988,6.54115068493149,2.97764383561642,6.10027397260274,6.7058630136986,0.436931506849305
"100891",7.87167123287671,5.76394520547944,10.1727123287671,6.213698630137,3.7647123287671,9.77819178082194,2.53084931506851
"100892",5.9335890410959,2.34542465753427,11.8957808219178,8.09852054794518,0.148931506849294,11.9677808219178,2.79221917808218
"100893",6.87550684931509,4.3495890410959,10.6776986301369,7.06191780821916,2.59200000000001,10.7033424657534,1.2417534246575
"100894",7.92986301369862,4.72832876712332,9.93106849315069,6.10816438356164,2.38487671232878,9.89753424657536,1.18060273972603
"100895",8.44668493150687,3.88602739726028,9.13906849315069,5.51835616438356,1.15594520547947,9.58586301369863,1.11747945205479
"100896",10.274301369863,4.49654794520549,6.52142465753423,3.45797260273972,1.90257534246575,7.76120547945203,1.64909589041096
"100897",9.71605479452055,6.77490410958904,7.55408219178082,4.13852054794521,5.07550684931508,7.85884931506848,1.74772602739728
"100898",10.4311232876712,7.55901369863011,7.21282191780824,3.53786301369863,5.56076712328766,7.25227397260275,2.1787397260274
"100899",10.0326575342466,7.36767123287669,7.92690410958906,4.03101369863018,5.18498630136983,7.71090410958905,1.12536986301373
"100900",8.85600000000002,6.1308493150685,9.0019726027397,5.17709589041095,4.01030136986301,8.86684931506846,2.35923287671233
"100901",10.0178630136986,7.22071232876715,7.51857534246574,3.91758904109588,5.35265753424659,7.61424657534246,2.56635616438356
"100902",12.7765479452055,9.25545205479455,4.05369863013698,0.946849315068505,7.67638356164386,4.77863013698629,1.09084931506848
"100903",11.9283287671233,8.44175342465755,5.34772602739724,1.93216438356163,6.48295890410961,5.76789041095887,1.75364383561643
"100904",13.3781917808219,9.28109589041097,3.36230136986299,0.323506849315066,7.51463013698631,4.27364383561644,0.280109589041075
"100905",12.4175342465753,8.55024657534247,4.53797260273973,1.34827397260273,6.69994520547945,5.25501369863017,0.252493150684955
"100906",8.46641095890413,6.49380821917811,9.27517808219176,5.52427397260271,4.82498630136988,9.05424657534246,2.67780821917808
"100907",7.55506849315069,5.1514520547945,10.0198356164384,6.38827397260275,3.43232876712327,10.0040547945206,3.07824657534246
"100908",8.05808219178078,4.50049315068492,9.19627397260277,5.79649315068494,2.53084931506848,9.6460273972603,2.57326027397264
"100909",8.54531506849318,3.69369863013699,8.49698630136984,5.25501369863011,1.31079452054794,9.36986301369865,2.32668493150683
"100910",8.24449315068495,3.80712328767126,9.33139726027395,5.71660273972603,1.14213698630138,9.75747945205478,2.75967123287671
"100911",9.77523287671232,5.1820273972603,7.0816438356164,3.96591780821916,3.08219178082192,8.02257534246573,1.77632876712326
"100912",10.1293150684932,6.12098630136987,6.48295890410958,3.53194520547942,4.51035616438358,7.46038356164379,1.34038356164382
"100913",11.0179726027397,8.70410958904111,6.39320547945206,2.87506849315068,7.17041095890414,6.46717808219177,0.21895890410957
"100914",8.68931506849313,5.0163287671233,9,5.30038356164383,2.6058082191781,9.18443835616435,1.94695890410958
"100915",4.90586301369862,1.97556164383562,12.5861917808219,9.01676712328765,0.084821917808199,12.7410410958904,3.06542465753424
"100916",4.7253698630137,3.42739726027398,12.8367123287671,9.20416438356165,2.23101369863014,12.5891506849315,2.60383561643837
"100917",8.45457534246574,4.58432876712328,8.9388493150685,5.4453698630137,2.34542465753427,9.36295890410958,1.29205479452057
"100918",7.44854794520552,3.57534246575344,10.0888767123288,6.4957808219178,1.20624657534248,10.418301369863,1.94695890410958
"100919",9.37479452054797,5.12975342465757,7.98509589041092,4.51824657534246,2.74586301369865,8.51375342465749,0.106520547945223
"100920",9.55726027397262,6.96427397260274,7.82728767123288,4.32887671232879,5.32602739726028,7.98016438356166,0.659835616438386
"100921",9.554301369863,7.16054794520548,8.35989041095891,4.4935890410959,5.14454794520549,8.11528767123286,0.885698630137
"100923",12.3356712328767,7.57972602739727,4.70761643835615,1.46367123287672,5.24021917808221,5.55879452054793,0.395506849315069
"100924",13.032,8.59265753424657,4.01523287671236,0.766356164383552,6.39616438356165,4.79539726027397,0.735780821917785
"100925",13.4541369863014,9.86794520547946,3.6404383561644,0.351123287671214,8.02553424657535,4.20361643835616,0.597698630136989
"100926",13.3722739726027,9.5306301369863,3.30016438356165,0.305753424657524,7.94268493150682,4.20164383561644,0.138082191780825
"100927",13.1434520547945,8.70805479452056,3.50728767123289,0.53260273972603,6.86465753424656,4.55178082191782,0.240657534246566
"100928",11.7606575342466,8.31452054794519,5.25304109589041,2.01895890410961,6.60821917808218,5.83989041095893,0.0226849315068591
"100929",10.0109589041096,7.34005479452057,7.49786301369863,3.91463013698629,5.55484931506851,7.58465753424659,0.769315068493171
"100930",9.40142465753422,6.92778082191779,7.78586301369864,4.42356164383565,5.51835616438353,8.04427397260275,1.00208219178086
"100931",8.16558904109587,5.89413698630136,9.12230136986304,5.68898630136988,4.49063013698631,9.27024657534247,1.74279452054799
"100932",7.3903561643836,5.55879452054799,10.0208219178082,6.4977534246575,4.24898630136988,9.99024657534244,2.23101369863014
"100933",7.85194520547944,4.50345205479451,9.72197260273973,6.09928767123287,2.34443835616435,9.91232876712328,2.28920547945205
"100934",7.32032876712327,4.90882191780821,10.1086027397261,6.57764383561647,3.31397260273971,10.1924383561644,2.57030136986302
"100935",8.24942465753423,5.28065753424659,9.15978082191779,5.64854794520548,3.44515068493152,9.37873972602739,2.04065753424658
"100936",10.6954520547945,5.62487671232876,6.86663013698634,3.26663013698632,2.67780821917808,7.43967123287675,0.439890410958924
"100937",9.63221917808221,6.73347945205484,8.18926027397259,4.39199999999997,4.56460273972607,8.1162739726027,1.87002739726026
"100938",1.59189041095885,1.29304109589037,16.8460273972603,12.5990136986302,0.215013698630173,15.7956164383562,5.14849315068494
"100939",3.46980821917808,3.8268493150685,14.033095890411,10.4281643835617,3.45106849315067,13.4649863013699,3.83868493150683
"100940",8.50487671232878,4.41172602739729,8.44964383561643,5.26191780821915,2.45687671232881,9.21599999999998,1.59583561643834
"100941",7.55210958904112,3.26860273972605,9.85512328767123,6.35572602739725,0.824547945205495,10.3601095890411,1.84339726027395
"100942",8.41906849315069,5.69884931506851,9.36789041095886,5.59232876712326,3.64339726027401,9.27912328767121,1.60471232876708
"100943",9.8985205479452,6.1101369863014,7.64778082191782,4.0477808219178,3.7735890410959,7.95254794520548,0.565150684931496
"100944",8.42104109589044,7.22860273972606,9.62334246575338,5.65643835616436,5.65545205479455,9.03057534246574,0.656876712328739
"100945",13.9196712328767,8.73961643835622,2.138301369863,0.420164383561655,7.07473972602742,3.74104109589041,0.627287671232892
"100946",13.7500273972603,8.84909589041098,3.1512328767123,0.00789041095890752,6.56778082191781,4.12964383561643,0.00690410958901566
"100947",14.0232328767123,9.5217534246575,3.39879452054799,0.109479452054785,6.96427397260271,3.94224657534247,0.443835616438378
"100948",13.7066301369863,10.620493150685,3.64734246575341,0.174575342465744,8.78005479452057,3.92843835616438,0.52668493150685
"100949",12.6394520547945,8.16657534246579,4.58531506849312,1.21413698630136,5.79649315068497,5.25402739726024,0.134136986301399
"100950",10.9035616438356,7.28284931506846,6.2245479452055,2.91254794520549,5.39309589041093,6.77194520547948,0.192328767123286
"100951",9.39945205479452,6.32120547945203,8.08964383561644,4.52317808219181,4.36339726027398,8.27802739726027,0.610520547945214
"100952",8.05315068493152,5.11791780821918,9.50597260273972,5.89019178082191,3.16504109589042,9.61643835616437,0.858082191780795
"100953",7.3410410958904,4.3170410958904,10.0257534246575,6.54410958904108,2.49336986301373,10.2841643835616,1.24865753424655
"100954",5.52230136986299,2.73797260273972,12.1137534246576,8.44372602739728,0.787068493150684,12.1403835616438,2.4174246575343
"100955",3.18871232876711,1.52284931506847,14.3467397260274,10.7358904109589,0.179506849315061,14.1968219178082,4.46597260273975
"100956",1.75364383561646,0.585863013698628,16.2236712328767,12.3031232876712,0.918246575342437,15.6693698630137,5.54202739726028
"100957",4.99561643835619,2.88394520547948,12.9343561643836,9.05523287671232,0.985315068493151,12.6177534246575,4.23813698630136
"100958",8.34904109589039,4.7460821917808,9.46553424657537,5.67813698630138,2.25863013698628,9.5503561643836,2.44800000000001
"100959",9.48920547945204,7.34893150684931,8.57589041095895,4.60306849315069,5.31715068493151,8.17545205479453,2.52098630136987
"100960",4.17599999999996,2.44997260273971,14.364493150685,10.0592876712329,0.189369863013667,13.5557260273973,4.44723287671235
"100961",4.24898630136991,3.22915068493154,12.8209315068493,9.52767123287668,2.59791780821919,12.8416438356164,3.95013698630135
"100962",8.29380821917809,4.82893150684933,8.65282191780821,5.46509589041096,3.17391780821919,9.28799999999998,2.28920547945205
"100963",7.54421917808219,3.49841095890412,10.1243835616438,6.44153424657534,0.93402739726028,10.4035068493151,2.51506849315066
"100964",7.96142465753425,6.02531506849314,10.3670136986301,6.20975342465755,3.85347945205481,9.74564383561645,2.86915068493153
"100965",9.01775342465754,4.69183561643834,8.39243835616443,4.89205479452056,2.22706849315065,8.90531506849319,1.56526027397263
"100966",8.59068493150684,5.30334246575339,8.93293150684934,5.34476712328771,3.21928767123282,9.14400000000003,0.636164383561692
"100967",7.74147945205482,5.73238356164381,9.90246575342465,6.21961643835616,4.13457534246575,9.75452054794522,0.802849315068499
"100968",9.7624109589041,5.14356164383562,7.18126027397261,4.0053698630137,2.95397260273973,8.0699178082192,0.109479452054785
"100969",5.05479452054792,2.23002739726024,12.9471780821918,9.02367123287672,0.0631232876712318,12.7380821917808,2.28624657534246
"100970",0.992219178082166,0.283068493150665,17.1547397260274,13.1128767123288,1.15693150684933,16.387397260274,5.00449315068497
"100971",3.69172602739724,1.40547945205481,13.3535342465754,10.0878904109589,0.210082191780799,13.6661917808219,3.60394520547945
"100972",0.943890410958915,0.538520547945211,16.5244931506849,12.9590136986301,1.73589041095892,16.3795068493151,5.93950684931508
"100973",1.85128767123285,1.98443835616439,16.0195068493151,12.1946301369863,4.63068493150686,16.1171506849315,5.73041095890412
"100974",3.65227397260273,1.6076712328767,14.0202739726028,10.317698630137,0.033534246575357,13.8614794520548,5.90695890410962
"100975",6.97808219178086,4.81512328767124,10.9637260273973,7.07671232876709,2.88197260273972,10.6500821917808,3.99353424657534
"100976",9.66476712328767,6.27583561643837,8.4072328767123,4.44032876712328,3.6591780821918,8.27309589041096,2.50224657534247
"100977",8.18334246575341,5.65545205479452,10.7171506849315,6.16931506849315,2.70345205479452,9.84230136986301,4.08624657534247
"100978",5.44832876712329,1.00800000000001,11.886904109589,8.43879452054793,1.44394520547945,12.4747397260274,3.82882191780823
"100979",8.38849315068492,4.90487671232873,8.48416438356165,5.34772602739727,3.3060821917808,9.17260273972605,2.91649315068494
"100980",7.52942465753426,3.72723287671229,9.97347945205482,6.40306849315067,1.42224657534246,10.3098082191781,3.53786301369865
"100981",6.56580821917811,5.38520547945208,11.7340273972602,7.59057534246574,3.59013698630139,10.9676712328767,4.03791780821916
"100982",8.27901369863014,4.45315068493147,8.54531506849315,5.4453698630137,2.73797260273972,9.34126027397261,1.84438356164384
"100983",7.34399999999999,3.42246575342463,9.67265753424661,6.44054794520551,1.49227397260273,10.361095890411,1.27430136986303
"100984",7.24536986301368,4.77961643835613,10.2417534246575,6.67134246575344,3.10783561643834,10.2979726027397,1.31769863013699
"100985",6.51254794520548,2.376,10.9558356164383,7.41304109589041,0.0532602739725974,11.3888219178082,2.53676712328769
"100986",4.58630136986304,0.678575342465763,13.5113424657534,9.53063013698628,2.20142465753423,13.4728767123287,4.19769863013698
"100987",5.20175342465754,2.12646575342467,11.4667397260274,8.4683835616438,0.898520547945196,12.2035068493151,4.08920547945203
"100988",2.92536986301369,0.0295890410959032,14.0074520547945,10.8246575342466,1.43605479452054,14.5410410958904,5.70279452054794
"100989",3.16997260273973,0.118356164383528,14.0873424657534,10.6836164383562,1.96767123287668,14.4769315068493,6.38531506849313
"100990",4.44624657534246,3.08909589041093,12.9540821917808,9.43397260273974,2.00810958904108,12.8268493150685,6.57468493150685
"100991",6.12591780821916,4.47682191780819,11.9855342465754,7.9762191780822,2.63046575342466,11.4470136986301,5.26191780821918
"100992",9.38564383561643,6.95243835616435,7.99002739726026,4.49654794520546,5.39506849315069,8.114301369863,3.0969863013699
"100993",6.93468493150687,5.7659178082192,10.9706301369863,7.09939726027395,4.32493150684934,10.4656438356164,4.34958904109587
"100994",3.96000000000001,3.86136986301369,13.3624109589041,9.88569863013697,3.43430136986302,13.0132602739726,5.38323287671233
"100995",6.30542465753425,6.69797260273972,10.872,7.49194520547945,6.62695890410959,10.5139726027397,5.00350684931507
"100996",5.94739726027399,4.39397260273975,11.8474520547945,8.05709589041092,2.87309589041098,11.5002739726027,5.23331506849314
"100997",4.02115068493154,4.64449315068492,14.2185205479452,10.1007123287671,3.73906849315071,13.0990684931507,5.48580821917807
"100998",3.55265753424658,4.21643835616439,13.9985753424658,10.3581369863014,3.93928767123288,13.3308493150685,3.86531506849317
"100999",5.21556164383563,3.92942465753427,11.958904109589,8.59561643835616,3.08219178082192,11.9677808219178,2.68964383561644
"101000",6.13873972602741,4.58531506849314,11.4578630136986,7.80361643835619,3.23999999999998,11.2418630136986,2.50915068493151
"101001",7.23945205479455,4.61391780821921,10.2565479452055,6.68120547945202,2.86126027397262,10.3413698630137,1.61161643835612
"101002",6.62202739726027,5.97994520547942,10.886794520548,7.28679452054797,5.13567123287669,10.5317260273973,1.78915068493151
"101003",9.80975342465754,4.91572602739726,6.67627397260273,3.81994520547946,3.0052602739726,7.93084931506849,1.79112328767124
"101004",8.64394520547947,3.91364383561645,8.67057534246575,5.23923287671229,1.34630136986303,9.33534246575343,3.01512328767123
"101005",6.65260273972598,2.05347945205477,10.5928767123288,7.20789041095892,0.393534246575342,11.275397260274,4.30224657534251
"101006",4.87430136986302,0.77424657534246,12.0772602739726,8.89150684931508,1.18060273972603,12.8475616438356,5.6741917808219
"101007",5.53019178082192,0.960657534246565,11.2941369863014,8.20010958904109,1.09972602739728,12.2518356164383,5.81227397260275
"101008",4.14049315068493,0.988273972602741,13.6612602739726,9.87879452054793,1.28021917808221,13.6573150684931,7.11813698630135
"101009",3.40668493150685,0.341260273972608,15.2590684931507,10.8779178082192,2.65216438356165,14.6584109589041,6.97709589041096
"101010",9.79693150684932,7.24931506849316,7.5412602739726,4.07539726027397,5.6722191780822,7.71484931506851,3.32284931506848
"101011",6.4661917808219,5.38717808219178,10.8996164383562,7.40219178082191,4.46695890410962,10.7349041095891,4.50246575342467
"101012",4.52021917808221,3.83276712328768,12.2478904109589,9.15978082191776,3.62169863013702,12.3978082191781,5.34378082191779
"101013",5.65545205479455,4.71846575342468,11.1156164383561,8.02750684931505,4.38904109589043,11.3178082191781,5.52624657534244
"101014",6.60723287671232,5.51441095890411,11.0692602739726,7.35682191780822,4.31210958904109,10.7003835616438,5.60219178082193
"101015",0.220931506849297,0.165698630137001,18.4349589041096,14.0350684931507,1.42323287671235,17.1853150684932,7.23452054794521
"101016",0.458630136986301,1.35024657534245,17.9487123287671,13.7135342465754,0.422136986301354,16.6596164383562,6.11408219178082
"101017",5.45128767123285,3.54575342465751,12.0092054794521,8.45260273972607,2.15704109589038,11.9618630136987,3.23605479452056
"101018",6.44252054794521,3.6798904109589,11.153095890411,7.51068493150683,1.77534246575343,11.2014246575343,2.78432876712327
"101019",7.0392328767123,4.10498630136988,10.5258082191781,6.90608219178083,2.14717808219177,10.6323287671233,2.14421917808221
"101020",6.69304109589044,5.09030136986303,10.9952876712329,7.27890410958904,3.64142465753426,10.7299726027397,2.29117808219178
"101021",6.63484931506846,5.19879452054792,10.9232876712329,7.29567123287674,3.94224657534244,10.7082739726027,1.96964383561644
"101022",5.83693150684934,4.61391780821918,11.8119452054794,8.11923287671232,3.37610958904111,11.4904109589041,2.03671232876712
"101023",10.7378630136986,5.25501369863014,6.16931506849315,3.02597260273976,2.69852054794518,7.27002739726029,2.09391780821917
"101024",10.0158904109589,5.55287671232878,7.19112328767127,3.83178082191782,3.2025205479452,7.86969863013701,3.06049315068495
"101025",8.42991780821916,4.00043835616438,9.35210958904111,5.59430136986305,1.1569315068493,9.63912328767125,4.09315068493152
"101026",6.75221917808219,1.9410410958904,10.6047123287671,7.1437808219178,0.702246575342485,11.2586301369863,5.25304109589041
"101027",6.22158904109588,1.86016438356162,10.8591780821918,7.58663013698632,0.331397260274002,11.5998904109589,5.87835616438358
"101028",5.90498630136986,2.03079452054794,11.2073424657534,7.90915068493152,0.0384657534246458,11.8208219178082,6.44054794520548
"101029",6.24032876712332,2.58312328767127,11.2408767123287,7.6852602739726,0.363945205479467,11.5604383561644,6.01150684931505
"101030",10.1835616438356,8.24153424657536,7.14575342465753,3.68087671232874,6.95243835616441,7.19408219178081,3.65128767123286
"101031",7.33512328767125,6.3517808219178,10.3206575342465,6.6210410958904,5.21852054794522,9.94191780821916,4.52810958904109
"101032",5.45621917808219,2.93227397260273,11.5555068493151,8.31452054794522,1.65501369863014,11.9421369863014,4.88909589041097
"101033",6.21271232876714,3.48263013698633,10.2259726027397,7.3834520547945,2.6166575342466,11.0406575342465,5.14158904109587
"101034",7.24635616438354,5.26389041095888,10.0888767123288,6.62005479452057,3.95112328767124,10.1421369863014,5.47298630136987
"101035",5.85665753424655,3.28832876712329,11.3030136986301,7.96043835616439,1.85917808219179,11.6008767123288,5.75210958904108
"101036",1.15199999999999,0.799890410958909,19.7309589041096,15.3813698630137,2.13139726027396,18.4438356164383,8.01961643835614
"101037",4.90389041095889,2.67682191780818,12.916602739726,9.11342465753427,0.821589041095876,12.6986301369863,5.03408219178084
"101038",5.14553424657535,4.17106849315067,12.2636712328767,8.73468493150688,3.25972602739725,12.0476712328767,4.50345205479451
"101039",6.61512328767122,3.16504109589042,11.1876164383562,7.40712328767125,0.758465753424673,11.2477808219178,2.95989041095891
"101040",7.65468493150684,4.76876712328763,9.62531506849319,6.20186301369864,3.0871232876712,9.91134246575345,2.43123287671233
"101041",7.18520547945207,4.39101369863013,10.2318904109589,6.71276712328768,2.6284931506849,10.4064657534247,2.40263013698632
"101042",6.08646575342468,3.6887671232877,11.3168219178082,7.80361643835616,2.12252054794521,11.4144657534247,2.17183561643833
"101043",6.21468493150687,3.93435616438356,10.6037260273972,7.49490410958902,2.94213698630136,11.0672876712329,1.51002739726027
"101044",5.44043835616438,2.96876712328765,11.1126575342466,8.18926027397262,2.12252054794519,11.7951780821918,1.0533698630137
"101045",10.656,6.24427397260277,6.92975342465752,3.30805479452053,3.58224657534245,7.34400000000002,3.36624657534247
"101046",9.71112328767123,5.88032876712327,7.76909589041097,4.21545205479453,3.58224657534245,8.12712328767125,3.91364383561645
"101047",7.73852054794523,3.72427397260276,10.3285479452054,6.37052054794518,0.82060273972607,10.3344657534246,4.89402739726023
"101048",6.61216438356166,1.88087671232879,10.4015342465753,7.17830136986299,0.422136986301354,11.2675068493151,5.49764383561643
"101049",6.31923287671233,1.0237808219178,10.5692054794521,7.43769863013699,1.43013698630136,11.642301369863,5.78860273972603
"101050",9.07101369863011,3.34947945205479,7.41402739726027,4.5655890410959,1.05632876712329,8.84909589041095,4.56065753424662
"101051",11.6245479452055,9.24657534246577,5.95824657534249,2.32175342465754,7.53139726027396,5.93161643835617,3.75287671232877
"101052",9.09468493150686,6.55101369863016,8.68241095890411,4.9117808219178,4.58630136986301,8.56208219178083,4.04580821917807
"101053",4.43638356164382,2.11364383561641,13.2499726027397,9.54049315068494,0.332383561643809,13.1414794520548,5.46509589041096
"101054",4.75594520547943,2.7113424657534,11.9500273972603,8.9171506849315,1.92723287671234,12.4372602739726,5.67517808219179
"101055",4.74805479452056,3.46882191780824,12.3011506849315,9.02367123287669,2.73599999999999,12.3918904109589,6.42082191780821
"101056",6.06180821917806,2.94608219178082,11.1264657534247,7.7681095890411,1.23780821917808,11.5239452054795,6.20679452054796
"101057",4.54389041095891,2.58115068493152,13.550794520548,9.55627397260275,0.605589041095868,13.0921643835617,7.4238904109589
"101058",3.05852054794522,1.39857534246576,15.6466849315068,11.2260821917808,0.977424657534215,14.7136438356164,7.82630136986299
"101059",5.28558904109593,3.09895890410965,12.6552328767123,8.76821917808215,1.15495890410963,12.347506849315,5.55189041095886
"101060",5.00646575342464,2.82082191780819,12.7804931506849,9.00098630136986,1.01391780821916,12.5753424657534,4.64843835616438
"101061",6.98301369863015,4.20263013698633,10.5484931506849,6.95046575342465,2.34739726027399,10.6441643835616,3.62071232876713
"101062",7.78980821917807,4.61983561643834,9.59473972602737,6.1012602739726,2.71331506849313,9.87287671232878,2.99046575342464
"101063",7.39430136986303,3.07923287671235,9.52471232876712,6.36361643835616,1.05435616438359,10.3640547945205,2.36909589041093
"101064",6.82717808219178,3.94717808219181,10.0287123287671,6.89917808219175,2.64328767123288,10.5968219178082,2.24876712328765
"101065",6.13578082191782,3.51715068493152,10.3936438356164,7.48799999999997,2.62356164383561,11.123506849315,1.93413698630138
"101066",5.38816438356167,2.64920547945206,11.0988493150685,8.22279452054795,1.73589041095892,11.8839452054794,1.93019178082193
"101067",4.46005479452054,3.53095890410958,12.3583561643835,9.23769863013698,3.16504109589042,12.5270136986301,2.78827397260272
"101068",9.61742465753423,6.00460273972604,7.62115068493151,4.23320547945207,4.02115068493151,8.0935890410959,3.85643835616438
"101069",9.49019178082193,6.04010958904109,7.60142465753424,4.31309589041095,4.26378082191781,8.136,3.75189041095891
"101070",8.70509589041097,4.97589041095893,8.19221917808218,5.04098630136986,3.24197260273974,8.91813698630139,4.04186301369862
"101071",7.36569863013699,1.83254794520548,9.26432876712329,6.31331506849315,0.503013698630156,10.5613150684932,4.54586301369861
"101072",9.15978082191782,2.2507397260274,7.07769863013698,4.40975342465751,0.373808219178045,8.93687671232877,4.27364383561641
"101073",11.6847123287671,7.94564383561644,6.48887671232876,2.45490410958902,5.07550684931508,6.36361643835616,4.276602739726
"101074",9.69238356164382,6.04898630136987,7.86772602739728,4.25687671232876,3.76767123287672,8.13205479452054,3.71342465753423
"101075",4.629698630137,1.66389041095891,12.7617534246575,9.26235616438356,0.154849315068475,12.9915616438356,4.94235616438354
"101076",3.30608219178083,2.27934246575344,14.1139726027397,10.5780821917808,1.33446575342467,13.9019178082192,6.13578082191779
"101077",3.22915068493151,2.63539726027398,13.6622465753425,10.4883287671233,2.35923287671233,13.7095890410959,6.75221917808221
"101078",2.80602739726027,2.42334246575342,14.6258630136986,11.0761643835617,1.76843835616438,14.2658630136986,7.90224657534247
"101079",1.91638356164381,1.93808219178084,16.027397260274,12.1196712328768,1.01589041095889,15.2373698630137,9.23967123287673
"101080",3.98761643835616,3.36624657534247,13.9226301369863,10.0444931506849,2.17578082191778,13.2953424657534,8.88263013698631
"101081",0.90246575342465,0.410301369863021,18.2248767123288,13.5024657534246,1.79999999999998,16.7552876712329,9.1893698630137
"101082",4.1493698630137,2.1895890410959,13.989698630137,9.96460273972602,0.174575342465772,13.5004931506849,6.24821917808217
"101083",6.624,3.99550684931509,10.4350684931507,7.16252054794521,2.62849315068496,10.8128219178082,4.42454794520549
"101084",6.96131506849318,4.28350684931507,10.4409863013699,6.93073972602741,2.58805479452056,10.5997808219178,4.18290410958903
"101085",6.95243835616438,4.56164383561645,10.2989589041096,6.89128767123287,3.13446575342465,10.497205479452,3.77260273972604
"101086",7.67638356164383,5.01731506849316,9.37873972602739,6.10915068493151,3.63945205479453,9.76635616438355,3.13052054794517
"101087",6.4878904109589,3.97972602739725,10.2585205479452,7.20197260273972,2.94608219178082,10.8197260273973,3.1788493150685
"101088",5.00153424657532,3.29227397260271,11.779397260274,8.69128767123289,2.5969315068493,12.1433424657534,3.45797260273974
"101089",4.63857534246577,3.04076712328771,12.6197260273972,9.20021917808216,1.97457534246578,12.6404383561644,3.63649315068491
"101090",4.33183561643835,3.40767123287674,13.326904109589,9.62531506849314,2.30104109589041,12.9333698630137,4.08328767123285
"101091",1.04942465753427,0.971506849315062,17.064,13.0398904109589,0.147945205479431,16.1822465753424,9.52668493150685
"101092",2.28230136986301,0.681534246575325,14.860602739726,11.5209863013699,0.284054794520557,14.9592328767123,8.82345205479456
"101093",2.5436712328767,1.63528767123287,14.6495342465753,11.2704657534247,0.946849315068476,14.5637260273973,8.8540273972603
"101094",1.63923287671233,0.961643835616428,17.4881095890411,12.7676712328767,1.3334794520548,16.0589589041096,9.16865753424659
"101095",4.71747945205479,2.09095890410956,13.1286575342466,9.31068493150684,0.0276164383561763,12.9797260273973,6.5894794520548
"101096",5.50750684931506,2.98947945205481,12.1502465753425,8.46246575342465,1.14213698630138,12.1038904109589,5.67616438356163
"101097",6.20975342465755,3.85841095890413,11.1876164383561,7.67835616438353,2.31879452054795,11.2793424657534,4.87232876712326
"101098",7.08263013698632,4.35254794520552,10.4557808219178,6.85183561643834,2.51309589041097,10.5356712328767,4.2746301369863
"101099",6.46224657534245,3.8051506849315,10.7625205479452,7.37556164383562,2.27736986301369,11.0357260273973,4.16613698630138
"101100",5.27572602739724,3.65326027397256,11.8474520547945,8.52164383561649,2.69556164383559,11.9638356164384,4.43539726027402
"101101",5.30728767123287,3.57041095890406,12.1009315068493,8.57884931506848,2.30695890410956,12.0516164383562,4.32493150684934
"101102",5.01435616438357,3.69961643835617,12.5871780821918,8.928,2.4608219178082,12.3169315068493,4.3574794520548
"101103",2.25468493150683,0.338301369863018,15.379397260274,11.7034520547945,1.20723287671234,15.2186301369863,9.11342465753424
"101104",4.39594520547945,2.59002739726029,13.2558904109589,9.56613698630133,1.07999999999998,13.0586301369863,8.6873424657534
"101105",4.91178082191783,1.92131506849316,12.6374794520548,9.02860273972601,0.0483287671232517,12.7666849315068,7.72175342465749
"101106",4.8161095890411,1.48438356164382,13.4048219178082,9.33435616438356,1.23780821917808,13.1592328767123,6.85972602739727
"101107",5.72350684931504,2.67978082191777,12.1196712328767,8.30761643835618,0.425095890410944,12.0634520547945,5.74915068493152
"101108",6.02630136986303,3.744,11.6837260273973,7.9574794520548,1.9597808219178,11.5505753424658,5.256
"101109",5.71265753424655,3.69468493150686,11.9500273972603,8.25435616438355,2.07616438356163,11.7922191780822,5.09819178082191
"101110",5.45424657534247,3.355397260274,12.0565479452055,8.46739726027397,1.83254794520548,12.017095890411,5.13369863013699
"101111",5.44438356164383,3.62761643835614,12.045698630137,8.46838356164383,2.25369863013697,11.958904109589,4.98279452054794
"101112",4.21150684931507,0.162739726027411,13.082301369863,9.65884931506849,2.07123287671232,13.6119452054795,8.28591780821918
"101113",4.81512328767124,1.68657534246574,12.8574246575342,9.16471232876714,0.456657534246574,12.9343561643836,8.82838356164385
"101114",4.88613698630135,2.2931506849315,12.4293698630137,8.97928767123287,0.715068493150653,12.6276164383562,8.35989041095891
"101115",3.96887671232875,1.19835616438357,13.8723287671233,10.0592876712329,0.927123287671236,13.7579178082192,8.30663013698629
"101116",3.71835616438355,0.985315068493151,14.6505205479452,10.4725479452055,1.59090410958902,14.1761095890411,7.78487671232875
"101117",6.12000000000003,2.93227397260276,11.5269041095891,7.8529315068493,0.786082191780821,11.6334246575342,5.69786301369859
"101118",5.78564383561644,3.53983561643835,11.9352328767123,8.20208219178082,1.76449315068493,11.7872876712329,5.68010958904108
"101119",5.14652054794519,3.64832876712327,12.4648767123288,8.8007671232877,2.3168219178082,12.2281643835617,5.98389041095891
"101120",5.1327123287671,3.69073972602737,12.3593424657534,8.77709589041098,2.49041095890408,12.189698630137,5.67616438356166
"101121",3.79331506849317,0.059178082191778,14.1139726027397,10.2644383561644,2.74684931506846,14.190904109589,9.19627397260271
"101122",3.98958904109588,2.22410958904112,13.6819726027397,9.97742465753424,0.714082191780818,13.4620273972602,9.13315068493154
"101123",4.43638356164382,2.23101369863014,13.0162191780822,9.4675068493151,0.711123287671199,13.0389041095891,8.59758904109592
"101124",4.00241095890411,2.10575342465751,14.0636712328767,10.0878904109589,0.186410958904105,13.6089863013699,8.51868493150684
"101125",4.72438356164383,1.32756164383559,13.7884931506849,9.51583561643838,1.68361643835618,13.3614246575343,7.17139726027398
"101126",6.00460273972604,2.66005479452056,11.8523835616438,8.03342465753423,0.25347945205479,11.8523835616438,6.21764383561646
"101127",5.34575342465757,3.47769863013701,12.3198904109589,8.62027397260269,1.92526027397261,12.1265753424657,6.53523287671229
"101128",2.99835616438352,0.122301369863038,14.3260273972603,10.8739726027397,1.95386301369865,14.6337534246575,9.3846575342466
"101129",3.50926027397264,0.303780821917826,13.780602739726,10.353205479452,1.53567123287669,14.1297534246575,9.12230136986298
"101130",4.9443287671233,2.06630136986303,12.4106301369863,8.9358904109589,0.321534246575339,12.6453698630137,8.55221917808217
"101131",4.18980821917805,1.83353424657534,13.3101369863014,9.72986301369863,0.201205479452028,13.3338082191781,9.0641095890411
"101132",5.39112328767121,1.12832876712326,12.5881643835617,8.69326027397264,1.81183561643837,12.7065205479452,7.72076712328766
"101133",6.74334246575344,0.678575342465791,11.210301369863,7.34794520547942,3.07430136986301,11.7379726027397,6.58750684931505
"101134",6.9869589041096,1.58498630136987,10.1973698630137,6.86169863013697,1.18060273972603,11.0958904109589,6.29753424657534
"101135",3.20942465753424,0.146958904109596,13.6218082191781,10.5110136986301,1.22104109589043,14.2471232876713,8.96646575342467
"101136",4.298301369863,1.972602739726,12.7568219178083,9.48427397260278,0.74860273972601,13.0714520547945,8.95463013698634
"101137",4.74509589041094,1.90257534246575,12.7647123287671,9.18147945205479,0.0355068493150839,12.888,8.96054794520549
"101138",6.02038356164383,1.58695890410959,11.6758356164383,7.97819178082193,1.18257534246575,12.0210410958904,8.08569863013699
"101139",7.16843835616439,0.881753424657546,10.2871232876712,6.77095890410959,2.53380821917807,11.1964931506849,7.33512328767122
"101140",6.28372602739722,1.57709589041093,11.3838904109589,7.70794520547946,1.29304109589043,11.808,7.65369863013703
"101141",3.189698630137,0.73479452054795,13.4235616438356,10.4587397260274,0.156821917808202,14.061698630137,8.93490410958901
"101142",4.72635616438356,1.57315068493153,11.3868493150685,8.77315068493149,0.799890410958909,12.5112328767123,8.71002739726026
"101143",4.73128767123291,0.405369863013703,12.5112328767123,9.12624657534246,1.91243835616439,13.1365479452055,9.15780821917809
"101144",5.60021917808217,0.918246575342437,12.0082191780822,8.373698630137,1.88778082191783,12.4658630136987,8.74849315068494
"101145",6.26991780821916,2.48745205479452,11.210301369863,7.65567123287673,0.211068493150691,11.5574794520548,8.53150684931509
"101146",6.92186301369864,2.55353424657534,10.5435616438356,7.00471232876714,0.0187397260274054,11.0288219178082,8.00186301369862
"101147",3.09698630136987,1.40350684931508,14.0301369863014,10.7033424657534,0.409315068493186,14.1593424657534,9.57895890410958
"101148",3.9728219178082,1.8325479452055,12.8929315068493,9.75057534246574,0.863013698630141,13.2943561643836,9.45567123287671
"101149",4.7993424657534,0.162739726027382,12.3780821917808,9.04142465753426,2.23989041095894,13.1148493150685,9.18147945205479
"101150",6.53227397260272,0.241643835616458,10.828602739726,7.38246575342467,3.79923287671235,11.9076164383562,8.18038356164388
"101151",6.94060273972607,1.10169863013704,10.4271780821918,6.96821917808219,2.02783561643832,11.2980821917808,8.06794520547942
"101152",6.73939726027399,2.21917808219177,10.6096438356164,7.15265753424657,0.284054794520529,11.2053698630137,8.10246575342464
"101153",4.00438356164383,0.598684931506853,12.902794520548,9.74169863013699,0.995178082191813,13.5517808219178,9.50794520547947
"101154",4.61293150684929,1.32065753424658,11.8139178082192,8.98520547945208,0.20515068493151,12.7597808219178,9.17161643835618
"101155",6.39419178082193,0.767342465753444,10.5425753424658,7.39331506849314,4.12865753424657,11.9884931506849,8.23167123287669
"101156",5.79747945205483,0.968547945205501,11.3306301369863,8.02849315068491,1.48142465753426,12.1413698630137,8.51769863013701
"101157",5.56175342465752,0.963616438356155,11.404602739726,8.21293150684932,1.23386301369865,12.2735342465754,8.44865753424659
"101158",3.81304109589044,0.188383561643832,13.4235616438356,10.036602739726,1.79901369863012,13.8999452054794,9.54936986301368
