"","Andrena_carlini","Andrena_miserabilis","Osmia_atriventris","Osmia_bucephala","Osmia_lignaria","Osmia_pumila","Andrena_violae","latitude"
"100001",0,0,0.0410407250819602,0.0338984804553997,0,0.0531336161510114,0.0610734675138072,25.316
"100002",0,0,0.0345617172164201,0.0259216770709308,0,0.047335590117271,0.00945915553389031,25.329
"100003",0,0,0.03428253117682,0.0285006453486243,0,0.0519885906242058,0.050479003037183,25.637
"100004",0,0,0.0269255867010246,0.0184484024977415,0,0.0457389096156498,0,25.637
"100005",0,0,0.023334332652383,0.0153551330961162,0,0.0455617043515975,0,25.669
"100006",0,0.00294931560427844,0.0500566654404056,0.0431632577190542,0,0.0608275598367529,0.0945311707031551,25.963
"100007",0,0,0,0,0,0.0425009755524147,0.00566030694631453,25.961
"100008",0,0,0,0,0,0,0,25.961
"100009",0,0,0,0,0,0.0239675092245379,0,25.962
"100010",0,0,0.0567809382168191,0.0482034231227448,0,0.0623073302682273,0.0927763331638683,26.291
"100011",0,0,0.0502472786434016,0.0424655045549994,0,0.059539970451591,0.0790922571052909,26.283
"100012",0,0,0.0226822845571449,0.0130370361008219,0,0.0449305323023581,0,26.283
"100013",0,0,0,0,0,0,0,26.283
"100014",0,0,0,0,0,0,0,26.284
"100015",0,0,0.0396644327150665,0.0317325608644182,0,0.0523886266089796,0.0393835623233048,26.611
"100016",0,0,0.052200160033757,0.0431917842469183,0,0.0582617902920235,0.0641007862526927,26.605
"100017",0,0,0.0471311591000058,0.0383630830289252,0,0.0553412050655219,0.0539174872419326,26.605
"100018",0,0,0.0303043164645834,0.019604497453512,0,0.044202259011174,0,26.605
"100019",0,0,0.0244322258511399,0.00653397475971612,0,0.0390987167541075,0,26.605
"100020",0,0,0,0,0,0.0335779931196346,0,26.605
"100021",0,0,0.0332932428902434,0.0245640707278972,0,0.0484010668764068,0.0263657494846287,26.938
"100022",0,0,0.0473712116556994,0.0380561670381408,0,0.0543943911849101,0.0578660901743543,26.926
"100023",0,0,0.0351648457898478,0.0262274685834457,0,0.0483594732080082,0.0373924057717146,26.926
"100024",0,0,0,0,0,0,0,26.926
"100025",0,0,0,0,0,0,0,26.926
"100026",0,0,0.0419383339197878,0.0336814161329384,0,0.0534298212214876,0.00465096669086344,26.924
"100027",0,0,0.0586515173024951,0.0487867548858991,0,0.0619517615200991,0.0709804943322196,27.262
"100028",0,0,0.0467970601954554,0.0372683420839754,0,0.0545088090869379,0.0444792334172535,27.246
"100029",0,0,0,0,0,0.036463412878553,0.0258490464560369,27.246
"100030",0,0,0,0,0,0.0253112196966527,0.00137226895949183,27.246
"100031",0,0,0,0,0,0,0,27.246
"100032",0,0,0,0,0,0.0130382226073998,0,27.246
"100033",0,0,0,0,0,0.037055497536221,0,27.231
"100034",0,0,0.0600063703207295,0.0498743938330635,0,0.0627130966022045,0.0731874154544403,27.556
"100035",0,0,0.0538797521841661,0.0443484954732204,0,0.0593399931218503,0.0717398179660293,27.565
"100036",0,0,0,0,0,0.0327897260563381,0.036940959017618,27.565
"100037",0,0,0,0,0,0.0375725164960619,0.0416174333413292,27.565
"100038",0,0,0.0305572671653509,0.0225097125823541,0,0.0484725741893218,0.0248081285510438,27.565
"100039",0,0,0.0278494164192445,0.0200398263823408,0,0.0481401703858266,0.00955741683299217,27.565
"100040",0,0,0,0,0,0.0359997935222279,0,27.903
"100041",0,0,0.0365901938997914,0.0279143687508315,0,0.0512513736791516,0.0143787849245754,27.883
"100042",0,0,0.0229114237029631,0.0139655889456266,0,0.0473005709951424,0.006728232886204,27.883
"100043",0,0,0.0542893208706178,0.0449752465286885,0,0.0599093891353543,0.0440970531748984,27.883
"100044",0,0,0.056408889128556,0.0477829346736292,0,0.0629545581020687,0.0542020764062955,27.883
"100045",0,0,0.0376575681526534,0.0301018854218399,0,0.052522174200632,0.0264121530211429,27.875
"100046",0,0,0.0473997777820999,0.037733839430885,0,0.0557653568953488,0.00131342468276773,28.2
"100047",0,0,0.0402453231623898,0.0327246428044677,0,0.0560517765334167,0,28.2
"100048",0,0,0,0,0,0.0460940826881895,0,28.2
"100049",0,0,0.0391262902738771,0.0305856445020325,0,0.0528501001977856,0,28.2
"100050",0,0,0.0362760675862443,0.0287505600328446,0,0.0531120002286658,0,28.2
"100051",0,0,0,0,0,0.0428265633941583,0,28.193
"100052",0,0,0.0575390829708469,0.0485090967489141,0,0.0651704015185695,0,28.516
"100053",0.00972823336175575,0.0204049382416066,0.0779802145616919,0.068243986957496,0.017964499075382,0.0795686105687019,0,28.516
"100054",0,0,0.0358149455624801,0.0288618055182373,0,0.0550290301952908,0,28.516
"100055",0,0,0.0267053776967328,0.0193863035143231,0,0.0497456847981644,0,28.516
"100056",0,0,0,0,0,0.0405539695632737,0,28.516
"100057",0,0,0,0,0,0.0399519818214704,0,28.511
"100058",0,0.00108629773826461,0.0520564608631997,0.0435853251375306,0,0.0626490295590741,0,28.831
"100059",0,0.00394200739962945,0.0582441572881072,0.0492941858596756,0,0.0660133947585224,0,28.831
"100060",0,0,0,0,0,0.0486311841698952,0,28.831
"100061",0,0,0,0,0,0.0437747207428748,0,28.831
"100062",0,0,0,0,0,0.0259290048386279,0,28.829
"100063",0,0,0,0,0,0.0410028724143236,0,29.174
"100064",0,0,0.0336369771106306,0.0254236705065385,0,0.0529985261273883,0,29.146
"100065",0,0,0.0167566695397192,0.00920249164610112,0,0.0509666345988317,0,29.146
"100066",0,0,0,0,0,0.0407004803332732,0,29.146
"100067",0,0,0,0,0,0.0393335946067213,0,29.146
"100068",0,0,0,0,0,0.0130892293254809,0,29.123
"100069",0,0,0.0377732183099925,0.02851721366371,0,0.0527991833671837,0,29.476
"100070",0,0,0.0480805843315076,0.0384162343158232,0,0.0573758287446051,0,29.459
"100071",0,0,0.0317340543091534,0.0235901844603264,0,0.0530564438234839,0,29.459
"100072",0,0,0,0,0,0.0363693763717863,0,29.459
"100073",0,0,0,0,0,0.0286831460727767,0,29.459
"100074",0,0,0,0,0,0.0313208258739319,0,29.458
"100075",0,0,0.07035686539685,0.0595185136041776,0,0.0705959881692511,0,29.824
"100076",0,0,0.0598479647668891,0.0491169397281174,0,0.0623988382232071,0,29.805
"100077",0,0,0.0520362701612342,0.0425793652506498,0,0.0603873106921846,0,29.771
"100078",0,0,0.0445932822860613,0.0342807519105323,0,0.0538266411307642,0,29.771
"100079",0,0,0.0248117035911343,0.0146699483442395,0,0.0494123058276417,0,29.771
"100080",0,0,0,0,0,0.0413092458823609,0,29.771
"100081",0,0,0,0,0,0.0311065184282995,0,29.771
"100082",0,0,0,0,0,0.039662732371049,0,29.763
"100083",0,0,0.056960037240923,0.0473100965041219,0,0.0632145355818319,0,30.145
"100084",0,0.00439812313932909,0.0718660351338049,0.0613031684876677,0,0.072781941743011,0,30.085
"100085",0,0.00417750911971649,0.0780959421033045,0.0669074196859726,0.000455445411289497,0.0760776160631896,0,30.083
"100086",0,0.00368022183375462,0.0751277356991415,0.0642049022793555,0,0.0743641405193045,0,30.084
"100087",0,0,0.0570039401227405,0.0467034776433181,0,0.0617438452959659,0,30.142
"100088",0,0,0.0460161910269752,0.0357975324360877,0,0.0548736215178129,0,30.118
"100089",0,0,0.0418820667990087,0.0318163749188517,0,0.0532366681314401,0,30.083
"100090",0,0,0.0417130654045423,0.0318399135530416,0,0.0534918364984165,0,30.083
"100091",0,0,0.0395260553191212,0.0292356210574183,0,0.0515698116330776,0,30.083
"100092",0,0,0,0,0,0.0379044976568182,0,30.083
"100093",0,0,0,0,0,0.0420062588472431,0,30.083
"100094",0,0,0,0,0,0,0,30.083
"100095",0,0,0,0,0,0,0,30.072
"100096",0,0.00260178878630826,0.0724215083221835,0.0617583923079978,0,0.0720868872515793,0,30.444
"100097",0,0.00305843703462396,0.0775112438974143,0.0663737366299961,0.000579249357791627,0.0749537632039859,0.00730800049253611,30.469
"100098",0,0.000393963075466382,0.0681940645460757,0.0578153384189097,0,0.0697957471343513,0,30.459
"100099",0,0.00291660108141946,0.0628745458123457,0.053121493298979,0,0.0676291730603128,0,30.411
"100100",0,0.00932657825657195,0.0703568830997678,0.0602915868499266,0.00094671668140163,0.0728478348636698,0,30.393
"100101",0.000956844497383737,0.0114162859005872,0.0777495653782732,0.0670658410328195,0.00535569035938731,0.0773937625548542,0,30.393
"100102",0,0.00599316366254824,0.0755568018114813,0.0647221081804081,0.000355518534475605,0.0751658849732099,0,30.393
"100103",0,0,0.0663844759003287,0.055782561263546,0,0.0682983759454583,0,30.393
"100104",0,0,0.0621481985085987,0.0516632978821211,0,0.065529443800517,0,30.393
"100105",0,0,0.0600354644062043,0.0498901995709236,0,0.0648634639296587,0,30.393
"100106",0,0,0.0320175185346122,0.0217426920644954,0,0.0498704720452193,0,30.393
"100107",0,0,0.0423955091650778,0.0326969437164794,0,0.0545926764158238,0,30.393
"100108",0,0,0.0300657413937292,0.0194187622805642,0,0.0488104100722435,0,30.393
"100109",0,0,0,0,0,0.0332413680787548,0,30.393
"100110",0,0,0,0,0,0.0404564321333909,0,30.393
"100111",0,0,0,0,0,0,0,30.393
"100112",0,0.00788720464073983,0.0734203864999642,0.0629704805979332,0.00158278098861142,0.0737467954488026,0,30.735
"100113",0.000439002802782195,0.0100095426233493,0.0755284319077341,0.0650517621217029,0.00410884277547752,0.0753710090548486,5.92407289208134e-05,30.703
"100114",0,0.00871453272200108,0.0719750761322214,0.0617612515153618,0.00157820145305903,0.0732103702084187,0.00104125445917175,30.703
"100115",0,0.00364836584546269,0.0690539187020668,0.0587524361242884,0,0.0708162045029913,0,30.703
"100116",0,0,0.0720405642884999,0.0611724508741,0,0.0717708235275475,0,30.703
"100117",0.000644336608502241,0.0108350737708761,0.0769623653860582,0.0663294228786354,0.00473121304226834,0.0766949049940514,0.0140663804793453,30.703
"100118",0,0.00913942474296573,0.0704988591862173,0.0604029770069735,0.000563441309411591,0.0731446678576315,0,30.703
"100119",0,0,0.0620823408280248,0.0519037049223365,0,0.0663412382090547,0,30.703
"100120",0,0,0.0510640394593228,0.0405670623671334,0,0.0575208194221964,0,30.703
"100121",0,0,0.0349754846587527,0.0240829491896085,0,0.049305739650852,0,30.703
"100122",0,0,0.0417938132831012,0.0305463979344772,0,0.0509534356640395,0,30.703
"100123",0,0,0.0440096730791018,0.0331854299141161,0,0.0531219512604312,0,30.703
"100124",0,0,0.0480082367882381,0.038264428630304,0,0.0579674228069198,0,30.703
"100125",0,0,0.0207163993638782,0,0,0.0464682285611092,0,30.703
"100126",0,0,0,0,0,0.0368791688167814,0,30.703
"100127",0,0,0,0,0,0.0391878365663642,0,30.703
"100128",0,0,0.0278941998882608,0.0154489666670899,0,0.0468375737044828,0,30.703
"100129",0,0,0.0370859666744348,0.0274307922792934,0,0.0525629659631572,0,31.003
"100130",0,0,0.0385679589430583,0.0269118008704864,0,0.0488488508106069,0,31.011
"100131",0,0,0.0283558925138115,0.0145747906160749,0,0.0451112344738234,0,31.011
"100132",0,0,0.012660255386006,0,0,0.0414508233044329,0,31.011
"100133",0,0,0.028617252961215,0.0144523161070908,0,0.0451805186067139,0,31.011
"100134",0,0,0.0335784057611291,0.0222197914568294,0,0.0489192442670201,0,31.011
"100135",0,0,0.0181489150687471,0,0,0.0414952111651295,0,31.011
"100136",0,0,0.0255702051979583,0.0104446890260489,0,0.0454815197331218,0,31.011
"100137",0,0,0.047228762959036,0.0364876610859679,0,0.0548472159943913,0,31.011
"100138",0,0,0.0562316660692651,0.0450233113886849,0,0.0592411397485233,0,31.011
"100139",0,0,0.0307138775928801,0.0166941487413404,0,0.0449753616424647,0,31.315
"100140",0,0,0.0387412311880585,0.0257580523811934,0,0.0458907839236391,0,31.319
"100141",0,0,0.0351643690706231,0.022989335125276,0,0.0471101025304638,0,31.319
"100142",0,0,0.0127795170865665,0,0,0.0428725625493035,0,31.319
"100143",0,0,0.0337266020091415,0.0203559757440103,0,0.0453203079297515,0,31.319
"100144",0,0,0,0,0,0.0355043976795554,0,31.319
"100145",0,0,0,0,0,0.027673051775692,0,31.319
"100146",0,0,0.0216337814491716,0,0,0.0418995064262391,0,31.319
"100147",0,0,0.0498756561685298,0.038443702723784,0,0.05433460667226,0,31.319
"100148",0,0,0.0366922757640374,0.0240338105224263,0,0.0464812598007179,0,31.319
"100149",0,0,0,0,0,0,0,31.329
"100150",0,0,0.0299141844723798,0.0135038034042124,0,0.041750196738643,0,31.632
"100151",0,0,0.0393579327672095,0.0266404607439464,0,0.0467591499844278,0,31.625
"100152",0,0,0.0315378438951694,0.018169809510178,0,0.0450559506463927,0,31.625
"100153",0,0,0.03369445212234,0.0210073880573814,0,0.0464385685030603,0,31.625
"100154",0,0,0.0332327785662985,0.0191617263554333,0,0.0438862510883014,0,31.625
"100155",0,0,0,0,0,0,0,31.625
"100156",0,0,0,0,0,0,0,31.625
"100157",0,0,0,0,0,0.0312335530980344,0,31.625
"100158",0,0,0.00364131099811635,0,0,0.032971412881767,0,31.625
"100159",0,0,0,0,0,0,0,31.625
"100160",0,0,0,0,0,0.0277405213363314,0,31.628
"100161",0,0,0.0403804550222703,0.0292958048492744,0,0.0507617245976845,0,31.924
"100162",0,0,0.0403410007233702,0.0288417236781512,0,0.0499813007017566,0,31.931
"100163",0,0,0.0385499350818017,0.0265496211681209,0,0.0483759265557545,0,31.931
"100164",0,0,0.0307592662480099,0.0158663455451805,0,0.0429997352194156,0,31.931
"100165",0,0,0.0206918799760865,0,0,0.0355822485465014,0,31.931
"100166",0,0,0,0,0,0,0,31.931
"100167",0,0,0,0,0,0.0151247396662375,0,31.931
"100168",0,0,0,0,0,0.0295607977708608,0,31.931
"100169",0,0,0,0,0,0,0,31.931
"100170",0,0,0,0,0,0.0219011719785743,0,31.931
"100171",0,0,0.0436880105343945,0.0315270309507691,0,0.0499385085990136,0,31.931
"100172",0,0,0,0,0,0,0,31.959
"100173",0,0,0.0320219385544752,0.0194246580512443,0,0.0460971694884143,0,32.224
"100174",0,0,0.0353442915639852,0.0239415164263478,0,0.0487346682377483,0,32.235
"100175",0,0,0.044191207712458,0.0321572437276878,0,0.0501831278448531,0,32.235
"100176",0,0,0.0442303475330215,0.0313543080442764,0,0.0479408954391767,0,32.235
"100177",0,0,0.0332245439504806,0.0158880714288697,0,0.0384861033627157,0,32.235
"100178",0,0,0,0,0,0,0,32.235
"100179",0,0,0,0,0,0,0,32.235
"100180",0,0,0,0,0,0,0,32.235
"100181",0,0,0,0,0,0,0,32.235
"100182",0,0,0,0,0,0.0218261714834101,0,32.235
"100183",0,0,0,0,0,0.0320282914368736,0,32.235
"100184",0,0,0,0,0,0.0110329569151609,0,32.237
"100185",0,0,0,0,0,0.0263936962838643,0,32.553
"100186",0,0,0.0250132696609906,0,0,0.0414319016154126,0,32.539
"100187",0,0,0.0425616968791895,0.0291384542255632,0,0.0463622933429464,0,32.539
"100188",0,0,0.0426584658239451,0.0294205179071882,0,0.046891617643759,0,32.539
"100189",0,0,0.0273506487003714,0,0,0.0382616300671296,0,32.539
"100190",0,0,0.0210078192672665,0,0,0.0299988150969007,0,32.539
"100191",0,0,0,0,0,0.014061062337405,0,32.539
"100192",0,0,0,0,0,0,0,32.539
"100193",0,0,0,0,0,0,0,32.539
"100194",0,0,0,0,0,0,0,32.539
"100195",0,0,0,0,0,0,0,32.539
"100196",0,0,0,0,0,0.0203007551998209,0,32.539
"100197",0,0,0,0,0,0,0,32.54
"100198",0,0,0,0,0,0,0,32.602
"100199",0,0,0,0,0,0.0319890461701052,0,32.841
"100200",0,0,0.00844738718509493,0,0,0.0331324847845059,0,32.841
"100201",0,0,0,0,0,0,0,32.841
"100202",0,0,0,0,0,0.0313072112043084,0,32.841
"100203",0,0,0,0,0,0.0240397346703844,0,32.841
"100204",0,0,0.013606967470065,0,0,0.0281624222781917,0,32.841
"100205",0,0,0,0,0,0.0230946412881765,0,32.841
"100206",0,0,0,0,0,0,0,32.841
"100207",0,0,0,0,0,0,0,32.841
"100208",0,0,0,0,0,0,0,32.841
"100209",0,0,0,0,0,0,0,32.841
"100210",0,0,0,0,0,0,0,32.841
"100211",0,0,0,0,0,0,0,32.841
"100212",0,0,0,0,0,0,0,32.841
"100213",0,0,0,0,0,0,0,32.857
"100214",0,0,0.0330471447371188,0.0187328764557155,0,0.0424267105921682,0,33.142
"100215",0,0,0.026301415859104,0,0,0.036434916474751,0,33.142
"100216",0,0,0,0,0,0.0168266695452232,0,33.142
"100217",0,0,0,0,0,0.0216741134509309,0,33.142
"100218",0,0,0.0180576068813283,0,0,0.0299155270540676,0,33.142
"100219",0,0,0.0325670125634956,0.0157856834330491,0,0.0366270378215865,0,33.142
"100220",0,0,0.00961621235247554,0,0,0.0231576791928993,0,33.142
"100221",0,0,0,0,0,0,0,33.142
"100222",0,0,0,0,0,0,0,33.142
"100223",0,0,0,0,0,0,0,33.142
"100224",0,0,0,0,0,0,0,33.142
"100225",0,0,0,0,0,0,0,33.142
"100226",0,0,0,0,0,0,0,33.142
"100227",0,0,0,0,0,0,0,33.142
"100228",0,0,0,0,0,0,0,33.142
"100229",0,0,0,0,0,0,0,33.149
"100230",0,0,0.0399125755390539,0.0276672271489946,0,0.0452990524821657,0,33.443
"100231",0,0,0.0450646317909654,0.0324201048905964,0,0.0465782885822227,0,33.443
"100232",0,0,0.0474447723252474,0.0338707795016425,0,0.0455364571330982,0,33.443
"100233",0,0,0.041062010747834,0.0268489945580703,0,0.041587579841263,0,33.443
"100234",0,0,0.0350386249330737,0.0194503551541559,0,0.0385018732642472,0,33.443
"100235",0,0,0.0115229516273684,0,0,0.024153945989461,0,33.443
"100236",0,0,0.00564480797580773,0,0,0.0257006467951486,0,33.443
"100237",0,0,0.00920052078482176,0,0,0.024032405568328,0,33.443
"100238",0,0,0,0,0,0,0,33.443
"100239",0,0,0,0,0,0,0,33.443
"100240",0,0,0,0,0,0,0,33.443
"100241",0,0,0,0,0,0,0,33.443
"100242",0,0,0,0,0,0,0,33.443
"100243",0,0,0,0,0,0,0,33.443
"100244",0,0,0,0,0,0,0,33.443
"100245",0,0,0,0,0,0,0,33.443
"100246",0,0,0,0,0,0,0,33.46
"100247",0,0,0.0441627109194967,0.0304670228283616,0,0.0424672074355432,0,33.748
"100248",0,0,0.0300231666426592,0.0154788444548506,0,0.0401437346228599,0,33.742
"100249",0,0,0.0583027671567422,0.0461669880573622,0,0.0567244865925079,0.0710975167498367,33.742
"100250",0,0,0.066208094541704,0.053198293493659,0,0.0608175718109087,0.0211559943618788,33.742
"100251",0,0,0.0496880515770234,0.0370116250568255,0,0.0494049011229077,0,33.742
"100252",0,0,0.0329181395811868,0.0168625681147188,0,0.0384926811300624,0,33.742
"100253",0,0,0.0264153140395255,0,0,0.0334485322817173,0,33.742
"100254",0,0,0.0347056965940352,0.0185260095363605,0,0.0369370657087413,0,33.742
"100255",0,0,0,0,0,0,0,33.742
"100256",0,0,0,0,0,0,0,33.742
"100257",0,0,0,0,0,0,0,33.742
"100258",0,0,0,0,0,0,0,33.742
"100259",0,0,0,0,0,0,0,33.742
"100260",0,0,0,0,0,0,0,33.742
"100261",0,0,0,0,0,0,0,33.742
"100262",0,0,0,0,0,0,0,33.742
"100263",0,0,0,0,0,0,0,33.742
"100264",0,0,0,0,0,0,0,33.742
"100265",0,0,0,0,0,0,0,33.789
"100266",0,0,0,0,0,0.0189219016549272,0,34.045
"100267",0,0,0,0,0,0.0225611020374346,0,34.04
"100268",0,0,0.0548656518154811,0.042498957342076,0,0.0534059862824376,0.0578800231018497,34.04
"100269",0,0,0.0668896126788285,0.0539070329802454,0,0.060592157880501,0,34.04
"100270",0,0,0.0490010731918405,0.0366166511647663,0,0.0494947667480089,0,34.04
"100271",0,0,0.0272688595815764,0.00465991059208402,0,0.0359423505903305,0,34.04
"100272",0,0,0.0504298419673182,0.0375279159843659,0,0.0492449147030661,0,34.04
"100273",0,0,0.062380347464976,0.0489125462982891,0,0.0559427357978013,0,34.04
"100274",0,0,0.0269945800562681,0,0,0.0316563462875213,0,34.04
"100275",0,0,0,0,0,0,0,34.04
"100276",0,0,0,0,0,0,0,34.04
"100277",0,0,0,0,0,0,0,34.04
"100278",0,0,0,0,0,0,0,34.04
"100279",0,0,0,0,0,0,0,34.04
"100280",0,0,0,0,0,0,0,34.04
"100281",0,0,0,0,0,0,0,34.04
"100282",0,0,0,0,0,0,0,34.04
"100283",0,0,0,0,0,0,0,34.04
"100284",0,0,0,0,0,0,0,34.04
"100285",0,0,0,0,0,0,0,34.042
"100286",0,0,0,0,0,0,0,34.047
"100287",0,0,0,0,0,0.0160330555822039,0,34.34
"100288",0,0,0,0,0,0.0148114513886119,0,34.337
"100289",0,0,0.0242051489486183,0.00312241481953768,0,0.0387951550616951,0,34.337
"100290",0,0,0.0397174143397978,0.0283242370445278,0,0.0471501785041682,0,34.337
"100291",0,0,0.0497723998943098,0.0379292331542556,0,0.0514190191559428,0,34.337
"100292",0,0,0.023004439039075,0,0,0.0329926355686298,0,34.337
"100293",0,0,0.0366585867541032,0.0242405885994397,0,0.0437017552595721,0,34.337
"100294",0,0,0.0529313057510882,0.0408317492979338,0,0.0526692550082612,0,34.337
"100295",0,0,0.0200980539877038,0,0,0.0329131156735423,0,34.337
"100296",0,0,0,0,0,0.0091033582757408,0,34.337
"100297",0,0,0,0,0,0,0,34.337
"100298",0,0,0,0,0,0,0,34.337
"100299",0,0,0,0,0,0,0,34.337
"100300",0,0,0,0,0,0,0,34.337
"100301",0,0,0.0053309355977773,0,0,0.0214041995825515,0,34.337
"100302",0,0,0,0,0,0,0,34.337
"100303",0,0,0,0,0,0,0,34.337
"100304",0,0,0,0,0,0,0,34.337
"100305",0,0,0,0,0,0,0,34.337
"100306",0,0,0,0,0,0,0,34.337
"100307",0,0,0,0,0,0,0,34.337
"100308",0,0,0,0,0,0,0,34.364
"100309",0,0,0,0,0,0,0,34.634
"100310",0,0,0,0,0,0.0175329759457939,0,34.634
"100311",0,0,0.0297128315855826,0.018212441616309,0,0.0446034389131863,0,34.634
"100312",0,0.00690374802246132,0.078615438298793,0.0675502064900024,0.00179558233275424,0.0760719332701904,0,34.634
"100313",0,0,0.0756721383649917,0.0643211699459559,0,0.0729549682255142,0,34.634
"100314",0,0,0.0502860566677089,0.0395560850444789,0,0.0547257673108342,0,34.634
"100315",0,0,0.00578629524774216,0,0,0.0372535396614721,0,34.634
"100316",0,0,0,0,0,0.0307264339884989,0,34.634
"100317",0,0,0,0,0,0.00461252548752399,0,34.634
"100318",0,0,0,0,0,0,0,34.634
"100319",0,0,0,0,0,0,0,34.634
"100320",0,0,0,0,0,0,0,34.634
"100321",0,0,0,0,0,0,0,34.634
"100322",0,0,0,0,0,0,0,34.634
"100323",0,0,0,0,0,0,0,34.634
"100324",0,0,0,0,0,0,0,34.634
"100325",0,0,0,0,0,0,0,34.634
"100326",0,0,0,0,0,0,0,34.634
"100327",0,0,0,0,0,0,0,34.634
"100328",0,0,0,0,0,0,0,34.634
"100329",0,0,0,0,0,0.021525153273881,0,34.634
"100330",0,0,0,0,0,0,0,34.634
"100331",0,0,0,0,0,0,0,34.648
"100332",0,0,0,0,0,0,0,34.883
"100333",0,0,0,0,0,0,0,34.884
"100334",0,0.0126919351295032,0.0656174574216518,0.0563712763779972,0.00109744653126004,0.0701289796193947,0,34.885
"100335",0,0,0.0665637919795113,0.055537276236863,0,0.0656593482557695,0,34.921
"100336",0,0,0.0665196351910412,0.0547966298059905,0,0.0631732249134741,0,34.929
"100337",0.0137416722387113,0.0199114538235898,0.0851815561373275,0.0744046217252501,0.0211111718059021,0.0823687418269998,0,34.929
"100338",0.00221975621846462,0.0133192413828398,0.0785764749299832,0.0679649842481689,0.00753638768811495,0.0772135282984597,0,34.929
"100339",0,0,0.0434208041418076,0.0324995222205933,0,0.0506565798557395,0,34.929
"100340",0,0,0,0,0,0.0226362819730784,0,34.929
"100341",0,0,0,0,0,0,0,34.929
"100342",0,0,0,0,0,0,0,34.929
"100343",0,0,0,0,0,0,0,34.929
"100344",0,0,0,0,0,0,0,34.929
"100345",0,0,0,0,0,0,0,34.929
"100346",0,0,0,0,0,0,0,34.929
"100347",0,0,0,0,0,0,0,34.929
"100348",0,0,0,0,0,0.0185290868792901,0,34.929
"100349",0,0,0,0,0,0,0,34.929
"100350",0,0,0,0,0,0,0,34.929
"100351",0,0,0,0,0,0,0,34.929
"100352",0,0,0,0,0,0,0,34.929
"100353",0,0,0,0,0,0,0,34.929
"100354",0,0,0,0,0,0,0,34.929
"100355",0,0,0,0,0,0,0,34.922
"100356",0,0,0,0,0,0,0,34.908
"100357",0.0252890141461605,0.0243601082553159,0.0892300422835651,0.0783175312934631,0.0330761195260853,0.0854559523672181,0,35.222
"100358",0.0144652488365456,0.0155698507257404,0.0890200688424701,0.0776737292301351,0.0195245395568837,0.0834020158039532,0,35.223
"100359",0.0132748769542228,0.0120465307457973,0.0916450213911254,0.0797743347301575,0.0168860061125454,0.084297787769837,0,35.223
"100360",0.0464647085473015,0.0253526303864826,0.102637163862652,0.0903773068489125,0.0501072603753253,0.0933905564166969,0,35.223
"100361",0,0.00365359684781386,0.0609093795420235,0.0514666057958912,0,0.0659451263570414,0,35.223
"100362",0,0,0.027751596891063,0.00950809643941467,0,0.0384926405524503,0,35.223
"100363",0,0,0.016733528730271,0,0,0.0245316787249275,0,35.223
"100364",0,0,0,0,0,0,0,35.223
"100365",0,0,0,0,0,0,0,35.223
"100366",0,0,0,0,0,0,0,35.223
"100367",0,0,0,0,0,0,0,35.223
"100368",0,0,0,0,0,0.0251365432415115,0,35.223
"100369",0,0,0.0458777723654612,0.0335380029307762,0,0.0487937180144689,0,35.223
"100370",0,0,0.0225657630604911,0,0,0.0338164567223312,0,35.223
"100371",0,0,0,0,0,0.0164122158914841,0,35.223
"100372",0,0,0,0,0,0,0,35.223
"100373",0,0,0,0,0,0,0,35.223
"100374",0,0,0,0,0,0,0,35.223
"100375",0,0,0,0,0,0,0,35.223
"100376",0,0,0,0,0,0,0,35.224
"100377",0,0,0,0,0,0,0,35.222
"100378",0,0,0.069742962762073,0.0592653984673702,0,0.070135833392548,0,35.484
"100379",0.0242151563397742,0.0185610451506328,0.0934061400901288,0.0818228045849641,0.0288895058318318,0.0864152334183379,0,35.516
"100380",0,0,0.0674085698923389,0.05579389382817,0,0.0631663800168989,0,35.516
"100381",0,0,0,0,0,0.024331767762356,0,35.516
"100382",0,0,0.0505616967921149,0.0398300568872298,0,0.0551600914139837,0,35.516
"100383",0,0,0.0502145961535686,0.0385034129074839,0,0.0523582330488347,0,35.516
"100384",0,0,0,0,0,0.00562645475488362,0,35.516
"100385",0,0,0,0,0,0,0,35.516
"100386",0,0,0,0,0,0,0,35.516
"100387",0,0,0.0258526786355455,0,0,0.0310443208374064,0,35.516
"100388",0,0,0.0644637354444,0.0534459759077224,0,0.064538941588538,0,35.516
"100389",0,0,0.058293427056932,0.0465346105131025,0,0.0578880923548432,0,35.516
"100390",0,0,0.0587406811215265,0.0463250210177499,0,0.0568660094670539,0,35.516
"100391",0,0,0.0533629674663983,0.0409639973139844,0,0.052572420379437,0,35.516
"100392",0,0,0.0266425680764698,0,0,0.0333040900336058,0,35.516
"100393",0,0,0,0,0,0,0,35.516
"100394",0,0,0,0,0,0,0,35.516
"100395",0,0,0,0,0,0,0,35.516
"100396",0,0,0,0,0,0,0,35.519
"100397",0,0,0,0,0,0,0,35.538
"100398",0,0,0,0,0,0,0,35.521
"100399",0,0,0,0,0,0,0,35.558
"100400",0,0,0.0619947540375829,0.050579587656826,0,0.0605774779785216,0,35.8
"100401",0,0,0.0707994146106364,0.0589864987612265,0,0.0667186415324898,0,35.808
"100402",0,0,0.0832397180625076,0.0713658227175004,0.000242155682022219,0.0777756543116597,0,35.808
"100403",0,0,0.0572786600194843,0.0462575481772014,0,0.0592392923283389,0,35.808
"100404",0,0,0.0344003571421831,0.0209142724710671,0,0.0421330298184483,0,35.808
"100405",0,0,0.0116243883657075,0,0,0.0280577983560587,0,35.808
"100406",0,0,0,0,0,0,0,35.808
"100407",0,0,0,0,0,0.0138601852930481,0,35.808
"100408",0,0,0.048766455148108,0.0369218818784625,0,0.0511368905941539,0,35.808
"100409",0,0,0.0681723482058505,0.0563302312011787,0,0.0652559336198501,0,35.808
"100410",0,0,0.0751275211141051,0.0631270773474425,0,0.0707522700626022,0,35.808
"100411",0,0,0.0822937348811274,0.0697722968730975,0,0.0752247412590139,0,35.808
"100412",0,0,0.0540967820492087,0.0422075664791932,0,0.054438358455701,0,35.808
"100413",0,0,0,0,0,0,0,35.808
"100414",0,0,0,0,0,0,0,35.808
"100415",0,0,0,0,0,0,0,35.808
"100416",0,0,0,0,0,0,0,35.808
"100417",0,0,0,0,0,0.0231420542291677,0,35.804
"100418",0,0,0,0,0,0.0305372042752167,0,35.807
"100419",0,0,0,0,0,0.018626943122858,0,35.804
"100420",0.00320890225431439,0,0.0920996810829477,0.0793744134585087,0.00438735474796897,0.0828319102414783,0,36.064
"100421",0.0090708942719778,0.0099121180622187,0.0915312490829825,0.0794238821965839,0.0126945218037191,0.0841876062425346,0.0384210699962163,36.099
"100422",0,0,0.052739749519374,0.0422996506073374,0,0.0573176803334072,0,36.099
"100423",0,0,0.0423918480562057,0.0308596693729872,0,0.0483515212118732,0,36.099
"100424",0,0,0.0308664415796333,0.0129798430395105,0,0.0363845925834844,0,36.099
"100425",0,0,0.0260680028882985,0,0,0.0295228283467681,0,36.099
"100426",0,0,0.0513538601784974,0.0391870970707502,0,0.0518982987806152,0,36.099
"100427",0,0,0.0664887046336926,0.0553514911932362,0,0.0658926962387601,0,36.099
"100428",0,0,0.0733344092491949,0.0623928351166229,0,0.0723164286978722,0,36.099
"100429",0,0,0.0833101710025811,0.070968398012901,0,0.0766286142949851,0,36.099
"100430",0,0,0.0596389734936614,0.0479924348763621,0,0.0590659827127935,0,36.099
"100431",0,0,0,0,0,0,0,36.099
"100432",0,0,0,0,0,0,0,36.099
"100433",0,0,0,0,0,0.0167164831274083,0,36.099
"100434",0,0,0,0,0,0,0,36.099
"100435",0,0,0,0,0,0,0,36.115
"100436",0,0,0,0,0,0,0,36.141
"100437",0,0,0.07840440448885,0.067003736418371,0,0.0747968570652393,0,36.365
"100438",0,0,0.0756166315675248,0.0639600228388088,0,0.0717972036250676,0,36.388
"100439",0,0,0.069943331528601,0.0585840478596572,0,0.0679142908461271,0,36.388
"100440",0,0,0.0522774804851594,0.0406160783959308,0,0.0536335329789317,0,36.388
"100441",0,0,0.0525123521220353,0.0399838968867927,0,0.0520285805380806,0,36.388
"100442",0,0,0.0544135425051401,0.0420174244201757,0,0.0533181846853487,0,36.388
"100443",0,0,0.0500636642467429,0.0389548432588584,0,0.0537152768426578,0,36.388
"100444",0,0,0.0653288518220233,0.0537620677281129,0,0.0637047418055489,0,36.388
"100445",0,0,0.0694742082584619,0.0578471808372959,0,0.0668426864832253,0,36.388
"100446",0,0,0.0617803506621559,0.0499419135521996,0,0.0601818794109672,0,36.388
"100447",0,0,0,0,0,0.0136488148396077,0,36.388
"100448",0,0,0.0350520888882165,0.0216665333049731,0,0.0421022421065079,0,36.388
"100449",0,0,0.0420149669237602,0.0296625367390387,0,0.046401789953945,0,36.388
"100450",0,0,0.0438551420918482,0.0311696220881225,0,0.0462785383245261,0,36.388
"100451",0,0,0.0328380524131637,0.0183341112312876,0,0.0401605501637178,0,36.39
"100452",0,0,0.0174722692046057,0,0,0.0365639833858147,0,36.39
"100453",0,0,0,0,0,0,0,36.379
"100454",0,0,0.0725269846378822,0.0610872716685307,0,0.0692373320677337,0,36.688
"100455",0,0,0.0619563301023668,0.0515611431716776,0,0.0635115123464302,0,36.708
"100456",0,0,0.0500374637281286,0.0401628443375903,0,0.056165569014229,0,36.708
"100457",0,0,0.0585209164375044,0.0484188611699026,0,0.0618483872773619,0,36.713
"100458",0,0,0.0777211377167591,0.065530603583928,0,0.0719623665512185,0,36.697
"100459",0,0,0.0674798750496884,0.055937487978567,0,0.0650409723197459,0,36.677
"100460",0,0,0.0734353770285909,0.0613430394716315,0,0.0686218092907504,0,36.677
"100461",0.00106296132999839,0.00909151951683303,0.0805708192556287,0.0695622851624029,0.00493243446609822,0.0774778400204542,0.0800695783924121,36.677
"100462",0,0.00401545469675706,0.0817508409619864,0.0702463091843921,0.00133262233640876,0.0775597117895536,0.0302276406275793,36.677
"100463",0,0,0.0511821716771031,0.0377286356071433,0,0.0481573514948366,0,36.677
"100464",0,0,0.0587553805050211,0.0466987468682467,0,0.0570476048404023,0,36.686
"100465",0,0,0.0662886108290647,0.054214704177167,0,0.062953177047844,0,36.68
"100466",0,0,0.0723255610289011,0.0600609278312096,0,0.0674185266977051,0,36.677
"100467",0,0,0.0603184698769114,0.0487845352127001,0,0.0597678210030684,0,36.677
"100468",0,0,0.0354146209960603,0.0231380884904078,0,0.0443151445244195,0,36.677
"100469",0,0,0.0483860020110974,0.036812747904684,0,0.0513646134561135,0,36.677
"100470",0,0,0.0479445830599019,0.0362347774323379,0,0.05067427924987,0,36.677
"100471",0,0,0.0466262954654226,0.0350004942617905,0,0.0500143412432104,0,36.682
"100472",9.82762343171179e-05,0.0086569288384626,0.0776731222992275,0.0669894652668974,0.00331096712165806,0.0756086758647738,0.107066521466085,36.936
"100473",0,0,0.0720683124686176,0.061252706857662,0,0.0708945980282842,0.00230627956635213,36.965
"100474",0,0.00299505868697388,0.0793507282311921,0.0680146303954125,0.00059067428445149,0.0756055479744824,0,36.965
"100475",0.00210956371671752,0.00288090891680445,0.0874847283482897,0.0753583547281704,0.00426647393755332,0.0804625181077908,0.0300408664511674,36.965
"100476",0,0,0.0797804182499223,0.0678763659317041,0,0.0744778623144962,0,36.965
"100477",0,0,0.0709573534857428,0.0587466970263967,0,0.0661715141029204,0,36.965
"100478",0,0,0.0771790168882963,0.0652421836016081,0,0.0722305840752587,0,36.964
"100479",0.00276480799436317,0.00490862764027563,0.0872885850893026,0.0752801634896427,0.00552020769848616,0.0806584075576025,0,36.965
"100480",0,0,0.0774663135027284,0.0652538078748105,0,0.0717177608330841,0,36.965
"100481",0,0,0.0778772752147735,0.0644346893722466,0,0.0686557398812403,0,36.965
"100482",0,0,0.0776110680229433,0.0643499704285038,0,0.0690256574082633,0,36.965
"100483",0,0,0.0753458354726946,0.0624892961585641,0,0.0682133046418238,0,36.965
"100484",0,0,0.0562192904918441,0.0444317792742523,0,0.0557946396221528,0,36.965
"100485",0,0,0.053691313268638,0.0418615266518122,0,0.0540081864783127,0,36.965
"100486",0,0,0.0566856336200608,0.0447731489902751,0,0.0560156446256706,0,36.965
"100487",0,0,0.0512873341770602,0.0395723752033389,0,0.0527880398869827,0,36.965
"100488",0,0,0.0495940255458534,0.0380210340720761,0,0.0519562766894455,0,36.965
"100489",0,0,0.0447547002063353,0.0341484396997454,0,0.0514999400080589,0,36.958
"100490",0,0,0.0871395117863954,0.0745341203123365,0,0.0788820699191283,0,37.187
"100491",0.00559761378029554,0.00963010739882418,0.0864976126383441,0.0748484404000918,0.00947573569192844,0.0808687452494494,0,37.249
"100492",0.00227327736221562,0.00683686792960516,0.0842843559101349,0.0726877434120118,0.00545923618455316,0.0790684212364959,0,37.251
"100493",0.00703317658101247,0.0118219052658775,0.0865512503446493,0.0750461990879804,0.0116260299125069,0.0813988132751988,0.0688034753490751,37.251
"100494",0,0,0.0789176523780363,0.0674089140604125,0,0.0749062447342199,0.0235869052886496,37.251
"100495",0.00133494104677018,0,0.0917688595230422,0.0789255418834179,0.0021557015663155,0.0823765060979204,0.0570125706975814,37.254
"100496",0.0152390372140795,0.0120718303113628,0.0944423079217525,0.0821475090674295,0.018680452820797,0.0860917935874662,0,37.251
"100497",0.0238728583738479,0.015265745509223,0.0978876148617458,0.0854553160021895,0.0268314950359091,0.0886472036725587,0,37.247
"100498",0,0,0.0752914183554067,0.0625215520949246,0,0.0684254558064339,0,37.251
"100499",0,0,0.0685254894839518,0.0554708829592361,0,0.0619762119795411,0,37.244
"100500",0,0,0.0637984038089835,0.0512127131291065,0,0.05945134326481,0,37.251
"100501",0,0,0.0539046867189727,0.0414646964324462,0,0.0523070698658585,0,37.251
"100502",0,0,0.0568786019213107,0.044277988107912,0,0.0541872688840479,0,37.251
"100503",0,0,0.0599276445788454,0.0474607766388368,0,0.0568894911626636,0,37.251
"100504",0,0,0.0583487390347098,0.0466451265708896,0,0.057813152466507,0,37.253
"100505",0,0,0.0468480342271651,0.0352261816991682,0,0.0503976979516617,0,37.252
"100506",0,0,0.0523855314532855,0.0412678177366493,0,0.0551589760116264,0,37.274
"100507",0,0,0.0716109070866972,0.0607714840688576,0,0.0702682634485682,0,37.272
"100508",0.00846112455542899,0.0118304841508711,0.0879248573802074,0.0762625933568566,0.0128510943189172,0.0821485096875932,0,37.551
"100509",0.00935259125445221,0.0121667471284239,0.0885798199618155,0.0768742411012548,0.0137489648754442,0.082602190018833,0,37.537
"100510",0.0268499271328317,0.0220184491732896,0.0933441958029465,0.0818471348284862,0.0330862346859852,0.0873162554484159,0.129297576743931,37.537
"100511",0.00169653044916734,0.00539052153538348,0.0854782258073794,0.0736705314318232,0.00455195162083165,0.0797195441015964,0.0214188556104791,37.537
"100512",0.00438717654118772,0.00361523925634902,0.0902602267442229,0.0779063723986078,0.00655707223402887,0.0822345439425561,0,37.537
"100513",0.0172999773558093,0.0119187058874885,0.0960652017218719,0.0836301378989723,0.0200739768393303,0.0870184659721762,0.0861426763264122,37.537
"100514",0,0,0.0733857658766324,0.0620510706289587,0,0.0708972742037482,0,37.537
"100515",0,0,0.084128687819382,0.0720678527383914,0,0.077833067226335,0.139637995506647,37.537
"100516",0,0,0.0557691204992856,0.0430768668780551,0,0.0532248501283362,0,37.545
"100517",0,0,0,0,0,0,0,37.537
"100518",0,0,0.0466603072628197,0.0332445268777604,0,0.0454772992633497,0,37.537
"100519",0,0,0.0611804696561551,0.0481406881572097,0,0.0561550612478096,0,37.537
"100520",0,0,0.0669023558342019,0.0534396957200872,0,0.0595438617875157,0,37.537
"100521",0,0,0.0678511154851636,0.0548873427927583,0,0.061863540235327,0,37.538
"100522",0,0,0.0523744065566768,0.0403919409282664,0,0.0531498592768226,0,37.537
"100523",0,0,0.0532174743843968,0.041571578861315,0,0.0543457171515383,0,37.533
"100524",0,0.00755365316113354,0.0730487571168433,0.0625653560352201,0.000320091115553058,0.0730437088731682,0,37.821
"100525",0.0111249885979978,0.0134075717551563,0.0894008155294976,0.0776827384247275,0.0157966091310241,0.0833566293862089,0.032308307465782,37.821
"100526",0.0405256478275462,0.0197056398385295,0.104393263142776,0.0915909377269677,0.0418490881875031,0.0933380725832853,0.122903084593563,37.821
"100527",0.028054299088246,0.0179992025164801,0.0983733314278667,0.0860654790774217,0.0315478595335309,0.089468475265297,0.0857483417186429,37.821
"100528",0.0183782986325011,0.0104787792634763,0.097789360178279,0.0850743495437459,0.0201087458929031,0.0877400120369458,0.00746859219378138,37.821
"100529",0.00635149567146101,0.0013165740633152,0.0936452327829515,0.0808750790612869,0.00760210247306351,0.0839959063438768,0,37.821
"100530",0,0,0.0744879554420881,0.0606869010285428,0,0.0688735597076575,0,37.822
"100531",0,0,0.0640757318382359,0.0491555849697484,0,0.0583034824300797,0,37.822
"100532",0,0,0.0690673618781045,0.0546842105133026,0,0.0632537211855386,0.0262553992866,37.823
"100533",0,0,0,0,0,0,0.0240802981738473,37.821
"100534",0,0,0.0438627589053413,0.0250791913286054,0,0.0398601528767687,0,37.821
"100535",0,0,0.0570771477193642,0.0409631866050852,0,0.0504450768352113,0,37.821
"100536",0,0,0.0638351034786244,0.0487029122582114,0,0.0575484575882467,0,37.821
"100537",0,0,0.0607084398593011,0.0461639926354154,0,0.0573266254955017,0,37.821
"100538",0,0,0.0531395068247947,0.0384612132497588,0,0.0532197705663163,0,37.82
"100539",0,0,0.0489551199576214,0.0333504139242067,0,0.0494159820890799,0,37.825
"100540",0,0,0.0626448676344948,0.0484638890131129,0,0.0596540372190325,0,37.825
"100541",0.0055674481755166,0.0120952408600407,0.0832464054108108,0.0709058823254889,0.0103255358048174,0.0792862820470306,0,37.829
"100542",0,0,0.0726494192271965,0.0596101506537996,0,0.070258909326227,0,38.115
"100543",0,0,0.0741880738020465,0.0612470411014276,0,0.071360404070422,0,38.105
"100544",0,0,0.0816032432351918,0.0684073022174576,0,0.0761326949390242,0,38.105
"100545",0.00507185797598229,0.00426199994911856,0.0908334393051863,0.0773695426311213,0.00729256174617527,0.0826962609934414,0.0123588716885153,38.105
"100546",0.0222904044823902,0.0142265984809307,0.0979905564936572,0.0844972989304054,0.025002030487266,0.0885915648818529,0.0557119574218367,38.105
"100547",0.105816048503089,0.0368518179378844,0.115869845487326,0.102571076248019,0.102058605294791,0.103055787078319,0.154741827057374,38.105
"100548",0.050494716134108,0.0201329542454788,0.108461758608931,0.0944600873159125,0.049012673923473,0.0956756072497734,0.0227846822648772,38.105
"100549",0,0,0.0811092149989439,0.0666217005574177,0,0.0713876655541392,0,38.105
"100550",0,0,0.0703892891372674,0.0559146054699645,0,0.0637783780235312,0,38.105
"100551",0,0,0.0567771315612393,0.0414940781893071,0,0.0530024428362642,0,38.102
"100552",0,0,0.0440951615846756,0.0283019794350302,0,0.0469888271716279,0.0223763943624563,38.106
"100553",0,0,0.0459098515342944,0.029757890367323,0,0.0463172833169911,0,38.106
"100554",0,0,0.051448881506033,0.0343811149346848,0,0.0453924338751142,0,38.105
"100555",0,0,0.0613863218918669,0.0456762760729644,0,0.0544631601151198,0,38.105
"100556",0,0,0.0613702023125609,0.0467361656230963,0,0.0576366072651568,0,38.105
"100557",0,0,0.0694152492023122,0.0551703382944642,0,0.0641648910200147,0,38.099
"100558",0,0,0.044088584591676,0.0257515477843794,0,0.0423637554208398,0,38.076
"100559",0,0,0.0665541192572547,0.0538070996753756,0,0.0655631545822092,0.0423033013648175,38.106
"100560",0.00667627798449986,0.0136829940164148,0.0835636320567265,0.071257091799382,0.0120182877190085,0.0799009335994373,0,38.122
"100561",0,0,0.0711211997341912,0.0581358704264258,0,0.0687779377954654,0,38.35
"100562",0,0,0.0730612087891195,0.0594833786336568,0,0.0686691732447348,0,38.387
"100563",0,0,0.078619125419254,0.065236801601753,0,0.073271048953129,0,38.387
"100564",0.00131927423077067,0.000999160212135678,0.0875290203610214,0.0741837675569742,0.00318455734827364,0.0803252389619686,0.0115930099067808,38.387
"100565",0.0119411658273834,0.00662819540133089,0.0955250599953422,0.0818372660575389,0.0135084688025253,0.0857642366010488,0.0208731499633058,38.387
"100566",0.0510403129289692,0.0229654529409613,0.106000046803179,0.092399346568011,0.0514596530753874,0.0946514953795493,0.0669810321010721,38.387
"100567",0.105531204131617,0.0327234975254554,0.115869845487326,0.105155371858666,0.0975464157434305,0.103556034967341,0.190687151544597,38.387
"100568",0.0164872499726562,0,0.103994910011171,0.0892543270984486,0.0137693570602135,0.0899201732663441,0,38.387
"100569",0,0,0.084028940233204,0.0696983576151503,0,0.0745145163103137,0,38.387
"100570",0,0,0.0766559090496518,0.0626283037878011,0,0.0698023354753483,0,38.387
"100571",0,0,0.0619741024348351,0.0482841386343652,0,0.0601488459019776,0,38.384
"100572",0,0,0.067802403605667,0.0547473522131187,0,0.0659024913875348,0.118097224109545,38.387
"100573",0,0,0.0529850164788884,0.0368875479333204,0,0.0490478738302037,0,38.387
"100574",0,0,0.0548535853576231,0.0386613938807554,0,0.0495282251616306,0,38.387
"100575",0,0,0.0706055461162971,0.0555684222050564,0,0.0627013930063591,0,38.386
"100576",0,0,0.0816330479657388,0.0675416332364826,0,0.0739146398300451,0.043901575875937,38.398
"100577",0,0,0.0476126324561187,0.0287294798007774,0,0.0409828264818118,0,38.389
"100578",0,0,0.0579022263275534,0.0441949075827384,0,0.05784239469306,0.0122425597731849,38.401
"100579",0,0,0.0688050139587859,0.0556467778365632,0,0.0665042875723889,0.0258266655672976,38.387
"100580",0,0,0.0627410281172694,0.0498890995252296,0,0.0626828198057649,0,38.392
"100581",0,0,0.076507911904697,0.0625199310159133,0,0.0699894346696533,0,38.666
"100582",0,0,0.0756303186942426,0.062514105207715,0,0.0714288379953392,0,38.668
"100583",0,0,0.0868809092936502,0.0733667805473594,0.000437972590070462,0.0791159305223019,0,38.668
"100584",0.00792433407835768,0.00293576226964282,0.0941479620409768,0.0804050428319455,0.00915304099375014,0.0844077038038892,0.0345916943576044,38.668
"100585",0.0111221670946528,0.00668860123354714,0.0945075869609081,0.0809081427109308,0.0128448086465461,0.0851006819587794,0.0302339681285794,38.668
"100586",0.0790603812902054,0.0282869160089355,0.113485817815204,0.0996057999053551,0.0753975915089782,0.0999521853369528,0.197440939036463,38.668
"100587",0.0350823123269498,0.00629987538374177,0.110813218668699,0.0958315223246853,0.0295781052155552,0.0950839273794094,0.0981553026381392,38.668
"100588",0.00154091011461448,0,0.0963938140106745,0.0817560928033891,0.000526994903110238,0.0838435556652665,0,38.668
"100589",0,0,0.0769423392466663,0.0626159063612047,0,0.0688909989099043,0,38.668
"100590",0,0,0.0863288336299819,0.0722462663441831,0,0.0773764670722151,0.0168534069178576,38.668
"100591",0,0,0.0619375386828409,0.0468973582698306,0,0.0567798550650308,0,38.668
"100592",0,0,0.076264597804486,0.0617289685182066,0,0.0682968096486176,0.00288961638573088,38.668
"100593",0,0,0.0648986882299591,0.0494645590916171,0,0.0576247404759455,0,38.668
"100594",0,0,0.078085048637404,0.0624066577291143,0,0.0665872235687622,0.0059621572735607,38.669
"100595",0,0,0.0712727850326589,0.0563197408754366,0,0.0639110507889341,0.0479352353657553,38.668
"100596",0,0,0.030050369806724,0,0,0,0,38.666
"100597",0,0,0.0479872044020553,0.0319708082231124,0,0.0476169487782706,0.0192650478799463,38.67
"100598",0,0,0.0335888739187247,0,0,0.0340287203712957,0,38.668
"100599",0,0,0.0595208249835544,0.0462245259740303,0,0.059402428233276,0,38.663
"100600",0,0,0.0813406497072702,0.0674727651294918,0,0.0735077047480773,0,38.938
"100601",0,0,0.0873455221855835,0.073491134423735,0,0.078496233687581,0.0183300026532587,38.948
"100602",0.00118431983526756,0,0.0892021790457145,0.0756018628800873,0.00221677875907956,0.0807133356492601,0.0409028432948199,38.948
"100603",0.000897221593231788,0,0.0867667183420157,0.073458569107163,0.00245621328390827,0.0795698036630712,0.0180960832976635,38.948
"100604",0.00431697341120532,0.00587121096598559,0.0890427693353946,0.0757786712576494,0.00706764216472369,0.0819324494829341,0.0249161679946002,38.948
"100605",0.0292072972996051,0.0111597865697589,0.104493006387676,0.0902969863957517,0.0282368438053023,0.0918995975267318,0.0408429914626691,38.948
"100606",0.032018104276435,0.0101027043390846,0.106864249921024,0.0924503274519512,0.0296338747974161,0.0932101054526093,0.136575200724966,38.948
"100607",0,0,0.0627119723058315,0.0482568555492956,0,0.0578361881954389,0,38.948
"100608",0.0708278045203498,0.0260543721506247,0.112544384126942,0.0985231517819824,0.0677862542521725,0.099078267486252,0.0253833699055614,38.948
"100609",0,0,0.0821843444289064,0.0677665883120405,0,0.0731036858226762,0.0278370170054697,38.948
"100610",0,0,0.0712912328910042,0.0570211673826839,0,0.0653228156473988,0,38.948
"100611",0,0,0.0572644374545174,0.0410729446916685,0,0.0511591540639715,0,38.948
"100612",0,0,0.0634735120552154,0.0455625103180364,0,0.0501106028713283,0.0186245396322591,38.949
"100613",0,0,0.0790431585429944,0.0625015379277136,0,0.0658507436521956,0.0470439648107993,38.963
"100614",0,0,0.0700649258457663,0.053531632736766,0,0.0590690157909553,0,38.949
"100615",0,0,0.0764101479867981,0.0626966749722377,0,0.070852004508365,0.0799893778047404,38.948
"100616",0,0,0,0,0,0,0,38.948
"100617",0,0,0.0731366964767892,0.0603907257387038,0,0.0704452417345987,0.0788910187234432,39.225
"100618",0,0,0.0781524276118045,0.0649916511277947,0,0.073111741371515,0.144806355733389,39.227
"100619",0.00508279543812508,0.0071362865902164,0.0879230806087022,0.074869582623391,0.00809310746057715,0.0812395858830887,0.066489451957448,39.227
"100620",0.00302808926755876,0.00512653465040025,0.0872052784158987,0.0740745221956443,0.00567990836195433,0.0805859678066592,0.0113933335797815,39.227
"100621",0.0175637984714373,0.00972119308606635,0.0979015542217994,0.0841671241387234,0.0190701168404554,0.0877070639950363,0,39.227
"100622",0.0494161808100621,0.018709304941546,0.109630881809998,0.0954390321958522,0.0472760605556364,0.0962500642720754,0.0654274100474498,39.227
"100623",0,0,0.090344515719164,0.0757294480520147,0,0.0791086787216849,0,39.227
"100624",0.0169917581100038,0.00696259028130693,0.0995997899762925,0.0855818341481982,0.0174279441674288,0.088347533809457,0,39.227
"100625",0.0852168358487974,0.0277441243176846,0.115869845487326,0.102825176749501,0.0792354435126645,0.102152848334344,0.377996216243794,39.227
"100626",0,0,0.0811563167588548,0.06701915614509,0,0.073200466817268,0.0477062962436903,39.228
"100627",0,0,0,0,0,0,0,39.227
"100628",0,0,0.0696135300276186,0.0542637263261452,0,0.0620443010807019,0.0926474228710077,39.227
"100629",0,0,0.0769480361317606,0.0617696079977157,0,0.0679099580315526,0,39.227
"100630",0,0,0.0893079225498839,0.0744642547034056,0,0.0782656399330543,0,39.205
"100631",0,0,0.0588709613890542,0.0433691291583031,0,0.0534764869255357,0,39.226
"100632",0,0,0,0,0,0,0,39.222
"100633",0,0,0.0607444722829217,0.0463015097027499,0,0.0570194755065221,0,39.246
"100634",0,0,0.0830549668264855,0.0698445143908893,0,0.076758436377602,0.120373345930066,39.476
"100635",0.0384958965167311,0.0169681261167961,0.104712682942141,0.0908704715212573,0.0383444582903744,0.0928660684914468,0.133386074468068,39.505
"100636",0.0247462782946692,0.0156138704555336,0.0980850480553823,0.0846876138451921,0.0275746435455168,0.0888217332716576,0.055049092644613,39.505
"100637",0.00932595916733625,0.0096745584965665,0.0915286572205414,0.0782813806399883,0.0127166557005454,0.0840362367764026,0,39.505
"100638",0.0611200730187316,0.0232683748622284,0.111437366348579,0.0973404412981091,0.0588975295999087,0.0981054593640266,0,39.505
"100639",0.000379941655461295,0,0.0967472051830664,0.0819811297218357,0,0.0844325435348524,0,39.505
"100640",0,0,0.0841966734899188,0.0703061361628773,0,0.0765231406999375,0,39.505
"100641",0.0345748598869821,0.0170652911510956,0.103849734110732,0.0900132631910757,0.03577328181406,0.0926589185280193,0.197619235763489,39.505
"100642",0.00571291913371074,0,0.0970240007771525,0.0827197441108552,0.00570118937494269,0.0856575919794781,0.173878599780599,39.505
"100643",0,0,0.0571475264912579,0.0403205942689747,0,0.0496634778086251,0,39.505
"100644",0,0,0.079098302734707,0.0651315910272371,0,0.0725135270588211,0.0787499734622292,39.505
"100645",0,0,0.0816947760040977,0.0677803591483411,0,0.0744699210191713,0,39.505
"100646",0,0,0.0752275298621178,0.0609445785598339,0,0.0687786162766825,0,39.506
"100647",0,0,0.0563623936703499,0.040478785088401,0,0.0514414850038483,0.0719860420853471,39.51
"100648",0,0,0.0350941730971707,0,0,0.023394707252022,0,39.516
"100649",0,0,0,0,0,0,0,39.509
"100650",0,0,0,0,0,0,0,39.505
"100651",0,0,0.0594517435786198,0.0448614824845047,0,0.0561133519840393,0,39.505
"100652",0,0,0.0644112943191047,0.050443101234935,0,0.060926163372212,0,39.507
"100653",0.0639833832700595,0.0218322521754067,0.113030646074803,0.0987464697839374,0.0596165670031734,0.0986420790768858,0.104878349949839,39.78
"100654",0.0322368526563492,0.0122641997634296,0.105995799325979,0.0917254950813147,0.0311797625606431,0.0931008411336408,0.00573886322598619,39.781
"100655",0,0,0.0814421157840731,0.0682083075410062,0,0.0762202504103823,0,39.781
"100656",0.0124713491110418,0.00279809724649486,0.100558307563063,0.0862487332567393,0.012803801462347,0.0888282228722501,0.0328535425948843,39.781
"100657",0,0,0.0948971534846619,0.0800337903419459,0,0.0826681778776043,0,39.781
"100658",0,0,0.0853155049223717,0.0708320503667935,0,0.0759919279546739,0,39.781
"100659",0.0212702509377406,0.00850346134705339,0.103440978189919,0.0891563930331979,0.0215093459225724,0.091318237289177,0.0409313027733125,39.781
"100660",0.00073232315666541,0,0.0966808489326741,0.0820123469626542,0.000212344660807549,0.0845392915717288,0.0740306855529838,39.781
"100661",0,0,0.0847569405596491,0.0705480129957602,0,0.0758959107364483,0,39.781
"100662",0.00215902393043955,0,0.0959593901819928,0.081558320485731,0.00194065953708139,0.0845412247446138,0.0289050462235173,39.781
"100663",0.0208874263111611,0.00932515282662414,0.10085312470339,0.0868647444344504,0.0213178806625382,0.089497479501777,0,39.781
"100664",0.00823270409140269,0,0.0970471116071316,0.0829196246249141,0.00860350923474951,0.0860758931260896,0,39.781
"100665",0,0,0.0917076192373928,0.0773469523598005,0,0.0809026962502775,0,39.781
"100666",0,0,0.0769893738931938,0.0615935331939919,0,0.066232025491133,0,39.781
"100667",0,0,0.0468751617307232,0.0277129152352918,0,0.0392131292871121,0,39.785
"100668",0,0,0,0,0,0,0,39.781
"100669",0,0,0.0528580311786096,0.0379878717150969,0,0.0526646962944126,0,39.781
"100670",0,0,0.049203760236762,0.0347977988847295,0,0.0519927401543807,0,39.781
"100671",0,0,0.0622767355666187,0.0484263530626168,0,0.0596860051518844,0,39.791
"100672",0,0,0.0922957482682606,0.0779595806517275,0,0.081344070783022,0.0148470995094284,40.051
"100673",0.00407863144503456,0,0.0991719474985237,0.0844096507737442,0.00273487367653443,0.0860398713721736,0,40.057
"100674",0,0,0.0780166520004822,0.0643619613909303,0,0.0723149178088241,0,40.057
"100675",0,0,0.0934885669765247,0.078778899902431,0,0.0819994185025932,0,40.057
"100676",0.0216585732477713,0,0.109611651737644,0.0943968580877291,0.0176729215583594,0.0939480049055922,0.13902918939971,40.057
"100677",0,0,0.0817665769182598,0.0670383513381678,0,0.0722122813338598,0,40.057
"100678",0.0131893455537089,0.00163001579225017,0.101473062458646,0.0870428022457396,0.0130083125631627,0.0892217375283001,0,40.057
"100679",1.99344983611683e-05,0,0.093553218679362,0.0792026436919313,0,0.0828061238208837,0,40.057
"100680",0,0,0.0876977677506252,0.0734258865293908,0,0.0779391391883322,0,40.057
"100681",0.000633885180613018,0,0.0924484774441457,0.0783550238790608,0.000849756291860627,0.0823275686204271,0,40.057
"100682",0.0112226596239337,0,0.100524723653425,0.0860469110909229,0.0101350412999436,0.0878683852778307,0,40.057
"100683",0.0155279772216378,0.00331884295159726,0.100714148732741,0.0864587323475576,0.0149495620792443,0.0885622858317002,0,40.057
"100684",0.000896975379940983,0,0.093684520725466,0.0794437074847152,0.000907672053139903,0.0830264929900855,0,40.057
"100685",0,0,0.0688076183949194,0.0541494162424763,0,0.0624377741429877,0,40.057
"100686",0,0,0.0569697380253351,0.0404314083377985,0,0.0501830799537685,0,40.057
"100687",0,0,0,0,0,0,0,40.057
"100688",0,0,0.057772405758476,0.0422256976380837,0,0.0528466651947542,0,40.057
"100689",0,0,0.0485905304665426,0.0335681104451831,0,0.0500284755415062,0,40.057
"100690",0,0,0.0658211186845946,0.0513860990481084,0,0.0606098971152203,0,40.062
"100691",0,0,0.0847899816070931,0.0703275354905878,0,0.0753759660951029,0,40.331
"100692",0,0,0.0775457427620213,0.0632750132855919,0,0.070311799531711,0,40.331
"100693",0,0,0.0853126891609457,0.0710785930844815,0,0.0767524044967191,0,40.331
"100694",0,0,0.0884003616298319,0.0742796754726572,0,0.0797830350726119,0.0282777562039787,40.331
"100695",0,0,0.0710397177767002,0.0562272967334471,0,0.0642436133435397,0,40.331
"100696",0,0,0.0879755988345136,0.0738711003244101,0,0.0792398907662697,0,40.331
"100697",0,0,0.0907539968583158,0.07648597936556,0,0.0806193418295452,0,40.331
"100698",0,0,0.0869766270893212,0.0727391326870914,0,0.0773758825384656,0,40.331
"100699",0,0,0.0862091090654595,0.0719997591460116,0,0.0768053522350946,0,40.331
"100700",0.0347470340590779,0.0123035224436356,0.106558204231473,0.0922625013884478,0.0327823752123895,0.0932768844562971,0,40.331
"100701",0.0488956375216268,0.0161586854684624,0.110865571254231,0.0964315526694211,0.0449920220744093,0.0964778269758726,0,40.331
"100702",0.00539642589053521,0,0.0945519157707724,0.0805987507056573,0.00626908594530838,0.0844539933397769,0,40.331
"100703",0,0,0.0701150363747572,0.0555354524212875,0,0.0637731638219251,0,40.331
"100704",0,0,0.0666451013152482,0.0521718672340045,0,0.062241873986167,0,40.331
"100705",0,0,0.064541751471977,0.0494133322857203,0,0.058781852764696,0,40.331
"100706",0,0,0.0555668497567509,0.0406458119633331,0,0.0534473970633041,0,40.331
"100707",0,0,0.0558294679922865,0.0405311436734779,0,0.0522764041510797,0,40.331
"100708",0,0,0.0561740022974725,0.0413475580087235,0,0.0538113088337027,0,40.323
"100709",0,0,0.0727900817997978,0.0586057494703726,0,0.0673050003682656,0,40.605
"100710",0,0,0.0717730990068981,0.0575772670711957,0,0.0666899018919375,0,40.605
"100711",0,0,0.0707215990638153,0.0563982217327008,0,0.0651694231668427,0,40.605
"100712",0,0,0.0842591082437623,0.070350368988745,0,0.0768386288371414,0,40.605
"100713",0.000832168320790709,0,0.0975431014890348,0.082790370268147,0.000423620404673799,0.0853624613960283,0.0223637105602975,40.605
"100714",0,0,0.0972074177815738,0.0822769376312443,0,0.0843020260790662,0,40.605
"100715",0.017274481340764,0.00349147435397912,0.103021883973942,0.0885353273336733,0.0164104372238769,0.0902423320085943,0,40.605
"100716",0.000120241055999653,0,0.0936514254537231,0.079266354790115,0,0.0824421981973293,0,40.605
"100717",0,0,0.0842430370583049,0.0691014654748571,0,0.0725907552009681,0,40.605
"100718",0,0,0.0897206624113377,0.0747668249095936,0,0.0775382073090128,0,40.605
"100719",0.0393478162081553,0.00918733160063146,0.111054139270654,0.0962299080939517,0.0340583140729747,0.0955633145251327,0.0262653867825567,40.605
"100720",0.0205502088770036,0,0.105680389774949,0.0909158676926866,0.0175317637716963,0.0913246052500034,0.0328024977056956,40.605
"100721",0,0,0.0916328077956049,0.0770764849079873,0,0.0806103655643962,0,40.605
"100722",0,0,0.0574112234409231,0.0408043282810365,0,0.0526252935910749,0,40.605
"100723",0,0,0.0593239845480235,0.0444450691229858,0,0.0565939669205425,0,40.605
"100724",0,0,0.0707084219551499,0.0565946706611222,0,0.0652510586093655,0,40.605
"100725",0,0,0.0646807320882956,0.0495850617109806,0,0.0581711228799167,0,40.605
"100726",0,0,0.0523977040585708,0.0369296597826727,0,0.0514500497983662,0,40.63
"100727",0,0,0.0874688527881335,0.0735088250501864,0,0.0788976785833891,0,40.658
"100728",0,0,0.0816304368415273,0.0671179759917849,0,0.0729798857787994,0,40.877
"100729",0,0,0.0821730179912019,0.0673603759679287,0,0.0728850420944311,0,40.877
"100730",0,0,0.075071213466965,0.0603552946009267,0,0.0673813862816943,0,40.877
"100731",0,0,0.0825978276933411,0.0679265490023055,0,0.0730561227401091,0,40.877
"100732",0,0,0.0921566289340843,0.0776231354985542,0,0.0810852730443799,0,40.877
"100733",0,0,0.0959250083536283,0.0807971938950873,0,0.0825304227824472,0,40.877
"100734",0.0468139239990115,0.0137364456430153,0.112510429661308,0.0977066582649302,0.0418987566419486,0.0972698635628792,0,40.877
"100735",0.00644536421144175,0,0.0997336348705344,0.0850906201507025,0.00490814207574227,0.0866696873951433,0,40.877
"100736",0.00267242207839073,0,0.0970025590660239,0.0824093643980455,0.00163492157801099,0.084518354122253,0.0107147439581539,40.877
"100737",0,0,0.0956305119986619,0.0807118472711101,0,0.0826197739620114,0,40.877
"100738",0.0179526652551229,0,0.104076286832682,0.0893919941530107,0.0151646694266031,0.0900366446676513,0,40.877
"100739",0.00726389188337122,0,0.0978001725546487,0.0834621053575297,0.006611587644838,0.0858170863193704,0,40.877
"100740",0.00484995350477829,0.0011678184148577,0.0931985109488602,0.0794098689181547,0.00637206649146974,0.0839637410813284,0.0210306381622234,40.877
"100741",0,0,0.0743450285530964,0.0594627198178234,0,0.0673058187805372,0,40.877
"100742",0,0,0.078781467239111,0.0647403060877715,0,0.0720209430783423,0.198405516372634,40.877
"100743",0,0,0.0886448471737728,0.0744391250808224,0,0.0788557690594354,0,40.877
"100744",0,0,0.0896452175248052,0.075103337147052,0,0.078769092353925,0,40.877
"100745",0,0,0.0875153591542606,0.0732184236989462,0,0.077856724415957,0,40.877
"100746",0.0182124786022878,0.0153945882189072,0.0950804406770962,0.0818413589902972,0.0224711040778245,0.0873449323635343,0,40.874
"100747",0.0338719091166189,0.0215360644099883,0.098988133387372,0.0859024430488817,0.0379942653038802,0.0905608984984356,0.0199738586294988,40.83
"100748",0,0,0.075388811783519,0.0615915285816247,0,0.0694641576501544,0.0417277537006704,40.847
"100749",0,0,0.0691509605359325,0.0552654330105422,0,0.0645876264422594,0,40.875
"100750",0,0,0.0880447629528504,0.0734551778752345,0,0.0778893310708777,0,41.148
"100751",0,0,0.086528587565201,0.0718898346064295,0,0.0763227136039927,0,41.148
"100752",0,0,0.0925564605960606,0.0776421563138078,0,0.0803673420082553,0,41.148
"100753",0,0,0.0943147292754757,0.0793562706312742,0,0.0815863739027147,0,41.148
"100754",0,0,0.0910360301162117,0.0765643648618532,0,0.0801370568634799,0,41.148
"100755",0.00139759238279788,0,0.0931604566601188,0.0790309831163499,0.0016911369860125,0.0828872102983978,0,41.148
"100756",0.00966274405407724,0,0.100657537788552,0.0860660558701848,0.00837055284930674,0.0877306410501392,0,41.148
"100757",0.00584609067073009,0,0.0967693271004727,0.0824979907874295,0.00550114031259732,0.0851989698705384,0,41.148
"100758",0.00659853629324142,0,0.0981413491959683,0.0836953768927741,0.00556880265343222,0.0857613333531801,0,41.148
"100759",0.0414324242553462,0.011854739166776,0.110000304398121,0.095416255955522,0.0369988657825601,0.0952331547381836,0.0201017186333442,41.148
"100760",0.0478105711918882,0.0160393913342425,0.109990998503237,0.0956375876960071,0.0440921816870741,0.0958353939243102,0.00820512505432945,41.148
"100761",0.0103659936884723,0.00306101354382841,0.0964199692404735,0.0825102149687852,0.0110692867600335,0.0858445058116575,0.0328009093487934,41.148
"100762",0,0,0.0845117989541798,0.0708170427678026,0,0.0770278101043185,0,41.148
"100763",0.00666143459838565,0.000943018040714807,0.0956379422145876,0.0816527134366504,0.00782121584447807,0.0855220768072736,0.112035485471085,41.148
"100764",0.00811945682494531,0,0.0983908450111501,0.0840850229360488,0.00797261905974682,0.086702783974073,0.221913923782441,41.148
"100765",0,0,0.0884431854597412,0.074549172074964,0,0.0794645448580519,0.0244873497610033,41.148
"100766",0,0,0.0792935461574986,0.0651954964175408,0,0.0712910281128821,0,41.148
"100767",0.00437711669914192,0,0.0945861495196138,0.0805352134598342,0.00461217215122358,0.0839389081923144,0,41.148
"100768",0,0,0.0737245358211506,0.0599285078388993,0,0.0685430570388467,0,41.148
"100769",0,0,0.0763953443722596,0.0619468935073654,0,0.0693340460773619,0,41.17
"100770",0,0,0.089808196856963,0.0754409171657186,0,0.079591775231693,0,41.418
"100771",0,0,0.0964817761606152,0.0815999113638377,0,0.083634322916088,0,41.418
"100772",1.65851479672091e-05,0,0.0986344399183018,0.0835013484061182,0,0.0846719917203611,0,41.418
"100773",0.00834947183626937,0,0.105155361897565,0.0898131533191574,0.00478290994360529,0.0895704963173303,0,41.418
"100774",0.00500355608498722,0,0.101670967400503,0.08660038809898,0.00256981637681448,0.087209937994614,0,41.418
"100775",0.00418895038735494,0,0.10233313915992,0.0870631396231283,0.00122472921829274,0.0870721521511741,0,41.418
"100776",0.0057834993284934,0,0.103405371832688,0.0881337085723229,0.00270934281854834,0.0881897969226765,0,41.418
"100777",0.012025730122231,0,0.104507808233576,0.0894671022731205,0.00871143165469055,0.089617062720408,0,41.418
"100778",0.0430721886793058,0.0119511347430849,0.110876285557264,0.0962282244430748,0.0382482722739074,0.0958107496241367,0.0972476487851904,41.418
"100779",0.115955619747787,0.0330056925848246,0.115869845487326,0.105155371858666,0.10473211443372,0.103556034967341,0.069538371489695,41.418
"100780",0.094753103366735,0.0282874736439039,0.115869845487326,0.104852723194357,0.0859939286137864,0.103316437272932,0.147657885647261,41.418
"100781",0.0537123746398163,0.0234341651653568,0.106824052822729,0.0932437969157086,0.053814899396002,0.0952537302397487,0.154827014439261,41.418
"100782",0,0,0.0857798357668502,0.0722932301450484,0,0.0784247728653632,0.0325731337982791,41.418
"100783",0,0,0.0844838804195135,0.0706208889535057,0,0.0764550560419737,0.0348141238094839,41.418
"100784",0,0,0.0960645869795518,0.0811896366284824,0,0.0830168646247428,0.0375436608942639,41.418
"100785",0.00915232864075049,0,0.0973088129326045,0.0831727302518036,0.00891171541602078,0.0858888822219516,0,41.418
"100786",0,0,0.0733492060583963,0.0596100900205211,0,0.0674211147712749,0,41.418
"100787",0,0,0.0776347285776006,0.0637045930895374,0,0.0702238667054759,0,41.418
"100788",0,0,0.0720155441016709,0.057896256528949,0,0.0658443526805183,0,41.418
"100789",0.000956281105738153,0,0.0948384180024863,0.0804849087932995,0.00094937488847709,0.0839733886851396,0,41.418
"100790",0,0,0.0854215731940184,0.0711979142509717,0,0.0768918246782158,0.00624203029521278,41.418
"100791",0,0,0.0896532064635845,0.0758257407385333,0.000687966976129157,0.0816543252698053,0.0486313060144847,41.418
"100792",0,0,0.0770805799940749,0.0637571439994229,0,0.0729980644101278,0,41.42
"100793",0,0,0.0182029996884148,0,0,0.0350050774073368,0,41.435
"100794",0,0,0.0607239312156051,0.0473141295293834,0,0.0610305812996774,0,41.451
"100795",8.98642222213411e-05,0,0.0966078036391199,0.0818043067055714,0,0.0839261558424957,0,41.687
"100796",0.0039858965581665,0,0.0984601771510763,0.0838336074462723,0.00318482323717021,0.0859766763336376,0,41.687
"100797",0.00046870135812093,0,0.0999125676715991,0.0846737827828707,0,0.0853551815409028,0,41.687
"100798",0.00654949364359822,0,0.10598751280169,0.0903690939961718,0.00220803718427503,0.0893738904652362,0,41.687
"100799",0.0109476600511142,0,0.104621137611016,0.0894754562210167,0.00720408431039189,0.089322510539457,0,41.687
"100800",0.0342379988453813,0.00806941448821782,0.10918614831098,0.0944646087634413,0.0300365017344274,0.0942817366519421,0.113469283175519,41.687
"100801",0.0107610288650443,0,0.102113027028764,0.0873495756606478,0.00851481411594192,0.0882980354210306,0.0104963521559341,41.687
"100802",0.0305604122393534,0.00812152519592352,0.107641024331706,0.0930372272610504,0.0276490406554888,0.0934535546008701,0.083857850297838,41.687
"100803",0.0235821442820481,0.00630265991679198,0.103740424332164,0.0893945181769442,0.0218087429068328,0.0906180583736151,0.00361688391670188,41.687
"100804",0.114939747419435,0.03415224272978,0.115869845487326,0.105155371858666,0.105281651852866,0.103556034967341,0.0447248111448438,41.687
"100805",0.0398899853217227,0.014418147213797,0.107116742897163,0.0929391621570424,0.0375792218114868,0.09381291856128,0.00803056113809198,41.687
"100806",0,0,0.0907867312567039,0.0764151065076355,0,0.0797398485373978,0,41.687
"100807",0,0,0.0889124394474075,0.0745760011145235,0,0.0785591859079782,0,41.687
"100808",0,0,0.0896786903651909,0.0754027269996299,0,0.0793526008862311,0,41.687
"100809",0,0,0.0942679020169083,0.0796155584153778,0,0.0819398739376181,0,41.687
"100810",0,0,0.0890684848790702,0.0749379850398616,0,0.0789899645770204,0,41.687
"100811",0,0,0.0848876696135357,0.0712088425747439,0,0.0768647093538583,0,41.687
"100812",0,0,0.0843270729784868,0.0701850600947892,0,0.0752468211421698,0,41.687
"100813",0,0,0.0794777750173461,0.0646573853120925,0,0.0695727611139943,0,41.687
"100814",0,0,0.0840387649070315,0.0700060006070803,0,0.0760414880035472,0,41.687
"100815",0,0,0.0884774394883236,0.0743651739025472,0,0.0796872521558446,0.0855346776664148,41.687
"100816",0,0,0.0847980416277383,0.0706231992897615,0,0.0767960916362079,0.0770279903287381,41.687
"100817",0,0,0.0614929376305869,0.0472143530039819,0,0.0594559633732179,0,41.687
"100818",0,0,0.0403505485493612,0.024570205653128,0,0.0485974038781578,0,41.687
"100819",0,0,0.035504223428372,0.0153009470863061,0,0.0437492973876382,0,41.687
"100820",0,0,0.0424856711740889,0.0287467531237577,0,0.0522106778510736,0,41.703
"100821",0,0.00397697142951472,0.0701697609848085,0.0580720969469957,0,0.0708212685618615,0,41.703
"100822",0,0.00144674160007246,0.0741122510886899,0.061634550628676,0,0.0725584422793639,0,41.693
"100823",0.00327573255855421,0,0.0948516788281046,0.0806573213972394,0.00336436183053945,0.0839423170622955,0,41.941
"100824",0.0058041018817919,0,0.0981793099859072,0.0837248900876143,0.0053468961040008,0.0861693162644352,0,41.955
"100825",0,0,0.0953358083292641,0.0803762197170158,0,0.0822541673614397,0,41.955
"100826",0,0,0.0927379227601632,0.0778437050683363,0,0.0800776236501604,0,41.955
"100827",0.0034218449717735,0,0.0963921777844785,0.0819642124993652,0.00259736391377591,0.0843145967372428,0,41.955
"100828",0.00107042273205566,0,0.091892985029807,0.0778670814703026,0.00105737022450172,0.081549307204271,0,41.955
"100829",0.00841458239829939,0.00153012015510528,0.0949586573788167,0.0811086618107185,0.00914858725150863,0.0846763904285771,0.010792771386929,41.955
"100830",0.00652778779052697,0.00226090058140361,0.0925698512446012,0.0789419796583763,0.00785971192657121,0.0832758162798875,0,41.955
"100831",0.00122237187815509,0,0.0917292402172558,0.0777403757831175,0.00118954389705574,0.0813689806304188,0,41.955
"100832",0.0210805056632602,0.01274715484826,0.096813363536382,0.0834084182422397,0.0231297667131577,0.0873151320624846,0,41.955
"100833",0.00365351000938859,0,0.0927950014305295,0.0789509730578106,0.00399960126523632,0.0826362715038078,0,41.955
"100834",0,0,0.0858273098449776,0.0713057939485759,0,0.0750661275368161,0,41.955
"100835",0,0,0.0880974606250337,0.0738640148074565,0,0.0780390747847926,0,41.955
"100836",0,0,0.0854711870653352,0.0714154643883904,0,0.0764836361194454,0,41.955
"100837",7.13200457388691e-05,0,0.092614466376183,0.0783116456184339,0,0.0814011424032594,0,41.955
"100838",0.01792815945921,0.00239511886675848,0.102106175436892,0.0877303592414838,0.0162441223985211,0.0891247764896598,0.0420351733225791,41.955
"100839",0.0359645059401024,0.0129137477980413,0.1062315045535,0.092037142351133,0.0338210515142865,0.0930494108730097,0.053103602655267,41.955
"100840",0.0188838023718743,0.00383199242773709,0.102768567386212,0.0884358545700746,0.0174851808837833,0.089879627127716,0.0799119743916385,41.955
"100841",0,0,0.085579629734002,0.0705525005288041,0,0.0739453301971362,0,41.955
"100842",0,0,0.0911366842804957,0.0770628845118542,0,0.08180126237685,0,41.955
"100843",0.0289201408621111,0.0129338357835899,0.105036243467306,0.090831458481259,0.0290995875979357,0.09295256638894,0.13379460998951,41.955
"100844",0,0,0.0634583799097859,0.0496555920114907,0,0.0625647018740157,0.0651570922548242,41.955
"100845",0,0,0.0576747054572345,0.0435873056592298,0,0.0579107919396004,0,41.955
"100846",0,0.00303355982922455,0.0792626303493782,0.0664752298513926,0,0.0760236253413058,0,41.955
"100847",0,0,0.0463964113184893,0.0322282418428065,0,0.0527443502658655,0,41.955
"100848",0,0,0,0,0,0,0,41.955
"100849",0,0,0.0651273472008948,0.0515354178048655,0,0.0632057930671912,0,41.955
"100850",0,0,0.0924304809153634,0.0779064373119656,0,0.0806643028974019,0,42.214
"100851",0.00515710920350673,0,0.096322378734448,0.0820358589113022,0.00468796177476574,0.0846952825390059,0.00875210159541329,42.221
"100852",0.0068287567754152,0,0.0968290230766965,0.0825907683338775,0.00640326359863984,0.0852050364564042,0.00157275154480009,42.221
"100853",0.00863887107921288,0.0010105165637016,0.0960087593522969,0.0820083582237923,0.0087974832600149,0.0850742793744761,0.0122964366710348,42.221
"100854",0.00510337487525258,0.00026675284298651,0.0922918332282167,0.0785771008277347,0.00600488405196351,0.0827073116598317,0.00739683211562185,42.221
"100855",0,0,0.0842004639596836,0.0710041808330398,0.000467468453979303,0.0774022745410535,0,42.221
"100856",0,0,0.0835277497913373,0.0697468130295315,0,0.0750312046512688,0,42.221
"100857",0,0,0.0865671588949143,0.0727052787303449,0,0.0774701310233929,0,42.221
"100858",0,0,0.0933462675619483,0.0786908493558259,0,0.0809723838992833,0.0168973335556359,42.221
"100859",0,0,0.0862450727419666,0.0715231406320265,0,0.0750315053915578,0,42.221
"100860",0,0,0.0827940107732714,0.0679881636172014,0,0.0717539084109095,0,42.221
"100861",0,0,0.0817077312910172,0.0680603298431122,0,0.0743355699280667,0,42.221
"100862",0.00326997755086758,0,0.0929693715836537,0.0790077050535169,0.00346580737681955,0.0826292253759331,0.00203515138077851,42.221
"100863",0.0123521157867322,0,0.0998747635045793,0.0855250667135497,0.0110397552024941,0.0872785713987815,0.0315800336254599,42.221
"100864",0.00444916489586664,0,0.0945858603686854,0.0805085422211228,0.00419163180017226,0.0835091045916979,0,42.221
"100865",0.0299026548550763,0.0114015193329706,0.105829487574785,0.0915274988357718,0.0282814657198211,0.0926742039778461,0.0890832131046651,42.221
"100866",0,0,0.0711198949460075,0.0567181583800557,0,0.0643959066112687,0,42.221
"100867",0,0,0.0913072646651158,0.0764428154263147,0,0.0797862474767228,0,42.221
"100868",0.00477311591498271,0.00107290345530557,0.0949449740641023,0.0809198656630045,0.0060091242959799,0.0851044557816669,0.0844219681931148,42.221
"100869",0,0,0.0817301013882011,0.0678653459426534,0,0.0752452675722449,0.0238143975635748,42.221
"100870",0.0025072621536728,0.00788860046788078,0.0871239555530851,0.0740097816462064,0.00598782099829364,0.0814160856927595,0.0327654472157631,42.221
"100871",0,0,0.0626285562776059,0.049923433559152,0,0.0643768780651038,0,42.221
"100872",0,0,0.0370605609860368,0.0189504517677162,0,0.0454637742544627,0,42.221
"100873",0,0,0.0539446849224832,0.0392899295376693,0,0.0551726385528862,0,42.221
"100874",0,0,0.0580330421950883,0.0439507021895964,0,0.057869532046932,0,42.193
"100875",0,0,0.0877324610146025,0.0737295103816422,0,0.0781917830582931,0,42.461
"100876",0.00135837020211775,0,0.0912896814254445,0.0773657827820274,0.00155259607547177,0.0813336307463812,0.0235420846442699,42.487
"100877",0.0155954985728388,0.00339971401276747,0.100355846608252,0.0861000982690307,0.01441975475425,0.0878952484037288,0.0677818622023679,42.487
"100878",0.000276699043544576,0,0.0910877357926884,0.0770166156155787,8.44442879003534e-05,0.0805437519104857,0,42.487
"100879",0,0,0.0851269000406857,0.0709911723923841,0,0.075272657017517,0,42.487
"100880",0,0,0.0924185478230451,0.0780513193449861,0,0.0808279060849089,0,42.487
"100881",0,0,0.0809017326005353,0.066302649634333,0,0.0706159585077383,0,42.487
"100882",0,0,0.0793275508742938,0.0643599665985642,0,0.068394475095859,0,42.487
"100883",0,0,0.082946791482561,0.0680528746564455,0,0.072019714626624,0,42.487
"100884",0,0,0.0864733229322308,0.0725223895276911,0,0.0774188587877812,0,42.487
"100885",0,0,0.0871002149864483,0.0734913918140825,7.96408027230158e-06,0.0788112775422418,0,42.487
"100886",0,0,0.0886132145255858,0.0746736800247438,0,0.0789642710666519,0,42.487
"100887",0.00179747667350099,0.000561950226047842,0.0875938609338966,0.0742601132488668,0.00327431391235438,0.0798965751649427,0,42.487
"100888",0.000996496452487521,0,0.0893130804469374,0.0756512329430613,0.00159936916158465,0.0803571503852253,0,42.487
"100889",0.00174115750323987,0,0.0937238879198924,0.0795849691273829,0.00131378219382068,0.0825529837462328,0,42.487
"100890",0,0,0.0730265427467261,0.0583500720013417,0,0.0648937873925124,0,42.487
"100891",0,0,0.0906782007469709,0.0761321208478988,0,0.0799422308015034,0.0437101393556271,42.487
"100892",0.0153921648388555,0.0107518063491513,0.0980006438079747,0.084202136502077,0.0176916020551692,0.0882436571717463,0.0934215423775034,42.487
"100893",0.0139673358621389,0.00769025478373041,0.100478600274213,0.086272184668125,0.0153712179610073,0.0894936149907983,0.0933366650574282,42.487
"100894",0.00683862172248569,0.00748088474992339,0.0932094038285754,0.0795955793228757,0.00967157900288984,0.0849507760181636,0.173598168436715,42.487
"100895",0,0,0.0685381239285937,0.0555646385191194,0,0.0675680190959685,0.00774251736006969,42.487
"100896",0,0,0.0573947074048239,0.0449308175469494,0,0.0620202055440897,0,42.487
"100897",0.0095113349995542,0.0125939400603347,0.0925180378994052,0.0791518609016282,0.0141353824342829,0.0856297569580437,0,42.487
"100898",0,0,0.0662643814249021,0.0529881557989651,0,0.0654084655605458,0,42.515
"100899",0,0,0.091116762663269,0.0765971956944083,0,0.0794034350414923,0.0207014117542042,42.736
"100900",0.00344693858517421,0,0.0957209229052209,0.0813207026314498,0.00235186537687016,0.0835066920802177,0.0317287823484108,42.751
"100901",0,0,0.0916766169156367,0.0772902409204506,0,0.0800849171680104,0,42.751
"100902",0,0,0.0759924778529147,0.0615754175632991,0,0.0668529400978382,0,42.751
"100903",0,0,0.0857106746733271,0.0714877642946186,0,0.0755615620706238,0,42.751
"100904",0,0,0.0744888280885581,0.0602805310600098,0,0.0663630131901155,0,42.751
"100905",0,0,0.067527518847192,0.0526521932686768,0,0.0594353005980773,0,42.751
"100906",0,0,0.0887427411966752,0.0737532053607815,0,0.0764074253160306,0,42.751
"100907",0,0,0.0942340193751606,0.079598864961237,0,0.0819210701061284,0,42.751
"100908",0.000276738071641852,0,0.091614191945148,0.0775117799790398,0.000115474410172508,0.0810865087774166,0,42.751
"100909",0,0,0.0869369847318624,0.0734092637475411,0.000271380630617357,0.0786787778627127,0,42.751
"100910",0.00685800063930091,0.00321020536079985,0.092614205402093,0.0789883095516994,0.00798383441011326,0.0831777100759766,0.00292899667277901,42.751
"100911",0,0,0.0814777355388057,0.0679252837597996,0,0.0739893111251345,0,42.751
"100912",0,0,0.0784421644559202,0.0646211970128567,0,0.0705814351243095,0,42.751
"100913",0,0,0.0924374799594121,0.0780542756893075,0,0.0809585340129202,0,42.751
"100914",6.96042930699721e-05,0,0.0905559426819713,0.0765885853811339,0.000346419058511283,0.0812422140527553,0.0265631702564937,42.751
"100915",0.0304329244140064,0.014028429690671,0.105295213673235,0.0910601007482817,0.0303196787513255,0.0930571706836581,0.0373856646670171,42.751
"100916",0.00686767708694267,0,0.100975928430175,0.0862032834005214,0.00595447617140367,0.0881164395032409,0.0497174345968705,42.751
"100917",0.0958106344558597,0.0361401411227865,0.115059007212715,0.101346393502496,0.0941920321354883,0.102483772127584,0.111478329904992,42.751
"100918",0,0,0.0716407236129319,0.0578417300902126,0,0.0679992136614301,0.0184926673517673,42.751
"100919",0,0,0.0619075258203375,0.0482116492988583,0,0.0614364570934273,0,42.751
"100920",0,0,0.0814956946331161,0.0678220397169153,0,0.0754172445559388,0,42.751
"100921",0.00387860854659801,0.00755094331631717,0.0890766662960341,0.0758337568281154,0.00714261000662415,0.0824337730316205,0,42.745
"100923",0,0,0.0756174375181572,0.0617345243845602,0,0.0681123779951712,0,43.015
"100924",0,0,0.0766826569181586,0.0626816783074049,0,0.0686255661432104,0,43.015
"100925",0,0,0.0787665475870869,0.0644164817627458,0,0.0693198083540004,0,43.015
"100926",0,0,0.0781150179370726,0.0639597836210317,0,0.0691309372004907,0,43.015
"100927",0,0,0.0743268744271904,0.0602512300867094,0,0.0664979078095246,0,43.015
"100928",0,0,0.0771594270742009,0.0625977822589318,0,0.0676988845882085,0,43.015
"100929",0,0,0.0869126491405824,0.0720503016385534,0,0.0753420352941373,0,43.015
"100930",0,0,0.0858984380407296,0.0709815168797137,0,0.0741856312101684,0,43.015
"100931",0,0,0.0932703726442049,0.0785688352616829,0,0.0808206053696096,0,43.015
"100932",0.000608369555209488,0,0.0960440697149429,0.0813214787534078,0,0.0829481608607361,0,43.015
"100933",0.00558996235172075,0,0.0952878586322426,0.0811618730876429,0.00518092173242326,0.0839652525814158,0,43.015
"100934",0.00370832873618528,0,0.0961953127472924,0.0817834434608253,0.00251616131134916,0.0838466896758438,0,43.015
"100935",0.000548015060992943,0,0.0930059084624028,0.0787414034363474,9.50144600396303e-05,0.0816895907808452,0,43.015
"100936",0,0,0.0817313739863667,0.0681419276454959,0,0.0746986350202772,0,43.015
"100937",0,0,0.0926904136600741,0.0783009309362021,0,0.0817155804622908,0.0237103755739617,43.015
"100938",0.0739091350737542,0.0201243931247127,0.115869845487326,0.105155371858666,0.0637603525299657,0.103008188214999,0.175018275865307,43.015
"100939",0.010493918601708,0,0.106533651895615,0.0911594622737551,0.00657199038336134,0.0907476444586479,0.0284711766217738,43.015
"100940",0.0248656840429874,0.0157751535756156,0.0999501972417581,0.0863015037206186,0.0275162627191884,0.090138971261769,0.00066621785464129,43.015
"100941",0,0,0.0774750818008843,0.063996155865347,0,0.0726060523883483,0.0246013313152903,43.015
"100942",0,0,0.0786079567993411,0.0645966347547959,0,0.071907230753949,0,43.015
"100943",0,0,0.0749787967320415,0.0615822118435002,0,0.0710237202251958,0,43.015
"100944",0,0,0.0801261136461098,0.0658057667372699,0,0.0725347669009992,0,43.019
"100945",0,0,0.0584095692709947,0.0438503351617974,0,0.0522489423173951,0,43.232
"100946",0,0,0.0711394205933918,0.0571416191869356,0,0.0640407997106958,0,43.258
"100947",0,0,0.0779717303899828,0.0639511363317661,0,0.069633903972194,0,43.258
"100948",0,0,0.0816740839201647,0.0671482213303058,0,0.0711733140598598,0,43.236
"100949",0,0,0.0795697135018326,0.0655345777828439,0,0.0710602908448248,0,43.214
"100950",0,0,0.0833537893084313,0.0689893910045536,0,0.0732695586580013,0,43.259
"100951",0,0,0.0899896719850407,0.0754682002452047,0,0.078543881743994,0,43.277
"100952",5.65589572385083e-05,0,0.0939749022886469,0.0794624752403948,0,0.0819373842853362,0,43.277
"100953",0.0010356789027932,0,0.0946874056639995,0.0802395983403822,0.000278358953603384,0.0826844519150132,0,43.277
"100954",0.0177716451173481,0.00320267961534659,0.102176187960398,0.0877630348356331,0.0158125255540864,0.0890025955082897,0.0136277296604873,43.277
"100955",0.0343502548699559,0.00886270712667627,0.108265013713789,0.0936328215178584,0.0295074316916869,0.0933102659612876,0.0119189814486386,43.277
"100956",0.0595238921792073,0.0167823425880183,0.114855922416604,0.100074272337712,0.0513753675611895,0.0985203821314022,0.08672066912999,43.277
"100957",0.0333915131952106,0.00979258455965204,0.107713900461181,0.0931496238449248,0.0294858481805996,0.093249862574213,0.0702307655619583,43.277
"100958",0.0076241409199245,0,0.0966340871902218,0.0824795137694226,0.007463417902127,0.0853105660098755,0.0442598721882362,43.277
"100959",0,0,0.0960509719995083,0.0811900031668636,0,0.083355591548414,0.0635443966534778,43.277
"100960",0.053953691497209,0.0173330062369674,0.114763747177865,0.0999628172043747,0.0487134522468023,0.0992188210939697,0.208158741032647,43.277
"100961",0,0,0.0961477395774269,0.0812364059297892,0,0.0828962066430454,0,43.277
"100962",0.0113472905127106,0.00631575405927186,0.0967113700465033,0.0828575146984583,0.0126032172023574,0.086489847051961,0,43.277
"100963",0.0042936756214279,0.00482008553785804,0.0907913587646733,0.077306492610139,0.0065216809195037,0.0828130865736696,0.041842834818455,43.277
"100964",0,0,0.0912131325932299,0.0770120193953848,0,0.0811575677429949,0.0397355497709468,43.277
"100965",0,0,0.0738341844855545,0.0605406703173538,0,0.0701962459067399,0,43.277
"100966",0,0,0.0587686049677457,0.0440050582577122,0,0.0567330998494898,0,43.277
"100967",0,0,0.0856163200935493,0.0719629151374775,0,0.078324483352734,0,43.3
"100968",0,0,0.0829036643085689,0.069007285908828,0,0.0740948230726426,0,43.489
"100969",0.0283252378276955,0.0085713960655617,0.105299411119449,0.0908856025840793,0.0253802022011641,0.0915291621817507,0.0818735242817431,43.538
"100970",0.0641270820945891,0.0163061311915612,0.115869845487326,0.102156012926993,0.0539096916920704,0.0998428852816688,0.110503491283654,43.538
"100971",0.0210983357188836,0.00297932581930349,0.103601122170226,0.0891250373354844,0.0179054186983971,0.0896415035141962,0,43.538
"100972",0.0588575792660018,0.0167882340317848,0.114060974796656,0.0993771753497271,0.0509002041188465,0.0979388552784879,0.02847330916457,43.538
"100973",0.0783572500677914,0.0272595491333546,0.113802934248356,0.0997774997019802,0.0730463085342265,0.0996120392172392,0.118663323025694,43.538
"100974",0.0474439363380224,0.0143829740714122,0.111363218644496,0.0967460036597991,0.041758160983551,0.0961043620813008,0.0574832958598033,43.538
"100975",0.0229487712979473,0.00422994612663736,0.105696003680307,0.0909929689020228,0.0197432100911565,0.091408007053653,0.068453873697154,43.538
"100976",0,0,0.0907981822182639,0.0762873798751305,0,0.0800409821840351,0.0920384396160713,43.538
"100977",0.0550888262341229,0.0191179970111748,0.113860149348262,0.0992610800847837,0.0509791281345982,0.099003716877952,0.261252344612414,43.538
"100978",0.0260978408795852,0.0145896220677542,0.10136328583162,0.0875765700587948,0.0275929666145017,0.0906698088545342,0.0401109156226756,43.538
"100979",0.00599952374364324,0,0.0951629083412895,0.0812343891411701,0.00668325742688813,0.0848275122160569,0,43.538
"100980",0.00262179583852849,0,0.0915943551357398,0.0778523372657586,0.00394011539884932,0.0827058405149904,0.0109437133601444,43.538
"100981",0.0258655787817611,0.0082863259233441,0.106205221707046,0.0916712792495475,0.0237989309016878,0.0925550710506144,0.0939112786916604,43.538
"100982",0,0,0.0777755280274178,0.0640827846000923,0,0.0718941327054832,0,43.538
"100983",0,0,0.0638721512189272,0.0499009255120395,0,0.0612856151640898,0,43.538
"100984",0,0,0.080992951957814,0.0673223625326076,0,0.074594332451453,0,43.538
"100985",0.0119631680770364,0.00275073974072066,0.0970052895736008,0.0830236899928596,0.0115228016876177,0.0855930827385149,0.0201420147164805,43.797
"100986",0.0511089220006658,0.0193137818707438,0.108658416943477,0.0945981794852482,0.0479192356018172,0.0951957054545035,0.129302882765212,43.798
"100987",0.0109536469968593,0,0.0981115896149836,0.0839341896063703,0.0093177874497243,0.0855807745451648,0,43.798
"100988",0.0430019990142413,0.0145561783018008,0.107853620426513,0.0936303713421634,0.0388678799817178,0.0937877212080473,0,43.798
"100989",0.0456808097149998,0.01626578172179,0.108326878726607,0.0941266593732477,0.0419233053056714,0.0944511634483538,0.0219793895885143,43.798
"100990",0.0296937705084102,0.00442528304465657,0.108624094462792,0.0937430319178079,0.0241477817939184,0.0930269704737046,0,43.798
"100991",0.0549698152588692,0.0155027631984223,0.114705996731935,0.0998127418900312,0.0475507491395449,0.0984496720480876,0.10203504392983,43.798
"100992",0,0,0.0940353795218534,0.0791393913703004,0,0.0814677826984297,0,43.798
"100993",0.0122028803887922,0,0.109393048069702,0.0937163620163925,0.00832969300364501,0.0931958095208447,0.0354407361384786,43.798
"100994",0.00383981551066925,0,0.103141311498627,0.0878065528028148,0.000811393648884898,0.0875678121273157,0,43.798
"100995",0,0,0.0950652128157113,0.0796316976896021,0,0.0801548242647318,0,43.798
"100996",0,0,0.0945056002448592,0.0797523568926083,0,0.0822155626658847,0.029493114729875,43.798
"100997",0.0400493634469884,0.00782009350447524,0.114563053543678,0.0992591170968373,0.0327671727413134,0.097590694494132,0.110124174535526,43.798
"100998",0.00807587076026517,0,0.105295985921046,0.0899331289453979,0.00451416211371514,0.0897015213006675,0,43.798
"100999",0,0,0.0821632094871227,0.0674297375410879,0,0.0721771050355472,0,43.798
"101000",0,0,0.081734190501289,0.0673317900115699,0,0.0730259505421679,0,43.798
"101001",0,0,0.0546271046442816,0.0388399844884977,0,0.0514945508101495,0,43.816
"101002",0,0,0.0692551641580275,0.0542491201489466,0,0.061834923814521,0,43.84
"101003",0,0,0.0778985434213558,0.0641139319536273,0,0.0697202069010448,0,44.058
"101004",0.00529130947812976,0,0.0926731804696083,0.0788795234161253,0.00547155737205384,0.0824114596962022,0,44.057
"101005",0.0201017964603336,0.00889879079845713,0.0988105759288431,0.0850045070743807,0.0198481612714632,0.0874955311204682,0.00363167576998553,44.057
"101006",0.0343708611319707,0.0137274694482641,0.103848581386241,0.0899153175537963,0.0325117863554042,0.0912632553044189,0,44.057
"101007",0.0160401601016272,0.00662369355547349,0.0974789990936783,0.0836897053444136,0.015922496596189,0.0863716901488925,0,44.057
"101008",0.0407944698566682,0.0139687034442257,0.108490485507699,0.0940879418000063,0.0370806169539499,0.0943625500391015,0.10175697763115,44.057
"101009",0.124864180248,0.0354669425795738,0.115869845487326,0.105155371858666,0.112262150313384,0.103556034967341,0.234774726906609,44.057
"101010",0,0,0.0951575085457835,0.0802653966378636,0,0.0823411142690667,0,44.057
"101011",0,0,0.100179465852314,0.0845916231680062,0,0.0851321542737743,0,44.057
"101012",0,0,0.0881444759758506,0.0726925622658921,0,0.0744097181275223,0,44.057
"101013",0,0,0.0627668801307778,0.0453692033555342,0,0.0487584132664705,0,44.057
"101014",0,0,0.0825582893034543,0.0670128091260262,0,0.0702971356438228,0,44.057
"101015",0.106273522560808,0.0278827024158531,0.115869845487326,0.105155371858666,0.0920443569125107,0.103556034967341,0.18370644140642,44.057
"101016",0.0606566348377255,0.0142362472750914,0.115869845487326,0.103925653513392,0.0503374495187637,0.101313669713078,0.0996847340632153,44.057
"101017",0,0,0.0787707476511159,0.0638301207791862,0,0.0692454700704841,0,44.057
"101018",0,0,0.0801754498939933,0.0660502485636173,0,0.0726196462957554,0,44.057
"101019",0,0,0.0630630255498746,0.0481729570134635,0,0.0585877114063892,0,44.057
"101020",0,0,0.0688674139080544,0.0540181478295485,0,0.0621578909642369,0,44.057
"101021",0,0,0.0820459262922857,0.0679894817591274,0,0.0742988132831496,0,44.063
"101022",0.0126475636735924,0.00786799636124725,0.0972211090879966,0.0833490880250236,0.0142323274323317,0.0871354042015259,0,44.074
"101023",0,0,0.0819858360243715,0.0683981056151601,0,0.0738715683387522,0,44.28
"101024",0,0,0.089177981075765,0.0752232888358028,0,0.0789092679121706,0,44.314
"101025",0.0168147634964777,0.00636362023103453,0.0984596693732575,0.0845286999221755,0.0163481729419999,0.0869364143745746,0.058860759477161,44.314
"101026",0.0219215479184446,0.0100547715815497,0.0992911254717426,0.0854993619682318,0.0217348210343407,0.0879919718251411,0.0279633242005294,44.314
"101027",0.0108763762576399,0.0016728069112608,0.0966108313393169,0.0826371452416009,0.0104558125607842,0.0852620801494367,0,44.314
"101028",0.00417165440714623,0,0.0951014738258086,0.0808686652287621,0.00339705624295488,0.0834635038653602,0,44.314
"101029",0.0258586701965115,0.00861417792671508,0.104183121901474,0.0898458566839011,0.0237609582632796,0.0909832022444366,0.0388506173150033,44.314
"101030",0.000484331687228418,0,0.0985287076500171,0.0834382442135595,0,0.0844823873290952,0,44.314
"101031",0.0255671135542164,0,0.111260217627591,0.0958355250006907,0.0191397204159793,0.094610457619691,0,44.314
"101032",0,0,0.0709684721484046,0.055104591908998,0,0.0599355111290007,0,44.314
"101033",0,0,0,0,0,0,0,44.314
"101034",0,0,0.0853147285161711,0.0701006431959659,0,0.0734836112631026,0,44.314
"101035",0.011204690570688,0,0.10091281239624,0.0863929268548595,0.0102043741542474,0.0881730593231626,0,44.314
"101036",0.0966970497734112,0.0242336195597624,0.115869845487326,0.105155371858666,0.0821179711914217,0.103556034967341,0.0432359895318095,44.314
"101037",0.000403807741976849,0,0.0953138090882143,0.0807707951981594,6.9140244610913e-05,0.0836585054980976,0,44.314
"101038",0,0,0.0890859627752386,0.0740664478383129,0,0.0770838538019862,0,44.314
"101039",0,0,0.0836800527698437,0.0698043568481064,0,0.0762979750767726,0,44.314
"101040",0,0,0.0670698614879289,0.0524949633542368,0,0.0613833081883587,0,44.314
"101041",0,0,0.0824184848761545,0.0686782572529872,0,0.0753127831765653,0,44.314
"101042",0.00428032985068464,0.00232077448181956,0.0928428874606714,0.0790838363137961,0.00584762612341423,0.0837823200465722,0,44.321
"101043",0.0244950437456261,0.0148691473304897,0.0984632294971272,0.0850278131306726,0.026562731500252,0.0886908709905828,0,44.336
"101044",0.0199162557422483,0.0142685606908596,0.0950961652684286,0.0819406190383094,0.0227455941418596,0.0865167702429072,0,44.338
"101045",0.00183264220655728,0,0.0917698529065017,0.0777696829585331,0.00144360067005902,0.0810113209936158,0,44.546
"101046",0.00143350485016177,0,0.0929746016753731,0.0787521810024656,0.000655059824836211,0.0814129616799484,0,44.571
"101047",0.0200886688708498,0.00651402925503646,0.100927281031412,0.0867910748042181,0.0187065327019768,0.0884956495874228,0.103551700982144,44.571
"101048",0.00965089193577259,0.001322124884222,0.0956334896736032,0.0817361730595416,0.00950393008212621,0.0846263921756233,0,44.571
"101049",0.00858587716660312,0.00254044571369767,0.0943304262994543,0.080577660705215,0.00906821365841382,0.0840508707655288,0,44.571
"101050",0,0,0.0876104681386553,0.0740211451430648,9.28614071475295e-05,0.0788092055138454,0,44.571
"101051",0.0018284929043937,0,0.0994082212170619,0.0843793800790789,0.000119177230535511,0.0854340578818181,0,44.571
"101052",0.0518339477637067,0.0150406513406141,0.11496793901116,0.099973566174477,0.045133212131143,0.0988678108146687,0.0225508274401174,44.571
"101053",0.0219469540529845,0.00192127680402002,0.107431960051283,0.0924683714597937,0.0182762783348969,0.0925148582602139,0.0306337705072762,44.571
"101054",0.00850987055379851,0,0.101664557549162,0.0869831178061008,0.00597227826630315,0.0875966844116856,0,44.571
"101055",0.00175693369986424,0,0.100615043421777,0.085519722720327,0,0.0859635623773382,0,44.571
"101056",0.00357821498236167,0,0.0969653598037713,0.0824986591561063,0.00289795453301413,0.0849430976047818,0,44.571
"101057",0.00450115345240867,0,0.100949505539172,0.086010844347431,0.00291575487757113,0.0873465531817751,0,44.571
"101058",0.038528705795184,0.0118613168912899,0.110711516987821,0.0959851878296659,0.03453279660395,0.0957763531785907,0.12113626599872,44.571
"101059",0.00676282432179587,0,0.099287603546751,0.0847405188275225,0.00597525462662172,0.0868296171758964,0.0111419626584969,44.571
"101060",0.011696737281299,0.000584893839886861,0.10078776506874,0.0863432189886949,0.0111151812363429,0.0883735494300547,0.031055743206948,44.571
"101061",0,0,0.0883354190892171,0.0741472328583096,0,0.0787283055439216,0,44.571
"101062",0,0,0.0845038927004361,0.070595371411455,0,0.0763597925534635,0,44.571
"101063",0,0,0.0701067243639796,0.0565437844979692,0,0.0661167973469045,0,44.571
"101064",0.0203778948932467,0.012049532639965,0.0985871992460019,0.0849475072537202,0.021982085779524,0.0883878158055664,0,44.575
"101065",0.0111360698283678,0.00777816099617086,0.093561125560842,0.0801627689279658,0.012977708105895,0.0844882232807897,0,44.576
"101066",0.0236648642769215,0.0153134597144279,0.0958851155725643,0.0827797017052106,0.0260731476705439,0.0869511602302047,0,44.579
"101067",0.0419151302114187,0.0187441274750676,0.103448956525138,0.0898947121777482,0.041185266360359,0.0918559319483744,0,44.605
"101068",0,0,0.0915889191476467,0.0772761632296257,0,0.0798620614702789,0,44.787
"101069",0,0,0.089536317876589,0.0751092456832571,0,0.0778122686810027,0,44.826
"101070",0,0,0.0908761694925918,0.0765470496876778,0,0.0792453434481575,0,44.826
"101071",0.00454298679041196,0,0.0916078296437906,0.0779624043764315,0.00499103677620117,0.0818163896552247,0,44.826
"101072",0.000101889423618111,0,0.0845602545618205,0.0714657291789507,0.000963179762717838,0.0774867512397714,0,44.826
"101073",0.0187187913361624,0.00423143398761729,0.10317207184231,0.0886844901001552,0.0168652181598961,0.0899803761989572,0.051982201349831,44.826
"101074",0,0,0.0950260508352015,0.0803106265108537,0,0.0828496076371245,0,44.826
"101075",0.0262359787922184,0.00636241243653714,0.106850225393891,0.0921564974082887,0.0228564680284737,0.092479964578384,0,44.826
"101076",0.0327644581762918,0.0033710873605666,0.112477899393131,0.0972615117494728,0.0258516266652681,0.0956346774492429,0,44.826
"101077",0,0,0.0980278041255852,0.082586581468183,0,0.0826339226922362,0,44.826
"101078",0.0269147623465426,0,0.111215917250933,0.0958673178564338,0.0200868242744448,0.0943247876973094,0,44.826
"101079",0.0220500598730573,0,0.111188005536325,0.0956340045733106,0.0154297656082587,0.0939601254951605,0,44.826
"101080",0.0147215556319818,0,0.106721940588134,0.0914821227125208,0.0102673728532522,0.0909215750176139,0,44.826
"101081",0.101599534334275,0.0268898726532298,0.115869845487326,0.105155371858666,0.0881352799017617,0.103556034967341,0.242760848374864,44.826
"101082",0.0424579252155494,0.013995141936733,0.110574061316582,0.0959731813253143,0.038524509299787,0.0958807121000112,0.110955434224154,44.826
"101083",0,0,0.0919540160469405,0.0776466964714628,0,0.0808653555682955,0,44.826
"101084",0,0,0.0914188307548075,0.0771503731513064,0,0.0807551057784188,0,44.826
"101085",0,0,0.0876639302785098,0.0732629167557359,0,0.0773003099302186,0,44.826
"101086",0.0241189617713533,0.0105330179638844,0.103188936556378,0.0890245893596917,0.0238949205676152,0.0910362971037164,0,44.826
"101087",0.0198722792276732,0.00928292018117679,0.0998465740146917,0.0859718992244453,0.0200999792133298,0.0885493919515079,0,44.826
"101088",0.0246737388152263,0.0109516360920349,0.100712985096093,0.0868923811057743,0.0242561451692721,0.0890809745614414,0,44.826
"101089",0.0430220542900527,0.0190052236931033,0.104238245101591,0.0905748687925414,0.0421276732158893,0.0924328961265397,0,44.826
"101090",0.0591498844188913,0.0235599972245196,0.107872341274833,0.0941594650684992,0.0566696336103556,0.0952983985322973,0,44.827
"101091",0.0204732269095039,0,0.110812036554745,0.0952213679345308,0.0137424802061063,0.093488716756752,0.01677079388357,45.076
"101092",0.020150545813916,0,0.105841629557428,0.0910114595419046,0.0160287612840954,0.0908373233547252,0,45.081
"101093",0.0433971099378476,0.00984013646374032,0.112843903016092,0.0978827425217906,0.036178467121398,0.0963849262345624,0,45.081
"101094",0.110068141338785,0.0284921648461923,0.115869845487326,0.105155371858666,0.0952189648991554,0.103556034967341,0.275410675503186,45.081
"101095",0.025793990183609,0.00814716147266203,0.104946550916824,0.0905209091161314,0.0236573201405631,0.0914675347824048,0.0569418771227323,45.081
"101096",0.0129353759148491,0,0.100623882361605,0.0862099398073998,0.0116425928281833,0.0878731276699091,0,45.081
"101097",0.00702317437800311,0,0.0984563506365327,0.0840045714262126,0.00596183578185725,0.0859831815815863,0,45.081
"101098",0.0271074471447756,0.0103020579036654,0.104758519613004,0.0904351022147332,0.02573289126261,0.0918019961176235,0,45.081
"101099",0.0338498952736622,0.0140344031964287,0.104820795411743,0.0907482244626552,0.032525658358793,0.0922164428625015,0,45.081
"101100",0.0254679679853831,0.0093342480861465,0.102517738527284,0.0884144841389531,0.0238653480130417,0.089879487563227,0,45.081
"101101",0.02191424741976,0.00940554475071589,0.0997269824088562,0.085864335416184,0.0213611556949871,0.088129792262981,0,45.081
"101102",0.019406441398259,0.00858875740745315,0.0981374734742737,0.08435403524069,0.0190371829380488,0.0869419797681964,0,45.065
"101103",0.0768352186365102,0.0225404434584964,0.115869845487326,0.103063224142332,0.0677176653758682,0.10125470766507,0.0426039679941634,45.326
"101104",0.0260999788904253,0.00472573203722534,0.106924444259032,0.0921813190028178,0.022166190917689,0.0921234152789046,0.0226179396715905,45.334
"101105",0.0116308178972427,0,0.0994820577173276,0.0851526299311026,0.0106040263667708,0.087040254802118,0.0109249565521371,45.334
"101106",0.0434417616546739,0.017093410804096,0.107635466690374,0.0935021681277374,0.0412706012808811,0.0944278955093226,0.116728366808932,45.334
"101107",0.033131288818802,0.0126892233158713,0.105930646988863,0.0916628862034881,0.0312448284002529,0.0927480493970171,0.0531590614323613,45.334
"101108",0.0282071648758559,0.00909883756934891,0.105751804101729,0.0912946674063984,0.0257491165805448,0.0920842647847237,0.00416390556570072,45.334
"101109",0.0370875266970035,0.0130364975960742,0.107341490604686,0.0929717872584546,0.034034261005803,0.0935138609207263,0,45.334
"101110",0.0350591716647947,0.0137374359108928,0.104984082484089,0.0908872704393582,0.0330346224048233,0.0920722953390321,0,45.334
"101111",0.0168255242538627,0.00600824642418021,0.09856606793887,0.0846171574650822,0.0161701458271698,0.086914701679137,0,45.334
"101112",0.0474352684053368,0.0184266161784519,0.107700456840941,0.0936779101154158,0.0448620136091845,0.0945103685236537,0.00043181623965192,45.563
"101113",0.024679467329361,0.00770720458234457,0.103804111460111,0.0894733759281122,0.0226194402804498,0.0905467799658383,0.0361527422062034,45.586
"101114",0.00247639621948176,0,0.0962223588158694,0.0816962658354264,0.001299128656167,0.083613046948521,0,45.586
"101115",0.0438496765460173,0.015285823772809,0.108979734476949,0.0946189295500859,0.0401576959176381,0.0948362540134548,0.0694499238266946,45.586
"101116",0.0734409220706649,0.024313733545372,0.115115359936864,0.10075700737713,0.0672144192886881,0.100029775610323,0.151436162540822,45.586
"101117",0.0274099079079389,0.0107872067652182,0.103463936451739,0.0893082743247364,0.0260887332910349,0.0908441444530244,0.0133653223022402,45.586
"101118",0.0287388068808546,0.00991777034966354,0.104689186819371,0.0903864237499829,0.0264523117024418,0.0913848569688592,0,45.586
"101119",0.0256549628076385,0.0073658326160437,0.104148671337231,0.0897757994193796,0.0229224238094124,0.0905781750644962,0,45.586
"101120",0.0163232986301427,0.0034595148059069,0.0998070350460044,0.0856390661957415,0.014806213523042,0.0873273044873158,0,45.559
"101121",0.0513062167955503,0.0193278537038076,0.108898997106154,0.094811638109795,0.0481726660170738,0.0953776736628646,0.0949193020851005,45.824
"101122",0.0280216182261112,0.00518209113551425,0.107169914269427,0.0924373026658369,0.0235200258108682,0.0921778176620682,0.022868267755721,45.837
"101123",0.0328795696245719,0.00907765962846602,0.107376237850342,0.0928233541982387,0.0287537740870546,0.0928165757494057,0,45.837
"101124",0.068980609243344,0.0207608876922719,0.115869845487326,0.101318294964423,0.0609453884800246,0.0998869959781833,0.0953945323219589,45.837
"101125",0.0690027440287366,0.0246390162387949,0.112625448165876,0.0985277345436013,0.0645306581743227,0.0985558196704401,0.157381485150481,45.837
"101126",0.0328618760405438,0.013811834637154,0.103917659278964,0.0899148195247888,0.0316316697719692,0.0915183508523983,0.039561645166598,45.837
"101127",0.0231884551308354,0.00635250828183025,0.103259169727619,0.0889151679854112,0.0207628528083374,0.0899032534833121,0,45.837
"101128",0.044246209731227,0.0147318205681378,0.108564398930655,0.0942615040502326,0.0398730363184125,0.0942720910832723,0.00616544541274425,46.082
"101129",0.0393858249877393,0.0134425728954156,0.107141150790258,0.0928853475546476,0.0357665680116683,0.0932318622743496,0,46.086
"101130",0.0320810263139649,0.0100472530903716,0.105906218888417,0.0915473812416725,0.0287454651636444,0.0920022335149684,0,46.086
"101131",0.0442902910659796,0.0137419172264196,0.109808883157431,0.0952950349997693,0.0392112899394171,0.0949408103245329,0.014424540966972,46.086
"101132",0.051114157416772,0.0209451412436412,0.107443027113558,0.0935749488393224,0.0492878851197494,0.0948118171827081,0.0919766587542822,46.086
"101133",0.0435810218932274,0.023210399058798,0.101193382097426,0.0880514411051966,0.045848724811802,0.0916047146298248,0.085902619369089,46.086
"101134",0.0164599933380701,0.0118151763823604,0.0938571158733771,0.0806323022625825,0.0187504069580777,0.0851303797719111,0,46.086
"101135",0.0314290625279266,0.00947879409947137,0.104993955993297,0.0907612534192367,0.0279107072091725,0.091179457142827,0,46.335
"101136",0.0258892791889259,0.00518205402493402,0.104862260428504,0.0903903846065277,0.02198107238409,0.0905508989617557,0,46.335
"101137",0.0372511575712541,0.0120054024521718,0.107246417001668,0.0928758089121545,0.0333639126650735,0.0930875379638041,0.0106227125463486,46.335
"101138",0.0370812198430311,0.016038121910101,0.104183808339903,0.0903083847554369,0.0360084675961513,0.091998863212658,0.0445453030122612,46.335
"101139",0.0286136119864212,0.0176826591913683,0.0975935943067097,0.084398833134792,0.0311651051698262,0.0884770123866179,0.0185958647301372,46.335
"101140",0.032490514798526,0.0161115684449789,0.101857264269617,0.0881811020574044,0.0329295371281456,0.0907438659306495,0.033283266966107,46.335
"101141",0.0236181455477251,0.00345363294592176,0.103586661621671,0.0892252503648171,0.0196964108007775,0.0893959657106499,0,46.58
"101142",0.00768188973182606,0,0.095603913092348,0.0816227873858572,0.00605176632580556,0.0833322325056391,0,46.583
"101143",0.0373328845972956,0.0150041135134952,0.104502727017136,0.09057837862317,0.0353956936621602,0.0918627975407364,0,46.583
"101144",0.039424436543507,0.016960632525453,0.104558278452186,0.0907173820448563,0.0382514024429189,0.0923550850034449,0.0362080592738032,46.583
"101145",0.0232335571582222,0.00851954443071935,0.102277856505332,0.0881260875794403,0.0219692599145146,0.089750408530788,0,46.583
"101146",0.0235796999718134,0.0105903862496799,0.101881954968606,0.0878480201539499,0.0234423439162146,0.0900538374365473,0,46.583
"101147",0.0337685686941363,0.0062940357119583,0.108277809292688,0.0935783767047337,0.0275714532390327,0.0926745566477239,0,46.803
"101148",0.0231569330313444,0.00174034170022582,0.104335977738963,0.0898100262463309,0.0187380040192735,0.0897014368850663,0,46.829
"101149",0.0358929597153428,0.014659183723898,0.103780710449447,0.0899108780072908,0.034160622964721,0.0913346525759886,0,46.829
"101150",0.0336612847057155,0.0191397914652008,0.0988618022028948,0.0856771572571976,0.0357220255288122,0.0893700667325689,0.0166599603316631,46.829
"101151",0.0228573225968474,0.0131225643610473,0.0983134682573697,0.0847614663257323,0.0242431159944874,0.0881543320483762,0,46.829
"101152",0.0243096379149782,0.0103309477817745,0.102553892735284,0.0884551403771286,0.0238164105576379,0.0904138667994734,0,46.829
"101153",0.0305311651514298,0.00902600483234325,0.104433821018426,0.0902294627348921,0.0269820288775374,0.0906857243291522,0,47.061
"101154",0.0133421817239978,0,0.0986387747376761,0.0845252427215306,0.0111117977460572,0.0857545532493734,0,47.074
"101155",0.0249314011935926,0.016323273958991,0.0953385316682849,0.0823152013199286,0.0275264798600631,0.0866998245680449,0,47.073
"101156",0.0213656400696224,0.0091033478839016,0.0999070207632848,0.0860272713742519,0.0209171134500656,0.0882804421940588,0,47.074
"101157",0.0216775807486627,0.00907767609284653,0.100108292205098,0.0862250402497595,0.0211397014871105,0.0883983466468621,0,47.07
"101158",0.0404738042270817,0.0134352946936572,0.106949425666551,0.0927399623231663,0.0363454050888665,0.0929429304701876,0,47.309
