"","Andrena_carlini","Andrena_miserabilis","Osmia_atriventris","Osmia_bucephala","Osmia_lignaria","Osmia_pumila","Andrena_violae","latitude"
"100001",0,0,0.0642788085914954,0.0665885064110361,0,0.103281787264032,0.0682034661630723,25.316
"100002",0,0,0.0550850943969174,0.0537384886311751,0,0.0856040927237199,0.0403496300809789,25.329
"100003",0,0.0156676870550931,0.0512657886506293,0.0550726031615977,0,0.0990993519665153,0.0623778808010408,25.637
"100004",0,0,0.0452574332453496,0.0446852596294067,0,0.0821508585521523,0.0293333470749378,25.637
"100005",0,0,0.0408618547687708,0.0411460918492481,0,0.0811042784009535,0.0207576780433733,25.669
"100006",0,0.0538654372518063,0.0888353584441487,0.0946087663332872,0.0159171832418874,0.141405130816399,0.0874288175580556,25.963
"100007",0,0.00826206222547275,0.0179963916460898,0.0205465665233308,0,0.0705304918133298,0.0379247283697506,25.961
"100008",0,0,0,0,0,0,0,25.961
"100009",0,0,0.00207772317388982,0.00102535031032341,0,0.0431429699192996,0,25.962
"100010",0,0.0250144047937734,0.115435624109124,0.116911531988808,0.00493915278556239,0.153036560963931,0.0879993948576647,26.291
"100011",0,0.0298359078360956,0.0927953549033918,0.0955840780687609,0,0.138060812550511,0.0806792831030202,26.283
"100012",0,0,0.0427780548768001,0.0419579929254859,0,0.0821026689795251,0.0346799296916358,26.283
"100013",0,0,0,0,0,0.00984772463545208,0,26.283
"100014",0,0,0,0,0,0.0159769232884738,0,26.284
"100015",0,0,0.0667954609312357,0.0671716528972218,0,0.106487700667011,0.0592957610783006,26.611
"100016",0,0,0.101912958918995,0.100792217213433,0,0.134032818372044,0.0735914001967973,26.605
"100017",0,0,0.0863408268999583,0.0853429457017856,0,0.120157050701624,0.0680631930385631,26.605
"100018",0,0,0.0533433462328856,0.049681149251336,0,0.081342752417626,0.034676126046804,26.605
"100019",0,0,0.0489972194809317,0.0431589152253772,0,0.0711248887396206,0.000820851251381817,26.605
"100020",0,0,0.0284896621487371,0.0247259668653611,0,0.059766948293386,0,26.605
"100021",0,0,0.057059860807238,0.055761359413525,0,0.0939855460158628,0.0534650646069154,26.938
"100022",0,0,0.0882228898328202,0.0856104066453163,0,0.117001079154363,0.0711064497043154,26.926
"100023",0,0,0.0595187120609996,0.0577367727026886,0,0.0928937125506233,0.059388564997163,26.926
"100024",0,0,0,0,0,0.0150413715456947,0,26.926
"100025",0,0,0.0028402098523387,0,0,0.0265874373413945,0,26.926
"100026",0,0,0.0736043423736044,0.0734645755666649,0,0.112809885941758,0.0395868046288729,26.924
"100027",0,0,0.131279922233594,0.127632268713509,0,0.159658481766455,0.0801883923245094,27.262
"100028",0,0,0.0902974623729361,0.0870745743116165,0,0.12163385559989,0.0656547905526105,27.246
"100029",0,0,0.0326447507576497,0.0289720245251944,0,0.0621544729757345,0.0541705165445799,27.246
"100030",0,0,0.0161102545028424,0.0123281523550256,0,0.0454023217733503,0.039825590794895,27.246
"100031",0,0,0.00208634285648072,0,0,0.029376938369816,0,27.246
"100032",0,0,0.00884420905469859,0.00506076989421562,0,0.040447510279631,0,27.246
"100033",0,0,0.0256902018836969,0.0238312158290974,0,0.0648220628651752,0.00489426224705732,27.231
"100034",0,0,0.139865050696388,0.135141966558065,0,0.16721493705184,0.0829356797931709,27.556
"100035",0,0,0.112974360343763,0.110182660595035,0,0.145298803679424,0.0810077657992298,27.565
"100036",0,0,0.0205438683972325,0.0180174069529383,0,0.0549336078711866,0.0604990139259612,27.565
"100037",0,0,0.0260448364338567,0.0245011794205997,0,0.0622717009660516,0.0619620916236469,27.565
"100038",0,0,0.0522483866207715,0.0520920048317682,0,0.0937760607187389,0.0522219658272474,27.565
"100039",0,0,0.0488884898384316,0.0491582587115145,0,0.093096300532185,0.0434209897085283,27.565
"100040",0,0,0.0387367100357782,0.0331938672781755,0,0.0677941827559777,0.0175315063175473,27.903
"100041",0,0,0.0667153063495188,0.0655235764371614,0,0.1090127065885,0.0488227202964013,27.883
"100042",0,0,0.0467466711703637,0.0465844755218044,0,0.0942405465971627,0.0443505727796272,27.883
"100043",0,0,0.113555923001735,0.111627338702601,0,0.147498803618629,0.0643713987408064,27.883
"100044",0,0.0369787483326493,0.118978798468249,0.120214838613812,0.00988974460679317,0.162575871498992,0.0686669274777303,27.883
"100045",0,0.000717198143796453,0.0639552326294728,0.0649887567560838,0,0.10874765192674,0.0525941325008502,27.875
"100046",0,0,0.0972990891277736,0.0937314246228522,0,0.133336098544823,0.0434278266507251,28.2
"100047",0,0.0280810518142639,0.0755774325059932,0.0772533685535993,0,0.131853627419723,0.0337277276349779,28.2
"100048",0,0.00861231834031928,0.0342779312262413,0.0356012251049052,0,0.0915820002538298,0.0143917381309999,28.2
"100049",0,0,0.0731726698583702,0.0723167878154256,0,0.117146842989309,0.0174805143259954,28.2
"100050",0,0.015142084353587,0.065804541269339,0.0669064714029893,0,0.116734869311283,0.0200542743297009,28.2
"100051",0,0,0.0349817045956198,0.034345524903597,0,0.0781979866925117,0.0225646033651736,28.193
"100052",0,0.0628564481543414,0.13655007534191,0.136415901950798,0.0235696783437172,0.191445562875391,0.0337522856960023,28.516
"100053",0.109976522257774,0.180981546556817,0.249428764318791,0.25028172387865,0.134784047721185,0.314386992471157,0.0178454300552158,28.516
"100054",0,0.0397309025697447,0.067477373518685,0.0698113656433464,0,0.128543138939455,0.0110228637526444,28.516
"100055",0,0.00379661604386592,0.0508549030793867,0.0519223879912074,0,0.103067037122888,0.0164906683428008,28.516
"100056",0,0.0129026562385619,0.0142781565464111,0.0159507287524982,0,0.0736999893402071,0.00467952919936697,28.516
"100057",0,0,0.0290774549025485,0.0279200334788443,0,0.0729841993439713,0.0119759733228011,28.511
"100058",0,0.0677416493634686,0.116149460077321,0.117181320140545,0.0199971340169406,0.175948325181228,0.0137635152577861,28.831
"100059",0.010362313313027,0.0795964014173748,0.141124213858972,0.141492048615285,0.036371738628691,0.199171676666709,0,28.831
"100060",0,0.0296914234411769,0.0410892332898606,0.0428447852945743,0,0.105264579654481,0,28.831
"100061",0,0.00799164780511502,0.0257793166146323,0.027172082114665,0,0.0847874296320744,0.00985315484680892,28.831
"100062",0,0,0,0,0,0.0500039244798604,0,28.829
"100063",0,0,0.0378306864949046,0.0358671597489503,0,0.0889726099418781,0,29.174
"100064",0,0.024856121946838,0.0700586693780113,0.0700080649840463,0,0.126991460873814,0,29.146
"100065",0,0.0456742936327711,0.0487399987664865,0.0509135765077503,0,0.116903586148252,0,29.146
"100066",0,0.0394722453364654,0.0101927151411322,0.0121548584670477,0,0.0798263614326273,0.00036172073636253,29.146
"100067",0,0.02399696655788,0.0101754225460141,0.0115785354277349,0,0.0754733948089611,0.00649911770937964,29.146
"100068",0,0,0,0,0,0.0451894605285899,0,29.123
"100069",0,0.0107134514212783,0.0823960826694853,0.080261438202715,0,0.130743404532509,0,29.476
"100070",0,0.00848004092494231,0.107800078425667,0.104304376096406,0,0.150861633478235,0,29.459
"100071",0,0.0348818625522482,0.0701661604268137,0.0703808372763963,0,0.131217126849448,0,29.459
"100072",0,0.0163086690515203,0.00819842477555085,0.00871239032456928,0,0.0715623939924754,0.0136953962368756,29.459
"100073",0,0.0147010577746849,0,0,0,0.0570443883908542,0.00670287535034894,29.459
"100074",0,0,0.00630554962695387,0.00563534978487574,0,0.0617360799477019,0,29.458
"100075",0.032844264405664,0.0621765580720089,0.216725306666298,0.208719732110945,0.0495069687889171,0.248308860420695,0.0186751604427772,29.824
"100076",0,0.00399635918888821,0.155947660009376,0.148371901423741,0,0.183097110941302,0,29.805
"100077",0,0.0344814407231148,0.122191329320808,0.119593077076449,0,0.168841684398893,0.00787064453095205,29.771
"100078",0,0,0.100803273029324,0.0955850897008696,0,0.136893051837614,0,29.771
"100079",0,0.0107521970602806,0.0621298341035177,0.0609938144691203,0,0.117821617019992,0.0228070864062364,29.771
"100080",0,0.0039344801042063,0.028090455845266,0.0277847588012609,0,0.0867874651638076,0.0143798962477201,29.771
"100081",0,0.00807624277919412,0.00109233529623049,0.000981840489416086,0,0.0602498239570948,0.0228030906648987,29.771
"100082",0,0,0.0245124096402495,0.0238663013659695,0,0.0771841520828593,0.0243346016116146,29.763
"100083",0.00712919925420483,0.0602689481788014,0.151706331538611,0.148876367214822,0.0291955846554094,0.197291817791871,0,30.145
"100084",0.0565655128567896,0.0980123011065221,0.230078818759927,0.2238612704054,0.0754728293091415,0.271305553337031,0.0016970769371023,30.085
"100085",0.0682459540709693,0.0932342280677041,0.268305814262484,0.258225533013764,0.0836781395257232,0.297910739147101,0.0314355090322462,30.083
"100086",0.0586267635315103,0.0900047278823002,0.246478145998649,0.238165737219361,0.0754736725461567,0.280561859632422,0.0271388281024433,30.084
"100087",0,0.0254555634466588,0.153500984930275,0.147861004989384,0.00448114192450304,0.189560460023606,0,30.142
"100088",0,0,0.110803464321411,0.105802443325831,0,0.148146749630846,0,30.118
"100089",0,0,0.0963123424910978,0.0920625198598033,0,0.137219463138766,0,30.083
"100090",0,0,0.0951487788367554,0.0913777226829994,0,0.137622407267833,0,30.083
"100091",0,0,0.0885451958654992,0.0840331776667355,0,0.127692192241993,0,30.083
"100092",0,0,0.0311092125437427,0.0289115812456303,0,0.0818140152452774,0,30.083
"100093",0,0,0.0403020456780162,0.0381968238050493,0,0.0903498419400467,0.0147236215899249,30.083
"100094",0,0,0.00169807258110314,0,0,0.0444986311941511,0.0121562390889995,30.083
"100095",0,0,0,0,0,0.0340864829094676,0,30.072
"100096",0.0484214048436429,0.0769161968796451,0.219042522555343,0.212412072360312,0.064163094910051,0.249956486813887,0.0331222905912762,30.444
"100097",0.0620783717997838,0.078468800230916,0.252711674627967,0.243215249625126,0.0752012918473621,0.275296604874288,0.0509624582412354,30.469
"100098",0.0338764296639911,0.0722976538373219,0.196880369452417,0.191535305757628,0.0519526735769341,0.234243432447478,0.0361602528954641,30.459
"100099",0.0306152232529074,0.0863871708269483,0.174189183488892,0.171570980773306,0.0524117189989665,0.223414597949762,0.0127958640377699,30.411
"100100",0.0650071138950666,0.12041582073506,0.216127781823028,0.212894856036051,0.0863662457301884,0.267019610765618,0.0281736374578374,30.393
"100101",0.0884803019470767,0.134411523514183,0.26620747750317,0.259793843599834,0.108050744393374,0.311408402618421,0.0391282819412939,30.393
"100102",0.066645729275975,0.104148370717576,0.252349721558869,0.244643255272588,0.0847415687594417,0.291151951032019,0.0136636732185539,30.393
"100103",0.0199875677577849,0.0566382573186168,0.197917278096792,0.191085293658036,0.0385303538587696,0.234163692167535,0,30.393
"100104",0.000188557248547894,0.0414781967275191,0.177192534142156,0.170808262641516,0.0208427604522567,0.214978946634792,0,30.393
"100105",0,0.0481469411047662,0.163680520540381,0.158832903633524,0.0208192618578363,0.206722505214389,0,30.393
"100106",0,0,0.0770453048747906,0.0740626616659368,0,0.12468450449475,0,30.393
"100107",0,0.00898283906807271,0.0985517399136982,0.0952019600347475,0,0.144613945611065,0,30.393
"100108",0,0,0.0720831348050894,0.0690190635137091,0,0.118595332676132,0,30.393
"100109",0,0,0.0271862614049295,0.0240687661548456,0,0.0737778679048656,0,30.393
"100110",0,0,0.041767609804646,0.038661864528462,0,0.0880232304379266,0.0038733635062886,30.393
"100111",0,0,0,0,0,0.0115640583156352,0,30.393
"100112",0.0659046719839031,0.105482775346828,0.228072391407891,0.222898323785414,0.083790544973385,0.267410043457121,0.0282015821702927,30.735
"100113",0.0750548760546315,0.115180156276012,0.238712698476753,0.233697384868625,0.0930753285494067,0.278920103388562,0.0467353274025122,30.703
"100114",0.0626882914002735,0.108222703509006,0.216662882205834,0.212840392073809,0.0818429100506827,0.260234663884995,0.0477126053914551,30.703
"100115",0.042247068198282,0.0848684741945077,0.202538838968726,0.197737074793164,0.0611143722106472,0.243337465111375,0.0417055923403356,30.703
"100116",0.0412018395689359,0.069575579393058,0.224835896112026,0.216762680222867,0.0573244033282761,0.255822556070246,0.0384702203598265,30.703
"100117",0.0839976789746287,0.128209823820924,0.257742694430991,0.25165632054382,0.103140162097296,0.301400382071808,0.0594837032045445,30.703
"100118",0.062717686994546,0.120145135478906,0.217781698614356,0.214385441456218,0.0847206991747834,0.270468537974887,0.0255116859306249,30.703
"100119",0.0111349780900766,0.0598420022963385,0.175874290552569,0.171018943230812,0.03253466603576,0.219765476705992,0,30.703
"100120",0,0,0.13129008374847,0.125064937256494,0,0.165938670719588,0,30.703
"100121",0,0,0.0886878278200712,0.0841328287724587,0,0.129087910409493,0,30.703
"100122",0,0,0.100783009663656,0.0937588775308165,0,0.132133606698121,0,30.703
"100123",0,0,0.104435513278547,0.0979970416556875,0,0.139235370657561,0,30.703
"100124",0,0.019319711843786,0.115547333081776,0.11189437199642,0,0.162698633311695,0.00638003503503965,30.703
"100125",0,0,0.063486909846814,0.0608174941310888,0,0.113249664024517,0,30.703
"100126",0,0,0.0430824807647383,0.0389399543259949,0,0.0855461693945684,0,30.703
"100127",0,0,0.0402359429230103,0.037009260576463,0,0.0887701298958618,0,30.703
"100128",0,0,0.0672078692041705,0.0628647295960551,0,0.109419346751098,0.00347687403270407,30.703
"100129",0,0.010911361375834,0.0890552387079788,0.0863530057983788,0,0.138551195969594,0,31.003
"100130",0,0,0.093669120492613,0.0866389745045138,0,0.124371359931179,0,31.011
"100131",0,0,0.0766467715862507,0.0710383771643639,0,0.11302226895052,0,31.011
"100132",0,0,0.0600921486155084,0.0549469699941807,0,0.0996747292055064,0,31.011
"100133",0,0,0.071906822508705,0.0656995426608368,0,0.107702660918846,0,31.011
"100134",0,0,0.0789581671010152,0.0738929143118612,0,0.119943837908843,0,31.011
"100135",0,0,0.062149681314143,0.0565173912619562,0,0.098369618513189,0,31.011
"100136",0,0,0.0718714908466163,0.0669094898122614,0,0.113254084392589,0,31.011
"100137",0,0,0.113740573893097,0.107039117311875,0,0.147209096253948,0,31.011
"100138",0,0,0.143142190479241,0.133737593887669,0,0.167102782028922,0.0133427815142455,31.011
"100139",0,0,0.0813436781934251,0.0742053851922361,0,0.113671605748147,0,31.315
"100140",0,0,0.0945476285866613,0.0848892563582052,0,0.114001162514327,0,31.319
"100141",0,0,0.0867257295981896,0.0799215904952714,0,0.118201899289046,0,31.319
"100142",0,0,0.059970212943762,0.0557786880364013,0,0.103610656915591,0,31.319
"100143",0,0,0.0817186144420384,0.0737055086590135,0,0.109582429559747,0,31.319
"100144",0,0,0.0540859166838622,0.0464099849469389,0,0.0821623158169471,0,31.319
"100145",0,0,0.0378121206622733,0.0316728820057189,0,0.0703413129245439,0,31.319
"100146",0,0,0.0647360081682616,0.0588009864298657,0,0.0989988167204745,0,31.319
"100147",0,0,0.123039855148652,0.113768260015372,0,0.145355898567591,0,31.319
"100148",0,0,0.0854841563967293,0.0771858658399523,0,0.111336852325542,0,31.319
"100149",0,0,0.02026325359229,0.0130196235965218,0,0.0482204138673267,0,31.329
"100150",0,0,0.0785732961806142,0.0696855866213017,0,0.102054571661385,0,31.632
"100151",0,0,0.0952240067223333,0.0858215927912398,0,0.116239621108471,0,31.625
"100152",0,0,0.0787234743373637,0.0718275810765074,0,0.109634071501846,0,31.625
"100153",0,0,0.0828568804327887,0.0758665241203331,0,0.114653643100216,0,31.625
"100154",0,0,0.0801517254370055,0.0714689779121701,0,0.104202534479305,0,31.625
"100155",0,0,0.0288908419834211,0.020386747505355,0,0.0512973449202595,0,31.625
"100156",0,0,0.032806420657698,0.0245613626238125,0,0.0556634566563608,0,31.625
"100157",0,0,0.0505158679690176,0.0422627589709003,0,0.0737523867724462,0,31.625
"100158",0,0,0.0553285474901307,0.0467013264416798,0,0.0774600349590254,0,31.625
"100159",0,0,0.0207579437914415,0.0134681822545168,0,0.048646368766279,0,31.625
"100160",0,0,0.0464641479029321,0.0375311514525077,0,0.0689711639412876,0,31.628
"100161",0,0,0.0958769438644176,0.0895559895219426,0,0.129850633573415,0,31.924
"100162",0,0,0.095971390952011,0.0887498510415587,0,0.126828256645736,0,31.931
"100163",0,0,0.0914631584985492,0.0837493993248907,0,0.120208316808299,0,31.931
"100164",0,0,0.0754257137223792,0.067281637680704,0,0.100942151543537,0,31.931
"100165",0,0,0.0627704544940321,0.0532711093293919,0,0.0820742851545489,0,31.931
"100166",0,0,0.0349514551597699,0.0243266705144895,0,0.0484201508882812,0,31.931
"100167",0,0,0.0446928333534603,0.0335443281954633,0,0.0562703613171751,0,31.931
"100168",0,0,0.0521091036769375,0.042149684934688,0,0.0687170593284856,0,31.931
"100169",0,0,0.0233076119493072,0.0159178392725509,0,0.0497383057064333,0,31.931
"100170",0,0,0.0318764876370358,0.0248265635030322,0,0.0622392639615447,0,31.931
"100171",0,0,0.102467602169559,0.0926858080462267,0,0.124347741427958,0,31.931
"100172",0,0,0.0271181769586912,0.0161977746070224,0,0.0391408407206953,0,31.959
"100173",0,0,0.0788852468702463,0.0727153668970473,0,0.112441531114361,0,32.224
"100174",0,0,0.0838899956721644,0.0782661643643969,0,0.120825163250222,0,32.235
"100175",0,0,0.105497206214098,0.0959407680511961,0,0.126983508321146,0,32.235
"100176",0,0,0.10506475353098,0.0934189192808584,0,0.117636574455117,0,32.235
"100177",0,0,0.081098089404308,0.0687535698442497,0,0.0901138208096292,0,32.235
"100178",0,0,0.0191137376934481,0.00895316647474487,0,0.0330002820420312,0,32.235
"100179",0,0,0.0252980828038481,0.0155286683608667,0,0.0415395828175247,0,32.235
"100180",0,0,0.01588891518895,0.00754726895959416,0,0.0364150819901711,0,32.235
"100181",0,0,0.0143840022092135,0.00633345013642915,0,0.0359365869808597,0,32.235
"100182",0,0,0.0408550788244608,0.0323984184277786,0,0.0649679685392649,0,32.235
"100183",0,0,0.0523972581525184,0.0436785739004406,0,0.076755555692862,0,32.235
"100184",0,0,0.0288663556752499,0.0215079192462249,0,0.0571121767645244,0,32.237
"100185",0,0,0.0353807590867179,0.030012519819938,0,0.0727364858023316,0,32.553
"100186",0,0,0.0692557016409983,0.0619433015292237,0,0.0984593371119526,0,32.539
"100187",0,0,0.102732658866107,0.0905125265547596,0,0.114244569653653,0,32.539
"100188",0,0,0.103194727964017,0.0913638299973524,0,0.116321579645775,0,32.539
"100189",0,0,0.073964429241487,0.0633352384397402,0,0.0918879605728342,0,32.539
"100190",0,0,0.0645614255408695,0.0523398676977488,0,0.0734694990650581,0,32.539
"100191",0,0,0.0439413136182954,0.033033106088497,0,0.0571284639079023,0,32.539
"100192",0,0,0.00673171258284156,0,0,0.0261783592480724,0,32.539
"100193",0,0,0,0,0,0.0155025133507852,0,32.539
"100194",0,0,0.0214909671423297,0.0122010529462615,0,0.0401135692927102,0,32.539
"100195",0,0,0.0268219674049355,0.0180109857244741,0,0.0483172615518726,0,32.539
"100196",0,0,0.0402160066177586,0.0316389843735528,0,0.0637083450031635,0,32.539
"100197",0,0,0.00952612319882971,0.00333748103349761,0,0.037496650073062,0,32.54
"100198",0,0,0,0,0,0.0126286170064783,0,32.602
"100199",0,0,0.0579350473334671,0.0501308997012964,0,0.082686697727056,0,32.841
"100200",0,0,0.0610380236006809,0.0523198787155332,0,0.0829001148622283,0,32.841
"100201",0,0,0.0288341898403909,0.0214774132711363,0,0.0571201754603859,0,32.841
"100202",0,0,0.0588061196090694,0.0493792607982354,0,0.0792091285731839,0,32.841
"100203",0,0,0.0514017498486858,0.0413976053190237,0,0.0689500938412328,0,32.841
"100204",0,0,0.0604535873880503,0.0492808903998516,0,0.0720785899751532,0,32.841
"100205",0,0,0.0510867384289054,0.0404557611830715,0,0.064524287090508,0,32.841
"100206",0,0,0.0177744065246228,0.00882906242938111,0,0.0354939445210271,0,32.841
"100207",0,0,0,0,0,0.0072255540417911,0,32.841
"100208",0,0,0,0,0,0.00865300143190588,0,32.841
"100209",0,0,0.00739113923847944,0,0,0.0237802615390771,0,32.841
"100210",0,0,0.0152701762730085,0.00683577897663692,0,0.034246487002387,0,32.841
"100211",0,0,0.0115270171006221,0.00435792491198509,0,0.0351460592101729,0,32.841
"100212",0,0,0,0,0,0.0209992775703163,0,32.841
"100213",0,0,0,0,0,0,0,32.857
"100214",0,0,0.0852199203510302,0.0764211641455888,0,0.10542000381022,0,33.142
"100215",0,0,0.0750656635382561,0.0650154532993304,0,0.0902961914425099,0,33.142
"100216",0,0,0.0549406911767519,0.04507505827165,0,0.0649610535443838,0,33.142
"100217",0,0,0.0556787585412531,0.0462407804351544,0,0.0683772854468464,0,33.142
"100218",0,0,0.0651841673783336,0.0552569256525734,0,0.0766015783122702,0,33.142
"100219",0,0,0.0815506220981181,0.0703017694543633,0,0.0874428410048341,0,33.142
"100220",0,0,0.0579350820037421,0.0474623243133164,0,0.0653237643487641,0,33.142
"100221",0,0,0.0316591110918199,0.0219041776122911,0,0.0410271825196146,0,33.142
"100222",0,0,0.00329209172016629,0,0,0.012379282350597,0,33.142
"100223",0,0,0.00702218868857041,0,0,0.0160885646519622,0,33.142
"100224",0,0,0.0352584364552901,0.0243798706515567,0,0.0417746109733513,0,33.142
"100225",0,0,0.0183878824094071,0.00920133266306277,0,0.0285362488876845,0,33.142
"100226",0,0,0,0,0,0.00867855533446238,0,33.142
"100227",0,0,0,0,0,0.00717366818437621,0,33.142
"100228",0,0,0.00028415996914167,0,0,0.0147380032625354,0,33.142
"100229",0,0,0,0,0,0.0130634687789166,0,33.149
"100230",0,0,0.099479135957697,0.0908535962441003,0,0.114214467509798,0,33.443
"100231",0,0,0.111481666661911,0.100090470962106,0,0.116819626264988,0,33.443
"100232",0,0,0.119033772393606,0.104236096644851,0,0.113503263879122,0,33.443
"100233",0,0,0.101100989975548,0.0879837635234178,0,0.101404238352999,0,33.443
"100234",0,0,0.087714188149923,0.0760408827797484,0,0.0933985800864533,0,33.443
"100235",0,0,0.0612429368119067,0.050620417303682,0,0.0690257251451054,0,33.443
"100236",0,0,0.0582872898707672,0.0488539688441904,0,0.0694051728735933,0,33.443
"100237",0,0,0.0595088144692041,0.0493601176985424,0,0.0679713637859598,0,33.443
"100238",0,0,0.0187465225229149,0.0096781084197345,0,0.0310799460819171,0,33.443
"100239",0,0,0,0,0,0.000425034921547213,0,33.443
"100240",0,0,0.0186901472780254,0.0096791713621372,0,0.0301959447012778,0,33.443
"100241",0,0,0.0392051282394521,0.0288620696125978,0,0.0479515848047527,0,33.443
"100242",0,0,0.0333123136122984,0.0231648288975493,0,0.0429288839574256,0,33.443
"100243",0,0,0.0258928049126197,0.016072415422314,0,0.0358133727175691,0,33.443
"100244",0,0,0.0155171763318999,0.00737127001684066,0,0.030182910809729,0,33.443
"100245",0,0,0.00265572184986815,0,0,0.0193121962326893,0,33.443
"100246",0,0,0,0,0,0,0,33.46
"100247",0,0,0.11280143925928,0.0992223406044072,0,0.107372794759337,0,33.748
"100248",0,0,0.0815290076574085,0.0742887450077156,0,0.100528179124482,0,33.742
"100249",0,0,0.159527216546743,0.145977067543747,0,0.160968277605321,0.0967081589524012,33.742
"100250",0,0,0.20183362963545,0.182097707046091,0,0.187435054565396,0.0698370886718399,33.742
"100251",0,0,0.126262259537476,0.113180946836696,0,0.127621496722359,0,33.742
"100252",0,0,0.0841360711182099,0.0733911346656486,0,0.0938417996239671,0,33.742
"100253",0,0,0.0740981056394569,0.0634786913245617,0,0.0829717589910005,0,33.742
"100254",0,0,0.0878090996464921,0.0756168693091686,0,0.0904546910454301,0,33.742
"100255",0,0,0.0412033005643263,0.0316113176239567,0,0.0519421201726809,0,33.742
"100256",0,0,0.0273447835921555,0.0217573775739579,0,0.0537550652445215,0,33.742
"100257",0,0,0.013296398376571,0.00545994032505784,0,0.0285210478563861,0,33.742
"100258",0,0,0.0351850295916328,0.0249640274481598,0,0.0444057985110871,0,33.742
"100259",0,0,0.0293587447938456,0.0203841461268598,0,0.0430789922319771,0,33.742
"100260",0,0,0.0199673055255996,0.0118853266218088,0,0.0367762713311568,0,33.742
"100261",0,0,0.0277291387584002,0.0186062532808363,0,0.0411589332784749,0,33.742
"100262",0,0,0.0283330133328337,0.019722773246686,0,0.0430359291657791,0,33.742
"100263",0,0,0.0116063072442641,0.00356172529816843,0,0.0244149776876189,0,33.742
"100264",0,0,0.000179730637136785,0,0,0.010382321853005,0,33.742
"100265",0,0,0,0,0,0,0,33.789
"100266",0,0,0.0527712469859712,0.0448615381905568,0,0.0673125222135109,0,34.045
"100267",0,0,0.0569009034830004,0.0489279239472552,0,0.0715842935610361,0,34.04
"100268",0,0,0.148542697039421,0.134924989780542,0,0.148051497736144,0.0911520498293467,34.04
"100269",0,0,0.204868840382271,0.185068219535249,0,0.185317260172944,0.0353647040058822,34.04
"100270",0,0,0.125950026288711,0.113975726004727,0,0.130028729400625,0,34.04
"100271",0,0,0.0778758598355928,0.0684559664375361,0,0.0907764845582918,0,34.04
"100272",0,0,0.130915577003248,0.116879256547741,0,0.129103110599245,0,34.04
"100273",0,0,0.180103395111732,0.159489019905383,0,0.158366215930672,0,34.04
"100274",0,0,0.075565242653549,0.0639853794395175,0,0.0804374986251978,0,34.04
"100275",0,0,0.0289479140107057,0.0215751964057139,0,0.0482750251140728,0,34.04
"100276",0,0,0.0180953526302411,0.0103796342386647,0,0.0355817398493374,0,34.04
"100277",0,0,0.0276806778907776,0.0178122407572325,0,0.037686108973424,0,34.04
"100278",0,0,0.0109615303343395,0.00208605798403898,0,0.021327966069411,0,34.04
"100279",0,0,0.00575494765788428,0,0,0.0219023230765929,0,34.04
"100280",0,0,0.0159638630865992,0.00655548175247277,0,0.0264262542138317,0,34.04
"100281",0,0,0.020457872070512,0.0110101922839616,0,0.0313994280652174,0,34.04
"100282",0,0,0.00327078423086286,0,0,0.0169665667396928,0,34.04
"100283",0,0,0.000727677630841448,0,0,0.010802429805715,0,34.04
"100284",0,0,0.00416807906826004,0,0,0.0130058088599717,0,34.04
"100285",0,0,0,0,0,0,0,34.042
"100286",0,0,0,0,0,0,0,34.047
"100287",0,0,0.0539473736292653,0.0442880898688094,0,0.0650582076293323,0,34.34
"100288",0,0,0.0519013467376437,0.0434201362608627,0,0.0662644183423767,0,34.337
"100289",0,0,0.0758117544783648,0.0700654476302715,0,0.099438429297707,0,34.337
"100290",0,0,0.102599904083909,0.0958753843571713,0,0.124486204091677,0,34.337
"100291",0,0,0.131379601158806,0.120874767035733,0,0.140956762240737,0,34.337
"100292",0,0,0.0742449838484428,0.0655965019288487,0,0.0865080103428328,0,34.337
"100293",0,0,0.0955849560243294,0.0879176230210732,0,0.112649161570494,0,34.337
"100294",0,0,0.142150436265545,0.130039741025492,0,0.145835155880471,0,34.337
"100295",0,0,0.0702783700112997,0.0617463717534429,0,0.0852326147115589,0,34.337
"100296",0,0,0.0507115478958291,0.0408301924139617,0,0.0611097688298347,0,34.337
"100297",0,0,0.0259933531398484,0.0181231427065456,0,0.0427621478971069,0,34.337
"100298",0,0,0.0131782716653853,0.00596285196111101,0,0.0305240225310015,0,34.337
"100299",0,0,0.00941136801026718,0.0016753805602719,0,0.0223356494001656,0,34.337
"100300",0,0,0.0275873935241193,0.0176519386867824,0,0.0358429670554023,0,34.337
"100301",0,0,0.0578301587350482,0.0466992137826027,0,0.064646469187328,0,34.337
"100302",0,0,0.0244915293223429,0.012842531697695,0,0.0299795863795941,0,34.337
"100303",0,0,0.00863220055888205,0.000762029136276262,0,0.0205529908048019,0,34.337
"100304",0,0,0.00532060342678211,0,0,0.0140856813915082,0,34.337
"100305",0,0,0,0,0,0.00110774112845527,0,34.337
"100306",0,0,0,0,0,0,0,34.337
"100307",0,0,0,0,0,0,0,34.337
"100308",0,0,0,0,0,0.00904752446072462,0,34.364
"100309",0,0,0.0455203026191886,0.0363572776182684,0,0.0580762158784868,0,34.634
"100310",0,0,0.0477267628394932,0.0406404018048554,0,0.0676113903124155,0,34.634
"100311",0,0,0.0823243271731852,0.0785804628698134,0,0.115244843617822,0,34.634
"100312",0.0777971164229695,0.110593980528465,0.276617280041578,0.267325900992387,0.0949263867788291,0.302598297148729,0,34.634
"100313",0.0433823779246361,0.0638814026661741,0.256068257497104,0.244687943679072,0.0584418504792943,0.273818092264262,0,34.634
"100314",0,0,0.135863631815099,0.128952757755276,0,0.159112990508064,0,34.634
"100315",0,0,0.0662437194797875,0.0624241946295871,0,0.0977856927455899,0,34.634
"100316",0,0,0.0588303407792834,0.0530839950049428,0,0.0840726342092119,0,34.634
"100317",0,0,0.0428484848792017,0.0361337409288302,0,0.0637608126985719,0,34.634
"100318",0,0,0.0471441971101456,0.0368360847447134,0,0.0553730466327329,0,34.634
"100319",0,0,0.046267009470878,0.0342067939209319,0,0.0484264494672326,0,34.634
"100320",0,0,0.026289604495407,0.0158965126752687,0,0.0327855546306124,0,34.634
"100321",0,0,0.0122565864316837,0.00299521542425561,0,0.0192462046172475,0,34.634
"100322",0,0,0,0,0,0.00871728992076598,0,34.634
"100323",0,0,0,0,0,0,0,34.634
"100324",0,0,0,0,0,0,0,34.634
"100325",0,0,0.0163606609334027,0.00544071382829302,0,0.0201601770759153,0,34.634
"100326",0,0,0.0220846079296034,0.0103066040417369,0,0.0248575866513772,0,34.634
"100327",0,0,0.000452609740260616,0,0,0.00858711088666315,0,34.634
"100328",0,0,0,0,0,0,0,34.634
"100329",0,0,0.0432589963633951,0.0354090662491737,0,0.0612511737332288,0,34.634
"100330",0,0,0.0315391405810589,0.0229027387588389,0,0.0471071688746609,0,34.634
"100331",0,0,0,0,0,0,0,34.648
"100332",0,0,0.0466219619459308,0.039220869812198,0,0.0619741515316937,0,34.883
"100333",0,0,0.0339612843802344,0.029045904658928,0,0.0614429302103601,0,34.884
"100334",0.0601248778035014,0.141525165117073,0.189409131004391,0.190011098585465,0.08697396446896,0.244432725552544,0.00249898694888378,34.885
"100335",0.00793895157865583,0.0275958541835973,0.204057894542491,0.194831775069111,0.0232279115215837,0.219802460825391,0,34.921
"100336",0,0,0.208837924268487,0.195825301960401,0,0.207772501441259,0,34.929
"100337",0.145908539452731,0.202956474381011,0.335246878772373,0.328667607705447,0.167490926960591,0.37693021674763,0,34.929
"100338",0.100748052445266,0.152577856993003,0.279326465856945,0.273367120381717,0.121643648737319,0.31713809998805,0,34.929
"100339",0,0,0.112770319236084,0.106280605964046,0,0.138932115654987,0,34.929
"100340",0,0,0.0452898554803065,0.0393677672492417,0,0.072681199874109,0,34.929
"100341",0,0,0.0338306789752508,0.0250798208342681,0,0.0477461879802146,0,34.929
"100342",0,0,0.0334919058049206,0.0223360127168209,0,0.0379465129871525,0,34.929
"100343",0,0,0.0147530467219422,0.00443717310472268,0,0.0184072964028792,0,34.929
"100344",0,0,0.010001886424002,0.000930401548769201,0,0.0164150932951506,0,34.929
"100345",0,0,0,0,0,0.00575793420559451,0,34.929
"100346",0,0,0,0,0,0.00354267943091321,0,34.929
"100347",0,0,0.0192649477492724,0.00880066473342598,0,0.0265021213891374,0,34.929
"100348",0,0,0.0553620330034298,0.0441970121492948,0,0.0632592052118969,0,34.929
"100349",0,0,0.0230145805861151,0.0125775441605578,0,0.0309591755822774,0,34.929
"100350",0,0,0.0265339030265814,0.0155237580231503,0,0.0325522755471487,0,34.929
"100351",0,0,0.00421269414495115,0,0,0.0132657451088416,0,34.929
"100352",0,0,0.0368824235169068,0.0269185440034214,0,0.0466663886272872,0,34.929
"100353",0,0,0.0405115386701676,0.0295604878086607,0,0.0472841592524819,0,34.929
"100354",0,0,0.00416323166444084,0,0,0.0187808140099958,0,34.929
"100355",0,0,0,0,0,0.0101720574371172,0,34.922
"100356",0,0,0,0,0,0.0227178958705389,0,34.908
"100357",0.173553039493146,0.233607640387396,0.366642843800537,0.359350294915295,0.195406936870865,0.409864094777229,0,35.222
"100358",0.152218519240325,0.175639943337464,0.373006125108086,0.361596972442847,0.167095014650481,0.392917368735698,0,35.223
"100359",0.147898224427888,0.151068881783477,0.397718222976199,0.381215671118614,0.158646717980154,0.403751345940096,0,35.223
"100360",0.21886615588705,0.238161043992434,0.504429710206404,0.482577683824649,0.232896139400385,0.517600719407979,0,35.223
"100361",0.0185880934831963,0.0883652124830455,0.163765873644731,0.162355509569095,0.0445521846380002,0.210237018583872,0,35.223
"100362",0,0,0.0724399633805018,0.0640099134461528,0,0.0903470574550574,0,35.223
"100363",0,0,0.0633705007292836,0.0519657324348293,0,0.0686813212323043,0,35.223
"100364",0,0,0,0,0,0,0,35.223
"100365",0,0,0.00823602590345317,0,0,0.0127673923644631,0,35.223
"100366",0,0,0.0102884194491852,0.00131323520302608,0,0.0186024611235448,0,35.223
"100367",0,0,0.0203359606536718,0.0101461209619102,0,0.0290078673815862,0,35.223
"100368",0,0,0.0525836707597091,0.0438182682515293,0,0.0688686929873359,0,35.223
"100369",0,0,0.113819458996987,0.102942099728,0,0.12499472997107,0,35.223
"100370",0,0,0.067409115130547,0.0577681643256707,0,0.081460235864147,0,35.223
"100371",0,0,0.0502669060706267,0.0401276348769902,0,0.0610592506311662,0,35.223
"100372",0,0,0.0181007461818554,0.0093308427158256,0,0.030652320164673,0,35.223
"100373",0,0,0,0,0,0.000974916010663401,0,35.223
"100374",0,0,0,0,0,0.00674565750293355,0,35.223
"100375",0,0,0,0,0,0.000405664917606139,0,35.223
"100376",0,0,0,0,0,0,0,35.224
"100377",0,0,0,0,0,0.00931525429140888,0,35.222
"100378",0.0468113959808012,0.0885660241852312,0.231939999108518,0.225926748956612,0.066623297454656,0.264191427891224,0,35.484
"100379",0.177525075482203,0.195895525211169,0.414048494681491,0.40032122369986,0.191392632488469,0.429455766935095,0,35.516
"100380",0,0,0.214197021671459,0.201726237838672,0,0.208122204787814,0,35.516
"100381",0,0,0.0601858264127653,0.0515974093963712,0,0.0738572493828061,0,35.516
"100382",0,0,0.125018776832835,0.117963802078377,0,0.148994441444916,0,35.516
"100383",0,0,0.126508561824457,0.11627679425574,0,0.138539075622395,0,35.516
"100384",0,0,0.0408387878026122,0.0325346764517457,0,0.0579144006603006,0,35.516
"100385",0,0,0.020009975682414,0.0104346213818968,0,0.0301933275461313,0,35.516
"100386",0,0,0.0389231629171978,0.0269370432924951,0,0.0427234780508067,0,35.516
"100387",0,0,0.0701410544661236,0.0583932073799761,0,0.0753974100471193,0,35.516
"100388",0,0.0191078691564151,0.188055924492157,0.178981763884681,0.00949727312262315,0.207081705466629,0,35.516
"100389",0,0,0.158192867633339,0.146253586268726,0,0.165908757927894,0,35.516
"100390",0,0,0.162549589529686,0.147743106308746,0,0.162807019985852,0,35.516
"100391",0,0,0.138396556647914,0.125104450461835,0,0.139900998608155,0,35.516
"100392",0,0,0.0715403417956486,0.0605678064184033,0,0.0797485899417363,0,35.516
"100393",0,0,0.0035467439698859,0,0,0.0155372798780878,0,35.516
"100394",0,0,0,0,0,0.00395776664234131,0,35.516
"100395",0,0,0,0,0,0,0,35.516
"100396",0,0,0,0,0,0,0,35.519
"100397",0,0,0,0,0,0.0207206779914943,0,35.538
"100398",0,0,0.00488187394197253,0.00159193732293183,0,0.0350205008223955,0,35.521
"100399",0,0,0.00364543430380738,0.00111678882555904,0,0.0371798527375088,0,35.558
"100400",0,0,0.183361551233789,0.172418566579752,0,0.189496572526518,0,35.8
"100401",0.000787113921167062,0,0.2312723571002,0.217187343115331,0.010522211065203,0.229971939457775,0,35.808
"100402",0.0730463245086449,0.0766710288804928,0.311615629666767,0.295997115886278,0.0845100818551723,0.318759944865183,0,35.808
"100403",0,0,0.154386571118392,0.145632645214325,0,0.174208455461017,0,35.808
"100404",0,0,0.0854896122547456,0.077003606108373,0,0.102211366991447,0,35.808
"100405",0,0,0.0596651318912668,0.0500232664041244,0,0.0721119543390462,0,35.808
"100406",0,0,0.0496498344891808,0.0385696904131342,0,0.0568150305768418,0,35.808
"100407",0,0,0.0460130011202917,0.0370243658954812,0,0.0607174028746436,0,35.808
"100408",0,0,0.120677997725721,0.110395793018912,0,0.132224346741468,0,35.808
"100409",0,0,0.208303169834938,0.19450932000684,0,0.21195112218147,0,35.808
"100410",0.015026693866923,0.0135218816893165,0.253073515771428,0.237462538069759,0.0260890437522305,0.255448212556621,0.00259323548922124,35.808
"100411",0.0389680049844137,0.0172116403313383,0.301731621374834,0.281337843478732,0.0447008835713609,0.291237059901656,0.0137401179861304,35.808
"100412",0,0,0.138946518512339,0.127321625838349,0,0.14627850171065,0,35.808
"100413",0,0,0.0126182111888018,0.00361367796420791,0,0.0232840877263243,0,35.808
"100414",0,0,0.00214548349654687,0,0,0.0173468118726433,0,35.808
"100415",0,0,0,0,0,0.0105991035075532,0,35.808
"100416",0,0,0,0,0,0.017085047987086,0,35.808
"100417",0,0,0.031768885569335,0.0264575255718463,0,0.0571668012276045,0,35.804
"100418",0,0,0.039601405231249,0.0347837407145773,0,0.0666503183220008,0,35.807
"100419",0,0,0.0211456599600894,0.0182032459581567,0,0.0561035273704645,0,35.804
"100420",0.10516620602834,0.0752233278689701,0.394397875990161,0.369804188752648,0.109014183607632,0.37814105630111,0,36.064
"100421",0.121235588836786,0.123246207651782,0.380762362203319,0.362395171113516,0.132306418113001,0.386189689377619,0.0740862439437184,36.099
"100422",0,0.00288118409259491,0.135694712291228,0.129536601797894,0,0.163072781442248,0,36.099
"100423",0,0,0.101413775254415,0.0935496051022873,0,0.120671527190322,0,36.099
"100424",0,0,0.0791782761215704,0.0683085634567534,0,0.0874727115444942,0,36.099
"100425",0,0,0.0720156025622951,0.0592434339745068,0,0.0746255019814297,0,36.099
"100426",0,0,0.130423335677965,0.118455949802391,0,0.136366747649751,0,36.099
"100427",0,0.0226977148810722,0.19958064805969,0.189824149606249,0.0158724990221069,0.217258633006462,0,36.099
"100428",0.0474818149496406,0.0836445396022147,0.242432585952671,0.233877731887074,0.066802902852493,0.270159105837194,0.0199335049954733,36.099
"100429",0.0542709663924915,0.0402720142004638,0.311327016597178,0.292131987154908,0.0620379177744443,0.306318508101997,0.0194658989885703,36.099
"100430",0,0,0.162941467997913,0.151291878732912,0,0.17116158512753,0,36.099
"100431",0,0,0.0400837749503842,0.0303363991235307,0,0.0521194476579265,0,36.099
"100432",0,0,0.0364510515093037,0.0276997701532578,0,0.0511614005091501,0,36.099
"100433",0,0,0.0389555346029127,0.0309341180997648,0,0.0559170449830879,0,36.099
"100434",0,0,0.0291032633171476,0.022461489332858,0,0.0505376516788522,0,36.099
"100435",0,0,0.0250871634920689,0.0197897422339707,0,0.0510335726906841,0,36.115
"100436",0,0,0.0149824513562844,0.0112391910413855,0,0.0463422924710205,0,36.141
"100437",0.063547913120772,0.0795387058792021,0.277890276737839,0.266074825306039,0.077521383186331,0.293197551238677,0.00697795225569641,36.365
"100438",0.0322461967524051,0.0379015076377031,0.25586492065587,0.242391147304382,0.0442994710598951,0.263783072361024,0,36.388
"100439",0.00206443168066151,0.0180192636899289,0.213700034978162,0.202532650473678,0.017351681252816,0.226375783973718,0.0305843340433516,36.388
"100440",0,0,0.133083998626339,0.122576506187296,0,0.143551896049822,0,36.388
"100441",0,0,0.138197912436669,0.124638723596171,0,0.140540350420658,0,36.388
"100442",0,0,0.14350173837149,0.129887430560815,0,0.144352570139092,0,36.388
"100443",0,0,0.127611695067211,0.11943119136064,0,0.146433525420727,0,36.388
"100444",0,0,0.19210698005399,0.180139530116221,0,0.200862914557233,0,36.388
"100445",0,0.00289104456529062,0.212643800693135,0.199978209029188,0.00735908506640659,0.220073685083237,0.0168802643359921,36.388
"100446",0,0,0.171427070518813,0.15856920123455,0,0.176004493797817,0,36.388
"100447",0,0,0.0420226905861186,0.0328966776949909,0,0.0584843082483479,0,36.388
"100448",0,0,0.0798640924987532,0.0711497269448952,0,0.0948858589373751,0,36.388
"100449",0,0,0.0968255674638029,0.0871691237955339,0,0.109770256353013,0,36.388
"100450",0,0,0.101498629313994,0.0904209225550362,0,0.109066912954418,0,36.388
"100451",0,0,0.0768692002366949,0.0678589355213402,0,0.0907181028532606,0,36.39
"100452",0,0,0.0573593035666325,0.0515277933381593,0,0.0812173461475909,0,36.39
"100453",0,0,0.0110188393540166,0.006523341718802,0,0.0389042864038656,0,36.379
"100454",0.0217118055013354,0.0271785415893763,0.228722822701506,0.216945610474612,0.0332076501860853,0.235717034200665,0.0269256876455013,36.688
"100455",0,0.0296448078158019,0.167618203251506,0.16163169568939,0.0124561453145348,0.192164539855954,0.0465811295982586,36.708
"100456",0,0.0135870370178191,0.12192141492465,0.11779859645459,0,0.152780170626155,0.0112102395766348,36.708
"100457",0,0.0386836553908027,0.156615807946097,0.151845070975343,0.0141879428752787,0.186638697705436,0.00634772981146802,36.713
"100458",0.023458218112855,0.00925207677746257,0.266982336597175,0.249636238900314,0.0304624220602842,0.261393467109021,0.0251483389563717,36.697
"100459",0,0,0.205826583985584,0.193679682320231,0.00303444416506916,0.211958135874994,0,36.677
"100460",0,0,0.2370741912926,0.221025147969244,0.00634810565346927,0.233367929908811,0.0148642721068432,36.677
"100461",0.082099180739402,0.112664154168381,0.279123924359873,0.270630608893998,0.0992826144794706,0.303959243277876,0.0949792065708005,36.677
"100462",0.0739595244269394,0.0921097195013006,0.295186020871523,0.28277415849223,0.0888306727225001,0.3118980696933,0.0698537519873066,36.677
"100463",0,0,0.131148057670729,0.115033383491882,0,0.122408791247541,0,36.677
"100464",0,0,0.161053301501418,0.147747242772803,0,0.162182577093691,0,36.686
"100465",0,0,0.196346561777672,0.181572407864638,0,0.194926906924373,0,36.68
"100466",0,0,0.229185751783046,0.212336605158386,0,0.223406622313828,0.0291061343747842,36.677
"100467",0,0,0.163192626593176,0.15194898641182,0,0.172260697397677,0.0157171140395289,36.677
"100468",0,0,0.0833905590877215,0.0762722745652244,0,0.104572769533876,0,36.677
"100469",0,0,0.115258149077511,0.105872423207046,0,0.128885601112631,0,36.677
"100470",0,0,0.113843484825752,0.104152945530802,0,0.125975634545272,0,36.677
"100471",0,0,0.109787816140469,0.100646959586319,0,0.123330782349322,0,36.682
"100472",0.0733727085013805,0.108968667788996,0.256800929651018,0.250457707871078,0.091238310280645,0.284657103736954,0.109793255918427,36.936
"100473",0.0407025387779679,0.0709227820699732,0.227413389819269,0.219580823676653,0.0578263143353046,0.250965591599619,0.0534869457026577,36.965
"100474",0.0709245916990326,0.0882295369282712,0.278524998607619,0.267300814491034,0.0848990985413787,0.294368346258497,0.0459008821926306,36.965
"100475",0.0922289960908611,0.084983598574468,0.341955304227422,0.323934911779853,0.100805973718382,0.341488800593047,0.0685861677104499,36.965
"100476",0.0470608425000701,0.0431496840768326,0.280920798933391,0.265445431256985,0.0566199505962535,0.282783626831621,0.0393743492997264,36.965
"100477",0,0,0.220816518738016,0.204437754150635,0,0.214349656438262,0.0120218805309651,36.965
"100478",0.0282169501055966,0.0233346227287378,0.263371710548814,0.247923795442163,0.0380897075804999,0.264030130892298,0.0416922302330474,36.964
"100479",0.100050061779745,0.0991649294822386,0.345199896073115,0.328155322526336,0.110529765368514,0.348752935459283,0.0383364768216441,36.965
"100480",0.020403342265226,0.00636723143167734,0.265416864483333,0.248019533412886,0.0279618881346839,0.259576037536231,0,36.965
"100481",0,0,0.268839745298315,0.242807640408701,0,0.234893327040967,0,36.965
"100482",0,0,0.265735074703447,0.241079277436203,0,0.236637971236493,0.0161492384060299,36.965
"100483",0,0,0.248231340507711,0.226975292913726,0,0.228629651048217,0.0335568643962766,36.965
"100484",0,0,0.146904479696989,0.135212700878477,0,0.152402671828253,0,36.965
"100485",0,0,0.135748281545686,0.124392211394528,0,0.14256265935795,0,36.965
"100486",0,0,0.146683238823622,0.134415531576588,0,0.151311531347409,0,36.965
"100487",0,0,0.126798992127443,0.116360417390417,0,0.136862545126574,0,36.965
"100488",0,0,0.121623017910965,0.112006645367203,0,0.133882694841352,0,36.965
"100489",0,0,0.107882416969499,0.101962766776217,0,0.133346098543343,0,36.958
"100490",0.0709208547098053,0.0429152486509998,0.343691725464617,0.321454812016802,0.0750025470067351,0.329250856975146,0.0487952986020423,37.187
"100491",0.113405519255715,0.126661497836901,0.340031068680637,0.326111150670271,0.126377547617689,0.352929543424581,0.0315730747054041,37.249
"100492",0.0991750774498772,0.110833092022635,0.32144576570803,0.308043704680898,0.111840212818696,0.333547818654415,0.0219895193352868,37.251
"100493",0.11312869416338,0.134260237679305,0.333818795436366,0.321286275543999,0.127891979556076,0.352057264982446,0.0911159118939369,37.251
"100494",0.0563402783373671,0.0682982763801476,0.274299787431259,0.261829987415633,0.0696332316228084,0.286645514990485,0.0659633214662847,37.251
"100495",0.0905064094512192,0.0573636695319934,0.384161126194605,0.358812392577873,0.0937152291333353,0.365737088918315,0.0857180835732551,37.254
"100496",0.143708352997351,0.140265958863297,0.412899799925352,0.392255987243122,0.153760265631963,0.413401233306812,0.0417265947002453,37.251
"100497",0.16406096146548,0.158299729145041,0.444760975103058,0.4222528915584,0.173182832552702,0.442806076608785,0.042163316637157,37.247
"100498",0,0,0.248970628182954,0.228242515615922,0,0.231363354495196,0.0249396898356596,37.251
"100499",0,0,0.209340991323018,0.188708570580103,0,0.189023311075383,0,37.244
"100500",0,0,0.18166232660907,0.164793700020595,0,0.171880640898082,0.0173612266920482,37.251
"100501",0,0,0.138307935077916,0.124693076322052,0,0.136501758767877,0,37.251
"100502",0,0,0.149089961385746,0.134028429842831,0,0.143892312119797,0,37.251
"100503",0,0,0.162177466171673,0.14686722015084,0,0.157082410064842,0,37.251
"100504",0,0,0.15559799252727,0.143907543013538,0,0.162589146863926,0,37.253
"100505",0,0,0.114101240121961,0.104956963217719,0,0.128648895546253,0,37.252
"100506",0,0,0.132312632085679,0.123784310320507,0,0.149654597297101,0,37.274
"100507",0.0378312739239182,0.0645358702276414,0.220176826192056,0.212308333633748,0.0538346280295039,0.24114367920052,0,37.272
"100508",0.124390916263909,0.140967663576109,0.353218057121581,0.339120123730305,0.138101439687451,0.368078288637232,0.0428142426144278,37.551
"100509",0.127153249030554,0.142849890895542,0.358921274045665,0.344400901253817,0.140677553290233,0.373148985469221,0.0509628593341212,37.537
"100510",0.170263395449108,0.20693732017734,0.396559246684267,0.384097247955588,0.188095761740429,0.423967089747869,0.125115404204943,37.537
"100511",0.0946652389998777,0.101624593832057,0.329713827879383,0.314525156393667,0.10665893374234,0.338702880008031,0.0663569945666352,37.537
"100512",0.106996417051047,0.0927743330989099,0.372091133094118,0.351545820035712,0.11428136919175,0.366429227837127,0.0479617385069884,37.537
"100513",0.143452005484223,0.1325365557371,0.421750140950368,0.399653058212403,0.151523803249136,0.417348746541049,0.0997383588789349,37.537
"100514",0.0241036780937969,0.0414396575034382,0.23518422860712,0.224083156738297,0.0391800398159409,0.250232629092478,0.0510175944795771,37.537
"100515",0.0642685040378588,0.0573550363740362,0.309409817151855,0.292482142489338,0.0733561283022178,0.309655155888149,0.12960074431557,37.537
"100516",0,0,0.143664153865834,0.128539844289955,0,0.138550092669158,0.0268742302386235,37.545
"100517",0,0,0.0548326219053488,0.0413021887532109,0,0.052230174177234,0,37.537
"100518",0,0,0.114840183937472,0.100800553994896,0,0.111545112952195,0,37.537
"100519",0,0,0.168583639660124,0.1503737408378,0,0.153780622128999,0,37.537
"100520",0,0,0.198706259575701,0.176505438145452,0,0.172911082812794,0,37.537
"100521",0,0,0.204365210660851,0.184508432093111,0,0.187257471295386,0,37.538
"100522",0,0,0.133601947336323,0.122048295769198,0,0.14142768876064,0,37.537
"100523",0,0,0.134456828943695,0.123908060980286,0,0.144686462832758,0,37.533
"100524",0.0676307123448661,0.1172064848272,0.240861867189828,0.235220059738015,0.0888006858095399,0.277060183411395,0.0410190392361916,37.821
"100525",0.132736716435957,0.150800439242527,0.366200087757511,0.351531060367267,0.146786319179891,0.381830629740821,0.0734327161819455,37.821
"100526",0.20459018644425,0.191960934279963,0.52206926669359,0.493644422929473,0.212128765121206,0.513217409612259,0.123012216117977,37.821
"100527",0.176757725132696,0.180327133572417,0.453587533287374,0.432154456996137,0.187765837237933,0.457746757665931,0.102614877348105,37.821
"100528",0.152423780260751,0.129918636311314,0.448084800669269,0.422399273407643,0.157688049693465,0.434980623973304,0.057848617838374,37.821
"100529",0.11478614590638,0.0836324595588619,0.405191406173459,0.379966496277075,0.118195596764457,0.387555554562776,0.0156736173863595,37.821
"100530",0,0,0.246518910270335,0.219298530660534,0.0032554341886093,0.237859883748421,0,37.822
"100531",0,0,0.184229399174535,0.15608582961179,0,0.166462210411742,0,37.822
"100532",0,0,0.207061284870832,0.179002865865226,0,0.191761194366567,0.0664771269572626,37.823
"100533",0,0,0.00870977859391028,0,0,0.00870196857361694,0.0663590082941039,37.821
"100534",0,0,0.107008024697765,0.0830474156233357,0,0.0951106434732117,0,37.821
"100535",0,0,0.153106349744938,0.12478489231294,0,0.130378677409022,0,37.821
"100536",0,0,0.182326399079045,0.153509704708615,0,0.161737029942426,0,37.821
"100537",0,0,0.166056842847753,0.141607157922763,0,0.159659959692118,0,37.821
"100538",0,0,0.135293952714776,0.114426210519665,0,0.140552822934587,0,37.82
"100539",0,0,0.119053728419935,0.0980417039811266,0,0.122830936954861,0,37.825
"100540",0,0,0.170249200070131,0.146580679500811,0,0.167427359403112,0.0377932871352909,37.825
"100541",0.103677451553348,0.131672170325096,0.299751239014545,0.280841728363622,0.119511103260022,0.322246793833499,0.0365864632362524,37.829
"100542",0.0215479998316248,0.0381726694693432,0.23800657585662,0.216174134546809,0.0365114387104925,0.252701072435838,0.0395173345027222,38.115
"100543",0.0333263508015305,0.0482663740572044,0.247217490645184,0.225533750438682,0.0476178016241434,0.261081975917457,0.040311010183293,38.105
"100544",0.0637635562994652,0.062714228664538,0.300698434781344,0.27508533028813,0.0740819786108114,0.304481079595322,0.0381211009900458,38.105
"100545",0.111182559734195,0.0972496894142867,0.37908025929853,0.348151764449,0.118430986010822,0.373424345302404,0.0617463676088071,38.105
"100546",0.163806184634492,0.155347203591192,0.45141439414804,0.417413976108129,0.172191885798794,0.447670922431418,0.0864093712475038,38.105
"100547",0.322751420696807,0.332444709360173,0.574224029723112,0.57627022142075,0.334181341315387,0.585305434923773,0.138583295613805,38.105
"100548",0.226188214747289,0.19566497992839,0.574224029723112,0.529635085281188,0.22927507658352,0.55119238019656,0.0658916105679226,38.105
"100549",0.00453143347011103,0,0.297613831594905,0.262606098615628,0.000254327235193555,0.2617122250385,0,38.105
"100550",0,0,0.218825637488131,0.189498629129118,0,0.199113093853205,0,38.105
"100551",0,0,0.152545292238278,0.127248241623954,0,0.142210635293408,0,38.102
"100552",0,0,0.105136372617136,0.086811664805417,0,0.114655752212584,0.066666291818222,38.106
"100553",0,0,0.112154326554561,0.091795856497773,0,0.114031316382776,0.051241076221883,38.106
"100554",0,0,0.13141481424974,0.104453586093673,0,0.11183195561722,0,38.105
"100555",0,0,0.170477332654119,0.14071354707351,0,0.146259837430795,0,38.105
"100556",0,0,0.170449831477548,0.145256964559759,0,0.16258995739584,0,38.105
"100557",0,0,0.210732827175325,0.183441286688281,0,0.199569929338787,0.0229946436490785,38.099
"100558",0,0,0.104644301845198,0.081405779236873,0,0.0990921723826696,0,38.076
"100559",0,0.0144254559768386,0.188746984095957,0.170544348983153,0.00929568529657128,0.20335350319111,0.0740031918751958,38.106
"100560",0.109983336392571,0.144405477549255,0.305064564707448,0.286286939746864,0.127247611272077,0.331680274293047,0.043538368738985,38.122
"100561",0.0151160465772757,0.028808629518178,0.225257012882333,0.204239767792579,0.0290965555584695,0.237561291280228,0.0408428406065125,38.35
"100562",0,0,0.238559338196326,0.213314208673669,0.00993859297788363,0.237738483155359,0.0381587023524451,38.387
"100563",0.0362648632302137,0.0295711936971431,0.275875632367802,0.249946279992636,0.0453109771481226,0.275389779100021,0.020706713020604,38.387
"100564",0.0926225790502924,0.0830397773142903,0.34729104666456,0.318646733090908,0.100821039944955,0.345025207326367,0.060681617131796,38.387
"100565",0.134009531133348,0.108014940471189,0.424357223279862,0.389458625248863,0.138350506489861,0.409534039945854,0.0659845168933116,38.387
"100566",0.226996314050793,0.217353454983106,0.54236634951705,0.503701884632504,0.234508589021861,0.534111989804242,0.09136473726964,38.387
"100567",0.317829175683113,0.290006789484694,0.574224029723112,0.57627022142075,0.321019086596464,0.585305434923773,0.15583717007584,38.387
"100568",0.146099816581041,0.0660655678822007,0.519315140189583,0.468242563517692,0.137633568843079,0.464767794639047,0.0269653457857099,38.387
"100569",0.0254299474867929,0,0.319073575714959,0.283707385289345,0.0233408226670922,0.287645408563978,0,38.387
"100570",0,0,0.258821815117652,0.229239266261639,0,0.242659651932302,0.0334103623993372,38.387
"100571",0,0,0.175246079826423,0.153736917581622,0,0.178742868101636,0.0265952312899484,38.384
"100572",0,0.00176806198028088,0.199346240717872,0.178972416398767,0.00187647979714856,0.209561047251867,0.118967408675588,38.387
"100573",0,0,0.135297267908474,0.109966632144882,0,0.123362413251243,0,38.387
"100574",0,0,0.142778721620562,0.11582824530492,0,0.125505312915201,0,38.387
"100575",0,0,0.220125602033663,0.187795468277205,0,0.192156319704425,0.0225590336497559,38.386
"100576",0.0195458011118942,0,0.294264537228379,0.262341626893079,0.0226870786734691,0.276769230565753,0.0781669115878094,38.398
"100577",0,0,0.115810787505369,0.0880729253575023,0,0.0958427760310349,0.00948535432870674,38.389
"100578",0,0,0.151421385281147,0.131741860361982,0,0.160459043865497,0.0593190479877187,38.401
"100579",0,0.00669267520028414,0.206715417258293,0.185556425666257,0.00878526103330667,0.215535844890248,0.0672413418801784,38.387
"100580",0,0.00273904082813944,0.170601611027613,0.152847042634247,0,0.185759265988654,0.0379778100227639,38.392
"100581",0,0,0.262486688467936,0.23326178901101,0.0054929560575919,0.249002948238588,0.0253118216965556,38.666
"100582",0.0327699248654128,0.0336190568329932,0.255721618456841,0.232552745357735,0.0434675535287195,0.260360016990497,0.0164329969922974,38.668
"100583",0.0799597178468814,0.0592085976670477,0.340864690394563,0.311057675651448,0.0855289854817551,0.331218537812847,0.0502469798237119,38.668
"100584",0.118711304915027,0.0879170926151083,0.407581074809696,0.372843583344725,0.121901950922675,0.38990352257146,0.072752538121068,38.668
"100585",0.129035445351746,0.105741534870878,0.411111449401413,0.377578009807133,0.133822282975793,0.398337931785367,0.0699562449098039,38.668
"100586",0.270935922913938,0.250093174893157,0.574224029723112,0.57627022142075,0.275873124680241,0.585305434923773,0.158788181845578,38.668
"100587",0.18885654092315,0.0996369094169965,0.574224029723112,0.542303924258729,0.178036780482995,0.536665270549305,0.106925162564707,38.668
"100588",0.0912738713274689,0.0170163149776886,0.431707857149833,0.386797750612683,0.0839382511430847,0.383749990135372,0.0327380497312625,38.668
"100589",0,0,0.263226544415601,0.231501547247208,0,0.237745929122,0,38.668
"100590",0.0470016208195414,0.00693117510207798,0.333472386619213,0.299198806113289,0.048170262291778,0.310500472289528,0.0619469909091237,38.668
"100591",0,0,0.173047586221608,0.145652260007257,0,0.15779919299279,0.0504699824815092,38.668
"100592",0,0,0.252966163038868,0.22045152568001,0,0.227658866510574,0.0529136765472452,38.668
"100593",0,0,0.186836965439246,0.155951881320915,0,0.161103503861826,0.00660501079568897,38.668
"100594",0,0,0.267401976273966,0.226410234150457,0,0.216385772239896,0.0557592696625358,38.669
"100595",0,0,0.224762681076669,0.192523857687855,0,0.200682799350652,0.0818644948988627,38.668
"100596",0,0,0.0763766652444135,0.0492159326405184,0,0.0571060450496627,0.0315700702996714,38.666
"100597",0,0,0.116849470448037,0.0954228737761929,0,0.116921375874929,0.0649715150081465,38.67
"100598",0,0,0.0791377257686581,0.0581959285024109,0,0.0776926081166796,0.0325450273270698,38.668
"100599",0,0,0.153906820866014,0.135257449668499,0,0.164368943961132,0.0447516865336286,38.663
"100600",0.0310498313176937,0,0.295863742425649,0.265457978239762,0.0333503567700786,0.276891321398311,0.0236164986877732,38.938
"100601",0.0659847551973123,0.0297345482687477,0.343273636434365,0.310474918860971,0.0678867139489601,0.322978232889571,0.0634849973006079,38.948
"100602",0.0893986403001983,0.0639410413176928,0.359494890888702,0.328117613309891,0.0938034119935275,0.346354586334752,0.0762726481413648,38.948
"100603",0.0875017187271395,0.0754481577664788,0.337873532450541,0.309838677521212,0.094889544865453,0.33404113212492,0.0629397672618311,38.948
"100604",0.105341708070415,0.102303782383604,0.359660319518961,0.331156771718751,0.114840468439084,0.361783125472962,0.0673714036496615,38.948
"100605",0.176879466988915,0.13032634222213,0.521500042687227,0.476638219092034,0.176446922635831,0.489640855270163,0.0751047277852312,38.948
"100606",0.176683293298119,0.116176187483819,0.541077830755965,0.492689689251777,0.17304343090563,0.499357032579165,0.125639779868682,38.948
"100607",0,0,0.181188317956543,0.155891612960467,0,0.167818943278468,0,38.948
"100608",0.265435723486342,0.242304287995832,0.574224029723112,0.57627022142075,0.269906796088468,0.585305434923773,0.0673172110937669,38.948
"100609",0.0111372731091567,0,0.304067561698709,0.269093560139421,0.0101264022976331,0.274766587863989,0.0710681343884253,38.948
"100610",0,0,0.228417607712594,0.199817573679613,0,0.213883045340812,0,38.948
"100611",0,0,0.15136136075781,0.122617950251924,0,0.130826540520814,0.00620966924167545,38.948
"100612",0,0,0.180095400152303,0.139495462627296,0,0.126132907579779,0.0642311287242463,38.949
"100613",0,0,0.283244004372671,0.235530351947032,0,0.219649555291202,0.0840843077211846,38.963
"100614",0,0,0.223244060425532,0.183104474565983,0,0.176343321721213,0.0338621061627202,38.949
"100615",0.0131967262191998,0.000126222746739145,0.259662040811307,0.232413349684381,0.0203362995098238,0.254002550203015,0.100648872570171,38.948
"100616",0,0,0.0187705217303151,0.00155201837231423,0,0.0172746622689631,0,38.948
"100617",0.0274012607104527,0.041524134221909,0.230908770901389,0.210914769023469,0.0409483333064099,0.24373413775054,0.096381698184269,39.225
"100618",0.0360119835193741,0.0320764277296915,0.265090264919893,0.241007557391117,0.0453939325961854,0.266446919419953,0.133391892582938,39.227
"100619",0.105424786611677,0.105822439974656,0.345266279504632,0.319134525151072,0.11548798864392,0.349560187177705,0.0896214174100733,39.227
"100620",0.0983676585360187,0.0971323268663336,0.341170456848445,0.314503616986944,0.108219645830745,0.34458510280391,0.0586684485815562,39.227
"100621",0.147985496711499,0.122863832977697,0.44682298007732,0.410435063332318,0.152488605994818,0.431999616926286,0.0469876657980701,39.227
"100622",0.218173895921412,0.178460868259162,0.574224029723112,0.534120581016321,0.219358784761706,0.552222056380716,0.0870769391420449,39.227
"100623",0.0507087043393485,0,0.374156726564241,0.333025624508916,0.0456444185748281,0.332833370962533,0,39.227
"100624",0.149839164586381,0.110753626377414,0.469375067931178,0.429112166617421,0.151192358131625,0.444542547472754,0.0071555352779905,39.227
"100625",0.293961259218485,0.259391604349158,0.574224029723112,0.57627022142075,0.296083895281024,0.585305434923773,0.262185443594659,39.227
"100626",0.0187013182094386,0,0.296688111230849,0.264296688552799,0.0208768975318129,0.276375158162535,0.0829817588820832,39.228
"100627",0,0,0.00497860243425986,0,0,0,0,39.227
"100628",0,0,0.215604760357637,0.182034609101173,0,0.189311678733976,0.107593568153881,39.227
"100629",0,0,0.268303897537636,0.230979955055744,0,0.235208712460826,0.0272000340695099,39.227
"100630",0.0365330578493659,0,0.369337179283869,0.326898971521219,0.0316790052631351,0.329019508500657,0.00382988339017516,39.205
"100631",0,0,0.158165350082112,0.130899149385829,0,0.140942277184811,0.0259808835833713,39.226
"100632",0,0,0,0,0,0,0,39.222
"100633",0,0,0.158252565627177,0.134267688576447,0,0.149977091377776,0.00487518084986369,39.246
"100634",0.0613704257864683,0.0519934333581834,0.299747146670152,0.273907761696068,0.069391260690604,0.297902324737622,0.118364669077428,39.476
"100635",0.19422966795798,0.165254141560726,0.517320435222062,0.476908623946947,0.197696979798508,0.497275515580643,0.125424681717205,39.505
"100636",0.165595330767831,0.159962102843991,0.44625875229482,0.413485096883532,0.174454867158636,0.444528346130768,0.0832704574682553,39.505
"100637",0.12426739644318,0.124143672251001,0.383130175715205,0.353989139145379,0.134562190973959,0.386789349040623,0.0422859766383304,39.505
"100638",0.247015526864264,0.219642327370932,0.574224029723112,0.566133933635395,0.25091363368176,0.585305434923773,0.0419255937383792,39.505
"100639",0.0853086093640758,0.016264884771204,0.43727539464632,0.390827051884122,0.0799199197315174,0.392810389630315,0.0143450476719868,39.505
"100640",0.0449814984287767,0.0186350060522031,0.319478491871616,0.287593843982296,0.049687057636476,0.306095812058824,0.0251360009145396,39.505
"100641",0.194922675439703,0.176603476270284,0.519782887706075,0.479333409528544,0.201158623650066,0.507303620777702,0.166375424525209,39.505
"100642",0.112992373063398,0.0616186714954139,0.440664020956538,0.398819773125661,0.111658291044266,0.408690166928783,0.152739062595766,39.505
"100643",0,0,0.152690125657263,0.121718948305695,0,0.126397278708219,0.0442632559956263,39.505
"100644",0.00535575599187638,0,0.275224390213015,0.245124086520124,0.0117241631896058,0.264383488712562,0.0978162877895273,39.505
"100645",0.0288243723085338,0.00383471840603347,0.299142791583812,0.268165805929368,0.0334357862571607,0.286230998303491,0.00952903624022566,39.505
"100646",0,0,0.252691020086912,0.222097629799977,0,0.238299209803065,0,39.506
"100647",0,0,0.146117793199072,0.119122572524389,0,0.130612072510249,0.0944038923042478,39.51
"100648",0,0,0.0827187789344545,0.0564607576236905,0,0.0630978572487755,0,39.516
"100649",0,0,0.0192832349522069,0.00102862554298183,0,0.0125686497170232,0,39.509
"100650",0,0,0.0334665912096282,0.014834119642505,0,0.0339215309737567,0,39.505
"100651",0,0,0.154035519094599,0.130071086800835,0,0.147026030583935,0,39.505
"100652",0,0,0.178567644504407,0.154887762201892,0,0.174291913019291,0,39.507
"100653",0.248059100757475,0.203385579565231,0.574224029723112,0.57627022142075,0.247885889861544,0.585305434923773,0.110264190810497,39.78
"100654",0.187271961943366,0.141098541204539,0.543263132483398,0.496624111568632,0.18733821956636,0.511025093212031,0.0567665553201912,39.781
"100655",0.0550359029519237,0.0566759177366139,0.295121664986947,0.269341479554081,0.0664202791996074,0.300939013169196,0.0246790620938705,39.781
"100656",0.132118353476625,0.0855572202394976,0.475223908579728,0.431414634267776,0.132501597571539,0.446004051051339,0.0707520456346361,39.781
"100657",0.0646061246026324,0,0.416223570221449,0.370068943724834,0.0583049188985879,0.369887125069175,0.0463257045021234,39.781
"100658",0.0214755707023958,0,0.328512831448143,0.291344765479515,0.0214227294374287,0.300449136833071,0.0407658646109579,39.781
"100659",0.164502742509358,0.122724634695311,0.51804551829682,0.472506510088639,0.166000402074851,0.490579323499337,0.0799800539950153,39.781
"100660",0.086964058415928,0.0203538420104649,0.434554832803439,0.389300201572427,0.082213647350796,0.392197545860505,0.0956557628069738,39.781
"100661",0.031310853883742,0,0.323278141229376,0.288620368161276,0.0321326721373341,0.2990195262316,0.0334308586194992,39.781
"100662",0.0941722583851248,0.0380061382538266,0.425773685255167,0.383630543286497,0.091789539142271,0.391024522912208,0.0689412790505078,39.781
"100663",0.160522665332936,0.124309704453212,0.483809378112546,0.443182209635749,0.162438326504343,0.460606945388079,0,39.781
"100664",0.121443435271874,0.0774676501110308,0.440184249903535,0.4001170166827,0.12164580166216,0.413268032406407,0,39.781
"100665",0.0701924342473476,0.0136676337791971,0.384764563830637,0.345333568134476,0.0672977357067831,0.350122381422633,0,39.781
"100666",0,0,0.26107135215992,0.2224231571695,0,0.215092143695967,0,39.781
"100667",0,0,0.115449141619756,0.0876193059512295,0,0.0929298170497504,0,39.785
"100668",0,0,0.00711893275576842,0,0,0.0130380835770577,0,39.781
"100669",0,0,0.133308583172421,0.111866064004333,0,0.137090155152481,0,39.781
"100670",0,0,0.118560476348412,0.100536303512308,0,0.132277078421914,0,39.781
"100671",0,0,0.168073430618317,0.145827270693547,0,0.167212469638423,0,39.791
"100672",0.0748267738233841,0.017441352298106,0.387454544299177,0.34802673340992,0.0716210063293336,0.352038668362464,0.0602469374711688,40.051
"100673",0.104575381190955,0.0275722484327672,0.462013281640299,0.414207379638184,0.0972103345957021,0.411454759001846,0.0397811022500167,40.057
"100674",0.0165148059237512,0.00432855410951818,0.269390039284175,0.241756763011272,0.0250938852817636,0.264750547747135,0.00645670264824338,40.057
"100675",0.0602531938305429,0,0.40240317010762,0.358610853823956,0.0564309998379028,0.362611794209863,0.0482320469088708,40.057
"100676",0.155462050808158,0.0609761005419428,0.574224029723112,0.522361316730693,0.144647328002505,0.516856836987994,0.129654074924121,40.057
"100677",0,0,0.303181626614801,0.265914657955676,0,0.269154754283832,0,40.057
"100678",0.140686260450798,0.0879071413788398,0.494181801006073,0.448146071353095,0.13963251652444,0.459949370241048,0.0197178671618847,40.057
"100679",0.0808893601371938,0.0295824096509676,0.403174202628715,0.362760876635406,0.0798965444280211,0.372175210730581,0.0517625169310886,40.057
"100680",0.0465927907526937,0,0.348038718540196,0.311388663163296,0.0456220158456284,0.318748285440404,0.0156924063381515,40.057
"100681",0.086168100605797,0.0424451960683564,0.391541541541417,0.354142662257392,0.0866903737790492,0.365891196491158,0.0282133582955533,40.057
"100682",0.130614753447948,0.0666684995658203,0.477883079313701,0.43216416020276,0.126151732185876,0.436035088821789,0,40.057
"100683",0.144743647948939,0.091598366688765,0.481049277473269,0.437629551270871,0.142779205087075,0.44649039875581,0,40.057
"100684",0.0891654257747409,0.039903482038218,0.40483121468799,0.365435111611726,0.0882576702395717,0.375167519230581,0,40.057
"100685",0,0,0.211312835045449,0.181774971590609,0,0.192226412949408,0,40.057
"100686",0,0,0.152381424042633,0.122467484098042,0,0.128907631663095,0,40.057
"100687",0,0,0.00697501369411948,0,0,0.000358462492781278,0,40.057
"100688",0,0,0.153957000160096,0.127111259076366,0,0.138625230779789,0,40.057
"100689",0,0,0.11922758295457,0.0998288966112366,0,0.126727003624888,0,40.057
"100690",0,0,0.18781651439261,0.161121814765596,0,0.174155297463291,0,40.062
"100691",0.0199254633743111,0,0.323163506595218,0.286469684338173,0.0192595906828198,0.29357364228285,0.0275746966712346,40.331
"100692",0,0,0.269122452087041,0.237397716565583,0,0.250822325278751,0,40.331
"100693",0.0308908386803331,0,0.327071993507115,0.29191621340518,0.0338179376555774,0.306524141120413,0.0208134276537604,40.331
"100694",0.0521512572855344,0.021333717592903,0.35367736314271,0.317983635206865,0.0568632652122767,0.33759845550399,0.069337482587952,40.331
"100695",0,0,0.224330951166525,0.192657085057973,0,0.203740996787608,0.0409196598598839,40.331
"100696",0.0571909312780455,0.0237176151167505,0.354278346759767,0.31875251591559,0.0607168079315694,0.336204211042478,0.0303486533650376,40.331
"100697",0.0669734950777944,0.0186020889670506,0.375990317683468,0.337826601941506,0.066491387817435,0.347275391333999,0.0187913512362875,40.331
"100698",0.0447606711766658,0,0.341846126821477,0.305840000083387,0.0439729601159743,0.313182729324709,0,40.331
"100699",0.0405002006541025,0,0.333553675213555,0.298203384013549,0.0401205692904174,0.305830563996605,0.00322374037359684,40.331
"100700",0.190640329828692,0.138533910432081,0.547694101885329,0.500435993100717,0.188902783003265,0.510957001550744,0,40.331
"100701",0.219843022089703,0.163029991692349,0.574224029723112,0.550298937312763,0.216875080805206,0.559657147705767,0.00674664780035306,40.331
"100702",0.109045062185183,0.072373488863357,0.412034422164721,0.374978785310573,0.111112881800688,0.390772775340848,0,40.331
"100703",0,0,0.220571375197537,0.190687317665089,0,0.202474087041888,0,40.331
"100704",0,0,0.200084039728206,0.172564050989785,0,0.192073936912861,0,40.331
"100705",0,0,0.186967264368947,0.15751179321167,0,0.169424564597315,0,40.331
"100706",0,0,0.145813153592929,0.122544684196658,0,0.142579309472143,0,40.331
"100707",0,0,0.148196180437681,0.123426904011916,0,0.138527959858172,0,40.331
"100708",0,0,0.147481421180306,0.124195989934973,0,0.14343982098334,0,40.323
"100709",0,0,0.238898106747524,0.209916062539749,0,0.229307150221667,0,40.605
"100710",0,0,0.231291403397042,0.202720992471725,0,0.223576439766261,0,40.605
"100711",0,0,0.22226131582755,0.193525214519622,0,0.210074826647512,0,40.605
"100712",0.0431796841113493,0.0204879647364597,0.322614637268767,0.290345780577296,0.049536813410168,0.311837969183877,0,40.605
"100713",0.0898506024568291,0.024568826879367,0.448476229507776,0.401401133153719,0.0861279157645767,0.406943917264379,0.0671613002035467,40.605
"100714",0.080171593565768,0.00200779653834502,0.443136068049378,0.394625206749062,0.0725258469433921,0.3920636323266,0.0393383573671256,40.605
"100715",0.148032187929854,0.0904235631851892,0.506295740691251,0.458929797469586,0.145489547118469,0.46815703196119,0.0302632867590863,40.605
"100716",0.0829399349325796,0.0243016975182844,0.405147844119348,0.364295641847054,0.0797772353003258,0.368877237165494,0,40.605
"100717",0,0,0.315759024244412,0.274137142418984,0,0.26500657904597,0.00949507435951031,40.605
"100718",0.0273482502008972,0,0.362026990853239,0.318531737711212,0.017837864482297,0.310163396386308,0.018172991531545,40.605
"100719",0.196388372147407,0.11381930074559,0.574224029723112,0.544020510703502,0.18736702215346,0.540811418577128,0.0640918177011486,40.605
"100720",0.151441991265094,0.0712562169746238,0.531644831596923,0.479551685097306,0.143119137207386,0.47660296094382,0.0682783891676406,40.605
"100721",0.0573038511148819,0,0.383469482897919,0.3421570709131,0.0537950814949517,0.346143334699902,0.0375600407994078,40.605
"100722",0,0,0.160121983052561,0.129407859614219,0,0.145282305014535,0,40.605
"100723",0,0,0.164302505113631,0.138922527303689,0,0.160437298776045,0.0118400730732284,40.605
"100724",0,0,0.224564314075351,0.19698826517431,0,0.213061535353191,0,40.605
"100725",0,0,0.192041900252239,0.16255306248188,0,0.170307546623212,0,40.605
"100726",0,0,0.138686922551164,0.115476812367811,0,0.138924276008611,0,40.63
"100727",0.0604343286447507,0.0283218196039513,0.344463396226336,0.31057353676648,0.0632267588242706,0.327219101617602,0,40.658
"100728",0.000660255385073497,0,0.30207765432058,0.266427462444393,0.00199466909977862,0.275923978870584,0.00875589189732654,40.877
"100729",0,0,0.307157851292616,0.26894595105215,0,0.2758234191575,0.00243686482215952,40.877
"100730",0,0,0.253066642214373,0.219616361252245,0,0.228836140049588,0,40.877
"100731",0,0,0.308467440960256,0.271129566524746,0,0.27525324937277,0,40.877
"100732",0.0640873207947208,0.00437728120795364,0.390785983967121,0.34925477443805,0.0609317297573602,0.353652624023106,0.0220854070215244,40.877
"100733",0.0633795043897894,0,0.430581554767303,0.380924453836184,0.0525370413710196,0.371826339249542,0,40.877
"100734",0.220197126464025,0.151381480556671,0.574224029723112,0.573891717792886,0.214398620046625,0.580246059391859,0.0193354570018733,40.877
"100735",0.115971460276775,0.0412924117991384,0.471800481124455,0.424619762541232,0.108664235765267,0.422979266919249,0,40.877
"100736",0.0942152280498267,0.0224353631996479,0.43432689793635,0.389664932835447,0.0876304265991298,0.388158786630222,0.0567293785969187,40.877
"100737",0.0684219370719843,0,0.420767779922931,0.373783771039335,0.0587320107193093,0.366342204612769,0.0418326968923992,40.877
"100738",0.146897508615238,0.0680364408229396,0.515254271880514,0.465069890938872,0.13858130455463,0.461438897911461,0.0236729399748809,40.877
"100739",0.114392480361065,0.0541064865570384,0.444702927961471,0.402087135934523,0.110677658780949,0.406219037295518,0.0329669678736157,40.877
"100740",0.10665359141865,0.0806261727031149,0.399177547064355,0.364170837202355,0.111317450875786,0.385520431957716,0.0645370742615484,40.877
"100741",0,0,0.247688726280475,0.213624214821434,0,0.227803768092539,0.0447117192110077,40.877
"100742",0.00351023788560138,0,0.276715068698586,0.24590642242821,0.00932265163773508,0.26385398720891,0.166167351962845,40.877
"100743",0.0581882009691278,0.0105213922841621,0.357983688439221,0.32127481240658,0.0573964675625285,0.329669286614593,0.0423349743188375,40.877
"100744",0.0500209460867663,0,0.369515598626366,0.329270918971603,0.0456149281799928,0.331052188770601,0,40.877
"100745",0.0483034912209357,0.000407065864135674,0.350991657738587,0.313993374304901,0.0474286434711005,0.322442310355222,0,40.877
"100746",0.153116131573774,0.163736699829668,0.421501141978927,0.39108790359995,0.165547898442722,0.431860996343694,0,40.874
"100747",0.184321901761551,0.20008578746044,0.451522438622349,0.421935825627671,0.197441841646637,0.464152795212103,0.0607647144345897,40.83
"100748",0,0,0.239030042229607,0.211878728527982,0,0.228873741409339,0.0714977629837367,40.847
"100749",0,0,0.204052734618581,0.178722010631943,0,0.197202258271809,0.0342900361726426,40.875
"100750",0.0343888654897748,0,0.3547979244165,0.315058869045324,0.0328118774210839,0.32181229872288,0.0348163836480426,41.148
"100751",0.0244978712401781,0,0.342595992181643,0.30325751772509,0.0218112645297905,0.307218796764142,0.00492259563783192,41.148
"100752",0.0494087298789605,0,0.396863922184373,0.351491819043559,0.0418967952773982,0.347756754813179,0.0222314673550077,41.148
"100753",0.0598697183782284,0,0.41387914339129,0.366972802810246,0.0509973625484341,0.360868838997346,0.00918873713120533,41.148
"100754",0.06153846565549,0.00213188574854429,0.381344386882509,0.340987425060182,0.0581947057602742,0.344517899193071,0,41.148
"100755",0.0912957834543782,0.0470747953517705,0.399742113784594,0.361505701407671,0.0917596603947758,0.373552908152665,0.0353178242838912,41.148
"100756",0.12449050370197,0.0555849874137567,0.479071281958317,0.431930137298301,0.118934923261617,0.433727004933618,0.0386957924074035,41.148
"100757",0.111645159850037,0.0555871157700896,0.436773746570025,0.395301923811066,0.10896934783518,0.401590329761795,0.0195317715340243,41.148
"100758",0.111425090918788,0.0447849625989438,0.447587149220439,0.403715415531768,0.106108982549549,0.404691665960657,0.0397258623932466,41.148
"100759",0.20220876867593,0.131755546305014,0.574224029723112,0.535388772167753,0.195933722528028,0.537360436351649,0.0612269600546589,41.148
"100760",0.21585051048255,0.160175636779402,0.574224029723112,0.538159654095558,0.212987628347399,0.547049909429209,0.054230820939415,41.148
"100761",0.121932522391757,0.082886563124453,0.425629904472448,0.388294269801567,0.123290308200379,0.402278993951274,0.0685715641415985,41.148
"100762",0.0527366768862419,0.0294194817977823,0.319356719965628,0.288838804179333,0.0579651065371154,0.308297690995449,0.0411739767594991,41.148
"100763",0.111926097175441,0.0780163164581535,0.421847009604654,0.383875865761951,0.114928134526008,0.402611262180968,0.115930837640267,41.148
"100764",0.114519124595118,0.0608176562731299,0.447717697494738,0.405199425636279,0.112744705474217,0.414153808235033,0.175371784572017,41.148
"100765",0.0688834424096924,0.0329366768969329,0.35259419589178,0.318777990170994,0.0708321510351116,0.33260252371141,0.0660128234823318,41.148
"100766",0.00775226359130854,0,0.281265588561821,0.249847041922371,0.00873296185231292,0.258295711967552,0,41.148
"100767",0.108342514728738,0.0621707995237095,0.417460231669663,0.379159172926041,0.108001012476882,0.389524495312417,0,41.148
"100768",0,0,0.243896905096457,0.216859192448892,0.00088937936616565,0.237717749190942,0,41.148
"100769",0,0,0.264877750275108,0.232342702288888,0,0.246750891874749,0,41.17
"100770",0.0574862147216044,0.00586396327247996,0.370210363791248,0.331466894353697,0.0564507323205672,0.339074765806335,0.0371051979388551,41.418
"100771",0.0792041149500465,0.000373425472442203,0.437565013196722,0.389935027080674,0.0713122444160169,0.38610717575829,0.0329678938482289,41.418
"100772",0.0820703633759021,0,0.459480333195228,0.407824705279394,0.0704000811587582,0.397357771706711,0.028749281426439,41.418
"100773",0.122636355296364,0.0158961066757406,0.536646886990938,0.477562216074252,0.107909012377121,0.462832945653069,0.0367686850449311,41.418
"100774",0.109178111881042,0.0143264468687833,0.493361497319471,0.440147106436014,0.0971617352768608,0.429286678060189,0.0279302334539896,41.418
"100775",0.104097002062172,0,0.499096723758262,0.443254218457451,0.0884123188865598,0.425391487958125,0.0226281389644994,41.418
"100776",0.110944496472238,0.00669643894174733,0.512280144533501,0.455562983486547,0.0964760023461892,0.440776348684316,0.0366030213475365,41.418
"100777",0.132042674260097,0.0370780972292196,0.524720692135366,0.469857135843869,0.120042285860295,0.459614344716545,0.0438687225683486,41.418
"100778",0.203469213653841,0.129787739751467,0.574224029723112,0.542825158396556,0.196630910174393,0.543577267138128,0.104513683865977,41.418
"100779",0.336780372004223,0.294744754113735,0.574224029723112,0.57627022142075,0.336687884538633,0.585305434923773,0.0887933087350062,41.418
"100780",0.297992511413201,0.249548671493293,0.574224029723112,0.57627022142075,0.296743834838924,0.585305434923773,0.13093267363297,41.418
"100781",0.22354312163563,0.211059783242516,0.540534008072934,0.502244284991433,0.230694929604401,0.531243876320815,0.135685034541973,41.418
"100782",0.0657380881206872,0.0473606071918749,0.324450323905244,0.295324168586864,0.072033031574719,0.316907418681374,0.0686170310993285,41.418
"100783",0.0418806786654359,0.0106903047222905,0.315734314402974,0.283969766947561,0.0451382191229403,0.299137539557178,0.0709505902121728,41.418
"100784",0.0733760373479089,0,0.426334996780079,0.379267378323434,0.06364680779959,0.371831028092843,0.0730475467838243,41.418
"100785",0.121211127563206,0.0699234828526011,0.440247652326138,0.399865630171525,0.119271584812753,0.407937945321896,0.0427987445547817,41.418
"100786",0,0,0.240161131160353,0.213677363284726,0,0.227776658438938,0,41.418
"100787",0.00625450450311874,0,0.270203582564383,0.240696343158668,0.00848368933717159,0.250514695913753,0,41.418
"100788",0,0,0.232451628623661,0.204213551142085,0,0.216996970594458,0,41.418
"100789",0.0934225464359951,0.0436844279588892,0.422792303710823,0.381284066704545,0.0924328325609084,0.392691161421259,0.0101543493773512,41.418
"100790",0.0334116599104194,0,0.332118969582182,0.29678710792227,0.0356067029423563,0.312029934448249,0.058567654190547,41.418
"100791",0.0835906172967192,0.0672727736232034,0.371341670284841,0.337360379625216,0.0905327815816606,0.364711056542847,0.0839140891236429,41.418
"100792",0.0314709489311878,0.037960327299973,0.268567028342957,0.243264904662662,0.0438206754704019,0.27687650041793,0.0402959260635444,41.42
"100793",0,0,0.0668798546311816,0.049807217983669,0,0.0876403541008163,0,41.435
"100794",0,0,0.172200217961718,0.152313768271435,0,0.187184329775508,0,41.451
"100795",0.081506889208521,0.00552063688976707,0.435368673898946,0.388555611886663,0.0746241054150238,0.386083197601881,0.0504777361023386,41.687
"100796",0.106797005447029,0.0390544425191633,0.459057691248884,0.412727150168669,0.101933320866829,0.415382799509759,0.0394486636891419,41.687
"100797",0.0872601349102716,0,0.474512437861842,0.420760841322809,0.0735957836363066,0.406638205436542,0.0113758037726753,41.687
"100798",0.116813056988181,0,0.547943827356508,0.484878589568664,0.0970606663281264,0.460947144843443,0,41.687
"100799",0.12875955783484,0.0262045597911455,0.526787712421476,0.470536530320645,0.114708395877668,0.456076943728818,0.0372899194663152,41.687
"100800",0.184480250145484,0.106743870374848,0.574224029723112,0.521891451044872,0.17673896290561,0.520655643954147,0.114171156185497,41.687
"100801",0.126219394408873,0.0448180460805718,0.49377205448627,0.443846001990887,0.117517426649594,0.439152270487122,0.0572886375648129,41.687
"100802",0.178550130545036,0.110058252329352,0.55957248616231,0.507809214716748,0.17326390320879,0.511537258636055,0.0989391931208006,41.687
"100803",0.161676081479883,0.100489854606839,0.511215125759771,0.465070165928448,0.157782317040783,0.469713575703588,0.0524975510451173,41.687
"100804",0.336207898081397,0.306196075720301,0.574224029723112,0.57627022142075,0.338810906300755,0.585305434923773,0.074992176447023,41.687
"100805",0.199207198586497,0.149230189085001,0.551456346378814,0.505340431985855,0.197752372744112,0.515756255593993,0.0543076855401654,41.687
"100806",0.0625798841291803,0.000403330855668361,0.374325711862062,0.335217649687417,0.0579983262178636,0.335567340121028,0.00693154612092929,41.687
"100807",0.0487725523108292,0,0.354345541130399,0.316603473714549,0.045975034216451,0.320445644787309,0.0434323356061306,41.687
"100808",0.0577464736095168,0.00405481676433359,0.362480512561611,0.324790263244476,0.0553886877213253,0.329904147301204,0.0487917893766501,41.687
"100809",0.0720366732067462,0,0.406914640917524,0.363183733384277,0.0641514085492435,0.358419954390225,0.048273484634884,41.687
"100810",0.0634798713538005,0.0120220426080197,0.359878193245305,0.323615358684915,0.0614837103269363,0.329042019571398,0.00970605020121188,41.687
"100811",0.0575565663692052,0.0272500140809829,0.323162222114595,0.292546589992409,0.0606468567291423,0.307274387123999,0,41.687
"100812",0.030723636297973,0,0.316779527007394,0.282791226963167,0.0300489890906846,0.289723730515338,0.00231931020110437,41.687
"100813",0,0,0.281524062432342,0.244971436235064,0,0.242846757501534,0,41.687
"100814",0.037385544164405,0.00642349700201588,0.321535789122607,0.288325526972127,0.0406925856217374,0.304656377699767,0.0208790503427302,41.687
"100815",0.0582379355025637,0.0252239293512561,0.35801858494309,0.322146988227919,0.0612550101414336,0.34018969271084,0.103827310082459,41.687
"100816",0.0319510894284655,0.00318774429516289,0.326118305330584,0.291506950784255,0.0360725775871691,0.310366430148393,0.0992071626501549,41.687
"100817",0,0,0.179616113292988,0.155452050712744,0,0.181499305494546,0.0146342413185678,41.687
"100818",0,0,0.103012236480572,0.0872202978083933,0,0.128892900827623,0,41.687
"100819",0,0,0.0913067684342358,0.0738131736751213,0,0.110998069639265,0,41.687
"100820",0,0.0054912928895358,0.104038025794113,0.091049261921744,0,0.139240045176635,0,41.703
"100821",0.0487585147042424,0.097190021093358,0.221362658553046,0.205671973559091,0.0696241394796474,0.256298761702476,0,41.703
"100822",0.0510453043317607,0.0834491720040953,0.242955506095353,0.224253486718355,0.0682953843452969,0.267684216909654,0,41.693
"100823",0.100412828515256,0.0502449196879362,0.416250967018941,0.37656073685126,0.0994573507166666,0.385595515096378,0.0386906371996889,41.941
"100824",0.112892602288415,0.0530519800394183,0.454294992297891,0.409993082503665,0.109783693849373,0.416184680568873,0.0296014971263446,41.955
"100825",0.0687292074504515,0,0.426506394284708,0.37884525292103,0.0588178346802011,0.370711610286179,0,41.955
"100826",0.0545760381153243,0,0.399400303370727,0.35413221969462,0.0447914526785249,0.345366237632069,0,41.955
"100827",0.102039433103173,0.0358270758559979,0.433729424143347,0.390804922994113,0.0968835336125151,0.391515203078657,0.0191243527765397,41.955
"100828",0.0891426664311821,0.0402708751163379,0.386841031063462,0.350233223960483,0.088016625315046,0.357587943503048,0.0156737553378395,41.955
"100829",0.11755311984107,0.0792177315855097,0.413688978069352,0.377446617623512,0.118972518141769,0.390905172599936,0.0569838645646961,41.955
"100830",0.112331251230565,0.0836517254888858,0.39149152196271,0.358369944350411,0.115983162521712,0.375768209767342,0.0373663791234548,41.955
"100831",0.0891265188425575,0.0395085707846732,0.383800203185217,0.347697183286335,0.0878340357325968,0.354101952054673,0,41.955
"100832",0.154937228752174,0.139130488194473,0.432022619161146,0.39956515594214,0.161297723939373,0.423627197947271,0.0294579007347449,41.955
"100833",0.100091075175343,0.056986817809673,0.392714668441916,0.357518247691714,0.100202724450235,0.367200217950958,0.00651751197980315,41.955
"100834",0.0239708504015192,0,0.330284798175372,0.292541100556493,0.0179783419640933,0.288829456893742,0,41.955
"100835",0.0498322885145323,0,0.348244475347717,0.311735576138123,0.0475874654378406,0.316308369311204,0.033485049933506,41.955
"100836",0.0422644802647189,6.11848628101221e-06,0.326547010219848,0.292710995009713,0.0425639087336688,0.301889821506329,0.0214819477302742,41.955
"100837",0.078505829161844,0.0172488279770898,0.391188226122856,0.351672242937431,0.0741731800167047,0.353101619366905,0.0312463350971802,41.955
"100838",0.144739299703083,0.0799256007513095,0.49041679796263,0.444860642462096,0.13972971004352,0.44714366232721,0.073927060712354,41.955
"100839",0.190210750033715,0.138672889651651,0.541286014797949,0.495291978767393,0.18821642297026,0.504932179386707,0.0805071346862527,41.955
"100840",0.14458474663401,0.0832350678466983,0.493374332704554,0.448250030862516,0.140611131613011,0.452957873158911,0.0942270455136767,41.955
"100841",0,0,0.328860101465503,0.287107654294662,0,0.278925283959331,0,41.955
"100842",0.0851492244288374,0.0507520711897021,0.391629346762264,0.354512283874582,0.0880601765624475,0.372702953762348,0,41.955
"100843",0.182059757131309,0.148232801189024,0.537386286256926,0.491547651832152,0.184714227912837,0.514712682898691,0.131601330265948,41.955
"100844",0,0,0.184932504931928,0.162136124056574,0,0.196085683500676,0.0935788487715816,41.955
"100845",0,0,0.161891994369266,0.140437026805007,0,0.17267121291493,0.0346699006300497,41.955
"100846",0.0716693427407283,0.0982821931743801,0.289044482764756,0.26685007102536,0.0874493939934976,0.309970469144327,0,41.955
"100847",0,0,0.115071559414533,0.0990528841912264,0,0.141476541793249,0,41.955
"100848",0,0,0.0408953780250381,0.0238100269275084,0,0.0552029419547099,0,41.955
"100849",0,0,0.192286729359953,0.169877474789235,0,0.198856514649457,0,41.955
"100850",0.0694375106797536,0.00617262683585996,0.393209859551225,0.351672557848245,0.0629261994537884,0.348712379961171,0,42.214
"100851",0.105754916204537,0.0538469056900915,0.428385989313321,0.387098361460254,0.102439240829135,0.391593878295918,0.0559919696147879,42.221
"100852",0.112957693016764,0.0626818180681713,0.434831308412856,0.393703287119938,0.110043350328124,0.399016619271732,0.0522788460523555,42.221
"100853",0.118326734561316,0.0774896926753455,0.424692752932008,0.386446312039598,0.117728693990913,0.395925909074193,0.0578616611987492,42.221
"100854",0.104234405610268,0.0745001681654276,0.385613246152743,0.351889517382479,0.106402645268676,0.365837596220333,0.0543802292216446,42.221
"100855",0.0757968678380043,0.0655881297889328,0.315601921395023,0.289231124407528,0.0827362034457854,0.310926192450526,0.0141486886156745,42.221
"100856",0.0452117292197984,0.0103721983069332,0.310594896274954,0.279860880579119,0.0460654944093127,0.28815955151341,0,42.221
"100857",0.0576990549971079,0.0207005680828884,0.333727607472704,0.301118504853748,0.0580969950433729,0.309547281620913,0.0106762862371313,42.221
"100858",0.0601499630496369,0,0.394291835171376,0.351271082925656,0.0515825297813252,0.344153388094279,0.0590999640249899,42.221
"100859",0.0136983102382855,0,0.331031758151745,0.291478842278342,0.00630667700756183,0.285596471392245,0.0389030115016506,42.221
"100860",0,0,0.305585510047093,0.267309366063549,0,0.259341913798154,0,42.221
"100861",0.0389369814747101,0.0154605588959521,0.295630821542481,0.266579050683339,0.042645723392899,0.281244205126144,0.0128550647176215,42.221
"100862",0.096295275058686,0.056089132356445,0.392596921341016,0.356185976182712,0.0957631449093027,0.36518901579076,0.0511667386379944,42.221
"100863",0.128092948869996,0.069938991462988,0.464304055519106,0.420394200343831,0.122978381980966,0.42171177404322,0.0676920355842675,42.221
"100864",0.104990164455083,0.0573672966454835,0.413472933461195,0.374986541475951,0.102520697437213,0.380235205434643,0.0126885797135523,42.221
"100865",0.175376606766821,0.128195345668041,0.53494434019083,0.488019002729929,0.173303085572748,0.497980379986063,0.100957993564671,42.221
"100866",0,0,0.223772418388566,0.194387074449088,0,0.203715306795894,0,42.221
"100867",0.0422691070698624,0,0.385330686542254,0.341089060435854,0.0364685904176384,0.341925566726278,0.0451924842355285,42.221
"100868",0.110271351707466,0.0844543771516291,0.422944076686697,0.384480744180122,0.113908395653858,0.405674964588059,0.103646342418147,42.221
"100869",0.0326897662854836,0.0216667216983073,0.306426202842722,0.275403007300637,0.0405357714238554,0.300620615799321,0.0710926061927525,42.221
"100870",0.103044460837666,0.119645254678539,0.350079999341861,0.323192661369963,0.11668491608794,0.363796146923012,0.075521025315326,42.221
"100871",0,0.032489696496924,0.181255723217903,0.163887865774024,0.0115337283945324,0.208828710891671,0.00872404418554186,42.221
"100872",0,0,0.0929464274579438,0.0762491227695212,0,0.114927716181633,0,42.221
"100873",0,0,0.14328922928583,0.121786484393177,0,0.155010746281657,0,42.221
"100874",0,0,0.155352718212579,0.13389295980074,0,0.164104273587995,0,42.193
"100875",0.0591353959667475,0.0184932804652986,0.343341927042381,0.309048447327261,0.0584241053829678,0.316284038451053,0.0416088709906847,42.461
"100876",0.085899038288612,0.0473013127039616,0.374898778184366,0.33971974425403,0.0857844737825302,0.348976243112885,0.0634365265142779,42.487
"100877",0.13679945951231,0.0829113299729091,0.467755399080037,0.424734688611074,0.132819589260674,0.428005080774972,0.0881624019282928,42.487
"100878",0.0794047896592451,0.0312740569883594,0.374270102447475,0.337796349407226,0.0769132153966484,0.341432202162613,0.0325452526614733,42.487
"100879",0.0389089476562835,0,0.322497368557853,0.288282517039181,0.0359147764918102,0.289015681033964,0,42.487
"100880",0.073370771757451,0.0124884828788895,0.385976934560454,0.346145281490465,0.0676343544531577,0.343407069684246,0.0315072929989686,42.487
"100881",0,0,0.287919315919682,0.252329506294803,0,0.247029659819437,0,42.487
"100882",0,0,0.277828027434074,0.240450834265187,0,0.230959942017843,0,42.487
"100883",0,0,0.304117578800185,0.265114190818175,0,0.258901351318854,0.0446245205239429,42.487
"100884",0.0520445944884444,0.0155337208950715,0.333088149510013,0.299718006529733,0.0524803633793753,0.309164247445603,0.0490747944265114,42.487
"100885",0.0737181012980362,0.0494502567639638,0.339484594858163,0.308686084207805,0.0772168101527154,0.324529656478801,0.0379845150972653,42.487
"100886",0.0693727404833382,0.0288469019457937,0.353789322439395,0.319508742184816,0.0686785134525153,0.326879527959982,0.0168727920423782,42.487
"100887",0.0897845355084009,0.0758865634592076,0.34285142633824,0.314235523124168,0.0956847249759582,0.335164442651889,0.041289813092283,42.487
"100888",0.0865236627184744,0.0581221392071852,0.360206656590745,0.328041248310622,0.0889078647059135,0.341973486029855,0.0232455747828619,42.487
"100889",0.0934888518769463,0.042013972694601,0.405919636212899,0.367265022312773,0.0899564496212298,0.370114928278172,0,42.487
"100890",0,0,0.235036299315751,0.203055910687278,0,0.206305289783625,0,42.487
"100891",0.0513779164645344,0.000330999593294601,0.374699655885785,0.333877411650161,0.0481636037302952,0.339040662949813,0.0775903224146094,42.487
"100892",0.144947809182569,0.132599177141461,0.454305239809076,0.416689608335984,0.15170950554717,0.445638211047593,0.108102600747023,42.487
"100893",0.146040957335677,0.120032959705069,0.488857335603473,0.445340869888645,0.150098671902952,0.469824803866418,0.111166525150462,42.487
"100894",0.116452133084844,0.112305632073446,0.402893081351849,0.369313493011586,0.125437604364232,0.401363395334372,0.152698060248558,42.487
"100895",0,0.025293465797412,0.209180397016346,0.188705787742402,0.0158179153900736,0.227749983187285,0.0578920713120867,42.487
"100896",0,0.0444177020609836,0.160065631366378,0.145186450233971,0.0117533575278182,0.196669508603495,0,42.487
"100897",0.133893410607382,0.152415537898574,0.404614324727958,0.373563116471246,0.148197479854237,0.418769171859918,0,42.487
"100898",0,0.0036637810742602,0.197168797445914,0.17595132043185,0,0.212661002344266,0,42.515
"100899",0.055848008015978,0,0.370859385698237,0.330459608812015,0.0484615452431648,0.32530860053973,0.0606001573757796,42.736
"100900",0.0947671780012378,0.0316277907901052,0.417307748749331,0.375411338881806,0.0881886185493472,0.372325503582416,0.0672257606134742,42.751
"100901",0.0682176486131725,0.00603019943922236,0.378356784337864,0.338767396401739,0.061943612236405,0.334797040541991,0.0353512576361993,42.751
"100902",0,0,0.252695096884397,0.22094016555681,0,0.218260388775854,0,42.751
"100903",0.0373852126291516,0,0.325510404448996,0.290363434281311,0.0336547139279109,0.289817601317704,0,42.751
"100904",0,0,0.243963154212203,0.214231031267686,0,0.216176218916031,0,42.751
"100905",0,0,0.201693431448112,0.171764179914561,0,0.171609505137791,0,42.751
"100906",0.0179023936668151,0,0.354017554782928,0.310653108245253,0.007111925363001,0.29962652593611,0.0477356903354329,42.751
"100907",0.0737749237830627,0.00580927347705326,0.408631128131008,0.364995983387262,0.066004412465194,0.360251608112767,0.0410368731031443,42.751
"100908",0.0828679402606679,0.0361672242958934,0.38386968372346,0.346659707145807,0.0807450210079466,0.352030519361411,0.0218883502269041,42.751
"100909",0.0789559543441411,0.0547031327661682,0.340693388680333,0.31058076926073,0.0823542101126368,0.325818633466773,0.00796584689796512,42.751
"100910",0.111262345716889,0.0850873662445369,0.389527489731767,0.356431581687723,0.114107208606002,0.372132313281811,0.0519056075444956,42.751
"100911",0.0436908599918038,0.017846040423491,0.296406479073834,0.26812061617736,0.046664153809017,0.28065977728001,0,42.751
"100912",0.0148316386525342,0,0.27583825861458,0.246788450657762,0.0154715695588595,0.253258481229125,0,42.751
"100913",0.0731403279622546,0.0145125529381149,0.392430250114236,0.352196405431704,0.0672536174358901,0.351129081724536,0,42.751
"100914",0.0811643201333079,0.050822756029809,0.374919487458138,0.339333660712912,0.0832815432487736,0.354957445021588,0.0682822781230832,42.751
"100915",0.187585053525964,0.157573141446144,0.544576955911392,0.497874614023985,0.189809050949236,0.520219665419222,0.0776713353805118,42.751
"100916",0.120373088915829,0.0604459733093256,0.492673747750279,0.442614866865403,0.115680740287159,0.448623661262116,0.0848682810937834,42.751
"100917",0.315529436247895,0.33684718274346,0.574224029723112,0.57627022142075,0.328979032944447,0.585305434923773,0.11972051102941,42.751
"100918",0,0,0.231742547109595,0.205328186402299,0,0.234811452664598,0.0661261745955357,42.751
"100919",0,0,0.175711856815834,0.153961676303514,0,0.187468294025309,0,42.751
"100920",0.0385909888871163,0.0322151370673587,0.301511100580415,0.272117998085661,0.0472917279090055,0.299178298594239,0,42.751
"100921",0.10305973753105,0.110991675054221,0.359839665027544,0.331474099470593,0.114720535152898,0.367467809239221,0,42.745
"100923",0,0,0.248963385168611,0.220836413172923,0,0.226629984031081,0,43.015
"100924",0,0,0.255628764636577,0.226290815304235,0,0.229868868510388,0,43.015
"100925",0,0,0.270386853748093,0.237732173539422,0,0.235099751763656,0,43.015
"100926",0,0,0.268638910185699,0.237599857186909,0,0.236651695225594,0,43.015
"100927",0,0,0.243357749438755,0.214530828050015,0,0.217653209852295,0,43.015
"100928",0,0,0.262659719544784,0.229276516498734,0,0.226329923116697,0,43.015
"100929",0.0145399658068685,0,0.339844155205215,0.298637551398097,0.00617362849407968,0.291509008148634,0.0203285168865715,43.015
"100930",0.00837165571619697,0,0.333362840941083,0.292263743145174,0,0.282932332817469,0,43.015
"100931",0.0659026235230036,0,0.400714181568522,0.357004205148304,0.0569763366517602,0.349579320435925,0.00662205920637485,43.015
"100932",0.0842432967860685,0.00782461204739152,0.427190791105556,0.381612831665311,0.0740597796030738,0.372098356088893,0.01545410742464,43.015
"100933",0.106785254750548,0.0571348174943845,0.416997493816827,0.377835934793709,0.103755407256183,0.382035358093656,0.0449640833564701,43.015
"100934",0.100309176028514,0.0360712331445249,0.428165648436937,0.385611518016099,0.0934311129986646,0.382263862873761,0.0245314730621569,43.015
"100935",0.0840470200411462,0.0286103979536337,0.396340120480195,0.356942603598683,0.07946288384571,0.357686445806491,0.0231530846033015,43.015
"100936",0.0410173536677026,0.0222670258387332,0.29573019323712,0.267089523765869,0.0459082281640968,0.284555087130348,0.0423637308347891,43.015
"100937",0.0745391585463405,0.0237735402943797,0.393673273289771,0.353210600420751,0.0714611618902814,0.358409197595542,0.0657080273289025,43.015
"100938",0.269705670767734,0.19282522831988,0.574224029723112,0.57627022142075,0.259819830176497,0.585305434923773,0.151060172868605,43.015
"100939",0.132361731513346,0.0349268797444595,0.559396907534215,0.498247224549332,0.117464219338811,0.484711252995047,0.0721300038006829,43.015
"100940",0.176581011992794,0.172846080375952,0.483228987139856,0.446114308862374,0.185225600993636,0.479465395273486,0.0581628255410598,43.015
"100941",0.0234890709519465,0.0234332411061109,0.269417287192676,0.24283688014794,0.0335366519850726,0.271319174139984,0.0687078324297336,43.015
"100942",0.00172320791964559,0,0.273787331123487,0.243169505411099,0.00753291611649705,0.261144402662019,0.0477703299235298,43.015
"100943",0.0115302969489933,0.0178092644849216,0.250037050382875,0.225009946859652,0.0235752314642995,0.255674073046614,0.00853343254539276,43.015
"100944",0,0,0.284879132178122,0.251510161231996,0,0.266388406895101,0.00618365875534513,43.019
"100945",0,0,0.156546059480007,0.133191614279882,0,0.135795771089733,0,43.232
"100946",0,0,0.219436770258442,0.192555565117175,0,0.196905115540103,0,43.258
"100947",7.71949701675529e-05,0,0.261774420569883,0.23180694307071,0,0.234816549142747,0,43.258
"100948",2.83648100815896e-05,0,0.290703285784484,0.255353107233444,0,0.248517438786061,0,43.236
"100949",0.00905124643965139,0,0.276899757067734,0.246026383796039,0.00828538321626638,0.249916096774176,0,43.214
"100950",0.0180449295205667,0,0.308939705151072,0.273757115030905,0.0133328366168151,0.271570388528123,0,43.259
"100951",0.0507959310038442,0,0.365943414986806,0.325914630291609,0.0440583241120459,0.321870785447002,0.0287378133028166,43.277
"100952",0.0783493327848987,0.0140287684012548,0.404751902130042,0.362515135065428,0.0714956780139877,0.359218946722126,0.0389813943121458,43.277
"100953",0.0881752850452957,0.025887229985762,0.414312139981889,0.372202835037371,0.0819512770333205,0.370228218854014,0.024182113184439,43.277
"100954",0.146558113182911,0.0857871533297279,0.494047245789296,0.447934173581782,0.14072000347957,0.448291573908907,0.0586276267488001,43.277
"100955",0.188120338992773,0.114945829980784,0.569515053777592,0.516758715239267,0.178801776082464,0.511023663379265,0.0573479883428351,43.277
"100956",0.239069238029746,0.16452961072719,0.574224029723112,0.57627022142075,0.229207121822841,0.585305434923773,0.099388756484513,43.277
"100957",0.184513962700364,0.119023416160226,0.560438431092758,0.508997632394719,0.177336366311122,0.508192720561167,0.0906170524510067,43.277
"100958",0.114911114270912,0.0692741318951544,0.431944995425256,0.391751227253912,0.113066860594496,0.399491035458591,0.0767189434236406,43.277
"100959",0.0741008613455739,0.00424284713537199,0.427360085178269,0.380356551168562,0.0660879519371101,0.377004228073764,0.0886018758003138,43.277
"100960",0.230665961146876,0.171589294725861,0.574224029723112,0.57627022142075,0.225922253956356,0.585305434923773,0.169075744391703,43.277
"100961",0.0758712261666631,0,0.437641718481785,0.38961187607279,0.0652437967273994,0.38065309867157,0,43.277
"100962",0.136104844033937,0.110480170863627,0.444204638634408,0.406555019766941,0.139514217791547,0.42616887872939,0.0063623605350758,43.277
"100963",0.104167798614957,0.0957712332669514,0.376919601789443,0.345522218331299,0.111744995939563,0.372913028036171,0.0766451257204821,43.277
"100964",0.0630499210620251,0.0221129514005963,0.375900945143585,0.337972226002932,0.0628629045264097,0.348586459991518,0.0731025595260892,43.277
"100965",0.0104155564469609,0.0178733967209894,0.24221207981067,0.218175557745713,0.0225482278278741,0.248616874368678,0.0155006912924839,43.277
"100966",0,0,0.160463400732496,0.135758320797851,0,0.159831609385697,0,43.277
"100967",0.0635419759207963,0.050521346458433,0.330833049558335,0.300039970316865,0.0702511791034886,0.323720602697726,0,43.3
"100968",0.037377342214235,0,0.306341151268435,0.27493488182197,0.0366030515945906,0.280193116435005,0,43.489
"100969",0.170481626827279,0.10965691724466,0.526857102927395,0.479009429674429,0.164451133235749,0.479396833512447,0.0961866989030435,43.538
"100970",0.246511827262873,0.159370366263461,0.574224029723112,0.57627022142075,0.233355643364311,0.585305434923773,0.112051668850509,43.538
"100971",0.157560673762515,0.0869391779488434,0.513274293330407,0.465496560331369,0.148962864263487,0.459492940689351,0.0149162063821217,43.538
"100972",0.239601603329346,0.166679808154836,0.574224029723112,0.57627022142075,0.230029114261276,0.585305434923773,0.0666701557124798,43.538
"100973",0.273829594695592,0.245898677160981,0.574224029723112,0.57627022142075,0.275307100195729,0.585305434923773,0.117150546072342,43.538
"100974",0.216903602768348,0.150351940974795,0.574224029723112,0.556353570275413,0.209292503355117,0.555571137108168,0.0840184493699719,43.538
"100975",0.160070327313172,0.0899194062721956,0.536248189439005,0.484499948019673,0.151909121755211,0.482055060032822,0.0903715493870343,43.538
"100976",0.0552845801244648,0.00406036690022438,0.373470372892954,0.333043757231483,0.051918769187694,0.337798153647768,0.104501542976084,43.538
"100977",0.229582804426367,0.181284411188652,0.574224029723112,0.57627022142075,0.227659685520725,0.585305434923773,0.195905736828319,43.538
"100978",0.175031391846136,0.159342918079337,0.494061381904029,0.454880860528702,0.180689210567814,0.48152748914682,0.0781010896038206,43.538
"100979",0.117998795045581,0.0844644115792098,0.428223720989133,0.390572563100506,0.119403941254618,0.405288376038728,0,43.538
"100980",0.0979516363463387,0.0771046341795568,0.386350874204578,0.352194270701827,0.102636907546908,0.37334187413447,0.0593072053103173,43.538
"100981",0.166770768643821,0.11047478352057,0.542645982901215,0.492432709748246,0.162563338160319,0.49903101255319,0.104520889768576,43.538
"100982",0.0191113315580368,0.00728942537907148,0.27614818710048,0.247901506841167,0.026346139236091,0.269636510156069,0,43.538
"100983",0,0,0.188020895305241,0.164097418558233,0,0.18890939275105,0,43.538
"100984",0.0357550513004536,0.0240020376228358,0.29466833492312,0.26547579217455,0.0428860099314834,0.288342594884697,0,43.538
"100985",0.128016000858222,0.0824994298492707,0.43388109620683,0.395358707042365,0.12575909199224,0.401041680729108,0.0616760419610818,43.797
"100986",0.219067804606509,0.179889201701014,0.566677458445899,0.521205378646209,0.218168380579972,0.532682521573296,0.121835475715344,43.798
"100987",0.129213319392562,0.0671051693784736,0.450877324349497,0.409653355070097,0.122778724242725,0.406013774770187,0,43.798
"100988",0.20937857928762,0.153855240929258,0.566174184576093,0.518737182937423,0.20433979741861,0.520552979730198,0.0285670063081385,43.798
"100989",0.213997737453821,0.164537145314602,0.571227456950119,0.523778043491616,0.210539074445767,0.529781084940666,0.0638012915820424,43.798
"100990",0.178816600936108,0.0928644249141809,0.574224029723112,0.520198653409418,0.166202374848804,0.5088607934658,0.0489555588346574,43.798
"100991",0.231352767513105,0.157016537204345,0.574224029723112,0.57627022142075,0.221848232509983,0.585305434923773,0.109013713492114,43.798
"100992",0.0656875979874068,0,0.411534712669033,0.365376171079493,0.0568511671204529,0.359998782217527,0.0341549393210523,43.798
"100993",0.140519402653593,0.0437320909013778,0.574224029723112,0.532499951079173,0.126727789446846,0.524732939137057,0.0778536774556792,43.798
"100994",0.105885402491555,0.00357495737566681,0.514349308607765,0.456711808873978,0.0892349816130842,0.437346676699966,0.0247947602717603,43.798
"100995",0.0372448604074112,0,0.423850728792032,0.371634970529967,0.0182658560890942,0.346809360129534,0,43.798
"100996",0.0660412725396873,0,0.413628032294999,0.368450979259728,0.0586992545540208,0.365725690400247,0.0694648225820005,43.798
"100997",0.202393597104341,0.110122868249228,0.574224029723112,0.57627022142075,0.188574267626388,0.583629372370004,0.115058818060718,43.798
"100998",0.122513730203994,0.0250333733563931,0.542665545145524,0.482618085586381,0.107554312509788,0.468405610316438,0.0537099262579877,43.798
"100999",0,0,0.307053450730788,0.269239402767777,0,0.269320484716555,0,43.798
"101000",0.00487287149078385,0,0.300301764964882,0.265291302610511,0.00529137376056169,0.273591003513181,0.00299322088216959,43.798
"101001",0,0,0.143239132664636,0.117407018497271,0,0.134947477059314,0,43.816
"101002",0,0,0.2146954652697,0.182813615897134,0,0.18896910440631,0,43.84
"101003",0.0149081494965811,0,0.268334475029379,0.239884220185717,0.0139564345257225,0.242650965717853,0,44.058
"101004",0.105023032595658,0.0656044626224125,0.389527987953538,0.354878949200139,0.104335685033351,0.362528968463036,0.0426943001798731,44.057
"101005",0.152458149086781,0.11506478787277,0.454517492535064,0.416924320911804,0.152172602396756,0.426776788414514,0.0524448672939838,44.057
"101006",0.18980039076595,0.147874840116223,0.515316220875329,0.473712144160657,0.188233478057285,0.481863733927327,0.0354014909647162,44.057
"101007",0.144477304777604,0.105855030760518,0.444041948602358,0.407121099437348,0.143972352716954,0.416171959960583,0.0252843512644855,44.057
"101008",0.201605576996327,0.146415989084997,0.571106269621625,0.52109984892964,0.196923006950063,0.526057173450254,0.10888065118955,44.057
"101009",0.348700519061188,0.314166813399916,0.574224029723112,0.57627022142075,0.34841005311494,0.585305434923773,0.179718754642201,44.057
"101010",0.0738409735332192,0.000147386531604366,0.422858776413169,0.37601296097928,0.0643967430514707,0.369900936092113,0.017795689062753,44.057
"101011",0.0768899122751558,0,0.483669626073448,0.425609971203518,0.0604102091472241,0.409738311163649,0.0277987095267506,44.057
"101012",0.000848586589932119,0,0.358187482002127,0.311035882473657,0,0.289916974482508,0,44.057
"101013",0,0,0.181859434370724,0.143641668841577,0,0.125542445601537,0,44.057
"101014",0,0,0.305321420224715,0.261454953583919,0,0.248393516283846,0.0492300139413702,44.057
"101015",0.32326107105107,0.252397703662877,0.574224029723112,0.57627022142075,0.314667203976738,0.585305434923773,0.154213652083728,44.057
"101016",0.243967971506564,0.149221206122618,0.574224029723112,0.57627022142075,0.229535725564059,0.585305434923773,0.108286552544593,44.057
"101017",0,0,0.279631989702319,0.242317267943275,0,0.24336738922801,0.000108737272259093,44.057
"101018",0.00782563527731288,0,0.288200473318127,0.255942367749285,0.0114556964785744,0.270007139600237,0.0132736027870383,44.057
"101019",0,0,0.181746154282631,0.153940425407716,0,0.170647357411419,0,44.057
"101020",0,0,0.211095711578829,0.180282895579438,0,0.189718172030659,0,44.057
"101021",0.0241890105272945,0,0.303779761568093,0.271233310872033,0.0277109173586576,0.28634918228735,0,44.063
"101022",0.137039346211505,0.115632335509782,0.445955213747317,0.407976547022339,0.141500272989026,0.43086433661205,0,44.074
"101023",0.0451245819772032,0.0123587218558482,0.296255756767277,0.267653585479958,0.0459323610350138,0.275396523772665,0,44.28
"101024",0.0731042852358757,0.0248079444595907,0.356153640683776,0.32162136570671,0.0700443131179311,0.323507699940245,0.0177412022243615,44.314
"101025",0.139514147605743,0.0965971031035307,0.445681465917032,0.407131159428488,0.137940891846471,0.414372961077539,0.0824996978107863,44.314
"101026",0.156521950329266,0.121156351759912,0.458920367693755,0.421277675759763,0.156737600235172,0.432472084631085,0.0662553368243735,44.314
"101027",0.127114459020893,0.0810909892264632,0.432890982112553,0.394530179469358,0.124799704089901,0.400109927519848,0.0407370538490942,44.314
"101028",0.103740527890259,0.0480489353051933,0.418489864237242,0.37824995601937,0.0989728716399396,0.379407732716908,0.0423010851300936,44.314
"101029",0.169363670780291,0.115411150174754,0.519964391476572,0.473396730857588,0.165139660993542,0.478292523564206,0.0743022493544012,44.314
"101030",0.0873989074933577,0.000588892235725387,0.458873659599368,0.407728627667172,0.0742084245128755,0.395588138294733,0,44.314
"101031",0.173377588520525,0.073391327344729,0.574224029723112,0.552960601745501,0.15690726580751,0.540252276875131,0.0507261473699899,44.314
"101032",0,0,0.227005844446148,0.189388336058652,0,0.179236956053353,0.0112183267200727,44.314
"101033",0,0,0.041289441048094,0.0143977882315404,0,0.0113497294147012,0,44.314
"101034",0,0,0.331898724079738,0.288619526712748,0,0.279905084353851,0.0317130586043643,44.314
"101035",0.134701554007194,0.0775623063997449,0.489585779239962,0.442637634089723,0.130590780119805,0.447225961689266,0,44.314
"101036",0.308993004343437,0.223906971966243,0.574224029723112,0.57627022142075,0.296817863992519,0.585305434923773,0.0751321389100734,44.314
"101037",0.0843666081535821,0.0288903832178079,0.423860044534393,0.380061815161194,0.0806293768748434,0.384690500691811,0.03278787524075,44.314
"101038",0.0219118046385797,0,0.366353294117241,0.3219207806156,0.0132482821370077,0.315249743705768,0,44.314
"101039",0.0382425889798235,0.0189387707485406,0.315729762779944,0.283796502540353,0.0440226577292288,0.304244698256821,0.0433168607823379,44.314
"101040",0,0,0.203189482920829,0.174761976074863,0,0.187297295354499,0,44.314
"101041",0.0407790339158758,0.0223598960281485,0.306905449439834,0.276575432558834,0.0464188366178345,0.296128621743801,0,44.314
"101042",0.109441907260882,0.0902359949901666,0.403427661230818,0.368426285177934,0.114521394477234,0.391145995604594,0,44.321
"101043",0.172946873736192,0.163534424863938,0.462316224620575,0.428383999696189,0.179931039580446,0.454808241902638,0,44.336
"101044",0.161375468613371,0.159886302531278,0.426334009552041,0.39658715895741,0.16996455940771,0.42572846135746,0,44.338
"101045",0.0864011760665775,0.0365728621976287,0.376996723565905,0.340969129783098,0.0829960616432577,0.342787492276912,0.0469102937524428,44.546
"101046",0.0852780501159057,0.0258623019549769,0.390232993278962,0.351486157823128,0.0793512012436447,0.348749563304527,0.0399396545358511,44.571
"101047",0.146790523142461,0.0953994340028419,0.47100004584,0.429074413889549,0.143103647390925,0.432803979713773,0.107122155684354,44.571
"101048",0.123319732840602,0.0801476044612683,0.42278877493154,0.385671074756529,0.121778817461514,0.392386058931962,0.0337331324590971,44.571
"101049",0.121734011412667,0.0868966485093533,0.411864650564558,0.376681667305958,0.122332739119514,0.387867903157906,0.0307572097610649,44.571
"101050",0.0828114642412845,0.0517699528281586,0.350573761764864,0.319643695599553,0.0845424070533556,0.331189566997848,0,44.571
"101051",0.0938846313614723,0.00995684121394931,0.466292338358107,0.415247799895877,0.0816509477395931,0.405127248371052,0.00846519024919586,44.571
"101052",0.231232573261422,0.160862727612166,0.574224029723112,0.57627022142075,0.222648333927312,0.585305434923773,0.0669982631258378,44.571
"101053",0.162545659467751,0.0855675369517962,0.565523873510973,0.508994341685799,0.152839965177953,0.505740630030458,0.0715075211961802,44.571
"101054",0.127486021552112,0.0476858021281606,0.499323636514926,0.450227252421362,0.117069810175284,0.440612222758367,0,44.571
"101055",0.0984977298089083,0.00635026162864841,0.486573931097175,0.433634480732066,0.0844304321570037,0.418424762326072,0,44.571
"101056",0.10585854533686,0.0492116352802552,0.444377260424218,0.400477155897561,0.101466229721346,0.403800345592816,0,44.571
"101057",0.105097682712216,0.0318173945081286,0.484212506647684,0.432763846057369,0.0967075292804908,0.430077104723168,0.0437079135711732,44.571
"101058",0.194216394424018,0.129642764260693,0.574224029723112,0.54270280722596,0.188153540625408,0.546174297526083,0.118476661974346,44.571
"101059",0.1134597117813,0.0554035662451299,0.464853958809809,0.418703666931961,0.109124051589983,0.422784522272152,0.058264061159465,44.571
"101060",0.132198948229225,0.0800550453836894,0.484269631561729,0.438207406175659,0.129505651602115,0.445900228211996,0.0711472722090104,44.571
"101061",0.0546762288280443,0.0143201635653778,0.356978585957154,0.320348242942605,0.0548421894200485,0.330019406429195,0.033660334160606,44.571
"101062",0.0450271091928811,0.0169941787456437,0.32347722225105,0.290975024849574,0.0481730769801221,0.305761909714669,0,44.571
"101063",0,0,0.223050213857808,0.198650874457579,0,0.22145686851914,0,44.571
"101064",0.163337262384207,0.145827165328286,0.465267427897528,0.429041745179425,0.168573981747397,0.452244574423078,0,44.575
"101065",0.136426265416166,0.119740595724605,0.411228742738845,0.379643130124273,0.141715115981266,0.400554544630727,0,44.576
"101066",0.169733699963175,0.16545681591948,0.432291050817994,0.402907199959153,0.177494962221354,0.429108889801058,0,44.579
"101067",0.208923027729076,0.186157952288377,0.512951436374912,0.475900749725863,0.2118790409884,0.493157940679332,0,44.605
"101068",0.0723079898306784,0.0076737340976279,0.377813240459138,0.338928141177241,0.0648006463778221,0.332663801465489,0.0150489718253178,44.787
"101069",0.0540283039493425,0,0.360121804054553,0.321264274617221,0.0454479660041106,0.312711354342322,0,44.826
"101070",0.0681825275139008,0.00354222036021765,0.375048248339037,0.336275469440891,0.0607849957015268,0.330099451460218,0,44.826
"101071",0.107049409880334,0.071829328501412,0.384973997448412,0.352014569978044,0.107543326935352,0.361580292605426,0,44.826
"101072",0.0857837314307126,0.0719781225301037,0.324704406524452,0.29895110376204,0.0916897478852752,0.318003695464833,0,44.826
"101073",0.146866552668419,0.0880398579849331,0.502028985901702,0.454715216271265,0.141544733002976,0.45822899656647,0.0797245441697647,44.826
"101074",0.0789647130648327,0.0140717328370672,0.419997165528726,0.375021561555217,0.0717208012214526,0.374397534462853,0.0449614853686622,44.826
"101075",0.173645354414849,0.10644645809294,0.557633608929497,0.504895152065959,0.166047395157289,0.504883382741476,0.0525710801092771,44.826
"101076",0.190689961407189,0.0930655216206784,0.574224029723112,0.571085341418182,0.175533570079067,0.55631749373649,0.0270496221634102,44.826
"101077",0.0626440346968443,0,0.457876023689632,0.403328301832312,0.0433126137127234,0.377735358798782,0,44.826
"101078",0.175543001112773,0.0716682903219758,0.574224029723112,0.552038338126605,0.15839819335647,0.534297017782458,0,44.826
"101079",0.160631435213541,0.0495574158091012,0.574224029723112,0.546727740310181,0.141977598977837,0.526058431927134,0.045471104955326,44.826
"101080",0.138791051591956,0.0418283860737262,0.552736090714377,0.493472616720256,0.123870922869872,0.478195728241563,0.0453996706805585,44.826
"101081",0.310284042850124,0.238203334199138,0.574224029723112,0.57627022142075,0.301661739790531,0.585305434923773,0.183679713599957,44.826
"101082",0.206432405543059,0.147781556719096,0.574224029723112,0.547340776306551,0.201667489481303,0.552960376802902,0.114787981163415,44.826
"101083",0.0765329426567001,0.0218437542967548,0.392090511253625,0.352578283468987,0.0727388290933952,0.354412868965462,0,44.826
"101084",0.0732655956372726,0.0239708822917317,0.384681382158043,0.345834333178261,0.0708486586345556,0.350914184118502,0.00829714973929498,44.826
"101085",0.0429430904938802,0,0.351103436458982,0.313037871471317,0.0395426269435308,0.315369051553599,0,44.826
"101086",0.173460073443941,0.136471901535357,0.519163101508113,0.474720876194132,0.174206704702649,0.490458973832446,0,44.826
"101087",0.161456557139617,0.127985485165267,0.478062186228226,0.438848123851233,0.162708080689179,0.453180993844727,0,44.826
"101088",0.17095740551773,0.134869929298106,0.483925577464218,0.44502757546169,0.171198604078057,0.456458742600836,0,44.826
"101089",0.209006288778742,0.185456864313699,0.519963285110161,0.481307664777471,0.211757704673061,0.499145990734366,0,44.826
"101090",0.23876563463098,0.21690313194221,0.56118623113481,0.520295147914028,0.241518709217664,0.539191068852937,0.0210729226172097,44.827
"101091",0.154358086612027,0.0399420562807797,0.574224029723112,0.53845461014069,0.134595208652328,0.515572952120868,0.060622462937602,45.076
"101092",0.157280311814852,0.0734354916294949,0.544760798026515,0.491041943372663,0.145623174892644,0.480337773287176,0,45.081
"101093",0.212865235648219,0.125779917022689,0.574224029723112,0.57627022142075,0.200408545985668,0.567044603743912,0.0248351674665844,45.081
"101094",0.323668530449702,0.251069677662743,0.574224029723112,0.57627022142075,0.314845824735423,0.585305434923773,0.201033443579817,45.081
"101095",0.167852978088783,0.111080117192366,0.52840319908619,0.480258693561659,0.163464275013336,0.484324063843496,0.0839618387693034,45.081
"101096",0.13350544814618,0.0750277317149716,0.478199992424555,0.432847147291358,0.128647077642864,0.434972963033667,0.0500588212900815,45.081
"101097",0.116107890974682,0.0558267333727282,0.45655762624062,0.412028048358475,0.110799203084656,0.41287188556965,0.0146029352269561,45.081
"101098",0.175237296635189,0.128636216368319,0.530901677526693,0.483949844240884,0.173338226086574,0.494237384459193,0.0384796938964283,45.081
"101099",0.191863441947546,0.153583104867457,0.531781984086501,0.487801938802801,0.191612233013675,0.500605399894285,0,45.081
"101100",0.170337649494621,0.121935723914994,0.501947405580462,0.459023500323454,0.167436292580944,0.464547724110918,0,45.081
"101101",0.157991013925129,0.118840152303364,0.465701777824174,0.427023106864245,0.157198879434898,0.436251728062086,0,45.081
"101102",0.149046164533472,0.111566937351864,0.445216526294674,0.408236133407444,0.148269996205532,0.41753118503649,0.0177081309437046,45.065
"101103",0.27489634907827,0.211621608645465,0.574224029723112,0.57627022142075,0.26809096329007,0.585305434923773,0.0756500044355628,45.326
"101104",0.169060897356863,0.0931936445922075,0.553808157684945,0.500516347145879,0.159750192821581,0.494565068310307,0.0641304151473843,45.334
"101105",0.129241909496585,0.0727050064446515,0.464875342473254,0.421138490927532,0.12499271330528,0.423511847856339,0.0576193714867918,45.334
"101106",0.204931420740432,0.165683224475488,0.556666091370377,0.510683632730897,0.204606003180892,0.523762714163999,0.115920522665824,45.334
"101107",0.185829945898647,0.139601814138453,0.540438333152627,0.493617049610762,0.183870607392878,0.503313981899124,0.0818896127507553,45.334
"101108",0.175349597949923,0.11842505456669,0.539770634081338,0.49075704713829,0.170722515119398,0.494914072012396,0.0540019790118671,45.334
"101109",0.195541268875584,0.142631785785424,0.558900585675533,0.509968904459119,0.191599326114319,0.515596642166538,0.0362252933121598,45.334
"101110",0.190560619549162,0.146980611421591,0.528434931691392,0.484284080535495,0.188713127255279,0.492997944793989,0.0192316863295814,45.334
"101111",0.143394766825581,0.0988860427146755,0.451955399519976,0.412953927727765,0.141322394747469,0.419221182717438,0.0131035589944368,45.334
"101112",0.218168452656889,0.180776603534244,0.563960519125009,0.519027253862196,0.217963458961313,0.531604673859832,0.0513908659344414,45.563
"101113",0.163975958629737,0.107456471756972,0.512638434552435,0.466434793255383,0.159510442380994,0.469171445413609,0.0711872339215489,45.586
"101114",0.0955329238929982,0.0269118039662039,0.430165955809606,0.386325105788738,0.0880692724721026,0.381078669719904,0.0268151256495478,45.586
"101115",0.208280063243739,0.15551052162054,0.574224029723112,0.527995814690629,0.204449493062318,0.533839567995054,0.090332080405288,45.586
"101116",0.263834083920556,0.220452686129715,0.574224029723112,0.57627022142075,0.262073432872319,0.585305434923773,0.135027322087503,45.586
"101117",0.172365432865545,0.127686679198186,0.510086795972947,0.466090926321435,0.170599237864809,0.47511053150877,0.0587736310614606,45.586
"101118",0.174767426556874,0.121332329282132,0.523823514125296,0.477450712196282,0.170694491187421,0.481807056586054,0.0497264404430268,45.586
"101119",0.167063421220918,0.106290162532804,0.517054954286636,0.470215615064639,0.160988722712256,0.469928049554615,0.0314236376655971,45.586
"101120",0.141938037488368,0.0864155963657451,0.465804960087856,0.423823232993617,0.137109331535655,0.424669442710315,0.0171068045451321,45.559
"101121",0.221691448814004,0.1824094194851,0.573553888197858,0.527351974704069,0.221021063332965,0.539291774055484,0.103585720669454,45.824
"101122",0.171958030487479,0.0934399933469478,0.554127509350106,0.500950388245741,0.161607819293199,0.492581834111023,0.0631088334665266,45.837
"101123",0.185347087845511,0.116955375977954,0.558838456181035,0.507644766884718,0.177497687229496,0.504345441593731,0.0497510792739609,45.837
"101124",0.257374766955803,0.194421789631811,0.574224029723112,0.57627022142075,0.250548243860921,0.585305434923773,0.104438114720431,45.837
"101125",0.253399544582631,0.220709661252157,0.574224029723112,0.570944580948859,0.254155535516302,0.585305434923773,0.137104757139355,45.837
"101126",0.183062752695959,0.144810754490817,0.512261852389164,0.46992248507133,0.182684783449385,0.481628075744367,0.0726555781544782,45.837
"101127",0.160371982297795,0.100327409771147,0.505787903861529,0.459849766015688,0.15451427849,0.459777339533772,0.0426953873873517,45.837
"101128",0.209547859273547,0.152148842685703,0.572670192557691,0.523833631293498,0.204189172683039,0.52522606971337,0.053528283759444,46.082
"101129",0.199342695615789,0.143817941568534,0.5546422206498,0.507286132048623,0.194545323874604,0.509526311673643,0.0492839861499632,46.086
"101130",0.18279634375397,0.122122812671535,0.539033895137789,0.491228198225066,0.176792545540375,0.491008200967027,0.0447085987715661,46.086
"101131",0.209918954102895,0.145682378770649,0.574224029723112,0.537164962777269,0.20286924105088,0.536157367540715,0.0586028405729564,46.086
"101132",0.221168433267474,0.194671467135449,0.553965410179959,0.511412240576308,0.223458046534968,0.529671814748063,0.101857888336968,46.086
"101133",0.205316795167892,0.212520562587544,0.47751097689671,0.446303014879857,0.215530895723179,0.480403761499071,0.0984013012434187,46.086
"101134",0.144605917168638,0.135681535466355,0.404984386005462,0.375198765744878,0.151318637066402,0.399135897610235,0.0288587536274568,46.086
"101135",0.182712633940044,0.120354614006514,0.529127448021095,0.483379300897722,0.176094968346142,0.480407756914971,0.00185221811461575,46.335
"101136",0.168772445640923,0.0959345905853088,0.5270277458272,0.478564997862287,0.159503953874629,0.470798302242214,0.00781534193781581,46.335
"101137",0.193860407223125,0.13354211818865,0.554927742082563,0.506164067836935,0.187804098971824,0.506250562056757,0.0560183965150818,46.335
"101138",0.192605239519273,0.160085166935497,0.515327505385165,0.474328148875086,0.193547392484813,0.488569920304832,0.0754498253616318,46.335
"101139",0.174807505638465,0.174306778454956,0.442136366469639,0.411419897724907,0.183440971617651,0.440995012491449,0.0615329240429398,46.335
"101140",0.183852965444171,0.16266509698897,0.489942812016692,0.452277535001644,0.187699039880057,0.472606035677475,0.0700139438956163,46.335
"101141",0.163778007308763,0.0886991388111036,0.511903132414893,0.465582368123806,0.153815755699451,0.454952442770923,0,46.58
"101142",0.119437671207199,0.0543046370563873,0.424510423060119,0.386701038349297,0.112158075524635,0.378891422650743,0,46.583
"101143",0.194870339974828,0.154711036534635,0.521368230028206,0.479556812698693,0.193757705296881,0.488722683003571,0.0447388119636879,46.583
"101144",0.198206941882862,0.16708588779686,0.520409154823665,0.479595696090749,0.19942625350667,0.494407193841526,0.0707728713530127,46.583
"101145",0.162477784117938,0.114676199035325,0.496741529428625,0.453444647953172,0.159967621932327,0.460275563769343,0.0412677994866514,46.583
"101146",0.166171847846291,0.13031233778282,0.4957813361748,0.453874111679457,0.166934331584562,0.468325600209582,0.0474735319755236,46.583
"101147",0.185880655670554,0.0995390733116732,0.5680522933659,0.514583116786662,0.172798625557929,0.499739685089397,0.0124085806081176,46.803
"101148",0.161353350950144,0.0803176802821527,0.519660429853289,0.470990939834024,0.14975982843104,0.457845858205601,0,46.829
"101149",0.191395235058654,0.152097174640226,0.512223155987934,0.471449291723129,0.190456162519348,0.480582464205381,0.0392728405523289,46.829
"101150",0.185990063014489,0.184177963254296,0.454948312806316,0.423938686179882,0.194102167344009,0.452223090762087,0.0598375164094051,46.829
"101151",0.16195126190177,0.144130922279202,0.452138711214139,0.417307475917093,0.166749796557288,0.438772188288628,0.0440557774741349,46.829
"101152",0.168711435959789,0.12942892972705,0.504568585533067,0.461530781339449,0.168643720634429,0.474344338080237,0.0414229166348449,46.829
"101153",0.179043264208372,0.115958685262345,0.520097263208213,0.475116271015127,0.172062830014533,0.471097228105341,0.00356725885245292,47.061
"101154",0.136081008442731,0.0691790692334997,0.455395806421549,0.414667161921178,0.128277367153239,0.407018476355279,0,47.074
"101155",0.166918920001444,0.165889891929488,0.419559395287172,0.391323056633792,0.175228543440916,0.41862874099993,0.0257762984890501,47.073
"101156",0.158267209950527,0.118926053641868,0.470006224835279,0.43096552258062,0.157702655632399,0.440593261829392,0.0187643098795289,47.074
"101157",0.160527696610431,0.12037469792173,0.473938881819614,0.434723816918783,0.159798803803949,0.443893719466608,0.00876015920018974,47.07
"101158",0.200128945457783,0.142001753886737,0.549675673426301,0.503151083017886,0.194323129238334,0.502612017477936,0.0382192043859542,47.309
