"","Andrena_carlini","Andrena_miserabilis","Osmia_atriventris","Osmia_bucephala","Osmia_lignaria","Osmia_pumila","Andrena_violae","latitude"
"100001",0,0,0.0284172181622036,0.0238241452963961,0,0.0509176453234866,0.0532127223264995,25.316
"100002",0,0,0,0,0,0.0399045608072544,0,25.329
"100003",0,0,0.0206767608311762,0.0175220392403247,0,0.0497131060526414,0.0357372329953881,25.637
"100004",0,0,0,0,0,0.0356658612006991,0,25.637
"100005",0,0,0,0,0,0.0352815535751925,0,25.669
"100006",0,0.00710823727982307,0.0433285861001659,0.0374986123887845,0,0.058994565864135,0.077424368814154,25.963
"100007",0,0,0,0,0,0.0383206723275694,0,25.961
"100008",0,0,0,0,0,0,0,25.961
"100009",0,0,0,0,0,0,0,25.962
"100010",0,0,0.0438187477248319,0.0369124560007889,0,0.0575132989312351,0.0526313905705148,26.291
"100011",0,0,0.0367280946624823,0.0305644393594239,0,0.0547591415229007,0.0363428513486747,26.283
"100012",0,0,0,0,0,0.0290815606060263,0,26.283
"100013",0,0,0,0,0,0,0,26.283
"100014",0,0,0,0,0,0,0,26.284
"100015",0,0,0,0,0,0.0447383782442453,0,26.611
"100016",0,0,0.0302786541965957,0.0230086826587106,0,0.0499368465713843,0,26.605
"100017",0,0,0.00869337589353111,0,0,0.044734259705173,0,26.605
"100018",0,0,0,0,0,0,0,26.605
"100019",0,0,0,0,0,0,0,26.605
"100020",0,0,0,0,0,0,0,26.605
"100021",0,0,0,0,0,0.0352395526517585,0,26.938
"100022",0,0,0,0,0,0.0417434223185578,0,26.926
"100023",0,0,0,0,0,0.0305835201444558,0,26.926
"100024",0,0,0,0,0,0,0,26.926
"100025",0,0,0,0,0,0,0,26.926
"100026",0,0,0,0,0,0.0407832157381479,0,26.924
"100027",0,0,0.0393305919629531,0.031298652521991,0,0.0540553698532011,0,27.262
"100028",0,0,0,0,0,0.0424135929070176,0,27.246
"100029",0,0,0,0,0,0,0,27.246
"100030",0,0,0,0,0,0,0,27.246
"100031",0,0,0,0,0,0,0,27.246
"100032",0,0,0,0,0,0,0,27.246
"100033",0,0,0,0,0,0,0,27.231
"100034",0,0,0.0414544009198758,0.0329429281060517,0,0.0546333184348717,0,27.556
"100035",0,0,0.0338743185146906,0.0254493744057589,0,0.0508282170027175,0,27.565
"100036",0,0,0,0,0,0,0,27.565
"100037",0,0,0,0,0,0,0,27.565
"100038",0,0,0,0,0,0.037626303666116,0,27.565
"100039",0,0,0,0,0,0.0375269587328342,0,27.565
"100040",0,0,0,0,0,0,0,27.903
"100041",0,0,0,0,0,0.0410630508499588,0,27.883
"100042",0,0,0,0,0,0.0343063244798493,0,27.883
"100043",0,0,0.0355949112382937,0.027080214953624,0,0.0510353711987464,0,27.883
"100044",0,0,0.0461538428189069,0.0383283098216878,0,0.0581538670672914,0,27.883
"100045",0,0,0.0193823081313222,0.0106029610657773,0,0.0466610566079173,0,27.875
"100046",0,0,0.0234121820498732,0.0118089582637224,0,0.0462123750120918,0,28.2
"100047",0,0,0.0293196910769071,0.0211514109757844,0,0.0505231121326023,0,28.2
"100048",0,0,0,0,0,0.0363247944649431,0,28.2
"100049",0,0,0,0,0,0.0418479468166072,0,28.2
"100050",0,0,0.016058501595635,0,0,0.0459807316641456,0,28.2
"100051",0,0,0,0,0,0.0321273564888725,0,28.193
"100052",0,0,0.0502216372646422,0.0416791532628967,0,0.0610982615150369,0,28.516
"100053",0.00344257235643834,0.0175100615275206,0.0730166991014942,0.0634969895006393,0.0103489466518294,0.0760796876630931,0,28.516
"100054",0,0,0.0283914423493767,0.0199296833871732,0,0.0498633880102607,0,28.516
"100055",0,0,0,0,0,0.0437298939120971,0,28.516
"100056",0,0,0,0,0,0.0370332866921868,0,28.516
"100057",0,0,0,0,0,0.0294473489392476,0,28.511
"100058",0,0,0.0487896159557588,0.0404351185735505,0,0.0603483343082668,0,28.831
"100059",0,0,0.0518164545016078,0.0430750252853052,0,0.0615773616346811,0,28.831
"100060",0,0,0,0,0,0.0431983267109778,0,28.831
"100061",0,0,0,0,0,0.0394751391144805,0,28.831
"100062",0,0,0,0,0,0.0196553729879333,0,28.829
"100063",0,0,0,0,0,0.0405234048669547,0,29.174
"100064",0,0,0.0324904692046913,0.0242043966499844,0,0.051718286454066,0,29.146
"100065",0,0,0.0240412152586504,0.0153243681944133,0,0.0494780361065644,0,29.146
"100066",0,0,0,0,0,0.0406647311661382,0,29.146
"100067",0,0,0,0,0,0.0380101028499628,0,29.146
"100068",0,0,0,0,0,0,0,29.123
"100069",0,0,0.040209945182432,0.0319258634914013,0,0.0550593112867587,0,29.476
"100070",0,0,0.0468567809189114,0.0381211801661578,0,0.058124521180737,0,29.459
"100071",0,0,0.0336792575747422,0.0253985207073333,0,0.0525080051557396,0,29.459
"100072",0,0,0,0,0,0.0392699577045174,0,29.459
"100073",0,0,0,0,0,0.0316310667400734,0,29.459
"100074",0,0,0,0,0,0.0258602327637059,0,29.458
"100075",0,0.00822790909496662,0.0630589298192322,0.0537846892158763,0,0.0687538361883051,0,29.824
"100076",0,0,0.0546536706637756,0.0452440690452635,0,0.061543582814193,0,29.805
"100077",0,0,0.0521849971686719,0.0433227678091033,0,0.0612848120954188,0,29.771
"100078",0,0,0.0367351926803242,0.0272148573099834,0,0.0508583568896571,0,29.771
"100079",0,0,0.0220215005646541,0.00996940784733964,0,0.0468361641711055,0,29.771
"100080",0,0,0,0,0,0.0396183106051703,0,29.771
"100081",0,0,0,0,0,0.0343717640879612,0,29.771
"100082",0,0,0,0,0,0.0366321601961823,0,29.763
"100083",0,0,0.0488962749798313,0.0404715805000355,0,0.0599100851306269,0,30.145
"100084",0,0.0101356663746618,0.0650476278115615,0.0556992260750616,0.000109649221376288,0.0701884079939011,0,30.085
"100085",0,0.0114770061633013,0.0707367241937308,0.0608842722708225,0.00263219088141991,0.0733920420951619,0,30.083
"100086",0,0.00981560039088171,0.0683818617183572,0.0586550577488794,0.000727442477088085,0.0717674367147091,0,30.084
"100087",0,0,0.045207692120637,0.0361561228906161,0,0.0559533311212072,0,30.142
"100088",0,0,0.034953100665906,0.0254850354281881,0,0.0500953332440624,0,30.118
"100089",0,0,0.0346333705898936,0.0251125059633149,0,0.0501405102022676,0,30.083
"100090",0,0,0.0342693340144602,0.0246332906183085,0,0.0496326788652113,0,30.083
"100091",0,0,0.0275250936762262,0.0161225204128368,0,0.0458595164135361,0,30.083
"100092",0,0,0,0,0,0.0327589459910271,0,30.083
"100093",0,0,0,0,0,0.0374168418983952,0,30.083
"100094",0,0,0,0,0,0,0,30.083
"100095",0,0,0,0,0,0,0,30.072
"100096",0,0.011424259846852,0.0645171656053145,0.0554165296016879,0.00125864410236734,0.0697532068452318,0,30.444
"100097",6.67104834407255e-05,0.0126421977132219,0.0695532157598898,0.0599931288654612,0.00408225611238186,0.0725806211883214,0,30.469
"100098",0,0.00825920314316533,0.0620059382920763,0.0528736224523041,0,0.0679120491954926,0,30.459
"100099",0,0.00636945394422786,0.0573191510293373,0.0485092217206973,0,0.0652843494217409,0,30.411
"100100",0,0.0114196284256108,0.0655334268411537,0.0562489262215048,0.00112167197799908,0.070544887487652,0,30.393
"100101",0.000587823985611467,0.0139710003611139,0.0720192732959837,0.0622230345738263,0.00553602181644701,0.0746448776697938,0,30.393
"100102",0,0.00813400003897737,0.0678979995341324,0.0580852541153214,0,0.0711539173935477,0,30.393
"100103",0,0,0.0559994047144747,0.0465440427432436,0,0.0625458193981349,0,30.393
"100104",0,0,0.051193816375473,0.0417715298635099,0,0.0592901028768106,0,30.393
"100105",0,0,0.0519536463231783,0.0425651415867477,0,0.0599938433764905,0,30.393
"100106",0,0,0.0174873143629116,0,0,0.0431352224133937,0,30.393
"100107",0,0,0.0318477734534992,0.0215602552843303,0,0.0479232153820438,0,30.393
"100108",0,0,0.00977634553439056,0,0,0.0408279644468286,0,30.393
"100109",0,0,0,0,0,0.019621251519069,0,30.393
"100110",0,0,0,0,0,0.0328816854136039,0,30.393
"100111",0,0,0,0,0,0,0,30.393
"100112",0,0.013299677837165,0.0672051456659569,0.0579338069028658,0.00360590715346431,0.071621105748769,0,30.735
"100113",0.00187454455526577,0.0160257313009414,0.0703236735248843,0.0609744781872567,0.00783672532500481,0.0739587399496791,0,30.703
"100114",0,0.0136112715614544,0.0672255625701794,0.0580033518347676,0.0038471774538522,0.071752165202502,0,30.703
"100115",0,0.00852370887697365,0.0630971479987307,0.0538584895200516,0,0.0685475734027767,0,30.703
"100116",0,0.00456946679857502,0.0635236166406365,0.0539148718188703,0,0.067917640207597,0,30.703
"100117",1.66537063288464e-05,0.0124117092287453,0.0711871387545959,0.0613634653002559,0.00394322712110567,0.0736801891105571,0,30.703
"100118",0,0.00818827915012686,0.0653555059001483,0.0558226263519312,0,0.0698219503012852,0,30.703
"100119",0,0,0.0522294423136882,0.0429020829819367,0,0.0602005993055982,0,30.703
"100120",0,0,0.0327548023495063,0.0224599252423498,0,0.0476129372694185,0,30.703
"100121",0,0,0,0,0,0.0362546921281973,0,30.703
"100122",0,0,0.0177173724563712,0,0,0.0403558911618122,0,30.703
"100123",0,0,0.0282234774359758,0.0153834626658236,0,0.0444154509129294,0,30.703
"100124",0,0,0.039629907413358,0.0297563997185825,0,0.0516693571840283,0,30.703
"100125",0,0,0,0,0,0.0357770612743258,0,30.703
"100126",0,0,0,0,0,0.0109774068411346,0,30.703
"100127",0,0,0,0,0,0.0294611236963253,0,30.703
"100128",0,0,0,0,0,0.0381323494754879,0,30.703
"100129",0,0,0.0238495098479075,0.0114975718759879,0,0.045623040086205,0,31.003
"100130",0,0,0,0,0,0.0363165549532326,0,31.011
"100131",0,0,0,0,0,0.0299515496182118,0,31.011
"100132",0,0,0,0,0,0.0291198752846632,0,31.011
"100133",0,0,0,0,0,0.036851063899,0,31.011
"100134",0,0,0.0228831171331548,0.00187901947335569,0,0.0430672986419226,0,31.011
"100135",0,0,0,0,0,0.0246294687321231,0,31.011
"100136",0,0,0,0,0,0.0319331220752868,0,31.011
"100137",0,0,0.0336428025961924,0.0222607443099337,0,0.0463731595992743,0,31.011
"100138",0,0,0.0444656810732615,0.03376821186891,0,0.0522126003932424,0,31.011
"100139",0,0,0,0,0,0.0283628867278202,0,31.315
"100140",0,0,0,0,0,0.0279093381892297,0,31.319
"100141",0,0,0,0,0,0.0345370880216589,0,31.319
"100142",0,0,0,0,0,0.0334217768423307,0,31.319
"100143",0,0,0,0,0,0.0342609703597358,0,31.319
"100144",0,0,0,0,0,0.0135952725805923,0,31.319
"100145",0,0,0,0,0,0,0,31.319
"100146",0,0,0,0,0,0.0273436703582564,0,31.319
"100147",0,0,0.0328616168149825,0.0207059423764519,0,0.0445568403321497,0,31.319
"100148",0,0,0.00951601901154242,0,0,0.0361559580378714,0,31.319
"100149",0,0,0,0,0,0,0,31.329
"100150",0,0,0,0,0,0.0159587215412417,0,31.632
"100151",0,0,0,0,0,0.0317286247462136,0,31.625
"100152",0,0,0,0,0,0.0337978498460827,0,31.625
"100153",0,0,0,0,0,0.0372182864826379,0,31.625
"100154",0,0,0,0,0,0.0325210697484273,0,31.625
"100155",0,0,0,0,0,0,0,31.625
"100156",0,0,0,0,0,0,0,31.625
"100157",0,0,0,0,0,0,0,31.625
"100158",0,0,0,0,0,0,0,31.625
"100159",0,0,0,0,0,0,0,31.625
"100160",0,0,0,0,0,0,0,31.628
"100161",0,0,0.0220332741214541,0,0,0.0413912303018651,0,31.924
"100162",0,0,0.0224802413058757,0,0,0.0411190081864264,0,31.931
"100163",0,0,0.0217982540649628,0,0,0.0404128369738461,0,31.931
"100164",0,0,0,0,0,0.0339517666551907,0,31.931
"100165",0,0,0,0,0,0.0144049774787515,0,31.931
"100166",0,0,0,0,0,0,0,31.931
"100167",0,0,0,0,0,0,0,31.931
"100168",0,0,0,0,0,0,0,31.931
"100169",0,0,0,0,0,0,0,31.931
"100170",0,0,0,0,0,0,0,31.931
"100171",0,0,0.0324634020738245,0.0204046780819472,0,0.0460349084848017,0,31.931
"100172",0,0,0,0,0,0,0,31.959
"100173",0,0,0,0,0,0.03589470990265,0,32.224
"100174",0,0,0.0241807472726957,0.00710276811531161,0,0.0423058854086467,0,32.235
"100175",0,0,0.0300566137117519,0.0163602618010384,0,0.0428726717577202,0,32.235
"100176",0,0,0.0267226678885239,0.00866919971121431,0,0.0396780864418326,0,32.235
"100177",0,0,0,0,0,0.0189613846768364,0,32.235
"100178",0,0,0,0,0,0,0,32.235
"100179",0,0,0,0,0,0,0,32.235
"100180",0,0,0,0,0,0,0,32.235
"100181",0,0,0,0,0,0,0,32.235
"100182",0,0,0,0,0,0,0,32.235
"100183",0,0,0,0,0,0.015972151096148,0,32.235
"100184",0,0,0,0,0,0,0,32.237
"100185",0,0,0,0,0,0,0,32.553
"100186",0,0,0,0,0,0.0301441853773896,0,32.539
"100187",0,0,0.0200490377742511,0,0,0.0358316008794401,0,32.539
"100188",0,0,0.0232647657165751,0,0,0.0376944559772824,0,32.539
"100189",0,0,0,0,0,0.0251952087043757,0,32.539
"100190",0,0,0,0,0,0,0,32.539
"100191",0,0,0,0,0,0,0,32.539
"100192",0,0,0,0,0,0,0,32.539
"100193",0,0,0,0,0,0,0,32.539
"100194",0,0,0,0,0,0,0,32.539
"100195",0,0,0,0,0,0,0,32.539
"100196",0,0,0,0,0,0,0,32.539
"100197",0,0,0,0,0,0,0,32.54
"100198",0,0,0,0,0,0,0,32.602
"100199",0,0,0,0,0,0,0,32.841
"100200",0,0,0,0,0,0,0,32.841
"100201",0,0,0,0,0,0,0,32.841
"100202",0,0,0,0,0,0,0,32.841
"100203",0,0,0,0,0,0,0,32.841
"100204",0,0,0,0,0,0,0,32.841
"100205",0,0,0,0,0,0,0,32.841
"100206",0,0,0,0,0,0,0,32.841
"100207",0,0,0,0,0,0,0,32.841
"100208",0,0,0,0,0,0,0,32.841
"100209",0,0,0,0,0,0,0,32.841
"100210",0,0,0,0,0,0,0,32.841
"100211",0,0,0,0,0,0,0,32.841
"100212",0,0,0,0,0,0,0,32.841
"100213",0,0,0,0,0,0,0,32.857
"100214",0,0,0,0,0,0.0224905684965953,0,33.142
"100215",0,0,0,0,0,0,0,33.142
"100216",0,0,0,0,0,0,0,33.142
"100217",0,0,0,0,0,0,0,33.142
"100218",0,0,0,0,0,0,0,33.142
"100219",0,0,0,0,0,0,0,33.142
"100220",0,0,0,0,0,0,0,33.142
"100221",0,0,0,0,0,0,0,33.142
"100222",0,0,0,0,0,0,0,33.142
"100223",0,0,0,0,0,0,0,33.142
"100224",0,0,0,0,0,0,0,33.142
"100225",0,0,0,0,0,0,0,33.142
"100226",0,0,0,0,0,0,0,33.142
"100227",0,0,0,0,0,0,0,33.142
"100228",0,0,0,0,0,0,0,33.142
"100229",0,0,0,0,0,0,0,33.149
"100230",0,0,0.0253195292872004,0.00562013500956419,0,0.0320280421829758,0,33.443
"100231",0,0,0.0299511857794106,0.014811425164698,0,0.0339304222080029,0,33.443
"100232",0,0,0.0271959667579289,0.00568548605702185,0,0.0296228951785797,0,33.443
"100233",0,0,0.0214983567370675,0,0,0.0258973108946939,0,33.443
"100234",0,0,0.0108713632657977,0,0,0.0205352932097028,0,33.443
"100235",0,0,0,0,0,0,0,33.443
"100236",0,0,0,0,0,0,0,33.443
"100237",0,0,0,0,0,0,0,33.443
"100238",0,0,0,0,0,0,0,33.443
"100239",0,0,0,0,0,0,0,33.443
"100240",0,0,0,0,0,0,0,33.443
"100241",0,0,0,0,0,0,0,33.443
"100242",0,0,0,0,0,0,0,33.443
"100243",0,0,0,0,0,0,0,33.443
"100244",0,0,0,0,0,0,0,33.443
"100245",0,0,0,0,0,0,0,33.443
"100246",0,0,0,0,0,0,0,33.46
"100247",0,0,0.0135545869831782,0,0,0.0162858910709827,0,33.748
"100248",0,0,0.0193642047304582,0,0,0.0285554097279423,0,33.742
"100249",0,0,0.0512943034907498,0.0399785712063531,0,0.0511525950086414,0,33.742
"100250",0,0,0.0553315758955577,0.04356737218014,0,0.0534671321543252,0,33.742
"100251",0,0,0.041325419544752,0.0291211030666968,0,0.0425997022199342,0,33.742
"100252",0,0,0.0237983615666801,0,0,0.0295133445936249,0,33.742
"100253",0,0,0,0,0,0,0,33.742
"100254",0,0,0,0,0,0,0,33.742
"100255",0,0,0,0,0,0,0,33.742
"100256",0,0,0,0,0,0,0,33.742
"100257",0,0,0,0,0,0,0,33.742
"100258",0,0,0,0,0,0,0,33.742
"100259",0,0,0,0,0,0,0,33.742
"100260",0,0,0,0,0,0,0,33.742
"100261",0,0,0,0,0,0,0,33.742
"100262",0,0,0,0,0,0,0,33.742
"100263",0,0,0,0,0,0,0,33.742
"100264",0,0,0,0,0,0,0,33.742
"100265",0,0,0,0,0,0,0,33.789
"100266",0,0,0,0,0,0,0,34.045
"100267",0,0,0,0,0,0,0,34.04
"100268",0,0,0.047550633940969,0.0359269852368519,0,0.047526031013356,0,34.04
"100269",0,0,0.0555633322648419,0.043876751407236,0,0.0531614878278724,0,34.04
"100270",0,0,0.0428713740505102,0.0310067313610731,0,0.0439911355106491,0,34.04
"100271",0,0,0.0191150763431693,0,0,0.0261897101442345,0,34.04
"100272",0,0,0.0388913994444265,0.0260570079463143,0,0.0399384526761811,0,34.04
"100273",0,0,0.0458246327660469,0.0333289227253546,0,0.0443199108362211,0,34.04
"100274",0,0,0,0,0,0,0,34.04
"100275",0,0,0,0,0,0,0,34.04
"100276",0,0,0,0,0,0,0,34.04
"100277",0,0,0,0,0,0,0,34.04
"100278",0,0,0,0,0,0,0,34.04
"100279",0,0,0,0,0,0,0,34.04
"100280",0,0,0,0,0,0,0,34.04
"100281",0,0,0,0,0,0,0,34.04
"100282",0,0,0,0,0,0,0,34.04
"100283",0,0,0,0,0,0,0,34.04
"100284",0,0,0,0,0,0,0,34.04
"100285",0,0,0,0,0,0,0,34.042
"100286",0,0,0,0,0,0,0,34.047
"100287",0,0,0,0,0,0.013757236925823,0,34.34
"100288",0,0,0,0,0,0,0,34.337
"100289",0,0,0.0300291030662406,0.0162353759696385,0,0.0357548433298428,0,34.337
"100290",0,0,0.0421414379349641,0.0309387793138568,0,0.0449898043399891,0,34.337
"100291",0,0,0.0476209312179363,0.0362421150962359,0,0.0482145923683558,0,34.337
"100292",0,0,0.00913971018190343,0,0,0.0191768104243277,0,34.337
"100293",0,0,0.0302741014978899,0.0161408185775044,0,0.0350058100780531,0,34.337
"100294",0,0,0.0414418525023823,0.029501765422095,0,0.0425976161170653,0,34.337
"100295",0,0,0,0,0,0,0,34.337
"100296",0,0,0,0,0,0,0,34.337
"100297",0,0,0,0,0,0,0,34.337
"100298",0,0,0,0,0,0,0,34.337
"100299",0,0,0,0,0,0,0,34.337
"100300",0,0,0,0,0,0,0,34.337
"100301",0,0,0,0,0,0,0,34.337
"100302",0,0,0,0,0,0,0,34.337
"100303",0,0,0,0,0,0,0,34.337
"100304",0,0,0,0,0,0,0,34.337
"100305",0,0,0,0,0,0,0,34.337
"100306",0,0,0,0,0,0,0,34.337
"100307",0,0,0,0,0,0,0,34.337
"100308",0,0,0,0,0,0,0,34.364
"100309",0,0,0.0125339701931124,0,0,0.0202160364309676,0,34.634
"100310",0,0,0.0141637348412732,0,0,0.0240472079366055,0,34.634
"100311",0,0,0.0432901655213918,0.0325892852406009,0,0.0468882173786695,0,34.634
"100312",0.00380509732633071,0.0101099391540631,0.0828507371810399,0.0716422248256391,0.00774365845976108,0.0778542525783073,0,34.634
"100313",0,0.0033346436863594,0.0796728031826935,0.068374233156756,0.000811145601759079,0.0749915815426839,0,34.634
"100314",0,0,0.0521664201382604,0.041378802736963,0,0.0529825605160307,0,34.634
"100315",0,0,0.023900410118118,0,0,0.032576016803754,0,34.634
"100316",0,0,0,0,0,0.015051327953863,0,34.634
"100317",0,0,0,0,0,0,0,34.634
"100318",0,0,0,0,0,0,0,34.634
"100319",0,0,0,0,0,0,0,34.634
"100320",0,0,0,0,0,0,0,34.634
"100321",0,0,0,0,0,0,0,34.634
"100322",0,0,0,0,0,0,0,34.634
"100323",0,0,0,0,0,0,0,34.634
"100324",0,0,0,0,0,0,0,34.634
"100325",0,0,0,0,0,0,0,34.634
"100326",0,0,0,0,0,0,0,34.634
"100327",0,0,0,0,0,0,0,34.634
"100328",0,0,0,0,0,0,0,34.634
"100329",0,0,0,0,0,0,0,34.634
"100330",0,0,0,0,0,0,0,34.634
"100331",0,0,0,0,0,0,0,34.648
"100332",0,0,0,0,0,0,0,34.883
"100333",0,0,0.0083499642258294,0,0,0.0240168153597333,0,34.884
"100334",0.00433591657413152,0.0134938936565546,0.0801292038022671,0.0694896325861222,0.00957609801799346,0.0767750282549327,0,34.885
"100335",0,0,0.0688216990277206,0.0578034679006806,0,0.0659059898998706,0,34.921
"100336",0,0,0.062211152405643,0.0510154069285914,0,0.0594592044399178,0,34.929
"100337",0.0179162416325886,0.0184588148982433,0.0886489103839199,0.0774357860568713,0.0234655111487848,0.0827888489488762,0,34.929
"100338",0.00503579634568317,0.0120343681329715,0.0822136794884111,0.0711948113818124,0.00961549409420076,0.0776557483417184,0,34.929
"100339",0,0,0.0461944904207802,0.0351064624276042,0,0.0481691959341696,0,34.929
"100340",0,0,0,0,0,0.00784114974158466,0,34.929
"100341",0,0,0,0,0,0,0,34.929
"100342",0,0,0,0,0,0,0,34.929
"100343",0,0,0,0,0,0,0,34.929
"100344",0,0,0,0,0,0,0,34.929
"100345",0,0,0,0,0,0,0,34.929
"100346",0,0,0,0,0,0,0,34.929
"100347",0,0,0,0,0,0,0,34.929
"100348",0,0,0,0,0,0,0,34.929
"100349",0,0,0,0,0,0,0,34.929
"100350",0,0,0,0,0,0,0,34.929
"100351",0,0,0,0,0,0,0,34.929
"100352",0,0,0,0,0,0,0,34.929
"100353",0,0,0,0,0,0,0,34.929
"100354",0,0,0,0,0,0,0,34.929
"100355",0,0,0,0,0,0,0,34.922
"100356",0,0,0,0,0,0,0,34.908
"100357",0.0367594886855523,0.0248783255736786,0.0951588732941108,0.0837052580196735,0.0420330728203904,0.0878726144608992,0,35.222
"100358",0.0127274192252981,0.0136924555508503,0.086710700532855,0.0754299624408209,0.0167203829695712,0.0804796625657552,0,35.223
"100359",0.0100424634474143,0.0111836079244808,0.0863312816300076,0.0749163651251431,0.0134015383965008,0.0798046741507696,0,35.223
"100360",0.0565673289834661,0.0284445402293522,0.103106999156189,0.0910602998575532,0.0594178410367677,0.0934195616978818,0,35.223
"100361",0,0.00404773669238914,0.0732103265568452,0.0626486049566604,0,0.0711100820521735,0,35.223
"100362",0,0,0.0362683862797,0.0233557292110142,0,0.039490804885548,0,35.223
"100363",0,0,0,0,0,0,0,35.223
"100364",0,0,0,0,0,0,0,35.223
"100365",0,0,0,0,0,0,0,35.223
"100366",0,0,0,0,0,0,0,35.223
"100367",0,0,0,0,0,0,0,35.223
"100368",0,0,0,0,0,0,0,35.223
"100369",0,0,0.0336492585192555,0.0198719236792929,0,0.037217713353218,0,35.223
"100370",0,0,0,0,0,0,0,35.223
"100371",0,0,0,0,0,0,0,35.223
"100372",0,0,0,0,0,0,0,35.223
"100373",0,0,0,0,0,0,0,35.223
"100374",0,0,0,0,0,0,0,35.223
"100375",0,0,0,0,0,0,0,35.223
"100376",0,0,0,0,0,0,0,35.224
"100377",0,0,0,0,0,0,0,35.222
"100378",0,0,0.0732700128301886,0.062348936208606,0,0.0701717230836125,0,35.484
"100379",0.0206130067361281,0.0168301874256254,0.0899087022940631,0.0785320925667134,0.0245620350703854,0.0829189051567232,0,35.516
"100380",0,0,0.0562925071694378,0.0454068155551901,0,0.0541836490949465,0,35.516
"100381",0,0,0,0,0,0,0,35.516
"100382",0,0,0.0582477484622243,0.0473731076459482,0,0.0578719718746816,0,35.516
"100383",0,0,0.0490913284551679,0.0376719767772301,0,0.0494072419720635,0,35.516
"100384",0,0,0,0,0,0,0,35.516
"100385",0,0,0,0,0,0,0,35.516
"100386",0,0,0,0,0,0,0,35.516
"100387",0,0,0,0,0,0,0,35.516
"100388",0,0,0.0589151978434587,0.0480880143843802,0,0.0581761186892563,0,35.516
"100389",0,0,0.0492485362509432,0.0378189333481507,0,0.0494004202981844,0,35.516
"100390",0,0,0.0461455345895747,0.0341586391052072,0,0.0463731046367146,0,35.516
"100391",0,0,0.0376800511674944,0.0247890649823795,0,0.0392950631437908,0,35.516
"100392",0,0,0,0,0,0,0,35.516
"100393",0,0,0,0,0,0,0,35.516
"100394",0,0,0,0,0,0,0,35.516
"100395",0,0,0,0,0,0,0,35.516
"100396",0,0,0,0,0,0,0,35.519
"100397",0,0,0,0,0,0,0,35.538
"100398",0,0,0,0,0,0,0,35.521
"100399",0,0,0,0,0,0,0,35.558
"100400",0,0,0.0604592750828539,0.0493368423138287,0,0.0583090896597303,0,35.8
"100401",0,0,0.065869014114831,0.0546179214004521,0,0.0625197627023326,0,35.808
"100402",0.00151613350017146,0.00509104148891511,0.0836583634379018,0.0720644896377649,0.00404205428106851,0.0776357962640815,0,35.808
"100403",0,0,0.0608048201337028,0.0497441244724514,0,0.0595172309792755,0,35.808
"100404",0,0,0.0365851304947487,0.0236999791413911,0,0.0390843108520708,0,35.808
"100405",0,0,0.0120180633479923,0,0,0.0181080205670004,0,35.808
"100406",0,0,0,0,0,0,0,35.808
"100407",0,0,0,0,0,0,0,35.808
"100408",0,0,0.0428456844965387,0.030787413594018,0,0.043769523305636,0,35.808
"100409",0,0,0.0589301235577142,0.0476520350029021,0,0.0570759179913492,0,35.808
"100410",0,0,0.0656906850530507,0.054399775666346,0,0.0628169450820542,0,35.808
"100411",0,0,0.0715754102991233,0.0600356614773651,0,0.0672003572497136,0,35.808
"100412",0,0,0.0420315811412379,0.0298057809333624,0,0.042792083173522,0,35.808
"100413",0,0,0,0,0,0,0,35.808
"100414",0,0,0,0,0,0,0,35.808
"100415",0,0,0,0,0,0,0,35.808
"100416",0,0,0,0,0,0,0,35.808
"100417",0,0,0,0,0,0.0201798190797019,0,35.804
"100418",0,0,0.0155449743104111,0,0,0.0286364729673355,0,35.807
"100419",0,0,0,0,0,0.01405550583576,0,35.804
"100420",0.00653186603501689,0.00640432181019937,0.0882957485649036,0.0763125129366746,0.00882085993604938,0.0805940665794019,0,36.064
"100421",0.0194423390776341,0.015502090491182,0.0933417698817749,0.0814651816926916,0.0232254707816134,0.0853467195655298,0.0354629110122005,36.099
"100422",0,0,0.0595483093499089,0.0486891270882421,0,0.0588479299153552,0,36.099
"100423",0,0,0.0479351298025935,0.03656462569943,0,0.0486755437395115,0,36.099
"100424",0,0,0.0269996226440371,0,0,0.0286108389671186,0,36.099
"100425",0,0,0,0,0,0,0,36.099
"100426",0,0,0.0429335621461271,0.030540910095448,0,0.0429524810759038,0,36.099
"100427",0,0,0.0603579325857653,0.049321770369739,0,0.0588289703342579,0,36.099
"100428",0,0,0.0685135375280801,0.0575824856091811,0,0.066146201969974,0,36.099
"100429",0,0,0.0729281842789395,0.0614099426062929,0,0.068390322780859,0,36.099
"100430",0,0,0.0482204887106124,0.0365770242265597,0,0.0478745775115371,0,36.099
"100431",0,0,0,0,0,0,0,36.099
"100432",0,0,0,0,0,0,0,36.099
"100433",0,0,0,0,0,0,0,36.099
"100434",0,0,0,0,0,0,0,36.099
"100435",0,0,0,0,0,0,0,36.115
"100436",0,0,0,0,0,0,0,36.141
"100437",0,0.00122456944918111,0.0796025162084701,0.0682255297028263,0.000517430484700008,0.074487067506553,0,36.365
"100438",0,0,0.0763589805354193,0.0648854984494454,0,0.0714987971573616,0,36.388
"100439",0,0,0.0738108493857488,0.0624425981890477,0,0.069623075868736,0,36.388
"100440",0,0,0.0521079493869333,0.0405662364390235,0,0.0511713872016462,0,36.388
"100441",0,0,0.0451768131432827,0.0326450407513547,0,0.044177771438108,0,36.388
"100442",0,0,0.0435084779526534,0.0308754099299796,0,0.0425676301703924,0,36.388
"100443",0,0,0.0423202363991586,0.0304953161810707,0,0.0434756422411946,0,36.388
"100444",0,0,0.0561340547324469,0.044788050841126,0,0.0545455801403248,0,36.388
"100445",0,0,0.0607882545243804,0.0495034653197907,0,0.0585683866710196,0,36.388
"100446",0,0,0.0507424838925655,0.0389472678070807,0,0.0494306926039294,0,36.388
"100447",0,0,0,0,0,0,0,36.388
"100448",0,0,0.0268463372632323,0,0,0.0278467581320663,0,36.388
"100449",0,0,0.0347517369383462,0.0200962775774623,0,0.035436348582738,0,36.388
"100450",0,0,0.0329136642986443,0.0173259745433021,0,0.0335966333330983,0,36.388
"100451",0,0,0.0203532909268283,0,0,0.024566353510221,0,36.39
"100452",0,0,0.0107781905281596,0,0,0.023528527421417,0,36.39
"100453",0,0,0,0,0,0,0,36.379
"100454",0.00168647358277294,0.00430527653907776,0.0827876966556419,0.0712726941532643,0.00391176765472938,0.0767145038457464,0.0408233906442715,36.688
"100455",0,0.00229059582400479,0.0780988163780822,0.0670256680203296,0.000493342097750328,0.0736433718698196,0.0786406806202142,36.708
"100456",0,0,0.068893651551274,0.0580724102186895,0,0.0664506540399923,0,36.708
"100457",0,0,0.0716748349438654,0.0607587403392474,0,0.0686588052449948,0,36.713
"100458",0,0,0.0802264840522804,0.0684541919120518,0,0.0741004803935221,0,36.697
"100459",0,0,0.069064509386576,0.0576778848488056,0,0.0652346914858445,0,36.677
"100460",0,0,0.0741670923687196,0.0624639602364868,0,0.068992758921742,0,36.677
"100461",0.00850876042218278,0.0115340227466958,0.086815027383545,0.0753717672224009,0.0125700784453588,0.0805509358528687,0.0760797087530443,36.677
"100462",0.000298618996453938,0.00334848741259677,0.0827321346525165,0.0711404907123013,0.00230198057452621,0.0768948987969077,0,36.677
"100463",0,0,0.0352296006165221,0.019561484506515,0,0.032620665057049,0,36.677
"100464",0,0,0.045647130322426,0.0334106514337768,0,0.0442775075922959,0,36.686
"100465",0,0,0.0540696809772722,0.0423205838676824,0,0.0517785283339495,0,36.68
"100466",0,0,0.0609917768957672,0.0492799197679347,0,0.0576858095001966,0,36.677
"100467",0,0,0.0506196728998442,0.0388506085939672,0,0.0493067065694941,0,36.677
"100468",0,0,0.0244134427050995,0,0,0.0264558481424348,0,36.677
"100469",0,0,0.0391938897161373,0.0258011885493269,0,0.0386773985486515,0,36.677
"100470",0,0,0.0383972658247029,0.0249724997095809,0,0.0382619645000369,0,36.677
"100471",0,0,0.0368921440376401,0.0234722961612416,0,0.0376308346900451,0,36.682
"100472",0.0249428810163824,0.0191280618155241,0.0924448367136094,0.0810801465545368,0.0294969002447605,0.0852304576986632,0.220409849260823,36.936
"100473",0.00490396674302008,0.00896853344736796,0.0847097770085368,0.0733024040516357,0.00840099558796922,0.0787739620970706,0.0762735862798267,36.965
"100474",0.00925648187574901,0.0108214595061209,0.0876256968660275,0.0760028012490422,0.0127529745066075,0.0808299278751533,0.0357879191649937,36.965
"100475",0.0179843878187709,0.0135152124807187,0.0930045440315962,0.0810202708938879,0.0208846231173904,0.084680352255256,0.0755900074976705,36.965
"100476",0.00178879355635745,0.00310298807274327,0.0848149079746826,0.0730188819866335,0.00377521202215435,0.0780308326200877,0,36.965
"100477",0,0,0.0736268636499501,0.061826200699076,0,0.0682818062463172,0,36.965
"100478",0,0,0.0777320833263646,0.0660042952476377,0,0.0720227098423635,0,36.964
"100479",0.00183585142196459,0.00317355877995459,0.0841437219426097,0.0723964865480755,0.0038752849227825,0.0774654127125221,0,36.965
"100480",0,0,0.0711342803995559,0.0594131627642085,0,0.0661998715905704,0,36.965
"100481",0,0,0.0630108770291408,0.0506996660408872,0,0.0576638752008014,0,36.965
"100482",0,0,0.0632869471951198,0.0510469023788781,0,0.0581944684621366,0,36.965
"100483",0,0,0.0619769595782917,0.049904990523949,0,0.0575354353002553,0,36.965
"100484",0,0,0.0419456506062965,0.0292354593517215,0,0.0407754406384635,0,36.965
"100485",0,0,0.0402298858055198,0.0268755101654707,0,0.0386542189026648,0,36.965
"100486",0,0,0.0445067688005727,0.0315805883275634,0,0.0422591617697269,0,36.965
"100487",0,0,0.0384710106055812,0.0249168090210409,0,0.0376831944749316,0,36.965
"100488",0,0,0.03658839479143,0.0230016398251013,0,0.0367636451214772,0,36.965
"100489",0,0,0.0357199064316049,0.0230814660512259,0,0.0383729422739168,0,36.958
"100490",0.0128684938748691,0.00938831539600764,0.0924826076869593,0.0802695216426004,0.0150009049520607,0.0837629750424114,0.0610380129651227,37.187
"100491",0.0214666885575889,0.0159544585271165,0.0932963871503643,0.0814170305785642,0.0248512709061613,0.085183785982339,0.00930066283902957,37.249
"100492",0.0136432911597479,0.0124798217352237,0.0900544797877302,0.0782697466538762,0.0169844170852382,0.0825709742383975,0,37.251
"100493",0.0268988049706516,0.0184980753049843,0.0951271931674403,0.083280073503723,0.0305708664379358,0.0868345762731737,0.125490859279431,37.251
"100494",0.00400567264405312,0.00648095802941068,0.0860175080868076,0.0742997180468906,0.00678897831481071,0.0792881304390592,0.0486483124861643,37.251
"100495",0.00922442119482261,0.0065635906010108,0.0918028581912309,0.07949755992841,0.0110924237388054,0.0829991626353089,0.046785159021899,37.254
"100496",0.0182539926615172,0.0132867428735587,0.0933553883973496,0.0812807391246406,0.0211293640285742,0.0848031103247517,0,37.251
"100497",0.0252906565092722,0.0160225710316046,0.0959662897513685,0.0838062183678527,0.0278329747872509,0.0868677691351704,0,37.247
"100498",0,0,0.0689836573406487,0.0569122366644667,0,0.0636647175397794,0,37.251
"100499",0,0,0.0559567976072609,0.0435701560985405,0,0.0517664224209003,0,37.244
"100500",0,0,0.0520719003592977,0.0397652072104296,0,0.0489485614352068,0,37.251
"100501",0,0,0.0378817885757672,0.0237837788882767,0,0.0357307697020411,0,37.251
"100502",0,0,0.0412907675131078,0.0274881914612807,0,0.0381891022345672,0,37.251
"100503",0,0,0.0446979263769191,0.0314310143824742,0,0.0413955438954937,0,37.251
"100504",0,0,0.0458790463567102,0.0334287296030987,0,0.0441101942341977,0,37.253
"100505",0,0,0.0333592643528426,0.0185166355549625,0,0.0339201953463372,0,37.252
"100506",0,0,0.0422226512974879,0.0300948954078954,0,0.0427224465996176,0,37.274
"100507",0,0,0.0661777385941004,0.0553290664210063,0,0.0638462670677515,0,37.272
"100508",0.027899217235487,0.0184851043344579,0.095681923353419,0.0837284202172363,0.0312415128699461,0.0871215403057431,0.0417509919820141,37.551
"100509",0.0281391990120671,0.0184357190156709,0.0959078880356095,0.0839267343653748,0.0313933936144811,0.0872603744387898,0.0478313042458902,37.537
"100510",0.0582659268690275,0.028511534645049,0.103405267710196,0.0914076850671628,0.060854466642602,0.0936067497875495,0.213569408157584,37.537
"100511",0.0147500158472949,0.012360543545127,0.0918287932759687,0.0798691175682035,0.0179073332425754,0.0837998758277104,0.056558105823725,37.537
"100512",0.0141638647171658,0.0106057706607799,0.0923119438131407,0.0801774254292802,0.0165614209130876,0.0837548015886274,0,37.537
"100513",0.034333219785576,0.0189394549948129,0.0993578620578345,0.0870922196954978,0.0363640549400996,0.0895424844269719,0.106213947492273,37.537
"100514",0,0,0.0796339032802078,0.0680146101864133,0,0.0740876663090989,0,37.537
"100515",0.00248496675300246,0.00292388155624945,0.0864598827815796,0.0744971593585144,0.00441907091205246,0.0791499389399895,0.105640338227852,37.537
"100516",0,0,0.053469586692627,0.0411244986332029,0,0.0503416232528032,0,37.545
"100517",0,0,0,0,0,0,0,37.537
"100518",0,0,0.0296148281092913,0.00801270329683976,0,0.025545868685735,0,37.537
"100519",0,0,0.0457780147503927,0.0323038417418901,0,0.0415507036614475,0,37.537
"100520",0,0,0.0469752878844687,0.0333105576773109,0,0.0416658318827422,0,37.537
"100521",0,0,0.0501979238013954,0.0373024567487101,0,0.0460113685870803,0,37.538
"100522",0,0,0.0394288436976965,0.0258402167731066,0,0.0382851064722469,0,37.537
"100523",0,0,0.0423093983943985,0.02973618814906,0,0.041922385903899,0,37.533
"100524",0.0106774875251615,0.0130109306018636,0.0881741822944509,0.0766209322201498,0.0150469143411537,0.0816770840591549,0.0579801698501709,37.821
"100525",0.0368264603552262,0.0213332406956425,0.0988612471431917,0.086783456168503,0.0397732008230879,0.0896162570055615,0.117911299179312,37.821
"100526",0.0781363025378513,0.0305507476527276,0.110430476223478,0.097801519802302,0.0765698778412763,0.0982646264585301,0.217163193420832,37.821
"100527",0.0559717048386107,0.0259194729056025,0.104766085694266,0.092400044612062,0.0570342542821419,0.0940218482653628,0.155598118556947,37.821
"100528",0.0363615806432797,0.01873152920894,0.100398485508587,0.0879696640822367,0.0375666670428984,0.0900897821865159,0.0393612664431367,37.821
"100529",0.0169930602374505,0.0106412619135951,0.0943530346642881,0.0820059459411674,0.0186747494944119,0.0850361949759718,0,37.821
"100530",0,0,0.0769171271846915,0.0636367518435227,0,0.0707439743655653,0,37.822
"100531",0,0,0.0638477178829272,0.049890341318095,0,0.0588701250007211,0,37.822
"100532",0,0,0.0691155603659014,0.0554779686614513,0,0.0637080588966623,0,37.823
"100533",0,0,0,0,0,0,0,37.821
"100534",0,0,0.0193316962774469,0,0,0,0,37.821
"100535",0,0,0.0346602456293696,0.00898223415928149,0,0.0272897285983302,0,37.821
"100536",0,0,0.0464773416553922,0.0300553394902404,0,0.0415130348408538,0,37.821
"100537",0,0,0.0475836038804859,0.03195287516393,0,0.0442600043855689,0,37.821
"100538",0,0,0.0413774203193428,0.0242681385417079,0,0.039838056816781,0,37.82
"100539",0,0,0.0360272747631541,0.01490025976993,0,0.0347458106570739,0,37.825
"100540",0,0,0.0543416764635268,0.0399181911355287,0,0.0516674105466214,0,37.825
"100541",0.00151759045604435,0.00695371159750614,0.0802259965991908,0.0678653127524091,0.00441814055555578,0.0753830761698357,0,37.829
"100542",0.0037217747330379,0.0054021900789802,0.087764128228027,0.0746807900742426,0.00629177671693081,0.0805006934004528,0.078931904180223,38.115
"100543",0.00584457375838562,0.00722097633195523,0.088333490129814,0.0753145998409421,0.00866925527158212,0.0809818086375331,0.0777041793147962,38.105
"100544",0.0141462146810933,0.0111845737653077,0.0926197221023498,0.079501174461195,0.0168695492874232,0.0841825266897717,0.0763090408797046,38.105
"100545",0.0316532992330132,0.0174667262689739,0.0991853485137787,0.0859188683378244,0.0333898289552245,0.0892177953785149,0.113294811878525,38.105
"100546",0.053311951104389,0.0243932139849626,0.104925476885185,0.0915967396532704,0.0538828715600646,0.0938977171366075,0.145199364117788,38.105
"100547",0.146358139783234,0.044546113549823,0.115869845487326,0.105155371858666,0.137478930962524,0.103556034967341,0.244426027040951,38.105
"100548",0.0743746109602963,0.0284855389166829,0.110097498601132,0.0965717622383779,0.0717707376805626,0.0976197480959869,0.0654922097017649,38.105
"100549",0,0,0.0778413749153818,0.0643264426150566,0,0.0704172137283503,0,38.105
"100550",0,0,0.0726666414990708,0.0590972972066257,0,0.0665603770248882,0,38.105
"100551",0,0,0.0573545201457357,0.0430027583104827,0,0.0533409323563256,0,38.102
"100552",0,0,0.0491037813175457,0.0343373687901422,0,0.0474357320527454,0,38.106
"100553",0,0,0.0382292582758794,0.0192237581490572,0,0.0357381651516505,0,38.106
"100554",0,0,0.0291670471072182,0,0,0.0179780946922717,0,38.105
"100555",0,0,0.0431213958872184,0.0251453893791083,0,0.0373529553704735,0,38.105
"100556",0,0,0.0486843566464156,0.0331806517014893,0,0.0451203642040515,0,38.105
"100557",0,0,0.0583614677763275,0.044173600095455,0,0.054272401507025,0,38.099
"100558",0,0,0.0179731667505677,0,0,0,0,38.076
"100559",0,0,0.0620938522614739,0.0491802765493439,0,0.0599489496995388,0,38.106
"100560",0.00270456285282959,0.00906936862558757,0.0808908713235113,0.0685700738800824,0.0063031937347854,0.0762021970710491,0,38.122
"100561",0.00223757660135437,0.00318571190375108,0.0861526242558153,0.0731191519555795,0.00426868907279852,0.0790308520042799,0.0763141869040162,38.35
"100562",0.000697125520601637,0,0.0865367951893839,0.0732751134395787,0.00188197641879948,0.0788640613460099,0.0758652444120133,38.387
"100563",0.00856993437415181,0.00702431454542169,0.0909183071557328,0.0777270093259535,0.0107119496993836,0.0825269976892638,0.0581406473263259,38.387
"100564",0.0268809471746876,0.0157304069209387,0.0976633457361892,0.0844355687399038,0.0288252645870693,0.0880024298283352,0.120073939718914,38.387
"100565",0.0395376857085761,0.0191398315713475,0.10188707861732,0.0885064861890308,0.0400784344306247,0.0911100774250279,0.108446582452931,38.387
"100566",0.0833533946627164,0.0314036715057972,0.111097756581119,0.0976814833502027,0.0806648688924207,0.0986708135131431,0.14483581822081,38.387
"100567",0.151288790927934,0.0437000931044712,0.115869845487326,0.105155371858666,0.139572855619892,0.103556034967341,0.285691349689568,38.387
"100568",0.0350882812888111,0.0145301190838775,0.102803826850841,0.0890512875108402,0.0336769916200811,0.0909680191069799,0,38.387
"100569",0,0,0.0835709497354939,0.0700844259449187,0,0.0754745841488281,0,38.387
"100570",0,0,0.079165942314832,0.0657746154548874,0,0.0722546685725362,0,38.387
"100571",0,0,0.0644030776885205,0.0509755848770208,0,0.0603799050140116,0,38.384
"100572",0,0,0.0727235163349658,0.0596010567012232,0,0.0677497927463816,0.0559035828103885,38.387
"100573",0,0,0.0453874003793093,0.0285291088812086,0,0.0409463170476599,0,38.387
"100574",0,0,0.0399579580995961,0.0204750047507768,0,0.034416655358007,0,38.387
"100575",0,0,0.0572750224105087,0.042490653895897,0,0.051805078594306,0,38.386
"100576",0,0,0.0727097444063891,0.0591613706771308,0,0.0666587120654498,0,38.398
"100577",0,0,0.0169395760316282,0,0,0,0,38.389
"100578",0,0,0.0487992665428841,0.0341714734232959,0,0.0474233110647382,0,38.401
"100579",0,0,0.06066368375983,0.0474653670163058,0,0.0581299647162086,0,38.387
"100580",0,0,0.0585865485641414,0.0456264134346653,0,0.0572694814907324,0,38.392
"100581",0.000315789084089255,0,0.0874001659972071,0.0739299593623555,0.000904873851334803,0.079051466398142,0.0519011013537454,38.666
"100582",0.00500734169049707,0.00446440533209967,0.0884788675838934,0.0753411967488339,0.00695832847325999,0.0805666343178641,0.0374306556154166,38.668
"100583",0.0211357683988296,0.012353220621513,0.0962225906142772,0.0829217520571057,0.0226136278592035,0.086528941978717,0.0965481976812069,38.668
"100584",0.0364977662224339,0.0176041936872483,0.101341451972197,0.0879376908000839,0.0368415505498472,0.0905243615022017,0.129666712592794,38.668
"100585",0.0387224912192798,0.0188601998585034,0.10144502510031,0.0881024469518386,0.0392556507959644,0.090760057453525,0.116247855294193,38.668
"100586",0.128768032865954,0.0399785571238276,0.115869845487326,0.105155371858666,0.120325761783316,0.103556034967341,0.307657911518004,38.668
"100587",0.06714750881343,0.023453013058956,0.111190566669735,0.0972623898785258,0.0622489474512286,0.0975979457527687,0.166246879109083,38.668
"100588",0.0149925197095548,0.00582647942128952,0.0961219921260743,0.0824513749318205,0.0148854809907226,0.0855384754240329,0,38.668
"100589",0,0,0.0778561443814244,0.0643281349648142,0,0.0706611546173622,0,38.668
"100590",0.000771460292466618,0,0.087528597464921,0.0740715856554277,0.00135034000916772,0.0790200241825218,0.00545089601897458,38.668
"100591",0,0,0.0617458449649983,0.0474771970502689,0,0.056659852589455,0,38.668
"100592",0,0,0.0741447466359761,0.0603238325541903,0,0.0672626651989727,0,38.668
"100593",0,0,0.0575239900712933,0.0425282659572415,0,0.0518609163902675,0,38.668
"100594",0,0,0.0660852981028643,0.0514081545774565,0,0.0587804688060866,0,38.669
"100595",0,0,0.0595023451418866,0.0448684976157761,0,0.0542896933682666,0,38.668
"100596",0,0,0,0,0,0,0,38.666
"100597",0,0,0.0302077158680063,0,0,0.0273541541543336,0,38.67
"100598",0,0,0,0,0,0,0,38.668
"100599",0,0,0.0569679601759376,0.0435898355988652,0,0.0552699198529099,0,38.663
"100600",0.0052196275782643,0.0001699376841026,0.0903881742654505,0.0769567875382763,0.00608025370721941,0.0813082472254541,0.0481332386641905,38.938
"100601",0.0188216629044128,0.00984053667302103,0.0964037432846551,0.0829570738485044,0.0196020473791067,0.0862855832937412,0.126212615445841,38.948
"100602",0.0260307420679624,0.0138693247706842,0.0981517052152844,0.0848044402942188,0.0269981680636314,0.0879609475820362,0.139625097027009,38.948
"100603",0.0230241940468753,0.0136308979949803,0.0963106869781311,0.0830885401785293,0.0246711952707817,0.0867464470642771,0.108700966706576,38.948
"100604",0.0297789557055422,0.016892465783461,0.0987057250335517,0.0854547553877366,0.0316096681635735,0.0888794462380431,0.116529704259833,38.948
"100605",0.0626938716078767,0.0244414546068488,0.108704698612748,0.095064715743537,0.0602484109698431,0.0962045635813378,0.124400623402098,38.948
"100606",0.0728299487428757,0.0264783402285401,0.110981047261888,0.0973545791414412,0.0689496857259348,0.0979439997650045,0.228758823600491,38.948
"100607",0,0,0.0659323475819681,0.0522312433212712,0,0.0606491621911844,0,38.948
"100608",0.0866069138197342,0.031080217421182,0.112651919316955,0.099027823511237,0.0824617558523861,0.0995567468419403,0.0219837103171958,38.948
"100609",0,0,0.0798318746905894,0.066199948057569,0,0.0721317456355728,0,38.948
"100610",0,0,0.0683386569903375,0.0545845377381959,0,0.0626371130900902,0,38.948
"100611",0,0,0.0534019180304166,0.0377786650205968,0,0.0480782181260474,0,38.948
"100612",0,0,0.0496753308549501,0.0317308238369202,0,0.0410816561190779,0,38.949
"100613",0,0,0.0615790647087497,0.0460876350707157,0,0.0538888617211541,0,38.963
"100614",0,0,0.0486221463758919,0.0313663993047044,0,0.0417853490082643,0,38.949
"100615",0,0,0.064446277435954,0.0510092359999057,0,0.0601090897245109,0,38.948
"100616",0,0,0,0,0,0,0,38.948
"100617",0.0124456919089483,0.00980806706125604,0.0913637281052412,0.0783943671988582,0.0148664474726721,0.0831010389585122,0.209672489489393,39.225
"100618",0.0139881054012636,0.00948419224928913,0.092947772352996,0.0798361825786895,0.0158599645573483,0.0840609162494897,0.252845980021073,39.227
"100619",0.0360821409171794,0.0189338822723143,0.0998670573249982,0.0867057792218439,0.0374777508906636,0.0898030751870638,0.17807087554933,39.227
"100620",0.0298717405362361,0.0167965906836562,0.0983446859376914,0.0851462894504117,0.0316170981867601,0.0885634102406978,0.116017764609245,39.227
"100621",0.0499228130673076,0.0220501769819561,0.104899397735787,0.0914462112660593,0.0495405237682684,0.0934774232282037,0.0889058712380764,39.227
"100622",0.0947817133386376,0.0322381716749083,0.114985619391312,0.101319310661274,0.0893487913165778,0.101309155702378,0.167028010707048,39.227
"100623",0.00506212745895633,0,0.0924028274876493,0.0786551506358519,0.00525570859141285,0.082420135102512,0,39.227
"100624",0.0322374494805194,0.0154327564903168,0.100808240260304,0.0872515494541414,0.0323478185179693,0.0898549829988014,0,39.227
"100625",0.0942271899759008,0.031874434386582,0.114916721438081,0.101133474034693,0.088437624908992,0.101084400700185,0.314848034172322,39.227
"100626",0,0,0.0796601989036799,0.066089282377206,0,0.0722005464740769,0,39.228
"100627",0,0,0,0,0,0,0,39.227
"100628",0,0,0.0675353220720718,0.0530310342788098,0,0.0610619348716894,0.00215513626669699,39.227
"100629",0,0,0.0678207962202239,0.0534781943818501,0,0.0613316250652006,0,39.227
"100630",0,0,0.0764154662865663,0.0626387099862301,0,0.0690010616302208,0,39.205
"100631",0,0,0.0422486708418373,0.0242304891535099,0,0.0372663184728494,0,39.226
"100632",0,0,0,0,0,0,0,39.222
"100633",0,0,0.0569011080630105,0.0426824087219009,0,0.0531999304184705,0,39.246
"100634",0.025733820254275,0.0141784199109984,0.0973022362927747,0.0841262200839991,0.0269933851158272,0.0874618508721214,0.241883563914979,39.476
"100635",0.0883755407633956,0.0308766068578237,0.11316324522884,0.0996154601400117,0.0836468230634501,0.0998962574160172,0.260319767427373,39.505
"100636",0.0657586966696941,0.0268967729575458,0.108057799344513,0.0946657515453434,0.0646333440045045,0.0962073580976762,0.17516220511304,39.505
"100637",0.0414621014475994,0.0205379419644693,0.102363422133464,0.0890324585879998,0.0425777172885683,0.0917515211626883,0.0945134193876111,39.505
"100638",0.103019536856444,0.0342012658950205,0.115869845487326,0.102887116569634,0.0968793228032887,0.102638218354891,0.0869699838492639,39.505
"100639",0.0227689492864321,0.00931820301075313,0.100906811363418,0.086990942472182,0.0222853706252307,0.0893548706448487,0.019517663728865,39.505
"100640",0.00452652814542662,0.00062889818423981,0.0908687477198469,0.0773522813460896,0.00569548303784463,0.0818838484260906,0,39.505
"100641",0.0520324917289469,0.0224762926558637,0.106154483900987,0.0925623344353953,0.0513664971145241,0.0943814119483334,0.194598133382496,39.505
"100642",0.0147209646135333,0.00635410604735005,0.0963073119188215,0.0826162197646446,0.0150069864775795,0.085839777494781,0.128881823363139,39.505
"100643",0,0,0.0576565397389843,0.0422263246797714,0,0.0514573695461439,0,39.505
"100644",0,0,0.0824023139151738,0.0688067544916219,0,0.0748319035722463,0.0449314759621432,39.505
"100645",0,0,0.0788397929798035,0.0653349241714313,0,0.0718052623379468,0,39.505
"100646",0,0,0.070787546523767,0.0569650526448982,0,0.0647937939135798,0,39.506
"100647",0,0,0.0488222431878769,0.0325841021730603,0,0.0441759789093046,0,39.51
"100648",0,0,0,0,0,0,0,39.516
"100649",0,0,0,0,0,0,0,39.509
"100650",0,0,0,0,0,0,0,39.505
"100651",0,0,0.0556803282328759,0.0411568811515417,0,0.0518049289587441,0,39.505
"100652",0,0,0.0605935584040869,0.0467427010320621,0,0.0566057129058883,0,39.507
"100653",0.115799077763898,0.0354975072524602,0.115869845487326,0.105155371858666,0.106701192870932,0.103556034967341,0.228000287973683,39.78
"100654",0.0734039395813935,0.0263014343059885,0.112153084702971,0.0983138435948351,0.0693424449623921,0.0987214720841638,0.120717915978575,39.781
"100655",0.0183874759240153,0.0118650986231584,0.095903278834755,0.0825990781049245,0.0205707675700075,0.0865136664024721,0.0829803122412884,39.781
"100656",0.0553909881973913,0.0219468808611488,0.108686107984923,0.0949283840409512,0.0535362479194931,0.0960877818882063,0.163260701529853,39.781
"100657",0.019473441755109,0.00720012350600359,0.100237239303433,0.0862952864668101,0.0189695340670232,0.088711751414816,0.0841449541142337,39.781
"100658",0.00314961907775005,0,0.0922143400195612,0.0784347697831696,0.00362449688269221,0.0824779070275416,0.0498704573790227,39.781
"100659",0.0429994684104287,0.018302930078122,0.105891721685778,0.0920688162306022,0.0420918719717593,0.0937690043946772,0.0724342973045775,39.781
"100660",0.0160503766099211,0.00576055220511598,0.0985072138710276,0.0846299445847883,0.0158607504429628,0.0873632807909352,0.0976462849089653,39.781
"100661",0,0,0.0864515465334632,0.0728067252501899,0,0.0777337945659207,0,39.781
"100662",0.0110535142770695,0.00357091402520858,0.0955342004601259,0.0817983975477863,0.0113423471329357,0.0851308682236714,0.003279501587782,39.781
"100663",0.0195793543172313,0.0101291590732857,0.0963267060873077,0.0828803739490482,0.0201463897931928,0.0861778279732499,0,39.781
"100664",0.00713462684897953,0.00186525552202815,0.0916607126669945,0.0781688944430613,0.0077979264826068,0.0822357457830616,0,39.781
"100665",0,0,0.0834213439894347,0.0698792411275826,0,0.0750570697136866,0,39.781
"100666",0,0,0.0634228580250292,0.0487805055645886,0,0.0562238106974969,0,39.781
"100667",0,0,0.0186125276192752,0,0,0,0,39.785
"100668",0,0,0,0,0,0,0,39.781
"100669",0,0,0.0483834082341604,0.0328194748732048,0,0.0454005714344649,0,39.781
"100670",0,0,0.0480328252648034,0.0329873244841114,0,0.0462994963296519,0,39.781
"100671",0,0,0.0575615610550629,0.0435802744147606,0,0.0539330170929369,0,39.791
"100672",0.0246055367067079,0.00989841803922488,0.100327361354587,0.0865654863882478,0.0237261650152771,0.0888544237626537,0.128388898636666,40.051
"100673",0.0356974450304668,0.0131826850405468,0.104892478026088,0.0909014711697305,0.0334911276379776,0.0922875706505498,0.0933278894674813,40.057
"100674",0.0075127226682024,0.00380962469174252,0.0925348648192765,0.0790789410693539,0.00896348137145086,0.0833234376659943,0.059290055612663,40.057
"100675",0.0244831988507847,0.00987055106351802,0.10195304550872,0.0880440858634852,0.023980966070082,0.0902108046186251,0.123498694927499,40.057
"100676",0.0722192524996188,0.0236428321112731,0.114278912442262,0.1001560190536,0.0663878353346888,0.0998552950293011,0.261545041126922,40.057
"100677",0,0,0.0874636427840874,0.0735519098405071,0,0.0781313577264219,0,40.057
"100678",0.0368331771408649,0.0155134246752674,0.10465875506884,0.0907775188123001,0.0358702103261008,0.0925769337363063,4.58294219616384e-05,40.057
"100679",0.0168651065418097,0.00720886927074514,0.0981190319288565,0.0843502379606976,0.0170955800442013,0.087280218561391,0.0518692376981206,40.057
"100680",0.00223673676163826,0,0.0904073533759827,0.0767330967142385,0.00248341463894415,0.0808808875123579,0,40.057
"100681",0.00897508953735979,0.00287438068752458,0.0935960656826583,0.0799975693440115,0.00957937086204757,0.0837155102388123,0,40.057
"100682",0.0149347282754517,0.00540415408391057,0.0962483795603391,0.0825491313124322,0.014694489695182,0.0855596013092389,0,40.057
"100683",0.0144751726299512,0.00600990689696315,0.0950552978714975,0.0815087231989992,0.0145760166177025,0.084782016138857,0,40.057
"100684",0.000589757610556581,0,0.0881810926118512,0.0745918972783668,0.000724685820047586,0.0791082262182412,0,40.057
"100685",0,0,0.0614730773196618,0.0471176271099719,0,0.055734547290923,0,40.057
"100686",0,0,0.0448929567043762,0.0268510871462681,0,0.0381868432727281,0,40.057
"100687",0,0,0,0,0,0,0,40.057
"100688",0,0,0.0452903039047205,0.0282790973375153,0,0.0400425777833047,0,40.057
"100689",0,0,0.040400503738508,0.0229107238357191,0,0.0379411399518179,0,40.057
"100690",0,0,0.0566009500467376,0.0420752641724636,0,0.0518358440594695,0,40.062
"100691",0.00882387160743685,0,0.0956872574447458,0.0818273120232698,0.00885998835882677,0.0850203013695245,0.0866817803298722,40.331
"100692",0.000701913838414919,0,0.0900972525707585,0.0763585299932227,0.00101523495126518,0.0807299744888022,0,40.331
"100693",0.0145262126589336,0.00635860926480705,0.0975197826427028,0.0837844187848003,0.0152024464701999,0.0869332404316931,0.0899896609745735,40.331
"100694",0.023970628116066,0.0116111072661456,0.100864525949709,0.0871566305613487,0.0247240627969178,0.0898444465780591,0.166703081749407,40.331
"100695",0,0,0.0838743958460138,0.0700361547476039,0,0.075471167203787,0.0834671265705327,40.331
"100696",0.0126762887697043,0.00574363297085859,0.0965585394221684,0.0828170138619194,0.0135258646270665,0.0862199336673886,0.0488969760789214,40.331
"100697",0.0138760897417961,0.0054499840817528,0.0966750288360649,0.0829387084544011,0.0141636402088448,0.0860851386528032,0.0161581669426808,40.331
"100698",0.00362930758174109,0,0.0912377846393489,0.0775642640210678,0.00390488695276791,0.0815509249677749,0,40.331
"100699",0.000859453773026469,0,0.0888519442621632,0.0752136209582301,0.00102815919603661,0.0796044141017426,0,40.331
"100700",0.0444856075744293,0.0179884347171896,0.104887816649644,0.0911728817672119,0.0425589857238207,0.0927550688522875,0,40.331
"100701",0.0562624947745116,0.0212425077038917,0.107934757471727,0.0941655465977839,0.0530677632253314,0.0951544288821051,0,40.331
"100702",0.00726501028154662,0.00180388344004179,0.0920493961576007,0.0785288696282257,0.00794269462620489,0.0825258637927792,0,40.331
"100703",0,0,0.0643414360973353,0.0501093778835799,0,0.0582833620055919,0,40.331
"100704",0,0,0.0634869377372667,0.0491183082034723,0,0.0579215536720872,0,40.331
"100705",0,0,0.0577193754733829,0.0426434784856044,0,0.0519412813010728,0,40.331
"100706",0,0,0.0467926419478351,0.0307287943137688,0,0.0426117229060251,0,40.331
"100707",0,0,0.0392937717975026,0.0203265556993654,0,0.0340289474372231,0,40.331
"100708",0,0,0.0423202049166954,0.0250926190579546,0,0.0381742841371232,0,40.323
"100709",0,0,0.0884522617164598,0.0746523973380917,0,0.0794013204775295,0.0396620905568996,40.605
"100710",0,0,0.0888910340636281,0.0751513874586886,0,0.0799120010724363,0.0305636752434939,40.605
"100711",0,0,0.0873610190593751,0.0736714193480335,0,0.0785652039197786,0.0553716059177879,40.605
"100712",0.0127894852175486,0.00629723831165297,0.0963490758317955,0.0826593526526293,0.0139204238775813,0.0861624578646727,0.0398629668575635,40.605
"100713",0.0323052977845568,0.0126072942288987,0.104894280571031,0.0908480680196521,0.0310531654049472,0.0924757125785037,0.140862824620297,40.605
"100714",0.0246511270798139,0.00861808220764145,0.102451580645607,0.0883928989682218,0.0233096014986501,0.0902690773820598,0.0799754547852658,40.605
"100715",0.0516376613415949,0.019770869159318,0.108273709663875,0.094368684380081,0.0490529292879278,0.0954145363627042,0.0644067033211344,40.605
"100716",0.0171037038608366,0.00652457042394272,0.0978796547746731,0.0841061006595885,0.016840374887202,0.0868856300927803,0,40.605
"100717",0,0,0.0862759952171078,0.0722550954337807,0,0.0765470568420444,0,40.605
"100718",0,0,0.0894855023590343,0.0755289203727649,0,0.0793172740257397,0,40.605
"100719",0.0556816322300093,0.0194889398797387,0.109073435946613,0.0951077040835774,0.0512930020436318,0.0956537162114949,0.016227349840997,40.605
"100720",0.0302116525134676,0.0109944012015286,0.102766949727899,0.0888352079292806,0.0281889069088515,0.0905108661058835,0,40.605
"100721",0,0,0.0874675242291826,0.0735703933247455,0,0.0779282063614012,0,40.605
"100722",0,0,0.0560612295727028,0.0399871681392463,0,0.0499060533631593,0,40.605
"100723",0,0,0.0558181639634377,0.0407605234227523,0,0.0508372762397945,0,40.605
"100724",0,0,0.0598982162697035,0.0457846608081818,0,0.0545736491447632,0,40.605
"100725",0,0,0.0446803363475122,0.0278128521229322,0,0.0384641115809905,0,40.605
"100726",0,0,0.0343263580430093,0.00911081139744845,0,0.0287557576624152,0,40.63
"100727",0,0,0.0769262655234797,0.0633585563935784,0,0.0697171871672492,0,40.658
"100728",0.00364842975928594,0,0.0937752037683189,0.0798175286504541,0.00373693325026953,0.0833962991847639,0.0586695840176674,40.877
"100729",0.00307868634258188,0,0.09444790728655,0.0803803135280346,0.00304112876534006,0.0838272804574975,0.0613842200188664,40.877
"100730",0,0,0.0889111768984827,0.0749999299443345,0,0.0794454592751779,0.0475710248584089,40.877
"100731",0.00216035152732006,0,0.0923898057819363,0.0784566600322364,0.00210406659547954,0.0821693017597435,0.0102189108701065,40.877
"100732",0.0203254441281099,0.00781027846583791,0.0999238119886248,0.0860456904475503,0.0198748107350639,0.0884909875382207,0.0674899289413598,40.877
"100733",0.0173243135013813,0.00358589849286117,0.100290122148239,0.086159912753198,0.0158879326528351,0.08823437762307,0.0205407375690686,40.877
"100734",0.0842825077438528,0.027392170982452,0.115461013412974,0.101332022821107,0.0773123920132667,0.100920199045932,0.0476210473957531,40.877
"100735",0.0288685254015122,0.0108014554882902,0.102433070106155,0.088509172757387,0.0271259309376871,0.0903215336217765,0,40.877
"100736",0.0240080604326964,0.00883928505278177,0.10053611448145,0.0866899259690398,0.0227427662164865,0.0888235419084702,0.0731641989018634,40.877
"100737",0.0109842825088308,0,0.0967895908611205,0.0828083103088707,0.010008703528868,0.0854529812336546,0.014850045843905,40.877
"100738",0.0307881936492704,0.0112630978862142,0.102325802504209,0.0884596014625864,0.0286383070979417,0.0901548215205339,0,40.877
"100739",0.0139105137539831,0.00413661444432328,0.095978834982005,0.0822613056875734,0.0134808342886225,0.0852044956225798,0,40.877
"100740",0.00915683609255282,0.00325005134483059,0.0936384425007911,0.0800275435164162,0.00981354126345331,0.0837876502590388,0,40.877
"100741",0,0,0.076322386602371,0.0619171730818778,0,0.0684594004541391,0,40.877
"100742",0,0,0.0763674323327807,0.0625456255913586,0,0.0690695374874598,0.0508628982059096,40.877
"100743",0,0,0.0791175004961644,0.065506384836782,0,0.0710779911048942,0,40.877
"100744",0,0,0.0751160398234768,0.0614180850187101,0,0.0672845075341067,0,40.877
"100745",0,0,0.0722629863676473,0.0586276624234804,0,0.0651107451641634,0,40.877
"100746",0.00479889278717456,0.00310396857963419,0.0888022357674622,0.0755721927649288,0.00628403241790468,0.0805583537367353,0,40.874
"100747",0.0260110855929151,0.0153595613647203,0.0976682522672199,0.0843633232198267,0.0277650496653778,0.0879535403966979,0,40.83
"100748",0,0,0.0735706106340618,0.0598194750076631,0,0.0670728301520688,0,40.847
"100749",0,0,0.0636351479900212,0.0496543665511519,0,0.0585226063451023,0,40.875
"100750",0.0164538724141776,0.00530635687175871,0.0996966945088911,0.085710335311611,0.0161427315207515,0.0882291424056212,0.120149783737215,41.148
"100751",0.0107244269942497,0.000672508463993229,0.0972760751426255,0.083290787528735,0.010477468102874,0.086163237021043,0.0684147529945016,41.148
"100752",0.0193893659535167,0.00561154712827671,0.100883483381125,0.0868138916534748,0.0182086425307199,0.0889001045942776,0.0924051933154778,41.148
"100753",0.0200543343787185,0.00566757445146404,0.100982834515925,0.086904268519444,0.0186432317861701,0.0889082651478739,0.0590220493148376,41.148
"100754",0.01749571661278,0.00632966221809213,0.098596321980753,0.0847460824232043,0.0171166632751109,0.0873875969428321,0.0357721328635304,41.148
"100755",0.0303723530304991,0.0133723887847229,0.101877120324729,0.088154734169651,0.0299067563673573,0.0904031264761369,0.0917884211729286,41.148
"100756",0.0432865270066717,0.0164292485729379,0.106282853063171,0.0923632524444928,0.0407739804227823,0.0935885467751918,0.0892370622703119,41.148
"100757",0.0319909079306243,0.0132612754975399,0.102338823882267,0.0885728758071432,0.030821805221687,0.090573170873137,0.0382406269563991,41.148
"100758",0.0311238219136358,0.012202523642996,0.102245826158373,0.088442339828954,0.0295436535434988,0.0903165617482814,0.0542380793856638,41.148
"100759",0.0708786049121752,0.0240928682790543,0.111800920294311,0.0978837093061914,0.0653293067784166,0.0980099409046844,0.0765047465778889,41.148
"100760",0.0717765554343657,0.0249846028689552,0.111400069950787,0.0975707400169231,0.0667009062321944,0.0978647647124693,0.042520862424993,41.148
"100761",0.0268417332936116,0.0120488617435605,0.0999229195957,0.0863096459401092,0.0264892191796265,0.0888235146855342,0.0493889352145881,41.148
"100762",0.000177644794448441,0,0.0876696548013922,0.0740886964667601,0.000332626117671106,0.0787930653168671,0,41.148
"100763",0.0152203486612026,0.00636987598502965,0.0972787164084869,0.0835153066416596,0.0154537886800309,0.086592288137153,0.0747440238859226,41.148
"100764",0.014317219273043,0.00403665843747948,0.0974896464258543,0.0836184484815055,0.0138325522269796,0.0863832157252823,0.155230765633813,41.148
"100765",0,0,0.0841544628921341,0.0705762228646088,0,0.0755565873737341,0,41.148
"100766",0,0,0.067702626151375,0.0539772823811137,0,0.0610329169868774,0,41.148
"100767",0,0,0.08105382526471,0.0676996596428575,0,0.0728306348445438,0,41.148
"100768",0,0,0.0628760801444198,0.0489834502325655,0,0.057449791069559,0,41.148
"100769",0,0,0.0641250738179915,0.0498565596022078,0,0.0579120722389426,0,41.17
"100770",0.0242135529088688,0.0101298812587173,0.101036927116158,0.0871992655092708,0.0238743550544015,0.0895344192536701,0.132159818135512,41.418
"100771",0.0322342733229912,0.0116555003836528,0.104667014576613,0.0905986396792531,0.0302483866095348,0.0920516409516539,0.122515459509802,41.418
"100772",0.0340622736151514,0.0114195241966927,0.105573007037683,0.091421255173572,0.0312899541080979,0.0925655750694476,0.115694227803862,41.418
"100773",0.0484007325729217,0.0156733322442898,0.109704523913134,0.0954266039529191,0.0437480093124079,0.0957488676887372,0.114176363013075,41.418
"100774",0.0392700126119147,0.0133433009772587,0.106505723875107,0.0923785848248943,0.0359370292888522,0.0933159882857438,0.0884747780310405,41.418
"100775",0.0360679787692201,0.0112658300248249,0.105828812423904,0.0916525521424018,0.0323688103097317,0.0925365842935574,0.0714441247659759,41.418
"100776",0.0404436712368762,0.0131247447338331,0.107315149455736,0.0931128696234944,0.0365888395141938,0.0938270150031739,0.0949462496899039,41.418
"100777",0.0466001517947302,0.0158558861614425,0.108093604222441,0.0939870786462118,0.0425680430849069,0.094629079356952,0.0944844468519341,41.418
"100778",0.0890829967480971,0.0282934387692999,0.115454576395479,0.101517845140774,0.0814931955774701,0.100940770016809,0.206624294837103,41.418
"100779",0.158060142712326,0.0427904832054984,0.115869845487326,0.105155371858666,0.142769805166483,0.103556034967341,0.155594004451783,41.418
"100780",0.138988424783281,0.0393188546899515,0.115869845487326,0.105155371858666,0.126207981755178,0.103556034967341,0.231221673788693,41.418
"100781",0.0896282767667158,0.0311761742535693,0.113485165483682,0.0999191965767137,0.0847786678967804,0.100156316495699,0.226681011224785,41.418
"100782",0.00943586962134522,0.00385193837297778,0.0931741609211919,0.0796769817700574,0.0102276985699188,0.0835238913654822,0.0586891777182669,41.418
"100783",0.000300132499938918,0,0.0884345198904093,0.0747735187528493,0.000343978745672178,0.0792317700140461,0.0178409227302645,41.418
"100784",0.00134512692443815,0,0.0915190506146618,0.0774939387227842,0.000536498448503871,0.0807383497868008,0,41.418
"100785",0.00678705685624925,0,0.0922184087432871,0.078574584481441,0.00638530201257794,0.0820175523991075,0,41.418
"100786",0,0,0.0648061694437001,0.0511117044974217,0,0.0586468267298891,0,41.418
"100787",0,0,0.0649089902940319,0.0512257486043394,0,0.0584921390700472,0,41.418
"100788",0,0,0.0603833004096708,0.0462026020575612,0,0.0543310379130795,0,41.418
"100789",0,0,0.0831179054184485,0.0693822408476801,0,0.0742902259608092,0,41.418
"100790",0,0,0.0766042655154132,0.0626624533880139,0,0.0687724424346083,0,41.418
"100791",0,0,0.0816417263227674,0.0679253394185356,0,0.0736321475554539,0,41.418
"100792",0,0,0.0696885310777145,0.0560748269033787,0,0.0638201233293806,0,41.42
"100793",0,0,0.0151991963648815,0,0,0,0,41.435
"100794",0,0,0.0544017914897114,0.0399244703906402,0,0.0502800697928953,0,41.451
"100795",0.0398915560335414,0.0151485077120498,0.105962446620885,0.0920242561077087,0.0378290627844236,0.0933196752991938,0.173990742247902,41.687
"100796",0.0465137748132279,0.0176049331839801,0.107669719704257,0.0936936143694855,0.0440123650572986,0.0947611381281639,0.148262911105621,41.687
"100797",0.0369697229872937,0.0121724078242863,0.106495157596314,0.0923006870478457,0.0336923862363346,0.093231252200349,0.100825152684074,41.687
"100798",0.0451372062587281,0.0134313206335635,0.109457487232998,0.0950612849949985,0.0398933732798817,0.0952553857229128,0.0563850238845656,41.687
"100799",0.0508109798203554,0.0167969961941293,0.109197943693273,0.0950517355374308,0.0460441401407248,0.0954297544997076,0.115007011299492,41.687
"100800",0.0897546497958405,0.0284254950102642,0.115656738653381,0.101724224322558,0.0821092288710832,0.101109777037002,0.26118927084585,41.687
"100801",0.0505398465388529,0.0179210821813394,0.108214531707291,0.0942434163610234,0.046759325478629,0.0949647051017038,0.144740858049153,41.687
"100802",0.079781642307262,0.0263874354245208,0.114084171495569,0.10013303500555,0.0736257595418263,0.0999056864285971,0.21922409080061,41.687
"100803",0.0604681609007827,0.0218203733779812,0.109262553616264,0.0954437945749019,0.0565010049499922,0.0960964323393726,0.113088744784788,41.687
"100804",0.158780119493634,0.0433993855025554,0.115869845487326,0.105155371858666,0.144016317685957,0.103556034967341,0.14503897341787,41.687
"100805",0.0710090225584486,0.0250568592029342,0.110954667801206,0.0971938770035777,0.0663093658219261,0.0975892299138601,0.0813678582150345,41.687
"100806",0.00741020361981202,0,0.0936911316780286,0.0799123615155394,0.00690356889995959,0.0830958351655224,0,41.687
"100807",0.00589772485266245,0,0.0933777601486524,0.0795664912934686,0.00557763958427634,0.0829103921356362,0.0219136763431206,41.687
"100808",0.003953445959264,0,0.0921270066661965,0.0783148394841816,0.00360837266214129,0.0818348460262399,0,41.687
"100809",0.00303572366354718,0,0.092025470722859,0.0780958772348523,0.00215967322525888,0.0812937011520149,0,41.687
"100810",0,0,0.0850566751644981,0.0713814248896624,0,0.0758129808631368,0,41.687
"100811",0,0,0.0809464333337979,0.0674384172487315,0,0.0727111424555617,0,41.687
"100812",0,0,0.0781042277108683,0.0643015646882333,0,0.0697167807017464,0,41.687
"100813",0,0,0.0679316634015565,0.0536148887279453,0,0.0599910386394799,0,41.687
"100814",0,0,0.0753610871685817,0.0615257357963228,0,0.0676512908320608,0,41.687
"100815",0,0,0.0818433007231344,0.0678664105293394,0,0.0731241521493562,0,41.687
"100816",0,0,0.0782467020097248,0.0641150824744531,0,0.0699666065690133,0,41.687
"100817",0,0,0.0484542849132916,0.0325135933993275,0,0.042926618551945,0,41.687
"100818",0,0,0.0343714716541813,0.0107124817470682,0,0.0304099415396683,0,41.687
"100819",0,0,0.0309064722760868,0,0,0.0245092151177927,0,41.687
"100820",0,0,0.0462531732212357,0.0309020941722577,0,0.0440658480607072,0,41.703
"100821",0,0,0.0683457773919584,0.0552706449300746,0,0.0637640400859021,0,41.703
"100822",0,0,0.0727679120682544,0.0594868797414128,0,0.0670884018075677,0,41.693
"100823",0.0453670285549268,0.0187191606213318,0.105534342840947,0.0918537104759513,0.0439813921201393,0.0934580385839215,0.152807974553015,41.941
"100824",0.0509137254048337,0.0195699277228121,0.108030088893833,0.0941582625114078,0.0484518618691686,0.0952352434694058,0.139841562215583,41.955
"100825",0.0271957210513239,0.00923579414724989,0.103176519828657,0.0890916952796315,0.0252966351273697,0.0907335367029657,0.0599782257792995,41.955
"100826",0.0186820895655565,0.00484125831962461,0.100057860283482,0.0860146146866606,0.0172398001066232,0.088123322529272,0.029421103584713,41.955
"100827",0.0368350884073605,0.0143330482533422,0.104092995129529,0.09024328346595,0.0348582778182249,0.091823078579344,0.0884969019856335,41.955
"100828",0.0290517614738047,0.0124820695580876,0.100719426016997,0.0870599998618409,0.0282748226343297,0.0893469923675747,0.0731425014327384,41.955
"100829",0.0463410942085909,0.0190615333370546,0.104941188410589,0.0913444862802024,0.0447410465208447,0.0929829811364388,0.152197055383921,41.955
"100830",0.0379207157637008,0.0169446602044457,0.102270137006989,0.0887574378289072,0.037375604280137,0.0909659994124364,0.101522642337153,41.955
"100831",0.0233173191086418,0.00969978495964556,0.0987528637848469,0.0851120586310198,0.0226752546326196,0.0876356569930643,0.00726095294859442,41.955
"100832",0.0532685208386497,0.0222361766974937,0.10542388516723,0.0919858850623448,0.0519267669856622,0.093691749470076,0.071423929553477,41.955
"100833",0.0247750660713961,0.0107255796859024,0.0990779656726177,0.0855098735308026,0.0241956304585006,0.088003027861132,0.00867231298677319,41.955
"100834",0.000426831354386268,0,0.0893991374153637,0.0755837452542344,4.57230727767779e-05,0.0793209053492287,0,41.955
"100835",0.00674682114776094,0,0.0934370428885397,0.0796689580333729,0.00641863418723948,0.082986012421673,0.0171851818009372,41.955
"100836",0.001765155583795,0,0.0901645014775188,0.0764263579128374,0.00159668154419544,0.0803439854762333,0,41.955
"100837",0.00542881035098751,0,0.0925274450147677,0.0787284828485711,0.00471420835263026,0.0819603639007716,0,41.955
"100838",0.0259651397947689,0.00876661326934865,0.100888188773851,0.0870153861562207,0.023893487007615,0.0888550791405778,0,41.955
"100839",0.0381702965855527,0.0141088318262794,0.103923255191404,0.0900980958538314,0.0353681749110506,0.0914802670259465,0,41.955
"100840",0.024899158621445,0.00778728935000875,0.101748437170325,0.0877672262532145,0.0227157378843027,0.0894604215396105,0.0162788639896653,41.955
"100841",0,0,0.0764006998058082,0.0621007405875677,0,0.0671615293051311,0,41.955
"100842",0,0,0.0804289441285125,0.0667103982989889,0,0.0719394487023554,0,41.955
"100843",0.0140415606552859,0.00313343230667706,0.0977202709912272,0.0837753002922057,0.0131772176444364,0.0864235213099748,0,41.955
"100844",0,0,0.0642463584449636,0.0497371518930118,0,0.0582468451714022,0,41.955
"100845",0,0,0.0482766389273069,0.0322473969397877,0,0.0428800438030572,0,41.955
"100846",0,0,0.0705278848284589,0.0572563959583294,0,0.0646133531354549,0,41.955
"100847",0,0,0.0486074425074011,0.0329568940347971,0,0.0448530303145712,0,41.955
"100848",0,0,0,0,0,0,0,41.955
"100849",0,0,0.0585553396326669,0.0442034040654592,0,0.053285891662326,0,41.955
"100850",0.0267141741484069,0.01144470139016,0.101342828555672,0.0874895258826962,0.0252799952845251,0.0894834039516402,0.070346382409607,42.214
"100851",0.0471787443100249,0.0192591466766785,0.106291052159515,0.0925228322570082,0.044620088287266,0.0937520224681004,0.170766952035031,42.221
"100852",0.0462986095883038,0.0189199981405031,0.106110715854945,0.0923228633113398,0.0437341546854187,0.0935696621196571,0.151602758764017,42.221
"100853",0.0477640857145499,0.0199590300654774,0.105674587499017,0.0920039296140608,0.0455512619537436,0.0934041363077214,0.157719029835457,42.221
"100854",0.0409928120558749,0.0184937040925446,0.103173445338882,0.08964550330117,0.0398661500194492,0.0915816448328687,0.150693714334577,42.221
"100855",0.0213589623379678,0.0123175814701329,0.0962383362107223,0.0829059568949942,0.0221329645932553,0.0862337868150598,0.0608910761851932,42.221
"100856",0.00855406806681871,0.00306404977939928,0.0923855350692082,0.0788652387916926,0.00872193323388527,0.0824879779129285,0,42.221
"100857",0.0150526030138108,0.00715589286300445,0.0956461520779669,0.0820818515001422,0.014972019042176,0.0851483910726213,0.043382987779314,42.221
"100858",0.0200562595442609,0.00715653597697956,0.0997708299702479,0.0858990827615236,0.0183812734421395,0.0878915249223475,0.120870839267239,42.221
"100859",0.00272640035262694,0,0.0923478045002722,0.0784313911245361,0.00198876601748949,0.081646917124002,0.0592037857687356,42.221
"100860",0,0,0.0854790706199879,0.071500348692576,0,0.0756113298313309,0,42.221
"100861",0.00125795654903808,0,0.0883591883653582,0.0748068765203136,0.00132624354378326,0.0791369177882295,0,42.221
"100862",0.0152689522211202,0.00622263633047382,0.0964146651353848,0.0827015859600089,0.0145806675546965,0.0854854423872321,0.00679153321032884,42.221
"100863",0.0235272982543281,0.00892702923670035,0.100246770468555,0.0863574700992674,0.0215016811950641,0.0882598204186016,0.0105067539150165,42.221
"100864",0.00507281933960668,0,0.0913998961035366,0.0777276353198198,0.00437152805400192,0.0810592785830654,0,42.221
"100865",0.0397789546459818,0.0154535065689603,0.10600014993575,0.0919875175761653,0.0366184521631275,0.0930331540350496,0.0491532596569944,42.221
"100866",0,0,0.0689747423068665,0.0547522186630024,0,0.061459091318904,0,42.221
"100867",0,0,0.0848237262995236,0.0705381619263654,0,0.074788092147185,0,42.221
"100868",0.000360267807033171,0,0.0899786293249452,0.0760786090586889,9.07338873725371e-05,0.0800011767412038,0,42.221
"100869",0,0,0.0758689371235667,0.0618783480374644,0,0.0679936938927971,0,42.221
"100870",0,0,0.0819681384917193,0.0684364856619408,0,0.0739643795234155,0,42.221
"100871",0,0,0.0630207027062168,0.0491470104673146,0,0.0580652841438314,0,42.221
"100872",0,0,0.0383313605478703,0.018137292410277,0,0.0333572727661592,0,42.221
"100873",0,0,0.0518570968493655,0.0359899212891224,0,0.0465923702267986,0,42.221
"100874",0,0,0.0576836615519266,0.0427748577352369,0,0.0523116764416185,0,42.193
"100875",0.0260667651321552,0.0123141544840975,0.0997056057313396,0.0861045395179134,0.0253992621070931,0.0885128957964832,0.140148189895489,42.461
"100876",0.0369015660563607,0.0163638955577863,0.102774417123918,0.089164277828853,0.0354863303966152,0.0910344098150575,0.172662298799953,42.487
"100877",0.0617012386662163,0.0229630707273985,0.10929730865023,0.09552555544645,0.0573213104522836,0.0960739928114115,0.215224202152233,42.487
"100878",0.0285421487619239,0.0126610774564039,0.100556646575965,0.0868818107951903,0.0272690565670127,0.0889964235469722,0.10646610419652,42.487
"100879",0.0106102472001113,0.00296715316410032,0.0942239870551554,0.0805490226039505,0.0101648902009077,0.0836437707744787,0.0222220578992923,42.487
"100880",0.0259086666564004,0.0106415215923641,0.100448521211958,0.0866694326204772,0.0242667357105319,0.0886422011717803,0.0983623069644156,42.487
"100881",8.80867814980282e-05,0,0.0889373749783318,0.0751042055026791,0,0.0788377696201982,0,42.487
"100882",0,0,0.0861957077444024,0.0721885974486358,0,0.0761541100315496,0,42.487
"100883",0,0,0.0903997703830349,0.0763875405863068,0,0.0798730765319636,0.0789122052389388,42.487
"100884",0.0113459400821806,0.00412956942624526,0.0950998426575657,0.0814067727090021,0.0110667637538238,0.0845125032337652,0.0744211506222012,42.487
"100885",0.0125912053500391,0.00591888456201738,0.0946667990377209,0.0810841468806448,0.0126237252523947,0.0843717996349128,0.0247796039681296,42.487
"100886",0.00594320545125193,0,0.0920153724282659,0.0783343308947734,0.00552707459175177,0.081772755003907,0,42.487
"100887",0.0108155444198349,0.0052542175485558,0.0931437067421843,0.0796595830562138,0.011051978895651,0.0832287144651144,0,42.487
"100888",0.00525826377228613,0,0.0911151364177282,0.0775231672527757,0.00503951757568103,0.0811702379649715,0,42.487
"100889",0.00199251304046267,0,0.0900246522018474,0.0763112136319844,0.00123889630122998,0.0797262181614248,0,42.487
"100890",0,0,0.0717694588724078,0.0574972830277266,0,0.063609573200414,0,42.487
"100891",0,0,0.0889811253000327,0.0748178447858862,0,0.0786092780293763,0,42.487
"100892",0.0118031899730653,0.00444911890495684,0.0966036408486314,0.0826871485421668,0.0114592572945333,0.0857021223142655,0,42.487
"100893",0.00442842856327939,0,0.0939742996261289,0.0799490766008899,0.0038958501881942,0.0831755206199618,0,42.487
"100894",0.000831481311035248,0,0.090603121993588,0.0766886047292908,0.000681867571626414,0.0806724760573469,0,42.487
"100895",0,0,0.0706434600147508,0.0567266627627484,0,0.0641893466167937,0,42.487
"100896",0,0,0.0586966350761132,0.044640893622659,0,0.0546331784273244,0,42.487
"100897",0,0,0.0867570842140515,0.0731672815904801,0,0.0781063020693276,0,42.487
"100898",0,0,0.0684870472145916,0.0544468920351066,0,0.062420276342111,0,42.515
"100899",0.0257887107011486,0.0100502182085546,0.100821992536752,0.0869995798770937,0.023745707413247,0.0888274261355329,0.161234173095961,42.736
"100900",0.0392966569044358,0.0155304562496584,0.104308601929372,0.0905023973700432,0.0363687903070327,0.0917826008104726,0.167863634699403,42.751
"100901",0.0255972446781743,0.0102075183250873,0.10037056907695,0.0865726865775954,0.0237712622603373,0.08849768063421,0.111373694596848,42.751
"100902",0,0,0.0857120618296081,0.0719701204519242,0,0.0762508766641487,0,42.751
"100903",0.0113138432701018,0.00305463058206516,0.094767078231785,0.0810645556055348,0.0106942973186432,0.084009428809663,0.0450518463464385,42.751
"100904",0,0,0.0835462046440352,0.0698397961002549,0,0.0745345252813811,0,42.751
"100905",0,0,0.0779527151121853,0.0640135531632871,0,0.0694339995026367,0,42.751
"100906",0.00558090289270119,0,0.0950576389783077,0.0809739225836261,0.00423059405761674,0.0835829384810517,0.0886189917539978,42.751
"100907",0.0180166358406314,0.00552674809632612,0.0994832989348497,0.0854721397432499,0.0161757192890823,0.087483322206766,0.0597766678860069,42.751
"100908",0.0142724286945765,0.0049854082166352,0.0965562212669862,0.0827606263481248,0.01337016914471,0.085440118970149,0,42.751
"100909",0.00809406464887464,0.00240168165438286,0.0921036037948229,0.0785723579667207,0.00809947913855192,0.0821854595667347,0,42.751
"100910",0.0209661924325743,0.00983200842535506,0.0977836928711526,0.084160257219911,0.020302108798603,0.0868013473928175,0.0172373470858938,42.751
"100911",0,0,0.0832206749461343,0.0697136157982616,0,0.0745216032452882,0,42.751
"100912",0,0,0.0760693171412814,0.0624714226592078,0,0.0679994674042337,0,42.751
"100913",9.85113744739558e-05,0,0.0891955283473699,0.075304308965692,0,0.0787872840777135,0,42.751
"100914",0.00168716526273125,0,0.0908749545690556,0.0769900539215989,0.00127193388064089,0.0807098284311117,0,42.751
"100915",0.0218725189834158,0.00867178245003586,0.100454008799143,0.086443112775589,0.0202201945976643,0.0885592679052698,0,42.751
"100916",0.00111767205493614,0,0.0926475416919868,0.0784177881862096,0.000173808424610183,0.0813997231906315,0,42.751
"100917",0.0607714818309053,0.023761412466151,0.108690774304723,0.0948860092375474,0.0572892790337464,0.0958038847177061,0,42.751
"100918",0,0,0.0702435357909616,0.0558853350295226,0,0.0629599315435875,0,42.751
"100919",0,0,0.0622866431693739,0.0476899038576993,0,0.0562596252250944,0,42.751
"100920",0,0,0.0763221414012716,0.0624607792195686,0,0.0686444767906206,0,42.751
"100921",0.000357118749144338,0,0.0888116368615256,0.0751105040379477,0.000525120326308188,0.0796536554575564,0,42.745
"100923",0.000601163956184237,0,0.0875768982277362,0.0740031777958086,0.000378202267066951,0.0781713747849103,0.00669746227377541,43.015
"100924",0.00165365820385168,0,0.0887832892626905,0.0751784567909782,0.00138052321089981,0.0791121935116503,0.0130317924769885,43.015
"100925",0.000862107132283895,0,0.0889238246024952,0.0751825995967244,0.000399480978915358,0.0789131528398828,0,43.015
"100926",0,0,0.0863175027917907,0.0726279919053541,0,0.0767791238018642,0,43.015
"100927",0,0,0.0833053494160314,0.069628668354067,0,0.0743456873302471,0,43.015
"100928",0,0,0.0854401063056373,0.0715429164856541,0,0.0757562704410173,0,43.015
"100929",0.00448410381513995,0,0.0944752618671602,0.0803786640068973,0.00333916652738187,0.083152492361806,0.0473789729676646,43.015
"100930",0.000580101547053291,0,0.0915615165315185,0.0774394053208671,0,0.0805874739454182,0,43.015
"100931",0.0119408718696437,0,0.0973708881097158,0.0832995121259862,0.0101493111098614,0.0855188520431255,0,43.015
"100932",0.0152356991045132,0.00259795028913724,0.0983322116482942,0.0842820773465314,0.0130437980737997,0.0862656828082187,0,43.015
"100933",0.0224151754427823,0.00884516194734927,0.0994539762468187,0.0856280721391958,0.0207144995829596,0.0877215456043152,0.0212528235831058,43.015
"100934",0.0143607670639813,0.00298228801641899,0.0970688228923168,0.0831542015957378,0.0125553495395218,0.085410607096544,0,43.015
"100935",0.00718062841341378,0,0.0938084979220955,0.0799378205631497,0.00602974362547666,0.0827940398064878,0,43.015
"100936",0,0,0.087543361749021,0.0738479616309916,0,0.0781756982703436,0,43.015
"100937",0.00331283119844006,0,0.0932058900515581,0.0791354260457923,0.00234670067777755,0.0821976389260441,0,43.015
"100938",0.0786535985462184,0.0240767631433667,0.115869845487326,0.102267374667015,0.0690087381101148,0.101108104949685,0.105663488450658,43.015
"100939",0.00361212782432279,0,0.095118346099546,0.0807574983458163,0.00148933015066244,0.0828363378805241,0,43.015
"100940",0.00716377825040744,0,0.0924511234926845,0.0788138078756628,0.0068222593407191,0.0822121998169438,0,43.015
"100941",0,0,0.0759729989086073,0.0620092017248192,0,0.068047446968307,0,43.015
"100942",0,0,0.0766226466667452,0.0624154836286967,0,0.0681721281315348,0,43.015
"100943",0,0,0.0749475598514492,0.0610552094516548,0,0.0676035194677911,0,43.015
"100944",0,0,0.0777511176572193,0.0633903977457627,0,0.0690539208082413,0,43.019
"100945",0,0,0.0691230749020738,0.0553339354668671,0,0.0618632618736326,0,43.232
"100946",0,0,0.0832929612697089,0.0697024578717957,0,0.0744343343430405,0,43.258
"100947",0.00422444167038752,0,0.0905537198297068,0.076960672662022,0.00386218168627582,0.0805753483436956,0.0530381302110346,43.258
"100948",0.00281495286088625,0,0.090878048620893,0.0770742923826725,0.00198603505766617,0.0803690612236127,0.0110920909911763,43.236
"100949",0.00201791632627505,0,0.0898132924823101,0.0761266536797723,0.00162692916776479,0.079863784243987,0.0153390051372959,43.214
"100950",0.00188684705913166,0,0.0906819007215488,0.0768332380943123,0.0011966620566094,0.0802631501894651,0,43.259
"100951",0.0123588158346509,0.00169091057850644,0.096953242168807,0.0829928582426988,0.0108996923445314,0.0853899084805426,0.0509285399835085,43.277
"100952",0.0215765706536065,0.00742237944889398,0.100427438278439,0.0864356710236367,0.0194542691790786,0.0882689939549093,0.066149570089886,43.277
"100953",0.0202554597147778,0.00677977803687064,0.0998571211584092,0.0858699424910468,0.0182201311563941,0.0877909306285237,0.0200727043958303,43.277
"100954",0.0431180762331326,0.0160355656641939,0.106204866699656,0.092207173035838,0.0391532310690059,0.0930574066539016,0.0688596603280684,43.277
"100955",0.0553751268125332,0.0190636115596761,0.109081403388372,0.095020307391711,0.049414676567524,0.0951860705788316,0.0369652253221067,43.277
"100956",0.0851053732513801,0.0264930654998739,0.115582505660392,0.101397030818849,0.0754509142593837,0.100388825533561,0.117849521406896,43.277
"100957",0.0544802077251635,0.0190026523693248,0.109279216551691,0.0951860538222158,0.0488698194532766,0.0954069219268403,0.0871098285616894,43.277
"100958",0.0216128439529087,0.00818873305139759,0.0999972817477085,0.0860595090733019,0.0198455690450534,0.0880833998538295,0.0436306634081885,43.277
"100959",0.00729836371961555,0,0.0971213560466713,0.0828027121888015,0.00548692082178007,0.0850416615164103,0.0377417012250016,43.277
"100960",0.0690128777155072,0.022224980121166,0.114979740779364,0.100522221472231,0.0613088595643518,0.0998159044901669,0.179473192050589,43.277
"100961",0,0,0.0858836271715347,0.0717595308205805,0,0.075203232483666,0,43.277
"100962",0.00127457994684693,0,0.0893119089511933,0.0755986191376043,0.000631811284193244,0.0791593454804692,0,43.277
"100963",0.00120914093447423,0,0.0902205403892257,0.0764039588081078,0.000858644877969827,0.0801894963299802,0,43.277
"100964",0,0,0.090817007966214,0.0766316360101473,0,0.0800446892769359,0,43.277
"100965",0,0,0.0745793665543694,0.0607670135503532,0,0.0672878582728286,0,43.277
"100966",0,0,0.0606424006697527,0.0455543834135152,0,0.0540201433203377,0,43.277
"100967",0,0,0.083335241103077,0.0694999766016095,0,0.0745030921718744,0,43.3
"100968",0.00299016669867396,0,0.0903841105956547,0.0766720491677602,0.0024551973966267,0.0802522557666422,0,43.489
"100969",0.065847096511908,0.0227245780087383,0.111175692703257,0.0971818413830918,0.0595921880361017,0.0971514486132868,0.175163146147368,43.538
"100970",0.106595048674801,0.0307935103851334,0.115869845487326,0.105155371858666,0.0937383234817225,0.103556034967341,0.200062598380916,43.538
"100971",0.0380378981558372,0.0136631768394946,0.104369162420891,0.0904062998021984,0.0339337585908869,0.0913601204177478,0,43.538
"100972",0.0809149449474273,0.0255766931790751,0.114268825474974,0.100150067296564,0.0717667263817855,0.0993451000376821,0.0540481069613526,43.538
"100973",0.107766918569748,0.0334592881453475,0.115869845487326,0.103963320058611,0.0976399584023738,0.102865461415236,0.169699877936412,43.538
"100974",0.067433590663505,0.0223573349176589,0.112032266953425,0.0978962319747343,0.0601337632341414,0.0975796414992911,0.0703740579909141,43.538
"100975",0.0425967084305084,0.0147571851260686,0.10727021105721,0.0930684082522181,0.0378284618963925,0.0936078293058009,0.0798731391089684,43.538
"100976",0.0052467650050526,0,0.0953511189871473,0.0811365073507146,0.00398993690227562,0.0838711384650283,0.0941667977967665,43.538
"100977",0.0842255263956427,0.0265766566921019,0.115869845487326,0.103171253421189,0.075442675516055,0.102121684499769,0.285114418465072,43.538
"100978",0.0234926970535881,0.00972602343665841,0.100535994614695,0.086655600619974,0.021957316555568,0.0886995989519074,0,43.538
"100979",2.45034945647886e-05,0,0.0883686035877064,0.0746191357059098,0,0.0781992753651448,0,43.538
"100980",0.000538776301181571,0,0.0901132277336191,0.0762209116045543,8.48103035176199e-05,0.0798401424969782,0,43.538
"100981",0.0259377177848491,0.00832125219712425,0.103498979939543,0.0892634810479499,0.0227978711262496,0.0904896592169017,0,43.538
"100982",0,0,0.0720341146807565,0.0582012786333242,0,0.0645864544311048,0,43.538
"100983",0,0,0.062317865441014,0.0478818184293703,0,0.0558801680128225,0,43.538
"100984",0,0,0.0789714126676299,0.0650849573667042,0,0.0706748015688309,0,43.538
"100985",0.0387216924178881,0.0153690017490782,0.103846403372431,0.0900375343005058,0.0357107649691438,0.0913704348250796,0.0973157420185509,43.797
"100986",0.0946593859022369,0.0304516461814763,0.115767192516568,0.101868596658676,0.0859610282222723,0.101122746042307,0.231813136554195,43.798
"100987",0.024109185545067,0.00844948532713169,0.0994468976429899,0.085633753784555,0.021468999726282,0.0874038650357112,0,43.798
"100988",0.0592567989127796,0.0208159004632805,0.108739864862653,0.0948381406181621,0.0533582743788874,0.0951085159631534,0,43.798
"100989",0.0652363528353112,0.0226216912462362,0.110391647987428,0.0964396185292892,0.0589298026644988,0.0965056652730952,0.0447074998236267,43.798
"100990",0.0472575023511669,0.0154359940653778,0.108106681027879,0.0938937035368414,0.0411871969640962,0.0940691712253376,0.00688050295625465,43.798
"100991",0.0823663830012466,0.0253935695542203,0.115869845487326,0.101822487111671,0.0726650955206535,0.100739308246847,0.136697776907718,43.798
"100992",0.00239997478873533,0,0.0938761372046332,0.0795427795763629,0.000916309653222001,0.082160453465872,0,43.798
"100993",0.0245064870622473,0.00423267293160347,0.107052364697419,0.0921915072907478,0.0199692720956712,0.0926562131221544,0,43.798
"100994",0.00368768354727009,0,0.0952960436956049,0.0809081876273985,0.00133322102874011,0.0827858290031348,0,43.798
"100995",0,0,0.0838697488183618,0.0694520861514874,0,0.0725914318977668,0,43.798
"100996",0,0,0.0910510488978347,0.0767271887284558,0,0.079649418061597,0,43.798
"100997",0.0376369967230946,0.0107831800162641,0.108229387225696,0.0936933780234466,0.0317090946692365,0.0937836076295092,0,43.798
"100998",0.00213529665961146,0,0.0939667440733174,0.0796241422602569,0.000406741790005326,0.0818945611771669,0,43.798
"100999",0,0,0.0730777586785172,0.0587856976108908,0,0.0642603217033797,0,43.798
"101000",0,0,0.0774096795904096,0.0632089150348573,0,0.0685457011387938,0,43.798
"101001",0,0,0.0559955778143797,0.0401874188873114,0,0.048833215729465,0,43.816
"101002",0,0,0.0641406804149871,0.0492089562640481,0,0.0561068320754759,0,43.84
"101003",0,0,0.0845418508477613,0.0708782744030611,0,0.075105980477534,0,44.058
"101004",0.0285353437295307,0.0116745321261097,0.100700424602942,0.08694875402765,0.0264369247179609,0.0888127456954503,0.0657566600717099,44.057
"101005",0.0458348259878617,0.017833494284731,0.105330603581096,0.0915440529797608,0.0422588520259172,0.0926270519856253,0.0712016580459644,44.057
"101006",0.0548617778511275,0.0201522785603562,0.10748235334892,0.0936457496542596,0.0499848827205753,0.0942611540431423,0.0123096296920134,44.057
"101007",0.0308351591678844,0.012407809311848,0.10120051306969,0.0874407250727388,0.0283540477492319,0.0891666463130666,0,44.057
"101008",0.070551003657041,0.0234073583493314,0.112777976128183,0.0986390285876649,0.0631720284765318,0.0982810034654292,0.162669693453906,44.057
"101009",0.171433337789402,0.0442819480807321,0.115869845487326,0.105155371858666,0.151714935175674,0.103556034967341,0.321877523513578,44.057
"101010",0.00586443708245572,0,0.0959641898454101,0.0816201587690759,0.00384596977568851,0.083897326521559,0,44.057
"101011",0.00254216398763412,0,0.0964466795597518,0.0817391937928553,0.000402487381567801,0.0836876775005448,0,44.057
"101012",0,0,0.0795601538965899,0.0650660521338531,0,0.068916522592742,0,44.057
"101013",0,0,0.0520106779315527,0.0344829929610092,0,0.0396915423317259,0,44.057
"101014",0,0,0.0789961631962278,0.0641543707066139,0,0.0683634932583465,0,44.057
"101015",0.113211563650167,0.0315495787330827,0.115869845487326,0.105155371858666,0.0988593347789407,0.103556034967341,0.135777523594525,44.057
"101016",0.0596097751646622,0.0179517536065202,0.113364798159385,0.0987813697133876,0.0512017442785656,0.0980050224859145,0.00598287050536592,44.057
"101017",0,0,0.0735370988708917,0.0589695964309471,0,0.0644792723375379,0,44.057
"101018",0,0,0.0785920883405956,0.064477111690297,0,0.0698346343390215,0,44.057
"101019",0,0,0.0638385432737286,0.0488670959973268,0,0.0563846053801596,0,44.057
"101020",0,0,0.0663191704752277,0.0515149493786748,0,0.0583862135769214,0,44.057
"101021",0,0,0.0778642124504274,0.0638454013940698,0,0.0693873817615377,0,44.063
"101022",0.00531784039315352,0,0.0927291443001862,0.0789212878551549,0.00496475503848248,0.0823585153071565,0,44.074
"101023",0.00575817046994944,0,0.0912600440783199,0.0776267963131265,0.00507136966884743,0.0809895775779736,0,44.28
"101024",0.017223868111413,0.00540340096429516,0.0973255843840378,0.0835194387391192,0.0154441720961908,0.085775763863535,0.0307237359890922,44.314
"101025",0.0525473657866557,0.0194214178604372,0.107464678859323,0.0936116460629833,0.0480238225981907,0.0942662041269514,0.164610309994985,44.314
"101026",0.0512264688129148,0.019261604554824,0.106938079327738,0.0930967416629604,0.0469695698774332,0.0938809439125702,0.108826556210647,44.314
"101027",0.0313342741870209,0.0119145894187925,0.102280230012604,0.0883809424005427,0.0283898081262231,0.0898605976158949,0.0362938697508903,44.314
"101028",0.020439118726435,0.00619157935331382,0.099716248511857,0.0856894416238369,0.0179020921593183,0.0875203560994276,0.0279431594647415,44.314
"101029",0.05028613777621,0.0177283259793754,0.10847540047865,0.0943536550351987,0.0450686202380127,0.0947535900476314,0.0869133536319522,44.314
"101030",0.0118689846793086,0,0.0993537593026104,0.0849140588135108,0.00873539393390994,0.086491876417994,0,44.314
"101031",0.0417518659295776,0.0116378625559943,0.109760647632522,0.095097106484058,0.0347270796359499,0.0949429510216169,0,44.314
"101032",0,0,0.0703587643982206,0.0552804557831829,0,0.0605203639756426,0,44.314
"101033",0,0,0,0,0,0,0,44.314
"101034",0,0,0.0823618304214346,0.0677577730103637,0,0.0717046253442307,0,44.314
"101035",0.00786504886229076,0,0.0955307609060781,0.0814315800310474,0.0061358772976982,0.0838260220726007,0,44.314
"101036",0.100981873728617,0.0284220494889927,0.115869845487326,0.105155371858666,0.0875606704654902,0.103556034967341,0,44.314
"101037",0.00112920220201752,0,0.0926642549309887,0.0784629836959806,0.000225035476478963,0.0814453100286226,0,44.314
"101038",0,0,0.0805718529293888,0.0662371925922595,0,0.0705687156901826,0,44.314
"101039",0,0,0.0842347903338543,0.070202912501128,0,0.0749704364380946,0,44.314
"101040",0,0,0.0629643554467319,0.0482436065524851,0,0.0556104524566815,0,44.314
"101041",0,0,0.0784159355213511,0.0646098021478346,0,0.0702002816772402,0,44.314
"101042",0,0,0.0866196287675229,0.0729327202136942,0,0.0773677429764195,0,44.321
"101043",0.00579709844856928,0.000809234955121661,0.0888438857650807,0.0756530656807876,0.00602121844127731,0.07970231922648,0,44.336
"101044",0.00221721806492362,0,0.0852653451413652,0.0722663695363053,0.0025177720544504,0.0769479730388057,0,44.338
"101045",0.0270227870252895,0.0100115306689279,0.10082047275858,0.0869786593939211,0.024411717486779,0.0886439454421788,0.0953411969006613,44.546
"101046",0.0246108397174193,0.00815455816366867,0.100657257733076,0.0867114437727799,0.0217241643643815,0.0882912612869687,0.0743565194300253,44.571
"101047",0.0592046666687704,0.0206196582843174,0.109606173014138,0.0956410781647113,0.0533640991360087,0.095813874923162,0.210313998060761,44.571
"101048",0.0289522403290064,0.0108826363934183,0.101591260181725,0.0876975021053623,0.0261798581845053,0.0892671444314294,0.0177321245516464,44.571
"101049",0.0240136188348604,0.00920866458093002,0.0999022634126733,0.0860481406813092,0.0219088835003889,0.087991562114322,0,44.571
"101050",0.00593650264052891,0,0.0920669492980989,0.0783360605418733,0.0050715535586502,0.0815379184840888,0,44.571
"101051",0.018003371079216,0.00105240874894804,0.102009927970552,0.0875528436090597,0.0142899788697704,0.0887334308032314,0,44.571
"101052",0.0740646122761388,0.022637754089356,0.115869845487326,0.101511024905073,0.0644763439997457,0.10047091365103,0.0458012126874551,44.571
"101053",0.0357919736059422,0.0106504698007258,0.107353609008349,0.0928726152918375,0.0304941425820149,0.0932284885855751,0.0104538045095338,44.571
"101054",0.00590238715913153,0,0.0944469684395755,0.0804138452683268,0.00362628432673332,0.0824984256155956,0,44.571
"101055",0.00130921516736322,0,0.0931911742898273,0.0788995858302753,0,0.0811047558708653,0,44.571
"101056",0.00302216004226431,0,0.0930403726830078,0.0789292453568454,0.00163720089286198,0.0816812308259277,0,44.571
"101057",0.0103387326020555,0,0.0994609899045716,0.0850141824899423,0.00790609107232541,0.086760144989992,0,44.571
"101058",0.0530014496469763,0.0176564401042106,0.111121342790185,0.0967572284716835,0.0470302635567473,0.0966476766684744,0.100317576356189,44.571
"101059",0.00775171888726553,0,0.0964506685555288,0.0822660493432621,0.00616075144709362,0.0846302510212239,0,44.571
"101060",0.008787008321444,0,0.0962654589867412,0.0821840128372165,0.00741752233295879,0.0846570890220643,0,44.571
"101061",0,0,0.0835035852374611,0.0695438779429528,0,0.0740621272589681,0,44.571
"101062",0,0,0.079583123253583,0.0657792904434868,0,0.0710704203175438,0,44.571
"101063",0,0,0.0650365330878719,0.0511405711997242,0,0.0587900531997989,0,44.571
"101064",0.00399851958976899,0,0.0885850597588618,0.0752829494281461,0.00403556095534357,0.079314975740194,0,44.575
"101065",0,0,0.0822484284218544,0.0691781542314431,0,0.0740724618656611,0,44.576
"101066",0.00392944839724456,0,0.0858172229144943,0.0728813103990722,0.00412622830012094,0.0772803065831233,0,44.579
"101067",0.0170934123207115,0.00742022092764719,0.0930660797307992,0.0798868753530145,0.0161369329442326,0.08284702022811,0,44.605
"101068",0.0141182272556115,0.000889789920553697,0.0971093620374336,0.083126258305777,0.0116900464685841,0.0851301752606318,0,44.787
"101069",0.00633958392424098,0,0.0939787091292791,0.0799436718350722,0.00435653069673432,0.0823434710492744,0,44.826
"101070",0.00704304678498895,0,0.0942265462194666,0.0802133886287438,0.00507778918888328,0.0826071423241147,0,44.826
"101071",0.0139305669311652,0.00350784850070276,0.0956820330488876,0.0819255611310992,0.0124108837814069,0.0844405721291705,0,44.826
"101072",0.00352636582035223,0,0.0892381765682194,0.0757208970782747,0.00307197783454588,0.0794540893036407,0,44.826
"101073",0.052186767878985,0.0174703449472359,0.110174525292193,0.0959065914886923,0.0461363400366276,0.0959484460100455,0.135721126003454,44.826
"101074",0.0105507484136904,0,0.098683885360499,0.0842908114042435,0.00795159551073431,0.0861879940946552,0,44.826
"101075",0.035033023241208,0.0110647485278419,0.105871955549704,0.0915680155286794,0.0301551628088281,0.0921804258365009,0,44.826
"101076",0.0348091581034344,0.00897907165269946,0.106885310767146,0.0924461357736051,0.0287328287397717,0.092517809114169,0,44.826
"101077",0,0,0.087953821144529,0.0735789891251565,0,0.0762089574963039,0,44.826
"101078",0.0235946571732593,0.00369457735984151,0.103079382096226,0.0886783512687149,0.0187201256741158,0.0893876093877561,0,44.826
"101079",0.0255315047196871,0.00426192899742359,0.104964430666416,0.0903977423122613,0.0203749358814484,0.0908256697271214,0,44.826
"101080",0.0169119139494137,0,0.10107836719123,0.0866853964339091,0.0132745097274706,0.0878586358560129,0,44.826
"101081",0.121325704744641,0.033467801493194,0.115869845487326,0.105155371858666,0.10640648452064,0.103556034967341,0.233507820838343,44.826
"101082",0.042271116452034,0.0149564188101342,0.10715172025497,0.0929810151489153,0.0378918142136909,0.0935842734852695,0.0147991456910339,44.826
"101083",0,0,0.0829565074641279,0.0691852270713165,0,0.0734606160744393,0,44.826
"101084",0,0,0.0845679472480372,0.0707255846264693,0,0.0749697380700781,0,44.826
"101085",0,0,0.0784735205542017,0.064599125482661,0,0.069657530709778,0,44.826
"101086",0.00773765228735593,0,0.0924583409627585,0.0788586809281625,0.00721104325129969,0.082124380856536,0,44.826
"101087",0.00287925984782324,0,0.0876705335387102,0.0743618767482053,0.00255310944966249,0.0782768188454979,0,44.826
"101088",0.00584450835677702,0,0.0888772556463204,0.0756133248958296,0.00526876135397319,0.079193575529161,0,44.826
"101089",0.0241861646139621,0.0106249268821279,0.0968430629502942,0.0834362881196311,0.0227050859167556,0.0858775791232269,0,44.826
"101090",0.0426130419939765,0.0171286677099103,0.1027062058649,0.0891382113661977,0.0393466143195485,0.0905895285880035,0,44.827
"101091",0.0273992672304701,0.00484469513736335,0.105743377065212,0.0911338960637519,0.0218186918528399,0.0913968543331206,0,45.076
"101092",0.0137705558287055,0,0.0972523699770256,0.0832319274865632,0.0109076016416441,0.0849893526754935,0,45.081
"101093",0.0301360161228033,0.00894049181597053,0.102613622989125,0.0885808545388619,0.0257184720954647,0.0894759805022092,0,45.081
"101094",0.128391402274802,0.0348675923237317,0.115869845487326,0.105155371858666,0.112542417688763,0.103556034967341,0.259174938967647,45.081
"101095",0.0229650170202598,0.00766695197328272,0.100596190499532,0.0866015825744905,0.0204825396371172,0.0882783200779811,0,45.081
"101096",0.00846660074574553,0,0.0945611613704547,0.0806576701379498,0.00708895715976535,0.0832982255638559,0,45.081
"101097",0.00123479874562307,0,0.0898150435194904,0.0759803737086113,0.000421951519305096,0.0793079010737103,0,45.081
"101098",0.0150541562750403,0.00474821922201728,0.0967261883517748,0.0829128502331351,0.0137573640404804,0.0854084761456054,0,45.081
"101099",0.0159946559595023,0.00595458384882406,0.0953154785784231,0.08174248266076,0.0148245463241338,0.0844178226178099,0,45.081
"101100",0.00909536689603214,0,0.0918642048354605,0.0783551584192165,0.00788863038851888,0.08132050420609,0,45.081
"101101",0.0100232226796469,0.00076731346150838,0.092450742511236,0.0789115487776246,0.00885009719531377,0.0818700051281888,0,45.081
"101102",0.00980479705354072,0,0.0924362944926439,0.0788505599720117,0.00846651655146206,0.0817987835742195,0,45.065
"101103",0.0680824242766866,0.0218452288565241,0.112112241391242,0.0979552366589401,0.0600262665542252,0.0974413758053088,0,45.326
"101104",0.0223885607587406,0.0054723060227927,0.100984457804496,0.086860172899625,0.018942534896901,0.088149154654999,0,45.334
"101105",0.00831733279058824,0,0.0946970771799724,0.0807433203349665,0.00668877735033634,0.0832241757247228,0,45.334
"101106",0.0446706194949265,0.0166074737515198,0.106530836959762,0.0925299739192571,0.0406521749494731,0.0933324064842732,0.0370013137572744,45.334
"101107",0.0265498367379812,0.009757459834773,0.101340617528839,0.0873925340869673,0.0239849533720354,0.0890097515517205,0,45.334
"101108",0.0180885720453361,0.00486695355552524,0.098542156538972,0.0845863087828111,0.0158020367451192,0.0865187322707873,0,45.334
"101109",0.0232331834809842,0.00793834764841207,0.0994959618624647,0.0856265176162631,0.020641264348247,0.0874016067614265,0,45.334
"101110",0.0197185307806032,0.00663932169822129,0.0972480495463775,0.0835336014932766,0.0175783015493807,0.0856630958674833,0,45.334
"101111",0.00647611548275471,0,0.0914639318130754,0.0778061106151116,0.00510068470992091,0.0807383295917383,0,45.334
"101112",0.04007374777115,0.0147972317800551,0.104182204673731,0.0903271669975565,0.0361176936513218,0.0913394154859341,0,45.563
"101113",0.0237447842478302,0.00703293216103108,0.100900558897594,0.0868588076927004,0.0206174208040968,0.088285281687179,0,45.586
"101114",0.000237730514357631,0,0.0896887613936523,0.0756679853567345,0,0.0786065269116109,0,45.586
"101115",0.0380819801544893,0.0132908034682251,0.104824543346642,0.0907894338784497,0.0337684627793319,0.0916200280238835,0,45.586
"101116",0.0717686328016651,0.0235554342614934,0.112989481323947,0.098832925608063,0.064111138954761,0.0983673591367381,0.0679342600299498,45.586
"101117",0.0177446417068167,0.00490593251416919,0.0978719881728555,0.0839840166244259,0.0155474179213338,0.0860171587034221,0,45.586
"101118",0.0177162267977174,0.0040166094943843,0.0980445007742066,0.0841076818802768,0.0151062446449411,0.0859672616644447,0,45.586
"101119",0.0129669273795149,0,0.0958444226018452,0.0819501905524115,0.0104633685437643,0.0839993701275458,0,45.586
"101120",0.00514757041311979,0,0.0914358163484091,0.0776569825207692,0.00340541325385497,0.0803457999378984,0,45.559
"101121",0.052811496317428,0.0185615975407693,0.108147857002116,0.0941430640305942,0.0474102842021037,0.0944982273848055,0.0226412083326455,45.824
"101122",0.0230792233000774,0.00518870601953032,0.101010385771553,0.0868809105268737,0.0191587437425535,0.0880238126893961,0,45.837
"101123",0.0221545208276074,0.00564128851453181,0.0997210890805834,0.0857430529552805,0.0187330083170318,0.0871686305203804,0,45.837
"101124",0.0595748845258393,0.0193483722792121,0.110507559944085,0.0963003708216047,0.0522688772150695,0.0960583730509282,0,45.837
"101125",0.0696926782465085,0.0234880296072956,0.112071475135682,0.0979957867107438,0.0626873409115487,0.097767154070537,0.0864945189295101,45.837
"101126",0.024176049916235,0.00834476498289715,0.0999377437941372,0.0860532828834579,0.0214847354364449,0.087763692401498,0,45.837
"101127",0.0121083794034642,0,0.0956435348965256,0.0817330096955122,0.00965035145012944,0.083810368387335,0,45.837
"101128",0.0346925689333479,0.0119619839620896,0.102703937103605,0.0888327856582067,0.0305183638371304,0.0898693643132848,0,46.082
"101129",0.0281876198006341,0.00949097178794462,0.100661749756454,0.0868322475103891,0.0247310510408781,0.0882171030511066,0,46.086
"101130",0.0209554039972011,0.00563086138425357,0.0986912773154481,0.0848151930761495,0.0179279622635275,0.086465259579655,0,46.086
"101131",0.0301455325873317,0.00970741707609226,0.101845529498084,0.0878956445489262,0.0261026081787932,0.0890190693331219,0,46.086
"101132",0.045593893338915,0.0170824467173603,0.105767797186659,0.0918747105477389,0.0414647717954085,0.0927605706388761,0,46.086
"101133",0.0399415473046639,0.0169811210527412,0.103075436189392,0.0894259367412638,0.0377329177970958,0.0910894646383946,0,46.086
"101134",0.00566828422749432,0,0.0898125300957398,0.076379690191124,0.00510625094068575,0.0799195698158954,0,46.086
"101135",0.0153302808023464,0.00246239056513577,0.0949566276282646,0.0813440771716436,0.0128519013364742,0.0834543189877512,0,46.335
"101136",0.0120879869579768,0,0.0944957471352781,0.0807429900967051,0.0095138151336799,0.0828271167914787,0,46.335
"101137",0.0255904186929226,0.00791839045326317,0.10020003063147,0.0863075039435633,0.0220996359809169,0.0877146004088686,0,46.335
"101138",0.0294831148707211,0.0112311244897887,0.101019901629915,0.0872173068148911,0.0267052729024499,0.0888280512599705,0,46.335
"101139",0.0203095559681891,0.00916807909278709,0.096674887767346,0.0831380133989519,0.019394998666729,0.0857918164068265,0,46.335
"101140",0.0230225528873915,0.00888379439101947,0.0988578769482083,0.0851108402138172,0.0210588765879118,0.0871640116828933,0,46.335
"101141",0.00721555533204512,0,0.0907682585502558,0.0772504922163071,0.00514534086941167,0.0797717637986124,0,46.58
"101142",0,0,0.0805681816420496,0.0673558949162082,0,0.0712055133311381,0,46.583
"101143",0.024307427814166,0.00882984683616835,0.0983651015049103,0.0847132958996963,0.0217646397831349,0.086602107175319,0,46.583
"101144",0.030606743047971,0.0117388127793012,0.101118110233351,0.0873495082870141,0.0277571237519221,0.0889321408857631,0,46.583
"101145",0.014317345494792,0.00200265860000747,0.0965053447585877,0.0826367120803139,0.0121491809255575,0.0847722465871883,0,46.583
"101146",0.0139999961431257,0.0025755527327309,0.0966831343192855,0.0828049626544403,0.0122000301041672,0.0850716752748908,0,46.583
"101147",0.0188839006371939,0.00291248503147212,0.0973000735847637,0.0834850921642474,0.0152723554340869,0.0849989888092509,0,46.803
"101148",0.00879331970022871,0,0.0923904640121485,0.0787255404217909,0.006353321396645,0.0809758245234196,0,46.829
"101149",0.0229301363586418,0.00829990017885169,0.0976528495490426,0.0840441834769893,0.0205491796327351,0.0860454384800509,0,46.829
"101150",0.0254881137670894,0.0114761804697533,0.0980140754827062,0.0845148342268879,0.0241992888249337,0.0869054396791232,0,46.829
"101151",0.0152034994782013,0.0050649497441037,0.0958066605784201,0.0821266643855098,0.0139380658555883,0.0847126230332693,0,46.829
"101152",0.0134082134846857,0.00201290953987442,0.0963199897258518,0.0824623975747548,0.0116157413007192,0.0847566354544311,0,46.829
"101153",0.0147711844479177,0.00198634831725054,0.0944973654018414,0.0809095069130376,0.0122917043181407,0.0830612859516255,0,47.061
"101154",0.000385047100148165,0,0.0851938800074223,0.0718228532842838,0,0.0751217791181019,0,47.074
"101155",0.0132648479350718,0.00553105867269319,0.0925018355819224,0.0791944308791568,0.0127247638874965,0.0824092238742238,0,47.073
"101156",0.0103834178809616,0,0.0934824987851499,0.0798270394105098,0.0088099640870613,0.082466320567857,0,47.074
"101157",0.00782889733354658,0,0.0918544766691169,0.0782682449228059,0.00638457279756732,0.0810901413577378,0,47.07
"101158",0.0252743437514688,0.00804115269665006,0.0989338907658938,0.0852129475740516,0.0218893470559764,0.0867551431806829,0,47.309
